Nama Restoran,Nama,Pengguna Gojek Sejak,Rating,Ulasan,Produk yang Dibeli,Tanggal Beli,Waktu Scraping
"DIMSUM MBLEDOS, Merr",Faris Alkaula,28 Oktober 2019,4.0,sumpit sama spicy cheese dan mayo nya ketinggalan. cuma dikasih sendok untuk makan mie nya,Mie Lamian Kaldu Ayam - Dimsum Siomay Beef,1 Juli 2025,2025-07-04 21:22:55
"DIMSUM MBLEDOS, Merr",Rafa,18 September 2020,1.0,chili oilny gk ada. kecewa jd gk enk dimsumny kurng lengkap,Dimsum Mentai/Hampers,23 Juni 2025,2025-07-04 21:22:55
"DIMSUM MBLEDOS, Merr",afifatun nikmah,21 Oktober 2018,5.0,"driver baik ,sabar",BUY 1 GET 1 All Dimsum (Jam 22:00-23:00),17 Mei 2025,2025-07-04 21:22:55
"DIMSUM MBLEDOS, Merr",Nowo Aprilianto,10 Mei 2016,1.0,Saya pesan 5 item. Dikirimnya cuma 4 item.,Diskon 50 Persen All Dimsum (Jam 06:00-07:00),16 Mei 2025,2025-07-04 21:22:55
"DIMSUM MBLEDOS, Merr",T****,23 April 2019,3.0,saus cheese nya kurang bgt.....,Dimsum Surf Roll - Dimsum Siomay Ayam Udang - Dimsum KuoTie/Wonton/Gyoza - Dimsum Siomay Mozarella,1 Mei 2025,2025-07-04 21:22:55
"DIMSUM MBLEDOS, Merr",Angelaaa✨,13 Juli 2020,5.0,"Pelayanan memuaskan, buburnya gurih semua pas sesuai pesanan",Peach Gum - Dimsum Siomay Ayam Udang - Dimsum Keichak - Bubur Ayam Jamur,23 April 2025,2025-07-04 21:22:55
"DIMSUM MBLEDOS, Merr",bia,6 Juli 2017,5.0,"udah lama langganan di mbledos, dari dulu favorit bgt yang siplomay ayam udang & lumpia kulit tahu the besttt 👍👍👍",Dimsum Siomay Ayam Udang - Dimsum Lumpia Kulit Tahu,23 April 2025,2025-07-04 21:22:55
"DIMSUM MBLEDOS, Merr",hilya,17 Agustus 2023,5.0,"Lengkap semua orderanku, rasanya juga enak-enak semua ga ada yang zonk.",Bubur Ayam Jamur - Mie Lamian Malatang - Dimsum Bakpao Ayam - Dimsum Mantao,23 April 2025,2025-07-04 21:22:55
"DIMSUM MBLEDOS, Merr",A**** S****,12 Juni 2021,5.0,"enak polll dimsumnya dan banyak juga variantnya, bakal jadi langganan terus🤤",Dimsum Siomay Ayam Udang - Dimsum Lumpia Kulit Tahu - Dimsum KuoTie/Wonton/Gyoza,23 April 2025,2025-07-04 21:22:55
"DIMSUM MBLEDOS, Merr",Sarah nailla ulfa,20 Juni 2016,5.0,Setiap pagi selalu order yang promo 50% enak2 semua dimsumnya,Diskon 50 Persen All Dimsum (Jam 06:00-07:00),23 April 2025,2025-07-04 21:22:55
"DIMSUM MBLEDOS, Merr",Firman,23 Juni 2021,5.0,Pertama kali coba karna direkomendasiin temen. ENAK BANGETTT DIMSUM MBLEDOSS,Dimsum Keichak - Dimsum Hakau - Dimsum Ceker - Dimsum KuoTie/Wonton/Gyoza,23 April 2025,2025-07-04 21:22:55
"DIMSUM MBLEDOS, Merr",Angga Ferry Ferdian,20 November 2019,5.0,Bakpao ayam isi ayam chasio mantap bgt recommended. Lamian malatang.nya juaraa. bakal jadi langganan 🤩🤩,Dimsum Bakpao Ayam - Mie Lamian Malatang,23 April 2025,2025-07-04 21:22:55
"DIMSUM MBLEDOS, Merr",A Overzya Dhea S,20 Juli 2016,5.0,Pelayanannya cepat dan pesanan sesuai,Dimsum Mantao - Dimsum Bakpao Ayam - Dimsum KuoTie/Wonton/Gyoza - Dimsum Ceker - Dimsum Hakau - Dimsum Keichak - Dimsum Lumpia Kulit Tahu - Dimsum Siomay Ayam Udang,23 April 2025,2025-07-04 21:22:55
"DIMSUM MBLEDOS, Merr",Veronika Prayogo,30 Juli 2017,2.0,"beli 10 box tapi cuma dikasih mayones 3, Pelit amat sama mayones ya",Diskon 50 Persen All Dimsum (Jam 06:00-07:00) - Diskon 50 Persen All Dimsum (Jam 06:00-07:00) - Diskon 50 Persen All Dimsum (Jam 06:00-07:00),23 April 2025,2025-07-04 21:22:55
"DIMSUM MBLEDOS, Merr",I**,18 Desember 2015,5.0,Kualitas rasa top makanannya enak2,Dimsum Mentai/Hampers,7 April 2025,2025-07-04 21:22:55
"DIMSUM MBLEDOS, Merr",I**,18 Desember 2015,5.0,Enak banget semua top kualitas rasanya,Bubur Polos - Bubur Ayam,10 April 2025,2025-07-04 21:22:55
"DIMSUM MBLEDOS, Merr",Della Adelia,3 Maret 2016,3.0,"Kecewa sih jauh jauh dari jogja pesen karena yang utama mau coba dimsumnya, tapi malah yang dikirim hakau 2 pack dan dimsumnya sama sekali ngga ada.",Dimsum Siomay Ayam Udang - Dimsum Hakau - Bubur Polos - Dimsum Mantao,14 April 2025,2025-07-04 21:22:55
"DIMSUM MBLEDOS, Merr",Njoman Mardi,7 Juni 2017,1.0,"kacau, ngawur semua pegawainya",Bubur Polos - Diskon 50 Persen All Dimsum (Jam 06:00-08:00),7 April 2025,2025-07-04 21:22:55
"DIMSUM MBLEDOS, Merr",Njoman Mardi,7 Juni 2017,1.0,"item yg di beli tidak sesuai, sy minta dimsum bakpao ayam tapi yg datang dimsum bakpao pasir mas, dan ini sudah 2x begini
sebelumnya saya pesan bubur polos dan itu sering krn istri sy suka, tp 1x tidak ada bumbu blas alias bubur tawar
ngawur atau bagaimana anda2 ini bekerja????",Bubur Polos - Dimsum Bakpao Ayam - Dimsum Mantao,10 April 2025,2025-07-04 21:22:55
"DIMSUM MBLEDOS, Merr",Clara Cynthia W,25 Februari 2018,2.0,lama banget. super lama,BUY 1 GET 1 All Dimsum (Jam 22:00-23:00) - BUY 1 GET 1 All Dimsum (Jam 22:00-23:00) - BUY 1 GET 1 All Dimsum (Jam 22:00-23:00),26 Maret 2025,2025-07-04 21:22:55
"DIMSUM MBLEDOS, Merr",Vivian,6 Desember 2017,5.0,tolong lebih diperhatikan lagi pesannya spy ga salah atau kurang kirim,Dimsum Siomay Ayam Udang - Dimsum Siomay Ayam Udang,27 Maret 2025,2025-07-04 21:22:55
"DIMSUM MBLEDOS, Merr",A***** S***,29 Desember 2018,3.0,"baru kali ini kecewa, padahal selalu langganan beli dimsum mentainya. pertama ga dapet sumpit, trus dimsumnya kecil” udah ga kaya biasanya yang gede full daging. ngetorch nya pun asal” an jadi ga merata ada yang gosong ada yang ngga",Dimsum Mentai/Hampers,13 Januari 2025,2025-07-04 21:22:55
"DIMSUM MBLEDOS, Merr",Zahra,2 Mei 2021,5.0,Keren sih ini enak banget!,Dimsum Mentai/Hampers,30 Desember 2024,2025-07-04 21:22:55
"DIMSUM MBLEDOS, Merr",I** Z****,8 Februari 2022,1.0,"Astagaa pesen 16 porsi chili oil dikasi cuma satu biji, spicy cheese 1 yang bener aja kak hampa banget saya makan udah notes minta dibanyakinn. YAALLAH UDAH NUNGGUIN LAMAAAA TP GA SESUAI 16 PORSI LO KAK PELIT BANGETTTTTT CHILI OIL DOANG SEBEL",BUY 1 GET 1 All Dimsum (Jam 22.00-23.00) - BUY 1 GET 1 All Dimsum (Jam 22.00-23.00) - BUY 1 GET 1 All Dimsum (Jam 22.00-23.00) - BUY 1 GET 1 All Dimsum (Jam 22.00-23.00),12 Desember 2024,2025-07-04 21:22:55
"DIMSUM MBLEDOS, Merr",joe yonatahan,4 Februari 2018,5.0,mantul..mantap betul ..Joss 👍🙏,Dimsum Lumpia Kulit Tahu - Dimsum Siomay Crab - Dimsum KuoTie/Wonton/Gyoza - Dimsum Ceker - Dimsum Hakau - Dimsum Swekiau - Dimsum Bakpao Pasir Emas - Dimsum Ekado/Money Bag - Dimsum Ayam Kepiting,8 Desember 2024,2025-07-04 21:22:55
"DIMSUM MBLEDOS, Merr",arista syfa,29 Desember 2018,5.0,"best dimsum mentai di sby, selalu langganan dari harga masi 149 jadi 160 an skrng. chilli oil bestt konsisten rasanya dapet 2 varian",Dimsum Mentai/Hampers,6 Desember 2024,2025-07-04 21:22:55
"DIMSUM MBLEDOS, Merr",Hamba Allah,21 Desember 2019,5.0,"ini memang tidak dapat Chili oil? karena pada saat order pertama , saya dapat namun yang kedua ini tidak dapat Chili oil. over all enak banget dimsumnya",Dimsum Mentai/Hampers,5 Desember 2024,2025-07-04 21:22:55
"DIMSUM MBLEDOS, Merr",F***,29 September 2020,5.0,mantap sukses selalu,Dimsum Mentai/Hampers,5 Oktober 2024,2025-07-04 21:22:55
"DIMSUM MBLEDOS, Merr",Hanna,15 Oktober 2020,3.0,Ini sih rasanya lebih ke “spicy mayo” bukan mentai 🤣,Dimsum Mentai/Hampers,23 November 2024,2025-07-04 21:22:55
"DIMSUM MBLEDOS, Merr",ihya,30 Juni 2017,5.0,"enak poll, pengirimannya cepat",Dimsum Mentai/Hampers,24 November 2024,2025-07-04 21:22:55
"DIMSUM MBLEDOS, Merr",F*** K*******,1 Juli 2017,1.0,"Rasanya kurang enak, kurang pas",Dimsum Siomay Ayam Udang - Dimsum Ceker - Peach Gum,16 November 2024,2025-07-04 21:22:55
"DIMSUM MBLEDOS, Merr",arlina,24 Juli 2017,3.0,"1. resto lama, driver cepet, 2. order ada dimsum pake saus spicy cheese yang dateng chili oil semua",Dimsum Siomay Ayam Udang - Dimsum Hakau - Dimsum Mantao - Dimsum Siomay Ayam Udang,1 November 2024,2025-07-04 21:22:55
"DIMSUM MBLEDOS, Merr",J****,24 Februari 2018,3.0,DIMSUM NYA KOK KECIL BANGET mau kasih fotonya tapi gak bisa send poto di review ini :),Dimsum Hakau - Dimsum Siomay Salmon - Dimsum Lumpia Kulit Tahu,19 Oktober 2024,2025-07-04 21:22:55
"DIMSUM MBLEDOS, Merr",M*** K**********,14 Juni 2016,3.0,"Tolong lebih teliti makanan yg mau dikirim, malam ini saya pesan makanan salah satunya adalah bola naga dan sdh dibayar, namun menu bola naga tsb tdk ada dalam kirimannya( shrsnya 9 item yg dikirim tp yg datang ada 8 item)",BUY 1 GET 1 All Dimsum (Jam 22.00-23.00) - BUY 1 GET 1 All Dimsum (Jam 22.00-23.00) - BUY 1 GET 1 All Dimsum (Jam 22.00-23.00) - BUY 1 GET 1 All Dimsum (Jam 22.00-23.00) - Dimsum Bola Naga,15 Oktober 2024,2025-07-04 21:22:55
"DIMSUM MBLEDOS, Merr",Ini Tyas ya,16 Januari 2022,3.0,kadang yg diterima tidak sesuai pesanan.....,Diskon 50 Persen All Dimsum,25 September 2024,2025-07-04 21:22:55
"DIMSUM MBLEDOS, Merr",Oktavia rosdiana,19 Juni 2021,5.0,rasanya mantull 👍😁,Buy 1 Get 1,19 September 2024,2025-07-04 21:22:55
"DIMSUM MBLEDOS, Merr",hudan,28 September 2016,5.0,"nasi goreng gak berminyak bukan nasi goreng, nasigoreng gak kering bukan nasi goreng, nasi goreng gak sangit bukan nasi goreng, terima kasih ya... makanannya enak2 semua👍👍👍👍👍",Nasi Goreng Hongkong Ayam,18 September 2024,2025-07-04 21:22:55
"DIMSUM MBLEDOS, Merr",Gresela,9 Mei 2024,5.0,"Rasanya enak tapi ini kalau buat aku sausnya kepedesan, tapi enak kok",Dimsum Mentai/Hampers,16 September 2024,2025-07-04 21:22:55
"DIMSUM MBLEDOS, Merr",Rizqel Fatihah,17 Agustus 2024,2.0,chilli oil were spoiled,Dimsum Udang Keju - Dimsum Hakau - Bubur Ayam - Dimsum Bakpao Pasir Emas - Dimsum KuoTie/Wonton/Gyoza,9 September 2024,2025-07-04 21:22:55
"DIMSUM MBLEDOS, Merr",BuDew,30 Juni 2017,5.0,Enaaaak bangeeet…wajib cobain,Diskon 50 Persen All Dimsum,3 September 2024,2025-07-04 21:22:55
"DIMSUM MBLEDOS, Merr",mfmarcelino,4 September 2017,1.0,numplek kabeh bos dimsume,Dimsum Mentai/Hampers,2 September 2024,2025-07-04 21:22:55
"DIMSUM MBLEDOS, Merr",I***** S******* M******,6 Juli 2017,3.0,ga bisa req banyakin sayur👎🏻,Dimsum Kuah,1 September 2024,2025-07-04 21:22:55
"DIMSUM MBLEDOS, Merr",Andi harto,3 Maret 2019,5.0,"chili oil nya gak ada hmmm....
.",Diskon 50 Persen All Dimsum,23 Agustus 2024,2025-07-04 21:22:55
"DIMSUM MBLEDOS, Merr",S****** A*******,11 September 2015,4.0,Mayonya coba pake merk kewpie. Yang ini menurutku terlalu asam,Dimsum Mentai/Hampers,6 Agustus 2024,2025-07-04 21:22:55
"DIMSUM MBLEDOS, Merr",Y****,24 November 2021,5.0,"semua enak....cuman kmrn ndak dikasih chili oil, terimakasih.... 
sayang di malang belum ada...",Diskon 50 Persen All Dimsum,27 Juni 2024,2025-07-04 21:22:55
"DIMSUM MBLEDOS, Merr",D**** H***** P********,21 Juli 2017,5.0,"plis ini enak bangett, tiap pagi ambil promo harga setengah demi bisa mukbang dimsum yg super duper luvv 🥰",Diskon 50 Persen All Dimsum,24 Juni 2024,2025-07-04 21:22:55
"DIMSUM MBLEDOS, Merr",Puguh Ardhiwibowo,2 Desember 2016,1.0,"maaf kepencet,harus nya rating 5",Diskon 50 Persen All Dimsum - Diskon 50 Persen All Dimsum - Diskon 50 Persen All Dimsum - Diskon 50 Persen All Dimsum - Diskon 50 Persen All Dimsum,26 Juni 2024,2025-07-04 21:22:55
"DIMSUM MBLEDOS, Merr",Riyan,1 Februari 2021,3.0,"Untuk rasanya dimsumnya daging nya kurang berasa, rasanya flat , cuma berasa di saous mentainya aja, untuk rasa aku kasih nilai 6,5/10 . untuk kemasannya bagus mnrt q,",Dimsum Mentai/Hampers,17 Juni 2024,2025-07-04 21:22:55
"DIMSUM MBLEDOS, Merr",J****,20 April 2023,4.0,"Udang keju dan siomay enak. hakaunya b aja. Terlalu tebal kulitny, isiny tidak terasa",Dimsum Hakau - Dimsum Siomay Salmon - Dimsum Udang Keju,17 Juni 2024,2025-07-04 21:22:55
"DIMSUM MBLEDOS, Merr",I***,21 Oktober 2018,4.0,"kuah kurang panas, prosesnya jg lama kasihan driver nya, next time ditahan dulu orderannya drpd numpuk ga ke handle",Mie Lamian Ayam Minyak Cabe - Buy 1 Get 1,16 Juni 2024,2025-07-04 21:22:55
"DIMSUM MBLEDOS, Merr",Ch Sri Haryati,19 Juni 2017,3.0,"sayang terlalu mazhal u aku..
penasaran duank gpp..hehehehe",Dimsum Hakau - Dimsum Siomay Salmon - Dimsum Siomay Mozarella - Dimsum Mantao,9 Juni 2024,2025-07-04 21:22:55
"DIMSUM MBLEDOS, Merr",Andi harto,3 Maret 2019,3.0,di note minta chili oil tapi gak di beri.lain kali lebih teliti ya,Diskon 50 Persen All Dimsum,11 Juni 2024,2025-07-04 21:22:55
"DIMSUM MBLEDOS, Merr",Melyana,17 Juli 2017,5.0,"rasa sdh pasti enakkk 😋😋
belinya pas promo, jd murah deh..",Diskon 50 Persen All Dimsum,8 Juni 2024,2025-07-04 21:22:55
"DIMSUM MBLEDOS, Merr",Oktavia Budi Suryani,12 Februari 2019,5.0,Enak banget gurih,Buy 1 Get 1 - Buy 1 Get 1,24 Mei 2024,2025-07-04 21:22:55
"DIMSUM MBLEDOS, Merr",L**** C*,27 Agustus 2015,5.0,enakkk as usual.. cm skrg tmbh kecilkan ukuran nya heheheee .. mayo pedas nya da besttttt,Buy 1 Get 1 - Buy 1 Get 1 - Buy 1 Get 1,23 Mei 2024,2025-07-04 21:22:55
"DIMSUM MBLEDOS, Merr",Andi harto,3 Maret 2019,5.0,uenak......no debat,Buy 1 Get 1,23 Mei 2024,2025-07-04 21:22:55
"DIMSUM MBLEDOS, Merr",satriya,17 April 2016,5.0,"mantap, semoga dipertahankan",Buy 1 Get 1 - Buy 1 Get 1,8 Mei 2024,2025-07-04 21:22:55
"DIMSUM MBLEDOS, Merr",andre,9 April 2016,5.0,tulisan nya 2 porsi yang datang 1 entah digabung ato gmna ya?,Dimsum Kuah,4 Mei 2024,2025-07-04 21:22:55
"DIMSUM MBLEDOS, Merr",L*** S******,27 Juli 2015,5.0,"Dimsum terjangkau disaat subuh jam 6-7 , cocok buat sarapan.",Diskon 50 Persen All Dimsum - Diskon 50 Persen All Dimsum - Diskon 50 Persen All Dimsum - Diskon 50 Persen All Dimsum - Diskon 50 Persen All Dimsum,23 April 2024,2025-07-04 21:22:55
"DIMSUM MBLEDOS, Merr",NieL,31 Maret 2019,1.0,pesan 14 menu ga isa di pilih jd terpaksa ditulis di notes tp ga dibaca notesnya masa dikirim 14 menu sama semua parah buang2 uang ga bakal beli lg pelayanannya parah harga mahal,Buy 1 Get 1,3 April 2024,2025-07-04 21:22:55
"DIMSUM MBLEDOS, Merr",Bunga Krisna,7 November 2019,4.0,Mantap enak anak saya suka bangett,Dimsum Siomay Salmon - Dimsum Siomay Mozarella,11 April 2024,2025-07-04 21:22:55
"DIMSUM MBLEDOS, Merr",Fachrezy,25 Juli 2015,3.0,ayam di buburnya agak basi 😔,Peach Gum - Bubur Ayam,5 April 2024,2025-07-04 21:22:55
"DIMSUM MBLEDOS, Merr",nurhida,22 Juli 2022,5.0,enak banget mantap nih 👍,Dimsum Ceker - Dimsum Siomay Ayam Udang,5 April 2024,2025-07-04 21:22:55
"DIMSUM MBLEDOS, Merr",B********,18 Juni 2015,5.0,Mantulllllll mantap betulllllll,Dimsum Keichak,14 Maret 2024,2025-07-04 21:22:55
"DIMSUM MBLEDOS, Merr",V*****,16 Maret 2021,4.0,"bubur nya cpat ber air,..dan kl bs kecap bumbu nya di pisah.",Bubur Ayam,7 Maret 2024,2025-07-04 21:22:55
"DIMSUM MBLEDOS, Merr",M** D*****,28 Februari 2019,5.0,percuma kasih catatan . note original tidak pedas taruh diatas supaya ga keteteran sambal..  tetap saja ditaruh dibawah..  payahhhh,Dimsum Hakau - Dimsum Siomay Mozarella - Dimsum Keichak - Bubur Polos,24 Februari 2024,2025-07-04 21:22:55
"DIMSUM MBLEDOS, Merr",B**** N******,2 Februari 2024,4.0,The mantou was too oily. I squeeze it few times with many layers of tissue still got oil residue,Dimsum Udang Keju - Dimsum Siomay Beef - Dimsum Mantao - Dimsum Siomay Crab,3 Februari 2024,2025-07-04 21:22:55
"DIMSUM MBLEDOS, Merr",Yohana,7 September 2015,5.0,Sering langganan disini. Dimsum siomaynya enak2 semua 🥰🥰🥰,Dimsum Siomay Salmon - Dimsum Siomay Crab,8 Januari 2024,2025-07-04 21:22:55
"DIMSUM MBLEDOS, Merr",adinda noer zaeni,20 Juni 2016,5.0,enak enak ya Allah... dimsum dan teman2nya luar biasa. masih anget2 semua. mayonaisenya juga enak. semoga next bisa dine in,Diskon 50 Persen All Dimsum,1 Januari 2024,2025-07-04 21:22:55
"DIMSUM MBLEDOS, Merr",Hana,19 Juni 2021,4.0,"udah was2 dikit soalnya review lain banyak yang bilang jumlah yang dateng ga sesuai pesanan, thankfully pesananku lengkap meskipun promo 50%. the food came with a bunch of mayonnaise and saos sambal but sadly no chili oil. not that big of a deal breaker for me though, mungkin next time kalau mau chili oil bisa tulis di notes.
untuk harga promo sangat worth the price, tapi kalau kena harga asli di gofood kayaknya skip dulu mending beli di outlet langsung",Diskon 50 Persen All Dimsum,21 Desember 2023,2025-07-04 21:22:55
"DIMSUM MBLEDOS, Merr",R*****,22 Februari 2016,2.0,mentang mentang promo jadinya lama,Buy 1 Get 1 - Buy 1 Get 1 - Buy 1 Get 1 - Buy 1 Get 1,13 Desember 2023,2025-07-04 21:22:55
"DIMSUM MBLEDOS, Merr",Riski Nabila,14 Maret 2017,5.0,"Cocok dengan harga, recommended dimsum bakar",Dimsum Hakau - Dimsum Bakpao Pasir Mas Spesial Di Gofood - Dimsum Bakar Mozarella - Dimsum Lumpia Kulit Tahu - Dimsum Siomay Ayam Udang,24 November 2023,2025-07-04 21:22:55
"DIMSUM MBLEDOS, Merr",ayu wardani,1 April 2018,5.0,dimsum paling favorit 🥰,Dimsum Lumpia Kulit Tahu - Dimsum Keichak - Dimsum Hakau - Dimsum Siomay Ayam Udang - Dimsum Siomay Salmon,1 Desember 2023,2025-07-04 21:22:55
"DIMSUM MBLEDOS, Merr",Q*****,20 Agustus 2016,1.0,Sejam ballom di proses,Buy 1 Get 1 - Buy 1 Get 1 - Mooncake - Buy 1 Get 1,27 November 2023,2025-07-04 21:22:55
"DIMSUM MBLEDOS, Merr",aisyah widya faradila,11 Mei 2016,4.0,ada keterangan free saus tp knp ga ada sausnyaa,Mie Lamian Ayam Minyak Cabe - Dimsum Lumpia Kulit Tahu,25 November 2023,2025-07-04 21:22:55
"DIMSUM MBLEDOS, Merr",U***,12 Agustus 2019,3.0,"chili oil ga dikirim, cuma saos & beli hakau yg dikirim bapau",Dimsum Lumpia Kulit Tahu - Dimsum Siomay Mozarella - Dimsum Hakau - Dimsum Udang Keju,28 Oktober 2023,2025-07-04 21:22:55
"DIMSUM MBLEDOS, Merr",karina pratiwi,8 September 2015,2.0,"saya pesan dan membayar 3 menu dimsum : siomay ayam udang, ayam enoki, dan lumpia ayam udang. yg datang hanya 2 porsi (itupun salah 1nya salah) : ayam brokoli dan lumpia ayam udang, lalu siomay malah tidak ada sama sekali",Dimsum Siomay Ayam Udang - Dimsum Lumpia Kulit Tahu - Dimsum Ayam Enoki - Bubur Polos,23 Oktober 2023,2025-07-04 21:22:55
"DIMSUM MBLEDOS, Merr",entin s,19 Juni 2017,5.0,dipertahankan kwalitasnya,Dimsum Ekado/Money Bag - Dimsum Siomay Salmon - Dimsum Hakau,24 September 2023,2025-07-04 21:22:55
"DIMSUM MBLEDOS, Merr",budi mulia,23 Oktober 2018,3.0,saya pesan siomay udang dan kecak ayam tapi datangnya tidak sesuai,Buy 1 Get 1 - Bubur Polos - Nasi Putih,9 Oktober 2023,2025-07-04 21:22:55
"DIMSUM MBLEDOS, Merr",R***,30 November 2021,4.0,"enak, kali ini ceker ga empuk kaya biasanya beli",Diskon 50 Persen All Dimsum,30 September 2023,2025-07-04 21:22:55
"DIMSUM MBLEDOS, Merr",G****** R****,10 Agustus 2015,3.0,tidak ada chili oilnya mengecewakan,Diskon 50 Persen All Dimsum,22 September 2023,2025-07-04 21:22:55
"DIMSUM MBLEDOS, Merr",D*** P****,29 Agustus 2016,4.0,"suka banget keichaknya, yg lain standard aja, kurang cocok sm chilli oil nya",Dimsum Keichak - Dimsum KuoTie/Wonton/Gyoza - Dimsum Udang Keju,15 September 2023,2025-07-04 21:22:55
"DIMSUM MBLEDOS, Merr",A***** P****,22 Agustus 2016,5.0,enak ... full dagingnya,Diskon 50 Persen All Dimsum,7 September 2023,2025-07-04 21:22:55
"DIMSUM MBLEDOS, Merr",natalia,10 Januari 2018,5.0,mantap kesukaan anak saya,Dimsum Siomay Ayam Udang - Dimsum Hakau - Dimsum Ekado/Money Bag - Dimsum KuoTie/Wonton/Gyoza,28 Agustus 2023,2025-07-04 21:22:55
"DIMSUM MBLEDOS, Merr",N**** (***,10 April 2016,4.0,Mie lamiannya jadi mahal bgt kalo masuk gofood,Mie Lamian Ayam Minyak Cabe,9 Agustus 2023,2025-07-04 21:22:55
"DIMSUM MBLEDOS, Merr",Akbar Rizal V,29 April 2018,5.0,terlalu asin sedikit,Bubur Ayam,31 Juli 2023,2025-07-04 21:22:55
"DIMSUM MBLEDOS, Merr",Imelda Dwi Retno,10 April 2019,5.0,Makasih udah buat dimsum yang bisa manjain lidah. 🥰,Dimsum Siomay Mozarella - Dimsum Pangsit Kepiting,25 Juli 2023,2025-07-04 21:22:55
"DIMSUM MBLEDOS, Merr",angelia christanto,26 November 2017,4.0,siomaynya kurang 1,Bubur Ayam - Diskon 50 Persen All Dimsum - Diskon 50 Persen All Dimsum - Diskon 50 Persen All Dimsum,22 Juli 2023,2025-07-04 21:22:55
"DIMSUM MBLEDOS, Merr",ulfatunnasilah,28 April 2022,5.0,dimsumnya enak polll,Dimsum Sushi,16 Juli 2023,2025-07-04 21:22:55
"DIMSUM MBLEDOS, Merr",Randy Satria,24 April 2016,5.0,enak dan mantap.. harga ekonomis,Buy 1 Get 1 - Buy 1 Get 1,7 Juli 2023,2025-07-04 21:22:55
"DIMSUM MBLEDOS, Merr",D*****,16 November 2016,2.0,"Hakau doesnt taste good (tasted like expired food). Didn’t receive the Ceker I ordered, instead I got an empty box.",Dimsum Ceker - Dimsum Keichak - Dimsum Lumpia Kulit Tahu - Dimsum Siomay Ayam Udang - Dimsum Hakau - Peach Gum,24 Juni 2023,2025-07-04 21:22:55
"DIMSUM MBLEDOS, Merr",N**** (***,10 April 2016,3.0,jadi mahal bgt di gojek meskipun pickup,Mie Lamian Ayam Minyak Cabe,18 Juni 2023,2025-07-04 21:22:55
"DIMSUM MBLEDOS, Merr",I***** S**** W******,9 November 2017,4.0,"so far yang paling enak dimsum bakarnya. untuk dimsum kuah so so lah, balik ke selera masing². beli yang buy 1 get 1 di jam 21-22, kirain sesuai sama yang dipesen untuk freenya, ternyata random, kenapa ndak dikasi tauu kalo freenya dapet random :')",Dimsum Bakar - Dimsum Kuah - Buy 1 Get 1,7 Juni 2023,2025-07-04 21:22:55
"DIMSUM MBLEDOS, Merr",Ivenna Salsa Windika,9 November 2017,5.0,"enakk bgt dimsum bakarnya, lumpia tahunya juga best. agak pricey sih, tapi worth it lahh sama kualitasnya.",Dimsum Bakar Mozarella - Dimsum Lumpia Kulit Tahu,10 Juni 2023,2025-07-04 21:22:55
"DIMSUM MBLEDOS, Merr",wahyu imam santosa,4 Januari 2018,5.0,diluar BMKG dpt bonus banyak,Dimsum Siomay Mercon - Dimsum Udang Keju,2 Juni 2023,2025-07-04 21:22:55
"DIMSUM MBLEDOS, Merr",May Darlis,28 Februari 2019,5.0,mantab... pokok nya uuenakk,Bubur Polos - Dimsum Siomay Mercon,2 Mei 2023,2025-07-04 21:22:55
"DIMSUM MBLEDOS, Merr",W*********** N* S******,17 Agustus 2018,3.0,harga naik terus,Lumpia Palestine - Dimsum Siomay Ayam Udang - Dimsum Siomay Beef - Dimsum Ceker - Dimsum Hakau - Dimsum Ekado (Money Bag) - Dimsum Udang Keju,20 April 2023,2025-07-04 21:22:55
"DIMSUM MBLEDOS, Merr",Michelle Ruslie,15 Juni 2022,1.0,Ga ada chilli oilnya padahal udah minta,Dimsum Keichak - Dimsum Lumpia Kulit Tahu - Dimsum Siomay Ayam Udang,19 April 2023,2025-07-04 21:22:55
"DIMSUM MBLEDOS, Merr",Maudy Wuwung,9 Oktober 2020,4.0,Kemarin dimsumnya d ksih 8pcs skrg cmn d kasih 4pcs yg bnr yg mna niihh,Dimsum Kuah,13 April 2023,2025-07-04 21:22:55
"DIMSUM MBLEDOS, Merr",Hana,8 September 2019,5.0,"rasanya enak, masih fresh anget juga tapi agak kecewa sama hakawnya karena ngiranya yg isian udang utuh ternyata engga dia kyk pasta udang gitu jdi udangnya ngga kerasa dan kurang suka😭😭😭 selain itu enak semua 👍👍",Dimsum Siomay Ayam Udang - Dimsum Siomay Mozarela - Dimsum Siomay Beef - Dimsum Siomay Crab - Dimsum Hakau,8 April 2023,2025-07-04 21:22:55
"DIMSUM MBLEDOS, Merr",tasya,13 April 2018,5.0,enaaaaaak bangettttt,Free 1 Porsi Dimsum - Dimsum Keichak - Pangsit Kepiting - Dimsum Siomay Mercon,18 Februari 2023,2025-07-04 21:22:55
"DIMSUM MBLEDOS, Merr",nuraini,31 Oktober 2019,5.0,sangat puasa dengann rasanya,Dimsum Siomay Mozarela - Dimsum Udang Keju - Nori Taco,11 Februari 2023,2025-07-04 21:22:55
"DIMSUM MBLEDOS, Merr",hana,27 Februari 2016,3.0,dimsum yg kepiting rasanya seperti mau bau,Free 1 Porsi Dimsum - Pangsit Kepiting,2 Maret 2023,2025-07-04 21:22:55
"DIMSUM MBLEDOS, Merr",A*******,6 Agustus 2022,5.0,enak dimsumnya isinya buanyakk 🤩🤩,Dimsum Siomay Mozarela - Keichak - Dimsum Siomay Ayam Udang,15 Februari 2023,2025-07-04 21:22:55
"DIMSUM MBLEDOS, Merr",hesin dwi fadila,2 Januari 2022,5.0,"hakaunya ngga deh, kulitnya hambar ga enak. mending beli yg goreng""an. sm yg gyoza enak",Free 1 Porsi Dimsum - Free 1 Porsi Dimsum,31 Januari 2023,2025-07-04 21:22:55
"DIMSUM MBLEDOS, Merr",Daddo,26 Oktober 2019,5.0,"Anjaaayyy..
Diimsum paling wueeenak Yoo ""Dimsum Mbledos"" cuuy.. 🥰😋🤤🤤🤤👍👍",Free 1 Porsi Dimsum - Free 1 Porsi Dimsum,25 Januari 2023,2025-07-04 21:22:55
"DIMSUM MBLEDOS, Merr",Edy Pambudi,24 Juli 2021,4.0,rasa nya beda ga seperti biasa nya,Free 1 Porsi Dimsum - Free 1 Porsi Dimsum - Free 1 Porsi Dimsum,18 Januari 2023,2025-07-04 21:22:55
"DIMSUM MBLEDOS, Merr",petrus,27 Desember 2018,5.0,Rasa enak tapi harga lumayan pricy,Dimsum Keichak,14 Januari 2023,2025-07-04 21:22:55
"DIMSUM MBLEDOS, Merr",Lani,12 November 2019,4.0,"lumpia nori enak isi ayam&udang🤤👍
mantao;  kirain dikukus 😒😔ternyata digoreng. jujur ya, agak kecewa sama mantao nya krn  rasa nya mirip roti goreng dekat rumah hrga@1000an. harusnya diberi keterangan klau mantaonya digoreng, supaya wkt pesan tau & tdk kecewa😷",20off Lumpia Nori - Beli 1 Mantao Gratis 1 Mantao,25 Desember 2022,2025-07-04 21:22:55
"DIMSUM MBLEDOS, Merr",Anjar,10 Agustus 2015,5.0,mantappppp enakkk,Bubur Ayam,16 November 2022,2025-07-04 21:22:55
"DIMSUM MBLEDOS, Merr",R**** H*********,22 Juli 2018,5.0,as always enakk😉👍,Lamian Kaldu Ayam - Gyoza (Kuotie),25 November 2022,2025-07-04 21:22:55
"DIMSUM MBLEDOS, Merr",A**** A***** P,14 Januari 2018,1.0,Beli paket rame rame tapi tidak dapat bonus bakpao sesuai di keterangan paket,Bubur Ayam - Rame-Rame - Siomay Mozarela,20 Oktober 2022,2025-07-04 21:22:55
"DIMSUM MBLEDOS, Merr",F*******,29 April 2016,5.0,Terimakasih dapat give away juga dongg,Nasi Goreng Hongkong - Lumpia Nori,7 Oktober 2022,2025-07-04 21:22:55
"DIMSUM MBLEDOS, Merr",A******,20 Maret 2017,2.0,"pesannya lumpia tahu kuah tomyum tapi dikirim lumpia tahu tanpa kuah, gimana sih",Dimsum Kuah - Dimsum Bakar - Sushi - Lumpia Kulit Tahu - Dimsum Kuah,5 Oktober 2022,2025-07-04 21:22:55
"DIMSUM MBLEDOS, Merr",F*** H*******,16 Februari 2020,5.0,"Lamiannya enak, pedes dan gurihnya dapet banget. Cuma kayaknya minyak cabenya kebanyakan, soalnya kuahnya jadi keganggu sama tekstur kasar cabenya gitu. Mungkin bisa dikurangin minyak cabenya, atau ditambah kuahnya",Mie Lamian Ayam Minyak Cabe - Diskon Siomay Ayam Udang,29 September 2022,2025-07-04 21:22:55
"DIMSUM MBLEDOS, Merr",H**** Z*****,2 Oktober 2015,5.0,dimsum halal yang enak bgt! sukses terus!,Lamian Ayam Minyak Cabe - Beli 5 Gratis 1 Mantao,24 Agustus 2022,2025-07-04 21:22:55
"DIMSUM MBLEDOS, Merr",F****,20 Oktober 2016,2.0,peachgum kemaren ternyata basi,Bubur Ayam - Peach Gum,26 Agustus 2022,2025-07-04 21:22:55
"DIMSUM MBLEDOS, Merr",natalia,10 Januari 2018,5.0,kesukaan anak saya dim sum mbledos,Beli 5 Gratis 1 Mantao,18 Agustus 2022,2025-07-04 21:22:55
"DIMSUM MBLEDOS, Merr",Tedy Fajaryanto,16 Oktober 2020,5.0,sering2 di ksih give biar customer senang,Lumpia Kulit Tahu - Hakau,7 Agustus 2022,2025-07-04 21:22:55
"DIMSUM MBLEDOS, Merr",Anjar,10 Agustus 2015,5.0,"mantap..enak..
anak saya suka",Bubur Ayam,25 Juli 2022,2025-07-04 21:22:55
Angsle & Ronde 66,A**** P*******,30 Agustus 2021,5.0,Uenak poll angsle ne. Eling eling jamanku biyen pas SD nang Malang.,Angsle - Ronde Isi Kacang,17 Juni 2025,2025-07-04 21:23:28
Angsle & Ronde 66,A**** K*****,28 Maret 2022,5.0,"rotinya enak, skoteg juga enak.",Roti Bakar COKLAT KEJU - Sekoteng,15 Mei 2025,2025-07-04 21:23:28
Angsle & Ronde 66,ely yuniawati,10 Desember 2015,1.0,"kuah jahe nya puedes banget dan pekat, rasanya jauh sama yang dulu maaf, dulu favorit aku 😢",Ronde Isi Kacang - Angsle + Serabi,30 Januari 2024,2025-07-04 21:23:28
Angsle & Ronde 66,B***** P******,22 Juni 2021,2.0,"Minta nya panas malah di kasih Es , Tolong makananya bersih kan dari rambut",Angsle + Serabi,19 Desember 2023,2025-07-04 21:23:28
Angsle & Ronde 66,sandhi,26 September 2016,5.0,jos sosss maarkotop 😁,Angsle + Serabi,19 Desember 2023,2025-07-04 21:23:28
Angsle & Ronde 66,D**** H*******,27 Juni 2015,5.0,wenak langganan,Angsle + Serabi,23 November 2023,2025-07-04 21:23:28
Angsle & Ronde 66,Ella,18 Oktober 2015,5.0,"enak.santannya segar, gula merahnya sedap. serabinya terasa pandan",Ronde Isi Kacang - Angsle - Serabi Pandan Kuah,15 November 2023,2025-07-04 21:23:28
Angsle & Ronde 66,Khoirul Anam,16 Januari 2017,5.0,oke deh mantab buat camilan,Angsle + Serabi - Serabi Pandan Kuah,15 November 2023,2025-07-04 21:23:28
Angsle & Ronde 66,lisnadewi,1 Desember 2021,5.0,jasuke 17rb porsi mini bgt🥲 yg lain endull,Angsle + Serabi - Sekoteng - Jasuke,5 Oktober 2023,2025-07-04 21:23:28
Angsle & Ronde 66,F**** G******,7 Juli 2017,5.0,"enak...sekotengnya oke banget...isinya komplit, sukaakk kolang-kalingnya banyak",Serabi Pandan Kuah - Sekoteng,11 Juli 2023,2025-07-04 21:23:28
Angsle & Ronde 66,D****,6 November 2015,3.0,"serabinya ada paitnya,  kuahnya uwasin",Serabi Pandan Kuah - Ronde Isi Kacang,25 Mei 2023,2025-07-04 21:23:28
Angsle & Ronde 66,yanto,15 April 2017,5.0,good Job. best price. nice driver.,Ronde Isi Kacang - Sekoteng,10 Mei 2023,2025-07-04 21:23:28
Angsle & Ronde 66,A*****,29 Mei 2019,5.0,"enak, gurih, cocok di lidah👍👍👍",Paket R-A-S (Ronde-Angsle-Serabi),30 Maret 2023,2025-07-04 21:23:28
Angsle & Ronde 66,T*****,2 November 2021,4.0,"angsle enak, serabi manisnya pas, ronde enak tapi cuma 3 biji kecil.",Paket R-A-S (Ronde-Angsle-Serabi),27 Maret 2023,2025-07-04 21:23:28
Angsle & Ronde 66,Fitriana,2 Januari 2017,4.0,supaya makanan tetap hangat..,Ronde Isi Kacang - Angsle + Serabi,20 Maret 2023,2025-07-04 21:23:28
Angsle & Ronde 66,yunita,26 Agustus 2016,5.0,enak pertahaniin ya kualitasnya,Es Angsle + Serabi - Angsle,13 Februari 2023,2025-07-04 21:23:28
Angsle & Ronde 66,A******* A******,6 April 2017,5.0,Pertama kali nyoba enak banget👍👍👍✌️,Paket R-A-S (Ronde-Angsle-Serabi),21 Januari 2023,2025-07-04 21:23:28
Angsle & Ronde 66,A****** M*******,5 Agustus 2015,5.0,"Boleh laah, porsinya kurang gede dikit, hehehe",Paket R-A-S-S-A (Ronde-Angsle-Serabi-Sekoteng-Angsle+Serabi),13 Desember 2022,2025-07-04 21:23:28
Angsle & Ronde 66,Agus Admaja,6 September 2015,5.0,terimakasih......,Angsle + Serabi - Angsle,5 Januari 2023,2025-07-04 21:23:28
Angsle & Ronde 66,V*******,17 Oktober 2015,5.0,"ronde angsle serabi langganan, uenak 👍",Paket R-A-S (Ronde-Angsle-Serabi),14 Desember 2022,2025-07-04 21:23:28
Angsle & Ronde 66,R****** S******,20 September 2015,3.0,"Rasa santennya kok berkurang ya, ga segurih dan semanis biasanya, kebanyakan air nih kayanya",Ronde Isi Kacang - Angsle,18 November 2022,2025-07-04 21:23:28
Angsle & Ronde 66,ninik,19 Oktober 2015,5.0,terimakasih enak semua rasanya,Sekoteng - Es Doger - Paket R-A-S (Ronde-Angsle-Serabi) - Angsle,17 November 2022,2025-07-04 21:23:28
Angsle & Ronde 66,ultriana,21 Oktober 2015,5.0,"baru pertama coba.....rasanya enak, boleh di ulang lagi nanti.....",Ronde Isi Kacang - Serabi Pandan Kuah - Angsle,5 November 2022,2025-07-04 21:23:28
Angsle & Ronde 66,V*******,17 Oktober 2015,5.0,"langganan favorit ronde angsle dan serabi. enak, pas manisnya, pas gurihnya.",Paket R-A-S (Ronde-Angsle-Serabi),28 Oktober 2022,2025-07-04 21:23:28
Angsle & Ronde 66,R**************,20 Mei 2020,3.0,"Porsinya kurang , jika dibandingkan dengan kompetitor yang lain “kalo harganya lebih murah mungkin lebih worth it”",Angsle,27 Oktober 2022,2025-07-04 21:23:28
Angsle & Ronde 66,Ferry Irwanto,18 Agustus 2015,5.0,buat cuaca hujan pas ini 👍,Paket R-A-S (Ronde-Angsle-Serabi),14 Oktober 2022,2025-07-04 21:23:28
Angsle & Ronde 66,A*****,29 Desember 2017,5.0,"Membuktikan sendiri testimoni positif dari customer2 sebelumnya, ternyata serabi+angsle & es lilinnya memang haujek tenan🤩👍👍
Higienis pula, gk ragu untuk repeat order kapanpun😊",Angsle + Serabi - Es Ganefo Kacang Ijo-Degan (isi 4biji),14 Juli 2022,2025-07-04 21:23:28
Angsle & Ronde 66,Surya Hermansjah,7 Februari 2016,5.0,Serabi Angsle nya mantap!,Angsle + Serabi - Angsle,10 Juni 2022,2025-07-04 21:23:28
Angsle & Ronde 66,Agus Dwi Widodo,14 Januari 2019,5.0,mantab deh mantab deh mantab deh,Angsle - Ronde Isi Kacang,8 Juni 2022,2025-07-04 21:23:28
Angsle & Ronde 66,Rifai Widjojo,24 September 2015,5.0,"gak nyangka angsle & serabinya enak bgt. perbandingan gurih santanc& manisnya gula pas bgt, not too sweet & just nice. angsle ditambah serabi jg a unique twist buat saya. yg gak nyangka jg es lilin kacang ijo nya, aslinya coba² ehh kok ternyata enak. for me this is hands down one of the best angsle joint in sby, pasti akan order lagi next time, sekalian coba rondenya 👍",Ronde isi Kacang+Cup - Es Ganefo Kacang Ijo-Degan (isi 4biji) - Angsle+Serabi+Cup - Serabi+Cup,8 Juni 2022,2025-07-04 21:23:28
Angsle & Ronde 66,eddy,11 Januari 2019,5.0,enaakkk kualitas super,Angsle,2 Juni 2022,2025-07-04 21:23:28
Angsle & Ronde 66,stella,25 Oktober 2015,4.0,ronde kurang pedas dan kurang manis dikit,Ronde Isi Kacang - Angsle - Angsle + Serabi,23 Maret 2022,2025-07-04 21:23:28
Angsle & Ronde 66,Diah Pratiwi,28 Mei 2017,3.0,"beli es ganefo 2 porsi,di aplikasi 1 porsi isi 4 biji tp datangnya cm 1 porsi(4 biji)..kpn2 lbh teliti melayani konsumen biar gk kecewa",Es Ganefo Kacang Ijo-Degan (isi 4biji) - Ronde Isi Kacang - Angsle,19 Maret 2022,2025-07-04 21:23:28
Angsle & Ronde 66,Hanifa,18 Maret 2019,5.0,MasyaaAllah enak bingiddd.. porsinya pas banget.. santannya jg ndk bikin Serik.. Alhamdulillah enak puol diminum pas musim hujan gini,Angsle+Cup,22 Februari 2022,2025-07-04 21:23:28
Angsle & Ronde 66,martin,8 November 2015,4.0,harga OK. tinggal porsinya ronde dibuat lebih banyak donk,Paket R-A-S (Ronde-Angsle-Serabi) - Ronde isi Kacang+Cup,17 Februari 2022,2025-07-04 21:23:28
Angsle & Ronde 66,febby sinta,30 September 2016,5.0,"enak.. cocok porsi pas , cocok musim hujan",Angsle,10 Februari 2022,2025-07-04 21:23:28
Angsle & Ronde 66,D*** A** K***** D***,10 September 2015,4.0,"rondenya cukup enak, tp jasukenya ukurannya mini sekali- overprice",Ronde Isi Kacang - Jasuke,21 Desember 2021,2025-07-04 21:23:28
Angsle & Ronde 66,desak julia,15 Agustus 2021,4.0,"dengan harga 16 rb utk jasuke yg ukurannya sekecil itu menurut saya nggk sepadan ya,harusnya agak sedikit besar,kalau utk angslenya lumayan enak",Jasuke - Es Doger,3 Desember 2021,2025-07-04 21:23:28
Angsle & Ronde 66,A**,10 Agustus 2016,2.0,srabi nya gosong jd pahit,Angsle - Serabi Pandan Kuah,15 September 2021,2025-07-04 21:23:28
Angsle & Ronde 66,T**** K************,10 April 2017,5.0,andalan pokok e,Angsle,25 September 2021,2025-07-04 21:23:28
Angsle & Ronde 66,C**** S******,10 September 2015,3.0,Rasa mocinya kurang enak,Ronde isi Kacang+Cup - Serabi+Cup,3 Agustus 2021,2025-07-04 21:23:28
Angsle & Ronde 66,M*******,2 November 2015,5.0,"i love it, dikasih kabel tiss suka shg higienis",Ronde Isi Kacang,24 Juli 2021,2025-07-04 21:23:28
Angsle & Ronde 66,W**** S*******,28 Juli 2020,4.0,kurang banyak isi & rasanya kurang mantap utk ronde,Angsle + Serabi - Ronde Isi Kacang - Angsle,3 Mei 2021,2025-07-04 21:23:28
Angsle & Ronde 66,S*******,28 Maret 2019,1.0,"harga mahal tp rasa mengecewakan. ronde terasa kuah air gula, jahe tdk terasa.  isi rondenya hampir tdk ada. kalah dg ronde di kaki lima yg jauh lebih enak & harga lebih murah",Ronde Isi Kacang - Serabi Pandan Kuah - Angsle,3 Juni 2021,2025-07-04 21:23:28
Angsle & Ronde 66,A*** M**** H*** S****,27 April 2017,1.0,Pesanan tidak sampai,Angsle - Roti Maryam Choco Crunchy,3 Februari 2021,2025-07-04 21:23:28
Angsle & Ronde 66,P**** F*****,14 September 2016,3.0,porsinya dikit amat jika dibandingkan harga yg semahal itu 15ribu.,Angsle - Serabi Topping Coklat - Roti Maryam Choco Crunchy,13 Januari 2021,2025-07-04 21:23:28
Angsle & Ronde 66,B***,18 Januari 2019,5.0,Angslenya memang enak. bakalan di rekomondasikan ke saudara dan kerabat saya. makasih,Angsle + Serabi,14 Desember 2020,2025-07-04 21:23:28
Angsle & Ronde 66,R*****,8 September 2015,1.0,pesan ronde yang datang angsle,Ronde Isi Kacang,12 Desember 2020,2025-07-04 21:23:28
Angsle & Ronde 66,N*****,3 April 2016,4.0,es coklat nya kurang suka,Serabi Pandan Kuah - Angsle - Es Chocolate 66,12 September 2020,2025-07-04 21:23:28
Angsle & Ronde 66,A** W********,20 September 2015,5.0,Pasti order lagi!!!,Ronde Isi Kacang - Es Chocolate 66 - Angsle,11 Juli 2020,2025-07-04 21:23:28
Angsle & Ronde 66,N***,27 Juli 2018,1.0,GAK ENAK...KALAU GA BISA BUAT SESUATU YANG ENAK MENDING GAK USAH JUALAN !!!!!!!!,Kolang Kaling Manisan (putih) 250gr - Angsle,3 April 2020,2025-07-04 21:23:28
Angsle & Ronde 66,J*** M******* G****,19 Desember 2018,3.0,harganya mahal porsinya kecil :(,Roti Maryam Coklat Keju,2 Desember 2019,2025-07-04 21:23:28
Angsle & Ronde 66,F****,2 September 2015,5.0,good job 👍 trm ksh,Angsle - Serabi Topping Keju Susu,21 November 2019,2025-07-04 21:23:28
Angsle & Ronde 66,L*** R**,12 Mei 2017,4.0,"kuah serabi gk manis, apa lupa dikasih gula merah ya??",Ronde Isi Kacang - Serabi Pandan Kuah - Angsle,7 Oktober 2019,2025-07-04 21:23:28
Angsle & Ronde 66,L*******,29 September 2016,5.0,jagungnya dikit banget porsinya,Jasuke - Ronde Isi Kacang,29 Agustus 2019,2025-07-04 21:23:28
Angsle & Ronde 66,D***,20 Agustus 2017,4.0,"sedikit kemanisan, kacang hijau msh sedikit keras",N/A,14 Agustus 2019,2025-07-04 21:23:28
Angsle & Ronde 66,O** L* K*,18 November 2018,4.0,Aromanya harum. Rasa cukup lah.,Ronde Isi Kacang,6 Agustus 2019,2025-07-04 21:23:28
Angsle & Ronde 66,K****,8 Maret 2017,4.0,porsi nya kurang 😀😀,N/A,2 Mei 2019,2025-07-04 21:23:28
Angsle & Ronde 66,A*******,29 April 2017,5.0,enak bangget makasi,N/A,20 Maret 2019,2025-07-04 21:23:28
Angsle & Ronde 66,B*****,4 April 2016,3.0,kuah jahenya untuk ronde kurang nendang 😅,N/A,12 Februari 2019,2025-07-04 21:23:28
Angsle & Ronde 66,A*****,16 Oktober 2017,3.0,"porsi krng byk jahe nya, trs jahenya jg krng nendang, panas nya krng pns dkit lg, oke",N/A,7 Februari 2019,2025-07-04 21:23:28
Angsle & Ronde 66,J***** C*********,7 April 2016,3.0,ronde kurang pedas jahenya,N/A,2 Februari 2019,2025-07-04 21:23:28
Angsle & Ronde 66,F**,2 April 2017,5.0,selalu enak....,N/A,15 Agustus 2018,2025-07-04 21:23:28
Angsle & Ronde 66,S*******,24 November 2015,4.0,jahenya kurang terasa,N/A,1 Agustus 2018,2025-07-04 21:23:28
Angsle & Ronde 66,R****,13 Mei 2018,3.0,Rasa santannya hambar.,N/A,30 Juni 2018,2025-07-04 21:23:28
"De Bronx (Mieyabi Hot), Ploso",Ys,21 Mei 2021,3.0,"kayaknya Mie Nya Ketumpahan cabe, soalnya Ini Gilak Pedes Banget Level 1. Mampus Makan Mie Ini, Gak Ngotak yang Bikin, makan 3 sumpit aja , udah gak kuat.. bintang 3 aja. keterlaluan",( BORJU ) BOLA ROTI KEJU - Black Level 1 - Extra Telur - Siomay Ayam,8 April 2025,2025-07-04 21:24:03
"De Bronx (Mieyabi Hot), Ploso",Ananda,14 Januari 2024,5.0,"udah langganan, lebih sering beli di aplikasi orange sebelah tapi.
awalnya beli karena iseng, tapi keterusan karena ternyata seenak itu, merk dengan mie pedas dan dimsum terenak, bahkan ngalahin merk G dan merk K, asliii, apalagi bisa request bumbunya dibanyakin.
asi De Bronx NO DOUBT! <3
dimsum must try : siomay, kocoi, keicak, pangsit kepiting, xiao long bao.
tolong kualitasnya jangan menurun ya, kalau bisa makin dinaikkan.",Black Level 2 - Siomay Ayam - Keicak - Gyoza Goreng - Kocoi,25 Maret 2025,2025-07-04 21:24:03
"De Bronx (Mieyabi Hot), Ploso",Arinda Putri,6 Januari 2025,4.0,tidak ada sumpit nya,Black Level 1,8 Februari 2025,2025-07-04 21:24:03
"De Bronx (Mieyabi Hot), Ploso",Nanda,29 Juli 2021,5.0,beralih dari merk sebelah kesiniii karna baru sadarrr enak bgt + deket rumahhh. cuman note aja sih sambel dimsumnya ganti sambel bangkok dong biar tmbh mantepppo,Black Level 1 - Siomay Ayam - Dragon Ball - Lumpia Jepang,6 Desember 2024,2025-07-04 21:24:03
"De Bronx (Mieyabi Hot), Ploso",B***,13 Juli 2021,4.0,"untuk menu udon: coba cabe besar nya lebih halus lagi sm coba explor lagi kuah udon yang lebih cocok yang lebih lite aja si menurut ku
untuk yang black 1 : minta tolong ganti kecap nya soalnya ada aroma dari kecap nya gangu banget mungkin kamu pakek kecap jeruk atau gatau aroma nya gangu banget, sm coba kasih pangsit isi + jangan terpaku sm frozen food 🙏
*maaf jika ada salah kata atau kata"" saya yang kurang berkenan semoga usaha akang makin sukses 🙏",Udon Alay - Black Level 1,7 April 2024,2025-07-04 21:24:03
"De Bronx (Mieyabi Hot), Ploso",disma,19 Desember 2023,4.0,sosisnya lain kali ditambah juga boleh kak,Black Level 1,20 Desember 2023,2025-07-04 21:24:03
"De Bronx (Mieyabi Hot), Ploso",A****** R,4 Februari 2022,1.0,mie nya trlalu mateng sampai benyek kya bubur ga bisa dimakan. dimsum rasanya aneh semua. udh di note tanpa daun bawang dan tanpa bawang goreng tp masih dikasih😌 . lv 1 pedesny kyk lv 3😌😱 .,Ori Level 1 - Lumpia Kulit Tahu Goreng - Pangsit Udang Grg,2 Juni 2023,2025-07-04 21:24:03
"De Bronx (Mieyabi Hot), Ploso",B**** D**,10 Oktober 2020,1.0,udh tau di pesanan nya ada notice nya mie nya jangan terlalu matang tapi masih aja di buat yang sama gini ni jadi terbuang semua uang sama makan nan nya percuma makan nya di makan dikit terus ga enak saat di makan,Ori Level 1 - Extra Telur - Extra Ayam - Pangsit Udang Grg,9 Mei 2023,2025-07-04 21:24:03
"De Bronx (Mieyabi Hot), Ploso",Rahmawati,12 Juni 2018,5.0,rasa mantappp gak pernah berubah,Black Level 2 - Black Level 1,28 Juli 2022,2025-07-04 21:24:03
"De Bronx (Mieyabi Hot), Ploso",T*******,4 Agustus 2017,4.0,"mohon diperbaiki kematangan dan bumbunya supaya lebih merata ketika mengaduk ,",Red Mie,6 Juni 2022,2025-07-04 21:24:03
"De Bronx (Mieyabi Hot), Ploso",C**** T***,11 Juli 2017,3.0,"ori level 1 kurang asin, lupa gak di kasih kripik..",Black Level 1 - Ori Level 1 - Mie Eko,18 Mei 2022,2025-07-04 21:24:03
"De Bronx (Mieyabi Hot), Ploso",C**** T***,11 Juli 2017,3.0,"dah 2kali order pangsit gorengnya g d kasih, ini td cuma d kasih 1. kurang 2",Mie Eko - Black Level 1 - Ori Level 1,19 April 2022,2025-07-04 21:24:03
"De Bronx (Mieyabi Hot), Ploso",yulia,15 April 2017,5.0,enak promo e byk,Ori - Kaviar,11 April 2022,2025-07-04 21:24:03
"De Bronx (Mieyabi Hot), Ploso",HasanBasri,8 November 2019,5.0,terima kasih selamat bekerja,Black Level 2 - Red-Ju - G-fries ( French Fries ),8 April 2022,2025-07-04 21:24:03
"De Bronx (Mieyabi Hot), Ploso",Wiwit,17 Agustus 2015,2.0,"Saya pesan extra telur, tapi waktu pesanannya datang extra telur nya ngga ada. Padahal di struknya ada😡",Black Level 1 - Extra Telur - Siomay Ayam Spesial - Black Level 2 - Udon Alay,27 Februari 2022,2025-07-04 21:24:03
"De Bronx (Mieyabi Hot), Ploso",Zela nur leni,26 Oktober 2021,5.0,"enak,bersih,+mie tapi mienya masih dikit",Ori Level 1 - Extra Pangsit,7 Februari 2022,2025-07-04 21:24:03
"De Bronx (Mieyabi Hot), Ploso",Zela nur leni,26 Oktober 2021,5.0,"enak ,bersih,porsinya banyak",Ori,5 Februari 2022,2025-07-04 21:24:03
"De Bronx (Mieyabi Hot), Ploso",ayun,8 September 2016,4.0,"yg rednoodle nya gk enak, dimsum nya tetap jagoan",Siomay Ayam Keju - Red Mie - Mie Eko - Siomay Ayam Jamur,1 Februari 2022,2025-07-04 21:24:03
"De Bronx (Mieyabi Hot), Ploso",ayun,8 September 2016,5.0,"dimsumnya enak bgt seriussss
ada promo murah lagi",Siomay Ayam Keju - Mie Eko - Ori Level 1,24 Januari 2022,2025-07-04 21:24:03
"De Bronx (Mieyabi Hot), Ploso",C**** T***,11 Juli 2017,4.0,"mie eko oke, mie black over cook & over kecap, manis bgt",Black Level 2 - Mie Eko,23 Januari 2022,2025-07-04 21:24:03
"De Bronx (Mieyabi Hot), Ploso",R**** D** A*****,10 Oktober 2020,5.0,sangat enak sekali,Ori Level 1 - Extra Telur - Extra Ayam - Red Velvet - Siomay Ayam,8 Januari 2022,2025-07-04 21:24:03
"De Bronx (Mieyabi Hot), Ploso",D*** A**** P******,8 Mei 2017,5.0,olwes debes ❤️😘,Black Level 3 - Ori Level 3,29 Desember 2021,2025-07-04 21:24:03
"De Bronx (Mieyabi Hot), Ploso",achmat djunedi,12 Januari 2016,5.0,mantan betul bang,Black Level 1,18 Desember 2021,2025-07-04 21:24:03
"De Bronx (Mieyabi Hot), Ploso",Y****,28 Maret 2017,4.0,apa emg tdk diberi sumpit ato sendok ya Krn kmrn TDK ada,Red-Ju - Mie Eko - Ori Level 3 - Extra Sosis - Macho - Siomay Ayam Crab Stick,7 Desember 2021,2025-07-04 21:24:03
"De Bronx (Mieyabi Hot), Ploso",Dwi putry suharyono,25 November 2021,3.0,kurang mantap bos,Black Level 3 - Pangsit Udang Goreng,30 November 2021,2025-07-04 21:24:03
"De Bronx (Mieyabi Hot), Ploso",S***** J***,17 Februari 2020,5.0,makasih....makanannya enak,Black Level 1 - Ori Level 2,16 November 2021,2025-07-04 21:24:03
"De Bronx (Mieyabi Hot), Ploso",S**** R**** A*****,22 September 2021,4.0,"level 1 kepedesaan ga seperti biasanya, ayamnya terlalu dikittttt",Black Level 1 - Black Ori,29 Oktober 2021,2025-07-04 21:24:03
"De Bronx (Mieyabi Hot), Ploso",F******,11 Desember 2018,4.0,mie-nya terlalu lembek,Mie Sal-Jo (Sambal Ijo),27 Oktober 2021,2025-07-04 21:24:03
"De Bronx (Mieyabi Hot), Ploso",A****,10 Agustus 2015,5.0,enakkkk..mantap mie nya..masih anget..,Black Level 1 - Black Level 2,22 September 2021,2025-07-04 21:24:03
"De Bronx (Mieyabi Hot), Ploso",A****,22 Januari 2018,5.0,"Baru pertama kali nyoba dan rasanya enak banget. Beli level satu dan udah pas buat aku yang memang gak bisa makan pedes banyak-banyak, tekstur mie nya enak banget dan gorengan nya juga enak recommended banget buat pecinta mie pedes",Ori Level 1 - Ori Level 2 - Pangsit Udang Goreng,19 Agustus 2021,2025-07-04 21:24:03
"De Bronx (Mieyabi Hot), Ploso",N** I**** C********,16 Maret 2018,5.0,"bapaknya ramah, terimakasih",Black Level 2 - Mie Ho-Pe Chicken Katsu - Lumpia Kulit Tahu Goreng,22 Agustus 2021,2025-07-04 21:24:03
"De Bronx (Mieyabi Hot), Ploso",A***** A*** M*******,11 Oktober 2016,5.0,mantab rasanya dan masih segar,Black Level 1 - Black Ori,1 Juni 2021,2025-07-04 21:24:03
"De Bronx (Mieyabi Hot), Ploso",D***** P****,2 Oktober 2015,4.0,tidak ada kripik kyk di deskripsi,Mie U Don Care,8 Juni 2021,2025-07-04 21:24:03
"De Bronx (Mieyabi Hot), Ploso",A******,12 Juli 2018,5.0,"udonx enak,u black miex biasa sj mirip mie goreng rumahan",Iced Green-presso - Black Level 3 - Udon Alay,23 Mei 2021,2025-07-04 21:24:03
"De Bronx (Mieyabi Hot), Ploso",R***,1 Oktober 2017,5.0,"ilupyuu
..
...
...
...
..",Ori,9 Mei 2021,2025-07-04 21:24:03
"De Bronx (Mieyabi Hot), Ploso",A****,2 April 2017,3.0,porsinya lebih sedikit dari biasanya,Udon Alay - Ba-Kri (Banana Crispy),5 Mei 2021,2025-07-04 21:24:03
"De Bronx (Mieyabi Hot), Ploso",A****** R***,27 Januari 2017,4.0,kemasan kurang sehat krn menggunakan Styrofoam.. sebaiknya menggunakan tetra pack..,Udon Alay - Mie Sal-Jo (Sambal Ijo) - Black Ori,2 Mei 2021,2025-07-04 21:24:03
"De Bronx (Mieyabi Hot), Ploso",D**** C********,5 Agustus 2015,3.0,"ada biaya waiting time, tpi pengiriman tetap cepat, tpi Dr resto makanan tidak sesuai,, ada mie yg nda dpt pangsit, ada yg nda dapat nugget Dan sosis",Black Level 2 - Red-Ju - Siomay Ayam Jamur,6 Mei 2021,2025-07-04 21:24:03
"De Bronx (Mieyabi Hot), Ploso",D****,12 Juli 2020,4.0,gak ada sumpit ny,Black Level 1,22 April 2021,2025-07-04 21:24:03
"De Bronx (Mieyabi Hot), Ploso",C********,26 April 2016,4.0,kok skrg ga pernah dikasi sumpit ya 😟,Ori Level 1 - Lumpia Kulit Tahu Kukus - Iced Tea,2 Februari 2021,2025-07-04 21:24:03
"De Bronx (Mieyabi Hot), Ploso",A***** R**** B*****,8 Januari 2017,1.0,tekstur mie dan rasanya kok beda kyk dulu ya.. mienya cenderung kaya mie instan padahal dulu ga seperti itu.,Black Level 2,30 Januari 2021,2025-07-04 21:24:03
"De Bronx (Mieyabi Hot), Ploso",J****** S****,20 Februari 2017,1.0,menu nya salah gk sesuai sama yg saya pesan tolong di perhtikan pihak resto,Black Level 1 - Ori - Extra Telur - Iced Kopisu Aren,8 Januari 2021,2025-07-04 21:24:03
"De Bronx (Mieyabi Hot), Ploso",A***,28 September 2017,3.0,kebanyakan minyak,Mie U Don Care,25 Desember 2020,2025-07-04 21:24:03
"De Bronx (Mieyabi Hot), Ploso",C********,26 April 2016,5.0,akhirnya pesanan sesuai note..,Ori Level 1,22 Desember 2020,2025-07-04 21:24:03
"De Bronx (Mieyabi Hot), Ploso",C********,26 April 2016,4.0,kepedesan. pdhl uda blg pedesnya dikit aja 😕,Ori Level 1,17 Desember 2020,2025-07-04 21:24:03
"De Bronx (Mieyabi Hot), Ploso",C********,26 April 2016,4.0,pedes bgt 😭 bahkan lebih pedes dr biasanya. pdhl uda note blg pedesnya dikit aja 😞,Ori Level 1,6 Desember 2020,2025-07-04 21:24:03
"De Bronx (Mieyabi Hot), Ploso",O***,31 Januari 2019,5.0,mantap rasanya,Black Level 1,2 Desember 2020,2025-07-04 21:24:03
"De Bronx (Mieyabi Hot), Ploso",I***,7 November 2019,3.0,mie nya terlalu manis jadi rasa pedesnya gak kerasa sekarang,Black Level 2 - Extra Sosis - Extra Nugget - Iced Tea - Siomay Ayam Jamur,5 November 2020,2025-07-04 21:24:03
"De Bronx (Mieyabi Hot), Ploso",V***,22 September 2017,3.0,"mienya kurang matang dan mienya beda sama yg dulu ,ini lbh kecil",Black Level 1 - Siomay Ayam Spesial,3 November 2020,2025-07-04 21:24:03
"De Bronx (Mieyabi Hot), Ploso",O*** A*****,7 Februari 2018,1.0,gk sesuai psnan. pdhl hsrga beda jauuhhh,Red Mie - Paket Eko 1,13 Oktober 2020,2025-07-04 21:24:03
"De Bronx (Mieyabi Hot), Ploso",S********,19 April 2020,3.0,"kuah nya asin, mienya juga asin",Red-Up,28 Agustus 2020,2025-07-04 21:24:03
"De Bronx (Mieyabi Hot), Ploso",D*** A**** P******,8 Mei 2017,5.0,"sudah hampir 5-6 bulan g order, nampak lebih banyak ya porsinya 😍😍😍 saya suke saya suke 👍👍👍👍👍👍
cm wadahnya ganti steroform knp yak?",Black Mieyabi Level 1,9 Juli 2020,2025-07-04 21:24:03
"De Bronx (Mieyabi Hot), Ploso",F***** D** A******,23 Desember 2016,4.0,kurang safety.. bumbu sering tumpah,Black Mieyabi Level 1 - Red Noodle,23 Juni 2020,2025-07-04 21:24:03
"De Bronx (Mieyabi Hot), Ploso",J****,10 Oktober 2018,4.0,"untuk mieyabinya enak, tapi untuk red noodlenya rasanya aneh, kerasa banget bumbu instannya, bahkan untuk baunya juga rasanya ga enak",Black Mieyabi Level 1 - Black Mieyabi Level 2 - Red Noodle,19 Juni 2020,2025-07-04 21:24:03
"De Bronx (Mieyabi Hot), Ploso",J****,10 Oktober 2018,5.0,"sayang ga ada bwang putih goreng kya sebelumnya di toppingnya, mungkin gara2 pesennya kemalaman",Black Mieyabi Level 1,18 Juni 2020,2025-07-04 21:24:03
"De Bronx (Mieyabi Hot), Ploso",P****,1 Februari 2020,4.0,"Porsinya kurang, hhehe",Black Mieyabi Level 1,3 Maret 2020,2025-07-04 21:24:03
"De Bronx (Mieyabi Hot), Ploso",L***** S******,2 Desember 2019,5.0,sip mantul rasanya,Black Mieyabi Level 3 - Mieyabi Original,26 Februari 2020,2025-07-04 21:24:03
"De Bronx (Mieyabi Hot), Ploso",A***** P,22 Februari 2016,5.0,"gilaa sih. makin kesini makin mantep makanannya, potongan ayamnya juga gede"" mantap",Mieyabi Original,22 Februari 2020,2025-07-04 21:24:03
"De Bronx (Mieyabi Hot), Ploso",A***** D******,12 Januari 2016,4.0,"level 1 seperti level 10, menurut saya terlalu pedes utk level 1 nya",Black Mieyabi Level 1,27 Januari 2020,2025-07-04 21:24:03
"De Bronx (Mieyabi Hot), Ploso",C***** S******,8 Januari 2020,5.0,Gak bisa berkata kata soalnya mie nya enak banget. Makasih ya yang udah masak,Nut Mie (Lv1 / Lv2 / Lv3),27 Januari 2020,2025-07-04 21:24:03
"De Bronx (Mieyabi Hot), Ploso",A****,21 September 2019,1.0,"., pesanan melalui gojek sudah benar , di struk Miyabi pun sudah benar , tapi untuk makanan tidak ada yang sesuai , saya pesan Miyabi original level 4 dan tambah extra sosis , tapi yang di hidangkan hanya Miyabi original tanpa level pedas , dan tanpa extra sosis . sangat mengecewakan !",Mieyabi Original - Extra Sosis,26 Januari 2020,2025-07-04 21:24:03
"De Bronx (Mieyabi Hot), Ploso",T******* T****** D*** R******,26 Desember 2018,3.0,mie nya terlalu lembek,Black Mieyabi Level 2,26 Januari 2020,2025-07-04 21:24:03
"De Bronx (Mieyabi Hot), Ploso",A**** S********,28 Juli 2018,4.0,masukan aja sih untuk masak mienya jangan terlalu lama.. jadinya mienya kyk terlalu kematangan..jadi tdk ena..semuah enak dan good kok👍👌,Black Mieyabi Level 1 - Extra Ayam - Extra Nugget - Extra Sosis,22 Januari 2020,2025-07-04 21:24:03
"De Bronx (Mieyabi Hot), Ploso",F******,29 Oktober 2018,1.0,topping tidak sesuai!,Black Mieyabi Level 1 - Dragon Ball,10 Januari 2020,2025-07-04 21:24:03
"De Bronx (Mieyabi Hot), Ploso",B**** H***********,19 Oktober 2016,2.0,"yang RED baunya aneh, rasanya agak pait. untuk mie terlalu mateng/lembek",Black Mieyabi Level 1 - Red Noodle - Dragon Ball - Pangsit Udang Goreng - Extra Sosis,7 Januari 2020,2025-07-04 21:24:03
"De Bronx (Mieyabi Hot), Ploso",D****,4 Juli 2018,4.0,"rasa nya tiap hari nya kok beda beda ya? kadang asin kadang ga ada rasa, klo mlm ini asin bngt, tolong d0nk buat bagian koki nya, klo bikin sambal nya garam nya d kurangi",Mieyabi Level 3,29 Desember 2019,2025-07-04 21:24:03
"De Bronx (Mieyabi Hot), Ploso",M***,23 Desember 2018,3.0,kurang kecapnya kak 🙏,Black Mieyabi Level 1,13 Desember 2019,2025-07-04 21:24:03
"De Bronx (Mieyabi Hot), Ploso",I**** P*******,21 Februari 2019,5.0,kadang lupa sama sumpit nya,Red Noodle - Peach Tea,13 Desember 2019,2025-07-04 21:24:03
"De Bronx (Mieyabi Hot), Ploso",M*******,5 Desember 2019,2.0,kali nggak puas krn trlalu matang dan kali ini ori lvl 1nya g kerasa pedasny sm skli,Mieyabi Original,5 Desember 2019,2025-07-04 21:24:03
"De Bronx (Mieyabi Hot), Ploso",A*******,20 Februari 2017,5.0,pedasnya MANTAP!,Black Mieyabi Level 1 - Iced Red Presso - Black Mieyabi Level 3,23 November 2019,2025-07-04 21:24:03
"De Bronx (Mieyabi Hot), Ploso",W***,23 Juni 2019,4.0,"mienya selalu kematangan ( becek )
klu bisa setengah matang / mienya agak besar 
trus tambah dimsum
untuk rasa nmor 1 
mie favoritku",Black Mieyabi Level 1 - Extra Telur - Extra Sosis,21 November 2019,2025-07-04 21:24:03
"De Bronx (Mieyabi Hot), Ploso",I**** F********,29 November 2018,5.0,top markotop manta siip joss,Mieyabi Original - Black Mieyabi Level 1,18 November 2019,2025-07-04 21:24:03
"De Bronx (Mieyabi Hot), Ploso",N****,26 November 2015,5.0,Tumben bgt sih kok asin parah,Mix Siomay - Black Mieyabi Level 3,17 November 2019,2025-07-04 21:24:03
"De Bronx (Mieyabi Hot), Ploso",L******* H******,11 November 2019,5.0,enaaak bgtttttt😍😍😍,Black Mieyabi Level 2 - Black Mieyabi Level 3 - Black Mieyabi Level 1,14 November 2019,2025-07-04 21:24:03
"De Bronx (Mieyabi Hot), Ploso",A**,11 Agustus 2018,2.0,pesan ga pedas datang pedas,Promo 1,12 November 2019,2025-07-04 21:24:03
"De Bronx (Mieyabi Hot), Ploso",A**** R*******,2 Desember 2016,4.0,"mienya setengah matang aja ea kak 
klu terlalu matang agak gmna gtu .
tp rasanya mantap",Black Mieyabi Level 1 - Extra Telur - Extra Sosis,10 November 2019,2025-07-04 21:24:03
"De Bronx (Mieyabi Hot), Ploso",D******,26 Juni 2018,4.0,pedes gwelaa. kasih sayur dong hehehe,Black Mieyabi Level 3 - Iced Lemon Tea,10 November 2019,2025-07-04 21:24:03
"De Bronx (Mieyabi Hot), Ploso",F****,25 September 2018,4.0,keripiknya kurang 1 porsi,Black Original - Black Mieyabi Level 1,29 Oktober 2019,2025-07-04 21:24:03
"De Bronx (Mieyabi Hot), Ploso",I**,16 Oktober 2017,3.0,salah tulis lewel d kardusx 😥😥😥,Black Mieyabi Level 1 - Black Mieyabi Level 2,27 Oktober 2019,2025-07-04 21:24:03
"De Bronx (Mieyabi Hot), Ploso",D*** A*******,28 Februari 2019,5.0,wuenak poll Cox.!!!,Black Mieyabi Level 2,27 Oktober 2019,2025-07-04 21:24:03
"De Bronx (Mieyabi Hot), Ploso",R***** M*******,31 Desember 2018,5.0,muantul poll pedesnya..,Mie Saljo,26 Oktober 2019,2025-07-04 21:24:03
"De Bronx (Mieyabi Hot), Ploso",A******,24 September 2019,4.0,porsinya agak ditambahin,Mieyabi Original - Extra Sosis - Extra Nugget,22 Oktober 2019,2025-07-04 21:24:03
"De Bronx (Mieyabi Hot), Ploso",R**** N******,6 September 2017,5.0,"Sayang pol! Pertahankan rasa blackmieyabi nya! Aku udah order berkali kali looo, plis jangan sampe merubah rasa yang sudah terlanjur sayang ini😭😭",Black Mieyabi Level 1,7 Oktober 2019,2025-07-04 21:24:03
"De Bronx (Mieyabi Hot), Ploso",K********,10 April 2019,5.0,kalau bisa jangan terlalu pedas,Iced Tea - Mieyabi Level 1,5 Oktober 2019,2025-07-04 21:24:03
"De Bronx (Mieyabi Hot), Ploso",O*****,6 September 2016,3.0,kurang matang tdi,Mieyabi Level 1,5 Oktober 2019,2025-07-04 21:24:03
"De Bronx (Mieyabi Hot), Ploso",D********* A*****,27 Agustus 2016,5.0,muantap. pedes gilaakkkkk,Black Mieyabi Level 2 - Extra Nugget - Extra Sosis,16 September 2019,2025-07-04 21:24:03
"De Bronx (Mieyabi Hot), Ploso",M********,16 Desember 2018,3.0,GK dapet kripik nya,Black Mieyabi Level 1,28 Agustus 2019,2025-07-04 21:24:03
"De Bronx (Mieyabi Hot), Ploso",K**** S****** G****,13 Juni 2017,2.0,Rasanya kalo yg ga pedes kerasa bgt kalo ga enak,Black Mieyabi Level 1,26 Agustus 2019,2025-07-04 21:24:03
"De Bronx (Mieyabi Hot), Ploso",G*****,1 Juli 2019,5.0,pedes cokkkk wenakkk,N/A,15 Agustus 2019,2025-07-04 21:24:03
"De Bronx (Mieyabi Hot), Ploso",H**** W**** W*******,23 April 2017,5.0,pedes banget bosq,Black Original - Black Mieyabi Level 2 - Black Mieyabi Level 1,13 Agustus 2019,2025-07-04 21:24:03
"De Bronx (Mieyabi Hot), Ploso",F****,28 November 2015,3.0,"Level 1 terlalu pedas...
Tolong dibuat level 1 pedas biasa...
Ini pedas tdk wajar...",N/A,5 Agustus 2019,2025-07-04 21:24:03
"De Bronx (Mieyabi Hot), Ploso",R**** J***,7 Juni 2017,5.0,sambalnya mantaaapppppppp,N/A,11 Juli 2019,2025-07-04 21:24:03
"De Bronx (Mieyabi Hot), Ploso",D***,8 April 2016,3.0,tolong dikasi keterangan level kapan2,N/A,29 Juni 2019,2025-07-04 21:24:03
"De Bronx (Mieyabi Hot), Ploso",J***,30 Maret 2018,4.0,terlalu kematangan...,N/A,23 Mei 2019,2025-07-04 21:24:03
"De Bronx (Mieyabi Hot), Ploso",D*** R*****,12 September 2017,5.0,ditambah dong promonya,N/A,3 Mei 2019,2025-07-04 21:24:03
"De Bronx (Mieyabi Hot), Ploso",S*** R,22 September 2017,5.0,porsinya kurang kakak.. tp enak bangettt kok,N/A,15 April 2019,2025-07-04 21:24:03
"De Bronx (Mieyabi Hot), Ploso",J*** D**,2 Juni 2018,5.0,Porsi berkurang,N/A,7 April 2019,2025-07-04 21:24:03
"De Bronx (Mieyabi Hot), Ploso",R****,4 Februari 2017,3.0,gk sesuai aplikasi katanya mienya original tapi dikasihnya mie hijau,N/A,10 Maret 2019,2025-07-04 21:24:03
"De Bronx (Mieyabi Hot), Ploso",L***,8 Februari 2017,2.0,"mienya terlalu asin, mahal dan porsinya sedikit",N/A,10 Maret 2019,2025-07-04 21:24:03
"De Bronx (Mieyabi Hot), Ploso",M******* Z*****,8 Februari 2018,3.0,"yg original enak bgt tp yg red kurang alami rasanya
mungkin lebih baik pake bumbu alami aja",N/A,9 Maret 2019,2025-07-04 21:24:03
"De Bronx (Mieyabi Hot), Ploso",F****,16 Juni 2017,4.0,pedesnya gk tahannn bingitzzz...,N/A,9 Maret 2019,2025-07-04 21:24:03
"De Bronx (Mieyabi Hot), Ploso",R****,19 Oktober 2017,5.0,tapi terlalu pedes levelnya klo bisa si turunin,N/A,5 Maret 2019,2025-07-04 21:24:03
"De Bronx (Mieyabi Hot), Ploso",A*****,16 Oktober 2017,3.0,"massa iya bubuk cabe merah e byk jd ga ada rasa nikmat pedas mie nya, pki Real cabe aja dong yg bnr2 puedass, bru itu namanya enak",N/A,4 Maret 2019,2025-07-04 21:24:03
"De Bronx (Mieyabi Hot), Ploso",U****,16 September 2018,5.0,cuman terlalu asin,N/A,23 Februari 2019,2025-07-04 21:24:03
"De Bronx (Mieyabi Hot), Ploso",N***,29 Juli 2016,5.0,dimsumnya enak..perpaduan mie dan sambal pas..aku sudah coba red ju..mie ijo..mie original.. tapi palig favorit mie ijo sama original👍.. karna red ju nya bagi aku agak keasinan..maaf ya 😊,N/A,14 Februari 2019,2025-07-04 21:24:03
"De Bronx (Mieyabi Hot), Ploso",R****,24 Desember 2016,3.0,Tolonglah mienya dikasih rasa minyak ayam n saus kaldu ga hambar kayak gitu atau pedas diang bikin sakit perut. Dimsum item enak,N/A,9 Februari 2019,2025-07-04 21:24:03
"De Bronx (Mieyabi Hot), Ploso",K*** S*******,3 September 2017,1.0,harganya naik 26k,N/A,5 Februari 2019,2025-07-04 21:24:03
"De Bronx (Mieyabi Hot), Ploso",R****,24 Desember 2016,3.0,"Mienya ga ada rasa selain pedas. Mungkin biar beli banyak minum. Mienya 2,8/5. Dimsumnya enak yg siomay ayam 5/5. Di improve rasanya tolong dibilangin. Sama mie pangsit pinggiran aja enakan pangsit pinggiran yg random",N/A,8 Februari 2019,2025-07-04 21:24:03
"De Bronx (Mieyabi Hot), Ploso",Z**** A******,24 September 2017,3.0,rasa trlalu manis,N/A,17 September 2018,2025-07-04 21:24:03
"De Bronx (Mieyabi Hot), Ploso",M*** Z**** S******,16 Desember 2015,2.0,"mie kuahx terlalu manis untuk semua ok,,",N/A,12 September 2018,2025-07-04 21:24:03
"De Bronx (Mieyabi Hot), Ploso",D******,26 Maret 2017,4.0,mie nya rasanya beda dr sebelumnya,N/A,31 Juli 2018,2025-07-04 21:24:03
"De Bronx (Mieyabi Hot), Ploso",I**,17 Oktober 2017,5.0,bumbu nya kurang pas di lidah rasa e anyep,N/A,30 Juli 2018,2025-07-04 21:24:03
"De Bronx (Mieyabi Hot), Ploso",R**** A*****,11 Mei 2017,3.0,pesanan ada yang kurang tapi harganya sesuai aplikasi,N/A,24 Juli 2018,2025-07-04 21:24:03
"De Bronx (Mieyabi Hot), Ploso",N*******,12 Desember 2015,3.0,mie nya terlalu matang jadi lembek,N/A,16 Juli 2018,2025-07-04 21:24:03
"De Bronx (Mieyabi Hot), Ploso",N****,5 Mei 2018,5.0,bukanya lebih siang donk,N/A,19 Juni 2018,2025-07-04 21:24:03
"De Bronx (Mieyabi Hot), Ploso",A*** S*****,27 November 2017,1.0,Sangat Lama. Pelayanannya Lama Sekali. orderan lebih dari 2 jam. Sampek kasihan sama pak Gojeknya. kan waktunya banyak terbuang untuk nunggu. tolong diperbaiki.,N/A,19 Juni 2018,2025-07-04 21:24:03
"De Bronx (Mieyabi Hot), Ploso",L**** E****,28 Februari 2017,3.0,sama sama pesan level 1 tapi rasa kepedasan jauh tidak sama,N/A,9 Juni 2018,2025-07-04 21:24:03
"De Bronx (Mieyabi Hot), Ploso",B**** A********,2 Mei 2018,4.0,pangsitnya perlu inovasi..  rasanya lumayan,N/A,30 Mei 2018,2025-07-04 21:24:03
"De Bronx (Mieyabi Hot), Ploso",N*** A******,4 Juli 2017,5.0,mie nya kayak kurang matang dkit.. masih kaku.,N/A,24 Mei 2018,2025-07-04 21:24:03
"De Bronx (Mieyabi Hot), Ploso",Z**** V**********,14 Februari 2018,1.0,"Tempatnya kok strfom, 3x order 2x pkek strfom 1x pakek wadahnya mieyabi. Knpa ya kyk gitu. Bsok lgi jgn strfom dong gk baik buat ksehatan kak.",N/A,13 Mei 2018,2025-07-04 21:24:03
"Terang Bulan Bangka C.N.K, Karang Empat Besar",Handry,17 Juni 2016,5.0,mantap kak. selalu sesuai request. thx,"JUMBO Special (cokelat, Kacang, Wijen, Keju) - Es kacang ijo",6 Juni 2025,2025-07-04 21:24:36
"Terang Bulan Bangka C.N.K, Karang Empat Besar",Ninik Christy Wulandari,9 Januari 2018,3.0,"pembelian yg ke 3
tp yg ke 3 kalinya ini rasanya koq beda ya ga seperti yg sebelumnya asin sekali",Special Cokelat Keju,11 April 2025,2025-07-04 21:24:36
"Terang Bulan Bangka C.N.K, Karang Empat Besar",ika,16 Oktober 2015,5.0,selalu enak 👍🏻👍🏻👍🏻,"JUMBO Special (cokelat, Kacang, Wijen, Keju)",15 Maret 2025,2025-07-04 21:24:36
"Terang Bulan Bangka C.N.K, Karang Empat Besar",lily yudi santoso,18 Oktober 2015,5.0,selalu langganan 👍🏻,JUMBO Cokelat Keju Spesial,15 Februari 2025,2025-07-04 21:24:36
"Terang Bulan Bangka C.N.K, Karang Empat Besar",Y**** C***,30 Agustus 2015,5.0,enak banget.... sesuai sama harga dan rasa☺👍,Pempek Kapal Selam Biasa,23 Januari 2025,2025-07-04 21:24:36
"Terang Bulan Bangka C.N.K, Karang Empat Besar",F***,21 Juni 2019,5.0,"kacang ijonya empuk, santan kental dan fresh..... semua varian kajonya enak polll.... TOP",Es kacang ijo,21 Januari 2025,2025-07-04 21:24:36
"Terang Bulan Bangka C.N.K, Karang Empat Besar",nana,5 Mei 2017,5.0,enak sesuai harapan,"Pempek Mix - Es kacang ijo degan - Saridele Original Kecil 330ml - Cokelat, Kacang,Wijen",18 Oktober 2024,2025-07-04 21:24:36
"Terang Bulan Bangka C.N.K, Karang Empat Besar",Y******** L******,9 Maret 2020,5.0,"best banget, enak dan ga pelit topping👍",JUMBO Cokelat Keju Spesial,20 September 2024,2025-07-04 21:24:36
"Terang Bulan Bangka C.N.K, Karang Empat Besar",lily yudi santoso,18 Oktober 2015,5.0,"selalu cepat sesuai permintaan, sehingga langganan disini",JUMBO Cokelat Keju Spesial,30 Juni 2024,2025-07-04 21:24:36
"Terang Bulan Bangka C.N.K, Karang Empat Besar",A*** M********,26 Juni 2016,5.0,enak rasanya ..menteganya tidak pelit..thx,"Cokelat, Kacang,Wijen",28 April 2024,2025-07-04 21:24:36
"Terang Bulan Bangka C.N.K, Karang Empat Besar",ivena,6 Mei 2018,5.0,selalu favorit. Ogah ke lain hati. cuma tadi rasa mentega wishman nya kurang nendang. Tapi tetep top markotop,"Special (cokelat,kacang,wijen,keju)",1 Juni 2024,2025-07-04 21:24:36
"Terang Bulan Bangka C.N.K, Karang Empat Besar",Novia Anggi,22 Januari 2017,5.0,"Terbul nya enak tebel..toppingnya juga ga eneg..
harga lumayan sih tapi disini jual es kacang ijo jg enak bnget sih recommended",Es kacang ijo degan - JUMBO Cokelat Keju Spesial,19 Mei 2024,2025-07-04 21:24:36
"Terang Bulan Bangka C.N.K, Karang Empat Besar",lily yudi santoso,18 Oktober 2015,5.0,"sudah langganan disini, enak mantap",JUMBO Cokelat Keju Spesial,1 Mei 2024,2025-07-04 21:24:36
"Terang Bulan Bangka C.N.K, Karang Empat Besar",Novianto,8 Juni 2019,5.0,"Cheese nya terasa banget.
CNK is the best lah.",Double Cheese (Cheese Cream + Keju Parut),27 April 2024,2025-07-04 21:24:36
"Terang Bulan Bangka C.N.K, Karang Empat Besar",L*** M*,2 Mei 2018,5.0,enak banget👍🏼👍🏼,Cokelat Keju,10 April 2024,2025-07-04 21:24:36
"Terang Bulan Bangka C.N.K, Karang Empat Besar",Elena,26 Oktober 2019,5.0,"Langganan lama dah puluhan kali beli, saya cocok sihh.. enakkk 🙏🥰",Special Cokelat Keju,29 Maret 2024,2025-07-04 21:24:36
"Terang Bulan Bangka C.N.K, Karang Empat Besar",carenza,20 Februari 2017,5.0,"terang bulannya enak , empuk juga",Super Xtra Keju,2 Maret 2024,2025-07-04 21:24:36
"Terang Bulan Bangka C.N.K, Karang Empat Besar",I***** S******,17 Agustus 2015,3.0,coklatnya dikit banget. gak terasa,Cokelat Keju,1 Februari 2024,2025-07-04 21:24:36
"Terang Bulan Bangka C.N.K, Karang Empat Besar",echo,27 September 2016,5.0,rasa nya enak. kenyal. siiippp,"JUMBO Campur(Cokelat, Kacang, Wijen, Keju)",31 Januari 2024,2025-07-04 21:24:36
"Terang Bulan Bangka C.N.K, Karang Empat Besar",N********,25 Januari 2016,4.0,Masih ada rasa telor nya,Special Cokelat Keju,14 Januari 2024,2025-07-04 21:24:36
"Terang Bulan Bangka C.N.K, Karang Empat Besar",sindhy,6 Mei 2023,5.0,sangat memuaskan,"Cokelat, Kacang,Wijen",12 Desember 2023,2025-07-04 21:24:36
"Terang Bulan Bangka C.N.K, Karang Empat Besar",echo,27 September 2016,5.0,pertahanan kan citra rasa nya,"Cokelat,kacang,wijen,keju",10 Desember 2023,2025-07-04 21:24:36
"Terang Bulan Bangka C.N.K, Karang Empat Besar",Richard,31 Juli 2015,5.0,"Terbaikk sih ini, mirip terbul bangka di jalan tidar..","Special (cokelat,kacang,wijen,keju) - Es kacang ijo degan",29 November 2023,2025-07-04 21:24:36
"Terang Bulan Bangka C.N.K, Karang Empat Besar",Novianto,8 Juni 2019,5.0,"terang bulan nya mantapz, Ovomaltine terasa banget krn banyak. recommended.",Ovomaltine,26 November 2023,2025-07-04 21:24:36
"Terang Bulan Bangka C.N.K, Karang Empat Besar",agus mulyo,7 Agustus 2015,5.0,mantap tenan ⭐⭐⭐⭐⭐,Es Kacang Ijo Jumbo,22 November 2023,2025-07-04 21:24:36
"Terang Bulan Bangka C.N.K, Karang Empat Besar",reni tri susanti,13 Agustus 2015,5.0,terang bulan bangka terenak ...,JUMBO Cokelat,2 September 2023,2025-07-04 21:24:36
"Terang Bulan Bangka C.N.K, Karang Empat Besar",tijas sari,26 Agustus 2021,5.0,"terang bulan CNK top lah kami sdh sangat cocok dgn terbul CNK kalau beli terbul hrs di CNK, sekeluarga sangat suka sampek royokan👍👍👍👍❤❤❤💯💯💯","Cokelat, Kacang,Wijen",6 September 2023,2025-07-04 21:24:36
"Terang Bulan Bangka C.N.K, Karang Empat Besar",agus mulyo,7 Agustus 2015,5.0,good terbul ⭐⭐⭐⭐⭐,Special Keju Polos,6 Oktober 2023,2025-07-04 21:24:36
"Terang Bulan Bangka C.N.K, Karang Empat Besar",Pandu,2 Maret 2016,5.0,perpaduan rasa yg pas.. bru bli pengen psen lg,"Cokelat, Kacang,Wijen",26 September 2023,2025-07-04 21:24:36
"Terang Bulan Bangka C.N.K, Karang Empat Besar",A********,17 Februari 2016,5.0,Keju dan coklat nya lebih lebih..,Special Cokelat Keju,20 September 2023,2025-07-04 21:24:36
"Terang Bulan Bangka C.N.K, Karang Empat Besar",Novianto,8 Juni 2019,5.0,Rasanya mantapz!!,Ovomaltine,4 September 2023,2025-07-04 21:24:36
"Terang Bulan Bangka C.N.K, Karang Empat Besar",Novianto,8 Juni 2019,5.0,rasanya mantapz !!,Ovomaltine,16 Agustus 2023,2025-07-04 21:24:36
"Terang Bulan Bangka C.N.K, Karang Empat Besar",Novianto,8 Juni 2019,5.0,rasanya mantapz!!,Es kacang ijo degan - Pempek Kapal Selam JUMBO,16 Agustus 2023,2025-07-04 21:24:36
"Terang Bulan Bangka C.N.K, Karang Empat Besar",deviz pagundes,24 Maret 2022,5.0,ntap pisannnnnnnnnnnnnnn,Special Cokelat Keju,29 Juli 2023,2025-07-04 21:24:36
"Terang Bulan Bangka C.N.K, Karang Empat Besar",Rizki Herda,20 Februari 2017,5.0,"kacang ijo nya enaaakkkk, duren nya full tanpa bijih.. es batu nya juga di serut .... mantap....",Es Kacang Ijo Duren,26 Juli 2023,2025-07-04 21:24:36
"Terang Bulan Bangka C.N.K, Karang Empat Besar",Natalia Agustin,3 Maret 2020,5.0,enaaaak banget sesuai harga nya,Es kacang ijo degan,26 Mei 2023,2025-07-04 21:24:36
"Terang Bulan Bangka C.N.K, Karang Empat Besar",echo,27 September 2016,5.0,rasa nya mantaapp  pas semuanya jd enak d makan n d rasakan. makin enak nnt nya.,"Cokelat,kacang,wijen,keju",8 Juni 2023,2025-07-04 21:24:37
"Terang Bulan Bangka C.N.K, Karang Empat Besar",echo,27 September 2016,5.0,mantaaapppp. gk eneg. enak,"Cokelat,kacang,wijen,keju",22 Mei 2023,2025-07-04 21:24:37
"Terang Bulan Bangka C.N.K, Karang Empat Besar",Christian,24 Juli 2015,5.0,enaakk! pertahankan 👍,"Saridele Original Besar 1, 5ltr",12 Mei 2023,2025-07-04 21:24:37
"Terang Bulan Bangka C.N.K, Karang Empat Besar",Rachmawati,19 September 2015,5.0,"mantabs betul rasa, porsi & fillingnya",Special Setengah Cokelat Setengah Keju,6 Mei 2023,2025-07-04 21:24:37
"Terang Bulan Bangka C.N.K, Karang Empat Besar",maria chres,19 Agustus 2015,5.0,tq keju ditukarin kismis sesuai request👍🙏,"Cokelat,kacang,wijen,keju - Pempek Kapal Selam JUMBO",5 Maret 2023,2025-07-04 21:24:37
"Terang Bulan Bangka C.N.K, Karang Empat Besar",Wenny,9 November 2015,4.0,Enak bgt durennya tp kcg ijonya dikit poll tlg lbh d tingkatkan lg!!! tq!!!👍👍👍👍👍,Pempek Kapal Selam Biasa - Es Kacang Ijo Duren - Pancake Duren Polos - Es kacang ijo degan,9 Februari 2023,2025-07-04 21:24:37
"Terang Bulan Bangka C.N.K, Karang Empat Besar",lily yudi santoso,18 Oktober 2015,5.0,enak sesuai dengan keinginan,JUMBO Cokelat Keju Spesial,4 Februari 2023,2025-07-04 21:24:37
"Terang Bulan Bangka C.N.K, Karang Empat Besar",Novianto,8 Juni 2019,5.0,Rasanya mantapz terasa banget kejunya.,Double Cheese (Cheese Cream + Keju Parut),4 Februari 2023,2025-07-04 21:24:37
"Terang Bulan Bangka C.N.K, Karang Empat Besar",Y***,22 September 2015,3.0,"saya beberapa kali beli rasa selalu tdk stabil hari ini beli bantat terangbulannya ga mekar, di pinggirannya banyak gulanya dan manis banget kayak kasih gula berlebihan bukan karena coklatnya tapi taburan gulanya dan isinya juga dikit,kalau mmg bantat mending langsung ganti aja dan mohon lebih stabil dgn rasa dan isian, hari ini benar2 ga puas","JUMBO Campur(Cokelat, Kacang, Wijen, Keju)",2 Februari 2023,2025-07-04 21:24:37
"Terang Bulan Bangka C.N.K, Karang Empat Besar",linda,3 September 2016,5.0,"enak rasanya, mantul",Special Cokelat Keju - Pancake Duren Polos,2 Februari 2023,2025-07-04 21:24:37
"Terang Bulan Bangka C.N.K, Karang Empat Besar",Edwin Eka,25 Juli 2016,5.0,"Terbul Bangka yg otentik daah di Sby Timur, coba yg spesial butter, jooz daah..","Special (cokelat,kacang,wijen,keju)",28 Januari 2023,2025-07-04 21:24:37
"Terang Bulan Bangka C.N.K, Karang Empat Besar",Febby Luci,4 Januari 2018,4.0,"rasa enak, porsi lumayan ..
bersih, rapi .. tidak mengecewakan",Cokelat Keju,27 Januari 2023,2025-07-04 21:24:37
"Terang Bulan Bangka C.N.K, Karang Empat Besar",Silvi liem,12 November 2021,5.0,"👍👍👍
mantap enak sekali",Ovomaltine + Keju,13 Januari 2023,2025-07-04 21:24:37
"Terang Bulan Bangka C.N.K, Karang Empat Besar",Novianto,8 Juni 2019,5.0,kejunya mantapz berasa banget & susunya juga banyak. TOP deh,JUMBO Cheese Filling + Keju,21 Januari 2023,2025-07-04 21:24:37
"Terang Bulan Bangka C.N.K, Karang Empat Besar",liony herawati,17 Maret 2020,5.0,"porsi beli lgs lbh besar , kl beli di gofoodnya kok lbh kecil ya, untuk rasa pas lah",Special Setengah Cokelat Setengah Keju,9 Januari 2023,2025-07-04 21:24:37
"Terang Bulan Bangka C.N.K, Karang Empat Besar",Daddo,26 Oktober 2019,5.0,terbul favoritkuuu 🥰☺️❤️🇮🇩,Special Cokelat Keju - Es kacang ijo,12 Januari 2023,2025-07-04 21:24:37
"Terang Bulan Bangka C.N.K, Karang Empat Besar",iswati,28 Juni 2016,5.0,"Enak, banyak, tdk rugi beli harga segitu","Cokelat,kacang,wijen,keju",4 Januari 2023,2025-07-04 21:24:37
"Terang Bulan Bangka C.N.K, Karang Empat Besar",D*******,20 April 2018,5.0,"bakalan order lagi kakak,,",1/2 Cokelat - 1/2 Keju Biasa,28 Desember 2022,2025-07-04 21:24:37
"Terang Bulan Bangka C.N.K, Karang Empat Besar",Novianto,8 Juni 2019,5.0,"Double cheese nya terasa banget kejunya, sudah order berkali2. Jadi favorit menu.",Double Cheese (Cheese Cream + Keju Parut),30 Desember 2022,2025-07-04 21:24:37
"Terang Bulan Bangka C.N.K, Karang Empat Besar",O******,4 April 2021,5.0,"Paling suka es durennya, enaaak.. Kalau pempeknya ya lumayan tapi cenderung biasa aja.",Es Duren - Pempek Mix,3 Desember 2022,2025-07-04 21:24:37
"Terang Bulan Bangka C.N.K, Karang Empat Besar",Novianto,8 Juni 2019,5.0,"Rasa terang bulan nya pas banget. pempek nya juga oke, ga pelit kasi cuka nya. T O P deh.",Cokelat Keju - Pempek Kapal Selam JUMBO,9 Desember 2022,2025-07-04 21:24:37
"Terang Bulan Bangka C.N.K, Karang Empat Besar",okta,24 Agustus 2015,5.0,enak sekaliiiii... kejunya bwanyaaaaakkk. recommended!!,Super Xtra Keju,8 Desember 2022,2025-07-04 21:24:37
"Terang Bulan Bangka C.N.K, Karang Empat Besar",Novianto,8 Juni 2019,5.0,Terang bulan double cheese nya mantapz terasa banget cheese nya,Double Cheese (Cheese Cream + Keju Parut) - Pempek Kapal Selam JUMBO,4 Desember 2022,2025-07-04 21:24:37
"Terang Bulan Bangka C.N.K, Karang Empat Besar",jojo,13 November 2015,5.0,"ok taste, warm, and as good as holland",Cokelat Keju,27 November 2022,2025-07-04 21:24:37
"Terang Bulan Bangka C.N.K, Karang Empat Besar",misli,9 Agustus 2022,5.0,mantap. ojo lali tuku terang bulan kene rek enak poll,"JUMBO Campur(Cokelat, Kacang, Wijen, Keju)",23 Oktober 2022,2025-07-04 21:24:37
"Terang Bulan Bangka C.N.K, Karang Empat Besar",henny,13 April 2018,5.0,"superrrrrrrrrrrr yummyyyyyy 
enak puolllllll
terbaikkk!!!!!","Terang Bulan Kismis (Cokelat, Kacang, Wijen, Keju)",2 Oktober 2022,2025-07-04 21:24:37
"Terang Bulan Bangka C.N.K, Karang Empat Besar",Thea Thea,8 Februari 2020,5.0,sayang dech sama chef nya 👍👍🥰🥰,"Special (cokelat,kacang,wijen,keju)",30 September 2022,2025-07-04 21:24:37
"Terang Bulan Bangka C.N.K, Karang Empat Besar",rudiawan temmy,1 Februari 2019,5.0,enak sekali terbul nya,"Cokelat, Kacang,Wijen",26 September 2022,2025-07-04 21:24:37
"Terang Bulan Bangka C.N.K, Karang Empat Besar",Xiao Long,12 Juni 2022,5.0,"Mungkin harganya agak tinggi, selain itu rasa uda sip, cuma jagung dalam adonannya kurang banyak yg kurang berasa",Terang Bulan Pandan Jagung Keju,15 September 2022,2025-07-04 21:24:37
"Terang Bulan Bangka C.N.K, Karang Empat Besar",erna tri sayekti,2 Oktober 2016,5.0,sangat puas enak...,"Cokelat,kacang,wijen,keju",16 September 2022,2025-07-04 21:24:37
"Terang Bulan Bangka C.N.K, Karang Empat Besar",D**** R****,17 Mei 2016,5.0,uennnaaakkkk puuuooolllll,"Cokelat, Kacang,Wijen",4 September 2022,2025-07-04 21:24:37
"Terang Bulan Bangka C.N.K, Karang Empat Besar",I*******,20 September 2017,4.0,sudah dikasih catatan tanpa wijen tapi dikasih wijen 😔,"Special (cokelat,kacang,wijen,keju)",5 Agustus 2022,2025-07-04 21:24:37
"Terang Bulan Bangka C.N.K, Karang Empat Besar",Eko Budi Susatyo,9 Juni 2016,5.0,enak banget 👍👍👍,"Cokelat, Kacang,Wijen",20 Juli 2022,2025-07-04 21:24:37
"Terang Bulan Bangka C.N.K, Karang Empat Besar",M** D*****,28 Februari 2019,3.0,tolong kacang ijo jika sudah 2 hari jangan dijual.. rasa kurang sedap. ga seger ..agak sedikit bau dilidah ..,JUMBO Cokelat + Keju - Es Kacang Ijo Duren - Es K. Ijo Nangka,14 Juli 2022,2025-07-04 21:24:37
"Terang Bulan Bangka C.N.K, Karang Empat Besar",Moch.Choiron,12 Juli 2015,5.0,enak banget....,JUMBO Cokelat Keju Spesial,8 Juli 2022,2025-07-04 21:24:37
"Terang Bulan Bangka C.N.K, Karang Empat Besar",Moch.Choiron,12 Juli 2015,5.0,terang bulan+pempeknya ga ada obat,JUMBO Cokelat Keju Spesial - Pempek Kapal Selam Besar,25 Juni 2022,2025-07-04 21:24:37
"Terang Bulan Bangka C.N.K, Karang Empat Besar",lina,12 Desember 2020,5.0,"enak banget coklatnya tu Lo banyak banget ,",Special Cokelat Mesis,16 Juni 2022,2025-07-04 21:24:37
"Terang Bulan Bangka C.N.K, Karang Empat Besar",Cintya,16 Desember 2018,5.0,mantap recoment banget,Cokelat Keju,13 Juni 2022,2025-07-04 21:24:37
"Terang Bulan Bangka C.N.K, Karang Empat Besar",Eddy Sugianto,3 Agustus 2015,5.0,"rasa enak dan mantab, porsi pas",Cokelat Keju,22 Mei 2022,2025-07-04 21:24:37
"Terang Bulan Bangka C.N.K, Karang Empat Besar",Indy,2 September 2015,4.0,"Gorengnya terlalu kering,jd agak keras",Pempek Kapal Selam Besar,19 Mei 2022,2025-07-04 21:24:37
"Terang Bulan Bangka C.N.K, Karang Empat Besar",Njoo Sintjoen,15 Januari 2020,5.0,pertama beli. gurih sekali. pinggiran nya crispy. rasa kulit nya enak. kalau coklat dan keju biasa saja semua sama. recommended. porsi besar sebab beli yg jumbo,JUMBO Cokelat + Keju,19 Mei 2022,2025-07-04 21:24:37
"Terang Bulan Bangka C.N.K, Karang Empat Besar",owen faust gervaise,18 November 2021,5.0,sebenarnya sering pesan juga dgn nama lily.. ini mau coba yg mpek2 .,"JUMBO Special (cokelat, Kacang, Wijen, Keju) - Pempek Mix - Es Kacang Ijo Jumbo",20 April 2022,2025-07-04 21:24:37
"Terang Bulan Bangka C.N.K, Karang Empat Besar",Moch.Choiron,12 Juli 2015,5.0,enak banget deh pokoknya,Pempek Kapal Selam Besar - JUMBO Cokelat Keju Spesial,14 April 2022,2025-07-04 21:24:37
"Terang Bulan Bangka C.N.K, Karang Empat Besar",lala,2 Juni 2016,4.0,kerasa kebanyakan pengembang,JUMBO Special Cokelat Keju - Es Kacang Ijo Jumbo - Es Kacang Ijo Duren,12 Maret 2022,2025-07-04 21:24:37
"Terang Bulan Bangka C.N.K, Karang Empat Besar",H******,2 Agustus 2015,5.0,"worth for money, ga rugi pesan terbul coklat keju jumbo",JUMBO Special Cokelat Keju,17 Januari 2022,2025-07-04 21:24:37
"Terang Bulan Bangka C.N.K, Karang Empat Besar",A***** Y**** A*** H****,9 Januari 2017,5.0,Joooossssssss 👍🏼👍🏼👍🏼👍🏼👍🏼,"JUMBO Campur(Cokelat, Kacang, Wijen, Keju)",27 Januari 2022,2025-07-04 21:24:37
"Terang Bulan Bangka C.N.K, Karang Empat Besar",O**,13 Agustus 2015,4.0,agak gosong terang bulannya,"JUMBO Special (cokelat, Kacang, Wijen, Keju) - Saridele Original Besar 1, 5ltr - Saridele Original Kecil 330ml",26 Desember 2021,2025-07-04 21:24:37
"Terang Bulan Bangka C.N.K, Karang Empat Besar",I****,8 April 2019,5.0,super sekali....porsi besar...rasa nya mau lagi,Cokelat Mesis,29 November 2021,2025-07-04 21:24:37
"Terang Bulan Bangka C.N.K, Karang Empat Besar",M****** K*****,26 Februari 2018,5.0,"Enak,porsinya pengen dibanyakin😁😄",Cokelat Keju,24 Oktober 2021,2025-07-04 21:24:37
"Terang Bulan Bangka C.N.K, Karang Empat Besar",Y**** O******,25 Januari 2016,5.0,"suka es kacang hijau nya, es duriannya juga",Es Kacang Ijo Duren - Es Kacang Ijo Jumbo Degan - Es K. Ijo Jumbo Nangka,22 September 2021,2025-07-04 21:24:37
"Terang Bulan Bangka C.N.K, Karang Empat Besar",M****,16 Januari 2016,5.0,"paling enak,, moistdan murah",Terang Bulan Keju Parut + Oreo,2 September 2021,2025-07-04 21:24:37
"Terang Bulan Bangka C.N.K, Karang Empat Besar",Y**** O******,25 Januari 2016,5.0,es kacang ijo nya enak. all varian esnya enak semua,Es K. Ijo Jumbo Nangka - Es Duren - Es kacang ijo degan,15 Agustus 2021,2025-07-04 21:24:37
"Terang Bulan Bangka C.N.K, Karang Empat Besar",L**** P******,23 Agustus 2016,5.0,pokoknya mantap rasanya...,JUMBO Special Cokelat Keju,15 Agustus 2021,2025-07-04 21:24:37
"Terang Bulan Bangka C.N.K, Karang Empat Besar",W**** E**,10 Agustus 2016,3.0,Lbh di jaga kebersihan nya.,Terang Bulan Durian,22 Juli 2021,2025-07-04 21:24:37
"Terang Bulan Bangka C.N.K, Karang Empat Besar",M****** A********,27 Januari 2017,5.0,Thank you for the service. God Bless You,Es kacang ijo - Es kacang ijo degan,28 Juni 2021,2025-07-04 21:24:37
"Terang Bulan Bangka C.N.K, Karang Empat Besar",Y***,6 Mei 2017,1.0,"pas datang udah dingin,gk sesuai ma harga,in termasuk mahal,keju dikit, coklat jg dikit",Special Cokelat Keju,11 Juli 2021,2025-07-04 21:24:37
"Terang Bulan Bangka C.N.K, Karang Empat Besar",R*** A*****,1 September 2015,5.0,Wenak sesuai dg harga lah,"Cokelat, Kacang,Wijen",29 Juni 2021,2025-07-04 21:24:37
"Terang Bulan Bangka C.N.K, Karang Empat Besar",M******,6 Oktober 2017,5.0,"sip duriannya, pas sm coklatnya",JUMBO DUREN + COKELAT - Es K. Ijo Jumbo Alpukat,26 Juni 2021,2025-07-04 21:24:37
"Terang Bulan Bangka C.N.K, Karang Empat Besar",F****,17 Februari 2019,2.0,over price for es kacang ijo alpukat just for small glass portion also taste bad and not fresh,"Saridele Original Besar 1, 5ltr - Pempek Kapal Selam Besar - Es Kacang Ijo Alpukat",16 Juni 2021,2025-07-04 21:24:37
"Terang Bulan Bangka C.N.K, Karang Empat Besar",I****,8 Juni 2017,5.0,mantuuuuuullllllssssssss,"Cokelat,kacang,wijen,keju",9 Juni 2021,2025-07-04 21:24:37
"Terang Bulan Bangka C.N.K, Karang Empat Besar",E** D*** D*******,21 Februari 2017,5.0,laen kali lbh tebal lg yach utk toping nya🙂,"Special (cokat,kacang,wijen,keju)",24 Februari 2021,2025-07-04 21:24:37
"Terang Bulan Bangka C.N.K, Karang Empat Besar",D***,13 Desember 2017,5.0,"uenak pol. biasanya saya blm ada yg cocok, selain yg dikapasari. tp waktu nyoba ini lgs cocok","Terang Bulan Jumbo Special (cokelat, Kacang, Wijen, Keju)",13 Desember 2020,2025-07-04 21:24:37
"Terang Bulan Bangka C.N.K, Karang Empat Besar",M** D*****,28 Februari 2019,4.0,agak menurun di isi nya.. baik keju dan coklat nya sedikit sekarang .. tidak sebanyak dulu,Jumbo Special Cokelat Keju,2 November 2020,2025-07-04 21:24:37
"Terang Bulan Bangka C.N.K, Karang Empat Besar",B*** M****,23 Oktober 2018,5.0,coklat meses jgn terlalu byk,Special Setengah Cokelat Setengah Keju,6 Agustus 2020,2025-07-04 21:24:37
"Terang Bulan Bangka C.N.K, Karang Empat Besar",A****,6 November 2019,1.0,minta keju ditambah susu kental manis ternyata tidak dikasih susu kental manis.,Special Keju Polos,5 April 2020,2025-07-04 21:24:37
"Terang Bulan Bangka C.N.K, Karang Empat Besar",D*** A********,12 Oktober 2018,1.0,pempeknya gk enak kebanyakan tepung kanji sama kuah cukonya jg gk enak bangeetttttttttt👎👎👎👎👎👎👎👎👎👎👎👎👎👎👎👎👎👎👎👎👎👎👎👎👎👎👎👎👎👎👎👎👎👎👎👎👎,Paket C - Pempek Kapal Selam Besar - Es Teller Duren,13 Februari 2020,2025-07-04 21:24:37
"Terang Bulan Bangka C.N.K, Karang Empat Besar",J****,2 September 2015,5.0,"enak , bersih , dan sesuai pesanan","Special (cokat,kacang,wijen,keju)",2 Desember 2019,2025-07-04 21:24:37
"Terang Bulan Bangka C.N.K, Karang Empat Besar",A****,10 Agustus 2015,5.0,"lebih enak dr pempek farina ,ini autentik asli pempek",N/A,24 Juli 2019,2025-07-04 21:24:37
"Terang Bulan Bangka C.N.K, Karang Empat Besar",A*****,12 September 2015,4.0,terlalu berminyak,N/A,20 Juni 2019,2025-07-04 21:24:37
"Terang Bulan Bangka C.N.K, Karang Empat Besar",E***,19 November 2016,4.0,"Tidak sesuai gambar, di gambar ada roti, as dateng ga ada",N/A,29 Maret 2019,2025-07-04 21:24:37
"Terang Bulan Bangka C.N.K, Karang Empat Besar",A***** W****,25 November 2015,3.0,Ukuran nya tidak sesuai dg harga nya,N/A,29 Juli 2018,2025-07-04 21:24:37
"Terang Bulan Bangka C.N.K, Karang Empat Besar",L***,4 Oktober 2017,5.0,terang bulan enak hangat baru matang.. ini paling penting.. made by order yg paling penting.. thankyou,N/A,23 Juli 2018,2025-07-04 21:24:37
"Terang Bulan Bangka C.N.K, Karang Empat Besar",B***,15 April 2018,1.0,porsi semakin sedikit,N/A,5 Juni 2018,2025-07-04 21:24:37
"Surabaya Patata, Dharmahusada",Anny Farida,9 September 2018,5.0,selalu bikin nagih rasanya😊,Black Patata,15 Juni 2025,2025-07-04 21:25:09
"Surabaya Patata, Dharmahusada",Otto Desyanto,3 September 2015,5.0,"kuenya pas rasanya, manisnya pas (mantab)",Cheese Patata,29 Januari 2025,2025-07-04 21:25:09
"Surabaya Patata, Dharmahusada",Satria Raydani,2 April 2019,5.0,mantap dan mantap,Black Patata,27 Desember 2024,2025-07-04 21:25:09
"Surabaya Patata, Dharmahusada",Faiq Subroto,14 Juni 2022,5.0,Terima kasih banyak,Cheese Patata - Doublechoco Patata,22 Desember 2024,2025-07-04 21:25:09
"Surabaya Patata, Dharmahusada",yopi permana,16 Desember 2016,5.0,makanan yang ngangenin.....,Nutella Patata - Cheese Patata,27 Oktober 2024,2025-07-04 21:25:09
"Surabaya Patata, Dharmahusada",Purnomo,5 November 2021,5.0,"super kaget donk krn liat flash sale harga patata semurah itu 
ng usah diragukan lagi rasa n kualitas surabaya patata
juara deh pokoknya , thanks gojek n patata",Flash Sale 2 Patata,5 Oktober 2024,2025-07-04 21:25:09
"Surabaya Patata, Dharmahusada",tijas sari,26 Agustus 2021,5.0,rasa tdk berubah dan sdh jadi makanan favorit kami sekeluarga💯💯💯👍👍👍,Cheese Patata,29 Agustus 2024,2025-07-04 21:25:09
"Surabaya Patata, Dharmahusada",A** S*****,16 Maret 2017,5.0,"lapis suramadu nya seret, gak lembut. panjang tapi tipis. krn dpt promo kukasih bintang 5 tp klo harga asli segitu mah gak sesuai. utk patatanya lumayan aja sih. kemanisan buatku.. yg manisnya paling pas yg cheese",Red velvet Patata - Black Patata - Cheese Patata - Lapis Suramadu Chocobar - Lapis Suramadu Choco Holic,2 Agustus 2024,2025-07-04 21:25:09
"Surabaya Patata, Dharmahusada",ubed,1 Februari 2018,5.0,"makasih banyak yaaa, patata is the best hehehe",Tiramisu Patata,26 Juli 2024,2025-07-04 21:25:09
"Surabaya Patata, Dharmahusada",ubed,1 Februari 2018,5.0,"udah mantap sih, cuma marah dikit pesan saya ada yg diubah hisss, meski bagus tapi gitu ga boleh ya mas mbak, harus amanah kalo dikasih kepercayaan, kalo mau nambahi pesan, taruh di kertas terpisah saran saya, jangan ngubah pesan customer, saya percaya loh ke kalian buat kasih pesan saya secara utuh, jadi lain kali ga boleh ngubah pesan customer gitu ya mas mbak 🥹, kalo mau ikutin saran saya diatas, taruh di kertas terpisah yaa, biar pesannya tersampaikan dan bisa diabadikan dan pesan kalian ke kami juga tersampaikan dan bisa diabadikan juga 🥹 please diterapin yaa sarannya, bukan mau menyerang kok, tapi saran aja biar customer tetep love with you guys, jadiin saran saya sebagai saran yang membangun yaaa, keep humble but stay profesional guys, love patata and the crew 🫶",Dessert Triple Chocolate Small,27 Juli 2024,2025-07-04 21:25:09
"Surabaya Patata, Dharmahusada",Baiti,3 April 2018,1.0,Exp tanggal 15 padahal beli banyak. Gak kayk di sidoarjo rotinya disini gak ada empuk2nya kek roti lama,Cheese Patata - Black Patata,12 Juni 2024,2025-07-04 21:25:09
"Surabaya Patata, Dharmahusada",B****,3 April 2018,1.0,Exp tanggal 15 padahal beli banyak. Gak kayk di sidoarjo rotinya disini gak ada empuk2nya kek roti lama,Cheese Patata - Red velvet Patata,12 Juni 2024,2025-07-04 21:25:09
"Surabaya Patata, Dharmahusada",Agung Budiarjo,12 Agustus 2015,5.0,top bgt rasanya,Dessert Milk Cheese Large - Black Patata - MINI PATATA CHEESE,4 Mei 2024,2025-07-04 21:25:09
"Surabaya Patata, Dharmahusada",C***** R**** P****,17 April 2020,5.0,pelayanan cepat,Black Patata,21 April 2024,2025-07-04 21:25:09
"Surabaya Patata, Dharmahusada",nadjey,21 April 2023,5.0,bagus buat oleh oleh,Black Patata - Cheese Patata,6 April 2024,2025-07-04 21:25:09
"Surabaya Patata, Dharmahusada",R****,28 Desember 2017,5.0,mantap selalu langganan deket rumah,Nutella Patata,13 April 2024,2025-07-04 21:25:09
"Surabaya Patata, Dharmahusada",V*********,22 Mei 2018,1.0,ada bagian yang ga mateng,Black Patata - Cheese Patata,10 April 2024,2025-07-04 21:25:09
"Surabaya Patata, Dharmahusada",yanti,18 September 2015,5.0,pokoknya rasanya patata mak nyus,Cheese Patata,2 April 2024,2025-07-04 21:25:09
"Surabaya Patata, Dharmahusada",yanti,18 September 2015,5.0,sdh sering beli patata the best emang,Cheese Patata,2 April 2024,2025-07-04 21:25:09
"Surabaya Patata, Dharmahusada",X*** L***** A****,17 Mei 2022,5.0,"mantap rasanya .
murah harganya",Cheese Patata,17 Februari 2024,2025-07-04 21:25:09
"Surabaya Patata, Dharmahusada",L**** S*********,30 Agustus 2017,5.0,puas dengan layanan drivernya,Nutella Patata,13 Februari 2024,2025-07-04 21:25:09
"Surabaya Patata, Dharmahusada",Catur Satyawira,30 Maret 2016,5.0,rasanya enak bgt,Lapis Suramadu Cheese - Lapis Suramadu Choco Peanut,30 Januari 2024,2025-07-04 21:25:09
"Surabaya Patata, Dharmahusada",Ifhal Iphank's,26 Agustus 2017,5.0,"Setiap kunjungan kesurabaya gak lupa oleh olehnya Patata surabaya,,,",Cheese Patata - Nutella Patata - Tiramisu Patata - Black Patata,26 Januari 2024,2025-07-04 21:25:09
"Surabaya Patata, Dharmahusada",Muhammad Van'an dwinanda,25 Juni 2022,5.0,pelayanan baik dan pengiriman cepat,Black Patata - Cheese Patata,11 November 2023,2025-07-04 21:25:09
"Surabaya Patata, Dharmahusada",niken yuli ardiana,6 April 2022,5.0,okeeeee bangetttttt,Doublechoco Patata,7 September 2023,2025-07-04 21:25:09
"Surabaya Patata, Dharmahusada",Helena papilaya,1 Juni 2022,5.0,makasih kak karena sudah dianter tepat waktu,Cheese Patata,13 Juli 2023,2025-07-04 21:25:09
"Surabaya Patata, Dharmahusada",desmita sari nurma,5 September 2017,5.0,"makanan yang selama ini teridam""kan akhirnya dapat juga, btw itu mau dibawa ke riau akhirnya dengan melakukan berbagai macam usaha akhirnya bisa menikmatinya juga, udah pernah juga coba ngerasain produk lain yang agak mirip sama blackpatatanya tapi tetap gak bisa ngobati idamannya sama si blackpatata ya, pokoknya surbaaya patata is the best👍👍coba aja kalau di riau ada surabaya patata pasti tiap hari bisa makan itu,, tolong buka cabang di riau dong biar pas ngidam lagi bisa langsung menikmatinya tanpa pakai drama ini dan itu🤭🤭🤭",Black Patata - Cheese Patata,7 Juli 2023,2025-07-04 21:25:09
"Surabaya Patata, Dharmahusada",audy dinda,9 Januari 2022,5.0,allhamdulillah rasa ga mengecawakan. pertahankan kwalitasnya,Cheese Patata,19 Juni 2023,2025-07-04 21:25:09
"Surabaya Patata, Dharmahusada",F** T* M**,21 April 2022,5.0,"Enak, anak istri saya suka",Black Patata - Cheese Patata - Greentea Patata,12 Mei 2023,2025-07-04 21:25:09
"Surabaya Patata, Dharmahusada",widi,20 Juni 2017,5.0,"MANTAP BETUL, WENAK POOL NAGIHIN",Doublechoco Patata,26 April 2023,2025-07-04 21:25:09
"Surabaya Patata, Dharmahusada",Syiffa Ajeng Nur Fadhilla,9 Oktober 2019,5.0,Terimakasih selalu rindu sama patata setiap ke Surabaya,Red velvet Patata - Paket Bundling,31 Maret 2023,2025-07-04 21:25:09
"Surabaya Patata, Dharmahusada",N***,5 Januari 2022,5.0,Enak banget dan selalu repeat order,Red velvet Patata,14 Maret 2023,2025-07-04 21:25:09
"Surabaya Patata, Dharmahusada",Pandu Pradinata,12 Februari 2023,5.0,terimakasih crew.selalu bawa oleh oleh ini setiap mau pulang ke jakarta 🥰,Nutella Patata,12 Maret 2023,2025-07-04 21:25:09
"Surabaya Patata, Dharmahusada",ervin,31 Januari 2019,5.0,"mantap, enak, bagus",Greentea Patata,25 Februari 2023,2025-07-04 21:25:09
"Surabaya Patata, Dharmahusada",Nuniek,13 Mei 2018,5.0,Terimakasih Surabaya Patata Dharma Husada sudah menerima order saya krn td sy order di cabang jemursari di cancel jd saya kecewa. Sukses untuk Surabaya Patata Dharma Husada,Black Patata,10 Januari 2023,2025-07-04 21:25:09
"Surabaya Patata, Dharmahusada",Alfiah Rizki Perdani,11 September 2017,4.0,mantap pasti suka buat oleh2 orang rumah,Cheese Patata - Black Patata,9 Desember 2022,2025-07-04 21:25:09
"Surabaya Patata, Dharmahusada",Dita Shintya,8 Agustus 2020,5.0,"selalu langganan kalau ke sby, selalu ke patata 🥰 enak dan harganya juga affordable, recommended banget buat yang suka kue kue lembut gitu",Nutella Patata,30 November 2022,2025-07-04 21:25:09
"Surabaya Patata, Dharmahusada",B**** B******,27 Juni 2019,2.0,di krim nya yg red velvet ada pecahan kulit telur. baru kali ini Nemu cake yg ada bonus kulit telurnya.,Greentea Patata,17 Oktober 2022,2025-07-04 21:25:09
"Surabaya Patata, Dharmahusada",heri,9 Mei 2022,5.0,nyoba varian baru coklat choco . tp blm bisa cobain krna buat kado wkwk,Doublechoco Patata,18 Oktober 2022,2025-07-04 21:25:09
"Surabaya Patata, Dharmahusada",Liana,6 Oktober 2017,4.0,"cake bagian rotinya gak selembut dulu.
dulu kalau dimasukkan kulkas makin legit,,tapi sekarang jadi kering",Tiramisu Patata - Dessert Durian Small - Dessert Triple Chocolate Small,17 Oktober 2022,2025-07-04 21:25:09
"Surabaya Patata, Dharmahusada",Angga Ari Yudha,9 Desember 2015,4.0,bisa lah jika mau pesan lagi,Greentea Patata,23 September 2022,2025-07-04 21:25:09
"Surabaya Patata, Dharmahusada",A*****,13 Desember 2020,5.0,terimakasih kak,Black Patata,13 Oktober 2022,2025-07-04 21:25:09
"Surabaya Patata, Dharmahusada",oktavia ratna ayu,2 Januari 2017,5.0,sayang deh sama masnya,Black Patata,4 Oktober 2022,2025-07-04 21:25:09
"Surabaya Patata, Dharmahusada",yuka,21 Mei 2018,5.0,"cake nya surabaya patata emang gak pernah gagal, de best",Dessert Redvellvet Small - Dessert Oreo Small - Strawberry Patata,23 September 2022,2025-07-04 21:25:09
"Surabaya Patata, Dharmahusada",E**** Y******,18 Februari 2017,1.0,"Kue seperti sudah lama, tidak segar ada aroma kue basi.. kapok beli kue disini.. mohon diperhatikan, kalau jual makanan harus selalu fresh",Nutella Patata,16 September 2022,2025-07-04 21:25:09
"Surabaya Patata, Dharmahusada",Eka Karuniawati,16 Mei 2022,5.0,mantap rasanyaaa,Cheese Patata,16 September 2022,2025-07-04 21:25:09
"Surabaya Patata, Dharmahusada",rani wijaya,26 November 2020,1.0,"yg chesse jamuran.. 
gk bs dimakan jdnya kebuang rugi beli surabaya patata harga jg gk murah menurut saya mending kalo oleh2 cari yg emg sudah punya nama...",Nutella Patata - Cheese Patata,27 Agustus 2022,2025-07-04 21:25:09
"Surabaya Patata, Dharmahusada",Novie titi,22 September 2018,5.0,rasa mantap lembut anak2 aq suka terima kasih,Doublechoco Patata - Greentea Patata,26 Agustus 2022,2025-07-04 21:25:09
"Surabaya Patata, Dharmahusada",I**,28 Maret 2018,5.0,patata is the best,Black Patata - Tiramisu Patata,31 Juli 2022,2025-07-04 21:25:09
"Surabaya Patata, Dharmahusada",AGUS,13 April 2018,5.0,"keren enak , recomended pokoknya",Black Patata - Nutella Patata - Greentea Patata,21 Juli 2022,2025-07-04 21:25:09
"Surabaya Patata, Dharmahusada",Pak Wir,4 Desember 2015,5.0,udah langganan...,Cheese Patata,28 Juni 2022,2025-07-04 21:25:09
"Surabaya Patata, Dharmahusada",V******,25 Februari 2022,5.0,"Enak banget, nyesel beli yang separuh doang",Half Patata Greentea,29 Juni 2022,2025-07-04 21:25:09
"Surabaya Patata, Dharmahusada",P******* S***,3 Maret 2021,4.0,"yeee dapet kado 25weeks pregnant dari ayang .
kwalitas sponge cake nya berubah bngt dari dlu aku psen.. skrg lebih kopong . dan kue nya gak sepadet dlu 👍🏻🙏🏻",Red velvet Patata,9 Juni 2022,2025-07-04 21:25:09
"Surabaya Patata, Dharmahusada",C******,1 Desember 2018,5.0,enakkkkkk banget kuenyaa,Black Patata - Nutella Patata - Greentea Patata,14 Mei 2022,2025-07-04 21:25:09
"Surabaya Patata, Dharmahusada",C******,1 Desember 2018,5.0,enakk bangettt. cocok buat oleh2,Black Patata - Nutella Patata,15 Mei 2022,2025-07-04 21:25:09
"Surabaya Patata, Dharmahusada",arka,26 November 2017,5.0,buka lagi dong di bandara juanda biar gampang pesennya,Greentea Patata - Strawberry Patata,3 Mei 2022,2025-07-04 21:25:09
"Surabaya Patata, Dharmahusada",D***,16 Januari 2018,5.0,agak sedih karna expired patata dulu bisa sampe 5 hari skrg max cuma 3-4hari😞,Black Patata - Nutella Patata - Cheese Patata,22 April 2022,2025-07-04 21:25:09
"Surabaya Patata, Dharmahusada",J****** V******* S********,8 Oktober 2017,5.0,"Patata emang selalu dihati. Rasanya pas dilidah saya.
Pokoknya kalau mampir ke Surabaya WAJIB deh",Greentea Patata,23 Maret 2022,2025-07-04 21:25:09
"Surabaya Patata, Dharmahusada",R**** E** P***********,27 Juni 2015,5.0,patatanya buat surprise ke temen. kaget banget pas dateng polosan karna baru pertama beli. tapi untuk rasa cake dan dessertnya oke punya 👍🏻👍🏻,Black Patata - Dessert Lotus Large - Dessert Milk Cheese Small - Dessert Oreo Small,1 Maret 2022,2025-07-04 21:25:09
"Surabaya Patata, Dharmahusada",ilmi / febri,9 September 2017,5.0,terima kasih kue nya enak,Nutella Patata,25 Februari 2022,2025-07-04 21:25:09
"Surabaya Patata, Dharmahusada",sinta darmayanti,20 Oktober 2020,5.0,mantul banget rasanya 👌🥰,Cheese Patata,13 Februari 2022,2025-07-04 21:25:09
"Surabaya Patata, Dharmahusada",Danang Utaryo,29 Oktober 2021,5.0,weenak teeenaan maknyusss,Cheese Patata - Greentea Patata,27 Desember 2021,2025-07-04 21:25:09
"Surabaya Patata, Dharmahusada",siska,17 Oktober 2018,5.0,benar benar enak banget,Buy 2 Get 1 Free Dessert Patata,2 Februari 2022,2025-07-04 21:25:09
"Surabaya Patata, Dharmahusada",Lana Ulfa,26 Januari 2019,5.0,Cake yang paling aku suka... Surabaya Patata Green Tea. Enakkkk bangettt,Greentea Patata,31 Januari 2022,2025-07-04 21:25:09
"Surabaya Patata, Dharmahusada",Putri Anggia,24 Januari 2022,5.0,semangat trussss🙆‍♀️,Half Patata Nutella - Half Patata Tiramisu - Half Patata Cheese,25 Januari 2022,2025-07-04 21:25:09
"Surabaya Patata, Dharmahusada",Noel,10 Juli 2021,1.0,tidak sesuai harganya..,Red velvet Patata,23 Januari 2022,2025-07-04 21:25:09
"Surabaya Patata, Dharmahusada",Eny kustiyah,27 Februari 2019,5.0,enak kuenya sip rasanya...,Tiramisu Patata,20 Januari 2022,2025-07-04 21:25:09
"Surabaya Patata, Dharmahusada",Eny kustiyah,27 Februari 2019,5.0,rasanya mantab mantab mantab,Black Patata,20 Januari 2022,2025-07-04 21:25:09
"Surabaya Patata, Dharmahusada",Putra,5 November 2019,5.0,Selalu langganan makasi banyak gojek sering” promo hehhee,Nutella Patata,19 Januari 2022,2025-07-04 21:25:09
"Surabaya Patata, Dharmahusada",Bilkisti Hardiyono,18 Februari 2020,5.0,mksh.....mempermudah belanja saya...kue nya mantullll,Nutella Patata - Black Patata - Tiramisu Patata - Red velvet Patata,14 Januari 2022,2025-07-04 21:25:09
"Surabaya Patata, Dharmahusada",Latiefix,3 September 2015,3.0,order ditolak berkali-kali,Greentea Patata,2 Januari 2022,2025-07-04 21:25:09
"Surabaya Patata, Dharmahusada",Agus Handito,29 Agustus 2019,5.0,good food wonderfull already,Cheese Patata - Black Patata,26 Desember 2021,2025-07-04 21:25:09
"Surabaya Patata, Dharmahusada",mahanny,25 Januari 2018,5.0,Enaaaakkkkkkkkk,Nutella Patata,9 Desember 2021,2025-07-04 21:25:09
"Surabaya Patata, Dharmahusada",M******,25 Januari 2018,5.0,Enakkkkkkkkkkkk,Nutella Patata,9 Desember 2021,2025-07-04 21:25:09
"Surabaya Patata, Dharmahusada",M******,25 Januari 2018,5.0,Enakkkkkkkkkkkk,Nutella Patata,9 Desember 2021,2025-07-04 21:25:09
"Surabaya Patata, Dharmahusada",Dedy,12 Juli 2018,5.0,soal rasa ga perlu di ragukan lagi,Dessert Durian Large,3 Desember 2021,2025-07-04 21:25:09
"Surabaya Patata, Dharmahusada",Dedy,12 Juli 2018,5.0,soal rasa ga perlu di ragukan lagi,Dessert Durian Large,3 Desember 2021,2025-07-04 21:25:09
"Surabaya Patata, Dharmahusada",R***,30 April 2017,3.0,kejunya kurang banyak hohohohohoho ga kerasa kejunya,Cheese Patata - Dessert Durian Large,3 Oktober 2021,2025-07-04 21:25:09
"Surabaya Patata, Dharmahusada",D****,25 April 2017,5.0,"enak,murah,higieniss",Black Patata,3 September 2021,2025-07-04 21:25:09
"Surabaya Patata, Dharmahusada",E***** D***,1 Juli 2019,4.0,variannya gak update. waktu pesan semua di buka ternyata cuma ada black & red velvet. terlanjur beli yg black. tau gitu beli di store ahmad yani,Red velvet Patata,28 Agustus 2021,2025-07-04 21:25:09
"Surabaya Patata, Dharmahusada",I*** R****,27 Oktober 2017,5.0,Kalo pengen patata selalu order gofood karna banyak promo,Black Patata,20 Juni 2021,2025-07-04 21:25:09
"Surabaya Patata, Dharmahusada",I*** R****,27 Oktober 2017,5.0,Kalo pengen patata selalu order gofood karna banyak promo,Cheese Patata,20 Juni 2021,2025-07-04 21:25:09
"Surabaya Patata, Dharmahusada",I*** R****,27 Oktober 2017,5.0,Kalo pengen patata selalu order gofood karna banyak promo,Redvelvet Patata - Half Patata Redvelvet,20 Juni 2021,2025-07-04 21:25:09
"Surabaya Patata, Dharmahusada",I*** R****,27 Oktober 2017,5.0,Kalo pengen patata selalu order gofood karna banyak promo,Green Tea Patata,20 Juni 2021,2025-07-04 21:25:09
"Surabaya Patata, Dharmahusada",I*** R****,27 Oktober 2017,5.0,Kalo pengen patata selalu order gofood karna banyak promo,Redvelvet Patata,23 Juni 2021,2025-07-04 21:25:09
"Surabaya Patata, Dharmahusada",I*** R****,27 Oktober 2017,5.0,Kalo pengen patata selalu order gofood karna banyak promo,Redvelvet Patata,23 Juni 2021,2025-07-04 21:25:09
"Surabaya Patata, Dharmahusada",I*** R****,27 Oktober 2017,5.0,Kalo pengen patata selalu order gofood karna banyak promo,Redvelvet Patata,23 Juni 2021,2025-07-04 21:25:09
"Surabaya Patata, Dharmahusada",I*** R****,27 Oktober 2017,5.0,Kalo pengen patata selalu order gofood karna banyak promo,Redvelvet Patata,23 Juni 2021,2025-07-04 21:25:09
"Surabaya Patata, Dharmahusada",I*** R****,27 Oktober 2017,5.0,Kalo pengen patata selalu order gofood karna banyak promo,Black Patata,23 Juni 2021,2025-07-04 21:25:09
"Surabaya Patata, Dharmahusada",I*** R****,27 Oktober 2017,5.0,Kalo pengen patata selalu order gofood karna banyak promo,Redvelvet Patata,23 Juni 2021,2025-07-04 21:25:09
"Surabaya Patata, Dharmahusada",I*** R****,27 Oktober 2017,5.0,Kalo pengen patata selalu order gofood karna banyak promo,Redvelvet Patata,26 Juni 2021,2025-07-04 21:25:09
"Surabaya Patata, Dharmahusada",I*** R****,27 Oktober 2017,5.0,Kalo pengen patata selalu order gofood karna banyak promo,Half Patata Nutella - Half Patata Redvelvet,26 Juni 2021,2025-07-04 21:25:09
"Surabaya Patata, Dharmahusada",I*** R****,27 Oktober 2017,5.0,Kalo pengen patata selalu order gofood karna banyak promo,Cheese Patata,26 Juni 2021,2025-07-04 21:25:09
"Surabaya Patata, Dharmahusada",I*** R****,27 Oktober 2017,5.0,Kalo pengen patata selalu order gofood karna banyak promo,Cheese Patata,26 Juni 2021,2025-07-04 21:25:09
"Surabaya Patata, Dharmahusada",I*** R****,27 Oktober 2017,5.0,Kalo pengen patata selalu order gofood karna banyak promo,Redvelvet Patata - Tiramisu Patata,1 Juli 2021,2025-07-04 21:25:09
"Surabaya Patata, Dharmahusada",I*** R****,27 Oktober 2017,5.0,Kalo pengen kue ini selalu pesen lewat gofood karna banyak promo,Black Patata - Redvelvet Patata,1 Juli 2021,2025-07-04 21:25:09
"Surabaya Patata, Dharmahusada",I*** R****,27 Oktober 2017,5.0,Enak sekalii rasany,Nutella Patata,1 Juli 2021,2025-07-04 21:25:09
"Surabaya Patata, Dharmahusada",I*** R****,27 Oktober 2017,5.0,Suka banget sama rasanya,Nutella Patata,1 Juli 2021,2025-07-04 21:25:09
"Surabaya Patata, Dharmahusada",I*** R****,27 Oktober 2017,5.0,Enak pol porsinya juga banyak,Cheese Patata,6 Juli 2021,2025-07-04 21:25:09
"Surabaya Patata, Dharmahusada",I*** R****,27 Oktober 2017,5.0,Enak banget rasanya ga bohong,Tiramisu Patata,6 Juli 2021,2025-07-04 21:25:09
"Surabaya Patata, Dharmahusada",I*** R****,27 Oktober 2017,5.0,Dunia harus merasakan makanan ter enak ini,Black Patata,29 Juli 2021,2025-07-04 21:25:09
"Surabaya Patata, Dharmahusada",I*** R****,27 Oktober 2017,5.0,Banyak banget porsinya rasanya juga enak,Nutella Patata - Tiramisu Patata,29 Juli 2021,2025-07-04 21:25:09
"Surabaya Patata, Dharmahusada",I*** R****,27 Oktober 2017,5.0,"Enak banget kue nya ,, besar bangett porsinya",Black Patata - Red velvet Patata,29 Juli 2021,2025-07-04 21:25:09
"Surabaya Patata, Dharmahusada",I*** R****,27 Oktober 2017,5.0,Rasanya nagih banget di lidah,Cheese Patata - Red velvet Patata,31 Juli 2021,2025-07-04 21:25:09
"Surabaya Patata, Dharmahusada",I*** R****,27 Oktober 2017,5.0,Rasanya enak banget kue nya,Greentea Patata - Tiramisu Patata,31 Juli 2021,2025-07-04 21:25:09
"Surabaya Patata, Dharmahusada",I*** R****,27 Oktober 2017,5.0,Rasanya mantap banget,Black Patata,31 Juli 2021,2025-07-04 21:25:09
"Surabaya Patata, Dharmahusada",I*** R****,27 Oktober 2017,5.0,Mantap banget kue nya,Cheese Patata,31 Juli 2021,2025-07-04 21:25:09
"Surabaya Patata, Dharmahusada",J*****,9 November 2015,4.0,"tolong dicantumkan tgl produksi juga, tks",Tiramisu Patata,4 Agustus 2021,2025-07-04 21:25:09
"Surabaya Patata, Dharmahusada",U*** N******,26 Juni 2015,5.0,selalu enak Surabaya patata,Cheese Patata - Green Tea Patata - Nutella Patata,13 Juni 2021,2025-07-04 21:25:09
"Surabaya Patata, Dharmahusada",E** W****,25 November 2015,5.0,patata oreo emang yahud,Black Patata,4 Mei 2021,2025-07-04 21:25:09
"Surabaya Patata, Dharmahusada",E*** P**********,8 Desember 2017,5.0,paporitnya anak2 sya... oreo.. terimakasih ya..,Black Patata,11 April 2021,2025-07-04 21:25:09
"Surabaya Patata, Dharmahusada",T***,21 Juli 2015,5.0,terimakasih banyak ya mbak atas kelezatan rasanya,Tiramisu Patata - Cheese Patata - Nutella Patata,4 April 2021,2025-07-04 21:25:09
"Surabaya Patata, Dharmahusada",A****,23 Oktober 2016,5.0,minta resepnya dong,N/A,13 Desember 2020,2025-07-04 21:25:09
"Surabaya Patata, Dharmahusada",R*** P******,20 April 2018,5.0,Terima kasih banyak pak,Cheese Patata,24 September 2020,2025-07-04 21:25:09
"Surabaya Patata, Dharmahusada",Y**** H*******,5 Maret 2017,5.0,super enak rasanya,Cheese Patata,25 Juni 2020,2025-07-04 21:25:09
"Surabaya Patata, Dharmahusada",Z***,31 Desember 2015,4.0,"Tolong ditambah keterangan beratnya berapa gram. Karna masih puasa, belum bisa coba rasanya. Jadi kurang tau ini worth atau ngga.",Kastengel - Putri Salju - Choco Chip - Doule Choco,23 Mei 2020,2025-07-04 21:25:09
"Surabaya Patata, Dharmahusada",E** O****,18 September 2015,2.0,"kok skrg cepet berjemur ya, pdhl pas pengantaran tdk hujan, pesen sabtu, minggu pagi udh jamuran..
pdhl dulu masih tahan 3hari setelah pesan",Cheese Patata,18 April 2020,2025-07-04 21:25:09
"Surabaya Patata, Dharmahusada",D****,13 Mei 2018,5.0,makanan berkualitas 💖,Nutella Patata,24 Maret 2020,2025-07-04 21:25:09
"Surabaya Patata, Dharmahusada",S*****,27 September 2018,5.0,sip....mantul....,Cheese Patata,10 Maret 2020,2025-07-04 21:25:09
"Surabaya Patata, Dharmahusada",R***,20 Desember 2016,5.0,"Ke surabaya, makan cendol. Patata, wenak poooolllll😁👍🏻",Black Patata,27 Februari 2020,2025-07-04 21:25:09
"Kebab Kings, Kenjeran",W***,7 Oktober 2018,5.0,"Kebab nya enak bangett.. Request sesuai yg diminta, dagingnya banyak banget. Dulu banget udah langganan disini, sempet kecewa tapi ternyata skg rasanya sama enaknya seperti dulu. Sipp next bakal reorder lagi👍",Kebab BlackPepa,30 Agustus 2023,2025-07-04 21:25:27
"Kebab Kings, Kenjeran",K******,3 September 2022,5.0,rasanya jos SDH order bolak balik GK pernah bosen👍👍👍👍pokoknya uenak sekali😋😋😋,Telur,22 Agustus 2023,2025-07-04 21:25:27
"Kebab Kings, Kenjeran",J***,3 September 2022,5.0,"Joss rasane sipp,meskipun pesen nya telur aja tapi sesuai pesanan👍👍👍",Telur,8 Februari 2023,2025-07-04 21:25:27
"Kebab Kings, Kenjeran",Ahmed Bayhaqi,10 Januari 2022,1.0,saya mesan yang jumbo datangnya yang ukuran biasa dan coca-cola ndak dingin,Kebab Jumbo Beef,20 Oktober 2022,2025-07-04 21:25:27
"Kebab Kings, Kenjeran",M***,10 Oktober 2015,1.0,"Tdk sesuai ekspektasi, tdk enak rasanya",Kebab Jumbo,29 Oktober 2019,2025-07-04 21:25:27
"Tahu Tek Pak Jayen, Dharmahusada",J****,5 Oktober 2016,4.0,"beli 2porsi komplit
1 ndak ada telornya
1 isinya hampir tahu semua 😂😂",Tahu Telur Komplit - Tambah Kerupuk + Bumbu,29 Juni 2025,2025-07-04 21:26:01
"Tahu Tek Pak Jayen, Dharmahusada",J**** S*******,15 September 2017,1.0,telornya sangat sedikit padahal katanya telor 2 untuk menu tahu tek jumbo... mengecewakan,Tahu Telor Jumbo,19 Juni 2025,2025-07-04 21:26:01
"Tahu Tek Pak Jayen, Dharmahusada",S******,6 Oktober 2016,5.0,bumbunya enak bgt ya ampon nagih pwolll,Tahu Telur Komplit,14 Juni 2025,2025-07-04 21:26:01
"Tahu Tek Pak Jayen, Dharmahusada",Leon,21 Februari 2021,4.0,"pesen ga pedes tapi di kasih pedes 1 , pesen ga pake camba malah pke semua",Tahu Telor Komplit (tidak Pedas),16 Juni 2025,2025-07-04 21:26:01
"Tahu Tek Pak Jayen, Dharmahusada",Indra,15 Oktober 2015,5.0,enak enak enak banget,Tahu Telor Jumbo,17 Mei 2025,2025-07-04 21:26:01
"Tahu Tek Pak Jayen, Dharmahusada",K. Darmayanti,24 Juni 2016,4.0,rasanya hari ini kurang enak sama sekali,Tahu Telur Komplit,25 Mei 2025,2025-07-04 21:26:01
"Tahu Tek Pak Jayen, Dharmahusada",Jessica Suherman,21 Maret 2016,3.0,"utk bumbunya sih enak, tp kayaknya lupa dikasih kecambah soalnya ga ada kecambahnya sama sekali. kasian suami saya pulang kerja capek2 jadi kurang nikmat makannya. perlu lebih teliti lg yaa",Tahu Telor Komplit (tidak Pedas),22 Mei 2025,2025-07-04 21:26:01
"Tahu Tek Pak Jayen, Dharmahusada",Andong Tri Setyonegoro,4 Januari 2017,5.0,enak kalau sby pasti beli,Tahu Telor Jumbo,22 Mei 2025,2025-07-04 21:26:01
"Tahu Tek Pak Jayen, Dharmahusada",Rini Widyaningrum,30 Januari 2018,5.0,enak dan porsinya super kenyaaang (utk cewek bisa buat 2x makan deh),Tahu Telor Komplit (tidak Pedas) - Tahu Telor (lontong Ganti Kentang) Pedes,21 Mei 2025,2025-07-04 21:26:01
"Tahu Tek Pak Jayen, Dharmahusada",U******,3 Juli 2017,3.0,kecambah nya gak ada😭😭,Tahu Telor Komplit (pedes Sedang) - Tambah Kerupuk + Bumbu - Tambah Telur,13 Mei 2025,2025-07-04 21:26:01
"Tahu Tek Pak Jayen, Dharmahusada",titiek,30 Agustus 2015,3.0,"minta telur pisah ya .... gak d baca 
1 pedas 1 tidak pedas ..
mintol d baca catatan 😭",Tahu Telur Komplit - Tahu Telor (lontong Ganti Kentang) Pedes,24 April 2025,2025-07-04 21:26:01
"Tahu Tek Pak Jayen, Dharmahusada",Bambang Soemardiono,6 Juni 2019,5.0,the best Tahu Tek  se Surabaya🤗👍,Tambah Kentang - Tahu Telor Komplit (pedes Sedang),11 April 2025,2025-07-04 21:26:01
"Tahu Tek Pak Jayen, Dharmahusada",B****,16 November 2015,3.0,"Biasnaya enak ini beda banget dan banyakan tahunya daripada telor, daaan ada straples di makanannya untung g ketelen dan gak luka, keknya perlu ditingkatkan deh cara bungkus dll lah",Tahu Telur Komplit,6 Februari 2025,2025-07-04 21:26:01
"Tahu Tek Pak Jayen, Dharmahusada",F*** D**,28 Desember 2021,5.0,semuanya melimpah krn pesen yg jumbo,Tahu Telor Jumbo,21 Maret 2025,2025-07-04 21:26:01
"Tahu Tek Pak Jayen, Dharmahusada",ayu kirana,30 Juni 2015,5.0,"enak lah, pak jayen gitu. dari dulu jaman kuliah sampe sekarang tetep enak. bedanya sekarang gak kuat kalo terlalu pedes",Tahu Telur Komplit - Tahu Telor Komplit (pedes Sedang),21 Maret 2025,2025-07-04 21:26:01
"Tahu Tek Pak Jayen, Dharmahusada",cut sasi,4 Oktober 2015,4.0,Paru gorengnya rada gosong 😔,Tahu Telur Komplit,13 Maret 2025,2025-07-04 21:26:01
"Tahu Tek Pak Jayen, Dharmahusada",Ruby K,5 Juni 2020,3.0,"Telurnya kaya gada bumbu:D Terus, ini emang gapake acar?",Tahu Telor Jumbo,25 Februari 2025,2025-07-04 21:26:01
"Tahu Tek Pak Jayen, Dharmahusada",Queen,4 Februari 2017,2.0,minta pedes gak pedes samasekali,Tahu Telur Komplit,22 Februari 2025,2025-07-04 21:26:01
"Tahu Tek Pak Jayen, Dharmahusada",gusur,1 Februari 2025,3.0,tiap req sendok selalu ga ada,Tahu Telur Komplit - Tambah Telur,20 Februari 2025,2025-07-04 21:26:01
"Tahu Tek Pak Jayen, Dharmahusada",yenny,8 Desember 2015,1.0,BACA LAGI DAN DI CEK ULANG PESANAN. SALAAAAAAAAAH SEMUA,Tahu Telor Komplit (super Pedes) - Tahu Telur Komplit (Pedes) - Tahu Telor Komplit (tidak Pedas) - Tambah Telur - Tambah Kentang,21 Februari 2025,2025-07-04 21:26:01
"Tahu Tek Pak Jayen, Dharmahusada",C********,28 Juli 2016,2.0,rasanya biasa aja..tidak seperti promosinya,Tahu Telor (lontong Ganti Kentang) Pedes - Tambah Telur,17 Februari 2025,2025-07-04 21:26:01
"Tahu Tek Pak Jayen, Dharmahusada",Retnanik,15 Juni 2024,5.0,sayangnya lontong nya dikit,Tahu Telur Komplit,15 Februari 2025,2025-07-04 21:26:01
"Tahu Tek Pak Jayen, Dharmahusada",R****,4 Juni 2016,4.0,"Bawa pulang selalu bumbu petisnya kurang , lebih banyak dimakan ditempat",Tahu Telur Komplit,26 Januari 2025,2025-07-04 21:26:01
"Tahu Tek Pak Jayen, Dharmahusada",Agus NR,28 Oktober 2019,4.0,Alat makannya ga disediakan 👎,Tahu Telur Komplit,6 Februari 2025,2025-07-04 21:26:01
"Tahu Tek Pak Jayen, Dharmahusada",akhsananta,22 Juni 2016,5.0,enak pak.. makasihhh,Tahu Telur Komplit (Pedes) - Tahu Telor (lontong Ganti Kentang) Pedes,11 Januari 2025,2025-07-04 21:26:01
"Tahu Tek Pak Jayen, Dharmahusada",akhsananta,22 Juni 2016,5.0,sipp mantapp pak jayen.. enak ya,Tahu Telur Komplit,21 Desember 2024,2025-07-04 21:26:01
"Tahu Tek Pak Jayen, Dharmahusada",M****,29 Maret 2021,1.0,"pesen 2 porsi telur, tapi telurnya nggak dibungkus kertas sendiri tapi dijadikan satu dengan pesanan lainya dan dicampur tahu pula. di menu nya tertulis telur aja gak ada tambahan embel2 tahu. terus yg dijadikan satu juga ga keliatan kalau ada tambahan telur nya sama sekali, malah kelihatan banyak tahu nyaa tok.",Tahu Telor (lontong Ganti Kentang) Pedes - Tambah Telur - Tambah Kerupuk + Bumbu,26 Januari 2025,2025-07-04 21:26:01
"Tahu Tek Pak Jayen, Dharmahusada",D*** H S,6 Maret 2016,4.0,"tulisannya ada kecambah tp nda ada, jd cma isa tahu telor lontong kentang, krng kecambahnya",Tahu Telor Komplit (super Pedes) - Tambah Kentang - Tambah Telur,23 Januari 2025,2025-07-04 21:26:01
"Tahu Tek Pak Jayen, Dharmahusada",Fidia,18 Januari 2017,2.0,"kecewa niatx pesen tahu tek 2 porsi , ternyata cuman bumbu sama krupuk saja yg datang. masa iya resto gak konfirmasi dlu apa bener ini pesanx hanya bumbu dan krupuk. jadi mubadzir mana sy baru datang dr luar kota. mau diapain ini bumbux sdh malam begini gk bs beli tahu tekx lg karna tokox jg sdh keburu tutup. maaf jd gk dirasain",Tambah Kerupuk + Bumbu,17 Januari 2025,2025-07-04 21:26:01
"Tahu Tek Pak Jayen, Dharmahusada",risma,9 Juli 2017,4.0,Telurnya jgn dicampur tahu,Tahu Telor (lontong Ganti Kentang) Pedes,15 Januari 2025,2025-07-04 21:26:01
"Tahu Tek Pak Jayen, Dharmahusada",M******* D*****,30 Maret 2019,4.0,dulu pernah diberi sendok...,Tahu Telor (lontong Ganti Kentang) Pedes,14 Januari 2025,2025-07-04 21:26:01
"Tahu Tek Pak Jayen, Dharmahusada",S*******,16 September 2015,1.0,"Tidak sesuai pesanan, pesan 1 pedas 1 tidak pedas, dikirim bumbu nya tidak pedas semua",Tahu Telur Komplit - Tahu Telor Komplit (tidak Pedas),8 Januari 2025,2025-07-04 21:26:01
"Tahu Tek Pak Jayen, Dharmahusada",Fatih,7 Mei 2015,1.0,"tidak ada sendoknya, sudah request",Tahu Telor Komplit (pedes Sedang) - Tahu Telur (lontong Ganti Kentang) Super Pedes - Tambah Kerupuk + Bumbu,1 Januari 2025,2025-07-04 21:26:01
"Tahu Tek Pak Jayen, Dharmahusada",Yokohiko,11 Maret 2017,3.0,minta lombok 2 tp gk ada lombok sama sekali,Tahu Telur Komplit,30 Desember 2024,2025-07-04 21:26:01
"Tahu Tek Pak Jayen, Dharmahusada",yosua pandu,14 Oktober 2015,5.0,"Bumbu mbek krupuke ambyar, bisa minta bumbu dipisah & sendok jg dikasih, rasa gak perlu ditanya",Tahu Telor Komplit (pedes Sedang),28 Desember 2024,2025-07-04 21:26:01
"Tahu Tek Pak Jayen, Dharmahusada",O*** M******,1 Agustus 2015,4.0,kerupuknya ayem kakk,Tahu Telor Jumbo,28 November 2024,2025-07-04 21:26:01
"Tahu Tek Pak Jayen, Dharmahusada",Merry Definna,7 Juli 2016,3.0,"Tahu terlalu kering dan potongannya terlalu besar.
bumbu enak",Tahu Telor (lontong Ganti Kentang) Pedes,3 Desember 2024,2025-07-04 21:26:01
"Tahu Tek Pak Jayen, Dharmahusada",J*,27 Desember 2015,5.0,Muaaantuaaaaabbbbbbbbbb,Tahu Telur Komplit,2 Desember 2024,2025-07-04 21:26:01
"Tahu Tek Pak Jayen, Dharmahusada",giani,24 Juni 2020,5.0,terimakasih enak sekali,Tahu Telur Komplit,30 November 2024,2025-07-04 21:26:01
"Tahu Tek Pak Jayen, Dharmahusada",Sofia Namira,27 Desember 2018,5.0,enak banget pliss,Tahu Telur Komplit,27 November 2024,2025-07-04 21:26:01
"Tahu Tek Pak Jayen, Dharmahusada",A******* A*******,28 Agustus 2021,5.0,tahu telor pak jayen emang gapernah mengecewakan sih dari dulu rasanya masih tetep enakkkk,Tahu Telur Komplit,12 November 2024,2025-07-04 21:26:01
"Tahu Tek Pak Jayen, Dharmahusada",Y**** A**** R*******,23 Desember 2018,1.0,Ga ada sendok. Makan pakai tangan.,Tahu Telur Komplit - Tambah Kerupuk + Bumbu - Tambah Kentang,4 November 2024,2025-07-04 21:26:01
"Tahu Tek Pak Jayen, Dharmahusada",A**** D****,16 April 2016,3.0,"Lontongnya cm dpt 2 biji kecil, tahunya asemmmmm lg apes kali saya ya",Tahu Telur Komplit (Pedes),30 Oktober 2024,2025-07-04 21:26:01
"Tahu Tek Pak Jayen, Dharmahusada",S**** B*****,3 Desember 2022,5.0,mantaaaapppp enak skali,Tahu Telur Komplit,30 Oktober 2024,2025-07-04 21:26:01
"Tahu Tek Pak Jayen, Dharmahusada",L**** P******,7 Januari 2019,3.0,Pelayanannya lambat. Pesanan baru dterima lebih dari satu jam,Tahu Telor Komplit (tidak Pedas) - Tahu Telor (lontong Ganti Kentang) Pedes,20 Oktober 2024,2025-07-04 21:26:01
"Tahu Tek Pak Jayen, Dharmahusada",M***,19 Oktober 2015,1.0,minta sedang dan tidak pedas. tp tidak ada bedanya. plus tidak ada tulisan . dicampur jadi 1.,Tahu Telur Komplit - Tahu Telor Komplit (pedes Sedang),9 Oktober 2024,2025-07-04 21:26:01
"Tahu Tek Pak Jayen, Dharmahusada",A*** P******,11 Oktober 2017,5.0,"porsi jumbo untuk ukuran kami, kerupuk 1 kantong keresek full, sambal banyak, mengcover semua isian di dalam tahu teknya. 
Tambah pesan sambal + kerupuk dengan porsi yang sama banyaknya, rasa so far ini tahu tek terenak yang pernah kami makan, akan repeat order jika main ke surabaya lagi",Tahu Telur Komplit (Pedes) - Tambah Kerupuk + Bumbu,28 September 2024,2025-07-04 21:26:01
"Tahu Tek Pak Jayen, Dharmahusada",H* N****,20 Juli 2022,1.0,"saya kecewa banget tahunya da yang basi
trus TDK sesuai costum tidak ada rasa cabainya sama sekali rasanya cuma manis saja.",Tahu Telur Komplit (Pedes) - Tahu Telor Komplit (pedes Sedang),25 September 2024,2025-07-04 21:26:01
"Tahu Tek Pak Jayen, Dharmahusada",R*** K*****,14 Juni 2022,2.0,"tahunya kecut nggak fresh, ngga ada capar kecilnya, nggak pedes, nggak worth it",Tahu Telur Komplit,23 September 2024,2025-07-04 21:26:01
"Tahu Tek Pak Jayen, Dharmahusada",Guruh Fitriawan,24 Oktober 2015,5.0,mantap bumbunya dan kerupuk,Tahu Telor Jumbo,9 Juli 2024,2025-07-04 21:26:01
"Tahu Tek Pak Jayen, Dharmahusada",N*** I*****,3 November 2016,5.0,"Enak bangettt, tapi kecambahnya gak adaaa kemana yaaa 🤧",Tahu Telur Komplit,31 Agustus 2024,2025-07-04 21:26:01
"Tahu Tek Pak Jayen, Dharmahusada",M******* B***,30 November 2015,3.0,pesan pedas dtg gk pedas sama sekali dan sering pesan slalu gk ada kecambahnya,Tahu Telur Komplit (Pedes),26 Agustus 2024,2025-07-04 21:26:01
"Tahu Tek Pak Jayen, Dharmahusada",Apen,19 Juni 2024,5.0,enak masih panas,Tahu Telor Jumbo,17 Agustus 2024,2025-07-04 21:26:01
"Tahu Tek Pak Jayen, Dharmahusada",esmeralda,4 Juni 2018,3.0,bumbu kurang enak,Tahu Telur Komplit,14 Agustus 2024,2025-07-04 21:26:01
"Tahu Tek Pak Jayen, Dharmahusada",Stanley Setijo,10 November 2015,5.0,Porsi jumbonya kenyang cuy.,Tahu Telor Jumbo - Tahu Telor Komplit (super Pedes),9 Agustus 2024,2025-07-04 21:26:01
"Tahu Tek Pak Jayen, Dharmahusada",N***** Z********,12 Agustus 2015,5.0,Sudah jelas ini sih,Tahu Telor Komplit (super Pedes) - Tahu Telor (lontong Ganti Kentang) Pedes,1 Agustus 2024,2025-07-04 21:26:01
"Tahu Tek Pak Jayen, Dharmahusada",F**** M******,18 Oktober 2020,5.0,debesttttt of debestt,Tahu Telur Komplit (Pedes) - Tahu Telor Komplit (tidak Pedas),3 Agustus 2024,2025-07-04 21:26:01
"Tahu Tek Pak Jayen, Dharmahusada",Arum Laras,16 Juli 2024,3.0,rasanya udah mau kecut beli jam 10 malam,Tahu Telur Komplit,25 Juli 2024,2025-07-04 21:26:01
"Tahu Tek Pak Jayen, Dharmahusada",F*** K*******,1 Juli 2017,1.0,"Makanan kotor, tidak higienis, semakin parah aja.",Tahu Telur Komplit - Tambah Kentang,29 Juli 2024,2025-07-04 21:26:01
"Tahu Tek Pak Jayen, Dharmahusada",Erni Hadi,17 Oktober 2015,5.0,Enak pooolllll.. Juaraaa…,Tahu Telur (lontong Ganti Kentang) Super Pedes - Tambah Telur,23 Juli 2024,2025-07-04 21:26:01
"Tahu Tek Pak Jayen, Dharmahusada",A**** I*****,11 Desember 2021,1.0,"gak enak.ada plastik hitam kering entah itu apa ikut kemakan, akhirnya dilepeh. bumbu tahu Tek kemanisan n gak enak,gak ada rasa pedas sama sekali.kapok gak akan beli lagi.",Tambah Kentang - Tahu Telor Komplit (pedes Sedang),12 Juli 2024,2025-07-04 21:26:01
"Tahu Tek Pak Jayen, Dharmahusada",Richie Kentank,31 Juli 2015,5.0,"Mantab , cuman lain kali keupuk nya di pisah sesuai jumlah bungkusnya ya pak",Tahu Telur Komplit,9 Juli 2024,2025-07-04 21:26:01
"Tahu Tek Pak Jayen, Dharmahusada",Edi Harto Kukuh Wahyudi,22 Maret 2019,4.0,It's delicious....👍🏻,Tambah Kerupuk + Bumbu - Tambah Kentang - Tahu Telur Komplit,8 Juli 2024,2025-07-04 21:26:01
"Tahu Tek Pak Jayen, Dharmahusada",nita,2 November 2016,2.0,Kemasannya kurang safety,Tahu Telur Komplit,8 Juli 2024,2025-07-04 21:26:01
"Tahu Tek Pak Jayen, Dharmahusada",F*,19 Desember 2023,5.0,"enak, tp kmrn aku order ga ada kecambahnya 🥲",Tahu Telur Komplit,20 Juni 2024,2025-07-04 21:26:01
"Tahu Tek Pak Jayen, Dharmahusada",T*** M*******,21 Februari 2016,5.0,"Pertama kali coba tahu tek ini,dan ternyata enak banget mau nangis",Tahu Telur Komplit,5 Juli 2024,2025-07-04 21:26:01
"Tahu Tek Pak Jayen, Dharmahusada",EenkZo,15 Oktober 2015,5.0,Rasanya agak kurang malam ini,Tahu Telur Komplit,30 Juni 2024,2025-07-04 21:26:01
"Tahu Tek Pak Jayen, Dharmahusada",ali,8 Desember 2015,5.0,"enak ini, semua sudah taulah kalo ini enak",Tahu Telur Komplit - Tahu Telor Komplit (pedes Sedang) - Tambah Kentang,26 Juni 2024,2025-07-04 21:26:01
"Tahu Tek Pak Jayen, Dharmahusada",bagus,2 Desember 2017,5.0,mantab pedes nya,Tahu Telur Komplit,28 Juni 2024,2025-07-04 21:26:01
"Tahu Tek Pak Jayen, Dharmahusada",Adhi Nugroho,26 Oktober 2015,4.0,"tidak sesuai pesanan yg saya catat.
saya pesan tanpa lontong dan tanpa kentang tapi tetap dikasih lontong dan kentang 🤦.
bumbunya juga kurang banyak, gak sesuai dengan porsinya 😭.
porsinya banyak tapi bumbunya sedikit 😥.",Tahu Telor Komplit (pedes Sedang),25 Juni 2024,2025-07-04 21:26:01
"Tahu Tek Pak Jayen, Dharmahusada",Teta,28 Agustus 2017,3.0,"Isian lebih sedikit ketika gofood ketimbang makan langsung di tempat. Selain sedikit, proporsi tidak seimbang satu sama lain. Contohnya ada yg hanya dapat 1 slice lontong, ada yg tidak dapat kentang dll. Semoga kedepannya bisa lebih diperhatikan dan ditinggkatkan kembali. Terimakasih",Tahu Telur Komplit,23 Juni 2024,2025-07-04 21:26:01
"Tahu Tek Pak Jayen, Dharmahusada",Yudi Hartono,30 Oktober 2015,5.0,uenakkkkkk pollll & pedasnya Nampol tetangga .... bumbunya kental Mantap.,Tahu Telor Komplit (tidak Pedas) - Tambah Kentang - Tahu Telor Jumbo - Tambah Kerupuk + Bumbu,12 Juni 2024,2025-07-04 21:26:01
"Tahu Tek Pak Jayen, Dharmahusada",R***** I******,5 Agustus 2015,5.0,Legend! Mantap!,Tahu Telor (lontong Ganti Kentang) Pedes - Tambah Telur,17 Juni 2024,2025-07-04 21:26:01
"Tahu Tek Pak Jayen, Dharmahusada",R****** C****** P*******,1 Agustus 2015,3.0,Porsinya dikit dengan harga yang lebih tinggi dari yg lain... Gak ada kecambahnya pula,Tahu Telor Komplit (tidak Pedas) - Tahu Telor Komplit (pedes Sedang),15 Juni 2024,2025-07-04 21:26:01
"Tahu Tek Pak Jayen, Dharmahusada",H******,19 Agustus 2015,4.0,Agak aneh hari ini makanannya,Tahu Telur Komplit,12 Juni 2024,2025-07-04 21:26:01
"Tahu Tek Pak Jayen, Dharmahusada",khaulah,11 Januari 2016,2.0,"Rasanya mulai berubah, bawangnya kurang berasa … apa karna harga bawang naik ? Rasanya jadi hampir sama kayak tahu tek toko lain padahal buatku ciri khasnya pak djayen itu di bawang nya. Moga tetap legend 😓🙏",Tahu Telur Komplit,4 Juni 2024,2025-07-04 21:26:01
"Tahu Tek Pak Jayen, Dharmahusada",A*******,4 September 2015,1.0,no order saya F-2482214050. KETUKER SAMA PUNYA ORANG. padahal yang saya beli pedas dan telornya double. tp ini gak pedas dan telur hanya satu. GAADA NO TELFON YG BISA DIHUBUNGI. TOLONG DONG TANGGUNG JAWABNYA!! PAYAH SEKALI!,Tahu Telur Komplit (Pedes) - Tambah Telur,4 Juni 2024,2025-07-04 21:26:01
"Tahu Tek Pak Jayen, Dharmahusada",Fitri,17 September 2015,5.0,selalu TOP rasa dan kualitas,Tahu Telor (lontong Ganti Kentang) Pedes - Tambah Kentang - Tambah Kerupuk + Bumbu,2 Juni 2024,2025-07-04 21:26:01
"Tahu Tek Pak Jayen, Dharmahusada",F****,17 September 2015,5.0,enaknya nagih dan harus dicoba,Tahu Telur Komplit - Tahu Telor (lontong Ganti Kentang) Pedes - Tambah Kentang - Tambah Kerupuk + Bumbu,25 Mei 2024,2025-07-04 21:26:01
"Tahu Tek Pak Jayen, Dharmahusada",T*** A** A***** D***,13 Juli 2020,2.0,Padahal udah dikasih note gapake tahu tapi masih dikasi tahu :(((,Tahu Telor (lontong Ganti Kentang) Pedes - Tambah Kerupuk + Bumbu,28 Mei 2024,2025-07-04 21:26:01
"Tahu Tek Pak Jayen, Dharmahusada",rendi sabian,1 Maret 2016,4.0,enakan kalo makan disana,Tahu Telor Jumbo,20 Mei 2024,2025-07-04 21:26:01
"Tahu Tek Pak Jayen, Dharmahusada",AaLL,24 September 2015,5.0,sayang ga menyediakan sendok makan nya,Tahu Telur (lontong Ganti Kentang) Super Pedes,17 Mei 2024,2025-07-04 21:26:01
"Tahu Tek Pak Jayen, Dharmahusada",harmi,4 September 2016,3.0,Cambah pendek tidak ada,Tahu Telor Komplit (pedes Sedang),17 Mei 2024,2025-07-04 21:26:01
"Tahu Tek Pak Jayen, Dharmahusada",Aditya Wicaksono,12 Januari 2020,3.0,Rasanya diluar expektasi. Kirain bakal yang enak banget. Banyak yg lebih enak deket rumah sih...,Tahu Telor Komplit (super Pedes),15 Mei 2024,2025-07-04 21:26:01
"Tahu Tek Pak Jayen, Dharmahusada",liehwa,30 Maret 2018,4.0,cukup enak dan bersih,Tahu Telur Komplit (Pedes) - Tahu Telor Komplit (pedes Sedang),14 Mei 2024,2025-07-04 21:26:01
"Tahu Tek Pak Jayen, Dharmahusada",A***,28 Desember 2017,5.0,"PORSI BANYAK PWOLLLL, worth it sama harganyaa! rasa bawangnya kerasa banget tp tetep enakk",Tahu Telor Komplit (pedes Sedang) - Tahu Telor Komplit (tidak Pedas),29 April 2024,2025-07-04 21:26:01
"Tahu Tek Pak Jayen, Dharmahusada",W****,9 Februari 2016,5.0,Tahu tek terenak di Sby 👍🏻 sll langganan,Tahu Telur Komplit,16 Maret 2024,2025-07-04 21:26:01
"Tahu Tek Pak Jayen, Dharmahusada",E*****,29 Januari 2017,5.0,"nunggu nya lamaaaaa td, sesuai request byk bumbu n krupuk tp kecambahnya ga ada trus tahu nya minta dikit mlh dikasi byk",Tahu Telur Komplit,30 April 2024,2025-07-04 21:26:01
"Tahu Tek Pak Jayen, Dharmahusada",S***,2 Februari 2017,1.0,resto nya tdk baca note..nya..,Tahu Telor Komplit (tidak Pedas) - Tahu Telor Komplit (pedes Sedang) - Tahu Telur Komplit (Pedes),26 April 2024,2025-07-04 21:26:01
"Tahu Tek Pak Jayen, Dharmahusada",ully,4 November 2017,5.0,"enak,mantapp buat lapar cocok.makasi",Tahu Telor (lontong Ganti Kentang) Pedes,21 April 2024,2025-07-04 21:26:01
"Tahu Tek Pak Jayen, Dharmahusada",Umi Kulsum,29 Januari 2017,1.0,Kemasannya ditingkatkan setidaknya pakai sterofoam. Minta alat makna juga tidak dikasih. Bingung makannya gak pake sendok. Posisi lg di hotel dan gak bawa alat makan.,Tahu Telur Komplit (Pedes) - Tahu Telor Komplit (tidak Pedas),19 April 2024,2025-07-04 21:26:01
"Tahu Tek Pak Jayen, Dharmahusada",Wulan,12 November 2015,5.0,eeennaakk.. terlebih lagi outlet buka sampe malam.. makasih ya!,Tahu Telur Komplit (Pedes) - Tahu Telor Komplit (tidak Pedas) - Tambah Telur,18 April 2024,2025-07-04 21:26:01
"Tahu Tek Pak Jayen, Dharmahusada",Y******** I S,24 Maret 2016,1.0,"Pesenan atas nama Ratna no pesanan F-2428789881 yg dikirim. Sudah salah orderan, kentang e ga mateng. Takasi buat makan kucing",Tahu Telor (lontong Ganti Kentang) Pedes - Tambah Telur,17 April 2024,2025-07-04 21:26:01
"Tahu Tek Pak Jayen, Dharmahusada",Bintang-J,30 Desember 2019,4.0,Tahu telor yg Enak dan murah,Tahu Telor Jumbo - Tahu Telur (lontong Ganti Kentang) Super Pedes,3 April 2024,2025-07-04 21:26:01
"Tahu Tek Pak Jayen, Dharmahusada",Z**,25 November 2018,5.0,"selalu beli disini kalo tahu telor, porsinya banyak dan enak! gak bikin eneg juga.",Tahu Telur Komplit,31 Maret 2024,2025-07-04 21:26:01
"Tahu Tek Pak Jayen, Dharmahusada",Ernie,23 Oktober 2016,3.0,Tahu nya banyak air nya jadi ngaruh ke bumbunya.. kayak kesiram air,Tahu Telor Komplit (tidak Pedas) - Tahu Telor Komplit (pedes Sedang) - Tahu Telur Komplit (Pedes),24 Februari 2024,2025-07-04 21:26:01
"Tahu Tek Pak Jayen, Dharmahusada",Devy Christianna,23 Mei 2017,3.0,"ada bau tengik di sebagian tahu nya, tahu masih sangat berair, kyk masih mentah. porsinya besar, bumbunya kurang",Tahu Telur Komplit,29 Maret 2024,2025-07-04 21:26:01
"Tahu Tek Pak Jayen, Dharmahusada",V******,4 Februari 2020,1.0,Ordernya jumbo tanpa kentang. Datangnya tahu tek biasa pake kentang bukan jumbo.,Tahu Telor Jumbo,28 Maret 2024,2025-07-04 21:26:01
"Tahu Tek Pak Jayen, Dharmahusada",V****** O**,17 Juli 2019,5.0,lontongnya lembek,Tahu Telur Komplit,25 Maret 2024,2025-07-04 21:26:01
"Tahu Tek Pak Jayen, Dharmahusada",Kevin,26 Agustus 2023,3.0,terlalu pedas..saran aja..sambelnya dipisah kalo orang ga kasih pesan apa2,Tahu Telur Komplit,24 Maret 2024,2025-07-04 21:26:01
"Tahu Tek Pak Jayen, Dharmahusada",Davin,22 Februari 2022,3.0,Makanan saya tidak sesuai pesanan saya,Tahu Telor Komplit (tidak Pedas) - Tahu Telor Komplit (super Pedes),23 Maret 2024,2025-07-04 21:26:01
"Tahu Tek Pak Jayen, Dharmahusada",Rocky Oakley,27 Desember 2018,5.0,"Enak sih, cuma agak mahal di ongkirnya aja, semoga lain kali bisa dpt promo ongkir dibawah 20.000",Tahu Telur Komplit (Pedes) - Tahu Telor Jumbo,20 Maret 2024,2025-07-04 21:26:01
"Tahu Tek Pak Jayen, Dharmahusada",M****,13 September 2016,4.0,"ga ada sayurnya padahal oesen komplit, tapi rasa okey mantap",Tahu Telur Komplit,1 Maret 2024,2025-07-04 21:26:01
"Tahu Tek Pak Jayen, Dharmahusada",Fitri,29 Juli 2015,5.0,kurang banyak hehehehe,Tahu Telor Komplit (pedes Sedang),11 Maret 2024,2025-07-04 21:26:01
"Tahu Tek Pak Jayen, Dharmahusada",rakhawira,3 Maret 2024,5.0,wuenak poll langganan teruss,Tahu Telur Komplit,6 Maret 2024,2025-07-04 21:26:01
"Tahu Tek Pak Jayen, Dharmahusada",chaniago Limboto,24 Oktober 2017,5.0,enak banget selera arek suroboyo,Tahu Telur Komplit,10 Maret 2024,2025-07-04 21:26:01
"Tahu Tek Pak Jayen, Dharmahusada",Rani,29 Maret 2022,1.0,sudah nunggu 1 jam tiba2 di cancel sama outletnya.,Tahu Telur Komplit (Pedes) - Tambah Kentang,12 Februari 2024,2025-07-04 21:26:01
"Tahu Tek Pak Jayen, Dharmahusada",J*** S********,11 Desember 2017,5.0,"ya begitulah 
enak pokok e",Tambah Kerupuk + Bumbu - Tahu Telor (lontong Ganti Kentang) Pedes,8 Maret 2024,2025-07-04 21:26:01
"Tahu Tek Pak Jayen, Dharmahusada",yulianti sh,7 Oktober 2018,5.0,ueeenakkkk pooollll,Tahu Telor (lontong Ganti Kentang) Pedes,6 Maret 2024,2025-07-04 21:26:01
"Tahu Tek Pak Jayen, Dharmahusada",E**,7 Januari 2017,4.0,"pertama kali nyoba dan uenak pollll krupuk e ga pelit, tapi sayang gak dikasih cambah😭",Tahu Telor Komplit (pedes Sedang),3 Maret 2024,2025-07-04 21:26:01
"Tahu Tek Pak Jayen, Dharmahusada",chrisly,3 Desember 2015,4.0,pesen komplit pedas sedang dapetnya tanpa toge dan tidak ada pedas samsek,Tahu Telor Komplit (pedes Sedang),1 Maret 2024,2025-07-04 21:26:01
"Tahu Tek Pak Jayen, Dharmahusada",Rita Novianti,22 November 2017,4.0,Minta kecambahnya dibanyakin malah gg dikasi trus kerupuknya melempem,Tahu Telor (lontong Ganti Kentang) Pedes,21 Februari 2024,2025-07-04 21:26:01
"Tahu Tek Pak Jayen, Dharmahusada",A**** A P*******,31 Juli 2015,5.0,Juara. Rasanya gak pernah berubah.tiap kesurabaya selalu ngusahain makan ini.,Tahu Telur Komplit,19 Februari 2024,2025-07-04 21:26:01
"Tahu Tek Pak Jayen, Dharmahusada",M****** W*******,19 Februari 2020,5.0,Tidak pelit bumbu dan kerupuk. Rasa nya mantap!!!,Tahu Telor Komplit (pedes Sedang) - Tahu Telur Komplit,17 Februari 2024,2025-07-04 21:26:01
"Tahu Tek Pak Jayen, Dharmahusada",H*** S******,4 Januari 2018,4.0,rasa masih enak tp kerupuk kurang garing,Tahu Telor Jumbo,12 Februari 2024,2025-07-04 21:26:01
"Tahu Tek Pak Jayen, Dharmahusada",S*****,17 Juni 2018,2.0,"kalo ada instruksi itu dibaca !!
apa gunae notes.",Tahu Telur Komplit - Tambah Telur,6 Februari 2024,2025-07-04 21:26:01
"Tahu Tek Pak Jayen, Dharmahusada",dianita,1 November 2015,4.0,Proses pembuatannya lama sekaliii ☹️,Tahu Telur Komplit,28 Januari 2024,2025-07-04 21:26:01
"Tahu Tek Pak Jayen, Dharmahusada",fins,11 Mei 2020,5.0,tp kok gk ada tauge nya ya,Tahu Telor Komplit (super Pedes),27 Januari 2024,2025-07-04 21:26:01
"Tahu Tek Pak Jayen, Dharmahusada",E*****,29 Januari 2017,4.0,"bumbunya ga spt biasanya, krupuknya jg krg renyah",Tahu Telur Komplit,26 Januari 2024,2025-07-04 21:26:01
"Tahu Tek Pak Jayen, Dharmahusada",P***** H*******,12 Januari 2018,5.0,enak... khas surabaya,Tahu Telur Komplit,13 Januari 2024,2025-07-04 21:26:01
"Malika Kebab 14, Tambaksari",W*** S********,26 November 2015,3.0,Pesanan kurang lengkap… yg kebab premium kurang 2 biji…,Frozen kebab premium isi 10 - Frozen kebab hemat isi 10 pcs,1 Juli 2025,2025-07-04 21:26:29
"Malika Kebab 14, Tambaksari",zahdan,3 Desember 2015,5.0,enak dan lembut,Burger Beef Patty - Hotdog Sosis,15 Juni 2025,2025-07-04 21:26:29
"Malika Kebab 14, Tambaksari",zahdan,3 Desember 2015,5.0,enak daging lembut cuman kurang pedis,French Fries (Medium) - Roti Maryam Original Susu - Kebab Medium - Burger Beef Patty - Hotdog Sosis,14 Juni 2025,2025-07-04 21:26:29
"Malika Kebab 14, Tambaksari",E*,9 Januari 2016,4.0,"tambahan add on keju hanya ada di salah satu burger dari 2 yg dipesan, rasa dan kualitas sangat worth it dengan harga",Burger Beef Premium Double - Burger Beef Patty Double,10 Juni 2025,2025-07-04 21:26:29
"Malika Kebab 14, Tambaksari",E*,9 Januari 2016,2.0,pesan burger 3 yang datang hanya 2,Burger Beef Patty Double - Burger Beef Premium Double - Kebab Xtra Large,6 Juni 2025,2025-07-04 21:26:29
"Malika Kebab 14, Tambaksari",Mega Toys,24 Agustus 2018,3.0,hotdog sudah nambah keju tapi tidak ada keju nya kecewa,Paket A - Hotdog Sosis,2 Mei 2025,2025-07-04 21:26:29
"Malika Kebab 14, Tambaksari",Dito,9 Maret 2025,3.0,rasanya enak cuma sayang kebabnya kecil,Kebab Medium,11 April 2025,2025-07-04 21:26:29
"Malika Kebab 14, Tambaksari",Bpk Gueteres,20 Juli 2018,1.0,gak enak kirain ada keju apa,Kebab Xtra Large,29 Januari 2024,2025-07-04 21:26:29
"Malika Kebab 14, Tambaksari",I****,27 Mei 2021,5.0,gausa diragukan lagi enak banget!!!,Burger Chicken Patty - Kebab Large,27 Januari 2024,2025-07-04 21:26:29
"Malika Kebab 14, Tambaksari",suci puji lestari,4 Juli 2021,5.0,"enak,porsi pas cuma minus di kemasan biasanya umumnya kemasan kebab yg bisa ditarik,kalo ini pake kertas minyak....tapi okelah dari porsi sama rasa 👍👍",Kebab Xtra Large,26 Desember 2023,2025-07-04 21:26:29
"Malika Kebab 14, Tambaksari",A*** A*****,6 September 2015,5.0,eenaakkkkkk sekaliiii,Kebab Xtra Large - Kebab Xtra Large,20 Desember 2023,2025-07-04 21:26:29
"Malika Kebab 14, Tambaksari",ita wiji,23 Agustus 2018,5.0,patty ny enak banget. sukses selalu seller..,Burger Double Patty - Chicken Wrap,7 Oktober 2023,2025-07-04 21:26:29
"Malika Kebab 14, Tambaksari",Alif Aditia pratama,14 April 2022,5.0,memuaskan terima kasih chef,Hotdog Beef Kebab,8 Agustus 2023,2025-07-04 21:26:29
"Malika Kebab 14, Tambaksari",Redo,8 Desember 2020,1.0,roti nya kurang garing banget,Burger Double Patty Premium - Burger Beef Kebab,28 Oktober 2022,2025-07-04 21:26:29
"Malika Kebab 14, Tambaksari",E** S****,14 Maret 2019,2.0,"rasanya lumayan, tapi tidak ada sayurnya",Paket B,18 Oktober 2022,2025-07-04 21:26:29
"Malika Kebab 14, Tambaksari",indah ayu,26 Mei 2021,4.0,"kurang sayurnyaa, jadi kurang mantepp",Kebab Small - Kebab Medium,17 Oktober 2022,2025-07-04 21:26:29
"Malika Kebab 14, Tambaksari",mzaynmaliq,17 Februari 2018,5.0,mantap. semoga laris manis,Burger Double Patty Premium - Hotdog Beef Kebab - Chicken Wrap,19 September 2022,2025-07-04 21:26:29
"Malika Kebab 14, Tambaksari",S*** M*****,22 Juni 2022,4.0,semuanya enak cuma kurang cepat penyajiannya . lain ok rekomend,Frozen Kebab Hemat Isi 10 - Paket C,15 September 2022,2025-07-04 21:26:29
"Malika Kebab 14, Tambaksari",Redo,8 Desember 2020,1.0,terlalu bnyak mayones,Burger Double Patty Premium - Kebab Large,13 September 2022,2025-07-04 21:26:29
"Malika Kebab 14, Tambaksari",Khusnul Khotimah,25 September 2017,3.0,"awal2 order enak banget, pas banget rasanya cm lama2 cara goreng nya kurang mateng. roti samasekali ga kerasa kalo dipanggang/dibakar kek kerasa roti lgsg dikasih sosis lalu diberi saos. bener2 bikin kecewa karna sll langganan disini",Burger Beef Patty - Kebab Mini - Hotdog Hemat - Burger Hemat - French Fries (Small) - Kebab Small - Hotdog Beef Sausage - Burger Beef Kebab,22 Agustus 2022,2025-07-04 21:26:29
"Malika Kebab 14, Tambaksari",Ruby,21 Juli 2019,5.0,Mayo sama saos pedas e kurang terasa,Burger Beef Patty - Hotdog Beef Sausage - Hotdog Beef Kebab - Burger Beef Kebab - Burger Double Patty Premium - Burger Hemat,8 Juni 2022,2025-07-04 21:26:29
"Malika Kebab 14, Tambaksari",nurul,3 April 2019,5.0,mantapppp pkoknya👍,Burger Beef Patty - Kebab Xtra Large - Kebab Large,31 Mei 2022,2025-07-04 21:26:29
"Malika Kebab 14, Tambaksari",A*****,22 Agustus 2019,5.0,paling suka sama hot dognya. mungkin saran aja untuk chiken patty lebih garing lagi gorengmya.,Hotdog Beef Sausage - Kebab Xtra Large - Burger Double Chicken Patty,19 Maret 2022,2025-07-04 21:26:29
"Malika Kebab 14, Tambaksari",A******,5 Agustus 2019,4.0,kurang gurih dagingnya😁,Kebab Small,20 Desember 2019,2025-07-04 21:26:29
"Malika Kebab 14, Tambaksari",H*****,13 September 2017,4.0,"masbro XL skrg kok beda dengan XL yg dulu ya, dulu padet skrg ngga",Kebab Xtra Large,17 Desember 2019,2025-07-04 21:26:29
"Malika Kebab 14, Tambaksari",P***,17 Agustus 2015,3.0,"kemasan kurang menarik, tidak ada kardus seperti Kebab yg lain. untuk rasa lumayan lah",Kebab Large,1 September 2019,2025-07-04 21:26:29
"Malika Kebab 14, Tambaksari",E** I********,10 Agustus 2015,2.0,"lack of meet comparing to others, and not as tasty too. should improve the packaging as well
 i will not reorder to this branch and prefer to malika 3 or 6 
😑",N/A,3 Februari 2019,2025-07-04 21:26:29
"Malika Kebab 14, Tambaksari",D******,2 Oktober 2017,5.0,porsi nya kurang besar ...,N/A,3 Desember 2018,2025-07-04 21:26:29
"Yung Ho, Dharmahusada",I**** K*****,17 Januari 2017,5.0,rasanya memang enakkkk....,Bubur Ayam Bungkus - Nasi Hainan Ayam (F) - Nasi Goreng Babi - Kuping / Cingur,2 April 2025,2025-07-04 21:27:02
"Yung Ho, Dharmahusada",Tommy Kaonang,9 Agustus 2015,5.0,yung ho memang mantap masakannya. favorit saya,Ayam Goreng Kering (F),16 Februari 2025,2025-07-04 21:27:02
"Yung Ho, Dharmahusada",L**,20 Agustus 2015,2.0,"Sy pesan keong macan yang dikasih malah kerang. Kalau nggak ada, lebih baik dikasih tau atau lgsg dikembalikan uangnya.",Keong Macan - Kul Nenek - Nasi Capcay Ayam (F),25 November 2024,2025-07-04 21:27:02
"Yung Ho, Dharmahusada",J*****,2 Agustus 2015,4.0,"Overall enak, Cuma saos kecapnya agak kemanisan.",Ayam Rebus Bawang ( F ) - Ayam Kungpao,28 Mei 2024,2025-07-04 21:27:02
"Yung Ho, Dharmahusada",C**** C******,1 November 2015,1.0,"Porsi ayam nya hainan dikit banget, ga worth it",Nasi Hainan Ayam (F),30 April 2024,2025-07-04 21:27:02
"Yung Ho, Dharmahusada",S***** C******,30 November 2023,2.0,"Mohon feedback ini diambil sebagai acuan untuk kedepan manajemen membaik. buburnya hambar dan porsi kecil, kalah dengan kompetitor bubur yang ada di Surabaya. kalau ini saya bisa bikin sendiri dirumah. Mohon diperbaiki makasih",Bubur Phitan Bungkus,31 Maret 2024,2025-07-04 21:27:02
"Yung Ho, Dharmahusada",nita malaka,17 Juli 2020,1.0,"makanan hari saya pesan babi cabe ijo rasanya asiiiin banget seperti makan ikan asin.
Mengecewakan sekali",Siobak Cabe Ijo (F) - Nasi Putih,26 Desember 2023,2025-07-04 21:27:02
"Yung Ho, Dharmahusada",Y*****,23 Agustus 2018,1.0,jgn pake taburan ikan teri karena saya vegan makanya pilij menu ini.,Terong Balado (F) - Nasi Putih,30 November 2023,2025-07-04 21:27:02
"Yung Ho, Dharmahusada",hilda hostiadi,17 November 2017,5.0,terima kasih enak selalu,Telur Tomat - Buncis Sapi (F) - Teri Kacang,27 November 2023,2025-07-04 21:27:02
"Yung Ho, Dharmahusada",I*** M****,28 April 2018,5.0,"Buburnya mantap , kaki ayam agak kemanisan kurangi gula tambah bumbu , spy lbh gurih",Kaki Ayam - Bubur Phitan Bungkus,20 April 2023,2025-07-04 21:27:02
"Yung Ho, Dharmahusada",L******,4 Juli 2017,3.0,"cakwe nya gak sesuai.. kapan hari beli cakwe nya utuh dan besar2, ini malah kecil2 kering dan berminyak banget",Bubur Seafood Bungkus - Cakue Crispy,1 April 2023,2025-07-04 21:27:02
"Yung Ho, Dharmahusada",G****,13 September 2017,3.0,Catatan dalam pesanan tidak diperhatikan,Mie Goreng Babi (F),8 Maret 2023,2025-07-04 21:27:02
"Yung Ho, Dharmahusada",E***** S******,5 Juli 2015,1.0,Pesanan tidak sesuai dengan pesanan di apk,Bubur Polos Bungkus - Tengiri Tahu Tausi F,25 Februari 2023,2025-07-04 21:27:02
"Yung Ho, Dharmahusada",E**,29 Mei 2015,2.0,Order buncis cah sapi minyaknya serem pol jadi kuah minyak,Bubur Ayam Bungkus - Buncis Sapi (F) - Teri Kacang,3 Februari 2023,2025-07-04 21:27:02
"Yung Ho, Dharmahusada",ririn,23 September 2015,5.0,enak tapi agak asin sedikit,Bubur Ayam Bungkus - Sosis Gr Telur (F) - Susu Kacang Manis,20 Januari 2023,2025-07-04 21:27:02
"Yung Ho, Dharmahusada",Y******,3 Juli 2017,3.0,"Sy pesan bubur, Kuahnya sgt asin sampai tidak bisa diminum",Bubur Ayam Bungkus - Bubur Seafood Bungkus,2 Januari 2023,2025-07-04 21:27:02
"Yung Ho, Dharmahusada",Talia,14 November 2015,4.0,rasa asin kurang cocok,Telur Caipo,30 Oktober 2022,2025-07-04 21:27:02
"Yung Ho, Dharmahusada",albertus,23 Oktober 2015,5.0,"Nostalgia banget, rasanya tetap enak",Nasi Goreng Hongkong (F) - Muntahu (f) - Tahu Telur Asin (F),27 September 2022,2025-07-04 21:27:02
"Yung Ho, Dharmahusada",Taname,26 Desember 2021,5.0,Enak sih tapi agak mahal,Bubur Ubi Bungkus - Nasi Hainan Ayam (F),25 September 2022,2025-07-04 21:27:02
"Yung Ho, Dharmahusada",SASA,25 Mei 2016,1.0,"tahu nya kecut kok di jual aja..
tahu sdh tdk fress..",Bubur Ubi Bungkus - Telur Caipo - Mapo Tahu (f),20 September 2022,2025-07-04 21:27:02
"Yung Ho, Dharmahusada",Peggy,7 September 2015,4.0,"Telor tomat masaknya ga bener proporsi air kebanyakan sampai banjir air doank isi nya mempengaruhi cita rasa, chefnya tidak paham cr masak telor tomat yg bener",Telur Tomat - Udang Mayones ( F) - Es Teh Manis,25 Agustus 2022,2025-07-04 21:27:02
"Yung Ho, Dharmahusada",Fransisca Arensa Stenlie,4 Oktober 2019,4.0,"Sayur asin nya hitam legam, jadi takut makan nya. Bukan sayur asin yg hijau pernah makan di Yung Ho. Telur tomat enak.",Telur Tomat - Bubur Polos Bungkus - Sayur Asin Babi,26 Juni 2022,2025-07-04 21:27:02
"Yung Ho, Dharmahusada",nita,6 Maret 2016,5.0,"mantapppp, selalu mantappp",Bubur Polos Bungkus - Bubur Ayam Bungkus - Tahu Ayam Hotplate,29 Mei 2022,2025-07-04 21:27:02
"Yung Ho, Dharmahusada",Budianto,29 Juni 2019,3.0,respon dan servise kurang,Bubur Ayam Bungkus - Bubur Babi Bungkus,12 Mei 2022,2025-07-04 21:27:02
"Yung Ho, Dharmahusada",Kenneth,20 Januari 2016,5.0,Mantap Pakkkkkk?,Bubur Ayam Bungkus - Ayam Kungpao,15 April 2022,2025-07-04 21:27:02
"Yung Ho, Dharmahusada",gun,11 Agustus 2017,5.0,bubur pitan is the best. lapciong and mun tofu also,Bubur Phitan Bungkus - Casio - Telur Tomat,9 Januari 2022,2025-07-04 21:27:02
"Yung Ho, Dharmahusada",N***,4 Januari 2016,5.0,good food!!! so tasty!!!,Nasi Capcay Seafood (F),21 November 2021,2025-07-04 21:27:02
"Yung Ho, Dharmahusada",N***,4 Januari 2016,5.0,delicious food with good quality 👍🏻,Bubur Ayam Bungkus - Bubur Babi Bungkus,9 November 2021,2025-07-04 21:27:02
"Yung Ho, Dharmahusada",G**** U****** D****,18 Juni 2019,5.0,porsinya tambahi dikit,Bubur Polos Bungkus,26 Oktober 2021,2025-07-04 21:27:02
"Yung Ho, Dharmahusada",F****** C***,29 Maret 2016,1.0,Psn nasi hainan polos tapi diksh nasi putih,Nasi Hainan Polos (F) - Udang Pete - Telur Caipo,20 Oktober 2021,2025-07-04 21:27:02
"Yung Ho, Dharmahusada",C****** S***** H****,28 Agustus 2015,5.0,"bubur favorit, rasa tidak diragukan lagi, porsi sesuai dan promo dari gojek jadi buat makin terjangkau. Love it",Bubur Babi Bungkus,1 Agustus 2021,2025-07-04 21:27:02
"Yung Ho, Dharmahusada",O** J*** H***,6 Juli 2015,1.0,"Saya order bubur babi untuk dipickup. Sekitar 15 menit kemudian saya pickup. Saya bayar ke kasir, dan kasir bilang ""tunggu sebentar'. Saya tunggu, saya kira sedang disiapkan. Tapi ternyata tidak. Saya komplain ke kasir, kata kasirnya nunggu pesanan2 lain yg lagi dimasak. Padahal saya pesan bubur supaya tdk perlu menunggu lama, karena bubur itu menu ready yg tinggal packing saja. Seharusnya tidak lebih dari 3 menit. Tapi mereka tidak lakukan. Akhirnya saya tinggal pergi! Saya sangat kecewa dengan pelayanan Yung Ho! Seharusnya resto ini mengembalikan uang saya!",Bubur Babi Bungkus,30 Juli 2021,2025-07-04 21:27:02
"Yung Ho, Dharmahusada",O** J*** H***,6 Juli 2015,4.0,Kuah bubur terlalu asin,Telur Caipo - Bubur Babi Bungkus,22 Juli 2021,2025-07-04 21:27:02
"Yung Ho, Dharmahusada",O** J*** H***,6 Juli 2015,4.0,Kuah bubur terlalu asin.,Bubur Babi Bungkus,27 Juli 2021,2025-07-04 21:27:02
"Yung Ho, Dharmahusada",H**** C********,26 Desember 2015,5.0,"enak dagingnya, hanya kecil porsinya. dagingnya banyak.... bubur :daging=2:1. itu point plusnya",Bubur Babi Bungkus,14 Juli 2021,2025-07-04 21:27:02
"Yung Ho, Dharmahusada",G******** M****,20 Juni 2019,1.0,Mentang2 diskon.....,Kolobak (F),13 Mei 2021,2025-07-04 21:27:02
"Yung Ho, Dharmahusada",A*****,6 Agustus 2015,4.0,Judulnya nasi hainan ayam tapi ga ada ayamnya padahal di foto ada ayamnya walau sedikit. Apa bedanya sama nasi hainan polos ya.. kaget yang datang cuma nasi doang sedangkan pilihan ayam hainan yang lain ga ada.,Nasi Hainan Ayam (F),11 Mei 2021,2025-07-04 21:27:02
"Yung Ho, Dharmahusada",W***,16 Oktober 2015,1.0,ayam goreng nya bau dan basah tidak kering...ayam nya bau gak fresh...harga mahal tp kualitas daging ayam aja jelek banget benar2 kecewa !!,Ayam Rebus Bawang/Jahe - Tahu Kucay - Ayam Goreng Kering (F),2 Maret 2021,2025-07-04 21:27:02
"Yung Ho, Dharmahusada",A***** J******,10 Agustus 2015,2.0,saya bilang hangat tp tidak hangat sama sekali,Bubur Ayam Bungkus - Susu Kacang Manis,8 Januari 2021,2025-07-04 21:27:02
"Yung Ho, Dharmahusada",O***** N*****,19 Mei 2016,1.0,"pesan 2 bakcang dan 1 cakwe, dikasih 1 bakcang dan 2 cakwe",Cakue Polos - Bakcang Polos - Air Mineral Cheers,21 Desember 2020,2025-07-04 21:27:02
"Yung Ho, Dharmahusada",H******,21 April 2016,4.0,Kuahnya ke asinan kalau bubur dll ok trims,Bubur Ayam Bungkus - Sayur Asin Polos - Cakue Polos,5 Desember 2020,2025-07-04 21:27:02
"Yung Ho, Dharmahusada",E** A****,11 November 2015,3.0,price tidak sama dg aplikasi... makanan di menu tidak upadate,Tahu Kucay - Cakue Polos - Babi Cabe Ijo,6 November 2020,2025-07-04 21:27:02
"Yung Ho, Dharmahusada",M**** F******,22 September 2015,5.0,enakkk as usual,Tahu Seafood Hotplate,15 Oktober 2020,2025-07-04 21:27:02
"Yung Ho, Dharmahusada",S***** T****,30 September 2018,3.0,Ayam lada hitam keras dan kering daging ayamnya.,Tahu Seafood Hotplate - Ayam Lada Hitam,16 Agustus 2020,2025-07-04 21:27:02
"Yung Ho, Dharmahusada",M*****,30 Oktober 2015,2.0,gaaa uuuenakkkkk ohmy :((((( knapa gini,Tahu Seafood Hotplate - Buncis Szechuan (F) - Nasi Goreng Ayam (F),10 Agustus 2020,2025-07-04 21:27:02
"Yung Ho, Dharmahusada",C*********,25 April 2017,4.0,"rasanya tidak seenak biasanya. porsi tahunya juga lebih sedikit dari biasanya. Karena pesan antar, tentunya susah minta diperbaiki.   sebagai pelanggan rutin saya berharap supaya konsistensinya terjaga.",Bubur Polos Bungkus - Tahu Ayam Hotplate - Ayam Kungpao,10 Maret 2020,2025-07-04 21:27:02
"Yung Ho, Dharmahusada",J****,10 Desember 2015,3.0,"i am not complaining about the taste, but restaurant need to train their employee to work/ read the order including its notes thoroughly and deliver to driver as precisely  as ordered. thank you.",Bubur Ubi Bungkus - Siomay Goreng,13 Januari 2020,2025-07-04 21:27:02
"Yung Ho, Dharmahusada",A***,20 Februari 2017,3.0,porsi terlalu kecil untuk harga nya,Bubur Phitan Bungkus - Baikut Madu (F),5 Januari 2020,2025-07-04 21:27:02
"Yung Ho, Dharmahusada",M******* F,17 Februari 2017,4.0,"kuahnya agak keasinan, tp overall enaaakkk",Bubur Babi Bungkus,5 Desember 2019,2025-07-04 21:27:02
"Yung Ho, Dharmahusada",M**** W***,14 November 2017,3.0,"Update your price,dear..",N/A,10 Februari 2019,2025-07-04 21:27:02
"Yung Ho, Dharmahusada",A***** Y****,7 November 2016,4.0,harga dan rasanya bagus. cuma tolong porsinya jangan dikurangin. kadang beli 2 porsi cm sperti 1 porsi. dulu porsinya pas sesuai harga. skrg kadang pas kadang kurang. itu saja kurangnya yang lain sdh bagus.,N/A,4 Februari 2019,2025-07-04 21:27:02
"Yung Ho, Dharmahusada",F***** T******,18 Agustus 2015,1.0,Harga tolong di update!,N/A,4 September 2018,2025-07-04 21:27:02
"Yung Ho, Dharmahusada",B*****,17 Januari 2016,4.0,"Comfort food, but the sapo hot plate was bad",N/A,22 Juni 2018,2025-07-04 21:27:02
"Yung Ho, Dharmahusada",D**** S,18 November 2015,3.0,harga tidak sesuai dengan yg ada diaplikasi,N/A,27 Mei 2018,2025-07-04 21:27:02
"Pizza Hut Delivery - PHD, Dharmahusada",sutarnan,14 Maret 2018,5.0,mantap woeeeyyy👍👍,Signature Regular Pizza,7 Juni 2025,2025-07-04 21:27:35
"Pizza Hut Delivery - PHD, Dharmahusada",Dice Shafira Nendrasari,10 November 2022,5.0,sip...mantaappp,Harga Spesial 3 Regular Pizza,5 Juni 2025,2025-07-04 21:27:35
"Pizza Hut Delivery - PHD, Dharmahusada",jerry,2 Februari 2017,1.0,potongan pizzanya tidak rata dan bentuk tidak lingkaran sempurna sepertinya sudah diambil beberapa bagiannya,Big Box,31 Mei 2025,2025-07-04 21:27:35
"Pizza Hut Delivery - PHD, Dharmahusada",farhina,31 Maret 2022,5.0,mantapppppp toppppppppp,COFFEE BY PHD - MurMer Pasta - Paket MaMa 3,23 April 2025,2025-07-04 21:27:35
"Pizza Hut Delivery - PHD, Dharmahusada",Veve,11 April 2025,5.0,"Enak benar, cuma kurang rata bagi dagingnya/ sosisnya. Sebagian buanyak isinya & yg sebagian nggak ada isinya. Oke.",My Box Duo Pizza,13 April 2025,2025-07-04 21:27:35
"Pizza Hut Delivery - PHD, Dharmahusada",R***,14 Juni 2018,5.0,Terimakasih rasanya enak,Triple Fun Pizza,8 April 2025,2025-07-04 21:27:35
"Pizza Hut Delivery - PHD, Dharmahusada",Titik Sadewi,3 Agustus 2022,5.0,"enak banget
sayang kurang banyak",My Box Duo Pizza,4 April 2025,2025-07-04 21:27:35
"Pizza Hut Delivery - PHD, Dharmahusada",Bilal,17 Februari 2025,1.0,Never tasted something like that before that’s not pizzahut sorry,My Box Duo Pizza - Personal Royal MusangKing - Aqua 330 ml,21 Februari 2025,2025-07-04 21:27:35
"Pizza Hut Delivery - PHD, Dharmahusada",indahwati,14 Agustus 2017,5.0,"diluar dugaan saya, musangking melts enakk",MusangKing Crispy Melts,13 Februari 2025,2025-07-04 21:27:35
"Pizza Hut Delivery - PHD, Dharmahusada",M***,11 Oktober 2018,1.0,"saya pesan 2 menu. dua dua nya tidak ada disuruh ganti yang lain. pertama pizza kosong, saya kira beres eh setengah jam kemudian mengabarkan ayam fillet saya tidak ada. kenapa gak langsung aja dikabarin dua2nya kosong. gak bisa batal karena kasian driver menunggu lama. ini sekelas pizza hut bisa begini",Crispy Cuts - Personal Pizza Tender Beef Triumph,19 Januari 2025,2025-07-04 21:27:35
"Pizza Hut Delivery - PHD, Dharmahusada",ikhsan firmansyah,9 April 2018,5.0,"enak rasanya, fresh from the oven, harga worth it",Double Box Deluxe,15 Januari 2025,2025-07-04 21:27:35
"Pizza Hut Delivery - PHD, Dharmahusada",M*****,17 April 2022,4.0,"mie gorengnya sumpah asin banget, garam 1 kg tumpah apa ya. gak bs ke makan",PHD Anniv PASTA Buat Ber-3 - Personal Pizza Tender Beef Triumph,26 Oktober 2024,2025-07-04 21:27:35
"Pizza Hut Delivery - PHD, Dharmahusada",Bu Ida,23 Juni 2020,5.0,Rasa pas...porsi cukup kemasan bagus,Deluxe Regular Pizza,30 November 2024,2025-07-04 21:27:35
"Pizza Hut Delivery - PHD, Dharmahusada",Alea,5 Juni 2022,3.0,spaghetty zonk bgt.. ASIIIINNNNNN  BANGET topping telur orak arik macam bakmi goreng 😭....,PHD Anniv Buat Ber-5 ASIK,30 Oktober 2024,2025-07-04 21:27:35
"Pizza Hut Delivery - PHD, Dharmahusada",Satrio,27 Agustus 2024,2.0,terlalu lama pelayanannya,Triple Fun Pizza,18 Oktober 2024,2025-07-04 21:27:35
"Pizza Hut Delivery - PHD, Dharmahusada",Faishal Ridha,3 Agustus 2022,5.0,niceeee enak beut,QU4RTZA,17 Oktober 2024,2025-07-04 21:27:35
"Pizza Hut Delivery - PHD, Dharmahusada",K***,26 Juni 2017,3.0,rasanya krg josss tidak asin tidak gurih hambarrr,Mom's Spaghetti Bolognese - Melon Lemonade Cup,8 Oktober 2024,2025-07-04 21:27:35
"Pizza Hut Delivery - PHD, Dharmahusada",ny bibi,5 Maret 2022,2.0,pesanan yg dikirim gsk sesuai dgn penawarsnys( gamnar )  jadi kecewa,My Box XL Pizza,30 September 2024,2025-07-04 21:27:35
"Pizza Hut Delivery - PHD, Dharmahusada",Desy Darmawati,14 Desember 2021,5.0,pizza hut always terenak 👍👍👍,Double Date QU4RTZA,13 September 2024,2025-07-04 21:27:35
"Pizza Hut Delivery - PHD, Dharmahusada",daniel chan,7 Juli 2015,5.0,Responnya bagus dan pelayanannya cepat.,Weekday Deals My Box Duo,8 Agustus 2024,2025-07-04 21:27:35
"Pizza Hut Delivery - PHD, Dharmahusada",dwi adi saputra,4 Maret 2021,5.0,makan ber 2 sama ayank,Double Box Deluxe,3 Agustus 2024,2025-07-04 21:27:35
"Pizza Hut Delivery - PHD, Dharmahusada",anto,20 Januari 2024,5.0,terimakasih pizza PHD,Triple Fun Pizza,1 Agustus 2024,2025-07-04 21:27:35
"Pizza Hut Delivery - PHD, Dharmahusada",Devi,23 Januari 2016,3.0,"biasa aja,rasanya kok beda ya gk senikmat dulu",Double Box Cheese Overflow,29 Mei 2024,2025-07-04 21:27:35
"Pizza Hut Delivery - PHD, Dharmahusada",Nuril Hardi Maulidia,24 September 2018,5.0,Terima kasih and good,QU4RTZA - My Box XL Pizza,15 April 2024,2025-07-04 21:27:35
"Pizza Hut Delivery - PHD, Dharmahusada",dahlia,20 Desember 2015,3.0,notes sauce sambal tidak diberikan,Melts Pizza - Oriental Chicken Spaghetti - Golden Pocket - Choco Puff - Orange Delight - Lemon Tea,4 April 2024,2025-07-04 21:27:35
"Pizza Hut Delivery - PHD, Dharmahusada",ROHMAN,5 November 2019,5.0,"terimakasih  , terimakasih, terimakasih",Signature Regular Pizza,15 Maret 2024,2025-07-04 21:27:35
"Pizza Hut Delivery - PHD, Dharmahusada",Cristina Savitri,25 Mei 2019,5.0,cepet sanpainya,Triple Fun Pizza,10 Maret 2024,2025-07-04 21:27:35
"Pizza Hut Delivery - PHD, Dharmahusada",I**** A****,15 Januari 2020,2.0,"untuk minuman, es batu nya gak ada, gak dingin uda cair, rasa kurang segar",2 My Box Value 45Rb,19 Februari 2024,2025-07-04 21:27:35
"Pizza Hut Delivery - PHD, Dharmahusada",Anggi Ratna,26 Desember 2019,5.0,thankyou yaaaaa ❤️,2 My Box Value 45Rb,12 Februari 2024,2025-07-04 21:27:35
"Pizza Hut Delivery - PHD, Dharmahusada",didik,8 April 2021,5.0,ok mantap dan enak.,Double Box Regular Signature F. Beef Lasagna,31 Januari 2024,2025-07-04 21:27:35
"Pizza Hut Delivery - PHD, Dharmahusada",P*** R*****,24 Januari 2018,5.0,"enakkk banget, banyak promonya",2 My Box Value 45Rb,17 Desember 2023,2025-07-04 21:27:35
"Pizza Hut Delivery - PHD, Dharmahusada",Tsawabi Ramadhan,8 Juni 2017,1.0,"order 2 yg dateng 1, sudah diingatkan oleh drivernya tapi jawabannya orderan komplit. udah 2x kejadian kayak gini",My Box XL Pasta/Rice - Beef Fettuccine,27 Januari 2024,2025-07-04 21:27:35
"Pizza Hut Delivery - PHD, Dharmahusada",didik,8 April 2021,5.0,mantap dan nikmat,QU4RTZA Free Beef Lasagna,24 Januari 2024,2025-07-04 21:27:35
"Pizza Hut Delivery - PHD, Dharmahusada",Kireina,6 Januari 2017,4.0,Ojol masa dimintain parkir,2 My Box Value 45Rb,7 Januari 2024,2025-07-04 21:27:35
"Pizza Hut Delivery - PHD, Dharmahusada",Hana,29 Juni 2018,5.0,Pizza Hut emang ga ada lawannya Maknyus,Paket Triple Meriah,30 Desember 2023,2025-07-04 21:27:35
"Pizza Hut Delivery - PHD, Dharmahusada",G****** S******,31 Mei 2023,5.0,mantappp pizza favorit bangett,Genshin Pizza. - Melts Pizza,18 November 2023,2025-07-04 21:27:35
"Pizza Hut Delivery - PHD, Dharmahusada",H*******,12 Maret 2022,1.0,"pesanan sy ada yg kurang,sy pesan dan bayar beserta minuman nya kenapa tdk ada minumannya sedang driver info tdk ada minumnya tp di nota tertulis dan sy pesan serta bayar include minuman.sangat tidak professional sekali",Melon Lemonade - My Box Pasta/Rice,20 Desember 2023,2025-07-04 21:27:35
"Pizza Hut Delivery - PHD, Dharmahusada",I******,12 Oktober 2015,5.0,sama yg dulu rasa tdk pernah berubah,PayDay Pizza,30 November 2023,2025-07-04 21:27:35
"Pizza Hut Delivery - PHD, Dharmahusada",Christine,28 Agustus 2016,2.0,"the service level to slow...order pizza double 1meters almost 1,5hr",L1MO Pizza,26 November 2023,2025-07-04 21:27:35
"Pizza Hut Delivery - PHD, Dharmahusada",M Syahrul R,8 November 2017,5.0,sering sering bikin promo. next packgingnya sesuaikan sama pizzanya aja ya kak sayang kalo boxnya gede tapi isinya kecil imut. rasa mantap enak,Triple Fun Pizza,16 Oktober 2023,2025-07-04 21:27:35
"Pizza Hut Delivery - PHD, Dharmahusada",K*******,30 Desember 2016,5.0,sayanhnya gak ada sendok garpu ya tp rasanya mantab banget,My Box XL Mix,30 September 2023,2025-07-04 21:27:35
"Pizza Hut Delivery - PHD, Dharmahusada",E**********,30 Desember 2021,1.0,G dpt stiker.,Genshin Pizza.,23 September 2023,2025-07-04 21:27:35
"Pizza Hut Delivery - PHD, Dharmahusada",H*****,17 September 2017,5.0,Mantap... kematangan pas...rasa enak 👍,Double Box Deluxe,22 September 2023,2025-07-04 21:27:35
"Pizza Hut Delivery - PHD, Dharmahusada",Okkie Perdana,11 April 2021,2.0,gak kasih alat makan sendok garpu padahal sudah request,Wings Rice Late night. - Coca Cola 1 Liter - FUN PIZZA,19 September 2023,2025-07-04 21:27:35
"Pizza Hut Delivery - PHD, Dharmahusada",A**** P****,20 Agustus 2019,1.0,"Pizzanya enak kok. tp Stiker genshinya gadapet 😞😌 jadi bintang 1, maap.",Genshin Pizza,18 September 2023,2025-07-04 21:27:35
"Pizza Hut Delivery - PHD, Dharmahusada",A*****,10 Oktober 2017,1.0,ada pesanan yg kurang,Double Box Jumbo Signature - Cheese Rolls 6 Pcs - Wingstreet 6 Pcs - Choco Puff - Coca Cola 1 Liter,18 September 2023,2025-07-04 21:27:35
"Pizza Hut Delivery - PHD, Dharmahusada",J*****,27 April 2016,5.0,nothing special but she's likes it 🥰,Melts Pizza,8 Agustus 2023,2025-07-04 21:27:35
"Pizza Hut Delivery - PHD, Dharmahusada","ibu yani,dosen",28 Januari 2021,3.0,rasanya asiiin. coba garam dikurangi. dan juga beri saus tomat nya .tidak hanya sambal,Triple Fun Pizza,1 Agustus 2023,2025-07-04 21:27:35
"Pizza Hut Delivery - PHD, Dharmahusada",Fadhil Haekal,18 April 2018,5.0,"midnight rescue snackkk, makasii",My Box Pasta/Rice,18 Juli 2023,2025-07-04 21:27:35
"Pizza Hut Delivery - PHD, Dharmahusada",Rukhoiyah Swandani,11 November 2019,2.0,porsi kurang apalagi pepperoninya sekecil taburan merica/lada. nemu rambut di pepperoni fussilinya. terus kering dan gosong..ga worthy dg harga segitu,Cheese Lava - Creamy Truffle - Pepperoni Cheese Fusilli,14 Juli 2023,2025-07-04 21:27:35
"Pizza Hut Delivery - PHD, Dharmahusada",yoseph andika,19 Agustus 2015,4.0,"Order 2 pizza, 1 chicken 1 beef, tapi di kotaknya tidak ada tulisannya, overall masih tetap puas",Double Box Deluxe,10 Juli 2023,2025-07-04 21:27:35
"Pizza Hut Delivery - PHD, Dharmahusada",Ghaly,26 Oktober 2016,5.0,overall enak dan tiba dalam kondisi hangat,Big Box Signature,9 Juli 2023,2025-07-04 21:27:35
"Pizza Hut Delivery - PHD, Dharmahusada",ali,8 Desember 2015,3.0,enakan pizza hut biasa,Quartza Pizza - Triple Fun Pizza,9 Juli 2023,2025-07-04 21:27:35
"Pizza Hut Delivery - PHD, Dharmahusada",Amsiyah,14 Maret 2021,2.0,entah kegosongan atau gmn tp pizza nya keras banget gk bisa di gigit.. maaf sy kasih ulasan sprti ini bukan niat menjatuhkan tp biar bisa evaluasi lagi..🙏,Fun Pizza - My Box Pizza,25 Juni 2023,2025-07-04 21:27:35
"Pizza Hut Delivery - PHD, Dharmahusada",yoana,19 Juni 2023,5.0,enak banget pizza nya dh,L1MO CRUNCHEEZE,19 Juni 2023,2025-07-04 21:27:35
"Pizza Hut Delivery - PHD, Dharmahusada",P**** S***,6 Maret 2022,4.0,trlalu kering kali ini trus udah dingin pdhal deket 😢,L1MO CRUNCHEEZE,4 Juni 2023,2025-07-04 21:27:35
"Pizza Hut Delivery - PHD, Dharmahusada",S****,11 Agustus 2015,1.0,"Dateng2 pizzanya hancur, mgkn krn g dikasih penyangga ditengah pizzanya. 😡",Signature Regular Pizza,17 Mei 2023,2025-07-04 21:27:35
"Pizza Hut Delivery - PHD, Dharmahusada",erfan christianto,6 September 2015,2.0,pelit sambal sachet,Triple Fun Pizza - Paket Wingstreet,13 April 2023,2025-07-04 21:27:35
"Pizza Hut Delivery - PHD, Dharmahusada",Christina,12 April 2017,1.0,pizza nya bloom matang...masih berupa tepung...parah nie phd,Double Box Twist n Dip,29 Maret 2023,2025-07-04 21:27:35
"Pizza Hut Delivery - PHD, Dharmahusada",Jasmine Aprilia,21 Juni 2017,5.0,potato wedges sayangnya masih agak keras,My Box Plus Pizza,20 Maret 2023,2025-07-04 21:27:35
"Pizza Hut Delivery - PHD, Dharmahusada",N**** I***,17 September 2015,5.0,sdh berkali2 pesan di sini. 👍bagus.,Signature Jumbo Pizza,12 Maret 2023,2025-07-04 21:27:35
"Pizza Hut Delivery - PHD, Dharmahusada",jay,23 April 2018,5.0,mantab puas nikmat kentang,L1mo Pizza,23 Februari 2023,2025-07-04 21:27:35
"Pizza Hut Delivery - PHD, Dharmahusada",Ara,30 Januari 2022,5.0,cuma satu aja: kenapa sausnya ijo 🤔 rasanya ga sebegitu pengaruh,My Box Plus Pasta - PAKET BUCIN ( Bundle Cinta ) - Mac n Cheese 6pcs,15 Februari 2023,2025-07-04 21:27:35
"Pizza Hut Delivery - PHD, Dharmahusada",F**** N** R******,5 September 2015,1.0,"the resto forget the sauce, pizza no sauce? come on 🖕",My Box Plus Pizza,9 Februari 2023,2025-07-04 21:27:35
"Pizza Hut Delivery - PHD, Dharmahusada","ibu yani,dosen",28 Januari 2021,4.0,toping kurang menarik,Fun Pizza - Fun Pizza,30 Januari 2023,2025-07-04 21:27:35
"Pizza Hut Delivery - PHD, Dharmahusada",tinara yuly,28 Juli 2022,5.0,woooooooooooke!!,My Box XL Pizza,18 Januari 2023,2025-07-04 21:27:35
"Pizza Hut Delivery - PHD, Dharmahusada",F*** F*******,26 Februari 2017,5.0,"pizzanya enakk fluffy, topping jg mantull, worth it to buy",L1mo Pizza,15 Januari 2023,2025-07-04 21:27:35
"Pizza Hut Delivery - PHD, Dharmahusada",A****,4 Juni 2021,5.0,terima kasih bang,My Box XL Pizza,3 Januari 2023,2025-07-04 21:27:35
"Pizza Hut Delivery - PHD, Dharmahusada",priyo,6 April 2015,5.0,Enak praktis banyak variant nya,Signature Regular Pizza,31 Desember 2022,2025-07-04 21:27:35
"Pizza Hut Delivery - PHD, Dharmahusada",nada,4 April 2018,5.0,trima kasih atas promo.nya,Triple Fun Pizza,31 Desember 2022,2025-07-04 21:27:35
"Pizza Hut Delivery - PHD, Dharmahusada",Dimas Rian Purnomo,1 September 2021,3.0,sumpah b aja gk kayak yang dulu,Maksi Ber - 2,18 Desember 2022,2025-07-04 21:27:35
"Pizza Hut Delivery - PHD, Dharmahusada",L**** T*****,28 Mei 2018,4.0,saladnya sedikit tidak full,Beef Lasagna - Fresh Salad - Signature Regular Pizza,26 Desember 2022,2025-07-04 21:27:35
"Pizza Hut Delivery - PHD, Dharmahusada",Rika Karlina,11 Januari 2016,5.0,Pilihan tepat pizza cepat,My Box Pizza,19 Desember 2022,2025-07-04 21:27:35
"Pizza Hut Delivery - PHD, Dharmahusada",F****,11 Februari 2020,2.0,"Tumben pizza hut salah orderan,saya pesan pinggir sosis yang dikirim pinggiran biasa hehehe",Double Box Signature Regular,4 Desember 2022,2025-07-04 21:27:35
"Pizza Hut Delivery - PHD, Dharmahusada",Y***,23 April 2016,3.0,The game pizza nya gak nendang. Rasanya biasanya sj menurut sy. Beda dengan heart pizza valentine kemarin.,The Game Pizza,26 November 2022,2025-07-04 21:27:35
"Pizza Hut Delivery - PHD, Dharmahusada",ida,5 Februari 2017,5.0,"makan pizza pas untuk menemani di waktu hujan,rasanya mantap driver nya jg ok",Duo Pizza - DELUXE Pizza Original Regular,26 November 2022,2025-07-04 21:27:35
"Pizza Hut Delivery - PHD, Dharmahusada",sari,17 Juni 2017,3.0,rotinya tebel banget.....topping nya kurang,My Box Plus,16 November 2022,2025-07-04 21:27:35
"Pizza Hut Delivery - PHD, Dharmahusada",Husein Mahendra,25 Januari 2022,5.0,Good pokoknya pertahankan,My Box Plus,14 November 2022,2025-07-04 21:27:35
"Pizza Hut Delivery - PHD, Dharmahusada",Dhiana Pratikasari Widyatami,15 Mei 2019,5.0,"teope begete, makasih",My Box,13 November 2022,2025-07-04 21:27:35
"Pizza Hut Delivery - PHD, Dharmahusada",Sulistyawati,2 Juni 2019,5.0,Makanan slalu stabil dan sangat lezat,Fresh Salad,2 November 2022,2025-07-04 21:27:35
"Pizza Hut Delivery - PHD, Dharmahusada",A******* F****,2 Maret 2021,4.0,"Rasa sih emang enak, cuman padahal udh minta alat makan tapi tetep aja gak dikasih sayang banget jadi rusak makannya😔",Serbu Hemat,29 Oktober 2022,2025-07-04 21:27:35
"Pizza Hut Delivery - PHD, Dharmahusada",frida,4 Februari 2021,5.0,bintang 10 .. sudah pas semua,Regular Signature Pizza,26 Oktober 2022,2025-07-04 21:27:35
"Pizza Hut Delivery - PHD, Dharmahusada",BayuRahardwiyan,2 Juni 2017,1.0,pesennya apa dikirim apa,My Box Hitss,22 Oktober 2022,2025-07-04 21:27:35
"Pizza Hut Delivery - PHD, Dharmahusada",I**,31 Agustus 2017,5.0,Oke punya phd tidak pernah mengecewakan,Maksi Ber-2,14 Oktober 2022,2025-07-04 21:27:35
"Pizza Hut Delivery - PHD, Dharmahusada",dwi yok,30 November 2019,5.0,mantap sukses slalu,Double Nikmat,22 September 2022,2025-07-04 21:27:35
"Pizza Hut Delivery - PHD, Dharmahusada",tasya,13 April 2018,5.0,enakkkkkkk bangettttt,Big Box Signature - Cheese Rolls,28 Agustus 2022,2025-07-04 21:27:35
"Pizza Hut Delivery - PHD, Dharmahusada",vian,1 April 2021,5.0,msih bangeeeettt....enaaaakkk sekaliiiii,My Box,4 September 2022,2025-07-04 21:27:35
"Pizza Hut Delivery - PHD, Dharmahusada",Melissa Gabriella,2 Desember 2019,3.0,rasanya okee seperti biasa tapi pizzanya makin sedikit toppingnya seperti kena inflasi 😔,Regular Signature Pizza,28 Agustus 2022,2025-07-04 21:27:35
"Pizza Hut Delivery - PHD, Dharmahusada",Felix,3 September 2019,4.0,"ga seenak biasanya, rasa roti bkn pizza",Jumbo Signature Pizza,27 Agustus 2022,2025-07-04 21:27:35
"Pizza Hut Delivery - PHD, Dharmahusada",intan mei,31 Mei 2021,1.0,"ini nama nya roti bukan pizza, masa gak ada topingnya. mengecewakan",Paket Merah Putih - Wingstreet,27 Agustus 2022,2025-07-04 21:27:35
"Pizza Hut Delivery - PHD, Dharmahusada",basuki,26 Agustus 2016,3.0,beef fetucini rasanya asin,Beef Lasagna - Beef Fettuccine,24 Agustus 2022,2025-07-04 21:27:35
"Pizza Hut Delivery - PHD, Dharmahusada",lilis,10 September 2016,5.0,mantap n lezat,BOGO Regular Signature Pizza,17 Agustus 2022,2025-07-04 21:27:35
"Pizza Hut Delivery - PHD, Dharmahusada",anisa uripti,27 November 2021,4.0,ya lumayan cukup untuk 1 orang,My Box Plus,12 Agustus 2022,2025-07-04 21:27:35
"Pizza Hut Delivery - PHD, Dharmahusada",I*******,4 September 2016,3.0,"Digambarnya untuk pizzanya saya pilih yang ada paprika merah dan hijau, ternyata yang datang pizza tanpa paprika di atasnya.",Chicken Fettuccine alla Italia - Big Box Signature,8 Agustus 2022,2025-07-04 21:27:35
"Pizza Hut Delivery - PHD, Dharmahusada",Heri setiawan,1 April 2017,5.0,Enak sekali dan mantap,Paket Merah Putih,2 Agustus 2022,2025-07-04 21:27:35
"Pizza Hut Delivery - PHD, Dharmahusada",shinta,29 Oktober 2016,4.0,porsinya kurang hehe🤪,My Box,30 Juli 2022,2025-07-04 21:27:35
"Pizza Hut Delivery - PHD, Dharmahusada",Sheeba Leeba,6 Februari 2022,4.0,"bukannya gak enak, cuma rasanya bukan selera bagiku... maaf, eneg",My Box,28 Juli 2022,2025-07-04 21:27:35
"Pizza Hut Delivery - PHD, Dharmahusada",V***,18 April 2019,1.0,d gambar isinya kepla abebek sam ati tpi pas dtang cm kpla bebebk aja kecil lagi ..,Paket Praktis,3 Juli 2022,2025-07-04 21:27:35
"Pizza Hut Delivery - PHD, Dharmahusada",I***** O*********,9 November 2016,5.0,so so lah yaaaa,L1MO Pizza + Coca Cola 1 Liter,14 Juli 2022,2025-07-04 21:27:35
"Pizza Hut Delivery - PHD, Dharmahusada",Atay Akbiyik,17 Juni 2022,4.0,The portion size for the spaghetti was much smaller than I expected so I’m glad I had ordered a pan pizza as well otherwise I would still be hungry.,Paket Double,25 Juni 2022,2025-07-04 21:27:35
"Pizza Hut Delivery - PHD, Dharmahusada",FAIZIN SE,14 September 2017,5.0,Mantaappp sekali...,Double Box Signature Regular,22 Juni 2022,2025-07-04 21:27:35
"Pizza Hut Delivery - PHD, Dharmahusada",desy,9 November 2016,5.0,enak banget trimakasih .,Double Nikmat,10 Juni 2022,2025-07-04 21:27:35
"Pizza Hut Delivery - PHD, Dharmahusada",Anita,6 November 2015,1.0,"piza ya nya gosong, piza lama yg dipanasin ulang. rasanya agak kecut Di kejunya krn gk fresh baking. diperut bikin mual. rasanya JD gk enak krn bukan piza yg baru dibuat. makanan klo gk fresh bikin rasanya berkuranh, jadi gk enak n bikin gk selera utk dimakan. saos sambalnya pelit cuma 1 per box.",Double Nikmat,9 Juni 2022,2025-07-04 21:27:35
"Pizza Hut Delivery - PHD, Dharmahusada",Primasari Rahmawati,3 April 2018,1.0,"sy minta banyak buah nya , kok malah diberi sayur semua tidak ada buah sama sekali??? udah gitu dressingnya uasin minta ampun",Fresh Salad - Cappucino Jelly,4 Juni 2022,2025-07-04 21:27:35
"Pizza Hut Delivery - PHD, Dharmahusada",feronica,24 Desember 2016,4.0,fettucine nya tll byk pepper.,Beef Lasagna - Chicken Fettuccine alla Italia,28 Mei 2022,2025-07-04 21:27:35
"Pizza Hut Delivery - PHD, Dharmahusada",D***** A*** R**** F********,22 November 2018,1.0,makanan kurang lengkap dan beralasan pergantian shift,Paket Meriah - Chicken Sticks,26 Mei 2022,2025-07-04 21:27:35
"Pizza Hut Delivery - PHD, Dharmahusada",almiraneysa,26 Agustus 2017,5.0,good deliciousssss,Maksi Ber-2,30 Maret 2022,2025-07-04 21:27:35
"Pizza Hut Delivery - PHD, Dharmahusada",kartika arief putri,17 Desember 2015,5.0,TOP MARKOTOP POKOKE👍👍👍👍😊😊😊😊,Splitza Regular,20 Mei 2022,2025-07-04 21:27:35
"Pizza Hut Delivery - PHD, Dharmahusada",Hendra Setyawan,14 Agustus 2015,5.0,mantap cepat akurat,Double Box Signature Regular + Coca Cola 1 Liter,3 Mei 2022,2025-07-04 21:27:35
"Pizza Hut Delivery - PHD, Dharmahusada",T****,2 November 2016,5.0,Perfecto numero uno💕😍🥹,Big Box Classic,23 April 2022,2025-07-04 21:27:35
"Pizza Hut Delivery - PHD, Dharmahusada",fawwazrlpy,3 Januari 2022,5.0,Aku masih puasa tapi enak ya kata adik ku,Double Nikmat,6 April 2022,2025-07-04 21:27:35
"Pizza Hut Delivery - PHD, Dharmahusada",wahyu,3 Maret 2017,1.0,pizza nya gak hangat otomatis mengeras ketika dimakan,Double Nikmat,1 April 2022,2025-07-04 21:27:35
"Pizza Hut Delivery - PHD, Dharmahusada",budi santoso,9 Desember 2017,5.0,over all mantap 👍,Double Nikmat,1 April 2022,2025-07-04 21:27:35
"Pizza Hut Delivery - PHD, Dharmahusada",Anisa Paramitha Dewi,28 September 2018,5.0,mantul maaci bisa mam promoan enak hehe,Double Box Regular Dimsum Pizza,28 Maret 2022,2025-07-04 21:27:35
"Pizza Hut Delivery - PHD, Dharmahusada",S*****,5 Desember 2016,4.0,pizzanya datang dalam keadaan berantakan (saling tertindih satu sama lain),Regular Signature Pizza - Cheesy Dough Ball,26 Maret 2022,2025-07-04 21:27:35
"Pizza Hut Delivery - PHD, Dharmahusada",dika kunaryanto,30 Desember 2016,5.0,pizza super lezat,Double Nikmat - Paket Praktis,24 Maret 2022,2025-07-04 21:27:35
"Pizza Hut Delivery - PHD, Dharmahusada",M******* F****** R***,31 Desember 2018,2.0,Saucenya cuma 1,My Box,11 Maret 2022,2025-07-04 21:27:35
"Pizza Hut Delivery - PHD, Dharmahusada","I** Y*** ,***** E******",31 Juli 2016,1.0,di gambar 6 slices..fakta cuma 4 slices.,My Box Hitss,1 Maret 2022,2025-07-04 21:27:35
"Pizza Hut Delivery - PHD, Dharmahusada",adipati,20 November 2021,5.0,tx om ya 🙏okkkkkkkkkkkkkkkkkkkkkkkkkkkk,Paket Praktis,20 Februari 2022,2025-07-04 21:27:35
"Pizza Hut Delivery - PHD, Dharmahusada",R***,27 Mei 2018,5.0,"pizza enak, tapi toppingnya tumpah sampe ke box, sepertinya habis jatuh😭, jadi tidak selera makan.",Regular Stuffed Crust Heart,19 Februari 2022,2025-07-04 21:27:35
"Sour Sally, Galaxy Mall",YNT,25 Maret 2017,5.0,mochinya n yogurtnyabyg di GM ter endul🩷🩷,Take Home Pack Black Sakura 250 gram,19 Maret 2025,2025-07-04 21:28:02
"Sour Sally, Galaxy Mall",R**** Z****,16 Desember 2019,3.0,pesen white skim dikasih nya black sakura,Take Home Pack White Zero 250 Gram,1 Januari 2025,2025-07-04 21:28:02
"Sour Sally, Galaxy Mall",alin,16 Agustus 2015,5.0,selalu menjadi yogurt terenaaak yay,Take Home Pack Black Sakura 500 gram,18 Desember 2024,2025-07-04 21:28:02
"Sour Sally, Galaxy Mall",Wildan Basharahil,16 Januari 2017,5.0,Mantappp abisss,Take Home Pack Black Sakura 500 gram - Take Home Pack Black Sakura 500 gram,13 Oktober 2024,2025-07-04 21:28:02
"Sour Sally, Galaxy Mall",Wildan Basharahil,16 Januari 2017,5.0,Mantap abis sih iniii,Take Home Pack Black Sakura 500 gram - Take Home Pack Black Sakura 500 gram,25 Juli 2024,2025-07-04 21:28:02
"Sour Sally, Galaxy Mall",Wildan Basharahil,16 Januari 2017,5.0,Mantap abisss topping nyaa,Take Home Pack Black Sakura 500 gram,30 April 2024,2025-07-04 21:28:02
"Sour Sally, Galaxy Mall",Wildan Basharahil,16 Januari 2017,5.0,Enaknyaaaaaaaaaaa,Take Home Pack Black Sakura 500 gram - Take Home Pack White Skim 500 Gram,21 Februari 2024,2025-07-04 21:28:02
"Sour Sally, Galaxy Mall",Wildan Basharahil,16 Januari 2017,5.0,Suwweeggerr kakakkk,Take Home Pack Black Sakura 500 gram,21 September 2023,2025-07-04 21:28:02
"Sour Sally, Galaxy Mall",ridha,2 Juni 2016,5.0,Enaak. Cookie dough kayak karamel rasanya. Kl yg coklat kayak ovomaltine. Pingin beli lagi ☺️,Take Home Pack Black Sakura 250 gram,30 Juli 2023,2025-07-04 21:28:02
"Sour Sally, Galaxy Mall",Wildan Basharahil,16 Januari 2017,5.0,Ajib sawak kakakk,Take Home Pack Black Sakura 500 gram,31 Juli 2023,2025-07-04 21:28:02
"Sour Sally, Galaxy Mall",Wildan Basharahil,16 Januari 2017,5.0,Enak nya ngga maen maen,Take Home Pack Black Sakura 500 gram,30 Juni 2023,2025-07-04 21:28:02
"Sour Sally, Galaxy Mall",Nuna Muhammad,16 Januari 2017,5.0,Segerrrrrrrrrrrrrrrr,Take Home Pack Black Sakura 500 gram,22 Juni 2023,2025-07-04 21:28:02
"Sour Sally, Galaxy Mall",Wildan Basharahil,16 Januari 2017,5.0,Mantep abis mantep banget,Take Home Pack Black Sakura 500 gram,31 Mei 2023,2025-07-04 21:28:02
"Sour Sally, Galaxy Mall",Wildan Basharahil,16 Januari 2017,5.0,Enak banget nemenin malem libur nih,Take Home Pack Black Sakura 500 gram,17 Mei 2023,2025-07-04 21:28:02
"Sour Sally, Galaxy Mall",A*** H*********,3 Januari 2017,5.0,Lumayan enak la recommended,Take Home Pack White Skim 500 Gram,1 Oktober 2022,2025-07-04 21:28:02
"Sour Sally, Galaxy Mall",A*** H*********,3 Januari 2017,5.0,Lumayan enak la recommended,Take Home Pack White Skim 500 Gram,28 September 2022,2025-07-04 21:28:02
"Sour Sally, Galaxy Mall",A*** H*********,3 Januari 2017,5.0,Lumayan enak la recommended,Take Home Pack White Skim 500 Gram,26 September 2022,2025-07-04 21:28:02
"Sour Sally, Galaxy Mall",A*** H*********,3 Januari 2017,5.0,Lumayan enak la recommended,Take Home Pack White Skim 500 Gram,21 September 2022,2025-07-04 21:28:02
"Sour Sally, Galaxy Mall",A*** H*********,3 Januari 2017,5.0,Lumayan enak la recommended,Take Home Pack White Skim 500 Gram,20 September 2022,2025-07-04 21:28:02
"Sour Sally, Galaxy Mall",A*** H*********,3 Januari 2017,5.0,Lumayan enak la recommended,Take Home Pack White Skim 500 Gram,18 September 2022,2025-07-04 21:28:02
"Sour Sally, Galaxy Mall",A*** H*********,3 Januari 2017,5.0,Lumayan enak la recommended,Take Home Pack White Skim 500 Gram,17 September 2022,2025-07-04 21:28:02
"Sour Sally, Galaxy Mall",A*** H*********,3 Januari 2017,5.0,Lumayan enak la recommended,Take Home Pack White Skim 500 Gram,8 Oktober 2022,2025-07-04 21:28:02
"Sour Sally, Galaxy Mall",tasya,13 April 2018,5.0,enakkkkkkk bangettttt,Take Home Pack White Skim 250 gram,23 September 2022,2025-07-04 21:28:02
"Sour Sally, Galaxy Mall",Shin Wen,1 Januari 2019,5.0,TETAP SEMANGAT 👍,Take Home Pack White Skim 500 Gram,19 September 2022,2025-07-04 21:28:02
"Sour Sally, Galaxy Mall",Shin Wen,1 Januari 2019,5.0,Tetap semangat !!!,Take Home Pack White Skim 500 Gram,3 September 2022,2025-07-04 21:28:02
"Sour Sally, Galaxy Mall",Ervina,17 Agustus 2015,5.0,selalu enaak bangeet.. packaging nya juga higienis dan bentuknya unik,Take Home Pack White Skim 500 Gram,18 Mei 2022,2025-07-04 21:28:02
"Sour Sally, Galaxy Mall",William,13 Desember 2015,5.0,masih tetap menjaga dengan rasa sebelumnya 👍👍,Take Home Pack Black Sakura 500 gram,15 April 2022,2025-07-04 21:28:02
"Sour Sally, Galaxy Mall",Ervina,17 Agustus 2015,5.0,"rotinya empuuk banget seperti kapas, buttercreamnya juga manisnya pas,  sukaaaa...",Take Home Pack Black Sakura 500 gram,8 Maret 2022,2025-07-04 21:28:02
"Sour Sally, Galaxy Mall",mirah,8 September 2015,5.0,"mantul, enak, g terlalu mencair",Take Home Pack White Skim 500 Gram,23 Januari 2022,2025-07-04 21:28:02
"Sour Sally, Galaxy Mall",mirah,8 September 2015,5.0,"mantul, enak, kemasan ok",Take Home Pack White Skim 500 Gram,24 Januari 2022,2025-07-04 21:28:02
"Sour Sally, Galaxy Mall",Ervina,17 Agustus 2015,5.0,"enaaak bangeet, topping coconut nya enak. kemasan nya higienis dan bagus. semoga tambah banyak promonya",Take Home Pack White Skim 250 gram - Yogurt Strawberry Smoothie - Take Home Pack White Skim 250 gram,26 Januari 2022,2025-07-04 21:28:02
"Sour Sally, Galaxy Mall",C******,5 Agustus 2015,5.0,Safe packaging. Delicious as always,Take Home Pack Black Sakura 500 gram,5 Januari 2022,2025-07-04 21:28:02
"Sour Sally, Galaxy Mall",Soo Liong,9 Februari 2017,5.0,The Food keep us Healthy 😋,Take Home Pack White Skim 500 Gram,15 Januari 2022,2025-07-04 21:28:02
"Sour Sally, Galaxy Mall",Soo Liong,9 Februari 2017,5.0,"We enjoyed the YOGURT very much, Very tasty and keep us Healthy. 👍👍👍",Take Home Pack White Skim 500 Gram,1 Januari 2022,2025-07-04 21:28:02
"Sour Sally, Galaxy Mall",A****** L**,7 Oktober 2015,3.0,bought the 500 gram one yg dateng yg 250 gram whyy ?,Combo Take Home Pack 500 gram MLBB,14 November 2021,2025-07-04 21:28:02
"Sour Sally, Galaxy Mall",D**** N******,3 Juni 2020,5.0,"udah sering dan langganan banget beli soursally waktu butuh yang seger-seger, rasanya fresh dan isinya cukup banyak. Paling enak kalo toppingnya buah-buahan.",Take Home Pack Black Sakura - Longan - Lyche,18 Agustus 2021,2025-07-04 21:28:02
"Sour Sally, Galaxy Mall",T****,7 November 2016,2.0,Topping tidak sesuai pesanan,Take Home Pack White Skim,17 Agustus 2021,2025-07-04 21:28:02
"Sour Sally, Galaxy Mall",H****** M*,2 Juni 2016,5.0,"Enak banget, dah luama ga makan ini sejak pandemi gabisa ke surabaya🥲🥲
Akhirnya hari ini keturutan,, huhuu selalu enakk🥲 gapernah mengecewakan memang👍👍👍",Take Home Pack Black Sakura,14 Agustus 2021,2025-07-04 21:28:02
"Sour Sally, Galaxy Mall",B**** A**,28 September 2015,5.0,good.. must have promotion price for the pandemic situation like now..,Take Home Pack White Skim,8 Agustus 2021,2025-07-04 21:28:02
"Sour Sally, Galaxy Mall",A** S*****,3 Mei 2015,3.0,Tumben tidak diberi sendok,Take Home Pack White Skim,5 Juli 2021,2025-07-04 21:28:02
"Sour Sally, Galaxy Mall",P****,2 September 2017,5.0,yeeey looooovv saaaangaaaat meeemuaskaaaaan,Take Home Pack Black Sakura,27 Mei 2021,2025-07-04 21:28:02
"Sour Sally, Galaxy Mall",M***,5 Juli 2019,5.0,ketagihan sama enaknya,Take Home Pack Black Sakura,26 Mei 2021,2025-07-04 21:28:02
"Sour Sally, Galaxy Mall",A******,2 November 2019,5.0,enak sekali👍🏻👍🏻,Take Home Pack White Skim,17 Mei 2021,2025-07-04 21:28:02
"Sour Sally, Galaxy Mall",I***,4 Mei 2016,3.0,Kemaren terpaksa topping nya dibuang soalnya nggak di seal lainkali sebaiknya makanannya di bungkus rapat,Take Home Pack Black Sakura,12 Februari 2021,2025-07-04 21:28:02
"Sour Sally, Galaxy Mall",I***,25 Maret 2018,1.0,porsi topping terlalu dikit jadi yogurt masih ada topping udah habis porsi dikit banget,Take Home Pack White Skim,9 Januari 2021,2025-07-04 21:28:02
"Sour Sally, Galaxy Mall",L**** Z****,18 Agustus 2015,5.0,I enjoyed every bite!,Sour Sally Bersama 1,21 Desember 2020,2025-07-04 21:28:02
"Sour Sally, Galaxy Mall",Y****,24 November 2018,2.0,isi toppingnya bener2 ga sesuai dg porsinya dan harganya.,Paket PSBB1,31 Juli 2020,2025-07-04 21:28:02
"Sour Sally, Galaxy Mall",L*** A*******,31 Oktober 2015,2.0,"Porsinya dikit banget, tidak seperti biasanya beli. Biasanya beli penuh, ini samping nya banyak kosong”. Bagusnya sudah di cable ties.👍🏻 Tpi porsi apa seterusnya bakal sedikit seperti ini?",Paket PSBB2 - Paket PSBB1,11 Juli 2020,2025-07-04 21:28:02
"Sour Sally, Galaxy Mall",O******,13 Juni 2015,3.0,tidak crunchy seperti dulu,Harkulnas 1,22 April 2020,2025-07-04 21:28:02
"Sour Sally, Galaxy Mall",A****,4 Desember 2017,3.0,Tidak di kasih sendok dan tisue,N/A,22 Februari 2019,2025-07-04 21:28:02
"Kebab Turki Baba Rafi, Wiratno",Chandra Widyyanto,4 November 2015,5.0,Serasa Maem Di Timur Tengah....,(Sale)Bration 3,6 Januari 2025,2025-07-04 21:28:27
"Kebab Turki Baba Rafi, Wiratno",A***** W*****,22 Juli 2015,2.0,SUDAH JELAS2 TULIS CAPLOCK TIDAK PEDAS SEMUA APA YA TIDAK DIBACA REQUESTNYA!!!,Sale 2,9 Januari 2023,2025-07-04 21:28:27
"Kebab Turki Baba Rafi, Wiratno",yosua bati,2 Agustus 2015,5.0,seger dan bersih,Past11 Puas 2 - Kebab Sapi Black Klasik,5 November 2022,2025-07-04 21:28:27
"Kebab Turki Baba Rafi, Wiratno",thomas,13 Oktober 2015,1.0,rasanya pahit semua ga tau karena apa? beda banget ama lokasi yg lain,Kebab Smokey Sei,11 September 2022,2025-07-04 21:28:27
"Kebab Turki Baba Rafi, Wiratno",ratih kumalasari,19 Juni 2018,4.0,"saya kan chat'nyq gk pedas, tp d kasih pedas..",Kebab Sapi Original,3 Juli 2022,2025-07-04 21:28:27
"Kebab Turki Baba Rafi, Wiratno",johana indri,17 Juli 2016,5.0,"Untuk nasi goreng harga 40 rb an porsi kurang banyak, juga lauk dalam nasi goreng nya tidak banyak, secara rasa juga agak hambar, beda banget sama dulu2 awal, makanya jarang beli lagi sekarang",Paket Hebat 1,16 Juni 2022,2025-07-04 21:28:27
"Kebab Turki Baba Rafi, Wiratno",Christiansen,6 November 2015,2.0,Daging kebabnya dikit banget.,Raya-in-Kebab 3,28 Mei 2022,2025-07-04 21:28:27
"Kebab Turki Baba Rafi, Wiratno",Cavin Chandra,18 Juli 2015,2.0,"Saya sudah tulis tidak pedas semua, driver juga sudah mengingatkan. Tapi yang kebab original 2 pcs dikasih pedas. Tolong diperhatikan lagi",Raya-in-Kebab 2,25 Mei 2022,2025-07-04 21:28:27
"Kebab Turki Baba Rafi, Wiratno",reynold,26 Maret 2017,3.0,"rasa standart, dan di kemsan tidak tulisan menu yg dipesan,jadi susah cari pesanan",Kebab Chijeu - Kebab Sapi Original - Kebab Sapi Original - Burger,17 Maret 2022,2025-07-04 21:28:27
"Kebab Turki Baba Rafi, Wiratno",Yunus Firmansyah,31 Desember 2020,5.0,mantap pake banget,BabaHao Smokey Boat,23 Februari 2022,2025-07-04 21:28:27
"Kebab Turki Baba Rafi, Wiratno",G*****,23 Desember 2020,4.0,ena tapi daging nya sak iprit :(,Kebab Smokey Chicken,30 Januari 2022,2025-07-04 21:28:27
"Kebab Turki Baba Rafi, Wiratno",F****,8 Mei 2016,4.0,"chijeu nya super kering, sangat kurang bumbu dibanding menu barunya, yang sei saus jepang lebih enak daripada yang timur tengah",Kebab Chijeu - Kebab Smokey Chicken - Kebab Smokey Sei - Combo Murah 1,1 Januari 2022,2025-07-04 21:28:27
"Kebab Turki Baba Rafi, Wiratno",Abhi,6 April 2017,3.0,"Untuk rasa cukup, tapi untuk kualitas dan packaging tidak sesuai ekspetasi",BabaHao Smokey Boat,23 Desember 2021,2025-07-04 21:28:27
"Kebab Turki Baba Rafi, Wiratno",Adi Widodo,18 September 2015,1.0,Saya pesan 4 kebab tapi yang dikirim cuman 3 kebab,Triple Kebab Sapi Original - Kebab Original,3 Desember 2021,2025-07-04 21:28:27
"Kebab Turki Baba Rafi, Wiratno",B**** F*********,5 September 2017,1.0,"Daging kebabnya kering bgt dan sdikit, trs gak ada sayurannya, apa karna harga promo yaa?",Baba Hemat Banget 1,22 September 2021,2025-07-04 21:28:27
"Kebab Turki Baba Rafi, Wiratno",F******* P****,12 November 2018,5.0,tencuuu yaaa♡♡♡,Kebab Black,5 September 2021,2025-07-04 21:28:27
"Kebab Turki Baba Rafi, Wiratno",Y***** L****,21 Juni 2017,5.0,"Dagingnya banyak. porsinya gede, kalau sayurnya lebih banyak lagi pasti lebih enak",Canai Cokelat Keju - Kebab Original,30 Juli 2021,2025-07-04 21:28:27
"Kebab Turki Baba Rafi, Wiratno",A****** D*********,28 April 2017,4.0,saos sambalnya kurang padahal dicatatan *pedas*,Kebab Chijeu - Canai Cokelat Keju - Kebab Unyu - Burger Patty,27 Juni 2021,2025-07-04 21:28:27
"Kebab Turki Baba Rafi, Wiratno",M***** S****,15 Januari 2019,2.0,gak sesuai reques.. malah gak ada saosnya yang pedes.poll..,Kebab Original - Kebab Black,18 Mei 2021,2025-07-04 21:28:27
"Kebab Turki Baba Rafi, Wiratno",A** S*****,3 Mei 2015,2.0,Sepertinya tidak membaca notes yang saya tulis dalam pesanan,Triple Kebab Sapi Original - Kebab Sara Fajira Spicy,13 Maret 2021,2025-07-04 21:28:27
"Kebab Turki Baba Rafi, Wiratno",A**** C******,25 Desember 2016,5.0,tolong utk kebab tidak langsung diletakkan di dus nya. bisa diberi kertas dulu(biasanya begini kan..entah kenapa skrg tdk diberi kertas),Kebab Chijeu - Kebab Original,28 Februari 2021,2025-07-04 21:28:27
"Kebab Turki Baba Rafi, Wiratno",A** S*****,3 Mei 2015,3.0,"Keju manis, not my type",Paket SARAnghaeyo 2 - Kebab Original,1 Maret 2021,2025-07-04 21:28:27
"Kebab Turki Baba Rafi, Wiratno",V***,27 April 2017,5.0,agak mahal tapi enak hehe,Kebab Sara Fajira Sweet - Kebab Sara Fajira Spicy - Burger Sapi,2 Januari 2021,2025-07-04 21:28:27
"Kebab Turki Baba Rafi, Wiratno",L**********,5 Maret 2016,1.0,"pesen kebab ayam, dapat kebab sapi. tolong dikonfirmasi !!!",Kebab Original,22 September 2020,2025-07-04 21:28:27
"Kebab Turki Baba Rafi, Wiratno",D***,17 Agustus 2015,4.0,"saus dan dagingnya lbh sedikit dari biasanya, kebabnya jadi tipis sekali dan kurang terasa seperti biasa hehe",Kebab Chijeu,20 September 2020,2025-07-04 21:28:27
"Kebab Turki Baba Rafi, Wiratno",N******** D***,30 Desember 2017,1.0,"dangingnya keras Dan rasanya asin banget, rasa kebab kurang kerasa saos Dan bumbunya",Kebab Sapi - Kebab Black,26 Maret 2020,2025-07-04 21:28:27
"Kebab Turki Baba Rafi, Wiratno",L**** P*********,9 Juli 2016,3.0,"sampe.d tempat mayo n saosnya keluar semua, makan tangan kotor semua",Kebab Black,17 November 2019,2025-07-04 21:28:27
"Kebab Turki Baba Rafi, Wiratno",R****,28 Oktober 2017,4.0,daging nya gosong,Kebab Sapi,18 Oktober 2019,2025-07-04 21:28:27
"Kebab Turki Baba Rafi, Wiratno",D****,19 November 2017,5.0,"kurang matang dikit,masih terasa tepungnya.",N/A,2 Juni 2019,2025-07-04 21:28:27
"Kebab Turki Baba Rafi, Wiratno",L****,2 Mei 2018,4.0,sayurnya boleh ditambah kan lagi,N/A,14 April 2019,2025-07-04 21:28:27
"Kebab Turki Baba Rafi, Wiratno",A********,11 Oktober 2015,4.0,Mayones nya kebanyakan,N/A,4 Maret 2019,2025-07-04 21:28:27
"Kebab Turki Baba Rafi, Wiratno",M*******,21 September 2015,5.0,"kirimin adek ipar yg lagi nyidam kebab,,berharap nular juga hamilnya ke saya..makasih pak udah mau terima orderannya..sukses buat bapak sukses buat gojek",N/A,27 Oktober 2018,2025-07-04 21:28:27
"Kebab Turki Baba Rafi, Wiratno",R*** P*********,13 Agustus 2015,2.0,kenaikan harga tidak diupdate..,N/A,1 September 2018,2025-07-04 21:28:27
"Kebab Turki Baba Rafi, Wiratno",W****,15 November 2017,4.0,tutup kata drivernya. sampek drivernya beli di mulyosari,N/A,28 Juni 2018,2025-07-04 21:28:27
"Excelso Coffee, Galaxy Extension Timur",Wenny,9 November 2015,4.0,Lbh ditingkatkan lg rasanya...👍🏻👍🏻👍🏻👍🏻👍🏻,Dory En Oats With French Fries - 1 Rice Bowl + 1 Peach Iced Tea C,22 Oktober 2024,2025-07-04 21:28:49
"Excelso Coffee, Galaxy Extension Timur",D*****,16 Oktober 2016,1.0,"pesan makan jam 17:18, baru ready jam 18:38. makanan nya.  pesan cuma 3 macam masa sampai 1.5 jam utk masak? untung driver pengiriman cepat.",Dory En Oats With French Fries - Golden Fried Mini Wonton - Bolognese,22 Oktober 2024,2025-07-04 21:28:49
"Excelso Coffee, Galaxy Extension Timur",Wenny,9 November 2015,4.0,Kentangnya melempem ya rada an & overall enak smua lbh d tingkatkan lg tq!!!,Dory En Oats With French Fries #Hemat - 1 Rice Bowl + 1 Peach Iced Tea C,30 Agustus 2024,2025-07-04 21:28:49
"Excelso Coffee, Galaxy Extension Timur",P********,11 Februari 2016,1.0,"salah beli,. yg datang arabica gold, pdhl saya pesan yg lain",Bean Java Arabica (200 Gr),22 Maret 2024,2025-07-04 21:28:49
"Excelso Coffee, Galaxy Extension Timur",W*****,31 Desember 2019,2.0,Ada rambut dalam minuman,Ichigo Shakes - Excelso Aren Toraja - Beef & Cheese Sandwich Lite - Dory En Oats,29 Juli 2023,2025-07-04 21:28:49
"Excelso Coffee, Galaxy Extension Timur",Frederika Christy,27 September 2020,5.0,Enak semua. Back to excelso otentik taste,Dory En Oats Lite - Signature Club Sandwich Lite - Avocado Coffee - Excelso Sampler,5 Juli 2023,2025-07-04 21:28:49
"Excelso Coffee, Galaxy Extension Timur",S***,22 Februari 2018,5.0,promoan enak banget,Dolce Latte - Chocolate (1L),12 Mei 2023,2025-07-04 21:28:49
"Excelso Coffee, Galaxy Extension Timur",Stefanus Soegiharto,28 Agustus 2015,2.0,"Roti sandwichnya gosong. Maaf, kurang ajarnya lagi bagian yang gosong seperti arang ditaruh di bagian dalam, sudah punya niat tidak baik dengan pelanggan.",Dory En Oats - Tuna Sandwich - Crispy Cassava Lite,25 Maret 2023,2025-07-04 21:28:49
"Excelso Coffee, Galaxy Extension Timur",D*** J*******,20 Januari 2017,1.0,"Saya pesannya dory en oat yg regular, kog dikasih yg lite, kalau mau dagang jangan gitu donk, itu namanya nipu. Saya sdh biasa order jadi tahu porsinya",Cherry Blossom - Hot And Spicy Beef (Spaghetti/Fettuccine) - Dory En Oats,14 Desember 2022,2025-07-04 21:28:49
"Excelso Coffee, Galaxy Extension Timur",andre,31 Mei 2016,2.0,the fish is smaller because of promo?,Fun Combo 1 - Dory En Oats Lite,11 November 2022,2025-07-04 21:28:49
"Excelso Coffee, Galaxy Extension Timur",Hanny,30 September 2015,1.0,"pesen avocado coffee tapi avocadonya ga kerasa, rasanya seperti kebanyakan air",Avocado Coffee,5 November 2022,2025-07-04 21:28:49
"Excelso Coffee, Galaxy Extension Timur",L***,14 Juli 2016,4.0,"Krn apa kurang tau, es nya sampai sdh cair banget es nya",Choco Chip Frappio - Avocado Coffee - Cookies and Cream Frappio,29 Juli 2022,2025-07-04 21:28:49
"Excelso Coffee, Galaxy Extension Timur",Kristina Hartanto,9 Desember 2015,3.0,Kurang enak.. Udah melempem kentang goreng sm cheese crustnya,Avocado Coffee - Cheese Crust - French Fries,11 Juli 2022,2025-07-04 21:28:49
"Excelso Coffee, Galaxy Extension Timur",tony fernando,16 Oktober 2015,5.0,Good food and excellent deiver,Hot / Ice Caramel Cappucinno - Hot / Ice Chocolate,26 April 2022,2025-07-04 21:28:49
"Excelso Coffee, Galaxy Extension Timur",Wenny,9 November 2015,4.0,lbh d tingkatkan lg rs nya dorinya agak gosong,Dory en Oats with French Fries - Hot / Ice Chocolate - Blackpepper Chicken (Spaghetti/Fettuccine),15 April 2022,2025-07-04 21:28:49
"Excelso Coffee, Galaxy Extension Timur",S****,2 September 2015,5.0,Terimakasih ya mantab bgt recommended top semoga lebih baik lg ke depan nya siippp,Signature Club Sandwich - Crispy Dory Sambal Sereh - Chocochip Frappio - Hot / Iced Caramel Cappucino,17 Maret 2022,2025-07-04 21:28:49
"Excelso Coffee, Galaxy Extension Timur",N******,23 Juli 2016,5.0,Pokoknya Ngg pernah kecewa bro👍🏻,Cafe Mocha (1L),29 Agustus 2021,2025-07-04 21:28:49
"Excelso Coffee, Galaxy Extension Timur",E****,18 Juni 2015,1.0,"Pedanan tidak sesuai, orderan kosong tidak dikonfirmasi main ganti sendiri",Nutty Frappio - Mega Mocha Shake - Melba Fruit Frappio,17 Agustus 2021,2025-07-04 21:28:49
"Excelso Coffee, Galaxy Extension Timur",M***** E********,26 Juli 2018,5.0,mantap racikan ny,Ultimate Frappio Choco Chip,25 Oktober 2019,2025-07-04 21:28:49
"Excelso Coffee, Galaxy Extension Timur",N***,7 Desember 2018,4.0,tolong dijaga standard taste nya selalu sama,N/A,14 Maret 2019,2025-07-04 21:28:49
"Quali, Galaxy Mall",M******,30 Agustus 2015,2.0,Porsi lbh sdkt dari biasanya,Nasi Siram Ayam - Ayam Gr Spesial Quali,1 April 2025,2025-07-04 21:29:19
"Quali, Galaxy Mall",Dian Novianti,22 November 2021,4.0,"kak...lain kali dicek dulu ya,saya order kakap telur asin tp yg datang kakap asam manis pdhal di tutupnya tertulis kakap telur asin tp isinya kakap asam manis.....mksh",Sapi Lada Hitam - Kuey Teow Gr Penang - Kakap Sc Telur Asin - Kakap Gr Xo,6 Maret 2025,2025-07-04 21:29:19
"Quali, Galaxy Mall",W**** N****,21 Agustus 2021,1.0,Rasa asap di makanan terlalu berlebihan,Ayam Kung Pao,7 Oktober 2024,2025-07-04 21:29:19
"Quali, Galaxy Mall",Salwa Sb,17 September 2017,1.0,Berminyak way too oily for a bowl of porridge,Bubur Ayam,12 Juni 2024,2025-07-04 21:29:19
"Quali, Galaxy Mall",N*****,7 Januari 2017,4.0,Porsi terlalu dikit,Ayam Kung Pao - Buncis Cah Saus XO,13 April 2024,2025-07-04 21:29:19
"Quali, Galaxy Mall",Zulva,7 Agustus 2017,5.0,bubur terdebest,Bubur Ayam - Bubur Ikan Kakap,11 Juli 2023,2025-07-04 21:29:19
"Quali, Galaxy Mall",Fitria Hartanto,16 Maret 2018,3.0,mhn maaf ayam cabe garam masakannya kurang mantapp,Buncis Cah Saus XO - Nasi Ayam Lada Garam,3 Maret 2023,2025-07-04 21:29:19
"Quali, Galaxy Mall",enny,23 Desember 2018,5.0,rasanya enak tapi sadar diri soal harganya,Nasi Kungpao Chicken - Cah Kailan Muda,28 Desember 2022,2025-07-04 21:29:19
"Quali, Galaxy Mall",J****** A*******,21 September 2018,3.0,ayamnya kurang banyak,Nasi Salted Egg Chicken,28 Oktober 2022,2025-07-04 21:29:19
"Quali, Galaxy Mall",laura wongso,21 Februari 2017,5.0,"Restoran favorit saya,mantap",Nasi Gr Seafood,6 Juli 2022,2025-07-04 21:29:19
"Quali, Galaxy Mall",Adiyanto Nday,29 Februari 2020,5.0,"I like Quali menu for my Box lunch in office of home.
It can be as simple as Fried rice with petai or Chicken noodles which are very RICHFUL in flavour.
Especially, when we invite someone or guest, try Chicken with Hongkong sauce or Quali special sauce (You won't regret it 😁🥳).
Quali offer the Freshness and Crisp taste of foods as their signature of cookery 👍👍👍",Ayam Sc Hongkong - Ayam Gr Asam Manis,16 Agustus 2022,2025-07-04 21:29:19
"Quali, Galaxy Mall",farida,2 November 2016,5.0,sayang porsinya terlalu sedikit,Ayam Gr Spesial Quali,13 Desember 2021,2025-07-04 21:29:19
"Quali, Galaxy Mall",wati,3 Oktober 2016,5.0,rasa n kemasan rapi,Nasi Gr Yang Chow,8 Desember 2021,2025-07-04 21:29:19
"Quali, Galaxy Mall",farida,2 November 2016,4.0,porsinya dikitt,Ayam Gr Spesial Quali,7 Desember 2021,2025-07-04 21:29:19
"Quali, Galaxy Mall",Lenny,26 Juli 2018,4.0,Porsi daging ayamnya kurang,Bubur Ayam,2 Desember 2021,2025-07-04 21:29:19
"Quali, Galaxy Mall",G**** Y*******,31 Juli 2016,5.0,Porsi pas dan rasa nya enak banget. Gak berubah dari zaman dulu sampe sekarang 👍,Nasi Gr Yang Chow - Nestle Blackcurrant,7 November 2021,2025-07-04 21:29:19
"Quali, Galaxy Mall",M*******,6 Juli 2019,5.0,terakhir makan kurleb 8th lalu d TP..tapi rasa tetep sama 🤩,Mie Seafood Tomyum,4 November 2021,2025-07-04 21:29:19
"Quali, Galaxy Mall",V***,14 September 2018,5.0,mie malay-nya the best. cocok bagi yg suka mie goreng dgn taste gurih dibanding manis.,Mie Gr Malaysia - Nasi Kungpao Chicken,25 Oktober 2021,2025-07-04 21:29:19
"Quali, Galaxy Mall",W****,28 April 2017,1.0,"ayam kung pao dengan harga 55rb porsi seperti personal. mahalnya kebangetan, ga worth it sama sekali...
saya dengan harga segitu bisa dapat porsi lebih banyak di resto lain. very bad 👎👎👎
kalau ga ada perubahan, lama2 semua orang pindah ke resto lain...mahal tapi porsi dikit banget",Aym Kung Pao - Nasi Kungpao Chicken,3 Oktober 2021,2025-07-04 21:29:19
"Quali, Galaxy Mall",E***** C*******,17 Mei 2017,5.0,enak bangett kwetiau nyaa 🥰,Kuey Teow Gr Malaysia,7 September 2021,2025-07-04 21:29:19
"Quali, Galaxy Mall",G**** Y*******,31 Juli 2016,5.0,"Mantap, rasa dan penyajiannya excellent. Tidak pernah mengecewakan makan di Quali ditambah promo pickup nya 👍",Kuey Teow Gr Spc Qua-li - Bubur Ayam,1 September 2021,2025-07-04 21:29:19
"Quali, Galaxy Mall",A******,5 Desember 2015,1.0,Yg diterima gak sesuai pesanan,Kuey Teow Gr Spc Qua-li - Nasi Gr Ayam - Mie Pangsit Ayam - Sapo Tahu Seafood,22 Agustus 2021,2025-07-04 21:29:19
"Quali, Galaxy Mall",H*****,27 Agustus 2015,5.0,siip masakannya pertahankan,Golden Garlic Chicken Wing - Nasi Kolokee,17 Agustus 2021,2025-07-04 21:29:19
"Quali, Galaxy Mall",L****,12 Januari 2018,5.0,"Rasa enak.. Pelayanan oke.. Paling favourite,  sering pesan menu ini.. Semoga semakin sukses..",Ayam Gr Asam Manis,12 Juni 2021,2025-07-04 21:29:19
"Quali, Galaxy Mall",H*******,26 Oktober 2016,5.0,uenak pol ini kungpao,Nasi Kungpao Chicken,17 Juli 2021,2025-07-04 21:29:19
"Quali, Galaxy Mall",R*** B*******,3 Januari 2018,5.0,"semua serba mantap, terus sukses",Bihun Gr Ayam - Nasi Gr Yang Chow,25 Juni 2021,2025-07-04 21:29:19
"Quali, Galaxy Mall",H******,9 September 2016,4.0,nasi goreng rasanya ke asinan,Quali Paket C,29 Mei 2021,2025-07-04 21:29:19
"Quali, Galaxy Mall",J****** A*******,21 September 2018,4.0,harganya kok naik lagi 😭😭😭 balikin jadi 22 ribu 😭😭😭,Nasi Salted Egg Chicken,26 Maret 2021,2025-07-04 21:29:19
"Quali, Galaxy Mall",L***,19 April 2018,5.0,"sayang, gk dibungkus dg plastik dl
sblm di mskkan kotak",Kakap Gr Xo - Sapi Lada Hitam,31 Januari 2021,2025-07-04 21:29:19
"Quali, Galaxy Mall",�**********,9 Maret 2016,5.0,Terima kasijlh🙂,Soup Bakso Ikan - Mie Sui Kiaw,20 Januari 2021,2025-07-04 21:29:19
"Quali, Galaxy Mall",N***,23 Februari 2017,5.0,"note saya di penuhi, terimakasih, bakal order lagi2 kan favorite bgt",Mie Hk Sapi Lada Hitam - Kailan Muda Sambal Terasi,20 November 2020,2025-07-04 21:29:19
"Quali, Galaxy Mall",J****** A*******,21 September 2018,4.0,"telurnya agak aneh, tdk seperti biasa",Nasi Salted Egg Chicken,26 Oktober 2020,2025-07-04 21:29:19
"Quali, Galaxy Mall",O** J*** H***,6 Juli 2015,4.0,Acar selalu mulai basi!,Nasi Salted Egg Chicken,19 September 2020,2025-07-04 21:29:19
"Quali, Galaxy Mall",O** J*** H***,6 Juli 2015,4.0,Acarnya sering basi,Nasi Salted Egg Chicken,31 Agustus 2020,2025-07-04 21:29:19
"Quali, Galaxy Mall",D** A**,4 Oktober 2015,3.0,ayam kungpao porsinya mini banget. 50 rebu cuma setangkup,Paket Kuliner 1 - Aym Kung Pao,18 April 2020,2025-07-04 21:29:19
"Quali, Galaxy Mall",M**** C,28 Juni 2016,5.0,Enjoyable and pleasureable meals,Nasi Kolokee,15 April 2020,2025-07-04 21:29:19
"Quali, Galaxy Mall",E*****,5 April 2020,4.0,sayurnya biasa saja. ayamnya enak,Paket Kuliner 1,7 April 2020,2025-07-04 21:29:19
"Quali, Galaxy Mall",A***** Y****,7 November 2016,2.0,"tauge nya buanyak ikan nya lumayan. ayamnya bukan bt 3 orang, 1 orang makan jg habis. 90rb bukan murah ini mah mahal. kebanyakan tauge daripada daging",Paket Makan di Rumah (A),30 Maret 2020,2025-07-04 21:29:19
"Quali, Galaxy Mall",J****** A*******,21 September 2018,4.0,bumbu salted egg dan ayamnya tidak seimbang dengan porsi nasi (ayam nya kurang banyak) tdk seperti biasanya dan harganya naik,Nasi Salted Egg Chicken - Bubur Ayam,19 Desember 2019,2025-07-04 21:29:19
"Quali, Galaxy Mall",P**** A*****,5 Maret 2019,5.0,"porsi ikannya dibanyakin ya, dan please jangan naik harga lagi ya",Nasi Ikan Asam Pedas,28 November 2019,2025-07-04 21:29:19
"Quali, Galaxy Mall",R***,21 November 2015,3.0,"need more meat, also its not the same with the picture shown",N/A,13 Juni 2019,2025-07-04 21:29:19
"Quali, Galaxy Mall",A****************,25 Oktober 2016,3.0,nasi nya kurang matang,N/A,6 Juni 2019,2025-07-04 21:29:19
"Quali, Galaxy Mall",L**,2 Februari 2017,4.0,"acar timun kurang segar, agak bau .",N/A,5 April 2019,2025-07-04 21:29:19
"Quali, Galaxy Mall",N* O** T**** W******,15 Mei 2016,5.0,porsinya tidak sesuai dengan gambar. kalau di jepang beli makanan porsinya selalu pas seperti di gambar.,N/A,29 Maret 2019,2025-07-04 21:29:19
"Quali, Galaxy Mall",L**,2 Februari 2017,4.0,acar timun nya agak bau,N/A,8 Maret 2019,2025-07-04 21:29:19
"Quali, Galaxy Mall",F******,29 September 2015,3.0,porsi nya sedikit sekali,N/A,1 Maret 2019,2025-07-04 21:29:19
"Quali, Galaxy Mall",I****,12 Januari 2018,5.0,porsi kurang banyak🤣🤣🤣. becanda😁😁,N/A,27 Februari 2019,2025-07-04 21:29:19
"Quali, Galaxy Mall",A***** Q*****,2 Agustus 2015,4.0,kalau bisa antara lauk dan nasi seimbang,N/A,20 Februari 2019,2025-07-04 21:29:19
"Quali, Galaxy Mall",I*****,15 September 2016,2.0,Komposisi antara nasi dan lauk nya tidak seimbang. Nasi bnyk lauk sangat sedikit,N/A,16 September 2018,2025-07-04 21:29:19
"Quali, Galaxy Mall",F****,28 September 2017,3.0,The price is too high for nasi siram without seafood,N/A,30 Juli 2018,2025-07-04 21:29:19
"Quali, Galaxy Mall",I**,27 Agustus 2015,1.0,saya tidak menerima makanan nya dari pihak gojek,N/A,14 Mei 2018,2025-07-04 21:29:19
"Shihlin Taiwan Street Snack, Galaxy Mall",Anwar,1 Februari 2023,2.0,Nyampe2 udah dingin,Quad Combo 2,1 Maret 2025,2025-07-04 21:29:52
"Shihlin Taiwan Street Snack, Galaxy Mall",R*** G*******,30 Agustus 2020,1.0,saya beli 2 dikirim 1... salah rasa lagi,Pizzaria 3,1 Februari 2025,2025-07-04 21:29:52
"Shihlin Taiwan Street Snack, Galaxy Mall",E** Y*******,30 Desember 2017,5.0,Saran tepungnya mgkin dibuat lebih tahan lma krispinya,Double Snack 2,18 Desember 2024,2025-07-04 21:29:52
"Shihlin Taiwan Street Snack, Galaxy Mall",Nadiyah,14 Januari 2019,5.0,"enakk, isi banyak, tapi bumbunya kurang banyak, ada ayam yg gk kena bumbu. tepungnya enak juga pas dimakan sama bumbunya. lain kali pesen bumbunya dibanyakin",XXL Crispy Chicken,12 September 2024,2025-07-04 21:29:52
"Shihlin Taiwan Street Snack, Galaxy Mall",M******* Y***** I***,9 Desember 2017,5.0,"HAUCEK TING TING LAH, WENAK PROMONE TEPAK OLEH GEDE 🥰🥰🥰🥰🥰",Double Snack 2 - Crispy Chick N' Roll - Crispy Chicken Salad Wrap,22 Juli 2024,2025-07-04 21:29:52
"Shihlin Taiwan Street Snack, Galaxy Mall",N****,29 Juni 2016,5.0,kali ini porsinya berkurang :(,Popcorn Chicken,23 Agustus 2024,2025-07-04 21:29:52
"Shihlin Taiwan Street Snack, Galaxy Mall",Oki,2 September 2015,1.0,I DID NOT RECEIVE THE FOOD.,Double Snack 1,4 Juni 2024,2025-07-04 21:29:52
"Shihlin Taiwan Street Snack, Galaxy Mall",cappellia,8 September 2015,5.0,Selalu uenak. Rasa ga oernah berubah sejak 14th yg lalu,Double Snack 2,30 Mei 2024,2025-07-04 21:29:52
"Shihlin Taiwan Street Snack, Galaxy Mall",Lau,27 Maret 2021,5.0,sbnrnya enak cmn packaging nya agak ribet ya jadi berantakan juga. kalau bisa dikasi sarung tangan,Crispy Chicken Taco,13 Mei 2024,2025-07-04 21:29:52
"Shihlin Taiwan Street Snack, Galaxy Mall",Dewi Kusumaningrum,15 September 2020,3.0,crispy chicken wrap nya kecil. sayurnya dikit.,Crispy Chicken Salad Wrap,6 Desember 2023,2025-07-04 21:29:52
"Shihlin Taiwan Street Snack, Galaxy Mall",Felicia Josephine Effendi,23 September 2018,5.0,"Taste fantastic, nice packaging, the portion also perfect",XXL Crispy Chicken,4 Desember 2023,2025-07-04 21:29:52
"Shihlin Taiwan Street Snack, Galaxy Mall",Puspa P,18 Februari 2016,5.0,wrap nya agak keras kulitnya. Beda sm kalau beli yg di cabang lain. Semoga bisa diperbaiki!,Combo Salad Wrap,25 November 2023,2025-07-04 21:29:52
"Shihlin Taiwan Street Snack, Galaxy Mall",Jerry Setio Wiyono,14 Februari 2017,5.0,"ya kayak shihlin biasa, yang tau coba aja, biasa aja kayak shihlin biasanya",Seafood Tempura - XXL Crispy Chicken,10 Mei 2023,2025-07-04 21:29:52
"Shihlin Taiwan Street Snack, Galaxy Mall",M****** D******,30 Juli 2017,4.0,Banyak kulitnya ayamnya,XXL Crispy Chicken,22 Januari 2023,2025-07-04 21:29:52
"Shihlin Taiwan Street Snack, Galaxy Mall",paul dahong,2 Februari 2017,5.0,beli saat promo saja. krn harganya cukup tinggi namun tastenya enak ..,XXL Crispy Chicken,11 Januari 2023,2025-07-04 21:29:52
"Shihlin Taiwan Street Snack, Galaxy Mall",C*******,9 Desember 2021,3.0,Tidak sebanyak yg di mall pdhl harga sama,XXL Crispy Chicken,27 November 2022,2025-07-04 21:29:52
"Shihlin Taiwan Street Snack, Galaxy Mall",Bunga Regina,14 Juli 2018,5.0,terimakasih banyaakk,XXL Crispy Chicken,27 November 2022,2025-07-04 21:29:52
"Shihlin Taiwan Street Snack, Galaxy Mall",Kevin Ziegler Candra,22 Januari 2022,4.0,Makanan e ws dingin,XXL Crispy Chicken,16 Oktober 2022,2025-07-04 21:29:52
"Shihlin Taiwan Street Snack, Galaxy Mall",kareem,28 Agustus 2022,5.0,ok mantap enak,XXL Crispy Chicken,13 September 2022,2025-07-04 21:29:52
"Shihlin Taiwan Street Snack, Galaxy Mall",William,13 Desember 2015,4.0,packagingnya tidak perlu besar2 kalau pada akhirnya diganjal juga bawahnya. memang secara visual kelihatan banyak tapi endingnya ada rasa kecewa karena bawahnya diganjal biar kelihatan banyak 😅,4 XXL Crispy Chicken,15 April 2022,2025-07-04 21:29:52
"Shihlin Taiwan Street Snack, Galaxy Mall",koresh,30 Juli 2015,4.0,"Saran aja, driver nda mbaca chat",XXL Crispy Chicken,22 Maret 2022,2025-07-04 21:29:52
"Shihlin Taiwan Street Snack, Galaxy Mall",Lenny,13 Oktober 2018,5.0,"Mantap, jd sering beli dong",XXL Crispy Chicken,12 Maret 2022,2025-07-04 21:29:52
"Shihlin Taiwan Street Snack, Galaxy Mall",Steffi Alexia,22 Juni 2016,5.0,Driver was very speedy,Smart Save 2 XXL,5 Maret 2022,2025-07-04 21:29:52
"Shihlin Taiwan Street Snack, Galaxy Mall",Michael Nathanael,17 Desember 2015,5.0,Mantap. Isinya buanyak.,Smart Save 2 XXL - Rice,26 Februari 2022,2025-07-04 21:29:52
"Shihlin Taiwan Street Snack, Galaxy Mall",Aditya Wiranto,27 Agustus 2017,5.0,Truthfully i didn't like the Shihlin's Texture it's very crisp outside but the meat so dry inside. But the seasoning help covering the texture,XXL Crispy Chicken,16 Januari 2022,2025-07-04 21:29:52
"Shihlin Taiwan Street Snack, Galaxy Mall",K****** A***,5 Desember 2016,5.0,"juicy, krispy, yummy, xxl super puas, pelayanan cepat g pake lama, the best chicken cut in town ✌👍👌",XXL Crispy Chicken,19 Desember 2021,2025-07-04 21:29:52
"Shihlin Taiwan Street Snack, Galaxy Mall",A**** O*** B****** D,14 September 2016,4.0,"mesti enak, gatau gak enak🥰",Smart Save 2 XXL,15 November 2021,2025-07-04 21:29:52
"Shihlin Taiwan Street Snack, Galaxy Mall",Wenny M,30 April 2016,2.0,"biasanya enak, tapi kali ini ga crispy, tepung lepas2 kayak krg mateng",Smart Save 2 XXL,5 November 2021,2025-07-04 21:29:52
"Shihlin Taiwan Street Snack, Galaxy Mall",M**** M*********,16 September 2018,5.0,"nice 👌
nasi lebih pulen lagi...ok",Smart Save 3 XXL - Rice - Honey Lemon,30 November 2021,2025-07-04 21:29:52
"Shihlin Taiwan Street Snack, Galaxy Mall",D***,11 Oktober 2015,5.0,Shihlin gk pernah salah,Seafood Tempura,30 November 2021,2025-07-04 21:29:52
"Shihlin Taiwan Street Snack, Galaxy Mall",C*****,16 Juni 2017,3.0,garai batuk bumbue,XXL Crispy Chicken,28 Oktober 2021,2025-07-04 21:29:52
"Shihlin Taiwan Street Snack, Galaxy Mall",G**** Y*******,31 Juli 2016,5.0,"Mantap, porsi nya banyak dan diskon nya bukan main. Gak ada obat 👍",XXL Crispy Chicken,3 Oktober 2021,2025-07-04 21:29:52
"Shihlin Taiwan Street Snack, Galaxy Mall",G**** Y*******,31 Juli 2016,5.0,Ini jajanan ayam yang terenak. Meskipun harga cukup berbeda dari yang lain tapi paling worth it. Mantul 👍,XXL Crispy Chicken,1 September 2021,2025-07-04 21:29:52
"Shihlin Taiwan Street Snack, Galaxy Mall",D** G******,10 Mei 2017,5.0,Snack yang cocok untuk nyantai,Smart Save 2 XXL,4 Agustus 2021,2025-07-04 21:29:52
"Shihlin Taiwan Street Snack, Galaxy Mall",A***** R********,21 Maret 2020,5.0,"enakkk bangett,,dapet tasnya lagi",Smart Save 2 XXL,5 Agustus 2021,2025-07-04 21:29:52
"Shihlin Taiwan Street Snack, Galaxy Mall",L****,12 Januari 2018,5.0,"Rasanya enak.. Pelayanan oke.. Paling favourite buat keluarga,  sering pesan menu ini.. Semoga semakin sukses dan semakin laris..",XXL Crispy Chicken BBQ,12 Juni 2021,2025-07-04 21:29:52
"Shihlin Taiwan Street Snack, Galaxy Mall",Y****** W*****,15 Maret 2018,5.0,ah mantap ayamnya,XXL Crispy Chicken Seaweed,20 Juni 2021,2025-07-04 21:29:52
"Shihlin Taiwan Street Snack, Galaxy Mall",D**** W*****,9 Oktober 2015,1.0,Makanan tidak terkirim,2 XXL CRISPY CHICKEN (ALL FLAVOUR),6 Juli 2021,2025-07-04 21:29:52
"Shihlin Taiwan Street Snack, Galaxy Mall",G*****,19 Oktober 2015,1.0,Sudah dingin. Ngak fresh,4 XXL CRISPY CHICKEN (ALL FLAVOUR),29 Juni 2021,2025-07-04 21:29:52
"Shihlin Taiwan Street Snack, Galaxy Mall",A**** R,26 April 2017,5.0,klo k sby selalu beli,2 XXL CRISPY CHICKEN (ALL FLAVOUR),27 Juni 2021,2025-07-04 21:29:52
"Shihlin Taiwan Street Snack, Galaxy Mall",P***,30 Agustus 2015,5.0,semoga lebih maju lagi dan sukses terus,3 XXL CRISPY CHICKEN (ALL FLAVOUR),19 Juni 2021,2025-07-04 21:29:52
"Shihlin Taiwan Street Snack, Galaxy Mall",R***,8 Desember 2018,1.0,Tidak hygiene sampai infeksi usus. Padahal sudah 3 tahun gak gofood lagi pertama kalinya gofood terkontaminasi sedih sampai lemes banget ini sayanya dehidrasi akut mual demam tinggi piye ya mbak mas responsibilitynya?,3 XXL CRISPY CHICKEN (ALL FLAVOUR),31 Mei 2021,2025-07-04 21:29:52
"Shihlin Taiwan Street Snack, Galaxy Mall",R******* Z***,12 Agustus 2015,5.0,like it. thank you,2 XXL CRISPY CHICKEN (ALL FLAVOUR),1 Juni 2021,2025-07-04 21:29:52
"Shihlin Taiwan Street Snack, Galaxy Mall",M******** H*******,16 November 2018,5.0,"enak, terima kasih",2 XXL CRISPY CHICKEN (ALL FLAVOUR),16 April 2021,2025-07-04 21:29:52
"Shihlin Taiwan Street Snack, Galaxy Mall",M**** M*********,16 September 2018,5.0,lanjutkan promonya👍👍,2 XXL CRISPY CHICKEN (ALL FLAVOUR),30 Maret 2021,2025-07-04 21:29:52
"Shihlin Taiwan Street Snack, Galaxy Mall",B***,22 Januari 2017,5.0,enak rasanya bungkusnya juga rapat  jadi nyaman.,3 XXL CRISPY CHICKEN (ALL FLAVOUR),14 Februari 2021,2025-07-04 21:29:52
"Shihlin Taiwan Street Snack, Galaxy Mall",D****,5 Mei 2015,5.0,pesennya jam 16.15 dateng sampai disana masih nunggu +- 45mnt. untuk pickup experience kurang nyaman,N/A,5 Desember 2020,2025-07-04 21:29:52
"Shihlin Taiwan Street Snack, Galaxy Mall",A******* S********,19 September 2015,5.0,pertahankan terus porsinya & promonya,XXL Crispy Chicken BBQ - XXL Crispy Chicken Seaweed,23 November 2020,2025-07-04 21:29:52
"Shihlin Taiwan Street Snack, Galaxy Mall",B***********,12 Maret 2018,3.0,rasanya ga enakkkkk argh,2 XXL CRISPY CHICKEN (ALL FLAVOUR),27 Oktober 2020,2025-07-04 21:29:52
"Shihlin Taiwan Street Snack, Galaxy Mall",S**** R********,24 Februari 2018,4.0,Ada yg keras bgt. Tepungnya kurang rata,2 XXL CRISPY CHICKEN (ALL FLAVOUR),23 Oktober 2020,2025-07-04 21:29:52
"Shihlin Taiwan Street Snack, Galaxy Mall",F******* D***,8 November 2017,5.0,kak bole kasi saran klu bisa rasanya di banyakin lagi,2 XXL CRISPY CHICKEN (ALL FLAVOUR),7 Oktober 2020,2025-07-04 21:29:52
"Shihlin Taiwan Street Snack, Galaxy Mall",N**** R** P******,4 Desember 2017,5.0,Mantapppppp jiwa,Seafood Tempura - XXL Crispy Chicken Original,2 Oktober 2020,2025-07-04 21:29:52
"Shihlin Taiwan Street Snack, Galaxy Mall",P******* D********,22 September 2015,5.0,"terima kasih tisu antiseptic nya,, stay healthy",Combo Hemat XXL,10 Juli 2020,2025-07-04 21:29:52
"Shihlin Taiwan Street Snack, Galaxy Mall",E***,2 Desember 2018,5.0,mantap xxl crispy chicken original,XXL Crispy Chicken Original,24 Mei 2020,2025-07-04 21:29:52
"Shihlin Taiwan Street Snack, Galaxy Mall",V**** D** A*****,31 Juli 2016,5.0,"good job, thankyou",Combo Hemat XXL,27 Maret 2020,2025-07-04 21:29:52
"Shihlin Taiwan Street Snack, Galaxy Mall",M*******,15 Maret 2017,5.0,porsi nya kurang banyak,Seafood Tempura BBQ,25 Januari 2020,2025-07-04 21:29:52
"Shihlin Taiwan Street Snack, Galaxy Mall",H****,26 November 2015,5.0,"naik trampolin, pulang nya naik sepeda
makan shihlin, paling kusuka 🤣👍",XXL Crispy Chicken BBQ,28 Desember 2019,2025-07-04 21:29:52
"Shihlin Taiwan Street Snack, Galaxy Mall",R*********,16 April 2017,5.0,nggak doyan telur phitannya :(((,Happy Ricebox BBQ - XXL Black Pepper - XXL Crispy Chicken Original,28 Oktober 2019,2025-07-04 21:29:52
"Shihlin Taiwan Street Snack, Galaxy Mall",S***** A********,17 Januari 2016,4.0,jamur tidk bisa dimakan mengggunakan tusuk sate,N/A,2 Mei 2019,2025-07-04 21:29:52
"Shihlin Taiwan Street Snack, Galaxy Mall",C******,19 Juni 2017,1.0,porsi tdk sesuai hrga,N/A,23 Februari 2019,2025-07-04 21:29:52
"Shihlin Taiwan Street Snack, Galaxy Mall",M***,16 Oktober 2015,3.0,"terlalu kering gorengnya jadi keras, bumbu jg krg banyak jd hambar",N/A,7 September 2018,2025-07-04 21:29:52
"Shihlin Taiwan Street Snack, Galaxy Mall",R*** D******,12 Juni 2015,3.0,Gorengnya terlalu kering,N/A,30 Agustus 2018,2025-07-04 21:29:52
"Shihlin Taiwan Street Snack, Galaxy Mall",S*****,30 Desember 2015,3.0,smaller portion than usual,N/A,30 Juli 2018,2025-07-04 21:29:52
"Top Yammie, Galaxy Mall",A***** F*******,14 Juni 2018,2.0,"Waited almost 2 hours for just 2 dishes, though the food never fails to satisfy my appetite.",Nasi Goreng Tek-tek - Yammie Siobak,19 November 2024,2025-07-04 21:30:30
"Top Yammie, Galaxy Mall",andre irfansyah,30 Juli 2020,2.0,Gosong bos cumi cabe garam mu,Yammie Ayam Jamur - Cumi Cabai Garam,30 April 2024,2025-07-04 21:30:30
"Top Yammie, Galaxy Mall",gavin,22 Desember 2021,5.0,terimakasih top noodle langganan,Tamie Cap Cay Babi - Kuotie Babi - Siomay Babi - Mie Pok SIngapore - Lumpia Udang,29 Maret 2024,2025-07-04 21:30:30
"Top Yammie, Galaxy Mall",grace,10 Juni 2022,5.0,"enak, mengobati rasa homesick",Bubur Babi,16 Maret 2024,2025-07-04 21:30:30
"Top Yammie, Galaxy Mall",Susy,12 Juni 2016,5.0,porsinya kurang banyak,Yammie Ayam Jamur,10 Februari 2024,2025-07-04 21:30:30
"Top Yammie, Galaxy Mall",D*****,26 September 2016,4.0,Tambahin porsinya donk...,Ayam Koloke - Capcay Goreng Seafood - Kwetiau Goreng Ayam,1 Januari 2024,2025-07-04 21:30:30
"Top Yammie, Galaxy Mall",C********,19 Maret 2016,2.0,"Order 3 capcay GORENG, datang nya full KUAH tanpa lauk. 
Tolong kalau mau ngambil untung juga ga seperti itu. kalau namanya capcay goreng ya arti nya kering dgn sedikit basah bukan full air dan jadi SUP biar supaya keliatan banyak sesuai porsi padahal kenyataan nya lebih banyak AIR dibanding isian lauk",Capcay Goreng Ayam,19 Desember 2023,2025-07-04 21:30:30
"Top Yammie, Galaxy Mall",sandhi,26 September 2016,4.0,⭐️⭐️⭐️⭐️⭐️⭐️⭐️⭐️⭐️,Angsio Tahu Jepang Ayam,17 Agustus 2023,2025-07-04 21:30:30
"Top Yammie, Galaxy Mall",sandhi,26 September 2016,5.0,⭐️⭐️⭐️⭐️⭐️⭐️⭐️⭐️⭐️⭐️,Bubur Ayam Kampung - Angsio Tahu Jepang Ayam,6 Agustus 2023,2025-07-04 21:30:30
"Top Yammie, Galaxy Mall",Jesse,19 Juli 2023,5.0,Was so good ate it all,Mie Pok  Singapore Special - Udang Mayonnaise,29 Juli 2023,2025-07-04 21:30:30
"Top Yammie, Galaxy Mall",I**********,5 September 2015,2.0,"Tidak diberi alat makan, acar yg diberikan sudah tidak layak dikonsumsi, percuma minta extra acar, mohon diperhatikan lagi kelayakan dan kelengkapannya. Overall makanannya oke. Terimakasih. Sukses terus Top Noodle.",Yammie Ayam Jamur - Ayam Goreng Wangi - Tamie Capcay,2 Juni 2023,2025-07-04 21:30:30
"Top Yammie, Galaxy Mall",C******* M*******,2 Agustus 2016,3.0,"yamie biasa enak....ini ok lah....trus sayurnya sawi hijau kyk diks sayur mentah, nda ada rasanya dan tdk bs dimakan. tolong perbaiki di sana, soalnya saya suka sayur dan makanan akan lbh enak kl ada sayurnya.trim.",Yammie Ayam Jamur - Siomay - Yammie Ayam Special,27 April 2023,2025-07-04 21:30:30
"Top Yammie, Galaxy Mall",H***** B**,10 September 2015,5.0,Thanks🙏🏻🙏🏻🙏🏻🙏🏻🙏🏻🙏🏻,Angsio Tahu Jepang Ayam - Ayam Koloke,20 Maret 2023,2025-07-04 21:30:30
"Top Yammie, Galaxy Mall",budi,9 Mei 2018,4.0,enak 168168168168,Yammie Ayam Jamur - Yammie Polos - Mie Pok Polos,13 Maret 2023,2025-07-04 21:30:30
"Top Yammie, Galaxy Mall",B****,30 Oktober 2015,1.0,"Nasinya bau, sendok dan garpu plastiknya bau sekali..rugi bayar mahal dapatnya nasi lama keras dan bau..",Ayam Kungpao - Kolobak,27 Februari 2023,2025-07-04 21:30:30
"Top Yammie, Galaxy Mall",bergkamp,11 April 2022,5.0,cabang gm paling enak menurut saya,Yammie Ayam Jamur - Yammie Polos - Mie Pok Polos,21 Februari 2023,2025-07-04 21:30:30
"Top Yammie, Galaxy Mall",bergkamp,11 April 2022,5.0,top noodle GM uenak mas bro,Yammie Ayam Jamur - Yammie Polos - Mie Pok Polos,25 Januari 2023,2025-07-04 21:30:30
"Top Yammie, Galaxy Mall",J*** W******,7 Juni 2017,4.0,"Wrong rice. Instead of hainam rice, which I chose, they gave me regular rice",Kolobak - Ayam Teriyaki - Nasi Goreng Yang Chow,16 Januari 2023,2025-07-04 21:30:30
"Top Yammie, Galaxy Mall",L***,2 November 2021,5.0,"makanannya fresh dan enak2 , reasonable price, personal name tag , menghindari barang tertukar , good idea, good service .",Yammie Ayam Jamur Frozen - Kuotie - Tim Hakau Udang - Mie Pok SIngapore,28 Desember 2022,2025-07-04 21:30:30
"Top Yammie, Galaxy Mall",E****,27 Mei 2021,4.0,Mie goreng rasanya kalah jauh dari cabang lain,Pangsit Chow Pedas - Bakmie Goreng,1 Desember 2022,2025-07-04 21:30:30
"Top Yammie, Galaxy Mall",J*****,27 April 2016,5.0,mantap 👍 good lah pokoknya !!!,Yammie Babi Hong,13 November 2022,2025-07-04 21:30:30
"Top Yammie, Galaxy Mall",E*** W******,24 April 2019,3.0,kungpaonya kacang mentenya dikit sekali dan sausnya encer dan yamie ayam jamurnya naik harga tinggi banget,Yammie Ayam Jamur - Ayam Kungpao,8 November 2022,2025-07-04 21:30:30
"Top Yammie, Galaxy Mall",andreas hosana,10 Februari 2019,5.0,enak banget terima kasih,Yammie Polos,3 November 2022,2025-07-04 21:30:30
"Top Yammie, Galaxy Mall",R****,28 April 2016,3.0,"pesan yg porsi family tambah 18rb dr harga normal, eh pas datang porsinya ttp kecil untuk 1 orang. Lebih teliti lg baca jenis pesanan",Capcay Goreng Ayam - Steak Sapi Ala Kanton,23 Oktober 2022,2025-07-04 21:30:30
"Top Yammie, Galaxy Mall",A*** H*********,3 Januari 2017,5.0,Lumayan enak la recommended,Yammie Pangsit Special,1 Oktober 2022,2025-07-04 21:30:30
"Top Yammie, Galaxy Mall",Wenny,9 November 2015,4.0,Tamie nya mie nya dl bsr2 skrg kecil rasa jg kemanisan overall ok tlg d tingkatkan rs smuanya tq!,Tamie Capcay - Yammie Pangsit Special - Ayam Cabai Garam,3 Oktober 2022,2025-07-04 21:30:30
"Top Yammie, Galaxy Mall",Kieran,29 Mei 2022,4.0,"tapi sayang salah item, pesan nasi hainam dikasih nasi putih.",Tim Kaki Ayam - Kuotie Babi - Nasi Hainam - Nasi Siram Ayam Jamur,18 September 2022,2025-07-04 21:30:30
"Top Yammie, Galaxy Mall",bergkamp,11 April 2022,5.0,"mie pok polos denngam bumbu khas pedas memang uenak, apalagi yg cabang GM  mantap bumbunya banyak.",Mie Pok Polos - Mie Pok Polos,28 Juli 2022,2025-07-04 21:30:30
"Top Yammie, Galaxy Mall",bergkamp,11 April 2022,5.0,mie pok polos pedas  uenak mas bro.,Yammie Ayam Jamur - Mie Pok Polos,26 Juli 2022,2025-07-04 21:30:30
"Top Yammie, Galaxy Mall",bergkamp,11 April 2022,5.0,"uenak kabeh, mie pok polos pedas  uenak... mie goreng nya juga uenak. top noodle GM memang mantap.",Nasi Goreng - Bakmi Goreng - Mie Pok Polos,27 Juli 2022,2025-07-04 21:30:30
"Top Yammie, Galaxy Mall",paulus,23 Juni 2017,3.0,"berasa seperti tepung saja... 
mendig beli di delish atau kwongbing...
mengecewakan",Ayam Goreng Mentega Frozen - Koloke,23 Juni 2022,2025-07-04 21:30:30
"Top Yammie, Galaxy Mall",Yuli,10 September 2015,5.0,enak. sudah cocok rasanya,Nasi Goreng Tek-tek - Ayam Kungpao,20 Juni 2022,2025-07-04 21:30:30
"Top Yammie, Galaxy Mall",eva,1 April 2017,4.0,"harga terlalu tinggi, porsi terlalu sedikit",Yammie Polos - Mie Pok Polos,9 Juni 2022,2025-07-04 21:30:30
"Top Yammie, Galaxy Mall",S**** J*****,3 Desember 2018,5.0,Makanan yang enak,Yammie Ayam Jamur,21 Mei 2022,2025-07-04 21:30:30
"Top Yammie, Galaxy Mall",christine,22 Agustus 2016,1.0,makanannya terlalu asin.,Yammie Bebek Panggang - Yammie Ayam Special - Yammie Siobak,15 April 2022,2025-07-04 21:30:30
"Top Yammie, Galaxy Mall",Dyandra,26 Juni 2019,5.0,Mienya uenak kabeh...,Yammie Bebek Panggang - Mie Pok SIngapore - Bakmi Goreng,23 Januari 2022,2025-07-04 21:30:30
"Top Yammie, Galaxy Mall",Dyandra,26 Juni 2019,5.0,"Nggak pernah bosan..
Mie pok pok nya.. Uenakkk",Kwetiau Siram Cap Cay - Kwetiau Goreng,20 Februari 2022,2025-07-04 21:30:30
"Top Yammie, Galaxy Mall",lina mariana,9 Juni 2019,5.0,enak banget enak tenan,Yammie Polos - Bakmi Goreng,4 Maret 2022,2025-07-04 21:30:30
"Top Yammie, Galaxy Mall",J***** T******,10 Maret 2017,3.0,"saya bayar extra untuk koloke porsi family, yang datang porsi individu dengan nasi.",Nasi Siram Ayam Jamur - Yammie Pangsit Special - Koloke,1 Maret 2022,2025-07-04 21:30:30
"Top Yammie, Galaxy Mall",jane,14 September 2018,5.0,ok banget..sering beli disini.. pelayanan okkkkk top,Yammie Polos - Kuotie Babi,9 Januari 2022,2025-07-04 21:30:30
"Top Yammie, Galaxy Mall",M**** A******,17 Februari 2018,5.0,tastenya selalu enak dan pas 👍,Kwetiaw Siram Sapi Telur - Tim Kaki Ayam - Koloke,19 Desember 2021,2025-07-04 21:30:30
"Top Yammie, Galaxy Mall",K****** D***,2 September 2019,4.0,"kemasannya bagus, Yamin ayam jamur ok lah",Yammie Pangsit Special - Yammie Ayam Jamur,1 Januari 2022,2025-07-04 21:30:30
"Top Yammie, Galaxy Mall",aprillia fransisca,15 Februari 2016,5.0,"Pelayanannya keren bgt, semua ramah2",Pangsit Udang - Yammie Ayam Jamur,23 Desember 2021,2025-07-04 21:30:30
"Top Yammie, Galaxy Mall",Helen,2 Agustus 2015,3.0,skill motong bebeknya emang luar biasa hebat....sampe bisa tipisss banger potongannya,Bebek Panggang - Siobak Panggang,14 Desember 2021,2025-07-04 21:30:30
"Top Yammie, Galaxy Mall",Budi bergkamp,29 Januari 2016,5.0,jujur lebih enak kalo dibanding  cabang east coast gak tau beda dimananya tapi memang lebih enak yg cabang GM.,Yammie Polos - Mie Pok Polos,11 Desember 2021,2025-07-04 21:30:30
"Top Yammie, Galaxy Mall",Renatta,12 April 2016,5.0,sayaaang banget banget sama chef nya top noodle house. kalau masak mie mantaap jiwa banget,Yammie Siobak - Yammie Pangsit Special,19 November 2021,2025-07-04 21:30:30
"Top Yammie, Galaxy Mall",Renatta,12 April 2016,5.0,sukaa banget sama top noodle house,Yammie Ayam Jamur - Yammie Pangsit Special,19 November 2021,2025-07-04 21:30:30
"Top Yammie, Galaxy Mall",G******,30 September 2015,4.0,hari ini pesanannya agak kacau tdk sesuai order krn itu saya kurangi 1 bintang,Yammie Polos - Yammie Ayam Jamur - Yammie Ayam Special,13 November 2021,2025-07-04 21:30:30
"Top Yammie, Galaxy Mall",S********,23 Februari 2016,5.0,sippp. dimintai saos tauco untuk siobaknya dikasih. mantab bener.,Yammie Ayam Jamur - Yammie Siobak,4 November 2021,2025-07-04 21:30:30
"Top Yammie, Galaxy Mall",C******,16 Oktober 2016,4.0,porsinya ktg banyak,Sapi Lada Hitam - Koloke,19 Oktober 2021,2025-07-04 21:30:30
"Top Yammie, Galaxy Mall",P********* E**********,13 Januari 2019,5.0,Selalu suka rasanya,Yammie Bebek Panggang,1 Oktober 2021,2025-07-04 21:30:30
"Top Yammie, Galaxy Mall",Y***,6 Juli 2016,5.0,"Mantab ayam cabe garam nya, enak👍",Ayam Cabai Garam,19 September 2021,2025-07-04 21:30:30
"Top Yammie, Galaxy Mall",S*****,14 Desember 2015,2.0,Daging sapinya terlalu lembek sekali dan tidak spt biasanya,Sapi Lada Hitam,29 Agustus 2021,2025-07-04 21:30:30
"Top Yammie, Galaxy Mall",I*** M****,28 April 2018,5.0,Gofood terus mantap👍👍👍,Yammie Ayam Jamur,21 Agustus 2021,2025-07-04 21:30:30
"Top Yammie, Galaxy Mall",I*** M****,28 April 2018,5.0,"Gofood terus mantap, enak sekali , service bgs makanan kualitas bgs semoga semua resto seperti top noodle 👍👍👍👍👍👏👏👏👏👏❤️",Cap Cay Goreng - Sapi Lada Hitam,16 Agustus 2021,2025-07-04 21:30:30
"Top Yammie, Galaxy Mall",D*** M,5 September 2015,5.0,yammie nya terfav disini. apalagi yang yammie siobak. sukakkkk deh. packaging semua juga oke rapi. semoga ada promo dari gofood biar makin murah,Sapi Lada Hitam - Yammie Pangsit Special - Siobak Panggang - Tamie Capcay - Tim Kaki Ayam,10 Juli 2021,2025-07-04 21:30:30
"Top Yammie, Galaxy Mall",L****,12 Januari 2018,5.0,yammie ayam jamur paling favourite.. rasanya enak.. porsi lumayan banyak... pelayanan oke.. cepat.. semoga sukses selalu..,Yammie Ayam Jamur Frozen,12 Juni 2021,2025-07-04 21:30:30
"Top Yammie, Galaxy Mall",L****,12 Januari 2018,5.0,"sapi lada hitam frizennya dagingnya empukk, banyak pula.. lumayan buat stok makanan di rumah.. praktis tinggal dipanasin.. semoga sukses selalu",Sapi Lada Hitam Frozen,12 Juni 2021,2025-07-04 21:30:30
"Top Yammie, Galaxy Mall",H******,22 September 2015,5.0,"ini mie favourite di keluarga saya..
porsi nya pas,
rasanya yahudd..
dalam bentuk frozen, 
bisa dijadikan menu breakfast selama pandemi ini..
praktis deh, gak usah mikir ruwet2 di saat pagi hari..
gak rempong juga..
beli waktu promo, jadi gak berasa sakit hati deh..
sukses selalu..
terimakasih..",Yammie Ayam Jamur Frozen,7 Juni 2021,2025-07-04 21:30:30
"Top Yammie, Galaxy Mall",H******,22 September 2015,5.0,"pembelian kesekian kali nya, 
waktu saya masak untuk anak, teman saya berkunjung & mencium aromanya, ikutan order deh...
kalau tentangvrasa, tetap mie ayam jamur lah..
penasaran juga dengan mie singapore..
next time akan saya coba..
sukses selalu..
terimakasih..",Ramen Sup Iga Babi Frozen,7 Juni 2021,2025-07-04 21:30:30
"Top Yammie, Galaxy Mall",H******,22 September 2015,5.0,"saya lebih suka mie ayam jamur daripada yang ini.
kaldu babi nya terlalu kuat.. 
secara saya juga tidak terlalu suka makan babi..
sukses selalu..
terimakasih..",Ramen Sup Iga Babi Frozen,7 Juni 2021,2025-07-04 21:30:30
"Top Yammie, Galaxy Mall",Y******,8 November 2015,5.0,perbaiki untuk packaging jangan pake plastik (kena panas ga baik untuk kesehatan),Yammie Ayam Jamur,3 Agustus 2021,2025-07-04 21:30:30
"Top Yammie, Galaxy Mall",I*** M****,28 April 2018,5.0,"Gofood terus mantap, enak sekali 👍👍👍",Ayam Cabai Garam - Cap Cay Goreng,1 Agustus 2021,2025-07-04 21:30:30
"Top Yammie, Galaxy Mall",L******* C*********,24 Mei 2017,1.0,"koloke porsi family isi 88 gram ? ini sampe saya timbang loh karena terlalu parah isinya se sedikit itu, bahkan saya foto, trnyt tidak bisa lampirkan foto disini, tidak worth sama sekali seperti tidak niat jual makanan. saya dan teman2 saya sangat menyesal order di resto macam ini, kalo bisa tutup aja dari gojeknya",Koloke,23 Juli 2021,2025-07-04 21:30:30
"Top Yammie, Galaxy Mall",M****** T****,22 September 2019,1.0,"porsi sedikit sekali , padahal kami beli yg tanpa nasi dan tambah harganya.",Angsio Tahu Jepang - Koloke - Ayam Cabai Garam - Ayam Kungpao,10 Juli 2021,2025-07-04 21:30:30
"Top Yammie, Galaxy Mall",E*****,5 Maret 2017,5.0,packagingnya lebih baik jangan plastik untuk makanan panas karena bisa menyebabkan kanker,Kwetiau Goreng - Nasi Goreng Yang Chou,22 Juni 2021,2025-07-04 21:30:30
"Top Yammie, Galaxy Mall",I*** M****,28 April 2018,5.0,"Go food terus mantap, enak sekali 👍👍👍",Ayam Cabai Garam,20 Juni 2021,2025-07-04 21:30:30
"Top Yammie, Galaxy Mall",T****,17 Februari 2017,1.0,ga sesuai deskripsi,Koloke - Nasi Siram Ayam Jamur,6 Juni 2021,2025-07-04 21:30:30
"Top Yammie, Galaxy Mall",S******,11 Desember 2018,1.0,tidak dilayani utk makan ditempat.,Yammie Ayam Jamur - Nasi Goreng Tek-tek,3 April 2021,2025-07-04 21:30:30
"Top Yammie, Galaxy Mall",J****,12 Juni 2019,5.0,mantap koq pesenan nya,Yammie Polos - Yammie Ayam Jamur,19 Mei 2021,2025-07-04 21:30:30
"Top Yammie, Galaxy Mall",L*** M******,9 Juni 2019,5.0,enak enak banget,Yammie Polos - Bakmi Goreng,21 Mei 2021,2025-07-04 21:30:30
"Top Yammie, Galaxy Mall",N****** V*******,18 Juni 2017,1.0,"diduluan org yg mkn disn,kt disuruh tunggu",Koloke - Nasi Capcay Goreng,14 Mei 2021,2025-07-04 21:30:30
"Top Yammie, Galaxy Mall",L***,22 Juni 2016,4.0,pesan kwetiaw kenapa diberi tami,Kwetiau Siram Cap Cay,18 April 2021,2025-07-04 21:30:30
"Top Yammie, Galaxy Mall",L*** M******,9 Juni 2019,5.0,enak tenan enak banget,Yammie Polos,25 Maret 2021,2025-07-04 21:30:30
"Top Yammie, Galaxy Mall",L*** M******,9 Juni 2019,5.0,enak enak banget,Yammie Polos,22 Maret 2021,2025-07-04 21:30:30
"Top Yammie, Galaxy Mall",G********,26 Mei 2018,4.0,porsi kuah nya tdk rata pembagiannya,Nasi Siram Ayam Jamur,9 Maret 2021,2025-07-04 21:30:30
"Top Yammie, Galaxy Mall",B***,22 Januari 2017,5.0,"rasanya enak yg di GM   toppp
minta extra pedas interuksi sesuai dikasik extra pedas.   mantappp 
terima kasih",Yammie Ayam Jamur - Mie Pok Polos,31 Januari 2021,2025-07-04 21:30:30
"Top Yammie, Galaxy Mall",T*****,13 Oktober 2015,2.0,Mahal tp porsi kecil banget,Kwetiaw Siram Cap Cay - Casiew - Siobak - Ayam Kecap - Bakpao Tausa Tim,27 Desember 2020,2025-07-04 21:30:30
"Top Yammie, Galaxy Mall",Y****,9 November 2017,3.0,kali ini terlalu asin. biasanya pas lho.,Cumi Cabe Garam,21 Desember 2020,2025-07-04 21:30:30
"Top Yammie, Galaxy Mall",F***** O*********,10 Maret 2018,5.0,Mantap seperti biasanya....👍,Yammie Siobak - Yammie Pangsit Special,16 Oktober 2020,2025-07-04 21:30:30
"Top Yammie, Galaxy Mall",L*** M******,9 Juni 2019,5.0,enak enak banget,Bakmie Goreng/Kuah - Ayam Cah Jamur,8 Oktober 2020,2025-07-04 21:30:30
"Top Yammie, Galaxy Mall",F***,30 Maret 2016,2.0,"Pesan produk yang sama ke 2x di outlet yg sama pula tapi yang didapat tidak sama jumlahnya.. begitu di konfirmasi ke outlet bersangkutan, dijawab kalau produk frozen memang tidak pernah mendapat bakpao (padahal order pertama dulu dapat, dan outlet2 yang lain pun dapat)",Babi Hong Ala Khee Frozen,16 Agustus 2020,2025-07-04 21:30:30
"Top Yammie, Galaxy Mall",P******* K*****,30 Januari 2016,4.0,nasi ayam goreng hainan nasinya kurang berasa,Yammie Ayam Jamur - Nasi Ayam Goreng Hainan,3 Mei 2020,2025-07-04 21:30:30
"Top Yammie, Galaxy Mall",K**** I****,29 Oktober 2019,5.0,"sendok, sumpitnya tidak ada",Yammie Ayam Jamur,11 Januari 2020,2025-07-04 21:30:30
"Top Yammie, Galaxy Mall",J******,27 Februari 2016,4.0,"Minta kuahnya agak banyakan tp tetap dptnya dikit, dagingnya lebih dikit ketimbang makan disana",Nasi Siram Daging Special,4 November 2019,2025-07-04 21:30:30
"Top Yammie, Galaxy Mall",S***** Y******,21 Februari 2019,1.0,harga tidak sesuai diestimasi...seperti di tipu,Angsio Tahu Jepang,23 September 2019,2025-07-04 21:30:30
"Top Yammie, Galaxy Mall",J****** G,2 Oktober 2015,1.0,"Gambarnya ada lauknya, ternyata cuma nasi hainannya doang. Cuma nasi, tanpa lauk.",Nasi Hainan - Teh Hangat/Panas Standar,13 September 2019,2025-07-04 21:30:30
"Top Yammie, Galaxy Mall",I** D*******,9 Juni 2016,4.0,minyak wijennya gak terasa. jd kurang nendang untuk yammie.,Yammie Ayam Jamur,31 Agustus 2019,2025-07-04 21:30:30
"Top Yammie, Galaxy Mall",L**,2 Februari 2017,4.0,chasiunya terlalu keras,N/A,3 Juni 2019,2025-07-04 21:30:30
"Top Yammie, Galaxy Mall",M*****,7 Desember 2015,1.0,pesanan tdk dibaca sesuai note. yt diminta yammie aysm jamur tidak pedas. suberi mie sangat pedas anaknya tdk bisa makan,N/A,11 Mei 2019,2025-07-04 21:30:30
"Top Yammie, Galaxy Mall",S****,28 Juli 2017,1.0,"Pesennya si nasi siram ayam jamur, dtgnya nasi goreng buat siram ayam jamur ama side dish ayam koloke 👎",N/A,23 April 2019,2025-07-04 21:30:30
"Top Yammie, Galaxy Mall",N*****,17 Januari 2018,1.0,mi nya kok nggak ada cuman cap cay aja ya,N/A,27 September 2018,2025-07-04 21:30:30
"Top Yammie, Galaxy Mall",S****,17 Maret 2017,4.0,perasaan ayam saus cabenya terlalu kecut..,N/A,15 Juni 2018,2025-07-04 21:30:30
"Top Yammie, Galaxy Mall",T******,19 Oktober 2015,2.0,"ayamnya bau banger, kembang kol sdh tdk fresh juga",N/A,5 Juni 2018,2025-07-04 21:30:30
"Bentoya, Galaxy Mall 2",杰*******,6 Desember 2022,3.0,Kok sekarang nasinya pipih ya,Chicken Teriyaki Bento - Yaki Gyoza - Kids Bento D - Salmon Teriyaki,2 November 2024,2025-07-04 21:30:53
"Bentoya, Galaxy Mall 2",A** A***,20 Desember 2017,5.0,bentoya mantappppp👌,Chicken Teriyaki Paitan Ramen - Chicken Karaage Spicy Miso Ramen - Chicken Teriyaki Spicy Miso Ramen,17 Mei 2024,2025-07-04 21:30:53
"Bentoya, Galaxy Mall 2",R*****,23 Juli 2019,5.0,Salah satu beef yang terenak yg kucoba selama ini menurutku Beef Yakiniku Calbee.,Beef Yakiniku Calbee - Age Gyoza - Yaki Gyoza,17 Maret 2024,2025-07-04 21:30:53
"Bentoya, Galaxy Mall 2",Y****,17 November 2018,5.0,puas banget dengan rasa makanan & pengemasannya. Recommended 😍👍👍👍👍,Chicken Katsu Bento - Chicken Teriyaki Bento - Chicken Karaage Bento,9 April 2024,2025-07-04 21:30:53
"Bentoya, Galaxy Mall 2",Audreyana,8 Mei 2018,4.0,"Kotak bentonya bagus dan proper, tapi sayang untuk packaging kereseknya kurang. Dengan harga yg cukup pricey harusnya gak pake keresek yg kayak tadi ya, minimal pake keresek bening yg biasa dipakai resto/sediain spundbond",Chicken Teriyaki Bento,8 Maret 2024,2025-07-04 21:30:53
"Bentoya, Galaxy Mall 2",Gunadi Santoso,28 Juni 2017,5.0,makanan favorit saya,Chicken Teriyaki Bento - White Fish,30 Oktober 2023,2025-07-04 21:30:53
"Bentoya, Galaxy Mall 2",Tyas,20 Juli 2020,5.0,"enk semua , tapi ga dikasih supit 🤣",Chicken Teriyaki Bento,16 Agustus 2023,2025-07-04 21:30:53
"Bentoya, Galaxy Mall 2",Ida Rochayati,26 Mei 2018,5.0,Oishikatta/Delicious 👍👍👍,Chicken Karaage Bento - Chicken Katsu Curry,7 Agustus 2023,2025-07-04 21:30:53
"Bentoya, Galaxy Mall 2",Ida Rochayati,26 Mei 2018,5.0,Uenaak Puoll 👍👍👍,Agedashi Tofu - Age Gyoza - Dashimaki Tamago - Marinated Boiled Egg - Miso Soup,6 Agustus 2023,2025-07-04 21:30:53
"Bentoya, Galaxy Mall 2",D*** D*****,10 Agustus 2015,1.0,"sudah bayar buat saos tomat, sudah acc d chat, tp gaada di dalam package",Beef Calbee Bento - Beef Teriyaki Bento - Chicken Katsu Bento,29 Mei 2023,2025-07-04 21:30:53
"Bentoya, Galaxy Mall 2",Gunadi Santoso,28 Juni 2017,5.0,mantap deh rasa makanannya,Chicken Teriyaki Bento - Chicken Katsu,16 Maret 2023,2025-07-04 21:30:53
"Bentoya, Galaxy Mall 2",Nugrahadi,4 Januari 2016,5.0,Enak cuma kurang banyak,Spicy Ramen Beef Calbee - Kinchaku,11 Februari 2023,2025-07-04 21:30:53
"Bentoya, Galaxy Mall 2",tasya,13 April 2018,5.0,enaaaaaak bangettttt,Miso Soup - Ebi Fry Bento,23 November 2022,2025-07-04 21:30:53
"Bentoya, Galaxy Mall 2",Adiyanto Nday,29 Februari 2020,5.0,Bentoya grilled salmon head is very good❤😋 and Bentoya ramen are Excellent! 👌👌👌,Salmon Teriyaki - Kabuto Yaki (Salmon Head) - Age Gyoza,19 Agustus 2022,2025-07-04 21:30:53
"Bentoya, Galaxy Mall 2",S*****,10 November 2016,3.0,"sudah tunggu 1 jam, menu yang dikasih salah.",Salmon Age Bento - Kids Bento B (Salmon Teriyaki),13 Agustus 2022,2025-07-04 21:30:53
"Bentoya, Galaxy Mall 2",R*** T,16 Oktober 2021,5.0,Beef Calbee-nya enak,Miso Soup - Beef Calbee - White Fish - Age Gyoza,27 Juli 2022,2025-07-04 21:30:53
"Bentoya, Galaxy Mall 2",irine,27 Maret 2021,5.0,love it goodfood !,Chicken Katsu Bento - Beef Calbee Bento - Chicken Katsu Curry,17 Juni 2022,2025-07-04 21:30:53
"Bentoya, Galaxy Mall 2",D****,27 Agustus 2015,4.0,Fav bento. Chicken teriyaki is always good. The fishcakes (the red one that in the shape of crab claw) are a bit fishy.,Chicken Teriyaki Bento - Chicken Gomadare Bento,9 November 2021,2025-07-04 21:30:53
"Bentoya, Galaxy Mall 2",L****,23 Maret 2016,5.0,Telurnya telurnya terlalu mateng 🙏,White Fish Bento - Miso Ramen Beef Calbee,21 Agustus 2021,2025-07-04 21:30:53
"Bentoya, Galaxy Mall 2",Y*****,1 September 2017,5.0,Yummm 😋😘 one of our favorit resto 😘,Chicken Karaage Bento - Beef Calbee Bento - White Fish Bento,2 Agustus 2021,2025-07-04 21:30:53
"Bentoya, Galaxy Mall 2",G**************,2 Maret 2016,3.0,Kurang saus jd hambaar:)),Chicken Teriyaki Bento - Kids Bento A (Chicken Karaage),13 Januari 2021,2025-07-04 21:30:53
"Bentoya, Galaxy Mall 2",K*****,9 Juni 2016,5.0,"enak rasanya,packing rapi bersih",Kids Bento B (Salmon Teriyaki) - Chicken Teriyaki Bento,1 Januari 2021,2025-07-04 21:30:53
"Bentoya, Galaxy Mall 2",J****,8 April 2019,1.0,TIDAK SESUAI PORSI DAN HARGANYA . BOIKOT AJA RESTORAN INI DARI GOFOOD,Beef Calbee - Dashimaki Tamago - Chuka Kurage - White Fish,1 Januari 2021,2025-07-04 21:30:53
"Bentoya, Galaxy Mall 2",S********,31 Oktober 2018,5.0,salmon very good!,Salmon Teriyaki Bento - Chicken Karaage Bento,29 November 2020,2025-07-04 21:30:53
"Bentoya, Galaxy Mall 2",M****** T*****,16 Agustus 2015,4.0,ada 1 bentonyang tidak ada saus saladnya,Chicken Karaage Bento - Chicken Katsu Bento - Edamame,3 November 2020,2025-07-04 21:30:53
"Bentoya, Galaxy Mall 2",C******,19 Juni 2017,1.0,beli edamame dapat busuk. gak mau rugi bentoya.masa makanan busuk di jual ke pembeli,N/A,14 Maret 2019,2025-07-04 21:30:53
"Bentoya, Galaxy Mall 2",I**** W******,8 April 2016,1.0,ganti menu sakarepe dhewe,N/A,3 Maret 2019,2025-07-04 21:30:53
"Bentoya, Galaxy Mall 2",Y***,28 Juli 2017,3.0,too many vegetables and less chicken katsu,N/A,24 September 2018,2025-07-04 21:30:53
"Bentoya, Galaxy Mall 2",C*****,18 Mei 2015,3.0,My order didn’t taste good,N/A,10 Juni 2018,2025-07-04 21:30:53
"Bentoya, Galaxy Mall 2",E***,10 Juli 2016,5.0,pengiriman tepat waktu,N/A,9 Mei 2018,2025-07-04 21:30:53
"Dcrepes, Galaxy Mall",Stefanus Christofan,15 Januari 2017,1.0,"banana vanilla custard, sudah sy kasih notes tanpa coklat masih dikasih coklat",Twinkle Berry - Double Cheese - Banana Vanilla Custard,17 Januari 2025,2025-07-04 21:31:19
"Dcrepes, Galaxy Mall",iRienindra,16 Agustus 2017,2.0,"pesannya 3, yang 2 paket beserta minum tapi minumannya gak diberi",Crispy Chicken BBQ with Nu Tea - Smoked Beef And Egg,27 April 2024,2025-07-04 21:31:19
"Dcrepes, Galaxy Mall",R*** R*****,27 November 2015,5.0,"I enjoyed, i chose this food when i visit surabaya",Choco Cheese - Nutella Cheese,15 November 2023,2025-07-04 21:31:19
"Dcrepes, Galaxy Mall",I****,5 Agustus 2015,5.0,cekatan dan ditanggapi pesanan nya,Double Choco - Choco Cheese With Nu Tea - Smoked Beef and Cheese With Nu Tea,31 Januari 2023,2025-07-04 21:31:19
"Dcrepes, Galaxy Mall",Wira,31 Juli 2015,5.0,"Rasa dan ukuran standard D'Crepes, cuma isinya lebih sedikit apa cuma perasaan aja ya..",Banana Choco Cheese,2 Oktober 2022,2025-07-04 21:31:19
"Dcrepes, Galaxy Mall",R*****,19 September 2015,1.0,Pesanan sy kurang ! Laen kali yang teliti. Sudah keluar di struk kasir masa gak di cek lg,Choco Cheese - Chili Doc - Smoked Beef And Cheese,11 September 2022,2025-07-04 21:31:19
"Dcrepes, Galaxy Mall",Ferdyansyah Nurrohim,11 Juli 2020,5.0,"harganya masih kurang ok sih, cuma klo harga on spot baru oke kyk e",Paper Bag - Banana Choco Cheese - Choco Custard - Choco Cheese - Premium Beef Burger - Cookies 'n Cream,12 September 2022,2025-07-04 21:31:19
"Dcrepes, Galaxy Mall",Joaneaster,13 Januari 2022,3.0,crepes lengket dengan kemasan sehingga sulit dimakan,Crispy Chicken BBQ - Premium Beef Burger,16 Agustus 2022,2025-07-04 21:31:19
"Dcrepes, Galaxy Mall",Ika Erawati,13 Agustus 2018,5.0,pertahankan kualitas semua items tersebut di atas; hi chef..you are the best & good jobs👍,Merah Putih 1 - Banana Vanilla Custard,14 Agustus 2022,2025-07-04 21:31:19
"Dcrepes, Galaxy Mall",kiky puspitasari,25 September 2015,5.0,"anggep aja ini kayak burger cuman rotinya garing n tipis 
enaak bangettt kok 
tambah keju recommended",Premium Beef Burger Aqua,19 Juli 2022,2025-07-04 21:31:19
"Dcrepes, Galaxy Mall",L****,5 Juli 2021,5.0,jadi pengen lgi..,Ovomaltine Cheese - Pepperoni Pizza - Banana Choco Melt,29 Juni 2022,2025-07-04 21:31:19
"Dcrepes, Galaxy Mall",A**** S*****,20 April 2017,3.0,crepesnya kurang kering,Crispy Chicken BBQ - Chili Doc,18 April 2022,2025-07-04 21:31:19
"Dcrepes, Galaxy Mall",gerardine maria,20 Juni 2019,5.0,Sukses selalu ya,Smoked Beef And Cheese - Choco Cheese,27 Maret 2022,2025-07-04 21:31:19
"Dcrepes, Galaxy Mall",lingling,5 April 2017,1.0,sayurnya tidak ada,Premium Beef Burger,19 Februari 2022,2025-07-04 21:31:19
"Dcrepes, Galaxy Mall",nanda,16 Agustus 2019,5.0,"makanan nya enak , favorit dr dulu sama D""crepes langganan pas kerja ndk galaxy mall...",Chili Doc,27 Januari 2022,2025-07-04 21:31:19
"Dcrepes, Galaxy Mall",S***,28 Desember 2016,5.0,#pegawaipakuwoncitymall,Smoked Beef And Cheese - Choco Cheese - Meat Lovers Pizza,6 Agustus 2021,2025-07-04 21:31:19
"Dcrepes, Galaxy Mall",C******,2 Agustus 2015,5.0,Isinya lebih banyakloh,Paket Merdeka 1,4 Agustus 2021,2025-07-04 21:31:19
"Dcrepes, Galaxy Mall",B******,29 Agustus 2017,4.0,mantap promonya,Peanut and Cheese,12 Juni 2021,2025-07-04 21:31:19
"Dcrepes, Galaxy Mall",B******,29 Agustus 2017,4.0,mantap promonya,Choco Peanut,12 Juni 2021,2025-07-04 21:31:19
"Dcrepes, Galaxy Mall",B******,29 Agustus 2017,4.0,sering2 promo mantap,Choco Peanut,12 Juni 2021,2025-07-04 21:31:19
"Dcrepes, Galaxy Mall",B******,29 Agustus 2017,4.0,sering2 promo..mantap,Choco Peanut,12 Juni 2021,2025-07-04 21:31:19
"Dcrepes, Galaxy Mall",A********,31 Agustus 2020,3.0,"chicken BBQ yaa kurang enak..rasa nya malah ke kari.
ayam nya masih ada tulang dan kulit
tolong dong kak ini chicken burger nya di adakan lagi🙏🙏
maaf ya kak aku kash rating 3",BBQ Chicken with Nu Tea,21 Juni 2021,2025-07-04 21:31:19
"Dcrepes, Galaxy Mall",A***** A****,9 Maret 2018,5.0,𝘮𝘬𝘴𝘩𝘩 𝘴𝘶𝘬𝘢𝘢𝘢 sekali🥰🥰🥰🥰,Chili Doc - Spicy Tuna,12 Maret 2021,2025-07-04 21:31:19
"Dcrepes, Galaxy Mall",S****,25 November 2020,5.0,"di note uda minta PEDESSSS
tapi malah gk ada rasa pedes sama sekali
hhmm",Choco Cheese - Spicy Tuna - Chili Doc,12 Februari 2021,2025-07-04 21:31:19
"Dcrepes, Galaxy Mall",V***,29 Agustus 2015,3.0,saos nyaris ga ada. padahal chili dog tp tidak ada rasa pedasnya,Chili Doc - BBQ Chicken,7 Februari 2021,2025-07-04 21:31:19
"Dcrepes, Galaxy Mall",H**** L***,13 Juli 2015,2.0,salah produk nu green tea nya ga sesuai aplikasi,Chili Doc - Premium Beef Burger with Nu Tea - Choco Cheese with Nu Tea,24 Oktober 2020,2025-07-04 21:31:19
"Dcrepes, Galaxy Mall",D**** S*********,20 Mei 2016,2.0,pesanan kurang sprt permintaan,Chili Doc with Nu Tea - Double Choco - Nutella Cheese,29 Juni 2020,2025-07-04 21:31:19
"Dcrepes, Galaxy Mall",F****,16 April 2018,3.0,minumannya ngak di kasih,Chili Doc - Spicy Tuna - Banana Choco Cheese with Nu Tea - Choco Cheese - Choco Peanut,13 April 2020,2025-07-04 21:31:19
"Dcrepes, Galaxy Mall",E***** S*****,6 Agustus 2016,1.0,"Beli yang paket sama NU TEA, di nota juga ditulis CHILI DOC + NU TEA tp gak dikasik NU TEA nya, SANGAT MENGECEWAKAN",Chili Doc With Nu Tea/Aqua,15 Januari 2020,2025-07-04 21:31:19
"Dcrepes, Galaxy Mall",B*****,19 November 2015,5.0,best! especially Silverqueen!,SilverQueen Crepes - Choco Cheese,9 Januari 2020,2025-07-04 21:31:19
"Dcrepes, Galaxy Mall",D**** S*********,20 Mei 2016,1.0,Harap diperhatikan request pesanan.....,Chili Doc With Nu Tea/Aqua - Nutella Cheese - Extra Choco Chips - SilverQueen Crepes - Extra Chicken Spicy,24 Desember 2019,2025-07-04 21:31:19
"Dcrepes, Galaxy Mall",M*** I*********,19 Juli 2016,3.0,"adonan crepsnya kebanyakan perasa vanilla sampe pahit, peletakan toppingnya juga di beri semua bukan hanya sebagian",Banana Choco Cheese - Choco Peanut - Cookies 'n Cream,25 November 2019,2025-07-04 21:31:19
"Dcrepes, Galaxy Mall",S*****,29 September 2015,2.0,"Not like usual taste.. :(The soft crepe taste weird (old cashew chocolate and wheat flour)..The banana crepe taste less chocolate, too much cheese (not well-balanced taste like usual)",Banana Choco Cheese - Cadbury Cashew & Cookies,13 November 2019,2025-07-04 21:31:19
"Dcrepes, Galaxy Mall",A*** B*****,28 September 2015,3.0,agK gosong tumben...gk biasanya kyk bgini..,Choco Cheese with Nu Tea / Aqua - Extra Choco Chips,30 Oktober 2019,2025-07-04 21:31:19
"Dcrepes, Galaxy Mall",S***** A******,24 Mei 2019,1.0,gk seenak crepes biasanya,N/A,7 Agustus 2019,2025-07-04 21:31:19
"Dcrepes, Galaxy Mall",M******* A***,18 Maret 2018,2.0,crepesnya lembek gak kriuk2,N/A,10 Maret 2019,2025-07-04 21:31:19
"Igor's Pastry, Ranch Market Galaxy Mall",B**** A******,28 Maret 2018,5.0,"Pelayanan baik, pesanan ada masalah langsung diganti, dikirimkan, & dibonusin 👍",Brown Bread Toast - Oat Flake Toast,21 November 2023,2025-07-04 21:31:43
"Igor's Pastry, Ranch Market Galaxy Mall",S***** L******,17 Juli 2015,2.0,"Ordered macaroni schotel, it came frozen, very dissapointed 👎",Macaroni Schotel,6 September 2023,2025-07-04 21:31:43
"Igor's Pastry, Ranch Market Galaxy Mall",I*** M****,28 April 2018,5.0,Kurang matang rasa agak hambar tapi sy tetap beri bintang 5,Macaroni Schotel,29 Agustus 2023,2025-07-04 21:31:43
"Igor's Pastry, Ranch Market Galaxy Mall",Maria Elyzabeth Tri,30 Juli 2017,5.0,salam sehat dan selalu semangat ya,Beef Lasagna,4 November 2022,2025-07-04 21:31:43
"Igor's Pastry, Ranch Market Galaxy Mall",diana,20 Februari 2016,5.0,Mantap pokoknya👍👍👏🏻👏🏻😋,Beef Cheese Croissant - Fiber Wheat Toast - Cheese Loaf - Beef Lasagna,8 April 2022,2025-07-04 21:31:43
"Igor's Pastry, Ranch Market Galaxy Mall",Y*****,29 November 2017,3.0,biasa aja. cuma menang merk sih.,Fiber Wheat Toast,27 Agustus 2021,2025-07-04 21:31:43
"Igor's Pastry, Ranch Market Galaxy Mall",M*******,27 Agustus 2015,5.0,"Toast nya igor selalu jadi pilihan utama krn ada yang no egg dan no dairy, tapi rotinya tetap lembut dan ga bikin eneg. Hanya bertahan 2 hari di suhu ruang, kalau kelupaan masuk kulkas langsung jamuran gaes",Oat Flake Toast,21 Agustus 2021,2025-07-04 21:31:43
"Igor's Pastry, Ranch Market Galaxy Mall",F***,8 November 2018,5.0,Semua rasanya balance,Beef Lasagna,1 April 2020,2025-07-04 21:31:43
"Ta Wan, Galaxy Mall",regina,24 Januari 2018,4.0,"kak tadi ayam soyanya bumbu soya nya gak ada hiks, jangan sampe lupa lagi ya",Ayam Soya 1/2 Ekor - Bubur 1 Topping,19 Juni 2025,2025-07-04 21:32:18
"Ta Wan, Galaxy Mall",N***,21 September 2017,4.0,Ayamnya kurang memuaskan baik secara porsi maupun rasa. Cenderung hambar,Angsio Tahu - Ayam Gandum Krispi,10 Maret 2025,2025-07-04 21:32:18
"Ta Wan, Galaxy Mall",H*** W*******,19 Juni 2015,3.0,pesen gold A (ayam telur asin) yang dateng ayam lada hitam,Gold A - Thai Tea,21 April 2025,2025-07-04 21:32:18
"Ta Wan, Galaxy Mall",tong tjendekiawan usmin,15 November 2021,2.0,pesanan saya diseleaaikan hampir 1.15 menit saya telat berbuka,Lumpia Lie Hong Kian - Mie Goreng Spesial Ulang Tahun - Nasi Goreng Xo Seafood - Sapo Tahu Seafood,26 Maret 2025,2025-07-04 21:32:18
"Ta Wan, Galaxy Mall",Kinong Reviellia,7 Mei 2017,5.0,Selalu ga ada yang ga enak di Ta wan👌🏽 I enjoyed every bite of it!,Bubur Ayam - Ayam Goreng Saus Mentega - Kailan Spesial Dua Rasa,23 Maret 2025,2025-07-04 21:32:18
"Ta Wan, Galaxy Mall",pino,19 Oktober 2021,1.0,"sudah 2 kali cuma kasih 1 minuman, saya beli 2 packet harus dapet 2 bottle minuman kan?",Gold D - Platinum 1A,24 Februari 2025,2025-07-04 21:32:18
"Ta Wan, Galaxy Mall",V**** T******,2 Maret 2022,2.0,aku langanan beli ikan dori tim nya tapi baru kali ini aku beli sayur tumisan 2 rasanya dan jujur aja ngk enak masih keras bange yg rasa bawangnya sedangkan di sisi lain sayur yg rasa lomboknya teralu layu sampai menghitam aku agak kesal yah soalnya ini mau ku kasi ke orang yg lagi ngk enak badan loh masa sayurnya gitu mana peroses pembuatanya tuh telat bangettt jujur agak kecewa sama ta wan 😑,Ikan Dori Tim Bawang Putih - Kailan Spesial Dua Rasa,1 Februari 2025,2025-07-04 21:32:18
"Ta Wan, Galaxy Mall",frida,29 Maret 2018,5.0,sekarang ayamnya kok tdk divampur ke buburnya ya?,Bubur Ayam,29 Januari 2025,2025-07-04 21:32:18
"Ta Wan, Galaxy Mall",J*,27 Desember 2015,5.0,Suiiiiiiiiippppppppppp,Bubur Ayam,28 November 2024,2025-07-04 21:32:18
"Ta Wan, Galaxy Mall",T****,26 September 2019,2.0,pesan bubur dan sup jagung kepiting tapi yg dikirim bubur aja 2 bungkus..,Bubur Phitan - Sup Jagung Daging Kepiting,12 November 2024,2025-07-04 21:32:18
"Ta Wan, Galaxy Mall",E****,26 Oktober 2015,3.0,"Beli bubur ayam tapi ayam suwir yg kyk d gambar ga ada sama sekali isi cuma bubur,daun bawang, sambel, kecap asin sama krupuk pangsit",Bubur Ayam - Ikan Dori Tim Bawang Putih,9 September 2024,2025-07-04 21:32:18
"Ta Wan, Galaxy Mall",W****** S**** A***,21 September 2016,5.0,"bubur nya selalu mantab, enoki dan kulit goreng nya juga mantab",Cuan A - Cuan B,26 Agustus 2024,2025-07-04 21:32:18
"Ta Wan, Galaxy Mall",W****** S**** A***,21 September 2016,4.0,"Ayam Goreng porsinya dikit banget dah, rasa juga biasa aja, ga sebanding dengan harganya, kureng mantul ayam nya. kalo bubur udah mantul kalo Ta Wan.",Bubur Ayam & Udang - Ayam Goreng Spesial Ta Wan,24 Agustus 2024,2025-07-04 21:32:18
"Ta Wan, Galaxy Mall",Shella Violita,15 Oktober 2015,1.0,"Saya sudah capek2 nulis notes ada request, malah diabaikan. Lain kali TOLONG DIBACA dan DIPERHATIKAN ya! Wahai pegawai yang bekerja",Kwetiaw Siram Seafood - Bapao Ayam Chasiu,21 Agustus 2024,2025-07-04 21:32:18
"Ta Wan, Galaxy Mall",Cliff Morley,1 Oktober 2020,5.0,"Delicious food but, as a person with an interest in healthy eating, I must say Ta Wan over generous with sugars. I know Indonesians are so accustomed to high levels of sugar in food they don't even notice it and would probably be disappointed if sugar was reduced but I'm equally aware of how many Indonesians are becoming obese and developing diabetes 2. 
Maybe Ta Wan can consider some lower sugar options for my kind of customer? Thanks if you can give it some thought.,, 🤔",Nasi Hainan - Angsio Tahu - Ayam Goreng Saus Madu,6 Agustus 2024,2025-07-04 21:32:18
"Ta Wan, Galaxy Mall",Cliff Morley,1 Oktober 2020,5.0,Always good from Ta Wan.,Ayam Goreng Asam Manis - Nasi Hainan,5 Agustus 2024,2025-07-04 21:32:18
"Ta Wan, Galaxy Mall",randy,5 September 2015,1.0,buburnya sudah basi kok dijual aja.. apa ngga dicek sebelum dijual?👎👎,Bubur Ayam & Phitan,30 Juli 2024,2025-07-04 21:32:18
"Ta Wan, Galaxy Mall",Dewanti,18 Mei 2018,1.0,mlm ini pesen lagi dan sudah nunggu lama dibatalkan sepihak. kenapa gak dari awal dibatalin,Nasi Dori Asam Manis - Ayam Chasiu,1 Juli 2024,2025-07-04 21:32:18
"Ta Wan, Galaxy Mall",Joni Tan,10 Desember 2016,1.0,"beli bubur, yg datang bubur seperti nasi",Bubur Special Ta Wan 3 Kombinasi - Mie Goreng Seafood,1 Juli 2024,2025-07-04 21:32:18
"Ta Wan, Galaxy Mall",Yenty,10 Agustus 2015,2.0,"Waktu tunggu terlalu lama , pesen 2 porsi bubur 1 jam br siap",Bubur Ayam & Phitan - Bubur Ayam,17 Juni 2024,2025-07-04 21:32:18
"Ta Wan, Galaxy Mall",Prastuti Asta Wulaningrum,5 Desember 2023,5.0,"langganan banget, apa ngga ada sistem poin ya? seminggu sekali selalu pesan disini hahaha",Kailan Bawang Putih - Mantap B,10 Juni 2024,2025-07-04 21:32:18
"Ta Wan, Galaxy Mall",Vendy,13 Agustus 2015,1.0,"beli sup jagung seperti tidak ada isi nya
kuah nya pun encer seperti makanan sisa",Sup Jagung Daging Kepiting - Mie Goreng Seafood,8 Juni 2024,2025-07-04 21:32:18
"Ta Wan, Galaxy Mall",V**** C******,16 Desember 2023,5.0,minta alat makan tp ga dikasih alat makan😔,Bubur Ayam,8 Juni 2024,2025-07-04 21:32:18
"Ta Wan, Galaxy Mall",S***,12 Juli 2015,4.0,"Ngga dapat sambal, padahal pesen 2 Kuo Tie 🥹🥹🥹 tolong dicek kembali sebelum dikirim",Brokoli Udang & Saus Xo - Lumpia Goreng Ayam - Kuo Tie Goreng - Bapao Telur Asin - Teh Madu Dengan Goji Berry Dan Lemon - Nasi Sapi Lada Hitam,7 Mei 2024,2025-07-04 21:32:18
"Ta Wan, Galaxy Mall",W****,9 Februari 2016,5.0,Makanannya enak semua Ta wan is the best 👌🏻 menu favorite Keluarga,B1G1 - A - Ayam Goreng Asam Manis,3 Mei 2024,2025-07-04 21:32:18
"Ta Wan, Galaxy Mall",C********,25 Mei 2016,4.0,porsi sup jagung nya terlalu sedikit untuk harga yang cukup mahal (isinya sedikit dan cair),Bubur Ayam & Phitan - Sup Jagung Daging Kepiting - Angsio Tahu,12 April 2024,2025-07-04 21:32:18
"Ta Wan, Galaxy Mall",Prastuti Asta Wulaningrum,5 Desember 2023,5.0,"pesan dari sini hampir tiap hari, need to say more? emang seenak itu dan worth the spending sih..",Nasi Dori Saus Mentega - Nasi Dori Asam Manis,6 April 2024,2025-07-04 21:32:18
"Ta Wan, Galaxy Mall",M****,8 Oktober 2016,3.0,"Porsi sangat sedikit, tidak sesuai dgn harga, tidak akan order lagi",Mie Goreng Ayam - Bayam Jepang Tiga Telur - Sapo Tahu Seafood,28 Maret 2024,2025-07-04 21:32:18
"Ta Wan, Galaxy Mall",georgina mieke,10 Oktober 2016,2.0,"Bukan salah resto nya tp pesan jam 19.00, pesanan nyampe rmh jam 21.30.",Mie Hong Kong Bebek Panggang - Nasi Goreng Ikan Asin Jambal,3 Maret 2024,2025-07-04 21:32:18
"Ta Wan, Galaxy Mall",Y*****,20 Januari 2016,5.0,"resto yg enak, harga ga mahal, cocok buat makan sekeluarga",Bubur Special Ta Wan 3 Kombinasi - Bubur Seafood,28 Februari 2024,2025-07-04 21:32:18
"Ta Wan, Galaxy Mall",I*****,21 Desember 2016,1.0,Pesan bubur ikan dan udang. Yang tiba bubur ikan dan pitan.,Bubur Ikan & Udang,24 Februari 2024,2025-07-04 21:32:18
"Ta Wan, Galaxy Mall",P******* A*** W**********,5 Desember 2023,5.0,resto terluuuvvv...semua menunya suka banget dah...,Baby Buncis Bawang Putih - Nasi Dori Asam Manis - Nasi Ayam Lada Hitam - Ikan Dori Tim Bawang Putih,19 Februari 2024,2025-07-04 21:32:18
"Ta Wan, Galaxy Mall",Ing Ing,1 Juni 2018,1.0,"Yang benar aja kakap asam manisnya kecil sekali tidak sesuai dengan gambarnya!! Ikan kakap tidak utuh cuma beberapa potong aja saosnya sedikit sekali!!!!
SANGAT MENGERCEWAKAN!! KAPOK TIDAK AKAN PESAN MAKAN LAGI TI RESTORAN TA WAN GALAXI MALL!! HARGA MAHAL ISI MAKANANNYA SEDIKIT SEKALI!!! SAYA HABIS 200 RIBU LEBIH TERNYATA YG SAYA DAPAT TIDAK SESUAI DENGAN MENU APLIKASI!!! 😡 😡 😡 😡 😡 😡",Baby Buncis Cah Sapi Cincang - Sapo Tahu Seafood - Ikan Kakap Goreng Saus Asam Manis,6 Februari 2024,2025-07-04 21:32:18
"Ta Wan, Galaxy Mall",Abdul Slamet,20 April 2017,3.0,condimentnya gk ada,Nasi Goreng Seafood - Nasi Goreng Ikan Asin Jambal,19 Januari 2024,2025-07-04 21:32:18
"Ta Wan, Galaxy Mall",Ganis,6 September 2015,5.0,bubur 3 kombinasi dan bubur ayamnya enak banget,Bubur Special Ta Wan 3 Kombinasi - Bubur Ayam,10 Desember 2023,2025-07-04 21:32:18
"Ta Wan, Galaxy Mall",S****,17 Agustus 2015,4.0,ada perubahan rasa n kualitas masakan (menurun),Brokoli Bawang Putih - Mie Hong Kong Ayam Chasiu - Tahu Sutra Goreng Lada Garam - Ayam Goreng Asam Manis - Ayam Kung Pao - Cai Miau Cah Sapi Xo - Bayam Jepang Tiga Telur - Bubur Ayam - Angsio Tahu,12 November 2023,2025-07-04 21:32:18
"Ta Wan, Galaxy Mall",J*********,9 November 2015,3.0,saya minta sendok tidak diksh sendok padahal.perlu banget krn anak saya sakit dan perlu makan skrng untuk minum obat krn dijaln.,Bubur Ikan & Phitan,31 Oktober 2023,2025-07-04 21:32:18
"Ta Wan, Galaxy Mall",yenti,22 Maret 2021,3.0,"pesenan tidak sesuai, pesen 5 item, yg dikirim 4 item",Platinum 3B - Platinum 4B - Brokoli Udang & Saus Xo - Cakue Goreng Isi Udang Ayam - Nasi Putih,1 Oktober 2023,2025-07-04 21:32:18
"Ta Wan, Galaxy Mall",V******* A******* W****,4 Maret 2021,5.0,Kurang sesuai porsinya dengan gambar dan harga tapi rasa tetep ⭐️5,Cumi Goreng Lada Garam,20 Agustus 2023,2025-07-04 21:32:18
"Ta Wan, Galaxy Mall",Yenny,21 Januari 2017,1.0,masakan baru ready 1jam 55 menit. dan sampai ke saya masakan sudah dingin semua.  harusnya masakan sudah ready tp tidak diserahkan ke driver.,Bubur Special Ta Wan 3 Kombinasi - Udang Goreng Mayonais - Kailan Cah Sapi - Ayam Goreng Asam Manis,17 Agustus 2023,2025-07-04 21:32:18
"Ta Wan, Galaxy Mall",Trisnawati,8 Januari 2017,5.0,I enjoyed every little bite😋,Mie Goreng Ayam - Ayam Goreng Saus Madu - Sapi Lada Hitam,9 Agustus 2023,2025-07-04 21:32:18
"Ta Wan, Galaxy Mall",ferry,24 Desember 2015,4.0,Isinya cm 1/2 porsi dr saya biasanya beli,Bubur Special Ta Wan 3 Kombinasi,17 Juli 2023,2025-07-04 21:32:18
"Ta Wan, Galaxy Mall",ayu richie,12 November 2017,4.0,sayurnya kurang ;(,Nasi Ayam Telur Asin,21 Juni 2023,2025-07-04 21:32:18
"Ta Wan, Galaxy Mall",poedjiastuti,29 Agustus 2018,5.0,"Enak , mantab 👍",Bubur Special Ta Wan 3 Kombinasi - Bubur Ayam & Sapi - Sup Jagung Kepiting,7 Mei 2023,2025-07-04 21:32:18
"Ta Wan, Galaxy Mall",B*****,2 Maret 2018,5.0,enak. langsung abis. recommended,Bubur Special Ta Wan 3 Kombinasi - Bubur Ikan & Udang,28 April 2023,2025-07-04 21:32:18
"Ta Wan, Galaxy Mall",W******,21 Agustus 2015,1.0,"Bakmie Goreng Seafood rasanya tidak enak,  amburadul, amis banget. Sungguh sangat mengecewakan. Tidak akan pesan lagi.",Jamur Enoki Goreng Garing - Bakmie Goreng Seafood,19 April 2023,2025-07-04 21:32:18
"Ta Wan, Galaxy Mall",putri anggraini,5 Januari 2017,3.0,bubur ta wan cabang TP lbih enak,Bubur Special Ta Wan 3 Kombinasi,21 Maret 2023,2025-07-04 21:32:18
"Ta Wan, Galaxy Mall",tasya,13 April 2018,5.0,enaaaaaak bangettttt,Chinese Tea-Jasmine - Nasi Goreng Seafood,6 Februari 2023,2025-07-04 21:32:18
"Ta Wan, Galaxy Mall",A****** P***,5 Februari 2018,1.0,kepitingnya rasanya parah,Bakmie Goreng Ulang Tahun - Kepiting Lemburi Saus Special Ta Wan,9 Februari 2023,2025-07-04 21:32:18
"Ta Wan, Galaxy Mall",Kiem,24 Oktober 2016,1.0,Bubur nya sudah 2x beli rasanya asin sekali.,Bubur Polos,5 Februari 2023,2025-07-04 21:32:18
"Ta Wan, Galaxy Mall",Gede Widiarna,26 Agustus 2021,5.0,Maaknyuusss....,Bubur Ikan & Udang - Bubur Special Ta Wan 3 Kombinasi - Nasi Goreng Kepiting,29 Desember 2022,2025-07-04 21:32:18
"Ta Wan, Galaxy Mall",yustinus,11 Desember 2015,5.0,"mantap
enak 
porsi nya kecil lain X lebih baik lagi ya",Nasi Goreng Seafood - Ayam Goreng Tawan,17 Desember 2022,2025-07-04 21:32:18
"Ta Wan, Galaxy Mall",M******* A******,15 Oktober 2015,4.0,Sapo tahunya dikit,Sapo Tahu Seafood - Bubur Ayam & Ikan,12 November 2022,2025-07-04 21:32:18
"Ta Wan, Galaxy Mall",T******,14 Juli 2017,5.0,"tawan top markotop, tetap jaga kualitas ya..suksesss",Bubur Ikan & Udang - Bubur Ayam & Sapi - Bubur Special Ta Wan 3 Kombinasi - Sapi Lada Hitam,24 November 2022,2025-07-04 21:32:18
"Ta Wan, Galaxy Mall",hary,24 Januari 2016,2.0,"porsinya semakin lama semakin sedikit, dan pelengkapnya juga berkurang",Bubur Special Ta Wan 3 Kombinasi,20 November 2022,2025-07-04 21:32:18
"Ta Wan, Galaxy Mall",jimmy,14 Mei 2017,2.0,Kecewa Dan porsi dikit,Kakap Goreng Saus Balacan - Sapo Sapi Yunan - Nasi Goreng Kepiting - Brokoli Cah Jamur Shitake,19 November 2022,2025-07-04 21:32:18
"Ta Wan, Galaxy Mall",Aida Samingoen,16 Juni 2017,3.0,ada duri ikannya di bubur,Bubur Ikan & Phitan,9 November 2022,2025-07-04 21:32:18
"Ta Wan, Galaxy Mall",sandra,25 Oktober 2015,5.0,enak rasanya sedap,Sapo Tahu Seafood,7 November 2022,2025-07-04 21:32:18
"Ta Wan, Galaxy Mall",ferry,24 Desember 2015,5.0,Isian ikan terlalu sedikit,Bubur Special Ta Wan 3 Kombinasi,7 November 2022,2025-07-04 21:32:18
"Ta Wan, Galaxy Mall",Arif,28 Juli 2017,2.0,"The Food took longer than go food expected time. 6 times longer, 10 mins till 60 mins to wait. Time accuracy so bad",Bubur Polos,5 November 2022,2025-07-04 21:32:18
"Ta Wan, Galaxy Mall",Silvy Yap,3 Agustus 2015,5.0,mantul bubur ayamnya.. 👍,Bubur Ayam,18 September 2022,2025-07-04 21:32:18
"Ta Wan, Galaxy Mall",A***** J******* H****,3 Februari 2022,4.0,Pesen nasi gk datang,Udang Nanas Bumbu Rujak - Sup Jagung Kepiting - Nasi Putih,28 Agustus 2022,2025-07-04 21:32:18
"Ta Wan, Galaxy Mall",tasya,13 April 2018,5.0,enakkkkkkk bangettttt,Sapo Tahu Seafood - Bubur Special Ta Wan 3 Kombinasi,17 Agustus 2022,2025-07-04 21:32:18
"Ta Wan, Galaxy Mall",E***,16 Juni 2017,4.0,rasa tidak sama dengan makan disana..ayam sedikit sekali,Bubur Ayam & Phitan - Ayam Kung Pao - Tahu Goreng Ayam Saus TaWan,20 Agustus 2022,2025-07-04 21:32:18
"Ta Wan, Galaxy Mall",Adiyanto Nday,29 Februari 2020,5.0,"😋 Delicious porridges and delicious vegetables. They have some WELL KNOWN Chinese soups and very delicious chicken stew😋.
The foods are also nice n easy to be enjoy, either for children n old people.
A lots of menu which are serve with carefully choice n mix with MODERN taste👍👍👍.
Try and you will know Ta Wan special offering 😀.",Sapo Tahu Seafood - Ayam Rebus 1/2 Ekor - Po Chai Cah Bawang Putih,31 Juli 2022,2025-07-04 21:32:18
"Ta Wan, Galaxy Mall",J***** O*****,22 Mei 2016,3.0,"angsio tahunya isi2nya sedikit dipotong kecil2, tidak sebanding sm hrg, rasa jg biasa. cah kacang pjg terlalu lembek sih.",Sapo Tahu Seafood - Kacang Panjang Cah Sapi,9 Juli 2022,2025-07-04 21:32:18
"Ta Wan, Galaxy Mall",elvina felicia,30 November 2016,2.0,"bubur seperti air kobokan. orang sedang sakit, diberi makanan spt itu. hebat 👏",Bubur Polos - Ikan Dori Saus Xo,2 Juni 2022,2025-07-04 21:32:18
"Ta Wan, Galaxy Mall",M** F***,28 November 2015,3.0,"udang nya banyak cm kpala nya aja..kecewa..
dr rasa sih enak smua..cumi enak..dori enak cm porsi nya dikit semua",Udang Goreng Bawang Putih - Cumi Goreng Lada Garam - Ikan Dori Telur Asin,26 Mei 2022,2025-07-04 21:32:18
"Ta Wan, Galaxy Mall",J********,1 Desember 2015,3.0,"The porridge doesn't taste good, it has gelatin texture, only got 4 pcs of little fish meat, 5 pcs of phitan egg slices, and a sprinkle of cracker 😠 for ±50k its not worth it at all.","Bubur Ikan, Telur Asin & Phitan",21 Mei 2022,2025-07-04 21:32:18
"Ta Wan, Galaxy Mall",Henry Santoso,29 Desember 2018,5.0,makanan freshhh ...mantab,Bakmie Goreng Seafood - Kakap Asam Manis,2 Mei 2022,2025-07-04 21:32:18
"Ta Wan, Galaxy Mall",muhammad syam putra,30 Oktober 2018,1.0,"- pesan bubur 3 rasa yg datang bubur sama kerupuk
- pesan ayam goreng tak wan satu ekor yg datang anak ayam yg dipotong potong
- pesan sop kepala kakap yang datang kuah sama tulang
1000% ngaco, saya pesan takwan karena saya pelanggan tak wan, jadi tolong buat tak wan sama gofood apa yg bisa saya makan ini buka puasa zoonk..",Meat Ayam Goreng Tawan - Bubur Tiga Rasa (L) - Sup Kepala Ikan Kakap,25 April 2022,2025-07-04 21:32:18
"Ta Wan, Galaxy Mall",Sigit H,6 September 2015,5.0,Sayang porsinya sedikit banget,Sapi Saus x/o - Cumi Goreng Lada Garam - Bubur Tiga Rasa (R),17 April 2022,2025-07-04 21:32:18
"Ta Wan, Galaxy Mall",Sher,26 November 2021,5.0,"gak ikut makan, beliin buat adek jd gk tau rasanya tapi katanya enak udh langganan disini makacih",Bubur Seafood (R),14 April 2022,2025-07-04 21:32:18
"Ta Wan, Galaxy Mall",N****,11 November 2015,5.0,"makanannya enak2 seperti biasanya, packaging bagusssss",Bubur Tiga Rasa (L) - Meat Sapi Lada Hitam - Sapo Tahu Seafood - Udang Goreng Garlic,12 April 2022,2025-07-04 21:32:18
"Ta Wan, Galaxy Mall",F**** W***,19 September 2015,4.0,Lauk buburnya kurang banyak,Bubur Ayam & Udang (L) - Bubur Ikan (L) - Bubur Tiga Rasa (L) - Sapi Saus x/o,5 Maret 2022,2025-07-04 21:32:18
"Ta Wan, Galaxy Mall",Rini,7 September 2015,3.0,porsi nya terlalu sedikit untuk harga segitu,Meat Sapi Lada Hitam - Meat Sapi Hot Plate - Meat Ayam Kung Pao - Angsio Tahu,28 Februari 2022,2025-07-04 21:32:18
"Ta Wan, Galaxy Mall",evan,31 Desember 2016,3.0,"beli 2 porsi tidak ada cakwenya semua, di ganti kripik.",Bubur Tiga Rasa (R) - Bubur Seafood (L),26 Februari 2022,2025-07-04 21:32:18
"Ta Wan, Galaxy Mall",ivon maria,28 April 2018,5.0,"Gofood terus mantap, bawang daun ditambahi dong spy lbh mantap👍👍👍👍👍",Lumpia Udang - Bubur Phitan (R),20 Februari 2022,2025-07-04 21:32:18
"Ta Wan, Galaxy Mall",C*****,3 Juni 2018,5.0,the portion gets smaller these days,Bubur Ayam & Phitan (R),15 Februari 2022,2025-07-04 21:32:18
"Ta Wan, Galaxy Mall",Inge Dvd Susetyo,24 Oktober 2017,5.0,❤️❤️❤️❤️❤️❤️😘😘😘😘😘😘😘😘😘,Bubur Ayam (L) - Terong Lada Garam,2 Februari 2022,2025-07-04 21:32:18
"Ta Wan, Galaxy Mall",Yenny Lauw,7 Agustus 2015,3.0,"sup bibir ikannya kok isinya drastis berkurang ya, berasa beli kuah kental aja 60rb an. 🤔",Sapo Tahu Seafood - Sup Bibir Ikan - Hotplate Seafood Lada Hitam - Terong Lada Garam,31 Januari 2022,2025-07-04 21:32:18
"Ta Wan, Galaxy Mall",felmy,26 Oktober 2021,5.0,"tawan mmg favorit,selain banyak,enak,dan cepat sajiannya.",Bubur Tiga Rasa (L) - Sapo Tahu Seafood,19 Januari 2022,2025-07-04 21:32:18
"Ta Wan, Galaxy Mall",V****** M***,25 Agustus 2021,1.0,INI APA TIDAK SALAH? PESAN BUBUR AYAM LARGE YANG DATANG AYAM NYA HANYA BEBERAPA IRIS. AYAM DI MASUKKAN DALAM 1 KLIP SAMBAL. KETERLALUAN. MAU CUAN APA YA SEGININYA???? PARAHHHHHH,Bubur Ayam (L),11 Januari 2022,2025-07-04 21:32:18
"Ta Wan, Galaxy Mall",S******* V******,7 Desember 2016,1.0,Order tapi tidak bisa menulis notes. aneh sekali! Mengecewakan,Nasi Goreng Ayam - Bakmie Goreng Ulang Tahun - Kakap Goreng Saus Balacan,2 Januari 2022,2025-07-04 21:32:18
"Ta Wan, Galaxy Mall",A****,29 September 2017,4.0,ada lalatnya di dalem bubur :/,Bakmie Ayam Jamur - Bubur Polos (R),22 Desember 2021,2025-07-04 21:32:18
"Ta Wan, Galaxy Mall",Yenny Lauw,7 Agustus 2015,5.0,"diskon dibanyakin donk, biar value for money!",Sapo Tahu Seafood - Lumpia Udang - Ikan Dori Nori,19 Desember 2021,2025-07-04 21:32:18
"Ta Wan, Galaxy Mall",K****** A***,5 Desember 2016,5.0,"paling enak memang bubur nya tawan lembut halus porsi nya banyak dan topping istimewa, nasi goreng nya jg enak pelayanan sangat cepat",Bubur Tiga Rasa (L) - Nasi Goreng Seafood - Bakmie Goreng Ayam,4 Desember 2021,2025-07-04 21:32:18
"Ta Wan, Galaxy Mall",Dave,19 Desember 2018,5.0,"porsinya tolong yg stabil , kok kadang sedikit sekali... , tolong QC di perhatikan untuk porsi nya karena saya Langganan rutin di satu gerai dan menu sering sama jd tau -/+ nya porsinya
sukses selalu ya",Ayam Saus Wijen - Lumpia Li Hong Kie - Ikan Dori Saos XO,24 November 2021,2025-07-04 21:32:18
"Ta Wan, Galaxy Mall",H****,20 Mei 2015,1.0,Porsinya jauh lebih sedikit daripada beli langsung dan bayar tunai dengan harga normal di Resto,Meat Ayam Kung Pao,28 November 2021,2025-07-04 21:32:18
"Ta Wan, Galaxy Mall",A****,3 Agustus 2015,2.0,Minta sendok sudah bilang buat org sakit. Tapi tidak diberi.,Bubur Ikan (R),29 November 2021,2025-07-04 21:32:18
"Ta Wan, Galaxy Mall",M**** S******,5 Juni 2016,2.0,Ingredient 3 Rasa hanya 2 rasa. Terdapat 2 slice udang dan 2 slice ayam. Tidak ada ikannya. Berbeda jika kita makan di restoran. Kecewa.,Bubur Tiga Rasa (L),29 November 2021,2025-07-04 21:32:18
"Ta Wan, Galaxy Mall",K**** Z******,29 Oktober 2021,2.0,koq cakwe ya dikasih kerupuk ya,Bubur Polos (R),13 November 2021,2025-07-04 21:32:18
"Ta Wan, Galaxy Mall",L***,2 Agustus 2015,5.0,Rekomendasi bubur nya,Bubur Tiga Rasa (L) - Sup Bibir Ikan - Bubur Seafood (L) - Cakwee,26 Oktober 2021,2025-07-04 21:32:18
"Ta Wan, Galaxy Mall",T*****,13 Juli 2016,2.0,"harga segini tp topingnya pelit banget, mending beli di resto lain kyk quali",Nasi Goreng Seafood,21 Oktober 2021,2025-07-04 21:32:18
"Ta Wan, Galaxy Mall",J****,30 Desember 2015,3.0,Pesan 1 ekor ayam tapi tidak lengkap 1 ekor,Bubur Ayam & Phitan (R) - Bubur Tiga Rasa (L) - Ayam Rebus 1 Ekor,21 Oktober 2021,2025-07-04 21:32:18
"Ta Wan, Galaxy Mall",L**** K********,28 Mei 2017,5.0,mantap semua masakannya enak,Bubur Phitan (L) - Sapi Ala Szechuan,6 Oktober 2021,2025-07-04 21:32:18
"Ta Wan, Galaxy Mall",E*** M***************,5 Januari 2020,5.0,the best comfort food evaaa,Bubur Tiga Rasa (R) - Meat Ayam Goreng Tawan,6 Oktober 2021,2025-07-04 21:32:18
"Ta Wan, Galaxy Mall",T** P******,14 Juli 2016,3.0,Sayang Cakweenya diganti + gak ada sendok,Bubur Tiga Rasa (L),7 September 2021,2025-07-04 21:32:18
"Ta Wan, Galaxy Mall",L*****,29 Agustus 2015,1.0,Pesen bubur ayam d kash ya bubur cakue aja hadehhh,Bubur Ayam (L) - Meat Ayam Goreng Tawan - Lumpia Udang,6 September 2021,2025-07-04 21:32:18
"Ta Wan, Galaxy Mall",M*****,19 Oktober 2016,4.0,pesan lumpia tidak dikasih saos cocolan sama sekali,Bubur Ayam (L) - Bubur Polos (R) - Meat Ayam Goreng Tawan - Lumpia Udang,17 Agustus 2021,2025-07-04 21:32:18
"Ta Wan, Galaxy Mall",J****** V******,14 Oktober 2019,5.0,"enak banget terjangkau buburnya enak makann tawan memang gak pernah mengecewakan paling enak walaupun cuma bubur doang tapi topping nya ada banyak buat makan gak bosen, yey","Bubur Telor Asin, Udang, & Telor Pitan (L)",23 Juli 2021,2025-07-04 21:32:18
"Ta Wan, Galaxy Mall",A******* N***,29 Februari 2020,5.0,Always Good Taste👌❤,Sapo Tahu Seafood - Kakap Asam Manis - Bakmie Ayam Jamur - Kakap Tausi,12 Agustus 2021,2025-07-04 21:32:18
"Ta Wan, Galaxy Mall",M*** D*** P******* A***,3 Februari 2017,5.0,Makanannya enak. Kebersihan terjaga. Harganya sangat terjangkau dengan promo gofood. Sangat berarti dan membantu jika ada promo. Lebih diperhatiakan lagi supaya tidak ada menu yg kosong dan tidak lengkap seperti beli langsung di resto. Harga pick up sangat murah🥰😂,Sapo Tahu Ayam Saus Cabe,27 Juni 2021,2025-07-04 21:32:18
"Ta Wan, Galaxy Mall",T*******,25 Oktober 2015,3.0,saponya agak hambar,Sapo Tahu Seafood - Kakap Asam Manis,17 Juli 2021,2025-07-04 21:32:18
"Ta Wan, Galaxy Mall",L****,23 Maret 2016,2.0,"Krn discount porsinya sedikit.isi hanya1/2 cup
. Jadi ngak ada guna masuk discount klu porsinya 1/2🙏🙏🥲",Nasi Goreng Seafood - Bakmie Goreng Seafood - Brokoli Cah Jamur Shitake - Bubur Tiga Rasa (L),27 Juli 2021,2025-07-04 21:32:18
"Ta Wan, Galaxy Mall",I****,19 Desember 2018,1.0,"Buburnya aer doang, gaada rasa. Porsi large jg dikit banget. Niat jualan ga sih. Btw saya ga covid ya.","Bubur Tiga Rasa (L) - Bubur Telor Asin, Udang, & Telor Pitan (L) - Bubur Ayam & Phitan (L) - Meat Ayam Kung Pao",25 Juli 2021,2025-07-04 21:32:18
"Ta Wan, Galaxy Mall",D***,2 Juni 2016,5.0,porsinya sedikit banget dg harga segitu ya,Meat Sapi Lada Hitam - Udang Ala Singapore,23 Juli 2021,2025-07-04 21:32:18
"Ta Wan, Galaxy Mall",A******,7 November 2016,2.0,"seafood hotplate terlalu kecil potongannya, rasa dan porsi dibanding harga ga sesuai. menu kali ini mengecewakan.",Hot Plate Seafood - Meat Sapi Hot Plate,22 Juli 2021,2025-07-04 21:32:18
"Ta Wan, Galaxy Mall",Y***,4 September 2018,5.0,"ok, Good, Recommended.",Bubur Tiga Rasa (L) - Bubur Ikan (L),7 Juni 2021,2025-07-04 21:32:18
"Ta Wan, Galaxy Mall",Y***,4 September 2018,5.0,"ok, Good, Recommended.",Ayam Jamur Saus Tiram - Nasi Putih,7 Juni 2021,2025-07-04 21:32:18
"Ta Wan, Galaxy Mall",M** D***,11 November 2017,5.0,BIKIN SAYA SEMBUH DARI SAKIT,Bubur Jagung & Sapi Cincang (L),14 Juli 2021,2025-07-04 21:32:18
"Ta Wan, Galaxy Mall",J****,12 Juni 2019,4.0,porsi sapo tahu nya dikit sekali,Bubur Ayam (L) - Sapo Tahu Seafood,19 Juni 2021,2025-07-04 21:32:18
"Ta Wan, Galaxy Mall",T** D*****,3 Oktober 2017,3.0,"Porsinya kurang, hehehe!",Sapo Tahu Seafood - Tauge Cah Ikan Asin - Sapi Saus x/o,13 Juni 2021,2025-07-04 21:32:18
"Ta Wan, Galaxy Mall",R***,16 Agustus 2015,5.0,Enak Semuanya Mantap,Kailan Cah Bawang Putih - Cumi Saus Thai - Ikan Dory Telur Asin,8 Juni 2021,2025-07-04 21:32:18
"Ta Wan, Galaxy Mall",V*****,21 Desember 2016,5.0,Mantaappp.. Tetap menggoda,Sapo Tahu Seafood - Ayam Saus Wijen,16 Mei 2021,2025-07-04 21:32:18
"Ta Wan, Galaxy Mall",F**** T******,13 Agustus 2019,5.0,hari ini pesanan buburq tidak dpt cakwe dan bawang..,Bubur Ayam (L) - Bubur Seafood (R),2 Mei 2021,2025-07-04 21:32:18
"Ta Wan, Galaxy Mall",L***,2 Agustus 2015,5.0,Best chinese porridge in Jawa,Sapo Tahu Seafood - Ayam Goreng Balacan,28 April 2021,2025-07-04 21:32:18
"Ta Wan, Galaxy Mall",J*****,9 September 2015,3.0,porsi nya sedikit. Ukuran small tidak cocok disebut medium apalagi large,Bakmie Ayam Jamur - Bubur Tiga Rasa (L) - Bubur Polos (R),18 April 2021,2025-07-04 21:32:18
"Ta Wan, Galaxy Mall",N***** M****,15 Maret 2021,2.0,Nota tidak diberikan.,Cakwe Udang Special Hotplate - Mineral Water,17 April 2021,2025-07-04 21:32:18
"Ta Wan, Galaxy Mall",V**,26 Februari 2020,3.0,"Bubur beef and corn nya rasanya kecut asam gitu, bubur nya agak bau basi jg... thanks",Bubur Tiga Rasa (L) - Bubur Jagung & Sapi Cincang (R) - Lumpia Li Hong Kie - Lumpia Seafood - Meat Ayam Bumbu Spesial,31 Maret 2021,2025-07-04 21:32:18
"Coffee Bean & Tea Leaf, Galaxy Mall",L*****,2 September 2022,2.0,"harusnya info dulu kalo keknya habis, saya tunggu 1 jam baru diketahui stok habis, 1 jam😂 Kalo info awal mungkin  dari resto bisa cancel order",Coffee Break E,7 Maret 2025,2025-07-04 21:32:40
"Coffee Bean & Tea Leaf, Galaxy Mall",adit,18 Oktober 2015,1.0,pesan 9 datangnya hanya 3,Iced Double Chocolate + Iced Ultimate Aren Latte + Iced Vanilla Latte,17 Juni 2024,2025-07-04 21:32:40
"Coffee Bean & Tea Leaf, Galaxy Mall",A*** T**** L******,22 September 2017,2.0,"minumannya tidak di tutup dengan baik. sehingga sampai ke saya, ada 1 minuman yg hampir habis",Only 50K 2,19 April 2024,2025-07-04 21:32:40
"Coffee Bean & Tea Leaf, Galaxy Mall",Muhammad Fachreza Rahmadian,5 Desember 2015,5.0,makanan dan minuman enak tapi harganya mehong,Iced Ultimate Aren Latte (S) - Chicken Fried Rice,25 Oktober 2023,2025-07-04 21:32:40
"Coffee Bean & Tea Leaf, Galaxy Mall",deasy,1 Januari 2017,5.0,semoga promo lagi,Bottle Fest Croissant,5 Oktober 2023,2025-07-04 21:32:40
"Coffee Bean & Tea Leaf, Galaxy Mall",T***,30 Juni 2015,5.0,"Aglio Olio nya masih agak terlalu keras. Sisanya enak, dan PEDES BANGET. Nasi gorengnya spesial sekali. Untung mango-nya, biasa aja. Tehnya seger meski bukan jasmine tea.",Combo Aglio Olio - Combo Chicken Fried Rice,28 April 2023,2025-07-04 21:32:40
"Coffee Bean & Tea Leaf, Galaxy Mall",S******,1 Januari 2021,2.0,"order 2 gelas, dua”nya ada kyak modelan nyamuk/kutu gt di dlm minumannya",Caramel Iced Blended - Vanilla Latte,2 Januari 2023,2025-07-04 21:32:40
"Coffee Bean & Tea Leaf, Galaxy Mall",J****,15 Juli 2018,1.0,"kue nya di gojek di tulis habis. tapi waktu sy ke kasir ternyata masih banyak kue nya
apa karena promo an, jadi di tulis habis di gojek nya ?",3 Drinks - 1 Iced Caramel Macchiato (S) + Iced Vanilla Latte (S) + 1 Iced Swiss Mocha Latte (S) - I/ Double Chocolate (S) - Iced Greentea Latte (S),7 Juli 2022,2025-07-04 21:32:40
"Coffee Bean & Tea Leaf, Galaxy Mall",sari,29 Juli 2015,5.0,rapi packagingnya dan masih hangat semua,Warm Chocolate Muffin - Low Fat Orange Muffin - Hazelnut Latte,22 Juni 2022,2025-07-04 21:32:40
"Coffee Bean & Tea Leaf, Galaxy Mall",Cece Rafa,8 Oktober 2017,5.0,good packing and over all good,Holiday 2 - HD Butter Croissant,28 Desember 2021,2025-07-04 21:32:40
"Coffee Bean & Tea Leaf, Galaxy Mall",A**** Y*******,2 Agustus 2015,5.0,Murah sekali harganya,3 Iced Cheese Thai Tea - Orange Brisk,29 Desember 2019,2025-07-04 21:32:40
"Coffee Bean & Tea Leaf, Galaxy Mall",B*****,19 Februari 2018,5.0,Murahhh nya coyyyy ajibbbb 😊😍👍👌,3 Iced Cheese Thai Tea,21 November 2019,2025-07-04 21:32:40
"Coffee Bean & Tea Leaf, Galaxy Mall",D** R****,28 November 2018,3.0,kejunga krg terasa,3 Iced Cheese Thai Tea,12 November 2019,2025-07-04 21:32:40
"Coffee Bean & Tea Leaf, Galaxy Mall",W******,18 November 2015,1.0,"di aplikasi tertulis promo, setelah diorder bilang tidak ada promo",Orange Brisk - Mango Rave,10 November 2019,2025-07-04 21:32:40
"Coffee Bean & Tea Leaf, Galaxy Mall",L***,24 April 2016,4.0,"the menu promo that still shows on the app and not valid anymore for the resto, please put it down. thx",Mango Rave - Orange Brisk,10 November 2019,2025-07-04 21:32:40
"Coffee Bean & Tea Leaf, Galaxy Mall",A***********,19 Desember 2018,5.0,"enak,segar👍👍👍👍👍",3 Iced Cheese Thai Tea,6 November 2019,2025-07-04 21:32:40
"Coffee Bean & Tea Leaf, Galaxy Mall",M***** W*****,7 Maret 2019,1.0,"Saya pesan yang promo 2 iced cheese thai tea harga promo Rp 30.000, namun ternyata saya hanya mendapat 1 iced cheese thai tea dng harga di nota Rp 39.000, sangat mengecewakan!!!!",Iced Cheese Thai Tea (S) 2,5 Oktober 2019,2025-07-04 21:32:40
"Coffee Bean & Tea Leaf, Galaxy Mall",A*****,31 Oktober 2015,4.0,"bland, kurang terasa kopi nya",N/A,23 Maret 2019,2025-07-04 21:32:40
"Coffee Bean & Tea Leaf, Galaxy Mall",G*****,23 November 2015,2.0,2 dari minuman yg saya beli rasanya seperti ga ada gula sama sekali.. udah komplain tapi ga ada respon..,N/A,14 Maret 2019,2025-07-04 21:32:40
"Coffee Bean & Tea Leaf, Galaxy Mall",J***** A**,1 Juni 2016,1.0,"the coffee is tasteless, feels like drinking iced mineral water",N/A,14 Februari 2019,2025-07-04 21:32:40
"Wok Noodle, Galaxy Mall",beatrice,31 Mei 2016,1.0,Dapat plastik di dlm makanan,Nasi Goreng Finna,20 Juni 2025,2025-07-04 21:33:13
"Wok Noodle, Galaxy Mall",fifi,18 Oktober 2015,3.0,cap cay kuah nya koq bkn ayam ya...,Cap Cay Goreng/Kuah - Buncis Cah Teri,7 April 2025,2025-07-04 21:33:13
"Wok Noodle, Galaxy Mall",steven,12 Maret 2018,2.0,"Prosesnya lama, mesti nunggu driver dulu baru diproses",Ayam  Saus Jeruk - Tahu Tausi,8 April 2025,2025-07-04 21:33:13
"Wok Noodle, Galaxy Mall",C******,27 November 2016,1.0,"nasinya masih mentah,dan didalam nasi goreng ada rambutnya,pelayanannya lama bangetttt",Nasi Goreng Finna,23 Februari 2025,2025-07-04 21:33:13
"Wok Noodle, Galaxy Mall",Gino Marino Wahjudi,18 November 2021,5.0,💖💖💖 Gak rugi deh pesan disini! hahhahhahhah。。。🧑🏻‍🍳💘,Nasi Goreng Rumput Laut - Cumi Saus Spesial - Sapi Saus Hoisin - Mie Kwang Tung,12 Februari 2025,2025-07-04 21:33:13
"Wok Noodle, Galaxy Mall",Anthonius Robertus Limanjaya,21 Maret 2022,2.0,"pesan Tanghun special yg dtg bihun goreng, kalau Tanghun kilap baru kali kecewa gak dibaca",Nasi Goreng Wok - Daging Sapi Lada Hitam - Tanghun Special,4 Februari 2025,2025-07-04 21:33:13
"Wok Noodle, Galaxy Mall",L***,19 April 2018,3.0,kebanyakan minyak,Mie Goreng /Kuah - Fu Yung Hai - Tamie Cap Cay,18 Desember 2024,2025-07-04 21:33:13
"Wok Noodle, Galaxy Mall",L** R****** L*****,3 September 2015,3.0,Nasi nya rada aneh tdk seperti biasanya,Nasi Goreng Finna,21 November 2024,2025-07-04 21:33:13
"Wok Noodle, Galaxy Mall",fernando,13 Juni 2016,2.0,gk panas pas dateng dan porsi nya dikit,Nasi Goreng Finna,17 November 2024,2025-07-04 21:33:13
"Wok Noodle, Galaxy Mall",edwinhalim,7 Oktober 2015,1.0,"makanan tidak lengkap, saya pesna nasiputih tidakbdikirim pdhal sudah masuk bill dan terbayar, dan saya kirim makanan ini orgnya punya jam makan tapi respon lambat, nomer telp dr google jg tdk diangkat",Ko Lo Kee - Nasi Putih - Baby Kailan Cah Bawang Putih,18 Oktober 2024,2025-07-04 21:33:13
"Wok Noodle, Galaxy Mall",E*****,21 November 2015,5.0,Porsi besar dan enak,Nasi Goreng Ikan Asin - Nasi Goreng Daging Sapi - Nasi Goreng Finna,15 September 2024,2025-07-04 21:33:13
"Wok Noodle, Galaxy Mall",Y****,24 November 2018,2.0,sayang request cust tidak diperhatikan. dgg sapi alot susah di kunyah bnyk bgn urat. porsi jg mengecewakan.,Daging Sapi Lada Hitam,8 Agustus 2024,2025-07-04 21:33:13
"Wok Noodle, Galaxy Mall",boedi soesanto hartono,8 Februari 2019,5.0,"enak,sdh langganan",Tamie Cap Cay,12 Mei 2024,2025-07-04 21:33:13
"Wok Noodle, Galaxy Mall",H*******,21 Agustus 2015,5.0,Wok mantap rasanya & porsinya ga egois 👍,Nasi Goreng Finna,5 Mei 2024,2025-07-04 21:33:13
"Wok Noodle, Galaxy Mall",A*****,28 Desember 2018,2.0,"saya buat cttan..minta pedes bihun dan nasgor canton. tp sama sekali gak direspon.
sedangkan kwetiau sy minta pedes sekali bs dibuatkan. sy suka kwetiau wok ini 
kecewa di 2 menu bihun dan nasgor canton.
yg ke 2.. kecewa kr hny diberi kresek tnp diikat tie 
biasanya sy dpt tas wok bermerk.
lahh di app gojek kan sy ada by tmbhan.
knp hny kresek doank??.haizzz",Nasi Goreng Canton - Nasi Goreng Daging Sapi - Kwetiau Goreng/Siram - Bihun Goreng/Kuah,24 Maret 2024,2025-07-04 21:33:13
"Wok Noodle, Galaxy Mall",P****,10 Agustus 2015,3.0,Bihun gorengnya agak aneh semacam mau basi..yg lain oke..,Nasi Goreng Finna - Bihun Goreng/Kuah - Ko Lo Kee - Sapo Tofu,23 Maret 2024,2025-07-04 21:33:13
"Wok Noodle, Galaxy Mall",Vela,21 September 2018,5.0,"Keluargaku langganan situ kok, sering datang.",Baby Crispy Saus Telur Asin - Brokoli Cah Bawang Putih,18 Februari 2024,2025-07-04 21:33:13
"Wok Noodle, Galaxy Mall",Theresia,4 April 2023,1.0,Ayam terasi hari ini basi,Nasi Goreng Finna - Ayam Terasi - Tamie Cap Cay,10 Februari 2024,2025-07-04 21:33:13
"Wok Noodle, Galaxy Mall",budi shevchènko,23 Februari 2021,5.0,wok galaxy memang enak.,Nasi Goreng Finna,12 Januari 2024,2025-07-04 21:33:13
"Wok Noodle, Galaxy Mall",R****** S*********,28 Agustus 2015,3.0,"Nasinya ada yg msh mentah , rasa ga seperti biasa nya enak",Nasi Goreng Canton,2 Januari 2024,2025-07-04 21:33:13
"Wok Noodle, Galaxy Mall",christine,7 Oktober 2018,2.0,"nasinya tidak matang, masih kerasa beras nya",Nasi Siram Babi,29 Desember 2023,2025-07-04 21:33:13
"Wok Noodle, Galaxy Mall",aldo prilla mahendra,20 Desember 2018,1.0,Portion untuk makanan tertentu sangat tidak masuk akal dengan harganya… porsi potongan sapinya terlalu sedikit… cuman banyak sayurnya aja….   Potongan sapinya hanya 6 slice KECIL BANGET!,Fu Yung Hai - Cap Cay Goreng/Kuah - Kangkung Cah Sapi - Sapo Terong Ayam - Mie Kwang Tung,27 Desember 2023,2025-07-04 21:33:13
"Wok Noodle, Galaxy Mall",Steven Richard,27 September 2015,2.0,"pesanan pertama sebenernya oke semua untuk waktu, taste semua oke. lalu mau tambah pesanan lagi yg ke2 krn ada yg kelupaan. cuma beda 2 menit pesannya. pesanan ke2 tapi gatau kenapa lama bangettttttttttttttttttttttttttttttttttt ga kyk yg pertama. tulisannya ready dalam 5 - 15 menit trs udah ditunggu udah jadi 2 menit balik lagi jadi 5 - 15 menit lagi dan terus kyk gitu sampe 3x jadi nyesel nambah pesenan yg ke2",Mie Goreng,10 Desember 2023,2025-07-04 21:33:13
"Wok Noodle, Galaxy Mall",Steven Richard,27 September 2015,5.0,semua oke kecuali nunggu prosesnya lama banget.. cuma masak mie goreng kewalahan. pesen pertama sama kedua beda 2 menit tpi keluarnya beda 30 menit an,Mie Goreng,10 Desember 2023,2025-07-04 21:33:13
"Wok Noodle, Galaxy Mall",A***,17 Oktober 2021,2.0,rasanya kurang enak.. agak hambar yi fu mienya,I Fu Mie,22 November 2023,2025-07-04 21:33:13
"Wok Noodle, Galaxy Mall",Andre Yohannes,2 Agustus 2015,5.0,Mantap. Semoga ke depan nya bisa dipercepat masak nya.,Tamie Cap Cay - Ko Lo Kee - Nasi Goreng Canton,19 Oktober 2023,2025-07-04 21:33:13
"Wok Noodle, Galaxy Mall",untung purnomo,18 Agustus 2017,1.0,Ada buntalan tambut nya sangat menjijikkan,Nasi Goreng Jawa - Ko Lo Kee,28 Juni 2023,2025-07-04 21:33:13
"Wok Noodle, Galaxy Mall",yohanna,8 November 2015,1.0,"sudah di note less salt tetep aja asinnya kebangetan....
dikasi note itu dibaca!!!
jgn seenaknya aja...saya pesen dikasi note supaya saya bisa makan...
saya pesen di wok grand city Dan east coast bisa loh sesuai request note customer...
pihak wok, perhatikan kinerja kokinya...enak bagi anda tp ga enak buat saya... terima kasih",Jamur Teriyaki - Fu Yung Hai - Dori Asam Manis - Cap Cay Goreng/Kuah,14 Mei 2023,2025-07-04 21:33:13
"Wok Noodle, Galaxy Mall",N***** P**** H**** L****,26 November 2015,3.0,Porsi sapi lada hitam sedikit sekali. Benar-benar kecewa. Kapok pesan. Untung porsi koloke & nasi goreng sapi ok,Nasi Goreng Daging Sapi - Ko Lo Kee - Daging Sapi Lada Hitam,14 Mei 2023,2025-07-04 21:33:13
"Wok Noodle, Galaxy Mall",Hansen,26 Agustus 2017,3.0,"porsi nya tidak seperti biasa nya, lalu mie hokkian nya jg tidak seperti biasanya, terlalu asin.",Tanghun Special - Tamie Cap Cay - Mie Hokkian Goreng,19 Februari 2023,2025-07-04 21:33:13
"Wok Noodle, Galaxy Mall",X****** V*******,28 Januari 2022,5.0,wok selalu the best!,Nasi Goreng Finna - Ko Lo Kee - Tamie Cap Cay,1 Februari 2023,2025-07-04 21:33:13
"Wok Noodle, Galaxy Mall",C********,7 Oktober 2018,4.0,service kurang bagus krn lama,Mie Kwang Tung - Nasi Goreng Finna,23 Januari 2023,2025-07-04 21:33:13
"Wok Noodle, Galaxy Mall",yenty,24 November 2018,4.0,"cukup kaget karena dulu porsi cukup besar, kali ini sedikit sekali porsinya untuk harga tertera. tapi taste OK kok",Tahu Tausi - Brokoli Cah Bawang Putih - Daging Sapi Lada Hitam,6 Januari 2023,2025-07-04 21:33:13
"Wok Noodle, Galaxy Mall",Y******,3 Juli 2017,4.0,"Rasanya enak, hanya porsi udang dan dagingnya sangat minim. Porsi besar",Nasi Goreng Finna - Ayam Goreng WOK - Fuyung Hai,9 November 2022,2025-07-04 21:33:13
"Wok Noodle, Galaxy Mall",Fancy,10 Januari 2021,4.0,"saus teriyaki nya sangat ga enak, beda banget sama dulu, agak lama memang, mungkin berubah atau, lain org yg masak, kayak saus asin aja bkn teriyaki sama sekali",Nasi Goreng Wok - Jamur Teriyaki - Gurami Saus Asam Manis,16 Desember 2022,2025-07-04 21:33:13
"Wok Noodle, Galaxy Mall",A***,17 Oktober 2021,3.0,2x pesan paketan burger tertulis ada shrimp light tetapi diganti chicken grill tanpa konfirmasi..,Gurami Saus Asam Manis,13 Desember 2022,2025-07-04 21:33:13
"Wok Noodle, Galaxy Mall",B**** H*******,25 Desember 2018,5.0,"masakan tawar,kurang bumbu",Nasi Goreng Finna - Nasi Goreng Wok - I Fu Mie,1 Desember 2022,2025-07-04 21:33:13
"Wok Noodle, Galaxy Mall",Lidia kristanti,28 Mei 2017,4.0,masakanannya enak..sayang sekali nasi gorengnya nasinya blom matang.terpaksa tidak di makan drpd kembung.,Nasi Goreng Finna - Ko Lo Kee - Tahu Tausi,13 November 2022,2025-07-04 21:33:13
"Wok Noodle, Galaxy Mall",Soo Liong,9 Februari 2017,5.0,Sangat Nikmat Masakannya 👍😋👍,Tanghun Special - Bihun Goreng,12 Juli 2022,2025-07-04 21:33:13
"Wok Noodle, Galaxy Mall",yunita,21 September 2021,1.0,Pesan kolobak hrg 90rb dikit bgt kayak beli di resto biasa yg hrg 20an,Mie Goreng - Ko Lo Bak,4 Juli 2022,2025-07-04 21:33:13
"Wok Noodle, Galaxy Mall",billy,16 April 2022,3.0,"nasi goreng merah pucat, lembek dan ga ada ikan maupun telornya dikiiiiiit amat. cuma makan nasi tok yg berwarna merah mana ga ada rasanya 😤😡
kolobak porsinya buat 1orang ini namanya 😡 klo ga niat jual mending ga usa jual deh ga sesuai banget ama harganya😤😤",Nasi Goreng Finna - Ko Lo Bak,11 Juni 2022,2025-07-04 21:33:13
"Wok Noodle, Galaxy Mall",Ellyana Anggreini,31 Januari 2018,5.0,mantap rasanya👌,Sapo Tofu,9 Juni 2022,2025-07-04 21:33:13
"Wok Noodle, Galaxy Mall",Wenny,9 November 2015,3.0,tlg d tingkatkan lg rasanya tq....,Nasi Goreng Babi - Mie Goreng - Ko Lo Bak,30 Mei 2022,2025-07-04 21:33:13
"Wok Noodle, Galaxy Mall",lanny,11 Agustus 2015,1.0,porsi makanan nya sangat tidak sesuai spt biasa nya 😭,Ko Lo Kee - Dori Telur Asin - Mie Hokkian Goreng,29 Mei 2022,2025-07-04 21:33:13
"Wok Noodle, Galaxy Mall",hendra,23 Desember 2016,2.0,biasa aja harga gak murah meskipun pakai diskon. porsi kecil,Dori Telur Asin - Dori Asam Manis,20 Mei 2022,2025-07-04 21:33:13
"Wok Noodle, Galaxy Mall",Ibu Elly,27 November 2016,5.0,Enak semuanya terutama nasi gorengnya top 👍👍,Mie Goreng - Nasi Goreng Wok Free 1 Botol HI C 1000 - Tauge Ikan Asin - Tahu Tausi,21 Maret 2022,2025-07-04 21:33:13
"Wok Noodle, Galaxy Mall",Kenna Fauzi,2 Juli 2021,5.0,Terimakasih banyak kakak,Nasi Goreng Finna,7 Februari 2022,2025-07-04 21:33:13
"Wok Noodle, Galaxy Mall",Tina,4 November 2018,1.0,"supervisornya cowok yg ada dikasir muales ky aras2en, mata merah seperti tidak niat kerja
order pick up tdk diterima sampai saya datangi baru di cek hp nya&diterima kondisi resoran saat itu sepi tdk ada org yg makan sama sekali
tolong ya diawasi& dinasehati karyawannya di wok galaxy mall demi menjaga kualitas restoran",Mie Goreng,21 Januari 2022,2025-07-04 21:33:13
"Wok Noodle, Galaxy Mall",B****,31 Desember 2017,5.0,Porsi cukup buat 3 orang...puas makan nya,Nasi Goreng Finna,1 Januari 2022,2025-07-04 21:33:13
"Wok Noodle, Galaxy Mall",bing-bing,17 Februari 2016,2.0,"untuk nasi cap jai nya. di sayurannya ada ulat sayurnya....
untuk yg lain rasa enak spt biasnya , cuma porsi mie nya agak berkurang banyak dr biasanya",Nasi Cap Cay - Nasi Putih - Mie Hokkian Goreng - Nasi Goreng Finna,26 Desember 2021,2025-07-04 21:33:13
"Wok Noodle, Galaxy Mall",Prista,16 Desember 2017,4.0,porsinya kurang gede..😀😀,Brokoli Cah Bawang Putih - Dori Asam Manis - Cap Cay Goreng/Kuah,20 Desember 2021,2025-07-04 21:33:13
"Wok Noodle, Galaxy Mall",K****** D***,2 September 2019,4.0,"lumayan lah..mau blg enak sekali jg nggak,ga enak jg tdk..jadi biasa sj menurut aku",Ayam Renyah Ala WOK - Nasi Goreng Finna - Telur,12 Desember 2021,2025-07-04 21:33:13
"Wok Noodle, Galaxy Mall",I***,12 Mei 2018,5.0,rasanya enak sekali,Nasi Goreng Babi,1 Desember 2021,2025-07-04 21:33:13
"Wok Noodle, Galaxy Mall",G**** Y*******,31 Juli 2016,5.0,"Porsi nya gak diragukan lagi, dan untuk chinese food ini termasuk yang the best 👍",Mie Goreng,7 November 2021,2025-07-04 21:33:13
"Wok Noodle, Galaxy Mall",P**** I********,21 Februari 2017,5.0,Super Duper TOP!!!,Nasi Goreng Canton - Kwetiau Goreng,28 September 2021,2025-07-04 21:33:13
"Wok Noodle, Galaxy Mall",I****,8 September 2015,5.0,"Nasi goreng nya enak, dori nya porsinya dikit",Nasi Goreng Babi - Nasi Goreng Finna - Dori Asam Manis,29 Oktober 2021,2025-07-04 21:33:13
"Wok Noodle, Galaxy Mall",Y***,4 September 2018,5.0,"Nasgor nya porsi jumbo, sapo tahu mantap enak, sdh lejen ini resto, top",Sapo Tofu - Nasi Goreng Finna - Fuyung Hai,27 Oktober 2021,2025-07-04 21:33:13
"Wok Noodle, Galaxy Mall",F****,17 November 2015,3.0,"The taste is different, not as usual, meat ball in fried noodle is still cold",Nasi Goreng Ikan Asin - Mie Goreng,21 Agustus 2021,2025-07-04 21:33:13
"Wok Noodle, Galaxy Mall",I**** G*****,8 Desember 2016,5.0,"sanagt membantu, harga ekonomis. thx u gofood!",Nasi Goreng Daging Sapi,13 Juni 2021,2025-07-04 21:33:13
"Wok Noodle, Galaxy Mall",R***** K*,23 Juli 2019,4.0,Harga nasi goreng ikan asin dinaikkan lebih tinggi drpd cabang WOK lain ya...,Nasi Goreng Ikan Asin - Dori Telur Asin,21 Mei 2021,2025-07-04 21:33:13
"Wok Noodle, Galaxy Mall",J*** G*******,6 September 2016,2.0,"Tidak enak, nasi nya lembek kursng rasa, berminyak sekali",Nasi Goreng Daging Sapi - Nasi Goreng Wok,18 Mei 2021,2025-07-04 21:33:13
"Wok Noodle, Galaxy Mall",S*****,18 Agustus 2017,5.0,lumayan enak kemasan oke,Tamie Cap Cay - Nasi Goreng Ikan Asin,3 Mei 2021,2025-07-04 21:33:13
"Wok Noodle, Galaxy Mall",E****,2 Juni 2017,1.0,Porsi sedikit sekali ga sesuai harganya,Ko Lo Bak,24 April 2021,2025-07-04 21:33:13
"Wok Noodle, Galaxy Mall",V****** A** P******,7 September 2015,3.0,need more sauce,Nasi Goreng Babi,21 Maret 2021,2025-07-04 21:33:13
"Wok Noodle, Galaxy Mall",D*** S*******,8 Agustus 2015,4.0,Porsi mi sedikit sekali,Nasi Goreng Finna - Mie Hokkian Basah,25 Januari 2021,2025-07-04 21:33:13
"Wok Noodle, Galaxy Mall",M****,21 Juli 2017,3.0,Nasi goreng nasinya setengah matang berasa makan beras goreng,Cap Cay Goreng/Kuah - Nasi Goreng Finna,25 Januari 2021,2025-07-04 21:33:13
"Wok Noodle, Galaxy Mall",N****,11 Maret 2017,2.0,kurang enak dan terlalu berminyak,Bihun Goreng,28 Desember 2020,2025-07-04 21:33:13
"Wok Noodle, Galaxy Mall",B***,22 Januari 2017,5.0,enak rasanya cuma tadi kotaknya rusak kena minyaknya. terima kasih.,Mie Goreng,17 Desember 2020,2025-07-04 21:33:13
"Wok Noodle, Galaxy Mall",C*****,24 Juli 2017,5.0,"kalo ns gr babinya pakai smoke sosia, meskipun  di dice setengan sosis aja biasanyaoaroma sama tastenya bakal lebih strong sama mantep.",Mie Goreng - Nasi Goreng Babi - Ko Lo Bak - Cap Cay Goreng/Kuah,4 September 2020,2025-07-04 21:33:13
"Wok Noodle, Galaxy Mall",C*****,24 Juli 2017,5.0,tumben porsi mienya ga sebanyak biasanya,Ko Lo Bak - Fuyung Hai - Mie Goreng - Ayam Limau - Nasi Goreng Finna,16 Maret 2020,2025-07-04 21:33:13
"Wok Noodle, Galaxy Mall",L***,4 September 2016,5.0,Nasi goreng agak pedas,Cap Cay Goreng / Kuah - Nasi Goreng WOK,28 November 2019,2025-07-04 21:33:13
"Wok Noodle, Galaxy Mall",A****** D*****,2 Juli 2016,3.0,"Harga tidak update, driver udah nunggu lama baru dibilang ada pesanan yg ga ada :(",Udang Gulung Mayonaise - Fuyung Hai - Sapo Tofu,3 November 2019,2025-07-04 21:33:13
"Wok Noodle, Galaxy Mall",S****,6 Agustus 2015,4.0,update harga pls,N/A,22 Juli 2019,2025-07-04 21:33:13
"Wok Noodle, Galaxy Mall",I*****,20 Desember 2017,5.0,enaaaakkkkkkk polllllll,N/A,19 April 2019,2025-07-04 21:33:13
"Wok Noodle, Galaxy Mall",I**** P**********,9 September 2015,3.0,beda rasanya dengan mkn disana.porsinya sedikit sekali,N/A,3 Maret 2019,2025-07-04 21:33:13
"Wok Noodle, Galaxy Mall",M*****,4 November 2015,3.0,Nasi nya terlalu banyak minyak,N/A,5 Maret 2019,2025-07-04 21:33:13
"Wok Noodle, Galaxy Mall",M*****,4 November 2015,2.0,Masak sayurnya kurang matang,N/A,31 Januari 2019,2025-07-04 21:33:13
"Wok Noodle, Galaxy Mall",M*****,4 November 2015,2.0,Wortel masih mentah,N/A,14 Agustus 2018,2025-07-04 21:33:13
"Wok Noodle, Galaxy Mall",G*** O***,24 Agustus 2015,4.0,"Sudah dipesan TANPA BAWANG2, MASIH AJA DIKASIH BAWANG PUTIH BESAR2!!!",N/A,31 Mei 2018,2025-07-04 21:33:13
"Baskin Robbins, Galaxy Mall",Yohanes,10 Desember 2015,3.0,Tidak diberikan sendok,B1G1 Best Deal - 2 Value Scoop,13 Mei 2024,2025-07-04 21:33:34
"Baskin Robbins, Galaxy Mall",Y**,25 Maret 2017,5.0,234 dpt 3 pint😍 es nya fresh tpesen dr sejam lalu dimakan di kamar smpe skrg ga gampang leleh kaya baskin biasanya tumbenn👍🏻,Pint Festival - Disc Up To 64%,1 Mei 2024,2025-07-04 21:33:34
"Baskin Robbins, Galaxy Mall",Y**,25 Maret 2017,5.0,Pint+quarts 246rb😍,PINT FESTIVAL - Fabulous Deal Quart`,27 April 2024,2025-07-04 21:33:34
"Baskin Robbins, Galaxy Mall",P****,27 Desember 2017,3.0,banyak yang kosonggg hmmm harusnya ga ditulis kalo gak adaaaaaa,6 Single Scoop + 2 Toping - 6 Single Scoop + 2 Toping,8 September 2023,2025-07-04 21:33:34
"Baskin Robbins, Galaxy Mall",Yohanes,10 Desember 2015,1.0,Salah posisi anhkat jd eskrim berantakan,6 Single Scoop + 2 Toping,14 Mei 2023,2025-07-04 21:33:34
"Baskin Robbins, Galaxy Mall",tasya,13 April 2018,5.0,enaaaaaak bangettttt,1 Pint,19 Oktober 2022,2025-07-04 21:33:34
"Baskin Robbins, Galaxy Mall",Novi sutanto,9 Februari 2022,2.0,"TOLONG YA BUAT PEGAWAINYA BASKIN ROBINS JANGAN KETERLALUAN.MENTANG"" PROMO...ISI PER CUP GAK PENUH MALAH DI BAWAH STANDART. TOLONG YA KASIH PELAYANAN YG SEMESTINYA.",6 Single Scoop + 2 Add On Chocolate Chip Rainbow + 1 Bag Foil Kecil,22 Oktober 2022,2025-07-04 21:33:34
"Baskin Robbins, Galaxy Mall",S*****,19 Februari 2019,5.0,"enakkk, udh bbrp kali beli hehe~ Dann ada promo, jadi aku beli lagi wkwk",1 Pint,22 Agustus 2022,2025-07-04 21:33:34
"Baskin Robbins, Galaxy Mall",S****,23 Mei 2017,5.0,"bagus, cm cs gojek nya gak enak, mau cancel krn kejauhan, mau ganti dr yg outlet yg lbh dkt, chat sdh ditutup ...kok tdk ramah githu",1 Pint -  Serbu (Pint Seratus Ribu),19 Juni 2022,2025-07-04 21:33:34
"Baskin Robbins, Galaxy Mall",Arsheny,17 Juni 2020,5.0,the taste very nice,Half Gallon,27 Maret 2022,2025-07-04 21:33:34
"Baskin Robbins, Galaxy Mall",A******** W*****,29 Oktober 2021,1.0,salah rasa yang dikirim,2 Single Scoop - Double Scoop Cup,28 Februari 2022,2025-07-04 21:33:34
"Baskin Robbins, Galaxy Mall",K****** A***,5 Desember 2016,5.0,"pelayanan nya sangat ramah, favorit yang cotton candy, kemasan aman dan diberi dry ice, jadi tahan sampai dirumah, thank you",2 Single Scoop,26 Februari 2022,2025-07-04 21:33:34
"Baskin Robbins, Galaxy Mall",novi,27 Juli 2018,2.0,SCOOP NYA JANGAN DI KURANGI WOI !!!! PEGAWAINYA GAK BERES !!!,2 Single Scoop - 2 Single Scoop,21 Februari 2022,2025-07-04 21:33:34
"Baskin Robbins, Galaxy Mall",A***,8 Desember 2015,5.0,"tambahin diskonnya min, kalo rasa mah enak banget",Pint,5 Desember 2021,2025-07-04 21:33:34
"Baskin Robbins, Galaxy Mall",A***,5 Agustus 2015,5.0,enak mantap suegerrrr banget bos,Half Gallon - Fresh Pack,29 Agustus 2021,2025-07-04 21:33:34
"Baskin Robbins, Galaxy Mall",A***** T******,2 Juli 2016,1.0,"packaging diletakkan karyawan Baskin Robbins dengan terbalik, sehingga ice cream saya hampir tumpah & semua rasa tercampur. Sangat mengecewakan",Quart - Fresh Pack,6 Juni 2021,2025-07-04 21:33:34
"Baskin Robbins, Galaxy Mall",A***** H*****,10 Februari 2016,5.0,jenis eskrimnya lumayan lengkap 🖒,Half Gallon - Fresh Pack,31 Mei 2021,2025-07-04 21:33:34
"Baskin Robbins, Galaxy Mall",R**** C B***,22 Desember 2019,5.0,sendoknya jgn sering tertinggal yaa,1 Fresh pack Pint + 1 Single Scoop Cup,9 September 2020,2025-07-04 21:33:34
"Baskin Robbins, Galaxy Mall",D*** S***,30 Oktober 2015,5.0,Mbak counter nya baik banger dan helpfull,Round Cake Mini,12 Agustus 2020,2025-07-04 21:33:34
"Baskin Robbins, Galaxy Mall",R**** C B***,22 Desember 2019,5.0,suka lupa dkasih sendok,Fresh Pack Pint + 1 Single Scoop Cup,9 Agustus 2020,2025-07-04 21:33:34
A&W Mall Galaxy,J****,28 Januari 2016,2.0,super lama siapinnya dan jd dingim,"SUPER - 3 Aroma Chicken, Fries, Soup & Chic Chunks",13 Mei 2025,2025-07-04 21:34:03
A&W Mall Galaxy,Haryadi,9 Januari 2017,2.0,"ga seperti biasanya.. 1 dingin 1 hangat
ayamnya keras banget, sampe gigi jadi kerasa sakit 😅
packing juga kurang baik, ga aman, kantung kresek terbuka/tanpa ties.",SUPER FriDeals - B1G1 Jumbo Chicken Sandwich,21 Juni 2024,2025-07-04 21:34:03
A&W Mall Galaxy,K**** P****,9 Juni 2018,4.0,Ada rasa aneh di kentangnya,Single Deluxe Burger - Duo Fries,4 Mei 2024,2025-07-04 21:34:03
A&W Mall Galaxy,Ayu Milasari,21 Agustus 2016,5.0,oke buged deh pokoknyw,"SUPER - 3 Aroma Chicken, Rice, Soup & Fries",25 April 2024,2025-07-04 21:34:03
A&W Mall Galaxy,C****** K***** W,13 Maret 2018,5.0,"Order udh hampir gm tutup , tapi masi di bikinkan yg baru 🙏🏻 walaupun bumbu tidak semenyerap biasanya , mungkin buru2, tp gpp thankyou sudah melayani",Golden Aroma Chicken,13 April 2024,2025-07-04 21:34:03
A&W Mall Galaxy,S******,28 April 2017,2.0,"saya pesan mozza 2, tp bacon nya ga ada di dua2nya.",Paket Kentang A - Mozza Burger - Golden Aroma Chicken - Mozza Burger,11 April 2024,2025-07-04 21:34:03
A&W Mall Galaxy,kanaya,28 Agustus 2022,3.0,telurnya ga mateng,"HHU 1 - Aroma Chicken, Rice & Egg",17 Desember 2023,2025-07-04 21:34:03
A&W Mall Galaxy,Marsella,2 November 2015,2.0,Saya pesan paket isi 5 yg mana seharusnya dapat 3 ayam uk besar & 2 kecil malah yang saya dapat 3 sayap & 2 ayam besar pedas semua lg yg besar pdhal sy cuma minta 1 yg pedas,AWESOME - 5 Aroma Chicken & FREE! Deluxe Burger,26 November 2023,2025-07-04 21:34:03
A&W Mall Galaxy,Muhammad Fachreza Rahmadian,5 Desember 2015,5.0,cocok ditambah satu potongan ayam,Blackpepper Mixbowl Chicken,17 November 2023,2025-07-04 21:34:03
A&W Mall Galaxy,A***** R********,1 Februari 2016,5.0,"sesuai dengan request, enak dan fresh",Spicy Aroma Chicken,2 Agustus 2023,2025-07-04 21:34:03
A&W Mall Galaxy,F******,20 Februari 2016,4.0,lama sekali prosesnya,Golden Aroma Chicken - Rice White,12 Mei 2023,2025-07-04 21:34:03
A&W Mall Galaxy,Hosana Setia,5 Mei 2018,4.0,sendok eskrim lupa,Paket Gratis 1 - Chicken - Sundae,15 Mei 2023,2025-07-04 21:34:03
A&W Mall Galaxy,Wangga Nugrahtama,12 Maret 2018,4.0,"wortel di sopnya kurang mateng,",Paket Gratis 2 - Chicken & Soup,7 Mei 2023,2025-07-04 21:34:03
A&W Mall Galaxy,A******,18 Agustus 2015,1.0,syrup waffle tumpah semua ketika digofood..mohon diperbaiki packagingnga,Waffle Regular - Butter - Paket Gratis 1 - Chicken - Golden Aroma Chicken,19 Januari 2023,2025-07-04 21:34:03
A&W Mall Galaxy,lulu kurniati,3 Mei 2019,4.0,agak menyayangkan minumannya gak dikasih. nasi yang harusnya gak ada (udah saya kasih tau di note) malah ada,Paket Gratis 3 - Chicken Chunks & Chicken,18 Desember 2022,2025-07-04 21:34:03
A&W Mall Galaxy,S***** F******* T****,11 Desember 2017,3.0,ayam terlalu kecil,DUO LOADED - Chicken and Beef,20 September 2022,2025-07-04 21:34:03
A&W Mall Galaxy,Istie Prasetyo,17 Januari 2018,4.0,ayamnya kurang kering gorengnya.setelah kami terima aga melempem,"SUPER - 4 Aroma Chicken, Chic Sandwich, Rice & RB",26 Agustus 2022,2025-07-04 21:34:03
A&W Mall Galaxy,I*** M****,28 April 2018,5.0,Gofood terus mantap enak sekali 👍👍👍👍👍❤️,"HHU 1 - Aroma Chicken, Rice & Egg - Waffle Regular - Butter",11 Mei 2022,2025-07-04 21:34:03
A&W Mall Galaxy,Jeremy,3 Mei 2020,5.0,delicious chicken,AWESOME - 6 Aroma Chicken & FREE! Mozza Burger,30 April 2022,2025-07-04 21:34:03
A&W Mall Galaxy,annie,14 September 2015,4.0,golden aroma.. kok warna nya agak  gosong ya. .. bukannya yg warna nya agak kuning...,"SUPER - 3 Aroma Chicken, Chic Soup, Rice & RB",21 April 2022,2025-07-04 21:34:03
A&W Mall Galaxy,anita,31 Maret 2016,5.0,fantanya tumpah,"SUPER - 4 Aroma Chicken, Deluxe Burger, Rice & RB",3 Februari 2022,2025-07-04 21:34:03
A&W Mall Galaxy,R******* Z***,12 Agustus 2015,4.0,"kok di kasih sayap semua.. pdhal g ada promo, masio beli online wong bayarnya sama.. jgn pelit2 donk ya.. 😊",MUSHROOM - Chicken & Steak - Paket Gratis 1 - Chicken,8 Januari 2022,2025-07-04 21:34:03
A&W Mall Galaxy,N******,10 Oktober 2017,4.0,Dikasi saus cabe 4biji tanpa saus tomat krn aku tulis note minta saus banyak. Coba ga tulis note biasanya dikasi saus cabe 2biji. Jangan pelit saus dong. Harganya a&w mahal masak dikasi saus 2biji pas beli paket robotoy. Uda 2x beli sama aja dikasi saus 2biji. Bungkus disegel krn aku tulis note minta disegel. Kemarin beli bungkusnya ga disegel. Harusnya selalu disegel tanpa diminta. Waffle uda dingin pas diterima,SUPER WednesDeals - Buy 1 Mozza Burger Get 1 FREE! Cheese Burger - Waffle Regular - Butter,8 Desember 2021,2025-07-04 21:34:03
A&W Mall Galaxy,N******,10 Oktober 2017,2.0,ayamnya kurang kriuk,"ROBOTOY - 2 Aroma Chicken, Rice & RB",7 Desember 2021,2025-07-04 21:34:03
A&W Mall Galaxy,I*** M****,28 April 2018,5.0,"Gofood terus mantap , enak sekali 👍👍👍",Waffle Regular - Butter - Perkedel - Paket Gratis 1 - Chicken,21 September 2021,2025-07-04 21:34:03
A&W Mall Galaxy,F****,20 Juli 2016,4.0,ada kesalahan di pilihan optionalnya mungkin bisa diberikan catatan dipilihannya biar tidak terjadi miskom lagi,AWESOME - 5 Aroma Chicken & FREE! Fish Sandwich,12 September 2021,2025-07-04 21:34:03
A&W Mall Galaxy,M*****,15 Oktober 2015,5.0,always enjoy waffle choco ice cream in every single A&W they really maintenance the quality therefore it taste same in the airport in the shopping mall thanks A&w for lighter my day,Waffle Regular - Ice Cream,4 Agustus 2021,2025-07-04 21:34:03
A&W Mall Galaxy,A**********,27 Januari 2017,5.0,mantap banget old but gold,"HHU 1 - Aroma Chicken, Rice & Egg",9 Agustus 2021,2025-07-04 21:34:03
A&W Mall Galaxy,J**** T******,24 April 2016,3.0,1 order is missing (Mountain Sundae) / order not complete,Karaage Chicken 4pcs with Mayo Dip - Fish Sandwich - Blackpepper Mixbowl Chicken - HOT Green Tea Latte 12 - Mountain Sundae - HOT Caramel Macchiato 12,17 Mei 2021,2025-07-04 21:34:03
A&W Mall Galaxy,M* I**** B*****,30 Mei 2019,4.0,gak ada sedotannya gimana sih mungkin kurang teliti,RB Jumbo,15 Januari 2021,2025-07-04 21:34:03
A&W Mall Galaxy,K****** I*****,3 Maret 2019,2.0,Put tomato sauce,French Fries,24 Januari 2020,2025-07-04 21:34:03
A&W Mall Galaxy,E** S******,5 Agustus 2015,1.0,gak ada cup rb large buka anhkringan aja jgn resto,RB Jumbo,2 Desember 2019,2025-07-04 21:34:03
A&W Mall Galaxy,S***** B*** Y****,15 Juli 2015,1.0,"Tidak sesuai yang di pesan, packaging tidak rapi",N/A,1 Agustus 2018,2025-07-04 21:34:03
A&W Mall Galaxy,A******,21 Desember 2016,3.0,ayamnya asin sekali,N/A,14 Juli 2018,2025-07-04 21:34:03
"Pizza Hut Ristorante, Galaxy Mall Dua",vyna,30 Desember 2017,5.0,enak pizza hut lah gk bisa di lawan,Big Box,1 Februari 2025,2025-07-04 21:34:34
"Pizza Hut Ristorante, Galaxy Mall Dua",B***********,11 Agustus 2015,1.0,"KECEWA BANGETTTT, jadi orang kok gegabah ga nunggu respon DARI CUSTOMER uda tau cheesybitenya HABIS masih aja maksa ga di cancel otomatis malah ngide di ganti yg sosis DARI HARGA AJA UDA BEDA APALAGI RASA!!! harga aja lebih mahal cheesybite tapi ga di kasih kembalian!! ini posisi saya lagi HAMIL PINGIN BANGET CHEESYBITE MALAH DIKASIH PINGGIRAN SOSIS 😡🤬",PAN Personal Pizza - PAN Regular Pizza,27 Juli 2024,2025-07-04 21:34:34
"Pizza Hut Ristorante, Galaxy Mall Dua",Putra,8 Februari 2017,1.0,overprice terlalu mahal .. jadi kurang bisa menikmati,QU4RTZA,20 Juli 2024,2025-07-04 21:34:34
"Pizza Hut Ristorante, Galaxy Mall Dua",M Faiz BRELYAN P,13 Juni 2021,5.0,"telat memilih driver, tapi lain kali jangan di ulangin lagi🙏",L1MO 6 Topping,25 Juni 2024,2025-07-04 21:34:34
"Pizza Hut Ristorante, Galaxy Mall Dua",Renatta,12 April 2016,5.0,mantaaap chef & pizza hut team,3 Melts Pizza,18 November 2023,2025-07-04 21:34:34
"Pizza Hut Ristorante, Galaxy Mall Dua",N*****,29 September 2017,1.0,"semua nya serba minimalis tiap lapisan pizza nya padahal tiap pesan di aplikasi/ web pizza hut selalu datang yg memuaskan, kali ini coba lewat gofood dateng nya sangat minimalis tidak seperti biasanya",Double Box Black,7 Oktober 2023,2025-07-04 21:34:34
"Pizza Hut Ristorante, Galaxy Mall Dua",Ardhi Sam,20 Agustus 2020,5.0,"pizza mantabb, rasa variasi",Quartza Pizza,28 Juli 2023,2025-07-04 21:34:34
"Pizza Hut Ristorante, Galaxy Mall Dua",P******* S******,17 September 2017,4.0,"cheese beef fusili nya asinnn sekaliiiii, cheese roll nya enak",Cheese Beef Fusilli - Cheese Rolls,8 April 2023,2025-07-04 21:34:34
"Pizza Hut Ristorante, Galaxy Mall Dua",aldy,10 Mei 2022,1.0,Milkshake tidak sesuai gambar dan saat makan di resto size nya. dikemas dengan gelas pelastik kecil (360ml) seperti beli teh manis dari kantin anak SD,PAN Regular Pizza - Chocolate Milkshake - Oriental Chicken Rice,18 Maret 2023,2025-07-04 21:34:34
"Pizza Hut Ristorante, Galaxy Mall Dua",Ella Dwi Safitri,14 Februari 2023,4.0,fastrespon banget semoga ditingkt kan lgi,TRIPLE HEPI,9 Maret 2023,2025-07-04 21:34:34
"Pizza Hut Ristorante, Galaxy Mall Dua",B****,4 Februari 2017,3.0,Kok bisa saya pesen gofood tidak di segel sama sekali dan tidak di ikat tali rafia sama sekali padahal biasanya selalu di ikat gmn keamanan nya ini pizza hut,PAN Large Pizza,1 Januari 2023,2025-07-04 21:34:34
"Pizza Hut Ristorante, Galaxy Mall Dua",A****,10 Desember 2017,5.0,Thank you for good communication !,PAN Personal Pizza,19 Desember 2022,2025-07-04 21:34:34
"Pizza Hut Ristorante, Galaxy Mall Dua",O********,5 Desember 2018,3.0,pesan cheese ball yang dateng nugget,My Box Pasta/Rice,17 September 2022,2025-07-04 21:34:34
"Pizza Hut Ristorante, Galaxy Mall Dua",Rendy Cahyo Dwi Trisdyanto,21 Juni 2017,5.0,mantab makanannya... i love it,Pizza Merah Putih,20 Agustus 2022,2025-07-04 21:34:34
"Pizza Hut Ristorante, Galaxy Mall Dua",S**** H**,17 September 2015,1.0,kenapa tidak di info klu tidak bisa request,Green Salad,10 Juli 2022,2025-07-04 21:34:34
"Pizza Hut Ristorante, Galaxy Mall Dua",Laura anggun,7 Februari 2022,5.0,enakk bangettt pokoknyaa,Regular Pizza,26 Juni 2022,2025-07-04 21:34:34
"Pizza Hut Ristorante, Galaxy Mall Dua",Sri Ningsih,23 Februari 2022,5.0,maaf Bru pertama nyobain tp enk koook🤭🤭makasih,My Box,23 Mei 2022,2025-07-04 21:34:34
"Pizza Hut Ristorante, Galaxy Mall Dua",M****** Y****,13 Juli 2015,5.0,Mantaaf babang gojeknya,L1MO Pizza + 2 SoftDrink,13 Mei 2022,2025-07-04 21:34:34
"Pizza Hut Ristorante, Galaxy Mall Dua",C******,25 Juni 2015,4.0,Harga nya kok naik,Double Box Regular Pan + 2 Softdrink,23 April 2022,2025-07-04 21:34:34
"Pizza Hut Ristorante, Galaxy Mall Dua",deny,3 September 2016,5.0,"mantap saya suka, lain kali sisipin saus tomat nya ya, jangan saus sambal semua",Paket Box Double Box Regular,27 Februari 2022,2025-07-04 21:34:34
"Pizza Hut Ristorante, Galaxy Mall Dua",N******,9 November 2021,5.0,This taste of pizza was my favourite!,Personal Pizza - Frestea,11 Februari 2022,2025-07-04 21:34:34
"Pizza Hut Ristorante, Galaxy Mall Dua",achmad fauzi R. ST,6 November 2017,4.0,Menu minuman tidak sesuai dengan yang di aplikasi ( tidak lengkap ),BOGO Juice - Regular Splitza,2 Februari 2022,2025-07-04 21:34:34
"Pizza Hut Ristorante, Galaxy Mall Dua",Aylin,5 Agustus 2015,5.0,Cm yg kali ini saladnya porsinya lebih sedikit dr biasanya,Fresh Buah - Cheese Rolls,17 Januari 2022,2025-07-04 21:34:34
"Pizza Hut Ristorante, Galaxy Mall Dua",W**** A**,15 November 2015,3.0,mac n chessee kejunya cmn syarat doang,My Box - My Box,19 Desember 2021,2025-07-04 21:34:34
"Pizza Hut Ristorante, Galaxy Mall Dua",C********,15 Februari 2016,1.0,"pegawai tidak ramah
order tidak lengkap",My Box - Garlicheese Bread,15 November 2021,2025-07-04 21:34:34
"Pizza Hut Ristorante, Galaxy Mall Dua",H******* R****,5 September 2015,5.0,mantab dapet promoan dr gojek jd lebih murah daripada beli lgsg,L1MO PIZZA - BOGO Juice - Garlic Bread - Garlicheese Bread,25 Oktober 2021,2025-07-04 21:34:34
"Pizza Hut Ristorante, Galaxy Mall Dua",R******,14 September 2015,4.0,Minta tomat tapi ga dikasi sama sekali,Paket Box Double Box Large,20 Agustus 2021,2025-07-04 21:34:34
"Pizza Hut Ristorante, Galaxy Mall Dua",A******* N***,29 Februari 2020,5.0,"Perfecto👌
Good service, delicious, and nice experience",Paket Box Double Box Regular,26 Juni 2021,2025-07-04 21:34:34
"Pizza Hut Ristorante, Galaxy Mall Dua",S******,31 Juli 2017,4.0,karyawan perempuan tidak ramah,Beef Lasagna,19 Juni 2021,2025-07-04 21:34:34
"Pizza Hut Ristorante, Galaxy Mall Dua",T*****,13 Oktober 2015,4.0,"satu topping salah, lain kali lebih teliti",L1MO PIZZA,17 April 2021,2025-07-04 21:34:34
"Pizza Hut Ristorante, Galaxy Mall Dua",B**** P********,11 Juni 2015,1.0,Horrible pick up experience. Food only made after customer arrived and not made directly once ordered from gofood. Lost time in waiting food getting prepared and I won’t order pick up again here if it doesn’t have any advantage than I order physically at the merchant.,Beef Spaghetti - Beef Lasagna,14 April 2021,2025-07-04 21:34:34
"Pizza Hut Ristorante, Galaxy Mall Dua",S*****,12 Agustus 2015,5.0,tidak dikaaih saus mayonaise,Double Box Regular,26 Desember 2020,2025-07-04 21:34:34
"Pizza Hut Ristorante, Galaxy Mall Dua",S*****,10 November 2019,5.0,"saosnya krg banyak..beli 2 kotak reguler dpt saos cm 4,",Double Box Regular Stuffed Crust Krakatau Burst,22 November 2020,2025-07-04 21:34:34
"Pizza Hut Ristorante, Galaxy Mall Dua",J*** I******* C******* 5,22 April 2020,2.0,masak masakan gosong tetep d kasihkan.walau harga promo tolong tetep di perhatikan masalah kwalitas makanannya.jangan asal asal gitu.mengecewakan order kali ini.,Triple Hepi - Beef Spaghetti,9 November 2020,2025-07-04 21:34:34
"Pizza Hut Ristorante, Galaxy Mall Dua",W****,23 Oktober 2016,4.0,"kualitas pemotongan tidak sama, saos tomat tidak ada..",Triple Hepi - Garlicheese Bread,4 November 2020,2025-07-04 21:34:34
"Pizza Hut Ristorante, Galaxy Mall Dua",S**** S*******,9 April 2017,4.0,Notifikasi pesanan di resto tdk ada setelah kita datang baru di proses,N/A,20 September 2020,2025-07-04 21:34:34
"Pizza Hut Ristorante, Galaxy Mall Dua",J****** T******* K***********,23 Januari 2020,5.0,I enjoyed every bite of it! The bread was so good that I will buy from this branch again instead of the one near my location,Regular Pizza,31 Juli 2020,2025-07-04 21:34:34
"Pizza Hut Ristorante, Galaxy Mall Dua",A**** W*****,22 Desember 2016,5.0,makin cinta....,Double Box Reguler,22 Juli 2020,2025-07-04 21:34:34
"Pizza Hut Ristorante, Galaxy Mall Dua",S*****,18 November 2019,5.0,"terima kasih pizza hut , rsa nya Muantap buanget",Black Stuffed Crust Pizza Personal Meat Monsta,4 Maret 2020,2025-07-04 21:34:34
"Pizza Hut Ristorante, Galaxy Mall Dua",S*******,16 Juli 2017,1.0,Ayam nya keras,Soup of Day - Oriental Chicken Rice - Nacho Cheese,28 November 2019,2025-07-04 21:34:34
"Pizza Hut Ristorante, Galaxy Mall Dua",A***** R********,1 Februari 2016,3.0,"yang saya pesan black garlic bread tapi yang dateng malah puff pastry cream soup, dan saya gak nemu receipt. cheesebombnya bagus sih.",Cheese Boms Crust Pizza Personal Tuna Melt - Potato Wedges - Black Garlice Bread,9 November 2019,2025-07-04 21:34:34
"Pizza Hut Ristorante, Galaxy Mall Dua",T****** T****,19 Juli 2019,4.0,porsinya kurang hehehe,Black Pan Pizza Personal Meat Monsta,2 November 2019,2025-07-04 21:34:34
"Pizza Hut Ristorante, Galaxy Mall Dua",R****,27 Februari 2019,5.0,pizza hut is the best 👌,N/A,15 Agustus 2019,2025-07-04 21:34:34
"Pizza Hut Ristorante, Galaxy Mall Dua",L*** W*****,7 Agustus 2015,5.0,Enak banget cuma antrinya se-jam 🤦,N/A,14 Agustus 2019,2025-07-04 21:34:34
"Pizza Hut Ristorante, Galaxy Mall Dua",V***,12 Maret 2016,1.0,"harusnya lebih sausnya, pasta jadi kering dan HAMBAR",N/A,2 Agustus 2019,2025-07-04 21:34:34
"Pizza Hut Ristorante, Galaxy Mall Dua",R********,18 Januari 2017,1.0,Rasa pizza hut yg ini gak enak sama sekali sampai gak ada yg mau makan 😪,N/A,7 Maret 2019,2025-07-04 21:34:34
"Pizza Hut Ristorante, Galaxy Mall Dua",J** J******,21 Januari 2017,4.0,Tidak ada saus tomat dan saus sambal nya,N/A,22 Februari 2019,2025-07-04 21:34:34
"Pizza Hut Ristorante, Galaxy Mall Dua",N******,7 Oktober 2015,1.0,Saus sambal tidak sesuai dengan pizza. Large pizza sambalnya cm 1 sachet yg small.,N/A,25 Agustus 2018,2025-07-04 21:34:34
"Pizza Hut Ristorante, Galaxy Mall Dua",F****,1 Juli 2016,3.0,sampe tempat sudah dingin pizza nya,N/A,5 Juli 2018,2025-07-04 21:34:34
"Pizza Hut Ristorante, Galaxy Mall Dua",P*****,30 September 2015,4.0,"took too long to deliver , the restaurant was 500 mtrs from where I was staying",N/A,7 Juli 2018,2025-07-04 21:34:34
"Pizza Hut Ristorante, Galaxy Mall Dua",A*****,3 Juli 2017,1.0,Makanan saya tidak dikirimkan oleh driver tapi sudah dibilang “completed”. Saya kecewa karna gopay saya hangus karena itu. Tapi terima kasih gojek setelah sy telfon call centernya gojek mengganti gopay saya seharga biaya gofood yg hangus tadi👏,N/A,20 Mei 2018,2025-07-04 21:34:34
"Spesial Belut Surabaya, Kapas Krampung",prisca,4 Mei 2016,1.0,saya pesan menggunakan cobek tapi malah di dus kecil ...pdhl harga yg saya pilih harga yg menggunakan cobek,Pecel Belut Kering,21 Juni 2025,2025-07-04 21:35:07
"Spesial Belut Surabaya, Kapas Krampung",Eko Pramono,5 Oktober 2019,5.0,sip pool enak pool,Pecel Belut Elek Kering Tanpa Cobek,2 Juni 2025,2025-07-04 21:35:07
"Spesial Belut Surabaya, Kapas Krampung",wiwik handayani,17 Juni 2019,1.0,nasinya tadi dingin dan keras  tolong kalau beli lagi dikasih yang panas y mbk ....sambalnya agak asin tadi gak kayak biasanya mantap makasih,Nasi Putih - Pecel Belut Biasa - Nasi + Ayam Kampung + Tahu/Tempe,23 Mei 2025,2025-07-04 21:35:07
"Spesial Belut Surabaya, Kapas Krampung",J******,2 Agustus 2015,1.0,"pesanan yg dikirim tidak sesuai, seharusnya saya pesna telur penyet dikasih tahu penyet",Bakwan Penyet - Ayam Penyet - Tempe Penyet - Telur Penyet - Cah Kangkung,3 Mei 2025,2025-07-04 21:35:07
"Spesial Belut Surabaya, Kapas Krampung",A***** R*****,7 Agustus 2019,5.0,bintang 5 dong yang ini! masakan enak dan sesuai request. semoga bisa naik gaji chef nya yaa! the best.,Pecel Belut Kering - Nasi Putih - Tahu Penyet - Kerupuk Putih - Lele Penyet,19 April 2025,2025-07-04 21:35:07
"Spesial Belut Surabaya, Kapas Krampung",tiara yuniar,14 Mei 2018,5.0,"Untuk rasa semuanya enak, lagi beruntung dapet cobek hehe, tapi saran ajasih kak kalau sambalnya dipisah aja, jangan digabung. Bocor semua soalnya, sayang banget mubazir 🥲",Pecel Belut Kering,9 April 2025,2025-07-04 21:35:07
"Spesial Belut Surabaya, Kapas Krampung",A***** R*****,7 Agustus 2019,3.0,"belutnya asin, sambelnya rasanya tomat padahal pesen sangat pedas, semoga bisa ditingkatkan.",Pecel Belut Kering - Nasi Putih - Tahu Penyet - Es Jeruk Nipis,2 Maret 2025,2025-07-04 21:35:07
"Spesial Belut Surabaya, Kapas Krampung",A***** R*****,7 Agustus 2019,5.0,sesuai pesanan banget! rekomended,Pecel Belut Kering - Nasi Putih - Tahu Penyet - Kerupuk Putih,13 November 2024,2025-07-04 21:35:07
"Spesial Belut Surabaya, Kapas Krampung",luh suastiti,9 November 2016,4.0,lalapannya dicampur jadi pada layu dan menghitam,Pecel Belut Kering Tanpa Cobek,5 November 2024,2025-07-04 21:35:07
"Spesial Belut Surabaya, Kapas Krampung",Luluk Safira,10 Februari 2018,5.0,"ayam kampungnya enakk apalagi sambele juara banget, juara umum, lagian Ini lucu bgt kenapa dapet se cobek cobeknya hahahaha ngakak semaleman, bayangno gmn kl dpt orderan 10 biji sambelan opo gk modar gojeke 🤣🤣🤣 besok beli lagi kasih cobek lagi ya! 🤣🤣🤣🤣",Ayam Penyet,21 Oktober 2024,2025-07-04 21:35:07
"Spesial Belut Surabaya, Kapas Krampung",A***** R*****,7 Agustus 2019,5.0,tepat sesuai pesanan. rasa nggak mengecewakan. maknyus!,Pecel Belut Kering - Nasi Putih - Tahu Penyet - Kerupuk Putih - Es Jeruk Nipis,17 Oktober 2024,2025-07-04 21:35:07
"Spesial Belut Surabaya, Kapas Krampung",A***** R*****,7 Agustus 2019,5.0,kali sesuai pesanan banget. rasa enak dan bikin nagih.,Pecel Belut Kering - Nasi Putih - Tahu Penyet,22 Agustus 2024,2025-07-04 21:35:07
"Spesial Belut Surabaya, Kapas Krampung",elin,26 Agustus 2017,5.0,Sambalnya enak pol 👍🏻,Nasi + Lele + Tahu/Tempe,19 Agustus 2024,2025-07-04 21:35:07
"Spesial Belut Surabaya, Kapas Krampung",D***** S********,20 Mei 2016,1.0,"kalau mau coba karena merek ini, mending cari cabang lain, yang ini gak sama standard nya",Pecel Belut Elek Basah Tanpa Cobek - Nasi Putih,13 Agustus 2024,2025-07-04 21:35:07
"Spesial Belut Surabaya, Kapas Krampung",tisha,8 November 2019,2.0,lama sekalii pelayanannya telat lama,Pecel Belut Kering - Pecel Belut Elek Kering,5 Juli 2024,2025-07-04 21:35:07
"Spesial Belut Surabaya, Kapas Krampung",Syaiful Arifin,28 Mei 2020,5.0,"Sambel nyaa maknyusss tp kurang banyak sambel nya
sukak dengan masakan nya 👌",Ayam Penyet - Pecel Belut Kering,22 Mei 2024,2025-07-04 21:35:07
"Spesial Belut Surabaya, Kapas Krampung",F**** B******** A***,2 Juli 2023,5.0,mantap rasanya akan beli lagi,Pecel Belut Elek Kering - Nasi Putih,11 Mei 2024,2025-07-04 21:35:07
"Spesial Belut Surabaya, Kapas Krampung",imey,26 Juni 2017,3.0,untuk belut nya enak.. untuk sambel nya minta pedas malah di ksi gk pedas blasss tomat tok..,Pecel Belut Kering - Cah Kangkung,27 April 2024,2025-07-04 21:35:07
"Spesial Belut Surabaya, Kapas Krampung",A***** R*****,7 Agustus 2019,2.0,"ngga sesuai pesanan. minta belut dan bawangnya di goreng kering malah masih basah. minta sambelnya pedes malah gak pedes sama sekali. memang sering gak konsisten juga soal rasa kalau disini. padahal sering makan disana dan sebtulnya enak. tapi sering kalau beda orang yg masak, beda rasanya. semoga bisa diperbaiki ke depannya.",Pecel Belut Kering - Nasi Putih - Tahu Penyet - Es Teh Manis,17 Maret 2024,2025-07-04 21:35:07
"Spesial Belut Surabaya, Kapas Krampung",J***** R*********,8 Oktober 2022,3.0,saya pesen sambel pedes tp yg Dateng kurang pedes terlalu banyak tomat,Pecel Belut Kering Tanpa Cobek - Nasi Putih,21 Februari 2024,2025-07-04 21:35:07
"Spesial Belut Surabaya, Kapas Krampung",ira,13 Maret 2019,2.0,belutnya ada rasa paitnya dan kurang gurih biasanya enak 🙏🙏🙏,Pecel Belut Elek Biasa - Cah Kangkung,18 Februari 2024,2025-07-04 21:35:07
"Spesial Belut Surabaya, Kapas Krampung",Y******* P****** R****,11 Oktober 2017,2.0,"Belutnya kelembekan tidak seperti biasanya, bawang juga masih basah, sambal dapatnya dikit sekali. Saya langganan tapi baru ini dapat kualitas yang mengecewakan tidak seperti biasanya",Pecel Belut Biasa - Pecel Belut Elek Biasa,8 Februari 2024,2025-07-04 21:35:07
"Spesial Belut Surabaya, Kapas Krampung",L****,21 Juni 2017,1.0,"Nasi Putih tidak enak rasanya, bakwan lele jg sama gk enak",Nasi + Lele + Tahu/Tempe - Nasi + Bakwan + Tahu/Tempe - Nasi Putih - Tahu Penyet,30 Januari 2024,2025-07-04 21:35:07
"Spesial Belut Surabaya, Kapas Krampung",ira,13 Maret 2019,3.0,sambelnya kurang mantab 🙏🙏,Pecel Belut Biasa Tanpa Cobek - Tahu Penyet - Cah Kangkung,19 Januari 2024,2025-07-04 21:35:07
"Spesial Belut Surabaya, Kapas Krampung",G***,20 Agustus 2021,5.0,"Top, sambelnya kurang",Pecel Belut Elek Basah - Nasi Putih,30 Desember 2023,2025-07-04 21:35:07
"Spesial Belut Surabaya, Kapas Krampung",N*** S***,14 November 2016,3.0,"saya pesan belut biasa, yg dtg belut kering banget. mana bawangnya pada gosong 🥲 semoga ke depan bs improve",Pecel Belut Biasa,8 November 2023,2025-07-04 21:35:07
"Spesial Belut Surabaya, Kapas Krampung",Ellena Tasya,27 Mei 2023,3.0,sambal agak asin,Pecel Belut Elek Basah - Tempe Penyet,20 Oktober 2023,2025-07-04 21:35:07
"Spesial Belut Surabaya, Kapas Krampung",Y******* P****** R****,11 Oktober 2017,5.0,Kemasannya jangan mika dong🥲 tp untuk rasa dan sambelnya juara👍🏻,Pecel Belut Biasa Tanpa Cobek - Pecel Belut Elek Biasa Tanpa Cobek,2 Agustus 2023,2025-07-04 21:35:07
"Spesial Belut Surabaya, Kapas Krampung",joko supramono,7 Januari 2020,5.0,"rasanya enak
terimakasih",Belut Saos Inggris,18 Juni 2023,2025-07-04 21:35:07
"Spesial Belut Surabaya, Kapas Krampung",C********* R****,14 September 2015,2.0,"Saya penggemar Belut. Pesennya belut biasa, n digoreng setengah basah n gak kering. Tapi ini digoreng kering. Saya gak suka. Tolong diperhatikan aoa pesanan orang.",Pecel Belut Biasa,16 Juni 2023,2025-07-04 21:35:07
"Spesial Belut Surabaya, Kapas Krampung",dian,1 Desember 2017,4.0,mantuuuulllllll,Pecel Belut Elek Kering - Nasi Putih - Es Beras Kencur,2 Juni 2023,2025-07-04 21:35:07
"Spesial Belut Surabaya, Kapas Krampung",LIA MANIS,1 April 2023,5.0,enk dn pedas ny mantap,Nasi + Belut + Tahu/Tempe - Pecel Belut Kering,27 April 2023,2025-07-04 21:35:07
"Spesial Belut Surabaya, Kapas Krampung",yudha,5 Mei 2018,5.0,terimakasih.... Recommended pokokny,Pecel Belut Elek Biasa Tanpa Cobek,4 April 2023,2025-07-04 21:35:07
"Spesial Belut Surabaya, Kapas Krampung",Ali Sofiri,1 Agustus 2017,5.0,Mantap banget makanannya,Ayam Penyet - Pecel Belut Kering,1 April 2023,2025-07-04 21:35:07
"Spesial Belut Surabaya, Kapas Krampung",W**** A**** W*****,27 Agustus 2015,2.0,"Maaf rasanya gak seperti biasanya. Kurang fresh, kyak belut yang udah nginep",Pecel Belut Elek Kering,13 Maret 2023,2025-07-04 21:35:07
"Spesial Belut Surabaya, Kapas Krampung",A***,3 Agustus 2017,3.0,belutnya makin mahal makin sdikit,Pecel Belut Kering,5 Maret 2023,2025-07-04 21:35:07
"Spesial Belut Surabaya, Kapas Krampung",ira,13 Maret 2019,2.0,sambelnya terlalu asin kyk mkn garam tolong di incip dl ya kak,Pecel Belut Biasa Tanpa Cobek,10 Februari 2023,2025-07-04 21:35:07
"Spesial Belut Surabaya, Kapas Krampung",ira,13 Maret 2019,3.0,sambelnya kebanyakan tomat,Nasi Putih - Pecel Belut Biasa Tanpa Cobek - Terong Penyet,28 Desember 2022,2025-07-04 21:35:07
"Spesial Belut Surabaya, Kapas Krampung",ali,5 Februari 2017,1.0,Maaf bawangnya kenapa gosyong jadi pahit hiks hiks,Pecel Belut Kering - Pecel Belut Basah Tanpa Cobek,9 Desember 2022,2025-07-04 21:35:07
"Spesial Belut Surabaya, Kapas Krampung",Galoh Wibowo Ari,5 Desember 2018,5.0,mantap rasanya mantap sekali,Pecel Belut Biasa - Pecel Belut Kering - Nasi Putih - Es Teh Manis,23 September 2022,2025-07-04 21:35:07
"Spesial Belut Surabaya, Kapas Krampung",abi,25 Oktober 2021,1.0,COBEKNYA GAK ADA.,Cah Kangkung - Pecel Belut Basah - Pecel Belut Kering,10 Juni 2022,2025-07-04 21:35:07
"Spesial Belut Surabaya, Kapas Krampung",Riki Rinaldi,11 Desember 2018,3.0,sbs krampung entah kenapa ada aja yg kurang. smbel udh lmayan d bnding yg kmrin. sekarang nasi g ada hangat2nya dingin pol. padahal deket krmpung,Pecel Belut Elek Kering - Nasi Putih - Tempe Penyet,25 Mei 2022,2025-07-04 21:35:07
"Spesial Belut Surabaya, Kapas Krampung",Adi Mas Muchid,1 September 2020,5.0,"Thanx's.
Masakan enak.",Nasi Putih - Pecel Belut Elek Kering Tanpa Cobek,20 Mei 2022,2025-07-04 21:35:07
"Spesial Belut Surabaya, Kapas Krampung",mariza,7 September 2016,3.0,belutnya rasanya oke.. sambelnya krg greget,Pecel Belut Biasa Tanpa Cobek - Pecel Belut Basah Tanpa Cobek - Nasi Putih - Tempe Penyet - Es Teh Manis,7 Mei 2022,2025-07-04 21:35:07
"Spesial Belut Surabaya, Kapas Krampung",Aciep Pribadi,13 Desember 2020,5.0,"joss gandos, mantab belut keringnya",Bebek Goreng - Pecel Belut Elek Kering Tanpa Cobek - Pecel Belut Elek Basah Tanpa Cobek - Nasi Putih,28 Maret 2022,2025-07-04 21:35:07
"Spesial Belut Surabaya, Kapas Krampung",K****,1 April 2016,2.0,belutnya rasa beda dgn yg H Poer kayun jauh lbh enak rasanya dibandingin yg di sini yg di kapas krampung tdk enak.beda bangettt dr segi rasa dan cara masaknya.,Ayam Penyet - Lele Penyet - Pecel Belut Elek Biasa Tanpa Cobek,11 Maret 2022,2025-07-04 21:35:07
"Spesial Belut Surabaya, Kapas Krampung",ari ardillah,1 April 2017,4.0,Saya minta kering tapi gak kering    Tolong tingkatkan Lg kualitasnya,Pecel Belut Kering - Ayam Penyet - Nasi Putih,9 Maret 2022,2025-07-04 21:35:07
"Spesial Belut Surabaya, Kapas Krampung",bayu,25 Oktober 2015,4.0,"rasa sudah enak... tapi goreng belutnya kurang kering, kalau lebih kering lagi bakal perfect.. dan sambelnya kurang pedas",Pecel Belut Kering Tanpa Cobek - Nasi Putih - Pecel Belut Elek Kering Tanpa Cobek - Terong Penyet,26 Januari 2022,2025-07-04 21:35:07
"Spesial Belut Surabaya, Kapas Krampung",B***,31 Desember 2018,1.0,"GA ENAK, SAMBEL BAU, BELUT GAK GURIH, PORSI BAWANG PUTIHNYA PELIT, NAROH KEMASAN COBEKNYA TUMPAH MIRING",Lele Penyet - Tahu Penyet - Pecel Belut Biasa Tanpa Cobek,14 Desember 2021,2025-07-04 21:35:07
"Spesial Belut Surabaya, Kapas Krampung",qoqom,3 Juli 2015,1.0,"Restoran paling paraahhh ga jelasnya,order dr jam 5 g ada konfirmasi apa2,smp jam 7 baru ada notif pesanan sdh d ambil.Stelah sy susah payah cari driver utk ambil ternyata kata driver msh d masakin.Klo ga niat buka resto online jgn buka bang... kasihan anak2 nunggu makanannya dr jam 5 eh jam 9 baru sampe rmh,itu pun krn sy yg cari tau.Restoran nya cm diem aja,yg penting kan saldo sdh masuk k perut dia,g ngurus makanannya d ambil apa oraa.Puaayyyaaahhh tenan rek",Ayam Penyet - Pecel Belut Biasa,6 Desember 2021,2025-07-04 21:35:07
"Spesial Belut Surabaya, Kapas Krampung",fadhyela,14 Mei 2017,4.0,tapi gak anget ya.,Pecel Belut Kering,3 Desember 2021,2025-07-04 21:35:07
"Spesial Belut Surabaya, Kapas Krampung",A***** R*****,19 Agustus 2021,3.0,"belut nya gak seger, nasinya porsi sedikit",Pecel Belut Elek Kering - Tahu Penyet - Nasi Putih,15 November 2021,2025-07-04 21:35:07
"Spesial Belut Surabaya, Kapas Krampung",H****,1 Desember 2016,3.0,Kurang kering dan asiiiiin,Pecel Belut Kering Tanpa Cobek,18 Oktober 2021,2025-07-04 21:35:07
"Spesial Belut Surabaya, Kapas Krampung",F**** N******** A******,10 Maret 2017,3.0,sambelnya kurang segar rasa asin saja,Paket Belut Penyet - Terong Penyet,3 Oktober 2021,2025-07-04 21:35:07
"Spesial Belut Surabaya, Kapas Krampung",E**,29 Oktober 2015,5.0,enak banget dan dapat cobek banyak banget,Cah Kangkung - Pecel Belut Elek Kering - Udang Goreng Penyet - Ayam Penyet - Tempe Penyet - Tahu Penyet,3 September 2021,2025-07-04 21:35:07
"Spesial Belut Surabaya, Kapas Krampung",I**** R**** F*********,23 September 2016,5.0,"Enak poool belutnya bumbunya sambel nya uenaaaak, tempatnya ruame jd antri nunggunya agak lama:((",Pecel Belut Biasa - Nasi Putih,23 Agustus 2021,2025-07-04 21:35:07
"Spesial Belut Surabaya, Kapas Krampung",S**** O******,19 Oktober 2019,5.0,harga murah ksrena ada promo pick up,Lele Penyet,22 Agustus 2021,2025-07-04 21:35:07
"Spesial Belut Surabaya, Kapas Krampung",A**** W*****,12 Juli 2020,4.0,"restoran yang tidak diragukan soal makanan yang sudah banyak penggemarnya,karena memang rasanya yang enak dan tempat yang mudah dijangkau karna banyak cabang.",Pecel Belut Biasa - Nasi Putih,21 Juni 2021,2025-07-04 21:35:07
"Spesial Belut Surabaya, Kapas Krampung",A**** W*****,12 Juli 2020,4.0,"restoran yang tidak diragukan soal makanan yang sudah banyak penggemarnya,karena memang rasanya yang enak dan tempat yang mudah dijangkau karna banyak cabang.",Pecel Belut Biasa - Nasi Putih,29 Juni 2021,2025-07-04 21:35:07
"Spesial Belut Surabaya, Kapas Krampung",A***** C*,12 Oktober 2017,5.0,enak sih. sambal pedes. bawang putih gorengnya nikmat,Udang Goreng Penyet - Terong Penyet - Pecel Belut Kering Tanpa Cobek,2 Agustus 2021,2025-07-04 21:35:07
"Spesial Belut Surabaya, Kapas Krampung",D*** W******,3 Mei 2017,5.0,selalu enak rasanya .... bagus lah sll discon .. mantap,Paket Belut Penyet - Cah Kangkung,30 Juli 2021,2025-07-04 21:35:07
"Spesial Belut Surabaya, Kapas Krampung",I** R*****,26 Mei 2017,4.0,"sering beli di mari, tp keknya porsinya makin dikit aja yak",Pecel Belut Kering Tanpa Cobek - Gurami Goreng - Cah Kangkung,7 Juli 2021,2025-07-04 21:35:07
"Spesial Belut Surabaya, Kapas Krampung",I**** F*********,6 Juni 2019,1.0,tolong barang di cek kembali sebelum di kasihkan ke driver 🙏,Pecel Belut Elek Kering - Pecel Belut Elek Biasa - Pecel Belut Elek Basah - Nasi Putih - Tahu Penyet - Terong Penyet,6 Juli 2021,2025-07-04 21:35:07
"Spesial Belut Surabaya, Kapas Krampung",S***,30 Agustus 2017,1.0,Lama dan sampai rumah sudah dingin,Pecel Belut Kering Tanpa Cobek - Pecel Belut Elek Biasa Tanpa Cobek,18 Mei 2021,2025-07-04 21:35:07
"Spesial Belut Surabaya, Kapas Krampung",D****,3 Oktober 2015,3.0,"Sebetulnya makanannya enak seperti biasa. Tapi sayangnya pelayanan kurang, ada makanan yg habis padahal di aplikasi masih tersedia. Lalu juga tidak diberi tanda mana yg pedas sedang, pedas ringan dll. Mungkin sedang banyak yg beli, tapi mohon diperhatikan ya, terima kasih",Pecel Belut Kering - Pecel Belut Kering Tanpa Cobek - Pecel Belut Basah Tanpa Cobek - Udang Goreng Penyet,18 Mei 2021,2025-07-04 21:35:07
"Spesial Belut Surabaya, Kapas Krampung",E**,29 Oktober 2015,5.0,kemasan keren pakai cobek kecil keren...bonus cobek,Pecel Belut Elek Basah,1 Mei 2021,2025-07-04 21:35:07
"Spesial Belut Surabaya, Kapas Krampung",D*** W******,3 Mei 2017,4.0,porsi udang nya kurang ... mahaaaal,Paket Belut Penyet - Cah Kangkung - Udang Saos Asam Manis,29 April 2021,2025-07-04 21:35:07
"Spesial Belut Surabaya, Kapas Krampung",A****** A****,5 Januari 2017,1.0,Nasi masih belum matang sekali,Paket Belut Penyet,5 April 2021,2025-07-04 21:35:07
"Spesial Belut Surabaya, Kapas Krampung",R*** S******,12 Juni 2017,5.0,enak pas banget rasanya,Pecel Belut Elek Biasa - Nasi Putih - Air Mineral 600ml,11 Januari 2021,2025-07-04 21:35:07
"Spesial Belut Surabaya, Kapas Krampung",R****,19 Oktober 2016,5.0,nice good meals,Ayam Penyet - Pecel Belut Kering - Pecel Belut Elek Biasa - Nasi Putih,29 Desember 2020,2025-07-04 21:35:07
"Spesial Belut Surabaya, Kapas Krampung",A*** S****,6 Oktober 2015,3.0,sambal cuman asin doang. gak ada pedas2 nya,Pecel Belut Elek Biasa - Pecel Belut Elek Kering,16 Desember 2020,2025-07-04 21:35:07
"Spesial Belut Surabaya, Kapas Krampung",M** G*****,3 Desember 2019,2.0,Ikan Belutnya Semakin Kecil Jadi Kalau Di Goreng Kering Malah Dagingnya Hilang...,Pecel Belut Kering,29 Oktober 2020,2025-07-04 21:35:07
"Spesial Belut Surabaya, Kapas Krampung",N******,1 November 2017,5.0,Rasanya tiada tara apalagi sambelnya tak ada yg menandingi dech 😍😍,Nasi Putih - Pecel Belut Kering - Air Mineral 600ml,29 Oktober 2020,2025-07-04 21:35:07
"Spesial Belut Surabaya, Kapas Krampung",A***** S*******,27 Mei 2018,2.0,sambelnya kurang banyak dan belutnya kecil2 kurus,Bawang Putih Goreng - Pecel Belut Elek Biasa,17 Oktober 2020,2025-07-04 21:35:07
"Spesial Belut Surabaya, Kapas Krampung",D*** W******,3 Mei 2017,3.0,pesan sambelnya pedas tp g pedas .. pdhl udh buat note pedaaaassssss .. 🤭,Pecel Belut Elek Kering,13 Oktober 2020,2025-07-04 21:35:07
"Spesial Belut Surabaya, Kapas Krampung",A**,1 Desember 2016,2.0,request pedas tp tdk pedass,Pecel Belut Elek Basah - Nasi Putih - Bawang Putih Goreng,29 Agustus 2020,2025-07-04 21:35:07
"Spesial Belut Surabaya, Kapas Krampung",I**,29 Januari 2020,1.0,biasanya sy beli enak sambelnya tp mulai kemaren 2 hr berturut turut sy beli kok sambelnya g enak,Pecel Belut Elek Biasa - Nasi Putih - Cah Kangkung,29 Agustus 2020,2025-07-04 21:35:07
"Spesial Belut Surabaya, Kapas Krampung",R*****,30 Januari 2018,3.0,"biasa.nya saya pesan di sbs belutnya besar besar, disini dapet kecil kecil. untuk rasa sambal dan lain lain masi sama, hanya saja sedikit di luar ekspetasi saya makan belut di sbs yg lain",Pecel Belut Elek Kering - Es Beras Kencur,1 Agustus 2020,2025-07-04 21:35:07
"Spesial Belut Surabaya, Kapas Krampung",D*** W******,3 Mei 2017,4.0,sambalnya kurang pedas,Pecel Belut Elek Kering,18 Juli 2020,2025-07-04 21:35:07
"Spesial Belut Surabaya, Kapas Krampung",S****,26 Januari 2017,3.0,sambel terlalu sedikit,Pecel Belut Kering - Pecel Belut Basah,30 Juni 2020,2025-07-04 21:35:07
"Spesial Belut Surabaya, Kapas Krampung",D***,29 Agustus 2017,3.0,sambal nya krng fresh,Pecel Belut Kering,27 Juni 2020,2025-07-04 21:35:07
"Spesial Belut Surabaya, Kapas Krampung",A**,23 April 2019,1.0,harga mahal porsinya sedikit kali parah benar benar GK sesuai,Pecel Belut Elek Biasa,12 Juni 2020,2025-07-04 21:35:07
"Spesial Belut Surabaya, Kapas Krampung",M******,31 Oktober 2019,5.0,sambalnya kurang mantap,Pecel Belut Kering,30 Mei 2020,2025-07-04 21:35:07
"Spesial Belut Surabaya, Kapas Krampung",F******* M******,30 April 2016,4.0,nasi dan ikan terlalu sedikit,Pecel Belut Elek Basah - Nasi Putih - Tempe Penyet,21 Mei 2020,2025-07-04 21:35:07
"Spesial Belut Surabaya, Kapas Krampung",D*****,9 Juni 2017,4.0,"emang enak makanannya.. tapi sayang.. pelayannya pendengarannya kurang baik.. masa saya pesan nasi empal di kasi nasi pecel.. sampai aku gk jadi di kasi tips sama customer... tapi gk pp yg penting makanannya enak banget kata customernya... katanya besok mau beli lagi.. 
buat pelajaran ya",Pecel Belut Biasa - Nasi Putih,2 Mei 2020,2025-07-04 21:35:07
"Spesial Belut Surabaya, Kapas Krampung",V***,24 November 2018,1.0,pdhl harga mahal bgt giliran nasi aja gk matang kyk bubur.diminta sambal sama bawang banyakan malah dikasih kulitnya aja bawangnya.sambal tumpah2 d plastik.parah bad service bad quality bad price 😠😠😠,Belut Saos Lada Hitam - Pecel Belut Elek Kering - Nasi Putih,25 Maret 2020,2025-07-04 21:35:07
"Spesial Belut Surabaya, Kapas Krampung",A**** A**** F******,4 November 2018,5.0,sambelblnya agak banyakin yaaa hehe,Pecel Belut Elek Kering,8 Maret 2020,2025-07-04 21:35:07
"Spesial Belut Surabaya, Kapas Krampung",M******* S******,3 Oktober 2017,5.0,sambelnya agak pait2 gimana gituu,Nasi Putih - Lele Penyet - Telur Penyet - Terong Penyet - Tempe Penyet,7 Februari 2020,2025-07-04 21:35:07
"Spesial Belut Surabaya, Kapas Krampung",A****,26 Februari 2017,2.0,sambel cuma tomat aja gk pedes sm skali,Pecel Belut Kering - Nasi Putih - Ayam Penyet,9 Februari 2020,2025-07-04 21:35:07
"Spesial Belut Surabaya, Kapas Krampung",A*****,27 Maret 2016,2.0,"Pesanan gk sesuai, saya pesan belut + nasi. Tapi nasi gk di kasi. Padahal di nota ada, aplikasi jg ada keterangan klo saya beli nasi",Pecel Belut Elek Kering - Nasi Putih,28 Januari 2020,2025-07-04 21:35:07
"Spesial Belut Surabaya, Kapas Krampung",D***,20 Agustus 2017,3.0,sambelnya saja kurang mantap,Pecel Belut Biasa - Es Sinom,25 Januari 2020,2025-07-04 21:35:07
"Spesial Belut Surabaya, Kapas Krampung",U*** I****,14 September 2017,2.0,ikannya dingin...nggak panas,Pecel Belut Kering - Ayam Penyet - Bawang Putih Goreng - Tahu Penyet,11 Januari 2020,2025-07-04 21:35:07
"Spesial Belut Surabaya, Kapas Krampung",B* L***,10 Oktober 2018,5.0,juaraaaaaaa ..😘,Belut Saos Inggris - Pecel Belut Kering,18 Desember 2019,2025-07-04 21:35:07
"Spesial Belut Surabaya, Kapas Krampung",L**,9 September 2019,5.0,sambel nya muantapppp,Ayam Penyet - Pecel Belut Elek Biasa,19 Desember 2019,2025-07-04 21:35:07
"Spesial Belut Surabaya, Kapas Krampung",A**** T** W*****,26 Agustus 2016,3.0,keasinan sambalnya,Lele Penyet - Cah Kangkung,13 Desember 2019,2025-07-04 21:35:07
"Spesial Belut Surabaya, Kapas Krampung",N********,26 Juni 2019,1.0,tidak seperti biasanya seperti bau tidak matang,Lele Penyet - Teh Manis,20 November 2019,2025-07-04 21:35:07
"Spesial Belut Surabaya, Kapas Krampung",N***,22 Februari 2017,4.0,sambelnya kurang pedas,Nasi Putih - Ayam Penyet,10 November 2019,2025-07-04 21:35:07
"Spesial Belut Surabaya, Kapas Krampung",A******,2 Maret 2019,2.0,"resto kerjasama, tp pesananny kosong",Ayam Saus Inggris - Ayam Saus Asam Manis,8 November 2019,2025-07-04 21:35:07
"Spesial Belut Surabaya, Kapas Krampung",D*** B,16 Desember 2016,5.0,"pake cobek, TOP",Nasi Putih - Pecel Belut Elek Kering,31 Oktober 2019,2025-07-04 21:35:07
"Spesial Belut Surabaya, Kapas Krampung",F****,14 Mei 2017,2.0,"Kalau pecel belut Oke, tp belut lada hitamnya terlalu Manis Dan eneg maaf kemaren gk ke makan",Belut Saos Lada Hitam,23 Oktober 2019,2025-07-04 21:35:07
"Spesial Belut Surabaya, Kapas Krampung",E**,11 Agustus 2018,5.0,kaget dapet cobek gratis 😂💓👍,Nasi Putih - Pecel Belut Kering,18 Oktober 2019,2025-07-04 21:35:07
"Spesial Belut Surabaya, Kapas Krampung",F**,14 September 2019,4.0,Terlalu mahal karena tidak dapat nasi,Pecel Belut Elek Kering,5 Oktober 2019,2025-07-04 21:35:07
"Spesial Belut Surabaya, Kapas Krampung",A**** F**********,3 Agustus 2017,5.0,"seniay itu sampe sambelnya tetep di tempatin cobek dong, dan rasanya emang enak bangett 👍👍👍",Pecel Belut Basah - Nasi Putih,22 September 2019,2025-07-04 21:35:07
"Spesial Belut Surabaya, Kapas Krampung",C********* R****,14 September 2015,4.0,"Saya suka gorengnya sedeng, gak basah juga gak kering. Tapi dikasi gorsngnya kering sekali, jadinya kecewa dsh.",Pecel Belut Elek Biasa - Nasi Putih,29 Agustus 2019,2025-07-04 21:35:07
"Spesial Belut Surabaya, Kapas Krampung",D**** S*****,1 Oktober 2016,4.0,"enak..cuma nasi agak keras, klo gak keras alias punel tambah enaak poooll",N/A,7 Agustus 2019,2025-07-04 21:35:07
"Spesial Belut Surabaya, Kapas Krampung",D*** A******,1 November 2015,2.0,"belutnya kecil2, seiprit, lbh banyak tulangnya ketimbang dagingnya, sambelnya seiprit. mengecewakan, kyk ngga ngregani duit. pdhl harga lumayan mahal. tolonglah menjual itu yg memuaskan klo diliat kyk wah.",Pecel Belut Elek Biasa - Nasi Putih,6 Agustus 2019,2025-07-04 21:35:07
"Spesial Belut Surabaya, Kapas Krampung",T***,21 Juli 2015,3.0,asinnya tolong dikurangi,Cah Kangkung - Pecel Belut Elek Kering,4 Agustus 2019,2025-07-04 21:35:07
"Spesial Belut Surabaya, Kapas Krampung",H*****,16 Januari 2018,5.0,ciri khas cobekny kok dihilangkan 😁,N/A,17 Mei 2019,2025-07-04 21:35:07
"Spesial Belut Surabaya, Kapas Krampung",G*** T** H***********,17 April 2018,1.0,"sudah bayar pakai nasi,,dikirim nggak ada nasinya",N/A,7 Mei 2019,2025-07-04 21:35:07
"Spesial Belut Surabaya, Kapas Krampung",I**** H***,15 Maret 2017,3.0,"rasa berubah, nasi kurang mateng",N/A,4 Mei 2019,2025-07-04 21:35:07
"Spesial Belut Surabaya, Kapas Krampung",B****,8 September 2015,1.0,sambal nya tidak sedap beda dengan cabang lain,N/A,2 Mei 2019,2025-07-04 21:35:07
"Spesial Belut Surabaya, Kapas Krampung",D**** D***,31 Agustus 2015,4.0,"porsi belutnya klo bisa ditambah dan sambelnya lebih banyak, harga harap segera di ubah, belutnya jangan kecil kecil, susah makannya",N/A,28 April 2019,2025-07-04 21:35:07
"Spesial Belut Surabaya, Kapas Krampung",I** S******,29 Juli 2015,3.0,asin sambel n ikannya,N/A,26 April 2019,2025-07-04 21:35:07
"Spesial Belut Surabaya, Kapas Krampung",W**** A**,10 Februari 2017,4.0,belutnya enyaaaxx,N/A,20 April 2019,2025-07-04 21:35:07
"Spesial Belut Surabaya, Kapas Krampung",N****,22 Oktober 2015,1.0,"belutnya kayak udah digoreng sebelumnya sebelum dipesan customer, jdi waktu sampai nasinya bener2 masih panas dan belutnya udah dingin, cenderung agak keras, daun kemangi juga banyak yang layu dan daunnya udah hitam tapi masih dikasih ke customer",N/A,21 Februari 2019,2025-07-04 21:35:07
"Spesial Belut Surabaya, Kapas Krampung",S******,14 Oktober 2018,5.0,"enak enak,  langanan",N/A,17 Februari 2019,2025-07-04 21:35:07
"Spesial Belut Surabaya, Kapas Krampung",F**********,18 Maret 2017,2.0,"sambelnya g enak ada pengurangan terasi dan g pedes sama sekali, g kayak biasanya , padahal aku sdh langganan di situ, tp rasanya berubah drastis",N/A,9 Februari 2019,2025-07-04 21:35:07
"Spesial Belut Surabaya, Kapas Krampung",P**** D*********,25 April 2016,2.0,lauknya tidak hangat,N/A,27 Juli 2018,2025-07-04 21:35:07
"Spesial Belut Surabaya, Kapas Krampung",K****,20 Januari 2018,5.0,sangat lezat pas tepat waktu,N/A,23 Juni 2018,2025-07-04 21:35:07
"Spesial Belut Surabaya, Kapas Krampung",W****,8 Desember 2015,3.0,harga tidak sesuai,N/A,30 Mei 2018,2025-07-04 21:35:07
"Warung Sasak, Mulyosari",LIANNY,7 Juli 2016,5.0,ayam suwir nya alooottt pol...kekeringan ...,Nasi Ayam Plecing Super Pedas,16 Maret 2025,2025-07-04 21:35:32
"Warung Sasak, Mulyosari",E*****,21 November 2015,5.0,"Rasa gk perlu diragukan, enak 😁",Nasi Ayam Plecing Super Pedas - Nasi Puyung Level Sedang,17 November 2024,2025-07-04 21:35:32
"Warung Sasak, Mulyosari",E*****,21 November 2015,5.0,Enak banget masakannya. Pedasnya lumayan. Udah sering beli,Nasi Ayam Plecing Super Pedas - Nasi Puyung Level Sedang,23 Juni 2024,2025-07-04 21:35:32
"Warung Sasak, Mulyosari",T****** L******,17 Agustus 2015,3.0,"sukaaa banget sama ebinya, tapi di orderan kali ini ga dikasih ebi. bahkan ga dikasih timun😭",Nasi Ayam Plecing Super Pedas,24 Februari 2024,2025-07-04 21:35:32
"Warung Sasak, Mulyosari",Juna,14 Mei 2015,5.0,good sudah langganan wauwww sipppp,Nasi Ayam Plecing Special Telor Mata Sapi - Nasi Balap Puyung Special Telor Mata Sapi,16 November 2023,2025-07-04 21:35:32
"Warung Sasak, Mulyosari",Tenny,14 Maret 2017,5.0,"langganaaan, alternatif gak masak dirumah yaa solusinya pesen nasi puyang sasak.... mantaaab",Nasi Ayam Plecing Special Telor Mata Sapi,19 September 2023,2025-07-04 21:35:32
"Warung Sasak, Mulyosari",hary,10 Juni 2016,5.0,TUOOOOOPPPPPPPPPPPPP,Nasi Puyung Level Sedang,12 Juli 2023,2025-07-04 21:35:32
"Warung Sasak, Mulyosari",tommy irawan,28 Mei 2016,5.0,Usman is the best,Nasi Ayam Plecing Campur Ayam Level Sedang - Nasi Ayam Plecing Super Pedas,20 Maret 2023,2025-07-04 21:35:32
"Warung Sasak, Mulyosari",D***,8 Januari 2016,5.0,"mantap dah, sy suka banget dengan ayam suwirnya, biasanya sy suka campur ayam yg pedas banget dengan yg sedang",Nasi Ayam Plecing Campur Ayam Level Sedang,9 April 2023,2025-07-04 21:35:32
"Warung Sasak, Mulyosari",yeyen,14 Desember 2018,5.0,kurang pedes sih.. cm tetep mantep seperti yg dulu.,Nasi Ayam Plecing Super Pedas - Nasi Puyung Level Sedang,6 Januari 2023,2025-07-04 21:35:32
"Warung Sasak, Mulyosari",L***,31 Agustus 2018,1.0,pesan super pedas dan sedang yg dating gak pedas dan sedang.,Nasi Ayam Plecing Super Pedas - Nasi Puyung Level Sedang,1 Januari 2023,2025-07-04 21:35:32
"Warung Sasak, Mulyosari",Hendrik Tekayadi,17 Maret 2018,5.0,cpt smpai nya kerumah. enak dan porsi mayan banyak.,Nasi Ayam Plecing Campur Ayam Level Sedang,12 Desember 2022,2025-07-04 21:35:32
"Warung Sasak, Mulyosari",Irfan Adli,29 Mei 2017,1.0,ini sama kayak makan minyak sama nasi doang 😡 tidak sesuai gambar bangett. nyesal beli di sini.. kapokk gak akan 2 kali lagii 😡😡😫,Nasi Ayam Plecing Super Pedas - Nasi Puyung Level Sedang,20 Agustus 2022,2025-07-04 21:35:32
"Warung Sasak, Mulyosari",Hung Tata,3 Januari 2018,4.0,Ayamnya terlalu sedikit,Nasi Ayam Plecing Special Telor Mata Sapi,14 Agustus 2022,2025-07-04 21:35:32
"Warung Sasak, Mulyosari",David,3 Agustus 2015,5.0,masakannya enak dan cocok banget,Nasi Puyung Level Sedang,24 Mei 2022,2025-07-04 21:35:32
"Warung Sasak, Mulyosari",Calvin Vieri,1 Mei 2019,1.0,saya minta tidak pedas malah dikasih pedas tolong lain kali perhatikan chat customer.,Nasi Balap Puyung Special Telor Mata Sapi,16 April 2022,2025-07-04 21:35:32
"Warung Sasak, Mulyosari",Raka,17 Agustus 2019,5.0,Wuenak poolllll,Ayam Plecing Campur Puyung+Es Teh Jumbo,13 April 2022,2025-07-04 21:35:32
"Warung Sasak, Mulyosari",D*** A********,12 Oktober 2018,4.0,porsi ayamnya terlalu sedikit beda kyk kalau kita beli datang langsung ke restonya jauh lebih bnyk... 👎👎👎👎👎,Nasi Ayam Plecing Special Telor Mata Sapi,4 April 2022,2025-07-04 21:35:32
"Warung Sasak, Mulyosari",R******,1 Juli 2017,3.0,porsi ayamnya terlalu sedikit gk kyk biasanya....,Nasi Ayam Plecing Special Telor Mata Sapi,1 April 2022,2025-07-04 21:35:32
"Warung Sasak, Mulyosari",eng,7 Mei 2019,5.0,"hanya agak terlalu banyak minyak.
tapi overall semua bagus 👍",Nasi Ayam Plecing Super Pedas,23 Maret 2022,2025-07-04 21:35:32
"Warung Sasak, Mulyosari",M*****,12 September 2015,5.0,mantap pedesnya nampollll,Nasi Balap Puyung Special Telor Mata Sapi,23 Agustus 2021,2025-07-04 21:35:32
"Warung Sasak, Mulyosari",D****************,16 Maret 2016,5.0,Enak buat ngobatin kangen Nasi balap puyung khas lombok 👌👌👌,Nasi Balap Puyung Special Telor Mata Sapi - Nasi Ayam Plecing Special Telor Mata Sapi,9 Desember 2020,2025-07-04 21:35:32
"Warung Sasak, Mulyosari",E***,28 Agustus 2015,5.0,Kulit nya susah banget dapat. Selalu kehabisa,Nasi Ayam Plecing Campur Ayam Level Sedang,25 November 2020,2025-07-04 21:35:32
"Warung Sasak, Mulyosari",H******,30 Agustus 2015,2.0,terlalu berminyak. ga seperti biasanya. sy pesan puyung sedang. bukan pedas,Nasi Puyung Level Sedang,6 November 2020,2025-07-04 21:35:32
"Warung Sasak, Mulyosari",M****,29 Oktober 2016,4.0,Rasanya tidak seenak dulu.,Nasi Puyung Level Sedang,8 April 2020,2025-07-04 21:35:32
"Warung Sasak, Mulyosari",K**** Y****,5 Desember 2015,5.0,still really spicy,Nasi Ayam Plecing Campur Ayam Level Sedang,10 Januari 2020,2025-07-04 21:35:32
"Warung Sasak, Mulyosari",L****,20 Agustus 2019,5.0,"rasa nya enak,,porsinya banyak,,cara penyajiannya bersih,,meskipun voucher tpi kualitasnya ttp terjaga,,,ok bgt pokoknya",Nasi Ayam Plecing Super Pedas,26 Oktober 2019,2025-07-04 21:35:32
"Warung Sasak, Mulyosari",S*** S***** G******,26 Agustus 2015,4.0,Makin lama makin ga pedas,N/A,31 Juli 2019,2025-07-04 21:35:32
"Warung Sasak, Mulyosari",L****,24 Juli 2016,5.0,Pedesnya minta ampun. Sampe kepala gatel,N/A,9 Maret 2019,2025-07-04 21:35:32
"Kebab Turki Baba Rafi, Mulyosari",ivana,12 Februari 2016,1.0,"saya request semua tidak pedas, sampai anak saya nangis karna kena pedas",Paket Lebaran 1 - Paket Lebaran 2,6 April 2025,2025-07-04 21:36:00
"Kebab Turki Baba Rafi, Mulyosari",K****,28 Juli 2016,5.0,"daging nya banyak ,porsi pas dan enak",Kebab Chijeu - Meat Lovers Kebab,11 November 2024,2025-07-04 21:36:00
"Kebab Turki Baba Rafi, Mulyosari",Y**** P******,6 Oktober 2019,2.0,kebanyakan sayur drpada daging nya,Triple Kebab Sapi - Promo Merdeka 2,10 Agustus 2024,2025-07-04 21:36:00
"Kebab Turki Baba Rafi, Mulyosari",yusuf indra gunawan,30 November 2015,1.0,"pesan tidak pedas, ada pilihan tidak pedas saya click. eh dikasih pedas, akhirnya tidak kemakan",Kebab Sapi Black,5 Mei 2024,2025-07-04 21:36:00
"Kebab Turki Baba Rafi, Mulyosari",A******,3 Juni 2021,2.0,"Tolong lain Kali lebih teliti untuk mengecek orderan apakah betul atau tidak, entah itu pedas atau tidak pedas maupun jumlah kebabnya",Baba Hemat 3,25 April 2024,2025-07-04 21:36:00
"Kebab Turki Baba Rafi, Mulyosari",T***** M*******,18 Desember 2022,5.0,paket yang sangat membantu anak rantau 🥰🥰,Promo (OK)tober 2,7 Oktober 2023,2025-07-04 21:36:00
"Kebab Turki Baba Rafi, Mulyosari",Yani,18 Februari 2017,5.0,"Mantab... dagingnya tebel bgt , pertahankan ya ,kebab baba rafi the best pokoknya",Kebab Sapi Ori Klasik,7 Agustus 2023,2025-07-04 21:36:00
"Kebab Turki Baba Rafi, Mulyosari",Luukman,12 Juni 2023,1.0,harga elit ukuran sulit,Kebab Special Flavour,28 Juni 2023,2025-07-04 21:36:00
"Kebab Turki Baba Rafi, Mulyosari",kevin,8 April 2018,1.0,MINTA GK PAKE SAYUR MALAH D KASIH SAYUR NYA BANYAK DAGINGNYA 5 BIJI DOANG. KERJA GK BECUS NOTES GK D BACA. MENDING RESIGN MAS/MBAK,Baba Hemat 1,26 Juni 2023,2025-07-04 21:36:00
"Kebab Turki Baba Rafi, Mulyosari",rio,3 Oktober 2015,4.0,tidak ada keterangan tipe makanan yg di beli,Kebab Sapi Ori Klasik - Kebab Kofta King,22 Maret 2023,2025-07-04 21:36:00
"Kebab Turki Baba Rafi, Mulyosari",D***,8 Januari 2016,5.0,"mantap 👍 dari dulu saya pling suka dengan kebab baba rafi tidak ada tandingannya, rasa kebabnya mantul",Double Kebab Sapi Ori,30 Januari 2023,2025-07-04 21:36:00
"Kebab Turki Baba Rafi, Mulyosari",W****,24 April 2018,3.0,"pesanan tidak sesuai sama deskripsi dan gambar, di gambar 2 kebab putih/ori dan 1 kebab hitam tp yang datang semuanya putih/ori. dan untuk ukuran sm aja ky yg harganya 50 rb an padahal udah berekspektasi kalo ukuran nya besar. intinya harga gak sesuai kualitas dan pesanan jg gak sesuai sm yg di pesan. yaudahlah semoga segera diperbaiki",Past11 Puas 2,5 November 2022,2025-07-04 21:36:00
"Kebab Turki Baba Rafi, Mulyosari",K******,14 Oktober 2022,4.0,I request for spicy 1 portion but got non spicy.,Kebab Chijeu - Kebab Sapi Original - Kebab Chijeu,21 Oktober 2022,2025-07-04 21:36:00
"Kebab Turki Baba Rafi, Mulyosari",Maria,6 Desember 2019,4.0,porsinya koq mengecil ya,Kebab Sapi Black - Sipp Murah 2,17 September 2022,2025-07-04 21:36:00
"Kebab Turki Baba Rafi, Mulyosari",aryaloka,2 November 2019,3.0,"Waktu packing tolong dicek lagi.
tadi kurang 1 item",Paket Hebat 1 - Roti Canai,23 Juli 2022,2025-07-04 21:36:00
"Kebab Turki Baba Rafi, Mulyosari",hasanah,3 Maret 2019,5.0,Oke👍🏽👍🏽👍🏽👍🏽👍🏽👍🏽👍🏽👍🏽,Kebab Smokey Sei - Kebab Sapi Black,18 Mei 2022,2025-07-04 21:36:00
"Kebab Turki Baba Rafi, Mulyosari",E*****,1 Agustus 2021,5.0,gede bet dah.. aku kira kecil..  buat buka puasa worthit sih. thank u somuch,Kebab Chijeu,28 April 2022,2025-07-04 21:36:00
"Kebab Turki Baba Rafi, Mulyosari",farah,30 Juni 2019,5.0,enak skli smoga ni toko gk tutup ok,Kebab Sapi Original,7 Maret 2022,2025-07-04 21:36:00
"Kebab Turki Baba Rafi, Mulyosari",ika,17 November 2016,4.0,"Saosnya kurang banyak, mayo gak rata numpuk dibawah semua",Kebab Original,12 Februari 2022,2025-07-04 21:36:00
"Kebab Turki Baba Rafi, Mulyosari",Haristya Rizki,5 September 2015,4.0,rasanya kurang mantab untuk daging kebabnya ya,Tebus Murah +2022 - Syawarma,4 Februari 2022,2025-07-04 21:36:00
"Kebab Turki Baba Rafi, Mulyosari",zilla alvi,13 Desember 2020,5.0,puas bnget pas promo murah bnget,Buy 1 Get 1 Free Kebab Super Hemat,24 November 2021,2025-07-04 21:36:00
"Kebab Turki Baba Rafi, Mulyosari",E****,27 Februari 2016,5.0,enakk..masih aangett sampai di rumah,Kebab Chijeu - Kebab Original - Baba Boat Sei,18 Oktober 2021,2025-07-04 21:36:00
"Kebab Turki Baba Rafi, Mulyosari",G**** P******* A**,13 Juli 2017,5.0,seperti biasa selalu enak,Paket Joeang 2,6 Agustus 2021,2025-07-04 21:36:00
"Kebab Turki Baba Rafi, Mulyosari",G**** P******* A**,13 Juli 2017,5.0,isian daging lebih banyak ketimbang cabang2 lain yang pernah aq coba... mantap....,Triple Kebab Sapi Black - Syawarma,3 Agustus 2021,2025-07-04 21:36:00
"Kebab Turki Baba Rafi, Mulyosari",J*** I****,12 Juli 2016,4.0,"Bad menu settings, can only customize 1 item on 3 items package",Triple Kebab Sapi Original - Triple Kebab Sapi Original,25 Juli 2021,2025-07-04 21:36:00
"Kebab Turki Baba Rafi, Mulyosari",E** W****,25 November 2015,5.0,nikmatnya.. paporit,Kebab Original - Kebab Black,6 Juni 2021,2025-07-04 21:36:00
"Kebab Turki Baba Rafi, Mulyosari",C*******,24 Januari 2018,4.0,sayurnya agak pahit :’,Kebab Chijeu - Canai Salad - Triple Kebab Original,29 Agustus 2020,2025-07-04 21:36:00
"Kebab Turki Baba Rafi, Mulyosari",B****,23 Agustus 2017,1.0,"tolong kl cuci sayur yg bersih dan d lihat lagi apa benar"" sdh bersih",Kebab Sapi - Kebab Chijeu,19 Juni 2020,2025-07-04 21:36:00
"Kebab Turki Baba Rafi, Mulyosari",R**** W**** D***,3 November 2018,5.0,kok kecil ya padahal saya pesan yg harga Rp19rb kok di kasih harga Rp17 rb,Kebab Sapi,23 Januari 2020,2025-07-04 21:36:00
"Kebab Turki Baba Rafi, Mulyosari",N****,22 Januari 2019,4.0,"too much veggie on the top, and beef stavk at the bottom",Kebab Sapi - Keju Slice,16 November 2019,2025-07-04 21:36:00
"Kebab Turki Baba Rafi, Mulyosari",U*** U*********,1 November 2015,1.0,i didn't buy food for the burnt meat.,Kebab Sapi Unyu - Kebab Chijeu - Keju Slice,24 Agustus 2019,2025-07-04 21:36:00
"Kebab Turki Baba Rafi, Mulyosari",I****,14 Agustus 2018,5.0,d aplikasi buka jm 11 tp nyatanya msh tutup😥😥,N/A,10 Agustus 2019,2025-07-04 21:36:00
"Kebab Turki Baba Rafi, Mulyosari",W***** G******** B****,3 September 2016,5.0,beberapa kali nyobain Baba Rafi kok kayaknya sekarang rasanya gak standart,N/A,1 Agustus 2019,2025-07-04 21:36:00
"Kebab Turki Baba Rafi, Mulyosari",Y*****,6 Maret 2017,1.0,dagingnya gosong parah. dimakan pahit,N/A,31 Juli 2019,2025-07-04 21:36:00
"Kebab Turki Baba Rafi, Mulyosari",R***,12 Maret 2018,1.0,"pesan nya BURGER yg dtg KEBAB hitam, krna pahit y ank2 smua g doyan, sy sndri jg g doyan krna suka nya burger, KECEWA BUANGET",N/A,23 Juni 2019,2025-07-04 21:36:00
"Kebab Turki Baba Rafi, Mulyosari",S******* R*** W*****,10 November 2015,1.0,pesen kebab black diberi keban biasa!!! keduanya!!!  mau dtukar sudah tutup restonya... MENGECEWAKAN!!!!,N/A,28 Mei 2019,2025-07-04 21:36:00
"Kebab Turki Baba Rafi, Mulyosari",A********,11 Oktober 2015,5.0,"Kurang banyak porsinya, kempes banget",N/A,22 Mei 2019,2025-07-04 21:36:00
"Kebab Turki Baba Rafi, Mulyosari",A***,31 Oktober 2015,5.0,"Selama kebab Baba Rafi masih buka, disitulah saya akan selalu menikmati 😊",N/A,29 April 2019,2025-07-04 21:36:00
"Kebab Turki Baba Rafi, Mulyosari",F**** A*****,17 April 2016,4.0,"Mungkin saosnya bisa lebih diratakan, karena agak enek kalau numpuk di sebagian saja",N/A,25 Maret 2019,2025-07-04 21:36:00
"Kebab Turki Baba Rafi, Mulyosari",L****,2 Mei 2018,3.0,karena udah dingin,N/A,7 Maret 2019,2025-07-04 21:36:00
"Kebab Turki Baba Rafi, Mulyosari",L******,3 April 2017,4.0,add option to give more topping,N/A,1 Maret 2019,2025-07-04 21:36:00
"Kebab Turki Baba Rafi, Mulyosari",L******,29 Desember 2016,4.0,ukuran terlalu kecil,N/A,11 Februari 2019,2025-07-04 21:36:00
"Kebab Turki Baba Rafi, Mulyosari",A******* R*********,15 April 2017,4.0,Tidak ada tulisan per packingnya,N/A,7 Oktober 2018,2025-07-04 21:36:00
"Kebab Turki Baba Rafi, Mulyosari",Y*** P******,20 Juli 2016,5.0,"kurang pedes tambah saos sambal, terlalu asem",N/A,23 Mei 2018,2025-07-04 21:36:00
"Kebab Turki Baba Rafi, Mulyosari",S***** A******* F****,6 Januari 2017,4.0,"The guy does not read the list, because I order large he gave me small one, why?. So next time the guy must read focusly please?",N/A,16 Mei 2018,2025-07-04 21:36:00
"Tahu & Ronde Kitty, Mulyosari",V**,26 September 2018,5.0,"The best rasaa ga pernah berubah, manisnya pass Jahe nya medok bgtt, tahu nya authentic loveee",Ronde Taiwan - Tahu Gejrot - Tahu Tek - Angsle,7 Mei 2025,2025-07-04 21:36:32
"Tahu & Ronde Kitty, Mulyosari",cakra,22 Juni 2017,5.0,"enak semua,sesuai request..puas",Ronde Taiwan - Angsle - Kacang Kuah - Tahu Telor,3 Mei 2025,2025-07-04 21:36:32
"Tahu & Ronde Kitty, Mulyosari",frans,14 Januari 2017,4.0,baik ronde dan angslenya kurang panas,Angsle - Ronde Campur,21 April 2025,2025-07-04 21:36:32
"Tahu & Ronde Kitty, Mulyosari",Imam Syafii,22 Juni 2016,5.0,Juara Dach....😅,Ronde Campur - Tahu Gejrot - Krupuk Tahu Telor / Tek,14 April 2025,2025-07-04 21:36:32
"Tahu & Ronde Kitty, Mulyosari",nelly maria,10 Juli 2017,5.0,cuma sayang tdk sesuai catatan saya minta tanpa lontong dan yg satu lontong 2 biji ternya semua dikasih lontong tolong lain kali diperhatikan ya,Tahu Telor,29 Maret 2025,2025-07-04 21:36:32
"Tahu & Ronde Kitty, Mulyosari",cakra,22 Juni 2017,5.0,Ronde selalu enakk...empuk...kacang banyak..yg lain juga enak2,Tahu Telor - Angsle - Ronde Taiwan - Kacang Kuah - Tau Wa,27 Februari 2025,2025-07-04 21:36:32
"Tahu & Ronde Kitty, Mulyosari",veliana Sutanto,16 Mei 2016,4.0,Kulit ronde nya terlalu tebal biasanya tipis,Ronde Taiwan,22 Februari 2025,2025-07-04 21:36:32
"Tahu & Ronde Kitty, Mulyosari",A****,21 Agustus 2016,5.0,enak semua pesanan saya,Tahu Crispy - Ronde Campur Tauwa - Tahu Telor,10 November 2024,2025-07-04 21:36:32
"Tahu & Ronde Kitty, Mulyosari",J******,21 Agustus 2016,1.0,"Minta gak pedes dikasih pedes, jadinya gabisa makan",Tahu Telor - Ronde Campur Tauwa - Tahu Crispy - Kacang Kuah,2 Mei 2024,2025-07-04 21:36:32
"Tahu & Ronde Kitty, Mulyosari",Go Mey Ling,4 Maret 2019,3.0,kacang kuah tidak ada cakuenya..tidak sesuai dg yg di foto,Tau Wa - Kacang Kuah,13 April 2024,2025-07-04 21:36:32
"Tahu & Ronde Kitty, Mulyosari",H***,27 Mei 2017,3.0,"Kacangnya bukan kacang sangar, tapi kacang gosong n pahit. kuahnya dingin, ga ada anget2nya sama sekali. untung ada pemanas air, coba klo di hotel ga ada pemanasnya bagaimana mau makan?
klo pentol rondenya lumayan enak. cuman kurang di penyajian seharusnya panas, kacangnya klo gosong lebih baik jangan krn bukan sehat malah bisa jadi kanker.",Ronde Campur,10 Februari 2024,2025-07-04 21:36:32
"Tahu & Ronde Kitty, Mulyosari",Priyo Wisnu Murti,28 November 2017,3.0,"ngak sesusi gambar, cakwenya ngak ada -?",Kacang Kuah,18 November 2023,2025-07-04 21:36:32
"Tahu & Ronde Kitty, Mulyosari",vicky,15 Juni 2017,5.0,topppp makasih,Ronde Campur,19 Agustus 2023,2025-07-04 21:36:32
"Tahu & Ronde Kitty, Mulyosari",Yani,18 Februari 2017,4.0,"Kuah rondenya udh nggk hangat lg ,klo rasa nya enak",Ronde Taiwan,8 Agustus 2023,2025-07-04 21:36:32
"Tahu & Ronde Kitty, Mulyosari",Sekolah Matahati,18 November 2016,5.0,terima kasih banyak,Ronde Campur,17 Juli 2023,2025-07-04 21:36:32
"Tahu & Ronde Kitty, Mulyosari",L**,27 Juni 2021,5.0,lontongny kebnykn,Tahu Telor,3 Juni 2023,2025-07-04 21:36:32
"Tahu & Ronde Kitty, Mulyosari",Zulkarnaen Akhmad K,19 Agustus 2015,1.0,Kacang kuah kenapa tidak ada cakue nya ?,Kacang Kuah - Ronde Taiwan - Tahu Pong,4 Juni 2023,2025-07-04 21:36:32
"Tahu & Ronde Kitty, Mulyosari",P*****,2 November 2021,5.0,Enak. Kuah jahenya berasa segerrr ..,Ronde Taiwan,4 Juni 2023,2025-07-04 21:36:32
"Tahu & Ronde Kitty, Mulyosari",Amarsa,29 Mei 2019,3.0,"sy pesan kacang kuah, biasanya ada cakue.. koq skrg gak ada? emang habis ato ketinggalan ya?",Kacang Kuah - Angsle - Tahu Tek - Ronde Campur - Ronde Taiwan - Tahu Crispy,24 April 2023,2025-07-04 21:36:32
"Tahu & Ronde Kitty, Mulyosari",K********,1 Mei 2021,4.0,rasa jahe kurang pedas,Ronde Campur Tauwa,19 April 2023,2025-07-04 21:36:32
"Tahu & Ronde Kitty, Mulyosari",Kevin,18 Februari 2023,5.0,rasa lumayan..tp sampek dirumah jahenya dingin. gpp lah bisa diangetin dikompor,Ronde Taiwan,18 Februari 2023,2025-07-04 21:36:32
"Tahu & Ronde Kitty, Mulyosari",S*********,27 November 2017,5.0,uenak tenan 😁👍😁,Tahu Crispy - Tahu Pong - Angsle - Krupuk Tahu Telor / Tek,12 Februari 2023,2025-07-04 21:36:32
"Tahu & Ronde Kitty, Mulyosari",S*********,27 November 2017,5.0,"enak bgt, gurih dan renyah 😁👍😁",Tahu Crispy - Tahu Kipas,4 Februari 2023,2025-07-04 21:36:32
"Tahu & Ronde Kitty, Mulyosari",I**,6 November 2022,4.0,Mungkin bisa disediakan kemasan cup plastik,Tahu Telor - Angsle - Krupuk Tahu Telor / Tek - Ronde Campur,17 November 2022,2025-07-04 21:36:32
"Tahu & Ronde Kitty, Mulyosari",fenny,20 September 2015,3.0,ada bau minyak tawon. Rasa agak beda. Tidak selegit dulu.,Tahu Telor - Angsle - Ronde Campur - Tau Wa,13 Oktober 2022,2025-07-04 21:36:32
"Tahu & Ronde Kitty, Mulyosari",R*** P******,10 Juni 2015,5.0,Tahunya Wenak asli,Tahu Tek - Tahu Pong - Tahu Crispy,14 Juli 2022,2025-07-04 21:36:32
"Tahu & Ronde Kitty, Mulyosari",ivy,1 Mei 2021,4.0,kerupuknya keras yang jual terpisah nya,Tahu Telor - Krupuk Tahu Telor / Tek,1 Juli 2022,2025-07-04 21:36:32
"Tahu & Ronde Kitty, Mulyosari",S***,20 Juni 2015,5.0,Kitty nya nggak pernah mengecewakan. Tahu campur slalu enak. Harga Gofood aja yang jauh lebih ma hal,Tahu Tek - Angsle,3 Mei 2022,2025-07-04 21:36:32
"Tahu & Ronde Kitty, Mulyosari",SOFIYa alin,21 Maret 2021,5.0,jos. sangat pas dikantong dan rasanya top markotop,Ronde Campur Tauwa,11 Maret 2022,2025-07-04 21:36:32
"Tahu & Ronde Kitty, Mulyosari",Dicky Hartono Alisantoso,28 Desember 2017,5.0,saya kasi masukan tempatnya makanan tolong di perbaikin,Ronde Campur Tauwa - Ronde Campur,28 Februari 2022,2025-07-04 21:36:32
"Tahu & Ronde Kitty, Mulyosari",Yuli Susanti,4 November 2016,5.0,"cc nya baik banget..  salah order yang mulyosari ttp bs pick up di ff.. 
padahal pegawai sdh nolak2 bilang tdk boleh",Ronde Campur - Angsle,10 Desember 2021,2025-07-04 21:36:32
"Tahu & Ronde Kitty, Mulyosari",H******** J*********,13 September 2015,5.0,Mantapp !! Rondenya maknyuss,Ronde Campur - Kacang Kuah,9 Januari 2022,2025-07-04 21:36:32
"Tahu & Ronde Kitty, Mulyosari",Vania,24 Januari 2016,5.0,ronde nya mantap.,Ronde Mentah,13 November 2021,2025-07-04 21:36:32
"Tahu & Ronde Kitty, Mulyosari",H**** G******,24 Agustus 2019,3.0,lama sekali menunggu,Kacang Kuah - Angsle,14 November 2021,2025-07-04 21:36:32
"Tahu & Ronde Kitty, Mulyosari",P***,23 Desember 2016,1.0,Tahu Pong dicampur tahu biasa : KECEWA BANGET,Angsle - Tahu Pong,10 November 2021,2025-07-04 21:36:32
"Tahu & Ronde Kitty, Mulyosari",Y**** O******,25 Januari 2016,5.0,rondenya mantap,Tahu Telor - Ronde Taiwan,17 September 2021,2025-07-04 21:36:32
"Tahu & Ronde Kitty, Mulyosari",L***,12 November 2019,4.0,"ronde taiwan & kuah jahe mantap rasanya ,, ronde mentah nya bletotan bentuknya,,  mungkin kena kuah panas ronde taiwan,, jadi yg 3pc bentuknya tdk bulat, jd gepeng ,,smoga kedepannya klau beli ronde mentah & matang tidak benturan,,,😒",Ronde Taiwan - Ronde Mentah,4 September 2021,2025-07-04 21:36:32
"Tahu & Ronde Kitty, Mulyosari",L***,12 November 2019,5.0,"mantap tawa kuah jahe,, hangat maknyus😋",Tau Wa,2 September 2021,2025-07-04 21:36:32
"Tahu & Ronde Kitty, Mulyosari",L***,12 November 2019,5.0,"Ronde Kitty,,isi full kacang,,,enak,, kuah jahe bener2 terasa hangat ditenggorokan,,, aroma jahe 👍👍👍",Ronde Taiwan,27 Agustus 2021,2025-07-04 21:36:32
"Tahu & Ronde Kitty, Mulyosari",M*** K******,1 Juli 2018,1.0,kemarin waktu saya beli tagua enak tp hari ini tahua rasanya aga ada rasa gosong dan hancur semua spt bubur...ya sudah tidak apa di kemudian hari tlg lbh diperhatikan kualitasnya.🙏,Tau Wa,23 Juli 2021,2025-07-04 21:36:32
"Tahu & Ronde Kitty, Mulyosari",H********,14 Agustus 2015,1.0,tidak sesuai pesanan. minta tidak pakai kentang tapi yg dikasih tidak pakai lontong,Ronde Taiwan - Tahu Telor,12 Februari 2021,2025-07-04 21:36:32
"Tahu & Ronde Kitty, Mulyosari",N**** E****,19 Juli 2016,3.0,"salah ngepack kuah ronde dan kuah tauwa :) jadi sy makan ronde pakai kuah tawa,makan tawa pakai kuah ronde",Ronde Campur Tauwa - Ronde Campur,25 Januari 2021,2025-07-04 21:36:32
"Tahu & Ronde Kitty, Mulyosari",T****,11 Juni 2016,1.0,Sebaiknya restoran bisa bijaksana kalau ada menu yg salah pilih bisa dibantu cancel dengan menerima order yg benar bukan semata2 mengambil keuntungan krn customer tdk berhasil membatalkan karena terlalu cepat diterima ketika berusaha membatalkan cancel order gagal,Ronde Taiwan - Angsle,17 Januari 2021,2025-07-04 21:36:32
"Tahu & Ronde Kitty, Mulyosari",S*****,10 Juli 2017,2.0,ronde campur sdh basi.,Ronde Taiwan - Ronde Campur,13 Januari 2021,2025-07-04 21:36:32
"Tahu & Ronde Kitty, Mulyosari",R*** T**,18 Juni 2016,2.0,"Isian rondenya agak bau apek, gulanya ga kerasa, mengecewakan.",Kacang Kuah - Ronde Campur,4 Januari 2021,2025-07-04 21:36:32
"Tahu & Ronde Kitty, Mulyosari",V***,23 Februari 2016,3.0,kuah ronde tawar...,Ronde Campur - Angsle,12 Desember 2020,2025-07-04 21:36:32
"Tahu & Ronde Kitty, Mulyosari",N***,22 November 2015,3.0,"tawa terlalu cair dan pahit... tahu tidah digenjrot, hanya digoreng tipis",Tahu Gejrot - Tau Wa,5 Desember 2020,2025-07-04 21:36:32
"Tahu & Ronde Kitty, Mulyosari",T** A*****,30 Maret 2020,4.0,saat dikirim sebaiknya disegel seperti yang lain,Ronde Campur - Tahu Telor - Tahu Pong - Tau Wa - Ronde Mentah,26 Juli 2020,2025-07-04 21:36:32
"Tahu & Ronde Kitty, Mulyosari",V***,5 Januari 2018,2.0,Rasa tahwa nggak spt biasanya,Tau Wa - Tahu Kipas,14 Mei 2020,2025-07-04 21:36:32
"Tahu & Ronde Kitty, Mulyosari",N****,24 Februari 2018,1.0,di baca permintaan costomer,Tahu Telor,22 Maret 2020,2025-07-04 21:36:32
"Tahu & Ronde Kitty, Mulyosari",J****,18 Juni 2015,3.0,"Beli mepet jam 10 malam, mungkin keburu mau tutup. Tahu telornya tidak diperas minyaknya, basah kuyup minyak goreng. Tidak termakan akhirnya.",Tahu Telor - Ronde Taiwan - Tahu Pong,30 Januari 2020,2025-07-04 21:36:32
"Tahu & Ronde Kitty, Mulyosari",N****** K******,26 Desember 2019,4.0,Jahenya kebanyakan jadi kepedesan,Ronde Campur,9 Januari 2020,2025-07-04 21:36:32
"Tahu & Ronde Kitty, Mulyosari",O** J*** H***,6 Juli 2015,4.0,Degannya kurang muda,Ronde Campur Tauwa - Tahu Crispy,21 Desember 2019,2025-07-04 21:36:32
"Tahu & Ronde Kitty, Mulyosari",J****,2 September 2015,3.0,kacang kuah nya gak seperti biasa nya,Ronde Taiwan - Kacang Kuah,20 Desember 2019,2025-07-04 21:36:32
"Tahu & Ronde Kitty, Mulyosari",D*** A********,13 September 2015,4.0,Sampe d rumah yg 1 udah agak dingin... padahal jarak shop k rumah cukup dekat,Ronde Campur - Ronde Taiwan,6 Desember 2019,2025-07-04 21:36:32
"Tahu & Ronde Kitty, Mulyosari",H**** R*****,11 April 2019,3.0,lama nunggunya kata drivernya,Angsle,28 November 2019,2025-07-04 21:36:32
"Tahu & Ronde Kitty, Mulyosari",A******,16 Mei 2016,4.0,sudah adem airnya,Ronde Campur Tauwa,27 Oktober 2019,2025-07-04 21:36:32
"Tahu & Ronde Kitty, Mulyosari",S*****,16 September 2015,1.0,"Untuk harga yang keitungnya mahal di pasaran porsinya sangat sangat sangat sangat sangat sangat sangat sedikit. Padahal rasa standar, bisa dibandingin sama yang jual kaki lima. Kalo jual mahal harus ada nilai lebihnya ya!",Tau Wa - Kacang Kuah,10 Oktober 2019,2025-07-04 21:36:32
"Tahu & Ronde Kitty, Mulyosari",N*** Y******,1 November 2016,1.0,saya minta gak pakek lontong dikasih lontong,Tahu Telor,8 Oktober 2019,2025-07-04 21:36:32
"Tahu & Ronde Kitty, Mulyosari",A********,25 September 2018,1.0,kolang kalingnya bau,Tahu Telor - Angsle,4 Oktober 2019,2025-07-04 21:36:32
"Tahu & Ronde Kitty, Mulyosari",L******,2 April 2016,3.0,tidak sesuai orderan,N/A,2 Agustus 2019,2025-07-04 21:36:32
"Tahu & Ronde Kitty, Mulyosari",B****,1 Juli 2015,2.0,"tidak fresh, porsinya sedikit, harga mahal",N/A,30 Juni 2019,2025-07-04 21:36:32
"Tahu & Ronde Kitty, Mulyosari",C*****,17 Juli 2015,1.0,"pesen ronde, di dlmnya ada karet nya gatau drmna. kurang higienis",N/A,22 Mei 2019,2025-07-04 21:36:32
"Tahu & Ronde Kitty, Mulyosari",J***,6 Agustus 2016,3.0,jgn gosong n ketinggalan cambah n acar,N/A,4 Mei 2019,2025-07-04 21:36:32
"Tahu & Ronde Kitty, Mulyosari",N******* (****** A********,20 Juni 2015,3.0,Rasa jahenya tidak kuat dan cenderung aneh :-(,N/A,3 Mei 2019,2025-07-04 21:36:32
"Tahu & Ronde Kitty, Mulyosari",J***** S******,9 November 2015,3.0,"Terlalu sedikit porsi nya, kentang cuma 2bji, lontong cuma 2bji lalu telur dn tahu jd satu, parahh baru kali ini beli tahu telor dihitung lontong dn isi kentang nya haha parah2 asli kecewa, bkin pelanggan g balik beli krn porsi terlalu sdikit dn hrga jd g sepadan dgn porsi yg dberi",N/A,23 April 2019,2025-07-04 21:36:32
"Tahu & Ronde Kitty, Mulyosari",A****,5 Agustus 2015,3.0,"Mestinya enak sih, sayang petulonya apek tepungnya",N/A,17 April 2019,2025-07-04 21:36:32
"Tahu & Ronde Kitty, Mulyosari",F****,16 November 2016,5.0,"packaging nya agak kurang bagus ya, soalnya kmrn sampe rumah, tauwa nya udah ancur. mgkn perlu pake kontainer buat packagingnya :)",N/A,26 Maret 2019,2025-07-04 21:36:32
"Tahu & Ronde Kitty, Mulyosari",A***,7 Oktober 2015,4.0,selalu kurang manis kuahnya,N/A,8 Februari 2019,2025-07-04 21:36:32
"Tahu & Ronde Kitty, Mulyosari",A****** J********* T,11 November 2015,1.0,The taste is awful,N/A,10 September 2018,2025-07-04 21:36:32
"Tahu & Ronde Kitty, Mulyosari",Y******,9 Januari 2018,3.0,tahunya terlalu asin,N/A,14 Juli 2018,2025-07-04 21:36:32
"Tahu & Ronde Kitty, Mulyosari",Z***,24 November 2015,4.0,"enak hangat 
hanya saja tidak sesuai tampilan
digambar ada degannya",N/A,7 Juli 2018,2025-07-04 21:36:32
"Tahu & Ronde Kitty, Mulyosari",M******,4 Agustus 2016,2.0,Wedang jahenya pahit. Kurang gula,N/A,1 Juli 2018,2025-07-04 21:36:32
"Tahu & Ronde Kitty, Mulyosari",A****** H******,18 Agustus 2015,5.0,Sayang sekali dengan harga segitu pengemasannya sangat buruk. Air jahenya tumpah habis dalam plastik. Kurang kenceng ikatnya. Bon sampe tidak bisa difoto oleh driver. Payah sekali pengemasannya. Jorok.,N/A,3 Juni 2018,2025-07-04 21:36:32
"Tahu & Ronde Kitty, Mulyosari",D*** A** T** M,31 Maret 2018,1.0,nggak enak... pahit,N/A,2 Juni 2018,2025-07-04 21:36:32
"Tahu & Ronde Kitty, Mulyosari",E*****,6 Oktober 2015,1.0,The food is so tasteless. Don't buy it in kitty.,N/A,29 Mei 2018,2025-07-04 21:36:32
"Tahu & Ronde Kitty, Mulyosari",V***,24 Juli 2017,5.0,tahu nya kurang enak,N/A,16 Mei 2018,2025-07-04 21:36:32
"Tahu & Ronde Kitty, Mulyosari",V****,29 Juli 2015,3.0,ronde nya pahit rasanya,N/A,22 April 2018,2025-07-04 21:36:32
"HokBen, Galaxy Mall",A***,24 April 2016,1.0,"Tidak ada sop, padahal pesanan saya dapat sop",Bundling Hoka Suka Ber-4 - Ocha,26 Februari 2025,2025-07-04 21:37:08
"HokBen, Galaxy Mall",Kevin Manuel,17 Februari 2017,4.0,"Tokyo bowl maze udon nya enak, tapi saya tidak dapat scrambled egg nya pas makanan saya sudah sampai padahal di keterangan menu terdapat scrambled egg..",Maze Udon - Chicken Tofu (2 pcs),7 Oktober 2024,2025-07-04 21:37:08
"HokBen, Galaxy Mall",C*****,15 Oktober 2022,1.0,mohon maaf makanan blm saya Terima.,Egg Chicken Roll (6 pcs) - Es Sarang Burung,8 September 2024,2025-07-04 21:37:09
"HokBen, Galaxy Mall",Darman,27 November 2015,5.0,okey aja makanannya,Ekkado (5 pcs) - Hoka Hemat 3,7 Juli 2024,2025-07-04 21:37:09
"HokBen, Galaxy Mall",devina permata mulia,5 Mei 2019,5.0,"uenak pool, harga terjangkau",Chicken Tofu (2 pcs) - Egg Chicken Roll (6 pcs) - Hoka Hemat 3,17 Juni 2024,2025-07-04 21:37:09
"HokBen, Galaxy Mall",Rizky,20 September 2022,2.0,beli additional salad gak d kasih mayo. gimana .. mayonya ada d dalam box yg memang sudah include dengan value set 1. lalu saladnya sebesar ini gada mayo. kenapa gak d kasih ? karna saya mnt extra sauce ? atau karna hal lain ?,Salad HokBen - Value Set 1 - Nasi HokBen,25 Mei 2024,2025-07-04 21:37:09
"HokBen, Galaxy Mall",Nadiyah,14 Januari 2019,5.0,"ocha lychee nya biasa aja, salad & nasinya yg palin oke, chicken rollnya juga enakk",Egg Chicken Roll (6 pcs) - Ocha Lychee Tea - Salad HokBen,16 Mei 2024,2025-07-04 21:37:09
"HokBen, Galaxy Mall",AaLL,24 September 2015,5.0,hokben ga ada cacat,Hoka Hemat 1 - Beef Teriyaki,26 Maret 2024,2025-07-04 21:37:09
"HokBen, Galaxy Mall",ayu richie,12 November 2017,2.0,"ini saya pesen chicken teriyaki kok malah yg dateng beef ya :""(",Chicken Tofu (2 pcs) - Chicken Teriyaki,4 Maret 2024,2025-07-04 21:37:09
"HokBen, Galaxy Mall",Ganendra Aby,4 Agustus 2019,5.0,"terma kasih, makanannya enak",Premium Set Beef Yakiniku,8 November 2023,2025-07-04 21:37:09
"HokBen, Galaxy Mall",NARKO,24 Mei 2017,5.0,tingkatkan trus mutunya,Hoka Hemat 3 - Hoka Hemat 2 - Egg Chicken Roll (6 pcs),29 Oktober 2023,2025-07-04 21:37:09
"HokBen, Galaxy Mall",aldy,10 Mei 2022,1.0,"Pesen 1 paket, yg harusny dpt 1 milo dan 1 makanan, malah tidak dpt milo ny, pdhl harga nya itu sepaket sama minuman.",Kidzu Bento 1 - Beef + Egg Chicken Roll + Nasi + Egg,1 Oktober 2023,2025-07-04 21:37:09
"HokBen, Galaxy Mall",ayu,29 Mei 2016,4.0,ayam teriyakinya alot&kecil,Egg Chicken Roll + Beef Yakiniku + Chicken Teriyaki + Creamy Ebi Korokke + Nasi,13 September 2023,2025-07-04 21:37:09
"HokBen, Galaxy Mall",F****** J******** E******,23 September 2018,4.0,"Makanannya enak, hanya saja porsi gorengannya kurang dan untuk harganya cukup mahal",Favorite Set Chicken Teriyaki,9 September 2023,2025-07-04 21:37:09
"HokBen, Galaxy Mall",Calvin,23 Agustus 2023,2.0,"enak, cuma dikit dapetnya jadi gak kenyang",Beef Sukiyaki + Chicken Karaage with Sauce Umakara,1 September 2023,2025-07-04 21:37:09
"HokBen, Galaxy Mall",yanuar,10 Oktober 2015,5.0,"mantafo
numbero
uno",Iced Coffee With Milk & Brown Sugar 500 ml - Bento  Special 4,12 Agustus 2023,2025-07-04 21:37:09
"HokBen, Galaxy Mall",Ovi Nagata,22 Desember 2017,5.0,souss sama alat makan knp g di kasihhh sih.,Hoka Hemat 1 - Egg Chicken Roll (6 pcs),28 Juli 2023,2025-07-04 21:37:09
"HokBen, Galaxy Mall",abida zurika,15 Mei 2015,5.0,mantap sekali enakkk,Hoka Hemat 3 - Hoka Hemat 2,21 Juli 2023,2025-07-04 21:37:09
"HokBen, Galaxy Mall",Laras,5 November 2017,5.0,Coffeenya enak🥰,Iced Coffee With Milk & Brown Sugar 500 ml,15 Juli 2023,2025-07-04 21:37:09
"HokBen, Galaxy Mall",tutut rahayu,24 September 2018,4.0,menu favorit..murah ngeyangin,Hoka Hemat 2 - Hoka Hemat 3,20 Juni 2023,2025-07-04 21:37:09
"HokBen, Galaxy Mall",nur fitri ani,18 Juni 2020,5.0,udh sering belu dihokben enak bngt pelayanannya ramah,Bento  Special 4,29 Mei 2023,2025-07-04 21:37:09
"HokBen, Galaxy Mall",bu Irma Aris,27 Juni 2018,3.0,beef teriyakinya rasanay beda dari biasanya. aneh.,Paket A - Chicken Katsu (1 pc),18 Mei 2023,2025-07-04 21:37:09
"HokBen, Galaxy Mall",cakra,22 Juni 2017,5.0,terima kasih Kak... sesuai dgn request 🙏Senang dapat harga promo ..Rasa tetap enak tidak berubah..bahan2 segar dan baru tooppp 👍💯⭐💞,Promo Simple Set Teriyaki 2 + Aqua - Beef Yakiniku - Chicken Tofu (2 pcs) - Beef Teriyaki,25 April 2023,2025-07-04 21:37:09
"HokBen, Galaxy Mall",ANDIKA,11 Desember 2016,5.0,okokokokokokokokokokok,Promo 4 Porsi Simple Set Teriyaki 2 + 4 Aqua,20 April 2023,2025-07-04 21:37:09
"HokBen, Galaxy Mall",silasufiyana,14 Desember 2019,1.0,ga tau kenapa kemaren dpt dagingny lengket kyk uda basi :( ad asem2 dikit. side dishny jg kering bgt :( nasiny dingin. ak sempet mikir apa ini sisa kemaern ya ? :( gtw biasany beli g kyk gini,Bento  Special 2,31 Maret 2023,2025-07-04 21:37:09
"HokBen, Galaxy Mall",RaditFiras,5 Mei 2021,4.0,nasi sama lauknya tumben tdk panas and sama segelnya agak rusak,Paket C - Simple Set Beef Teriyaki 1 - Value Set 1	.,5 Maret 2023,2025-07-04 21:37:09
"HokBen, Galaxy Mall",Zain,24 Februari 2020,4.0,"pesan bento spesial 4
malah dikasih spesial 3",Bento  Special 4,1 Maret 2023,2025-07-04 21:37:09
"HokBen, Galaxy Mall",silvi,30 September 2015,3.0,kalau bisa porsi ayam teriyaki nya ditimbang biar gak terlalu sedikit kalau ngasih.. kebnyakan bwng bombay jg dbuang bawang nya..,Chicken Teriyaki - Egg Chicken Roll (6 pcs),13 Februari 2023,2025-07-04 21:37:09
"HokBen, Galaxy Mall",Vania,2 Juli 2016,5.0,pengiriman cepat 👏👍👍,Simple Set Chicken Teriyaki 1,22 Januari 2023,2025-07-04 21:37:09
"HokBen, Galaxy Mall",Kartika Sari,15 Juni 2017,5.0,mantap pokoknya,2 Simple Set Teriyaki + 2 Simple Set Yakiniku - Paket 1 Hokben Fried Chicken,30 Desember 2022,2025-07-04 21:37:09
"HokBen, Galaxy Mall",Didik wahyudi,2 Agustus 2015,5.0,fast respon good job,Hokkaido Miso Ramen Reguler - Bento Special 3 - Premium Set Beef Teriyaki - Shrimp Dumpling (3 pcs) - Salad HokBen - Es Sarang Burung,24 Desember 2022,2025-07-04 21:37:09
"HokBen, Galaxy Mall",imanuel,2 Agustus 2019,5.0,"enak sih, worth it, cuman iced ocha nya apa emang kayak air putih biasa ?",Value Set 3,5 Desember 2022,2025-07-04 21:37:09
"HokBen, Galaxy Mall",F**** M****,19 Juni 2019,2.0,"saya pesan paket B sama paket D, tapi salah satunya tidak sesuai gambar. yang paket B tidak ada ebi furainya. lain kali jangan terulangi. terimakasih",Chicken Tofu (2 pcs) - Paket B - Paket D,23 November 2022,2025-07-04 21:37:09
"HokBen, Galaxy Mall",tasya,13 April 2018,5.0,enaaaaaak bangettttt,Ebi Furai (4 pcs) - Shirataki Soup - Es Ogura,13 November 2022,2025-07-04 21:37:09
"HokBen, Galaxy Mall",Andri,3 Juli 2016,5.0,enjoy it so much,Bento  Special 4 - Salad HokBen,6 November 2022,2025-07-04 21:37:09
"HokBen, Galaxy Mall",Soo Liong,9 Februari 2017,5.0,Very Delicious 😋😋😋,Original Chicken Steak - Chicken Teriyaki,6 November 2022,2025-07-04 21:37:09
"HokBen, Galaxy Mall",Danny,17 Agustus 2021,4.0,enak sih rasanya.. cuma pas kedapetan Nasinya belum mateng.. msh terasa beras bagian dalamnya...,Hoka Hemat 4 - Hoka Hemat 1,30 Oktober 2022,2025-07-04 21:37:09
"HokBen, Galaxy Mall",P*******,11 November 2016,2.0,Dikasih nasi belum mateng dong 🥲,Hoka Hemat 2 - Chicken Tofu (2 pcs) - Es Merah Delima,17 Oktober 2022,2025-07-04 21:37:09
"HokBen, Galaxy Mall",Renata Indah Permatasari,14 Desember 2019,5.0,ga pernah salah sih soal rasa,Paket B,20 September 2022,2025-07-04 21:37:09
"HokBen, Galaxy Mall",F*** K********,6 November 2021,5.0,good food delicius maknyus,Simple Set Beef Yakiniku 2,18 September 2022,2025-07-04 21:37:09
"HokBen, Galaxy Mall",S*****,24 Agustus 2020,3.0,ayam teriyakinya sedikit. pernah beli yg daging lumayan banyak dptnya.,Simple Set Chicken Teriyaki 1,10 September 2022,2025-07-04 21:37:09
"HokBen, Galaxy Mall",Kusumastuti,28 Maret 2018,5.0,rasa enak dan harga sesuai rasa,Paket D - Hoka Hemat 2,5 September 2022,2025-07-04 21:37:09
"HokBen, Galaxy Mall",Adiyanto Nday,29 Februari 2020,5.0,"It's a lot to talk about HOKBEN. Try Chicken Nori= Delicious✓
Hokben Teriyaki and Yakiniku = Legendary fav. by people ✓
It's something special about their pickle and lovely mayo❤️✓
And Hokben Chicken Steak 👍👍👍.
Just try by yourself their amazing menu🌟",A La Carte Hokben Fried Chicken 2 Pcs - Bento Special 1 - Paket B,4 September 2022,2025-07-04 21:37:09
"HokBen, Galaxy Mall",Ika fitriana,16 November 2015,5.0,Porsinya diperbanyak 😁,Hoka Hemat 1,3 September 2022,2025-07-04 21:37:09
"HokBen, Galaxy Mall",Bogik Arga,22 Juni 2017,5.0,"I Love HokBen, dari bujang sampai anak sdh kuliah ini salah satu makanan favoritku",Hoka Hemat 3 + Tehbotol Kotak Sosro - Hoka Hemat 3,17 Agustus 2022,2025-07-04 21:37:09
"HokBen, Galaxy Mall",nata,28 Desember 2015,1.0,hokben salah kirim orderan saya. pesannya shrimp roll malah dikasih chicken . dan ini yg sdh ke 2 kalknya salah siapin orderan. payahhh,Shrimp Roll (5 pcs) - Chicken Katsu (1 pc),7 Agustus 2022,2025-07-04 21:37:09
"HokBen, Galaxy Mall",Jasmine,8 Agustus 2018,5.0,baik banget hokben ada pesanan ketinggalan yg bahkan aku ga sadar tp dianter langsung sama orang hokbennya super luvvvv💕💕💕,Hoka Hemat 3 - Bento Special 3,4 Agustus 2022,2025-07-04 21:37:09
"HokBen, Galaxy Mall",Kusumastuti,28 Maret 2018,5.0,rasa enak dan harga sesuai rasa,Simple Set Chicken Teriyaki 1 - Chicken Teriyaki,2 Agustus 2022,2025-07-04 21:37:09
"HokBen, Galaxy Mall",T***,20 September 2017,3.0,Porsinya sangat sangat sedikit .... Ga sama kalau beli dilainnya,Bento  Special 4 - Bento Special 1,24 Juli 2022,2025-07-04 21:37:09
"HokBen, Galaxy Mall",Kusumastuti,28 Maret 2018,5.0,rasa enak dan harga sesuai rasa,Simple Set Chicken Teriyaki 1 - Hoka Hemat 2,15 Juli 2022,2025-07-04 21:37:09
"HokBen, Galaxy Mall",Kusumastuti,28 Maret 2018,5.0,rasa enak dan harga sesuai rasa,Simple Set Beef Teriyaki 1 - Hoka Hemat 2,10 Juli 2022,2025-07-04 21:37:09
"HokBen, Galaxy Mall",Muhammad Fadhil,8 September 2015,2.0,"pesen Simple Set Teriyaki 2 Upgrade Blackpepper Miso Chicken kurang 2 Shrimp Roll! Susah banget lagi buat komplainnya, HOKBEN GALAXY MALL GAK BISA DIHUBUNGIN",Beef + Egg Chicken Roll + Nasi + Egg - Simple Set Teriyaki 2 Upgrade Blackpepper Miso Chicken,8 Juli 2022,2025-07-04 21:37:09
"HokBen, Galaxy Mall",Kusumastuti,28 Maret 2018,5.0,rasa enak dan harga sesuai rasa,Simple Set Beef Yakiniku 1 - Hoka Hemat 2,3 Juli 2022,2025-07-04 21:37:09
"HokBen, Galaxy Mall",Soo Liong,9 Februari 2017,5.0,Very Delicious 😋,Chicken Teriyaki,3 Juli 2022,2025-07-04 21:37:09
"HokBen, Galaxy Mall",Kusumastuti,28 Maret 2018,5.0,rasa enak dan harga sesuai rasa,Simple Set Beef Teriyaki 1 - Hoka Hemat 2,27 Juni 2022,2025-07-04 21:37:09
"HokBen, Galaxy Mall",Soo Liong,9 Februari 2017,5.0,Wonderful Dinner with these Foods. Very Delicious 😋😋😋,Chicken Teriyaki - Chicken Tofu (2 pcs) - Egg Chicken Roll (6 pcs),16 Juni 2022,2025-07-04 21:37:09
"HokBen, Galaxy Mall",M*******,8 Oktober 2018,1.0,"Sangat berminyak dan masih berasa tepungnya, semoga bisa lebih baik",Paket 1 Hokben Fried Chicken,11 Juni 2022,2025-07-04 21:37:09
"HokBen, Galaxy Mall",Kusumastuti,28 Maret 2018,5.0,rasa enak dan.kebersihan terjamin dan ongkir murah,Simple Set Beef Teriyaki 1 - Hoka Hemat 2,8 Juni 2022,2025-07-04 21:37:09
"HokBen, Galaxy Mall",A*** S******,6 Agustus 2018,2.0,"tidak dikasih sumpit, tidak dikasih sambal, tidak dikasih ocha. biasanya selalu ada :(",Premium Set Beef Teriyaki - Egg Chicken Roll (6 pcs),5 Juni 2022,2025-07-04 21:37:09
"HokBen, Galaxy Mall",Nunik Kurnia,22 Juni 2016,4.0,bawang Bombay nya masih keras dan agak pahit karena mungkin menumisnya kurang lama ( kurang layu),Tori Pop Corn - Clear Soup - Simple Set Beef Yakiniku 1,31 Mei 2022,2025-07-04 21:37:09
"HokBen, Galaxy Mall",L**,22 Juli 2019,4.0,Milo baunya basi,Paket B - Milo With Ice,3 Juni 2022,2025-07-04 21:37:09
"HokBen, Galaxy Mall",Lesmana A. W,24 Agustus 2015,1.0,baru datang milo sudah kecut. dan juga chicken tofunya gak enak seperti biasanya kayak sudah lama. baru kali ini biasanya gak pernah seperti ini. mohon diperhatikan lagi karna sdh masuk resto ternama,Hoka Hemat 1 - Kidzu Bento 1 - Super Bowl Chicken Katsu Sambal Matah - Chicken Tofu (2 pcs),2 Juni 2022,2025-07-04 21:37:09
"HokBen, Galaxy Mall",Kusumastuti,28 Maret 2018,5.0,rasa enak dan kebersihan terjamin,Simple Set Beef Teriyaki 1 - Hoka Hemat 2,2 Juni 2022,2025-07-04 21:37:09
"HokBen, Galaxy Mall",nanang,9 September 2015,5.0,ancen top bgt legenda makananan,Favorite Set Chicken Yakiniku - Ocha Lychee Tea,31 Mei 2022,2025-07-04 21:37:09
"HokBen, Galaxy Mall",Kusumastuti,28 Maret 2018,5.0,rasa enak dan harga sesuai rasa,Simple Set Beef Yakiniku 1 - Hoka Hemat 2,29 Mei 2022,2025-07-04 21:37:09
"HokBen, Galaxy Mall",martia rani tacharina,9 September 2016,1.0,The egg roll is missing in all porsion,Super Bowl Hot & Spicy Beef Teriyaki + Egg Chicken Roll,27 Mei 2022,2025-07-04 21:37:09
"HokBen, Galaxy Mall",Billy Andrezy,26 Agustus 2015,1.0,Tidak ada alat makannya. Masa makan pakai tangan?,Bento  Special 4,27 Mei 2022,2025-07-04 21:37:09
"HokBen, Galaxy Mall",jayanti,19 Juni 2016,4.0,"nasinya sudah agak dingin, g pulen seperti hokben umumnya",Hoka Hemat 3 - Hoka Hemat 2,19 Mei 2022,2025-07-04 21:37:09
"HokBen, Galaxy Mall",Kusumastuti,28 Maret 2018,5.0,rasa enak dan harga sesuai rasa,Simple Set Beef Teriyaki 1 - Hoka Hemat 2,20 Mei 2022,2025-07-04 21:37:09
"HokBen, Galaxy Mall",ronald,26 September 2015,1.0,"SALAH PESANAN, saya order bento special 4 yang datang menu murahan",Bento  Special 4 - Kani Roll (2 pcs),18 Mei 2022,2025-07-04 21:37:09
"HokBen, Galaxy Mall",Sandy Richa,13 Mei 2018,4.0,"Ini paketnya udah termasuk mayo kan? biasanya saya beli, udah ada mayonya... Tp kok, saya bayar tambahan mayo, mayonya tetap cuma 1? 🤔🤔🤔🤔🤔",Hoka Hemat 3 - Shrimp Dumpling (3 pcs),10 Mei 2022,2025-07-04 21:37:09
"HokBen, Galaxy Mall",Kusumastuti,28 Maret 2018,5.0,"rasa enak, tp harga mahal",Hoka Hemat 2 - Simple Set Beef Yakiniku 1,26 April 2022,2025-07-04 21:37:09
"HokBen, Galaxy Mall",fenti,13 Desember 2016,1.0,"kurang 1, dan respon lambat",Paket A - Bento Ramadan 3,25 April 2022,2025-07-04 21:37:09
"HokBen, Galaxy Mall",Kusumastuti,28 Maret 2018,5.0,rasa enak tp harga mahal,Chicken Yakiniku - Simple Set Beef Yakiniku 1,20 April 2022,2025-07-04 21:37:09
"HokBen, Galaxy Mall",Kusumastuti,28 Maret 2018,5.0,"rasa enak, tp harga mahal",Simple Set Beef Teriyaki 1 - Chicken Yakiniku,16 April 2022,2025-07-04 21:37:09
"HokBen, Galaxy Mall",Kusumastuti,28 Maret 2018,5.0,rasa enak dan kebersihan terjamin,Simple Set Beef Teriyaki 1 - Chicken Teriyaki,11 April 2022,2025-07-04 21:37:09
"HokBen, Galaxy Mall",Harmadi,31 Agustus 2016,1.0,barang tidak nyampe,Bento  Special 4,10 April 2022,2025-07-04 21:37:09
"HokBen, Galaxy Mall",joice,11 November 2015,5.0,"masakan enak,pekingan juga rapi banget👍",Simple Set Chicken Teriyaki 1,9 April 2022,2025-07-04 21:37:09
"HokBen, Galaxy Mall",resty,7 Mei 2017,5.0,"mantaapp smuanya nikmat
endulita...",Simple Set Chicken Yakiniku 2,8 April 2022,2025-07-04 21:37:09
"HokBen, Galaxy Mall",Kusumastuti,28 Maret 2018,5.0,rasa enak tapi ongkirnya mahal,Simple Set Beef Teriyaki 1,7 April 2022,2025-07-04 21:37:09
"HokBen, Galaxy Mall",Kusumastuti,28 Maret 2018,5.0,rasa enak dan kebersihan terjamin,Simple Set Beef Teriyaki 1,3 April 2022,2025-07-04 21:37:09
"HokBen, Galaxy Mall",Ratna,28 Januari 2017,3.0,beef yakiniku nya dikitttt...,Paket A,1 April 2022,2025-07-04 21:37:09
"HokBen, Galaxy Mall",Kusumastuti,28 Maret 2018,5.0,rasa enak dan kebersihan terjamin,Simple Set Beef Teriyaki 1 - Hoka Hemat 2,1 April 2022,2025-07-04 21:37:09
"HokBen, Galaxy Mall",Fanessa,12 Juni 2015,3.0,"chicken tofu udh kelamaan tuh, tahunya udh aneh rasanya, bagian ayamnya aja yg dimakan",Bento  Special 4 - Chicken Tofu (2 pcs) - Bento  Special 2,31 Maret 2022,2025-07-04 21:37:09
"HokBen, Galaxy Mall",A****** M*,30 November 2015,2.0,"beli paket ayam + nasi dan minum yg dtg cuma ayam aja, dan tidak ada struk di dalam nya",Hoka Hemat 1 - Paket 1 Hokben Fried Chicken - Ekkado (5 pcs),31 Maret 2022,2025-07-04 21:37:09
"HokBen, Galaxy Mall",Kusumastuti,28 Maret 2018,5.0,rasa enak dan kebersihan terjamin,Simple Set Beef Yakiniku 1 - Hoka Hemat 2,25 Maret 2022,2025-07-04 21:37:09
"HokBen, Galaxy Mall",Kusumastuti,28 Maret 2018,5.0,rasa enak dan kebersihan terjamin,Simple Set Beef Teriyaki 1 - Hoka Hemat 2,18 Maret 2022,2025-07-04 21:37:09
"HokBen, Galaxy Mall",Reyza,29 Agustus 2019,5.0,"ayamnya enak banget
mantaf hokben",Paket A - Paket C - Hoka Hemat 1 - 2 pcs Ayam Goreng + Nasi + Ice Lemon Tea,13 Maret 2022,2025-07-04 21:37:09
"HokBen, Galaxy Mall",Nuri Hermawati,12 November 2019,5.0,chef-nya baik pinter masak juga,Bento Special 3 - Beef + Egg Chicken Roll + Nasi + Egg,12 Maret 2022,2025-07-04 21:37:09
"HokBen, Galaxy Mall",Kusumastuti,28 Maret 2018,5.0,rasa enak dan ongkir murah,Hoka Hemat 2 - Simple Set Beef Yakiniku 1,12 Maret 2022,2025-07-04 21:37:09
"HokBen, Galaxy Mall",N*** H********,12 November 2019,5.0,memang suka aja pengen makanan hokben meskipun pengeluaran untuk cicilan rumah...hehehe,Simple Set Beef Teriyaki 2,12 Maret 2022,2025-07-04 21:37:09
"HokBen, Galaxy Mall",T****** H****,26 Agustus 2015,1.0,"Parah daging keras sekali , mohon lebih diperhatikan ya dagingnya 🙏🙏🙏 sayang sekali padahal saya lumayan sering dine in dan tidak pernah seperti ini. Mohon bisa di perbaiki kedepannya",Beef + Shrimp Roll + Nasi + Egg - Ocha Lychee Tea,11 Maret 2022,2025-07-04 21:37:09
"HokBen, Galaxy Mall",K**************,20 Agustus 2015,1.0,saya pesen banyak cuman dikirim 2 itu pun salah lagi 😩😩,Simple Set Beef Teriyaki 1 - Takoyaki Original - Milo With Ice - Paket 2 Hokben Fried Chicken,8 Maret 2022,2025-07-04 21:37:09
"HokBen, Galaxy Mall",ira,4 September 2015,3.0,baru saja beli 2 paket a la carte hokben fried chicken 2 pc . ternyata yg datang cuma 1 kotak yang berisi dua ayam,Salad HokBen - Takoyaki 5 pcs - A La Carte Hokben Fried Chicken 2 Pcs,7 Maret 2022,2025-07-04 21:37:09
"HokBen, Galaxy Mall",J***,3 November 2021,4.0,Hokben GM kasi salad nya dikit bgt bener2 cuma seuprit bukan cm dikit. Isinya cm wortel aja ga ada cabbage nya. Mungkin yg lain banyak yg ga suka tp yg suka bgt kaya saya jd sedih sdgkn mayo nya sebanyak itu🥲,Egg Chicken Roll (6 pcs) - Simple Set Beef Teriyaki 1,6 Maret 2022,2025-07-04 21:37:09
"HokBen, Galaxy Mall",Kusumastuti,28 Maret 2018,5.0,rasa enak dan kebersihan terjamin,Simple Set Beef Teriyaki 1 - Hoka Hemat 2,5 Maret 2022,2025-07-04 21:37:09
"HokBen, Galaxy Mall",Kusumastuti,28 Maret 2018,5.0,rasa enak dan kebersihan terjamin,Simple Set Beef Teriyaki 1 - Hoka Hemat 2,3 Maret 2022,2025-07-04 21:37:09
"HokBen, Galaxy Mall",brama,8 Agustus 2021,4.0,"Saos sambalnya kurang, rasanya enak pas untuk anak kecil sampai orang tua. Tolong diberikan juga sendok selain sumpit. Thx",Beef + Egg Chicken Roll + Nasi + Egg,3 Maret 2022,2025-07-04 21:37:09
"HokBen, Galaxy Mall",Yuspradityo,4 Juli 2017,1.0,tiap order kopi mesti yg biasa. gak pernah dingin,Paket D - Tori No Teba (2 pcs) - Iced Coffee With Milk & Brown Sugar 500 ml,28 Februari 2022,2025-07-04 21:37:09
"HokBen, Galaxy Mall",lodevik dyastotto wardhana,19 Februari 2016,1.0,"pesanan yg di kirim salah..
saya pesan beef teriyaki, tapi yg datang chicken Yakiniku..
ini saya gak bisa makan, karena saya gak doyan chicken Yakiniku",Simple Set Beef Teriyaki 1,25 Februari 2022,2025-07-04 21:37:09
"HokBen, Galaxy Mall",Kusumastuti,28 Maret 2018,5.0,rasa enak dan kebersihan terjamin,Simple Set Beef Teriyaki 1 - Hoka Hemat 2,25 Februari 2022,2025-07-04 21:37:09
"HokBen, Galaxy Mall",Kusumastuti,28 Maret 2018,5.0,rasa enak dan kebersihan terjamin,Simple Set Beef Teriyaki 1 - Hoka Hemat 2,19 Februari 2022,2025-07-04 21:37:09
"HokBen, Galaxy Mall",Kusumastuti,28 Maret 2018,5.0,rasa enak dan kebersihan terjamin,Simple Set Beef Teriyaki 1 - Hoka Hemat 2,21 Februari 2022,2025-07-04 21:37:09
"HokBen, Galaxy Mall",A******** N*****,17 Desember 2018,5.0,Hokben never failed me,Simple Set Beef Yakiniku 1 - Ocha,21 Februari 2022,2025-07-04 21:37:09
"HokBen, Galaxy Mall",aliang,4 Desember 2017,5.0,anak anak selalu suka,Mix Chicken & Curry Korokke 5 Pcs - Shrimp Roll (5 pcs) - Egg Chicken Roll (6 pcs),20 Februari 2022,2025-07-04 21:37:09
"HokBen, Galaxy Mall",A*** S******* W*****,7 Agustus 2015,2.0,Shrimp Balk tanpa KUAH? QC QC ?,Bento  Special 2 - Beef Teriyaki - Shrimp Ball (3 pcs),18 Februari 2022,2025-07-04 21:37:09
"HokBen, Galaxy Mall",Kusumastuti,28 Maret 2018,5.0,"rasa enak, tapi ongkir mahal",Simple Set Beef Teriyaki 1 - Hoka Hemat 2,16 Februari 2022,2025-07-04 21:37:09
"HokBen, Galaxy Mall",lailieka,9 Agustus 2017,4.0,saus nya cuma dikasih 1 kecil 💔 dan tidak seperti biasanya,Hoka Hemat 3,14 Februari 2022,2025-07-04 21:37:09
"HokBen, Galaxy Mall",S**** L******** U****,1 September 2015,2.0,Pesannya 3 paket chicken tp datangnya beef semua. Kebetulan lg g bs makan beef. Jd mubazir. Gmn solusinya? 😅😢😢,Simple Set Chicken Teriyaki 2 - Premium Set Beef Teriyaki,15 Februari 2022,2025-07-04 21:37:09
"HokBen, Galaxy Mall",Kusumastuti,28 Maret 2018,5.0,rasa enak dan kebersihan terjamin,Simple Set Beef Teriyaki 1 - Hoka Hemat 2,14 Februari 2022,2025-07-04 21:37:09
"HokBen, Galaxy Mall",sudiyati,30 Desember 2017,5.0,Alhamdulillah...enak dan mantap,Simple Set Beef Teriyaki 1 - Paket D,13 Februari 2022,2025-07-04 21:37:09
"HokBen, Galaxy Mall",Kusumastuti,28 Maret 2018,5.0,"rasa enak, tapi ongkir mahal",Hoka Hemat 2,10 Februari 2022,2025-07-04 21:37:09
"HokBen, Galaxy Mall",H****,31 Agustus 2016,3.0,"Bosan untuk mengingatkan potongan egg chicken roll nya terlalu kecil, ini retaurant ga ada standart nya apa tidak toh",Hoka Hemat 1 - Hoka Hemat 2,8 Februari 2022,2025-07-04 21:37:09
"HokBen, Galaxy Mall",M******* F*****,5 Oktober 2018,5.0,Rasanya mantap! 👍,Teh Botol Kotak Sosro - Egg Chicken Roll (6 pcs),9 Februari 2022,2025-07-04 21:37:09
"HokBen, Galaxy Mall",Hans,25 September 2017,3.0,"nggak tau gimana, didalem alacarte chicken katsunya ada nasinya",Chicken Katsu (1 pc) - Hoka Hemat 1 + Tehbotol Kotak Sosro,9 Februari 2022,2025-07-04 21:37:09
"HokBen, Galaxy Mall",Kusumastuti,28 Maret 2018,5.0,rasa enak dan kebersihan terjamin,Simple Set Beef Teriyaki 1 - Hoka Hemat 2,8 Februari 2022,2025-07-04 21:37:09
"HokBen, Galaxy Mall",Kusumastuti,28 Maret 2018,5.0,"rasa enak, tapi ongkirnya mahal",Simple Set Beef Teriyaki 1 - Hoka Hemat 2,6 Februari 2022,2025-07-04 21:37:09
"HokBen, Galaxy Mall",T** W****** S***,4 Juni 2016,2.0,sudah sangat jelas sy pesannya apa. datangnya apa... mau di balikin jg driver udh pergi dan kasihan kalo misal harus balik jg. Tumbler sy udh jelas Di note warna White... putih datang warna cream. Hadew... 2 kali pesan salah2 terus. kesel bgtz. bisq di tukar gak ya tumblernya,2 pcs Ayam Goreng + Nasi + Ice Lemon Tea - Hoka Hemat 4 - 1 pc Tumbler HokBen X Tupperware - Chicken Tofu (2 pcs),5 Februari 2022,2025-07-04 21:37:09
"HokBen, Galaxy Mall",Justmebudhi,27 Januari 2018,5.0,mantap... selalu jadi pilihan saat lagi kepingin makan yang enak enak,Premium Set Beef Teriyaki - Hot & Spicy Beef Teriyaki - Super Bowl Hot & Spicy Beef Teriyaki + Chicken Katsu - Ocha Lychee Tea,29 Januari 2022,2025-07-04 21:37:09
"HokBen, Galaxy Mall",R***,2 Agustus 2015,1.0,harap kebersihan dijaga. saya pesan dumpling ada kecoa kecil mengambang,Shrimp Dumpling (3 pcs) - Favorite Set Chicken Yakiniku,2 Februari 2022,2025-07-04 21:37:09
"Anugrah Penyetan Sambel Uleg, Karang Menjangan",wisnu,4 Februari 2019,3.0,nunggunya sejam lebih,Nasi Ayam Mangap T3 Sambel Bawang Spr Pedas,2 April 2025,2025-07-04 21:37:43
"Anugrah Penyetan Sambel Uleg, Karang Menjangan",WANG ING,3 Januari 2016,1.0,mbak itu pesanan sy kok lelenya tdk ada kan pesanan sy bandeng presto 1bj nasi 2 bj telur dadar 1bj lele 1bj knp kok lelenya tdk kasih pdhl sdh sy byr gmn nih cara pelayanannya kok tdk benar tlg dikembalikan uang sy,Bandeng Presto - Lele Goreng - Telur Mata Sapi / Dadar - Nasi Putih,30 Maret 2025,2025-07-04 21:37:43
"Anugrah Penyetan Sambel Uleg, Karang Menjangan",Y***** A*****,9 November 2018,5.0,"Rasanya enak, porsi nya banyak, sambelnya super banyak super nampol 😋",Nasi Ayam Mangap T3 Sambel Bawang Spr Pedas - Tahu / Tempe,17 Oktober 2024,2025-07-04 21:37:43
"Anugrah Penyetan Sambel Uleg, Karang Menjangan",Riodika sukmawan,6 Januari 2019,5.0,sesuai ekspektasi saya.. trima kasih,Nasi Lele Kremes - Telur Mata Sapi / Dadar - Paket Nasi Udang Kremes,27 Agustus 2024,2025-07-04 21:37:43
"Anugrah Penyetan Sambel Uleg, Karang Menjangan",ulfi karomah,31 Desember 2017,5.0,enakk porsi pas,Nasi Ayam Goreng T3 Sambel Ijo Spr Pedas - Sambelan Bandeng Presto,15 Agustus 2024,2025-07-04 21:37:43
"Anugrah Penyetan Sambel Uleg, Karang Menjangan",i gusti ngurah made budayana,3 September 2015,1.0,"Jangan harap kayak gambar jauh, bebek ukurannya kayak jari kelingking. Dehh dahlah sekali saja. Kecur semua",Bebek Paha/ Dada - Nasi Ayam Goreng + Telur Komplit Special,3 Mei 2024,2025-07-04 21:37:43
"Anugrah Penyetan Sambel Uleg, Karang Menjangan",Pralita,15 Juni 2015,3.0,"makanan tidak sesuai pesanan. 
pesan lele 2 yang datang 1 lele dan nasi",Paket Mantul Dua (lele) - Nasi Udang Kremes T3 + Telur Sbl Bawang S. Pedas,19 April 2024,2025-07-04 21:37:43
"Anugrah Penyetan Sambel Uleg, Karang Menjangan",Mikail yongki,11 Agustus 2019,5.0,"sambalnya yg ijo enak banget, pas rasa dan pedasnya, tp ukuran ayamnya kecil",Nasi Ayam Goreng T3 Sambel Ijo Spr Pedas - Nasi Ayam Goreng Serundeng T3,16 April 2024,2025-07-04 21:37:43
"Anugrah Penyetan Sambel Uleg, Karang Menjangan",P****,23 Juli 2017,4.0,"maaf *4, krn mmg ini makanan dan minuman TA, sebaiknya menyediakan mesin press utk minuman, shg aman tdk bocor atau tumpah, minuman orderan hari ini tumpah semua",Nasi Ayam Mangap T3 Sambel Teri - Nasi Ayam Goreng + Telur Komplit Special - Nasi Udang Kremes T3 + Telur Sbl Bawang S. Pedas - Penyetan Wader - Es Good Day Freeze - Es Teh Manis/Tawar - Es Milo,14 April 2024,2025-07-04 21:37:43
"Anugrah Penyetan Sambel Uleg, Karang Menjangan",Rahmita Alfinda,20 Februari 2022,2.0,aku pesen sambel pencit tpi yg di kasih sambal bawang 😔,Paket Mantul 3 (ayam) - Telur Mata Sapi / Dadar - Es Milo,26 Maret 2024,2025-07-04 21:37:43
"Anugrah Penyetan Sambel Uleg, Karang Menjangan",i gusti ngurah made budayana,3 September 2015,1.0,"Mananya sambel uleg jauh banget dari gambar. Bebek juga kecilnya astagaaaa, ayam tulang tok kecil lagi. Sambel minyaaakkk doang, gada uleg ulegann. Kalau ada bintang dibawah 1 kukasih itu",Nasi Bebek Sambel Ijo Super Pedas - Nasi Ayam Goreng + Telur Komplit Special,3 Februari 2024,2025-07-04 21:37:43
"Anugrah Penyetan Sambel Uleg, Karang Menjangan",Erik Dwi Prasetya,11 Juli 2023,1.0,"mujaernya dalamnya pucat tidak seperti resto lainnya,rasanya jg tidak enak.nasinya juga keras 😪😪😪",Nasi Ayam Mangap T3 Sambel Terasi - Paket Mantul 4 (mujair),8 Januari 2024,2025-07-04 21:37:43
"Anugrah Penyetan Sambel Uleg, Karang Menjangan",tika,16 Mei 2016,3.0,untuk ikan klu bisa di bagian belah belah tengahny agar bumbu nyerap,Paket Mantul 4 (mujair) - Sambelan Bandeng Presto,1 Januari 2024,2025-07-04 21:37:43
"Anugrah Penyetan Sambel Uleg, Karang Menjangan",alyssa ocky,31 Juli 2019,2.0,"nasi terlalu lembek, tahu tempe kecil, terong tidak ada, dan sambal terlalu manis",Nasi Ayam Kremes Sambel Pencit - Nasi Udang Kremes + Telur T3 Sambel Terasi Muantep,28 Desember 2023,2025-07-04 21:37:43
"Anugrah Penyetan Sambel Uleg, Karang Menjangan",Y**** F***,11 Juni 2017,4.0,"Enak, Terima kasih 🙏🏻",Nasi Ayam Goreng T3 Sambel Ijo Spr Pedas,10 Desember 2023,2025-07-04 21:37:43
"Anugrah Penyetan Sambel Uleg, Karang Menjangan",F******** R******* S********,6 Agustus 2019,4.0,"Mohon maaf banget ya kakk, tapi bercandanya jangan gitu juga dong😭 Ayam gorengnya tulang doang, dagingnya seuprittt banget. Jadi kayak makan nasi lauk tempe+tahu+terong (tapi terongnya separuh doang soalnya separuhnya lagi dapet kulit yg keras banget(?) ngga tau itu kenapa soalnya belum pernah makan terong kayak gitu) dengan garnish ayam🥲 Saya mikir, saya ada dosa apa sama kakaknya... tapi kan baru pertama beli di sini...",Teh Pucuk Harum 350 ml - Nasi Ayam Goreng T3 Sambel Ijo Spr Pedas,8 Desember 2023,2025-07-04 21:37:43
"Anugrah Penyetan Sambel Uleg, Karang Menjangan",A****,7 Mei 2016,2.0,"Baru aja pesan 2 porsi, terongnya pait bener kyk rasa pestisida 😭",Bebek Paha/ Dada - Paket Mantul 1 (bebek) - Tambah Sambel,7 November 2023,2025-07-04 21:37:43
"Anugrah Penyetan Sambel Uleg, Karang Menjangan",Dian,20 Agustus 2017,2.0,"sambelnya kok kecut ya, tempe kayak nget2an dan bau ikan ( sepertinya pake minyak bekas goreng ikan) , rasa ayam hambar",Nasi Ayam Mangap T3 Sambel Bawang Spr Pedas - Nasi Indomie Rica Rica,24 Oktober 2023,2025-07-04 21:37:43
"Anugrah Penyetan Sambel Uleg, Karang Menjangan",E*******,23 Maret 2018,3.0,Pesan Paket mantul 2 lele tapi isinya 1 Lele aja,Nasi Lele Kremes - Paket Mantul Dua (lele),22 Juli 2023,2025-07-04 21:37:43
"Anugrah Penyetan Sambel Uleg, Karang Menjangan",misnawati,20 Oktober 2022,5.0,enakkkkkkkkkkkkkkkkkkkkkkkkkkkk,Nasi Ayam Goreng + Telur Komplit Special,15 Juli 2023,2025-07-04 21:37:43
"Anugrah Penyetan Sambel Uleg, Karang Menjangan",misnawati,20 Oktober 2022,5.0,enakkkkkkkkkkkkkkkkkkkkkkkkkkkkkkkkk,Nasi Ayam Goreng + Telur Komplit Special - Nasi Putih,15 Juli 2023,2025-07-04 21:37:43
"Anugrah Penyetan Sambel Uleg, Karang Menjangan",I** W********,8 Juni 2017,1.0,"rasa lele nya hambar , dan rasa ikan nya tidak fresh , digoreng hancur patah jadi 2 lele nya dan dagingnya hancur lengket .",Lele,21 Juni 2023,2025-07-04 21:37:43
"Anugrah Penyetan Sambel Uleg, Karang Menjangan",Aris Tri Prasetyo,3 Agustus 2018,5.0,"Nah, gitu dong ada nasinya. Wong tulisannya nasi indomie ya harus ada nasinya, wong harganya juga beda dengan indomie saja.",Nasi Ati Ampela T3 - Nasi Indomie Geprek,30 Mei 2023,2025-07-04 21:37:43
"Anugrah Penyetan Sambel Uleg, Karang Menjangan",Aris Tri Prasetyo,3 Agustus 2018,2.0,"Beli nasi indomie geprek kok gak ada nasinya ... 13k cuma mie saja tanpa nasi??? Bahkan kalau lupa sekalipun, duitnya ga bisa kembali lagi. Nasinya juga tidak bisa dikirim kan. Pagi-pagi mau sarapan sudah dibuat kecewa.",Nasi Indomie Geprek - Paket Nasi Lele Dhower,28 Mei 2023,2025-07-04 21:37:43
"Anugrah Penyetan Sambel Uleg, Karang Menjangan",Elly Agustina Sari,6 Januari 2019,5.0,alapiyuuuu cheeefff nya,Nasi Ayam Goreng + Telur Komplit Special,4 Mei 2023,2025-07-04 21:37:43
"Anugrah Penyetan Sambel Uleg, Karang Menjangan",RINI SUSIYANTI,25 Januari 2021,1.0,pesan bebek sambel ijo di kasih sambel uleg 🤕,Nasi Bebek Dhomble - Nasi Bebek Sambel Ijo Super Pedas - Nasi Ati Ampela T3,11 April 2023,2025-07-04 21:37:43
"Anugrah Penyetan Sambel Uleg, Karang Menjangan",Y**** A** K*****,29 Maret 2020,5.0,muantabs rasa dan porsinya,Nasi Lele Kremes,31 Maret 2023,2025-07-04 21:37:43
"Anugrah Penyetan Sambel Uleg, Karang Menjangan",M***,25 November 2018,4.0,coba pakai pencit yang potongan biar lebih seger,Penyetan Wader,29 Maret 2023,2025-07-04 21:37:43
"Anugrah Penyetan Sambel Uleg, Karang Menjangan",Daniar/Danik,1 Maret 2019,5.0,mantap pokoknya,Nasi Babat Udang Spesial - Paket Nasi Lele Dhower,13 Maret 2023,2025-07-04 21:37:43
"Anugrah Penyetan Sambel Uleg, Karang Menjangan",Rahendra Wardhana,29 Agustus 2021,4.0,"uenak banget..benar2 P3K,Pertolongan Pertama Perut Keroncongan..trims",Nasi Bebek Dhomble,26 Februari 2023,2025-07-04 21:37:43
"Anugrah Penyetan Sambel Uleg, Karang Menjangan",Yenny Mei,4 November 2021,5.0,enak rasanya mantap,Nasi Bebek Sambel Ijo Super Pedas - Tahu / Tempe - Tambah Sambel,19 Januari 2023,2025-07-04 21:37:43
"Anugrah Penyetan Sambel Uleg, Karang Menjangan",rafi chalid anwar,24 Juli 2017,1.0,"Lauk bebeknya kuecil hampir gaada daging, kalo ganiat mending gausah boss.",Nasi Bebek Dhomble - Nasi Tahu Tempe Terong,15 Februari 2023,2025-07-04 21:37:43
"Anugrah Penyetan Sambel Uleg, Karang Menjangan",Yenny Mei,4 November 2021,5.0,mantap sekali rasanya,Tahu / Tempe - Paket Mantul 4 (mujair),25 November 2022,2025-07-04 21:37:43
"Anugrah Penyetan Sambel Uleg, Karang Menjangan",Ana Safitri,19 September 2020,2.0,baru sekarang aq kecewa nasi nya keras ungkul2😭😭 Biasanya GK begini karena sudah langganan,Nasi Ayam Goreng T3 Sambel Ijo Spr Pedas - Nasi Ayam Goreng + Telur Komplit Special - Nasi Bebek Sambel Ijo Super Pedas,1 Januari 2023,2025-07-04 21:37:43
"Anugrah Penyetan Sambel Uleg, Karang Menjangan",A*****,13 Desember 2022,1.0,"sambalnya sudah bau,tolong di cek kembali kalau mau melayani pesanan",Nasi Babat Usus - Nasi Udang Kremes + Telur T3 Sambel Pencit,30 Desember 2022,2025-07-04 21:37:43
"Anugrah Penyetan Sambel Uleg, Karang Menjangan",A***,19 Oktober 2020,3.0,bebek nya kecil,Bebek Goreng Special Sambel Ijo,28 Desember 2022,2025-07-04 21:37:43
"Anugrah Penyetan Sambel Uleg, Karang Menjangan",Nisa Dwi,29 Oktober 2020,4.0,porsi oke tp segi kremesnya kurang,Nasi Udang Kremes + Telur T3 Sambel Terasi Muantep - Penyetan Wader - Nasi Lele Kremes,18 Desember 2022,2025-07-04 21:37:43
"Anugrah Penyetan Sambel Uleg, Karang Menjangan",R***,5 Mei 2020,3.0,sambalnya klu ukuran pedas msh kurang,Nasi Ayam Mangap T3 Sambel Terasi,30 Oktober 2022,2025-07-04 21:37:43
"Anugrah Penyetan Sambel Uleg, Karang Menjangan",Muhammad Imran,15 November 2017,1.0,very bad experience 😕,Paket Nasi Udang Kremes,9 Oktober 2022,2025-07-04 21:37:43
"Anugrah Penyetan Sambel Uleg, Karang Menjangan",F***** Z******** Z***,6 Januari 2019,4.0,untuk semuanya enak sih cuman yang perlu ditingkatkan itu porsi karena kemungkinan yang pesan itu anak kost jadi perlu ditingkatkan lagi,Paket Mantul 1 (bebek) - Nasi Putih,1 September 2022,2025-07-04 21:37:43
"Anugrah Penyetan Sambel Uleg, Karang Menjangan",fata,21 Juni 2021,1.0,"menu yg sdh habis msh saja di posting. 
dn menu order yg saya batalin karna sdh habis mala dikasik menu laine nya.",Nasi Bebek Sambel Ijo Super Pedas - Bandeng Presto,17 Agustus 2022,2025-07-04 21:37:43
"Anugrah Penyetan Sambel Uleg, Karang Menjangan",I*****,1 November 2021,5.0,porsi kurang buanyak...😃,Nasi Bebek Sambel Ijo Super Pedas - Nasi Ayam Goreng T3 Sambel Ijo Spr Pedas,22 Juli 2022,2025-07-04 21:37:43
"Anugrah Penyetan Sambel Uleg, Karang Menjangan",H. nur,28 Desember 2021,5.0,memuas kan cpt and sip,Nasi Babat Ori - Nasi Babat Usus,22 Juli 2022,2025-07-04 21:37:43
"Anugrah Penyetan Sambel Uleg, Karang Menjangan",W***** R********,25 Juni 2018,1.0,"ayam e kecil, (bagian punggung ayam) 🤕🤕🤕🤕 kita bayar bukan gratis",Paket Mantul 4 (mujair) - Nasi Ayam Kremes T3 Sambel Terasi,18 Juli 2022,2025-07-04 21:37:43
"Anugrah Penyetan Sambel Uleg, Karang Menjangan",andira.A®,28 Juli 2021,3.0,"dengan harga 20rb an + ongkir jadi 30rb.untuk nasgor merah   dengan harga segitu sangat di sayangkan dengan rasa yang biasa aja.
90,99% coment pembeli sebelumsebelumnya patut di baca.",Paket Nasi Udang Kremes,21 Juni 2022,2025-07-04 21:37:43
"Anugrah Penyetan Sambel Uleg, Karang Menjangan",ety,12 Juli 2016,1.0,"tidak sesuai pesanan, kurang teliti membaca pesanan",Nasi Ayam Mangap T3 Sambel Pencit Mak Nyuss - Paket Mantul 4 (mujair),13 Juni 2022,2025-07-04 21:37:43
"Anugrah Penyetan Sambel Uleg, Karang Menjangan",F***** M*****,2 Desember 2021,2.0,sambalnya kurang banyak.. hehe,Nasi Udang Kremes + Telur T3 Sambel Teri - Nasi Putih,11 Juni 2022,2025-07-04 21:37:43
"Anugrah Penyetan Sambel Uleg, Karang Menjangan",N***** R*****,10 Maret 2017,5.0,"Sambelnya pedes enak, minusnya cuma kurang banyak sambelnya",Paket Nasi Lele Dhower - Lele,6 Juni 2022,2025-07-04 21:37:43
"Anugrah Penyetan Sambel Uleg, Karang Menjangan",H**** A***** P****,30 November 2021,3.0,di deskripsi lelenya 2 yang dateng 1🤣,Paket Mantul 2 (lele),25 Mei 2022,2025-07-04 21:37:43
"Anugrah Penyetan Sambel Uleg, Karang Menjangan",Ratri Poernomosari,17 Maret 2016,2.0,"Bandeng prestonya kurang lunak durinya,sambal juga ga pedas sama sekali.",Paket Nasi Bandeng Presto - Telur Mata Sapi / Dadar,23 Mei 2022,2025-07-04 21:37:43
"Anugrah Penyetan Sambel Uleg, Karang Menjangan",Andra,3 Februari 2021,1.0,nasi nya kayak bubur trus bebek banyak tulang nya,Paket Mantul 1 (bebek),11 Mei 2022,2025-07-04 21:37:43
"Anugrah Penyetan Sambel Uleg, Karang Menjangan",Ikrima,8 September 2017,5.0,"wenaaak bgttt
mantabbb",Nasi Ayam Goreng T3 Sambel Ijo Spr Pedas,30 April 2022,2025-07-04 21:37:43
"Anugrah Penyetan Sambel Uleg, Karang Menjangan",Ana Safitri,19 September 2020,5.0,selalu endulllitta tapi porsi kurang banyak☺️🤭😘,Paket Mantul 2 (lele) - Nasi Ayam Mangap T3 Sambel Terasi,30 April 2022,2025-07-04 21:37:43
"Anugrah Penyetan Sambel Uleg, Karang Menjangan",ahmad,14 Oktober 2021,1.0,nasi nya basi sama ikan nya,Paket Mantul 2 (lele),29 April 2022,2025-07-04 21:37:43
"Anugrah Penyetan Sambel Uleg, Karang Menjangan",Ana Safitri,19 September 2020,5.0,uenak sayank nya kurang buanyak porsinya☺️😁,Nasi Lele Kremes - Nasi Tahu Tempe Terong,27 April 2022,2025-07-04 21:37:43
"Anugrah Penyetan Sambel Uleg, Karang Menjangan",Eka Pebriningtias,8 Januari 2020,3.0,porsinya kurang😁🤗,Nasi Ayam Kremes Sambel Teri,13 April 2022,2025-07-04 21:37:43
"Anugrah Penyetan Sambel Uleg, Karang Menjangan",S******,6 Mei 2017,1.0,Tidak ada sambalnya. Ayam kecil. Ada rambut di makanan,Ayam Goreng Paha/ Dada - 1 Terong Utuh,11 April 2022,2025-07-04 21:37:43
"Anugrah Penyetan Sambel Uleg, Karang Menjangan",Ana Safitri,19 September 2020,5.0,enakkkkk loe tapi saynk sambel nya kurang banyak,Penyetan Telur Anti Sambat,8 April 2022,2025-07-04 21:37:43
"Anugrah Penyetan Sambel Uleg, Karang Menjangan",Ana Safitri,19 September 2020,5.0,sambel nya kurang banyak😂,Nasi Ayam Goreng T3 Sambel Ijo Spr Pedas,7 April 2022,2025-07-04 21:37:43
"Anugrah Penyetan Sambel Uleg, Karang Menjangan",Z********,14 September 2019,5.0,"Worth it, porsinya lumayan banget. Ni sampe mikir kalo sebenernya jualan apa lagi bagi-bagi. Cocok bngt buat anak kos, apalagi kalo ada promo. Nah sarannya buat sambalnya dibanyakin lagi 👍👍👍",Nasi Ayam Kremes T3 Sambel Terasi,6 April 2022,2025-07-04 21:37:43
"Anugrah Penyetan Sambel Uleg, Karang Menjangan",Ana Safitri,19 September 2020,5.0,enak jadi jurus jitu saat bulan puasa pas siang2 dapat tamu bulanan🤭😍,Nasi Ayam Goreng T3 Sambel Ijo Spr Pedas,4 April 2022,2025-07-04 21:37:43
"Anugrah Penyetan Sambel Uleg, Karang Menjangan",M*****,26 Oktober 2021,5.0,sambel ny kurng joss,Nasi Ayam Kremes T3 Sambel Terasi - Nasi Putih,31 Maret 2022,2025-07-04 21:37:43
"Anugrah Penyetan Sambel Uleg, Karang Menjangan",H****,19 September 2015,5.0,"sayangnya kremesnya kurang banyak
banyakin gak akan rugi kok malah makin banyak yg langganan
aku lupa tulis minta mentik semua jadi dapat ayam paha kecil sama ceker 2 😭",Nasi Ayam Kremes T3 Sambel Bawang - Nasi Ayam Mangap T3 Sambel Terasi,28 Februari 2022,2025-07-04 21:37:43
"Anugrah Penyetan Sambel Uleg, Karang Menjangan",L******** N** I****,3 Desember 2021,3.0,gak ada kremesan nya. ini mah peyek kacang yang dibuat kremesan.,Nasi Lele Kremes,2 Februari 2022,2025-07-04 21:37:43
"Anugrah Penyetan Sambel Uleg, Karang Menjangan",MasBag,29 April 2019,4.0,sesuai pesanannya,Nasi Bebek Sambel Ijo Super Pedas,30 Januari 2022,2025-07-04 21:37:43
"Anugrah Penyetan Sambel Uleg, Karang Menjangan",INDAH MARGARETHA PRAYUSTI,8 November 2017,5.0,mantap buat makanan nya. bener² dekomended. bebeknya empuk. serving nya good. lengkap banget sayur lalapan nya. semoga tetep di pertahankan spt ini. atau kl bisa ditingkatkan. tp mau di tingkatkan gmn segala mahal kan ? dg yg seperti ini udah bagussa banget dan mantappp. semoga makin banyak yg order dan bnyak rejeki ya resto nya. terima kasih sekali pas lapar alhamdulillah dapat yg perfect. awalnya coba ternyata dpt yg terbaik. sekali lagi terima kasih. mantap pokok nya.,Nasi Bebek Sambel Ijo Super Pedas - Nasi Udang Kremes + Telur T3 Sambel Pencit - Nasi Tahu Tempe Terong,12 Januari 2022,2025-07-04 21:37:43
"Anugrah Penyetan Sambel Uleg, Karang Menjangan",Mochammad Ramadhan,1 Oktober 2017,2.0,daging masih ada yg mentah ikannya,Paket Mantul 4 (mujair),19 Desember 2021,2025-07-04 21:37:43
"Anugrah Penyetan Sambel Uleg, Karang Menjangan",V*** M****,7 Agustus 2018,5.0,"Enakk dong bandengnya besar, bebeknya empuk",Paket Nasi Bandeng Presto - Paket Mantul 1 (bebek) - Nasi Putih,22 Oktober 2021,2025-07-04 21:37:43
"Anugrah Penyetan Sambel Uleg, Karang Menjangan",M*******,6 Agustus 2020,3.0,babatnya alot dn masih amis,Nasi Babat Udang Spesial - Tahu / Tempe - Telur Mata Sapi / Dadar,9 September 2021,2025-07-04 21:37:43
"Anugrah Penyetan Sambel Uleg, Karang Menjangan",A**** Y M,16 Oktober 2019,2.0,"mending beli nasi padang, harga sama kualitas beda jauh",Nasi Babat Udang Spesial,16 Juli 2021,2025-07-04 21:37:43
"Anugrah Penyetan Sambel Uleg, Karang Menjangan",R*** I*******,20 November 2015,4.0,"bumbu bebeknya sip...
tapi sambal kurang pedas",Bebek Goreng Special Sambel Ijo,5 Juli 2021,2025-07-04 21:37:43
"Anugrah Penyetan Sambel Uleg, Karang Menjangan",Y***,28 Juni 2016,1.0,pesan lele kremes ga ada kremesnya,Telur Mata Sapi / Dadar - Nasi Lele Kremes,23 Juni 2021,2025-07-04 21:37:43
"Anugrah Penyetan Sambel Uleg, Karang Menjangan",I** D****** P****,25 Juni 2020,5.0,uenakkk poll pwrtahankan rasa dan kebersihan,Nasi Ayam Kremes T3 Sambel Bawang - Nasi Wader / Teri T3,6 Juni 2021,2025-07-04 21:37:43
"Anugrah Penyetan Sambel Uleg, Karang Menjangan",R**** E** S*****,12 April 2018,4.0,"sambalnya kurang, ayamnya enak empuuuk",Nasi Ayam Mangap T3 Sambel Teri,24 April 2021,2025-07-04 21:37:43
"Anugrah Penyetan Sambel Uleg, Karang Menjangan",S**** T*********,27 Desember 2017,2.0,porsi terlalu mahal dan rasanya terlalu hambar,Paket Nasi Bandeng Presto Utuh - Nasi Bebek Sambel Ijo Super Pedas - Tambah Sambel - Nasi Ayam Kremes T3 Sambel Terasi,10 Maret 2021,2025-07-04 21:37:43
"Anugrah Penyetan Sambel Uleg, Karang Menjangan",T***** D***,24 Juni 2017,5.0,enak. segar bersih,Paket Nasi Udang Kremes,23 Februari 2021,2025-07-04 21:37:43
"Anugrah Penyetan Sambel Uleg, Karang Menjangan",G**** N***** W******,4 Maret 2019,5.0,top markotop 👍👍👍,Nasi Ati Ampela T3,23 Februari 2021,2025-07-04 21:37:43
"Anugrah Penyetan Sambel Uleg, Karang Menjangan",S*******,30 Oktober 2017,4.0,"kurang lalapan aja si, seladanya gaada hehe",Nasi Ayam Kremes T3 Sambel Terasi,23 Januari 2021,2025-07-04 21:37:43
"Anugrah Penyetan Sambel Uleg, Karang Menjangan",I***** K,18 Oktober 2015,4.0,porsi nasinya kurang banyak,Nasi Ayam Goreng T3 Sambel Ijo Spr Pedas - Nasi Bebek Sambel Ijo Super Pedas,11 Januari 2021,2025-07-04 21:37:43
"Anugrah Penyetan Sambel Uleg, Karang Menjangan",W***** Z***,8 Oktober 2017,1.0,"PESANAN TIDAK SESUAI, saya pesan udang krispi malah dikasih tepung goreng wkwk, pesen ayam sambel ijo dikasih ayam goreng biasa,",Nasi Ayam Goreng T3 Sambel Ijo Spr Pedas - Nasi Udang Kremes T3 + Telur Sbl Bawang S. Pedas - Tahu / Tempe,11 Desember 2020,2025-07-04 21:37:43
"Anugrah Penyetan Sambel Uleg, Karang Menjangan",I** A*******,9 September 2019,5.0,saya dapet nasi yang udah kering,Nasi Ayam Kremes T3 Sambel Bawang,7 Desember 2020,2025-07-04 21:37:43
"Anugrah Penyetan Sambel Uleg, Karang Menjangan",R*** W****,27 Januari 2017,2.0,nasi dikit banget... keterangan bebek besar nyata nya kecil mungil... bonus es teh porsi anak TK rasanya kek minum air biasa... pahit kagak manis kagak.,Paket Mantul 1 (bebek),9 November 2020,2025-07-04 21:37:43
"Anugrah Penyetan Sambel Uleg, Karang Menjangan",A*******,3 Juli 2020,5.0,sedikit sekali nasinya 😊,Nasi Wader / Teri T3,3 November 2020,2025-07-04 21:37:43
"Anugrah Penyetan Sambel Uleg, Karang Menjangan",G***** N****,20 Februari 2018,1.0,"bebeknya kecil,sambal gak ada....gak sesuai aplikasi",Paket Mantul 1 (bebek),2 September 2020,2025-07-04 21:37:43
"Anugrah Penyetan Sambel Uleg, Karang Menjangan",M** I****,30 Desember 2016,5.0,"saya minta sambal pencit,di kasih sambal terasi",Paket Mantul 3 (ayam),27 Juni 2020,2025-07-04 21:37:43
"Anugrah Penyetan Sambel Uleg, Karang Menjangan",P*******,21 Maret 2019,5.0,sayang untuk sambalnya kurang pedas,Paket Mantul 2 (lele),20 Juni 2020,2025-07-04 21:37:43
"Anugrah Penyetan Sambel Uleg, Karang Menjangan",M** I****,30 Desember 2016,5.0,tolong sambal pencit nya jangan terlalu asin thx,Paket Mantul 3 (ayam),29 Mei 2020,2025-07-04 21:37:43
"Anugrah Penyetan Sambel Uleg, Karang Menjangan",R*******,24 Desember 2019,1.0,minta pedes dikasi ga pedes ga ada telor juga padahal katae t3.sambel nya kurang pedes juga kurang mantap,Paket Nasi Babat Gaspol T2,22 Mei 2020,2025-07-04 21:37:43
"Anugrah Penyetan Sambel Uleg, Karang Menjangan",R****,14 Oktober 2016,3.0,nasi kurang banyak,Nasi Ayam Mangap T3 Sambel Terasi,21 Mei 2020,2025-07-04 21:37:43
"Anugrah Penyetan Sambel Uleg, Karang Menjangan",N***** A** R,11 Desember 2018,3.0,"sambelnya kurang pedes,  bebeknya kurang lembut, rasanya kurang gurih",Nasi Ayam Kremes Sambel Pencit,19 Mei 2020,2025-07-04 21:37:43
"Anugrah Penyetan Sambel Uleg, Karang Menjangan",R***,16 November 2017,3.0,Gk d kasih lalapan..ikan lele sm sambalnya krg berasa.,Lele - Tahu / Tempe - Tambah Sambel,18 Mei 2020,2025-07-04 21:37:43
"Anugrah Penyetan Sambel Uleg, Karang Menjangan",M***** K******* S*******,5 September 2019,5.0,kremesnya kuraaang banyak nihh hmm,Nasi Ayam Kremes T3 Sambel Terasi,13 Mei 2020,2025-07-04 21:37:43
"Anugrah Penyetan Sambel Uleg, Karang Menjangan",M***********,16 Agustus 2019,1.0,Porsinya sedikit nasi dan ayamnya kecil banget dan lalapan beda pokoknya tidak sesuai tulisan dan gambar di menu,Nasi Ayam Mangap T3 Sambel Teri,17 April 2020,2025-07-04 21:37:43
"Anugrah Penyetan Sambel Uleg, Karang Menjangan",S********,19 Desember 2017,5.0,"langganan,  tapi tehnya tambahin lagi dong",Nasi Ayam Kremes T3 Sambel Bawang - Nasi Ayam Kremes T3 Sambel Terasi - Nasi Wader / Teri T3,13 April 2020,2025-07-04 21:37:43
"Anugrah Penyetan Sambel Uleg, Karang Menjangan",C***,30 Agustus 2018,5.0,tingkatkan kualitas makanan ini... smoga sukses,Nasi Ayam Mangap T3 Sambel Pencit Mak Nyuss,28 Maret 2020,2025-07-04 21:37:43
"Anugrah Penyetan Sambel Uleg, Karang Menjangan",S********,19 Desember 2017,5.0,suka sambel terasinya segerr,Nasi Ayam Kremes Sambel Pencit - Nasi Wader / Teri T3,21 Maret 2020,2025-07-04 21:37:43
"Anugrah Penyetan Sambel Uleg, Karang Menjangan",B**** A*******,29 September 2018,4.0,"nasinya kurang banyak, hehe",Paket Mantul 1 (bebek),16 Maret 2020,2025-07-04 21:37:43
"Anugrah Penyetan Sambel Uleg, Karang Menjangan",E**** A******,9 Februari 2020,4.0,"ayamnya gede bangettt, tapi sayang sambelnya kurang pedes. tapi tetep enak.",Nasi Ayam Goreng T3 Sambel Ijo Spr Pedas,11 Maret 2020,2025-07-04 21:37:43
"Anugrah Penyetan Sambel Uleg, Karang Menjangan",F**** A******,22 April 2017,3.0,ayamnya kecil buu:( sama kremesannya ditambahin lagi yaa buu,Nasi Ayam Kremes T3 Sambel Bawang,9 Maret 2020,2025-07-04 21:37:43
"Anugrah Penyetan Sambel Uleg, Karang Menjangan",B**** A*******,29 September 2018,5.0,"enak, sambelnya ga pelit",Paket Mantul 1 (bebek),22 Februari 2020,2025-07-04 21:37:43
"Anugrah Penyetan Sambel Uleg, Karang Menjangan",L***,14 Maret 2017,5.0,coba nasinya agak banyak. porsi nasi segitu aku masih lapar.,Nasi Ayam Mangap T3 Sambel Bawang Spr Pedas - Tambah Sambel,19 Februari 2020,2025-07-04 21:37:43
"Anugrah Penyetan Sambel Uleg, Karang Menjangan",A***,15 Maret 2018,3.0,tulisannya bebek besar datangnya bebek biasa,Nasi Bebek Sambel Ijo Super Pedas,10 Februari 2020,2025-07-04 21:37:43
"Anugrah Penyetan Sambel Uleg, Karang Menjangan",A***** H******,1 Januari 2018,3.0,"biasanya bintang 5 tapi hari ini kecewa karena ada sehelai rambut, tolong diperhatikan yaa thank you",Nasi Ayam Kremes T3 Sambel Bawang,6 Februari 2020,2025-07-04 21:37:43
"Anugrah Penyetan Sambel Uleg, Karang Menjangan",V***** A***,12 Desember 2017,5.0,mantappp dan pesan lagi dan pesan lagi...enakkk pokok nya....,Nasi Tahu Tempe Terong - Paket Nasi Bandeng Presto Utuh - Paket Mantul 3 (ayam),4 Februari 2020,2025-07-04 21:37:43
"Anugrah Penyetan Sambel Uleg, Karang Menjangan",Y******,26 Agustus 2017,4.0,"sring bgt pesen disini, tp tiap minta sambel dilebihin ya sama aja. huft",Nasi Ayam Mangap T3 Sambel Bawang Spr Pedas,22 Januari 2020,2025-07-04 21:37:43
"Anugrah Penyetan Sambel Uleg, Karang Menjangan",Y******,26 Agustus 2017,3.0,mana sambelnya?,Nasi Ayam Goreng T3 Sambel Ijo Spr Pedas,17 Januari 2020,2025-07-04 21:37:43
"Anugrah Penyetan Sambel Uleg, Karang Menjangan",G**** G********,3 Agustus 2018,5.0,mantap masakanya dan porsinya banyak,Paket Nasi Bandeng Presto Utuh - Nasi Ayam Kremes T3 Sambel Ijo,13 Januari 2020,2025-07-04 21:37:43
"Anugrah Penyetan Sambel Uleg, Karang Menjangan",F****,9 Juli 2016,4.0,"ayamnya standart besarnya beda sama yg di display, sambelnya kurang. tapi rasa mantap!",Telur Mata Sapi / Dadar - Nasi Ayam Mangap T3 Sambel Terasi,13 Januari 2020,2025-07-04 21:37:43
"Anugrah Penyetan Sambel Uleg, Karang Menjangan",S**** M******,22 Desember 2016,4.0,nasinya porsi anak anak. untuk babatnya cuma dapet 3 potong kecil. rasanya lumayan,Paket Nasi Babat Gaspol T2,13 Januari 2020,2025-07-04 21:37:43
"Anugrah Penyetan Sambel Uleg, Karang Menjangan",D***,11 Januari 2018,5.0,Wenakkkk pake pollll,Nasi Ayam Mangap T3 Sambel Bawang Spr Pedas - Nasi Ayam Kremes T3 Sambel Bawang,9 Januari 2020,2025-07-04 21:37:43
"Anugrah Penyetan Sambel Uleg, Karang Menjangan",I****,8 Januari 2017,4.0,sambale kurang banyak,Nasi Ayam Mangap T3 Sambel Bawang Spr Pedas,8 Januari 2020,2025-07-04 21:37:43
"Anugrah Penyetan Sambel Uleg, Karang Menjangan",S*****,26 September 2016,5.0,"sayang ada rambut di kotaknya, tolong diusahakan lebih bersih lagi yaa",Nasi Ayam Mangap T3 Sambel Bawang Spr Pedas,6 Januari 2020,2025-07-04 21:37:43
"Anugrah Penyetan Sambel Uleg, Karang Menjangan",L**,16 Januari 2018,5.0,kurang banyak hehe,Nasi Ayam Mangap T3 Sambel Teri,28 Desember 2019,2025-07-04 21:37:43
"Anugrah Penyetan Sambel Uleg, Karang Menjangan",K*****,17 Mei 2018,1.0,gak sesuai permintaan,Paket Mantul 3 (ayam),19 Desember 2019,2025-07-04 21:37:43
"Anugrah Penyetan Sambel Uleg, Karang Menjangan",R****,7 November 2016,5.0,mantuuullll👍👍👍👍,Nasi Ayam Goreng T3 Sambel Ijo Spr Pedas,18 Desember 2019,2025-07-04 21:37:43
"Anugrah Penyetan Sambel Uleg, Karang Menjangan",S************,2 Oktober 2016,3.0,nasinya kurang 1,Nasi Putih - Penyetan Telur Anti Sambat,17 Desember 2019,2025-07-04 21:37:43
"Anugrah Penyetan Sambel Uleg, Karang Menjangan",P****,12 September 2016,5.0,sambalnya kok aneh gitu,Paket Nasi Babat Gaspol T2,16 Desember 2019,2025-07-04 21:37:43
"Anugrah Penyetan Sambel Uleg, Karang Menjangan",C***** L****,27 November 2019,4.0,"enak sih, tp porsinya dkit bgtt hehe",Nasi Babat Udang Spesial,13 Desember 2019,2025-07-04 21:37:43
"Anugrah Penyetan Sambel Uleg, Karang Menjangan",S*****,7 November 2019,1.0,"porsi 17rb, kog babatnya cuma dpt 3kecil...masih bau juga...gak layak",Paket Nasi Babat Gaspol T2,9 Desember 2019,2025-07-04 21:37:43
"Anugrah Penyetan Sambel Uleg, Karang Menjangan",F***** W*******,9 Agustus 2016,3.0,katanya bandeng presto utuh ternyata cuma bagian ekor,Paket Nasi Bandeng Presto,10 Desember 2019,2025-07-04 21:37:43
"Bebek Hitam Bu Farida, Pacar Keling",Ati Setiawati,23 Maret 2018,4.0,"tekstur daging terlalu benyek, atau memang khas nya begitu di warung ini?",Nasi Bebek Bumbu Hitam - Bebek Bumbu Hitam,14 April 2025,2025-07-04 21:38:15
"Bebek Hitam Bu Farida, Pacar Keling",inggrid,5 Agustus 2015,3.0,"1. Beli 2 paket nasi, datang kurang 1 nasi. 2. Nasi terlalu lembek. 3. Berminyak banget.",Nasi Bebek Bumbu Kuning - Nasi Bebek Krengseng,25 Oktober 2024,2025-07-04 21:38:15
"Bebek Hitam Bu Farida, Pacar Keling",Henny,2 September 2017,5.0,"bebeknya enak empuk tp sayang kecil jd daginnya dikit 😁
bumbu kuning enak, sambel jg enak 👍🏻",Nasi Bebek Bumbu Kuning - Tahu Goreng,24 Mei 2024,2025-07-04 21:38:15
"Bebek Hitam Bu Farida, Pacar Keling",Neny Febrianti,8 Desember 2019,5.0,enak gurih renyah,Nasi Bebek Hitam Besar - Es Good Day Freeze,27 Maret 2024,2025-07-04 21:38:15
"Bebek Hitam Bu Farida, Pacar Keling",R*** M******,12 Desember 2017,5.0,pesen lalapan mentimun aja mala tdk ada mentimunnya,Bebek Besar - Pahe Bebek,19 Agustus 2023,2025-07-04 21:38:15
"Bebek Hitam Bu Farida, Pacar Keling",Aan Ragil J,4 Agustus 2018,5.0,"Top rasanya, empuk banget daging bebeknyaa. Tempat / bungkus rapih, bersih 🌟🌟🌟🌟🌟",Bebek Sedang - Bebek Besar,11 Juli 2023,2025-07-04 21:38:15
"Bebek Hitam Bu Farida, Pacar Keling",E***** L******,19 Maret 2018,5.0,bebeknya lumayan gede bumbu kuningnya mantap porsinya juga pas. dengan harga segitu sangat worth it,Nasi Bebek Bumbu Kuning,20 Juni 2023,2025-07-04 21:38:15
"Bebek Hitam Bu Farida, Pacar Keling",A****,2 Agustus 2018,5.0,juara dari jaman sekolah sampe mau lulus kuliah,Nasi Bebek Hitam Besar - Es Good Day Freeze,19 Maret 2023,2025-07-04 21:38:15
"Bebek Hitam Bu Farida, Pacar Keling","ibu yani,dosen",28 Januari 2021,5.0,bebek kecil sekali,Nasi Pahe Bebek - Nasi Ayam Hemat,18 Januari 2023,2025-07-04 21:38:15
"Bebek Hitam Bu Farida, Pacar Keling",abu bakar,28 Juni 2016,2.0,"Pesen yg besar, tp yg datang kecil",Bebek Bumbu Kuning,5 Januari 2023,2025-07-04 21:38:15
"Bebek Hitam Bu Farida, Pacar Keling",titus,3 Desember 2015,5.0,enak rasanya pas,Nasi Bebek Hitam Besar,21 Oktober 2022,2025-07-04 21:38:15
"Bebek Hitam Bu Farida, Pacar Keling",Felix,28 Oktober 2016,5.0,"Langganan disini.
selalu perfect :)",Bebek 1 Ekor,11 Desember 2021,2025-07-04 21:38:15
"Bebek Hitam Bu Farida, Pacar Keling",Muhammad Rizki Mubarak,16 April 2021,5.0,"Alhamdulillah, sedap ✨",Nasi Bebek Hitam Besar,6 Desember 2021,2025-07-04 21:38:15
"Bebek Hitam Bu Farida, Pacar Keling",A******,6 Februari 2021,1.0,"Tolong dong,, jangan ngbodohin customer,, porsi macam apa iniii,,,
Doa saya cuman 1,,smoga anda cepet sadar, jgn bodohin customer..
Saya sangat kecewa,, bangsaaaatt..",Rempelo Ati - Bebek Besar,1 Desember 2021,2025-07-04 21:38:15
"Bebek Hitam Bu Farida, Pacar Keling",Y***** S********,16 September 2015,5.0,Overall ok. Rasa mantap,Nasi Bebek Hitam Besar - Rempelo Ati - Es Teh,1 Desember 2021,2025-07-04 21:38:15
"Bebek Hitam Bu Farida, Pacar Keling",F****,28 Oktober 2016,5.0,selalu mantap :),Bebek 1 Ekor,20 November 2021,2025-07-04 21:38:15
"Bebek Hitam Bu Farida, Pacar Keling",G***,22 Oktober 2015,4.0,enak tapi porsinya sedikit,Nasi Bebek Hitam Besar,12 September 2021,2025-07-04 21:38:15
"Bebek Hitam Bu Farida, Pacar Keling",G***,22 Oktober 2015,4.0,enak tapi porsinya sedikit,Nasi Bebek Hitam Besar,16 September 2021,2025-07-04 21:38:15
"Bebek Hitam Bu Farida, Pacar Keling",S**** I***,26 Desember 2020,4.0,"maaf ya, nasinya kering, bebekny juga kurang garing.",Nasi Bebek Hitam Besar,4 September 2021,2025-07-04 21:38:15
"Bebek Hitam Bu Farida, Pacar Keling",F****,19 Oktober 2017,5.0,"baru cobain resto ini, enak kok harganya jg terjangkau",Bebek Besar - Bebek Sedang,27 Juli 2021,2025-07-04 21:38:15
"Bebek Hitam Bu Farida, Pacar Keling",F****,28 Oktober 2016,5.0,"Minta saus kuning beneran diberi saus kuningnya.
ini yg namanya customer service yg bagus. Terima kasih :D",Nasi Bebek Krengseng - Bebek 1 Ekor,10 Agustus 2021,2025-07-04 21:38:15
"Bebek Hitam Bu Farida, Pacar Keling",V****,19 Agustus 2016,4.0,sambelnya kalo bisa ditambah utk lauknya uda enak,Nasi Bebek Krengseng - Rempelo Ati - Es Teh,26 Mei 2021,2025-07-04 21:38:15
"Bebek Hitam Bu Farida, Pacar Keling",N****** Y********,5 April 2021,3.0,"tolong lain kali kalau goreng bebeknya yg matang ya, itu kurang matang jadi dalamnya masih basah",Tempe Goreng - Es Nutrisari - Bebek Bumbu Kuning,5 April 2021,2025-07-04 21:38:15
"Bebek Hitam Bu Farida, Pacar Keling",H***********,28 Juni 2015,4.0,gambar nya porsi besar tapi tidak sesuai kenyataan,Bebek Besar,23 Februari 2021,2025-07-04 21:38:15
"Bebek Hitam Bu Farida, Pacar Keling",H***** B****,8 Desember 2015,3.0,Bebeknya terlalu kecil padahal saya pesan bebek besar,Nasi Bebek Hitam Besar - Tahu Goreng - Tempe Goreng - Es Teh,22 November 2020,2025-07-04 21:38:15
"Bebek Hitam Bu Farida, Pacar Keling",F**,16 Juni 2017,5.0,porsi nya aja kecil dan banyak kulit Rebel jadi gak kemakan deh,Nasi Pahe Bebek + Air Mineral - Bebek Sedang - Es Good Day Freeze,17 November 2020,2025-07-04 21:38:15
"Bebek Hitam Bu Farida, Pacar Keling",D**,8 April 2018,3.0,bebeknya terlalu kecil,Nasi Bebek Sedang,23 Oktober 2020,2025-07-04 21:38:15
"Bebek Hitam Bu Farida, Pacar Keling",E** I***,13 Oktober 2019,1.0,ngak ada rasanya.porsinya bohong diketerangan  besar datengnya kecil.,Bebek Besar,1 Agustus 2020,2025-07-04 21:38:15
"Bebek Hitam Bu Farida, Pacar Keling",N***** B***,9 September 2017,5.0,nasi nya terlalu lembek,Nasi Bebek Hitam Besar - Nasi Bebek Krengseng,2 Juli 2020,2025-07-04 21:38:15
"Bebek Hitam Bu Farida, Pacar Keling",O**,6 November 2015,4.0,Minta dada dikasihnya paha,Nasi Bebek Hitam Besar,28 April 2020,2025-07-04 21:38:15
"Bebek Hitam Bu Farida, Pacar Keling",E***** T****,4 Maret 2020,1.0,dinota saya pesan 2 nasi bebek besar sama 1 nasi putih berarti jumlah 3 pcs kan napa yg dtg hanya nasi sm bebek saja 2 pcs sdgkn nasi putihnya tdk ada ..saya sdh byr sesuai dgn gofoodnya ini,Nasi Bebek Hitam Besar,5 April 2020,2025-07-04 21:38:15
"Bebek Hitam Bu Farida, Pacar Keling",Y****,2 Juli 2018,2.0,Bebeknya agak amis kurang kering,Bebek Besar - Es Teh / Teh Hangat - Rempelo / Ati,10 Februari 2020,2025-07-04 21:38:15
"Bebek Hitam Bu Farida, Pacar Keling",F****,15 September 2017,2.0,bebek nya keras,Nasi Bebek Hitam Besar,9 Januari 2020,2025-07-04 21:38:15
"Bebek Hitam Bu Farida, Pacar Keling",T**** I*****,11 Juni 2017,5.0,nasinya kalo bisa jgn lembek,Nasi Bebek Hitam Besar,9 Desember 2019,2025-07-04 21:38:15
"Bebek Hitam Bu Farida, Pacar Keling",A******,1 April 2016,4.0,Sambel please Sambel,Rempelo / Ati,6 Desember 2019,2025-07-04 21:38:15
"Bebek Hitam Bu Farida, Pacar Keling",S**** F*******,19 Mei 2016,5.0,"rasa mantul, tapi sambalnya sedikit",Bebek Besar,1 Desember 2019,2025-07-04 21:38:15
"Bebek Hitam Bu Farida, Pacar Keling",I***,7 Oktober 2019,1.0,"tidak sesuai pesanan,sdh berulang kali di note kalau tdk ada paha dicancel aja tp pihak resto tdk konfirmasi ke pelanggan.",Paket hemat nasi bebek hitam + air mineral - Paket hemat nasi ayam bumbu hitam + air mineral  - Nasi Putih,9 November 2019,2025-07-04 21:38:15
"Bebek Hitam Bu Farida, Pacar Keling",Y***,24 September 2018,5.0,"terakhir saya pesen, daging bebeknya kayaknya kurang matang",Paket hemat nasi bebek hitam + air mineral - Nasi Putih,3 November 2019,2025-07-04 21:38:15
"Bebek Hitam Bu Farida, Pacar Keling",P****** U****,20 Juli 2016,5.0,Enaaaakk bangeeeet,Bebek Besar,2 November 2019,2025-07-04 21:38:15
"Bebek Hitam Bu Farida, Pacar Keling",A****,5 Desember 2017,5.0,Sambal kurang banyak,Bebek Besar,28 Oktober 2019,2025-07-04 21:38:15
"Bebek Hitam Bu Farida, Pacar Keling",N***,5 Juli 2018,3.0,porsi sambalnya sedikit. berbeda kalau beli di warungnya,Nasi Bebek Hitam Besar,25 Oktober 2019,2025-07-04 21:38:15
"Bebek Hitam Bu Farida, Pacar Keling",E*****,9 April 2018,4.0,Terlalu berminyak,Nasi Bebek Hitam Besar - Tahu Goreng,17 Oktober 2019,2025-07-04 21:38:15
"Bebek Hitam Bu Farida, Pacar Keling",E*** R*******,24 Juni 2017,5.0,Saran kalau bisa porsi sambalnya ditambah,Nasi Bebek Hitam Besar,12 Oktober 2019,2025-07-04 21:38:15
"Bebek Hitam Bu Farida, Pacar Keling",A****,6 September 2015,3.0,"kurang rasa bumbu""nya . kayaknya kurang kunir sm asin manisnya jg . sambal jg masih langu rasanya .",Nasi Bebek Hitam Besar,8 Oktober 2019,2025-07-04 21:38:15
"Bebek Hitam Bu Farida, Pacar Keling",M*** A* F****,5 Oktober 2015,5.0,enak cuma nasinya dikit,Nasi Bebek Hitam Besar,26 September 2019,2025-07-04 21:38:15
"Bebek Hitam Bu Farida, Pacar Keling",M*** A* F****,5 Oktober 2015,5.0,nasi kurang banyak,Nasi Bebek Hitam Besar,26 September 2019,2025-07-04 21:38:15
"Bebek Hitam Bu Farida, Pacar Keling",L**** S******,21 Desember 2015,2.0,cenderung lembek yg mantap sambalnya☺,Nasi Bebek Hitam Besar,1 September 2019,2025-07-04 21:38:15
"Bebek Hitam Bu Farida, Pacar Keling",E***** S*********,10 Juli 2018,4.0,mantap sambelnya,N/A,9 Juli 2019,2025-07-04 21:38:15
"Bebek Hitam Bu Farida, Pacar Keling",I**** F*****,29 September 2015,1.0,maaf bumbu hitamnya tidak terasa sana sekali,N/A,12 Juni 2019,2025-07-04 21:38:15
"Bebek Hitam Bu Farida, Pacar Keling",S****,20 Februari 2017,1.0,katax bebek hitam mana gk ada bumbu hitamx ...bebekx biasa aja kek bebk goreng,N/A,8 Mei 2019,2025-07-04 21:38:15
"Bebek Hitam Bu Farida, Pacar Keling",H****,14 Mei 2017,2.0,pelayanannya lama.. bebeknya terlalu polos tanpa bumbu.. penampilan tdk menarik,N/A,6 Mei 2019,2025-07-04 21:38:15
"Bebek Hitam Bu Farida, Pacar Keling",A**** A*****,6 Februari 2018,5.0,andai gratis kami mau lagi,N/A,28 April 2019,2025-07-04 21:38:15
"Bebek Hitam Bu Farida, Pacar Keling",R***** K******,18 Agustus 2016,5.0,bebeknya empuk maknyussss,N/A,17 Maret 2019,2025-07-04 21:38:15
"Bebek Hitam Bu Farida, Pacar Keling",H**** F****,5 Mei 2018,4.0,"nasinya terlalu lemas, kayak makan lontong",N/A,24 Februari 2019,2025-07-04 21:38:15
"Bebek Hitam Bu Farida, Pacar Keling",R**** F,30 Juni 2018,1.0,"masak beli protolan dapat kepala...
klo gtu bkan protolan tp kepala...",N/A,15 Februari 2019,2025-07-04 21:38:15
"Bebek Hitam Bu Farida, Pacar Keling",F****,29 September 2015,1.0,"Katanya bebek Hitam.. Tapi bumbunya aja yg hitam,,, bebek nya biasa gk seperti yg di klampis depan Coffe toffe.",N/A,27 September 2018,2025-07-04 21:38:15
"Bebek Hitam Bu Farida, Pacar Keling",W***********,9 Juni 2016,4.0,"skrg rasanya gk meresap smpi kedlm , gk kyak dulu",N/A,5 September 2018,2025-07-04 21:38:15
"Bebek Hitam Bu Farida, Pacar Keling",A*******,15 Agustus 2015,1.0,bebeknya anyir. ngga saya makan. atinya yg ngga anyir.,N/A,2 September 2018,2025-07-04 21:38:15
"Bebek Hitam Bu Farida, Pacar Keling",V******,7 Januari 2017,5.0,tambahan sambal,N/A,14 Agustus 2018,2025-07-04 21:38:15
"Bebek Hitam Bu Farida, Pacar Keling",E****,26 November 2016,1.0,"tdk ada bumbu hitamnya semua,serasa makan bebek goreng biasa",N/A,14 Juli 2018,2025-07-04 21:38:15
"Bebek Hitam Bu Farida, Pacar Keling",T****,20 Februari 2016,2.0,bebeknya kecil. gak sama spt gambar pesanan,N/A,7 Juli 2018,2025-07-04 21:38:15
"Bebek Hitam Bu Farida, Pacar Keling",S********,15 Mei 2018,3.0,"pesan ukuran besar kok dapatnya kecil apa memang disana ukuran besarnya segitu. ga bisa bayangkan kalo pesan bebek kecil,ukurannya mgkn cuma 5cm",N/A,25 Juni 2018,2025-07-04 21:38:15
"Pizza Hut Delivery - PHD, Kapas Krampung",Moh Mujib,27 Januari 2023,2.0,dingin gak panas sama sekali,Paket MaMa 3,30 Juni 2025,2025-07-04 21:38:49
"Pizza Hut Delivery - PHD, Kapas Krampung",Febi,14 Juli 2018,5.0,top markotop👍👍👍,Double Box Deluxe,21 Juni 2025,2025-07-04 21:38:49
"Pizza Hut Delivery - PHD, Kapas Krampung",N****,8 Juli 2018,5.0,sipppp josss mantappp,L1MO Pizza,10 Juni 2025,2025-07-04 21:38:49
"Pizza Hut Delivery - PHD, Kapas Krampung",m yusuf alamudi,26 Juli 2024,5.0,"bunga dahlia harum baunya, Terima kasih dan berkah ya",Triple Fun Pizza,12 Mei 2025,2025-07-04 21:38:49
"Pizza Hut Delivery - PHD, Kapas Krampung",Astuti Wairoy,12 Juli 2020,2.0,majanannya nggak enak nggak seperti biasanya,Cheese Please Fusilli - Carbonara Beef No Drama - Double Box Deluxe,8 Mei 2025,2025-07-04 21:38:49
"Pizza Hut Delivery - PHD, Kapas Krampung",farhina,31 Maret 2022,5.0,mantapppppp toppppppppp,COFFEE BY PHD - Paket MaMa 3,10 Mei 2025,2025-07-04 21:38:49
"Pizza Hut Delivery - PHD, Kapas Krampung",Nurul Yakin,17 Juni 2017,5.0,sayang pelayanannya luama banget,Paket MaMa 3,1 Mei 2025,2025-07-04 21:38:49
"Pizza Hut Delivery - PHD, Kapas Krampung",ilham,14 November 2016,5.0,"istimewa,dan sangat memuaskan",Paket MaMa 3,26 April 2025,2025-07-04 21:38:49
"Pizza Hut Delivery - PHD, Kapas Krampung",cindy loriya,15 Januari 2016,5.0,"good job, mantap enak",MurMer Ber-5,22 Maret 2025,2025-07-04 21:38:49
"Pizza Hut Delivery - PHD, Kapas Krampung",L***,20 November 2021,1.0,"gaenak gosong
rasanya hambar gosong",Signature Regular Pizza,25 Maret 2025,2025-07-04 21:38:49
"Pizza Hut Delivery - PHD, Kapas Krampung",nissa agniya,14 Januari 2016,5.0,terim kasih banyak,Double Box Deluxe,19 Maret 2025,2025-07-04 21:38:49
"Pizza Hut Delivery - PHD, Kapas Krampung",Idatul Rahman,14 Maret 2025,5.0,sangat memuaskan,QU4RTZA,15 Maret 2025,2025-07-04 21:38:49
"Pizza Hut Delivery - PHD, Kapas Krampung",M******,12 April 2024,1.0,pizza nya tidak fresh jadi alot pas di gigit jadi tidak begitu enak,My Box Pizza,25 Februari 2025,2025-07-04 21:38:49
"Pizza Hut Delivery - PHD, Kapas Krampung",fauziah,1 Januari 2018,5.0,mantul uenak poll,My Box Pizza,11 Februari 2025,2025-07-04 21:38:49
"Pizza Hut Delivery - PHD, Kapas Krampung",S*********,22 Juni 2019,5.0,sipp enak mantappppp,Double Box Deluxe,31 Januari 2025,2025-07-04 21:38:49
"Pizza Hut Delivery - PHD, Kapas Krampung",A***** N**** P****,13 Oktober 2019,4.0,"nasi gorengnya kerasa lada banget, jadi not recommended. yg lainnya masih enak.",My Box Duo Pizza - Nasgo Let's Go Chicken,14 Januari 2025,2025-07-04 21:38:49
"Pizza Hut Delivery - PHD, Kapas Krampung",A********,17 Februari 2016,4.0,"Adonan rotinya kayak kurang ngembang, sosis yang di bagian pinggir / crust gak berasa kayak sosis beneran, entah adonan apa cuman dibuat serupa sosis",Double Box Regular,11 Januari 2025,2025-07-04 21:38:49
"Pizza Hut Delivery - PHD, Kapas Krampung",husen,26 Juni 2021,1.0,lelet suwe lambat,Flash Sale 12.12,14 Desember 2024,2025-07-04 21:38:49
"Pizza Hut Delivery - PHD, Kapas Krampung",Mia Aziz,30 Maret 2017,3.0,"pizzanya alot, trs spagetinya kayak kurang mateng",PHD Anniv Buat Ber-5 SERU,10 November 2024,2025-07-04 21:38:49
"Pizza Hut Delivery - PHD, Kapas Krampung",F***,6 Mei 2018,3.0,Isian ayamnya beda sama yg aku beli di cabang lain. Ini isiannya pake nugget ayam dipotongpotong. Kejunya juga gak meleleh mgkin terlalu panas ovennya penting luarnya dah garing tp dalemnya blm leleh.,Melts Pizza,1 November 2024,2025-07-04 21:38:49
"Pizza Hut Delivery - PHD, Kapas Krampung",Alfa Centaury,27 November 2017,5.0,"Makanannya mantap, terima kasih",Regular Pizza Tender Beef Triumph - Cheese Rolls 6 Pcs,1 November 2024,2025-07-04 21:38:49
"Pizza Hut Delivery - PHD, Kapas Krampung",R*** A*******,14 Januari 2018,3.0,rada gosong pizza nya,PayDay Crazy Deals,25 September 2024,2025-07-04 21:38:49
"Pizza Hut Delivery - PHD, Kapas Krampung",Nur Fadilah,8 September 2019,2.0,"tambah saos, tidak ada d kardus",Triple Fun Pizza,4 Agustus 2024,2025-07-04 21:38:49
"Pizza Hut Delivery - PHD, Kapas Krampung",T**** P*******,11 Januari 2020,5.0,"thakyou so much, my friends and i can enjoy pizza while working. And the taste was so fantastic 👍🏻🥰🙏🏻",Triple Fun Pizza,23 Juli 2024,2025-07-04 21:38:49
"Pizza Hut Delivery - PHD, Kapas Krampung",Sulistiyo,18 Agustus 2015,2.0,sambalnya ga ada... :(((,QU4RTZA - Orange Delight Cup,30 Juni 2024,2025-07-04 21:38:49
"Pizza Hut Delivery - PHD, Kapas Krampung",ira,2 September 2018,5.0,"mantap pooolll...
bener2 meleleh kejunya...
suka bangettt",Regular Cheese Overflow,4 Juni 2024,2025-07-04 21:38:49
"Pizza Hut Delivery - PHD, Kapas Krampung",devi,16 Agustus 2020,3.0,kayak kurang mateng cinamonrollnya kyak nya keburu buru masak nya.. tp ganggu bgt rasa nya kurang enak bikin enek,Paket KEJU-TAN,18 Mei 2024,2025-07-04 21:38:49
"Pizza Hut Delivery - PHD, Kapas Krampung",Alfa Centaury,27 November 2017,5.0,"Mantapp, terima kasih",Double Box Cheese Overflow,17 Mei 2024,2025-07-04 21:38:49
"Pizza Hut Delivery - PHD, Kapas Krampung",agung,28 Februari 2018,5.0,WAREGG ampun chef,QU4RTZA,16 Mei 2024,2025-07-04 21:38:49
"Pizza Hut Delivery - PHD, Kapas Krampung",R***,21 April 2020,1.0,saosnya kurang harusnya di kasih 2 kalo 1 kurang,Double Box Deluxe,12 Mei 2024,2025-07-04 21:38:49
"Pizza Hut Delivery - PHD, Kapas Krampung",Yayang Putri R.A,18 Juli 2019,5.0,Enak pokok deh sayang,QU4RTZA,28 April 2024,2025-07-04 21:38:49
"Pizza Hut Delivery - PHD, Kapas Krampung",Ninik Eka Silviana,30 Juni 2023,5.0,enaaakkk bgtsssss🥰🥰,Serbu Pizza - Serbu Pasta/Nasi,29 April 2024,2025-07-04 21:38:49
"Pizza Hut Delivery - PHD, Kapas Krampung",mila,22 Maret 2024,1.0,saya nambah Mozarella 13 ribu malah gak ada,Serbu Pizza,16 April 2024,2025-07-04 21:38:49
"Pizza Hut Delivery - PHD, Kapas Krampung",Tofan Febrianto,31 Maret 2019,5.0,selalu jadi pilihan camilan sore👍,Signature Regular Pizza,14 April 2024,2025-07-04 21:38:49
"Pizza Hut Delivery - PHD, Kapas Krampung",Shandy,19 Januari 2015,4.0,Sambal saus sachetan nya sekarang kok bayar yah ?!,Paket THR,26 Maret 2024,2025-07-04 21:38:49
"Pizza Hut Delivery - PHD, Kapas Krampung",dersa argani,19 Juli 2019,5.0,tetep semangat ya pak dlm bekerja mengumpulkan rejeki buat klrg drmh smg lancar orderan nya trima kasih udh mengantarkan pesanan sy dgn cepat dan aman.. smg Allah slalu melindungi BPK djln dan melancarkan rejeki bpk  aamiin,Triple Fun Pizza,24 Maret 2024,2025-07-04 21:38:49
"Pizza Hut Delivery - PHD, Kapas Krampung",shinta,29 Oktober 2016,4.0,saosnya kurang 😁,My Box XL Pizza,11 Maret 2024,2025-07-04 21:38:49
"Pizza Hut Delivery - PHD, Kapas Krampung",alfiansyah,13 Desember 2019,5.0,favorit lah gk pernalh mati citarasanya,Triple Fun Pizza,10 Maret 2024,2025-07-04 21:38:49
"Pizza Hut Delivery - PHD, Kapas Krampung",P*****,5 Februari 2016,2.0,minumnya ga dapet💔💔💔,BOGO CLBK Free Melts BBQ Meat Lovers,14 Februari 2024,2025-07-04 21:38:49
"Pizza Hut Delivery - PHD, Kapas Krampung",H****,19 September 2015,2.0,"tolong lah lagi covid masa box pizza ada lubangnya
ditutup solasi kan bisa atau bungkus kresek lah gak bondo amat?",My Box Pasta/Rice - Fun Pizza,6 Februari 2024,2025-07-04 21:38:49
"Pizza Hut Delivery - PHD, Kapas Krampung",Gunawan Setiadi,31 Mei 2023,4.0,"mantapp
mantapp",QU4RTZA Free Beef Fettuccine,5 Januari 2024,2025-07-04 21:38:49
"Pizza Hut Delivery - PHD, Kapas Krampung",hanik ratnasari,17 September 2021,5.0,"datang pas masih panas"" jadi mantap",ChocoCheese Personal Pizza - My Box Plus Pizza,19 Januari 2024,2025-07-04 21:38:49
"Pizza Hut Delivery - PHD, Kapas Krampung",diana,16 Mei 2022,4.0,agak keras adonan kulit,Triple Fun Pizza,7 Januari 2024,2025-07-04 21:38:49
"Pizza Hut Delivery - PHD, Kapas Krampung",zanekarin,27 September 2023,3.0,tidak hangat dan pizza nya keras sekali tolong diperbaiki lagi untuk kedepannya,Double Box Deluxe Free Beef Fettuccine,1 Januari 2024,2025-07-04 21:38:49
"Pizza Hut Delivery - PHD, Kapas Krampung",Yogi Rachmansyah,4 Juni 2019,4.0,Lemon Tea tidak diberikan,My Box XL Value 45Rb,25 Desember 2023,2025-07-04 21:38:49
"Pizza Hut Delivery - PHD, Kapas Krampung",yudhi,21 September 2015,5.0,rotinya agak keras apa karena kecil 😁,My Box XL Value 45Rb,19 Desember 2023,2025-07-04 21:38:49
"Pizza Hut Delivery - PHD, Kapas Krampung",wanty,9 Februari 2016,5.0,enak banget pizzanya porsi pas.,Triple Fun Pizza,19 November 2023,2025-07-04 21:38:49
"Pizza Hut Delivery - PHD, Kapas Krampung",Dewi,28 Agustus 2016,2.0,Baru ini pesan lasagna nya rasanya kecut spt bauk tidak fresh!!,My Box Plus Pizza - Beef Lasagna,13 November 2023,2025-07-04 21:38:49
"Pizza Hut Delivery - PHD, Kapas Krampung",Aura Nisrina,10 November 2018,3.0,Porsi pasta sedikit,Paket Triple Meriah,14 Oktober 2023,2025-07-04 21:38:49
"Pizza Hut Delivery - PHD, Kapas Krampung",N****,4 Mei 2017,2.0,"bigbox harusnya gapake black pizza kan? itu cmn menu sementar. beli bigbox bener sih dateng semua, tp pizzanya tb2 black pizza dimana adonannya lebih tipis dr yg biasa. terus gadapet mayo lagi. walaupun rame saya siap nunggu kok drpd miss gini",Big Box Signature,15 Oktober 2023,2025-07-04 21:38:49
"Pizza Hut Delivery - PHD, Kapas Krampung",R**** M***** A**********,20 Januari 2020,5.0,Saus kejunya dingin huhu,Big Box Signature,12 Oktober 2023,2025-07-04 21:38:49
"Pizza Hut Delivery - PHD, Kapas Krampung",mardi siswoyo,12 Maret 2017,5.0,Higienis dan mantap,Triple Fun Pizza,17 September 2023,2025-07-04 21:38:49
"Pizza Hut Delivery - PHD, Kapas Krampung",Palupi,6 Februari 2017,1.0,rasanya aneh gak sesuai ekspetasi di tiktok yg melimpah kejunya,Melts Pizza,9 Agustus 2023,2025-07-04 21:38:49
"Pizza Hut Delivery - PHD, Kapas Krampung",Silvia,2 Desember 2016,1.0,"Sy pesan hawaian chicken tp tdk ada potongan chicken seperti gambar menu yg seharusnya di komplain tetap mereka bilangnya topping hawaian chicken menggunakan 'smoked chicken' (yg tipis) n nanas. Sebelum""nya sering pesan menu tsb pdhl sesuai ada potongan chickennya. Ini jatuhnya kek topping keju dan nanas aja keliatannya",Signature Regular Pizza,19 Agustus 2023,2025-07-04 21:38:49
"Pizza Hut Delivery - PHD, Kapas Krampung",A*** N******,12 Juli 2015,4.0,makanan tidak hangat saat sampai,BOGO Regular Pizza.,17 Agustus 2023,2025-07-04 21:38:49
"Pizza Hut Delivery - PHD, Kapas Krampung",Rizki,5 September 2015,5.0,Mantap Pertahankan,BOGO Regular Pizza.,16 Agustus 2023,2025-07-04 21:38:49
"Pizza Hut Delivery - PHD, Kapas Krampung",fauziah,1 Januari 2018,5.0,Rasanya Mantab Sekali,My Box XL Mix,13 Agustus 2023,2025-07-04 21:38:49
"Pizza Hut Delivery - PHD, Kapas Krampung",fida,10 Agustus 2016,5.0,"porsinya kurang besar, kulitnya kegosongan",Melts Pizza,12 Agustus 2023,2025-07-04 21:38:49
"Pizza Hut Delivery - PHD, Kapas Krampung",Angel,4 Maret 2022,5.0,Kl boleh saos dan Mayonesnya bs gk di tambahi 🙏🏻🙏🏻🙏🏻,L1MO 6 Topping,8 Agustus 2023,2025-07-04 21:38:49
"Pizza Hut Delivery - PHD, Kapas Krampung",F*****,29 Desember 2017,3.0,Pizza nya gosong,My Box XL Pizza,7 Agustus 2023,2025-07-04 21:38:49
"Pizza Hut Delivery - PHD, Kapas Krampung",yudis tira chendra,20 Desember 2018,5.0,"maaf ini beda sama yang dipesan,",Signature Regular Pizza - Cheese Rolls,6 Agustus 2023,2025-07-04 21:38:49
"Pizza Hut Delivery - PHD, Kapas Krampung",ade,26 Desember 2016,5.0,top pokoke makasih pizza hut,Big Box Signature,26 Juli 2023,2025-07-04 21:38:49
"Pizza Hut Delivery - PHD, Kapas Krampung",S*****,29 Oktober 2016,5.0,menu barunya enak kejunya beneran melt,Metls Pizza,25 Juli 2023,2025-07-04 21:38:49
"Pizza Hut Delivery - PHD, Kapas Krampung",Elmi,12 Mei 2022,5.0,Kok dapat oreng jus tdk dapat cocacola,L1MO 6 Topping Long Weekend,19 Juli 2023,2025-07-04 21:38:49
"Pizza Hut Delivery - PHD, Kapas Krampung",Erent Dio Firnanda Arisandy,27 Oktober 2018,5.0,mantab sekali rasanya,Maksi Ber - 2,28 Juni 2023,2025-07-04 21:38:49
"Pizza Hut Delivery - PHD, Kapas Krampung",M** T** A********,10 September 2017,4.0,sausnya topingnya kurang pdhal udah minta ditambahin.,My Box Pizza,20 Juni 2023,2025-07-04 21:38:49
"Pizza Hut Delivery - PHD, Kapas Krampung",F*** O******** P******,28 Mei 2023,4.0,Porsinya udah banyak cuma kemahalan 89.000,My Box Pizza,28 Mei 2023,2025-07-04 21:38:49
"Pizza Hut Delivery - PHD, Kapas Krampung",uscy salon,7 Juli 2017,5.0,ceper datangnya,Big Box Signature,4 Juni 2023,2025-07-04 21:38:49
"Pizza Hut Delivery - PHD, Kapas Krampung",I**** M****** I****,29 Juni 2017,5.0,Jossssssssssssssssssss,Triple Fun Pizza,6 April 2023,2025-07-04 21:38:49
"Pizza Hut Delivery - PHD, Kapas Krampung",F****,1 November 2015,5.0,"Rasa :  Ok
Porsi Nya  : Pizza Nya Kecil Bangat
Kemasan : Ok",Paket Triple Meriah,20 Mei 2023,2025-07-04 21:38:49
"Pizza Hut Delivery - PHD, Kapas Krampung",Abdul Rosul,27 April 2019,5.0,mantap rasanya mantap,Quartza Pizza,19 Mei 2023,2025-07-04 21:38:49
"Pizza Hut Delivery - PHD, Kapas Krampung",misnati,16 Agustus 2017,5.0,pasta pizza dn nuggetnya endul sukaaaa banget👍👍,Paket Triple Meriah,17 Mei 2023,2025-07-04 21:38:49
"Pizza Hut Delivery - PHD, Kapas Krampung",lunettaraisa,21 April 2018,5.0,"sungguh enak
pizza 🍕lezatos",L1MO 6 Topping - Deluxe Regular,12 Mei 2023,2025-07-04 21:38:49
"Pizza Hut Delivery - PHD, Kapas Krampung",wanty,9 Februari 2016,5.0,enak banget. porsinya pas buat berdua.,Maksi Ber - 2,11 Mei 2023,2025-07-04 21:38:49
"Pizza Hut Delivery - PHD, Kapas Krampung",N**** A** K******,7 Mei 2023,5.0,makasih telah masakin❤️,My Box Pizza,8 Mei 2023,2025-07-04 21:38:49
"Pizza Hut Delivery - PHD, Kapas Krampung",fauziah,1 Januari 2018,5.0,semuanya ENAK BANGET,Maksi Ber - 2,24 April 2023,2025-07-04 21:38:49
"Pizza Hut Delivery - PHD, Kapas Krampung",R** A********,19 November 2021,4.0,Pizzanya sedikit gosong,Fun Pizza,22 April 2023,2025-07-04 21:38:49
"Pizza Hut Delivery - PHD, Kapas Krampung",Rahmansyah,10 April 2023,5.0,satu kata     .enak,Chicken Bites 6 pcs - Maksi Ber - 2,11 April 2023,2025-07-04 21:38:49
"Pizza Hut Delivery - PHD, Kapas Krampung",DKsan,5 Oktober 2015,5.0,Josssss kualitas makanan mya,L1mo 6 Topping,23 Februari 2023,2025-07-04 21:38:49
"Pizza Hut Delivery - PHD, Kapas Krampung",edi kurniawan,25 Desember 2018,5.0,Enak smoga sukses semuanya,Double Box Signature,8 April 2023,2025-07-04 21:38:49
"Pizza Hut Delivery - PHD, Kapas Krampung",Vidya,4 Mei 2022,5.0,Packaging superrrr amannnnn,Big Box Signature,31 Maret 2023,2025-07-04 21:38:49
"Pizza Hut Delivery - PHD, Kapas Krampung",munawaroh,7 Januari 2016,3.0,Gak dikasih saos sama sekali,My Box Plus Pasta,21 Maret 2023,2025-07-04 21:38:49
"Pizza Hut Delivery - PHD, Kapas Krampung",S****,13 Januari 2019,1.0,"Tumben pizza ternama se kelas pizza hut rasa, kualitas nya seperti ini...tidak enak sama sekali,dan terkesan asal-asal an penyajiannya,sayang sekali reputasi anda jatuhkan sendiri",My Box XL Pizza,5 Maret 2023,2025-07-04 21:38:49
"Pizza Hut Delivery - PHD, Kapas Krampung",muhammad faiz,5 Januari 2021,5.0,PHD tiada lawan,TRIPLE HEPI,5 Maret 2023,2025-07-04 21:38:49
"Pizza Hut Delivery - PHD, Kapas Krampung",Hay Niagara Malindo,6 Juni 2017,5.0,kemasan bagus dan rasa overall pas dikantong juga,Triple Fun Pizza,22 Februari 2023,2025-07-04 21:38:49
"Pizza Hut Delivery - PHD, Kapas Krampung",A*** S******,1 Maret 2017,2.0,pizza tidak fresh datang tidak panas,L1mo Pizza,18 Februari 2023,2025-07-04 21:38:49
"Pizza Hut Delivery - PHD, Kapas Krampung",Albert,4 Desember 2016,1.0,wrong order reveived,Double Box Heart Promo,14 Februari 2023,2025-07-04 21:38:49
"Pizza Hut Delivery - PHD, Kapas Krampung",Rachman Sugiarto,15 September 2019,5.0,joss ok top banget,Rose + Heart,14 Februari 2023,2025-07-04 21:38:49
"Pizza Hut Delivery - PHD, Kapas Krampung",I**** C****,25 Oktober 2019,5.0,enak bgt bener2 pas disaat aku pengen mkn pizza syg nya hujan bikin dingin,Triple Fun Pizza,9 Februari 2023,2025-07-04 21:38:49
"Pizza Hut Delivery - PHD, Kapas Krampung",supri,12 September 2018,3.0,dari rumah amburadul semua ...,My Box XL Pizza,5 Februari 2023,2025-07-04 21:38:49
"Pizza Hut Delivery - PHD, Kapas Krampung",amelia pratiwi,1 Februari 2020,5.0,terimakasih banyak 🙏,Triple Fun Pizza,5 Februari 2023,2025-07-04 21:38:49
"Pizza Hut Delivery - PHD, Kapas Krampung",H******,29 Januari 2022,4.0,"Minta tambahan saos,tapi ga dikasi🥲",Triple Fun Pizza,4 Februari 2023,2025-07-04 21:38:49
"Pizza Hut Delivery - PHD, Kapas Krampung",Sherly,26 Juli 2020,5.0,ok.dikemas jadi ngak kehujanan.siip,Triple Fun Pizza,2 Februari 2023,2025-07-04 21:38:49
"Pizza Hut Delivery - PHD, Kapas Krampung",unggul,11 Juli 2019,5.0,jos wes gt saja,My Box XL Pizza,1 Februari 2023,2025-07-04 21:38:49
"Pizza Hut Delivery - PHD, Kapas Krampung",I*** M********,4 Januari 2021,5.0,porsi nya kurang tapi enak makasih,Triple Fun Pizza,29 Januari 2023,2025-07-04 21:38:49
"Pizza Hut Delivery - PHD, Kapas Krampung",I****** S****,25 Oktober 2019,5.0,"terimakasih pak,semangat terus kerjanya",Seru Ber - 4,27 Januari 2023,2025-07-04 21:38:49
"Pizza Hut Delivery - PHD, Kapas Krampung",M*****,25 April 2018,5.0,"yummyyy, aman banget packing nya
bersih dan rapi",Big Box Signature,13 Januari 2023,2025-07-04 21:38:49
"Pizza Hut Delivery - PHD, Kapas Krampung",Lukman Hakim,7 November 2019,5.0,"👍👍👍
mantap pokok x",Maksi Ber - 2,8 Januari 2023,2025-07-04 21:38:49
"Pizza Hut Delivery - PHD, Kapas Krampung",Ambah,4 Desember 2016,5.0,joooos kakak pizza nya,Double Box Signature,6 Januari 2023,2025-07-04 21:38:49
"Pizza Hut Delivery - PHD, Kapas Krampung",Dessy Arif,3 Februari 2020,5.0,pertahan kan trus kualitas rasa & tekstur roti pizza nya.. 🥘😉🙏,My Box XL Pizza,31 Desember 2022,2025-07-04 21:38:49
"Pizza Hut Delivery - PHD, Kapas Krampung",A**** M********,20 Juni 2015,5.0,jos rasanya dan bikin ketagihan,My Box XL Pizza,31 Desember 2022,2025-07-04 21:38:49
"Pizza Hut Delivery - PHD, Kapas Krampung",yogas,4 Juni 2020,1.0,menu ada pilihan..harusnya lebih peka lagi..tanya salah satu pilihan....jangan asal buat saja ternyata tidak sesuai selera cusmare....harus lebih peka,My Box Pasta/Rice - Deluxe Pizza Regular,24 Desember 2022,2025-07-04 21:38:49
"Pizza Hut Delivery - PHD, Kapas Krampung",dana aktif 3jta,5 Oktober 2019,5.0,terima kasih and mantap pizza hut nya,Triple Fun Pizza - Maksi Ber - 2,22 Desember 2022,2025-07-04 21:38:49
"Pizza Hut Delivery - PHD, Kapas Krampung",Aldo,12 Mei 2018,5.0,Terima kasih banyak 👍,L1mo Pizza,21 Desember 2022,2025-07-04 21:38:49
"Pizza Hut Delivery - PHD, Kapas Krampung",aisyah,8 November 2017,5.0,"enaaak banget, puaaas",Double Box Signature Regular + Coca Cola 1 Liter,28 November 2022,2025-07-04 21:38:49
"Pizza Hut Delivery - PHD, Kapas Krampung",rendyandreas,19 Juni 2021,5.0,terimakasih mantap,Deluxe Pizza Regular,17 Desember 2022,2025-07-04 21:38:49
"Pizza Hut Delivery - PHD, Kapas Krampung",iva,15 Maret 2020,5.0,terimakasih banyak,L1MO PIZZA 6 TOPPING,7 Desember 2022,2025-07-04 21:38:49
"Pizza Hut Delivery - PHD, Kapas Krampung",felix,20 Juli 2016,3.0,"pizza yang bola ga enak, eneg. Isinya hanya cream cheese dikasih pewarna polosan gitu aja, harapan saya setidaknya masih seperti cheesy galore kejunya macam-macam dan ada gurihnya atau bisa divariasi seperti apa agar tidak bikin eneg seperti ini.",The Game Pizza,5 Desember 2022,2025-07-04 21:38:49
"Pizza Hut Delivery - PHD, Kapas Krampung",sherly,5 Agustus 2016,5.0,enak pizza.msh hangat,My Box XL,28 November 2022,2025-07-04 21:38:49
"Pizza Hut Delivery - PHD, Kapas Krampung",mujib,8 Maret 2020,5.0,"yummy no uno, lezato",TRIPLE FUN PIZZA,24 November 2022,2025-07-04 21:38:49
"Pizza Hut Delivery - PHD, Kapas Krampung",I**** M****** I****,29 Juni 2017,5.0,Jossssssssssssssssss,Oriental Chicken Spaghetti - Double Box Regular Meat Max,21 November 2022,2025-07-04 21:38:49
"Pizza Hut Delivery - PHD, Kapas Krampung",abdul ghofur,5 Mei 2018,5.0,Ter cepat dan rasanya nampol,Maksi Ber-2,18 November 2022,2025-07-04 21:38:49
"Pizza Hut Delivery - PHD, Kapas Krampung",I*****,1 Maret 2017,3.0,pizzanya yg meat lovers berantakan dan tipis sekali. pizza yang cheesy lovers gosong.,Double Box Signature Regular,11 November 2022,2025-07-04 21:38:49
"Pizza Hut Delivery - PHD, Kapas Krampung",zulaikah,26 Februari 2019,5.0,ma kasih... sesuai pesanan ya...,Maksi Ber-2,7 November 2022,2025-07-04 21:38:49
"Pizza Hut Delivery - PHD, Kapas Krampung",Shobah N,29 Oktober 2017,5.0,"mantappp dan enak.
...
...
...
...
...
.
.
.
.
.
.
.
.
.
.
.
.
.
.
.",L1MO PIZZA,3 November 2022,2025-07-04 21:38:49
"Pizza Hut Delivery - PHD, Kapas Krampung",erika,25 Januari 2018,5.0,"mantap bingitz, kualitas terjaga. saat nyampe makanan masih hangat. driver nya jg mantap pengiriman",Maksi Ber-2,2 November 2022,2025-07-04 21:38:49
"Pizza Hut Delivery - PHD, Kapas Krampung",ita,24 Oktober 2020,5.0,mantaaappp cepat sampai,Duo Pizza,30 Oktober 2022,2025-07-04 21:38:49
"Pizza Hut Delivery - PHD, Kapas Krampung",B*** S*******,3 April 2018,5.0,Sayangnya perut dah gk muat buat ngabisin👍,My Box Hitss,30 Oktober 2022,2025-07-04 21:38:49
"Pizza Hut Delivery - PHD, Kapas Krampung",G******,25 April 2020,1.0,"Pesanan semua gosong, tidak layak makan kalau untuk memberi tamu ! Sangat kecewa, ORDERAN JUGA SANGAT LAMA SEKALI RESTORAN MENYIAPKAN NYA !",Serbu Hemat,29 Oktober 2022,2025-07-04 21:38:49
"Pizza Hut Delivery - PHD, Kapas Krampung",Z**** A****,27 Desember 2018,5.0,love u guysss pokoknya oke deh,Big Box Signature,27 Oktober 2022,2025-07-04 21:38:49
"Dcrepes, Ruko Mulyosari",R***** K***** L**,29 Oktober 2023,2.0,nggak ada tehnya padahal saya pesan teh,Banana Choco Cheese With Nu Tea,2 April 2025,2025-07-04 21:39:23
"Dcrepes, Ruko Mulyosari",Nadiyah,14 Januari 2019,5.0,"baru nyobain yg oreo vanilla custard, enak oreonya, tapi setelah separo makan, jdi agak belenek makannya, sepertinya custardnya kebanyakan dan oreonya kedikitan. jdi agak ga imbang rasanya dan jadi blenek (enek). Tapi menu yg lain terbaik sih 👍",Double Choco - Oreo Vanilla Custard - Banana Choco Melt - Crispy Chicken BBQ,1 Januari 2025,2025-07-04 21:39:23
"Dcrepes, Ruko Mulyosari",S***** J******,19 Desember 2021,3.0,"jujurly biasany di d crepes enak, cuma menu yg ak pesen ini kurang enak sih menurutku, Bru pertama kali coba menu yg ini dan nyesel, lain kali ak coba menu yg pasti² aja deh",Chili Doc with Coca Cola,4 Januari 2025,2025-07-04 21:39:23
"Dcrepes, Ruko Mulyosari",E****,9 Juli 2017,2.0,pesen yg ada minumannya malah ga dapet.,Banana Choco Cheese - Chili Doc With  Nu Tea,6 September 2024,2025-07-04 21:39:23
"Dcrepes, Ruko Mulyosari",Yuanita Rahman,11 Oktober 2023,4.0,"rasanya ada pahitnya, mungkin kebanyakan soda",Takeaway Bag - Chili Doc - Choco Custard - Spicy Tuna,5 September 2024,2025-07-04 21:39:23
"Dcrepes, Ruko Mulyosari",W**** A***** S******,5 Januari 2018,1.0,Dikasih pisang mentah :),Banana Choco Cheese,5 Agustus 2024,2025-07-04 21:39:23
"Dcrepes, Ruko Mulyosari",ellen,27 Februari 2016,5.0,ada promo dri gojek.thx gojek. 😍,Choco Cheese - Choco Peanut - Smoked Beef And Cheese,20 Maret 2024,2025-07-04 21:39:23
"Dcrepes, Ruko Mulyosari",Rika Safarina,2 Agustus 2021,3.0,"size lebih kecil dari pada yang di ciputra, agak kecewa sih",Choco Peanut - Choco Cheese Aqua,31 Desember 2023,2025-07-04 21:39:23
"Dcrepes, Ruko Mulyosari",D*** C*******,30 Agustus 2016,5.0,"Mba/Mas Dcrepes nya keliru, pilih nu green tea original dikasihnya yg honey 🙁",Banana Choco Cheese With Nu Tea,16 Agustus 2023,2025-07-04 21:39:23
"Dcrepes, Ruko Mulyosari",intan,21 Mei 2017,5.0,pertahankan kualitas & rasanya,Smoked Beef And Cheese - Banana Choco Cheese,3 Agustus 2023,2025-07-04 21:39:23
"Dcrepes, Ruko Mulyosari",Sultan Kusuma,18 Mei 2023,5.0,"worth it untuk 30 ribu!! :), gak sabar untuk beli next time, makasih :)",Cookies 'n Cream,3 Juni 2023,2025-07-04 21:39:23
"Dcrepes, Ruko Mulyosari",L****,21 Januari 2018,1.0,"baru kali ini pesan makanan, bungkusnya tidak disegel",Smoked Beef And Cheese - Smoked Beef And Cheese - Chili Doc,4 Maret 2023,2025-07-04 21:39:23
"Dcrepes, Ruko Mulyosari",yudi cahyo,11 Agustus 2015,1.0,bukan renyah....tapi mlempem....kurang kering....koyot digigit....barusan nyampe gojeknya langsung makan lho ini,Double Choco - Silverqueen - Choco Peanut,24 September 2022,2025-07-04 21:39:23
"Dcrepes, Ruko Mulyosari",Hannah,5 November 2020,1.0,Order 5 dtg 4 sdh 2 x ini dng gojek kenapa ya,Seru 3 - Paper Bag - Choco Cheese,7 September 2022,2025-07-04 21:39:23
"Dcrepes, Ruko Mulyosari",Quinshima,9 Desember 2019,1.0,"Salah dikasih tadi sudah minta tanpa ovomaltine, extra banana cuma nggak dikasih sesuai. Yang dikasih ovomaltine cheese.",Ovomaltine Cheese - Ovomaltine Cheese,29 Agustus 2022,2025-07-04 21:39:23
"Dcrepes, Ruko Mulyosari",F*** S****,19 Mei 2016,5.0,enaak.. kapan2 lagi ya,Pesta 1 - Banana Choco Cheese - Spicy Tuna,24 Juli 2022,2025-07-04 21:39:23
"Dcrepes, Ruko Mulyosari",engelien,22 Agustus 2017,4.0,beli paper bag..datengnya kresek😅,Choco Cheese - Paper Bag - Banana Choco Cheese - Chili Doc,12 Juli 2022,2025-07-04 21:39:23
"Dcrepes, Ruko Mulyosari",Rizky B,2 Agustus 2017,3.0,pesen pepperoni pizza yang datang malah chilli dog:(,Pepperoni Pizza - Smoked Beef And Cheese - Choco Cheese,11 Juli 2022,2025-07-04 21:39:23
"Dcrepes, Ruko Mulyosari",N****,4 Desember 2018,5.0,"enak banget, crepenya renyah isinya banyak",Cuan 3,25 Juni 2022,2025-07-04 21:39:23
"Dcrepes, Ruko Mulyosari",R*** S********,1 September 2015,5.0,D’crepes emang paling mantappp 👌,Paper Bag - Banana Vanilla Custard - Oreo Vanilla Custard - Banana Vanilla Custard - Chili Doc,13 Mei 2022,2025-07-04 21:39:23
"Dcrepes, Ruko Mulyosari",Sylvia Margaretha,15 Agustus 2015,5.0,"always cemilan ter de best, dpt diandalkan ketika perut keroncongan",Smoked Beef And Cheese,3 Juni 2022,2025-07-04 21:39:23
"Dcrepes, Ruko Mulyosari",nida,22 November 2021,5.0,mantap banget cepat dateng pokoknya mantap,Cookies 'n Cream - Ovomaltine Oreo,26 April 2022,2025-07-04 21:39:23
"Dcrepes, Ruko Mulyosari",Joshua,26 Maret 2016,5.0,uhuy ntaps skuy,Double Choco - Banana Choco Melt - Nutella Cheese,11 Februari 2022,2025-07-04 21:39:23
"Dcrepes, Ruko Mulyosari",Risma Arlina,23 Juli 2016,3.0,lembek tidak crispi mahal,Banana Vanilla Custard - Ovomaltine Oreo,19 Maret 2022,2025-07-04 21:39:23
"Dcrepes, Ruko Mulyosari",F*****,10 Oktober 2015,4.0,kombinasi kulit yg manis dgn isi yg gurih kurang pas di lidah saya,Steak and Cheese + Coca Cola,13 Maret 2022,2025-07-04 21:39:23
"Dcrepes, Ruko Mulyosari",Uwhie,1 Maret 2020,5.0,love love love... makasih yaa... camilan terrbaik ku,Banana Choco Cheese,6 Februari 2022,2025-07-04 21:39:23
"Dcrepes, Ruko Mulyosari",iari tentifar,23 Desember 2016,5.0,dari dulu fans dcrepes..sejak SMA sampe punya anak 2..belum bosen sama Chilli dog nya..keep up yaa dcrepes..,Chili Doc with Nu Tea,18 Februari 2022,2025-07-04 21:39:23
"Dcrepes, Ruko Mulyosari",MR.ghitraf,1 Juni 2020,4.0,"Pesanan yang saya pesan tidak sesuai,saya pesan tidak pedas tapi yang datang pedas",Banana Choco Cheese - Smoked Beef And Cheese - Spicy Tuna,17 Februari 2022,2025-07-04 21:39:23
"Dcrepes, Ruko Mulyosari",Asri Maharani,10 November 2015,5.0,suka masakannya chef,Banana Choco Cheese - Spicy Tuna,12 Februari 2022,2025-07-04 21:39:23
"Dcrepes, Ruko Mulyosari",Didik Prayitno,2 April 2018,4.0,porsinya kurang hehehe,Spicy Tuna,4 Februari 2022,2025-07-04 21:39:23
"Dcrepes, Ruko Mulyosari",annisa kalma,1 April 2019,4.0,rasanya agak beda sama yg pernah beli di galaxy mall. but still good.,Choco Cheese with Nu Tea,14 Januari 2022,2025-07-04 21:39:23
"Dcrepes, Ruko Mulyosari",Elsa Dewi,11 Juni 2017,1.0,saya sangat kecewa kali ini Krn crepes saya gosong dan tetap diberikan ke saya. rasanya bukan lagi Nutella cheese tapi rasa gosong,Nutella Cheese,11 Januari 2022,2025-07-04 21:39:23
"Dcrepes, Ruko Mulyosari",V***,28 Oktober 2021,5.0,bluberi crim ciz enak banget 😁,Premium Beef Burger with Nu Tea - Blueberry Cream Cheese,16 Desember 2021,2025-07-04 21:39:23
"Dcrepes, Ruko Mulyosari",F******,20 Agustus 2015,3.0,"all good, but too bad they didnt fulfill my 2nd req.. more vegetables. either the waiter did not get any notif from driver.. or they cant add more, but driver didnt say anything about it. overall still same quality, but this choice isnt my fave.",Smoked Beef and Cheese with Nu Tea,24 November 2021,2025-07-04 21:39:23
"Dcrepes, Ruko Mulyosari",P****,10 Juli 2019,3.0,kulit nya masih basah ga crispy,Choco Cheese - Banana Choco Cheese,10 November 2021,2025-07-04 21:39:23
"Dcrepes, Ruko Mulyosari",A***** H*******,10 Desember 2018,5.0,Minuman Coca Cola-nya TIDAK DINGIN. Jadi malas dengan Resto ini.,Banana Choco Cheese with Coca Cola,21 Oktober 2021,2025-07-04 21:39:23
"Dcrepes, Ruko Mulyosari",T***,7 Agustus 2015,3.0,"Porsi lbh kecil saat beli di shope,BBQ mnta pedas Ga dikasi cabe smsekali 😌kulit mnta kering tp ini lembek",Spicy Tuna - Spicy Tuna - BBQ Chicken,9 Oktober 2021,2025-07-04 21:39:23
"Dcrepes, Ruko Mulyosari",A***** F********,12 September 2015,5.0,mantap bangettt,Cookies 'n Cream - Silverqueen - Ovomaltine Only,6 Oktober 2021,2025-07-04 21:39:23
"Dcrepes, Ruko Mulyosari",A******** D*** A,27 April 2021,5.0,"terimakasih, jaga kesehatan",AQUA x BBQ Chicken - Choco Cheese,25 Agustus 2021,2025-07-04 21:39:23
"Dcrepes, Ruko Mulyosari",D****,31 Oktober 2016,5.0,kriuknya dan cokelat kejunya enak banget.,Choco Cheese,25 Agustus 2021,2025-07-04 21:39:23
"Dcrepes, Ruko Mulyosari",F******,19 Maret 2019,5.0,Rasanya mantap packingnya rapih,Smoked Beef And Cheese - Pepperoni Pizza,11 Agustus 2021,2025-07-04 21:39:23
"Dcrepes, Ruko Mulyosari",M******,23 April 2017,5.0,rasanya crepesnya mantap.. kemasannya juga rapi packaging nya juga aman,Choco Cheese - BBQ Chicken,6 Agustus 2021,2025-07-04 21:39:23
"Dcrepes, Ruko Mulyosari",D*****,23 April 2016,5.0,pas ppkm ehh ada dcrepes buka dekat rumah harganya pas rasanya enakk,Banana Choco Cheese,1 Agustus 2021,2025-07-04 21:39:23
"Dcrepes, Ruko Mulyosari",R**,17 Desember 2020,1.0,tidak sesuai order .. kurang teliti dalam melihat pesanan,Smoked Beef and Cheese with Nu Tea,13 Juli 2021,2025-07-04 21:39:23
"Dcrepes, Ruko Mulyosari",A***** B*****,23 September 2017,5.0,"packing nya baru, jd lebih mudah makannya",Choco Cheese with Coca Cola - Smoked Beef And Cheese,21 April 2021,2025-07-04 21:39:23
"Dcrepes, Ruko Mulyosari",M*********,21 November 2015,3.0,"smoked beef td, sdh ada catatan gak pakai mayonnaise kok msh diksh mayonnaise 😭",Choco Cheese - Smoked Beef And Cheese,27 Februari 2021,2025-07-04 21:39:23
"Dcrepes, Ruko Mulyosari",A*********,27 Januari 2019,5.0,enak dan sippp pake bangetttt,N/A,18 Januari 2021,2025-07-04 21:39:23
"Dcrepes, Ruko Mulyosari",N****,26 Oktober 2015,2.0,fillingnya jauh lebih sedikit dari biasanya. crepesnya gak kriuk seperti biasanya. melempem,Banana Choco Cheese,15 Januari 2021,2025-07-04 21:39:23
"Dcrepes, Ruko Mulyosari",M**** P********,29 Agustus 2015,5.0,Dapet bonus nutella mini. Happyyy😊,Banana Choco Cheese - Choco Cheese - Banana Vanilla Custard - Smoked Beef And Cheese,15 Januari 2021,2025-07-04 21:39:23
"Dcrepes, Ruko Mulyosari",S*** A******,15 September 2019,4.0,porsinya boleh tambah dikit laahh,Smoked Beef And Cheese - Smoked Beef And Cheese - Banana Choco Cheese,12 Januari 2021,2025-07-04 21:39:23
"Dcrepes, Ruko Mulyosari",A*****,17 September 2015,4.0,Swdikit kurang kering crepesnya,Choco Cheese,17 Desember 2020,2025-07-04 21:39:23
"Dcrepes, Ruko Mulyosari",M**,6 Agustus 2015,5.0,"still be my fav snack from a few years ago, cruncy and fresh😍",Chili Doc with Coca Cola - BBQ Chicken,3 Desember 2020,2025-07-04 21:39:23
"Dcrepes, Ruko Mulyosari",D****,24 November 2015,3.0,"jangan dibikinkan dulu sebelum ada drivernya, bisa2 mlempem.",Choco Cheese,24 November 2020,2025-07-04 21:39:23
"Dcrepes, Ruko Mulyosari",N*** V**** A******,23 Oktober 2016,5.0,recommended bgt.,Chili Doc,11 September 2020,2025-07-04 21:39:23
"Dcrepes, Ruko Mulyosari",L****** P******* R********,18 Desember 2015,4.0,beef yakiniku sperti kursng saus kering bgt,Beef Yakiniku - Meat Lovers Pizza,7 Juli 2020,2025-07-04 21:39:23
"Dcrepes, Ruko Mulyosari",H************,10 Juni 2016,5.0,"utk packagingnya, tolong tetap menjaga kebiasaan yang sudah dilakukan, kemaren crepesnya tidak dibungkus kertas dulu, langsung masuk ke box. tolong menjadi perhatian. terimakasih",Cadbury Cashew & Cookies - Cookies 'n Cream - Cookies 'n Cream,29 Juni 2020,2025-07-04 21:39:23
"Dcrepes, Ruko Mulyosari",I****,24 Februari 2017,4.0,"pesanan paket + cola, yg datang tdk ada minumnya",Smoked Beef and Cheese with Coca Cola - Chili Doc - Banana Choco Cheese - Choco Cheese - Premium Chicken Burger - Cookies 'n Cream - Double Choco,23 Juni 2020,2025-07-04 21:39:23
"Dcrepes, Ruko Mulyosari",E**,17 Juli 2019,2.0,crapes tapi lembek padahal bukan pesan yang soft,Choco Cheese,28 April 2020,2025-07-04 21:39:23
"Dcrepes, Ruko Mulyosari",E****,11 Juli 2016,4.0,enak...toppingnya kan savory ya...sayang crepesnya manis,Smoked Beef And Cheese,7 Maret 2020,2025-07-04 21:39:23
"Dcrepes, Ruko Mulyosari",D*** K****,18 Oktober 2017,5.0,enakkkkk bangetttt,Chili Doc with Coca Cola,2 Maret 2020,2025-07-04 21:39:23
"Dcrepes, Ruko Mulyosari",D**,28 Agustus 2015,3.0,crepes ny bau kaya lem. pisangnya gatau kenapa rasanya ga kaya pisang.,Banana Choco Cheese,11 Februari 2020,2025-07-04 21:39:23
"Dcrepes, Ruko Mulyosari",P**** N********,11 Agustus 2016,1.0,saya pesan paket tapi tidak dikasih minumnya,Spicy Tuna with Nu Tea / Aqua,1 Februari 2020,2025-07-04 21:39:23
"Dcrepes, Ruko Mulyosari",F****,15 November 2015,1.0,Ada rambut di dalam makanannya. Tolong kebersihannya ditingkatkan!!,Chili Doc with Coca Cola,1 Februari 2020,2025-07-04 21:39:23
"Dcrepes, Ruko Mulyosari",I** I***************,11 Maret 2017,5.0,makanan fav sejak sma.... 😍,Ovomaltine Cheese - Beef Yakiniku - Smoked Beef And Cheese,25 Januari 2020,2025-07-04 21:39:23
"Dcrepes, Ruko Mulyosari",H*****,13 Agustus 2015,4.0,coklat nya kemarin 👎,Choco Peanut - Banana Choco Cheese,27 Desember 2019,2025-07-04 21:39:23
"Dcrepes, Ruko Mulyosari",A***** H*******,10 Desember 2018,5.0,Enjoy the Crapes.,Premium Beef Burger with Nu Tea / Aqua - Choco Peanut with Nu Tea / Aqua,14 Desember 2019,2025-07-04 21:39:23
"Dcrepes, Ruko Mulyosari",S**** I*** W***,14 Juli 2015,4.0,"Enak tp isiannya kurang banyak,",Spicy Tuna with Nu Tea / Aqua,6 Desember 2019,2025-07-04 21:39:23
"Dcrepes, Ruko Mulyosari",G**** I* S*************,26 Juni 2015,2.0,Taste was bad 😞 disappointing,Choco Cheese with Nu Tea / Aqua - Meat Lovers Pizza,20 Oktober 2019,2025-07-04 21:39:23
"Dcrepes, Ruko Mulyosari",P******* P****,2 Februari 2019,4.0,Gak dapat nuTea. Entah merchant atau drivernya yg error,Premium Beef Burger with Nu Tea / Aqua - Smoked Beef and Cheese with Nu Tea / Aqua,30 Agustus 2019,2025-07-04 21:39:23
"Dcrepes, Ruko Mulyosari",M****,30 November 2015,5.0,selalu jd crepes pilihan sejak jaman sma😘,Smoked Beef And Cheese - Choco Cheese,29 Agustus 2019,2025-07-04 21:39:23
"Dcrepes, Ruko Mulyosari",C*******,28 Januari 2017,5.0,Cuma rasanya bikin enekk!!,Peanut and Cheese,11 Agustus 2019,2025-07-04 21:39:23
"Dcrepes, Ruko Mulyosari",A********,25 Agustus 2015,5.0,Dcrepes ga pernah salah i love chilli doggg!,N/A,12 Juli 2019,2025-07-04 21:39:23
"Dcrepes, Ruko Mulyosari",E**,21 Juni 2016,3.0,kulitnya rada alot,N/A,16 Juni 2019,2025-07-04 21:39:23
"Dcrepes, Ruko Mulyosari",D*******,4 September 2015,2.0,"orangnya salah jualain, pesen ovomaltine eh diksh choco jdnya eneg",N/A,11 Juni 2019,2025-07-04 21:39:23
"Dcrepes, Ruko Mulyosari",T*** P*******,30 Juni 2017,3.0,"jarak siwalankerto ke rumah cuma 3 km..saya order biasanya sampai rumah masih hangat dan crispy ..ini kmr sampai rumah, dingin dan mlempem.
padahal gojek sesuai wkt pemgirimannya",N/A,26 Mei 2019,2025-07-04 21:39:23
"Dcrepes, Ruko Mulyosari",T**** K********,4 Maret 2017,5.0,maknyuss rasa pisang-keju-cokelatnya,N/A,22 Mei 2019,2025-07-04 21:39:23
"Dcrepes, Ruko Mulyosari",N******,16 Agustus 2016,3.0,tidak sesuai dengan permintaan. di note saya minta agar kulit dbuat crispy. malah kulitnya dibuat lembek sehingga sulit makannya,N/A,16 Juli 2018,2025-07-04 21:39:23
"Ayam Goreng Bakar Gokar Kencana, Mulyorejo",C****,8 Juli 2017,1.0,"gorengannya hitam, padahal saya belinya pagi. sepertinya minyak yg digunakan bukan baru digunakan pada hari itu, melainkan sudah dari beberapa hari lalu. ayam sangat amat kecil. tidak cukup untuk dimakan 1 porsi, bahkan mungkin setengah porsi juga tidak cukup. kapok beli di sini",Bandeng Goreng Uk. Besar - Bakwan Goreng Penyet - Paha/Dada Goreng Penyet,14 Juni 2025,2025-07-04 21:39:51
"Ayam Goreng Bakar Gokar Kencana, Mulyorejo",T***,31 Desember 2018,5.0,"setiap kali pesan rasanya tetap enak,😍👍",Sego Cup Ayam Kampung Geprek - Ayam Gokar Ekoran /Ekor - Terung Balado - Sego Cup Jamur Geprek,29 Mei 2025,2025-07-04 21:39:51
"Ayam Goreng Bakar Gokar Kencana, Mulyorejo",N****,15 November 2021,5.0,enak smua.makasih,Bandeng Bakar Madu Tanpa Duri - Ayam Bakar Madu Ekoran /Ekor - Pepes Bandeng Pedas Tanpa Duri,15 April 2025,2025-07-04 21:39:51
"Ayam Goreng Bakar Gokar Kencana, Mulyorejo",C********,13 April 2017,5.0,enakkk empal goreng nya,Empal Goreng Frozen,26 Maret 2025,2025-07-04 21:39:51
"Ayam Goreng Bakar Gokar Kencana, Mulyorejo",Michael,15 Januari 2021,5.0,"Rasanya enak, pengirimannya cepat",Empal Goreng Frozen - Telur Dadar Tahu Tempe Penyet,18 Maret 2025,2025-07-04 21:39:51
"Ayam Goreng Bakar Gokar Kencana, Mulyorejo",M******,15 Januari 2021,5.0,Rasanya enak dan customer servicenya juga fast respond. Semoga sukses terus 🙏,Empal Goreng Frozen - Telur Dadar Tahu Tempe Penyet,16 Maret 2025,2025-07-04 21:39:51
"Ayam Goreng Bakar Gokar Kencana, Mulyorejo",Michael,15 Januari 2021,3.0,"Mohon maaf mas / mbak. Saya sudah pesan dua porsi telur dadar tahu tempe, tapi kok yang datang hanya satu ya?",Telur Dadar Tahu Tempe Penyet - Empal Goreng Frozen,15 Maret 2025,2025-07-04 21:39:51
"Ayam Goreng Bakar Gokar Kencana, Mulyorejo",M******,15 Januari 2021,4.0,"penyet dan empal suwirnya enak pol. namun untuk 80k, suwirnya kurang banyak :(",Empal Suwir Frozen - Telur Dadar Tahu Tempe Penyet,13 Maret 2025,2025-07-04 21:39:51
"Ayam Goreng Bakar Gokar Kencana, Mulyorejo",Ade purnomo,24 Juni 2022,5.0,"rasa iga bakar sama ayam bakarnya masih terjaga,sama gak berubah dari makan diresto maupun pesen antar👍
cuma tolong perhatikan janggel jagung ada yg busuk apa gak,biar rasa sayur asemnya gak berubah tercampur rasa janggel jagung busuk.",Iga bakar madu penyet - Paha / Dada Bakar Madu - Sayur Asem,9 Januari 2025,2025-07-04 21:39:51
"Ayam Goreng Bakar Gokar Kencana, Mulyorejo",harianto,8 November 2020,3.0,ayamnya terlalu kecil uk nya,Bandeng Goreng Tanpa Duri - Ayam Goreng Ekoran /Ekor,1 Mei 2024,2025-07-04 21:39:51
"Ayam Goreng Bakar Gokar Kencana, Mulyorejo",widia,3 Agustus 2017,4.0,ayam masih basah,Ayam Gokar Ekoran /Ekor,9 Februari 2024,2025-07-04 21:39:51
"Ayam Goreng Bakar Gokar Kencana, Mulyorejo",wenny,26 Agustus 2015,5.0,"enak bandeng bakar madunya,cuma sambalnya kurang pedas dan kl bisa sambalnya di ubah dech..kyk gk cocok aja di totol ke bandeng bakarnya😄",Bandeng Bakar Madu Tanpa Duri,21 Maret 2024,2025-07-04 21:39:51
"Ayam Goreng Bakar Gokar Kencana, Mulyorejo",wenny,26 Agustus 2015,4.0,enak bandengnya cuma sayang ikan bandengnya kecil kurang gede😄,Bandeng Goreng Tanpa Duri,12 Maret 2024,2025-07-04 21:39:51
"Ayam Goreng Bakar Gokar Kencana, Mulyorejo",W****,26 Agustus 2015,3.0,"bandengnya bau tanah nich..☹️
jadi gk selera makan☹️
tolong lbh di perhatikan lagi kwalitas bandengnya ya..🙏biar pelanggan gk kapok beli ini lagi.",Bandeng Goreng Uk. Besar,23 Maret 2023,2025-07-04 21:39:51
"Ayam Goreng Bakar Gokar Kencana, Mulyorejo",Kasirin,21 Agustus 2016,1.0,"pepes bandengnya basi, tidak fres,,,sdh sy panasi tp basi,,,gimana ini",Pepes Bandeng Pedas Tanpa Duri Frozen - Ayam Bakar Madu Frozen,17 Agustus 2022,2025-07-04 21:39:51
"Ayam Goreng Bakar Gokar Kencana, Mulyorejo",rosadi wirawan,29 Agustus 2015,1.0,terlalu mahal untuk 2 potong ayam 118rb.. saya pikir ekor itu 1 ayam utuh..  masa per potong aja 28rb ..,Gurami Bakar Madu - Ayam Gokar Ekoran /Ekor - Ayam Bakar Madu Ekoran /Ekor,12 Mei 2022,2025-07-04 21:39:51
"Ayam Goreng Bakar Gokar Kencana, Mulyorejo",Penelupi Ketanitem,15 Februari 2018,5.0,"cuman sayang,ikannya kecil.coba kalo ikannya lebih besar...pasti lebih mantap",Gurami Bakar Madu - Nasi Putih,17 Maret 2022,2025-07-04 21:39:51
"Ayam Goreng Bakar Gokar Kencana, Mulyorejo",Roymond Arvian,15 Agustus 2015,5.0,"Enak banget sih, tapi porsinya terlalu sedikit di kisaran harga seperti itu.","Empal Gokar, Tahu, Tempe, Terung Penyet - Pete Goreng - Nasi Putih - Hati/Rempela Goreng, Tahu, Tempe Penyet",14 Februari 2022,2025-07-04 21:39:51
"Ayam Goreng Bakar Gokar Kencana, Mulyorejo",hanes huang,5 Oktober 2016,3.0,Kecil ukuran ayamnya,Ayam Bakar Madu Ekoran /Ekor,31 Januari 2022,2025-07-04 21:39:51
"Ayam Goreng Bakar Gokar Kencana, Mulyorejo",W****,26 Agustus 2015,3.0,bandengnya kecil dan bumbu kurang meresap sampai ke dlmnya.,Bandeng Bakar Madu Tanpa Duri - Ayam Paha / Dada Goreng,29 Januari 2022,2025-07-04 21:39:51
"Ayam Goreng Bakar Gokar Kencana, Mulyorejo",Yenni Nahak,11 September 2017,1.0,porsi yang sangat sedikit dengan harga segitu.,Paha / Dada Bakar Madu,27 Januari 2022,2025-07-04 21:39:51
"Ayam Goreng Bakar Gokar Kencana, Mulyorejo",W****,26 Agustus 2015,4.0,bandengnya kurang bumbu n berasa aja di daging ikannya lbh di bumbu i lagi spy berasa gurih dan sedap di daging ikannya.utk sayur asemnya dikit bangettt😭,"Bandeng Goreng Tanpa Duri - Sayur Asem - Hati/Rempela Goreng, Tahu, Tempe Penyet",12 Januari 2022,2025-07-04 21:39:51
"Ayam Goreng Bakar Gokar Kencana, Mulyorejo",tri winirta sari,4 Juni 2016,3.0,nasinya pesen 2 porsi. dikirim 1 porsi🤦‍♀️,Nasi Putih - Asem Asem Daging Sapi Frozen - Telur Dadar Penyet,20 Desember 2021,2025-07-04 21:39:51
"Ayam Goreng Bakar Gokar Kencana, Mulyorejo",A****,20 Agustus 2015,1.0,Minta tanpa sambel malah tidak bisa,Sego Cup Ayam Kampung Geprek,13 November 2021,2025-07-04 21:39:51
"Ayam Goreng Bakar Gokar Kencana, Mulyorejo",A****,6 Februari 2021,4.0,"jujur taste empalnya terlalu manis buat saya,dan diakhir rasanya agak amis dagingnya.but overall porsi banyak dagingnya empuk,enak,dan sambalnya pedas nampolll ,tp terongnya dalamnya masih mentah,packing bagus dan rapi","Empal Gokar, Tahu, Tempe, Terung Penyet",6 Oktober 2021,2025-07-04 21:39:51
"Ayam Goreng Bakar Gokar Kencana, Mulyorejo",T** W****** S***,4 Juni 2016,3.0,porsinya untuk harga yg tertera. apa ndk terlalu pelit ya??? tp krn ikut ada promo. jd cuma mikir kalo pale harga yg promo ya mufakat. sesuai... tp rasa enak,Iga bakar madu penyet,4 Oktober 2021,2025-07-04 21:39:51
"Ayam Goreng Bakar Gokar Kencana, Mulyorejo",L***,31 Agustus 2018,1.0,minta 3 ayam dada. sdh tulis Note juga.yg dtg sayap semua. pdhl plg g bs mkn sayap :(( bad service!,Ayam Paha / Dada Goreng,16 Agustus 2021,2025-07-04 21:39:51
"Ayam Goreng Bakar Gokar Kencana, Mulyorejo",M*******,2 November 2015,4.0,porsi tolong ditingkat krn hrgnya sdh mahal masak porsinya sedikit,Ayam Paha / Dada Goreng - Paha / Dada Bakar Madu - Ayam Goreng (Paha/Dada) Penyet,24 Juni 2021,2025-07-04 21:39:51
"Ayam Goreng Bakar Gokar Kencana, Mulyorejo",M*******,2 November 2015,5.0,suka banget empalnya empuk sayang porsinya sedikit & porsi ayam kecil pdhal hrgnya mahal,Ayam Goreng (Paha/Dada) Penyet,29 Juni 2021,2025-07-04 21:39:51
"Ayam Goreng Bakar Gokar Kencana, Mulyorejo",M*******,2 November 2015,4.0,harganya tapi masih mahal. kasih promo dong,Ayam Goreng (Paha/Dada) Penyet,9 Juli 2021,2025-07-04 21:39:51
"Ayam Goreng Bakar Gokar Kencana, Mulyorejo",D*** L* K*********,1 Agustus 2017,1.0,Iga bakarnya seperti basi ada lendir nya,Iga bakar madu penyet - Hati / Rempela Bakar Madu /Tusuk,24 April 2020,2025-07-04 21:39:51
"Ayam Goreng Bakar Gokar Kencana, Mulyorejo",N******,9 September 2016,4.0,Tapi ayamnya kecil bgt😂 hehe,Nasi Putih - Ayam Bakar Madu (Paha/Dada) Penyet - Sambal Lalapan,23 Desember 2019,2025-07-04 21:39:51
"Ayam Goreng Bakar Gokar Kencana, Mulyorejo",C****,22 November 2016,3.0,"Mahal, tapi porsinya mini",Ayam Gokar Ekoran /Ekor - Nasi Putih,2 Desember 2019,2025-07-04 21:39:51
"Ayam Goreng Bakar Gokar Kencana, Mulyorejo",C****,3 November 2016,3.0,porsinya kecil kurang worth it,Paket 2,22 September 2019,2025-07-04 21:39:51
"Ayam Goreng Bakar Gokar Kencana, Mulyorejo",K*****,23 Desember 2016,3.0,Lupa nasinya diberikan sampai driver hrs kembali,N/A,26 Mei 2019,2025-07-04 21:39:51
"Ayam Goreng Bakar Gokar Kencana, Mulyorejo",A*****,4 Februari 2017,3.0,gak ada tahu tempenya,N/A,7 April 2019,2025-07-04 21:39:51
"Ayam Goreng Bakar Gokar Kencana, Mulyorejo",C******,29 April 2017,3.0,tdk sesuai menu,N/A,10 Maret 2019,2025-07-04 21:39:51
"Ayam Goreng Bakar Gokar Kencana, Mulyorejo",A*****,16 Oktober 2017,5.0,puass enakk bgeeett 👍🏻👍🏻👍🏻👍🏻👍🏻,N/A,5 Maret 2019,2025-07-04 21:39:51
"Ayam Goreng Bakar Gokar Kencana, Mulyorejo",A*****,16 Oktober 2017,5.0,"endolll bget, wueenaakk poll",N/A,2 Maret 2019,2025-07-04 21:39:51
"Ayam Goreng Bakar Gokar Kencana, Mulyorejo",Y****,14 Agustus 2015,4.0,ikan bakarnya terlalu kering,N/A,1 Maret 2019,2025-07-04 21:39:51
"Ayam Goreng Bakar Gokar Kencana, Mulyorejo",L***,17 Juli 2016,1.0,ayam kecil banget . ga dpt nasi . kemahalan. sambel sedikit . buruk. gak worth it,N/A,22 Oktober 2018,2025-07-04 21:39:51
"Ayam Goreng Bakar Gokar Kencana, Mulyorejo",M***** A***** P****,16 Juli 2016,3.0,Harga terlalu mahal ayam bakar madu 23rb tanpa nasi..Ayamx juga kecil,N/A,20 September 2018,2025-07-04 21:39:51
"Ayam Goreng Bakar Gokar Kencana, Mulyorejo",E**** T***,26 Agustus 2015,3.0,Ayamnya terlalu kuecil2...,N/A,18 September 2018,2025-07-04 21:39:51
"Ayam Goreng Bakar Gokar Kencana, Mulyorejo",S***,11 Mei 2018,1.0,"bener2cuma ayam, aku kira+nasi. terlalu mahal",N/A,14 Juli 2018,2025-07-04 21:39:51
"KFC, Mulyosari Surabaya",R*** D****,10 Juli 2019,1.0,minta original malah dikasih yg pedes. padahal abang gojeknya udah ingetin. KFC ga profesional.,Triple Treat,26 Juni 2025,2025-07-04 21:40:26
"KFC, Mulyosari Surabaya",ratri widya,9 Juli 2017,5.0,ayamnya gedein dikit hehe,LDR Buy 1 Get 1,10 Mei 2025,2025-07-04 21:40:26
"KFC, Mulyosari Surabaya",chamdun,3 Juni 2021,4.0,"mintak dada,dikasih paha atas 😭",LDR Buy 1 Get 1,7 Mei 2025,2025-07-04 21:40:26
"KFC, Mulyosari Surabaya",Gilang,27 April 2025,5.0,mantab sekaliiii,LDR Package,27 April 2025,2025-07-04 21:40:26
"KFC, Mulyosari Surabaya",J*******,12 Mei 2024,3.0,gak banget 3 minuman tumpah semua dalam plastik,Triple Treat - Rice,15 April 2025,2025-07-04 21:40:26
"KFC, Mulyosari Surabaya",D*** S********,4 September 2015,4.0,Ayamnya Kecil ya skrg..,Super Besar 2,13 April 2025,2025-07-04 21:40:26
"KFC, Mulyosari Surabaya",Dona,11 April 2017,5.0,Beneran Jagonya Ayam👍👍,Crazy Deal 7,10 April 2025,2025-07-04 21:40:26
"KFC, Mulyosari Surabaya",giani,24 Juni 2020,5.0,enak terimakasih,Winger Bucket Promo,31 Maret 2025,2025-07-04 21:40:26
"KFC, Mulyosari Surabaya",B******,4 Agustus 2024,4.0,cream soup nya sedikit agak salty 😁,LDR Package - Cream Soup,29 Maret 2025,2025-07-04 21:40:26
"KFC, Mulyosari Surabaya",P**** R*****,16 Agustus 2021,4.0,"Mantap, kali ini dpt yg masih panas2, minumannya jg gak meleleh.",Cream Soup - Triple Treat,12 Maret 2025,2025-07-04 21:40:26
"KFC, Mulyosari Surabaya",K****,18 Oktober 2022,1.0,"porsi kurang , kualitas pake instan semua",KFC Attack Nasi Uduk,15 Februari 2025,2025-07-04 21:40:26
"KFC, Mulyosari Surabaya",A****,11 September 2018,1.0,"di bon ada nasi, di pesannan juga ada tambahan nasi. tapi yang dikirim nasinya kurang satu :) yang harusnya 3 jadi cuma 2 hadehhhhh haram tu uang, mbak mas pekerja tolong lebih teliti kalo kerja",LDR Package - Super Besar 2 - Rice,12 Februari 2025,2025-07-04 21:40:26
"KFC, Mulyosari Surabaya",T******,26 Mei 2017,3.0,Hampir nunggu 1 jam makanan,Spaghetti Supreme - Super Besar 2 - KFC Noodle + Chicken,31 Januari 2025,2025-07-04 21:40:26
"KFC, Mulyosari Surabaya",mila,1 Desember 2024,5.0,ok good bikin kenyang😂,Combo Latte 1,1 Desember 2024,2025-07-04 21:40:26
"KFC, Mulyosari Surabaya",riski,26 November 2024,1.0,nasi belom matang masih keras,LDR Package,30 November 2024,2025-07-04 21:40:26
"KFC, Mulyosari Surabaya",B** Y****,27 Desember 2018,4.0,"minta banyakin saos, dikasih cuma 2😔😔",Cream Soup - LDR Package,24 November 2024,2025-07-04 21:40:26
"KFC, Mulyosari Surabaya",Liu Devi,10 Desember 2023,5.0,sangat enak dan cepat trima kasih,Snack Bucket BBQ 1 - Jagoan Puas 2,16 November 2024,2025-07-04 21:40:26
"KFC, Mulyosari Surabaya",Kevin,17 Januari 2016,1.0,"nunggu hampir sejam, potongan ayam suka2 sendiri. note nya paha atas dan bawah, datengnya dada semua",IM Sorry IM Wrong - Cream Soup - Spaghetti deluxe,3 November 2024,2025-07-04 21:40:26
"KFC, Mulyosari Surabaya",Haryati,8 Januari 2017,5.0,happy anniversary KFC. Semoga sukses selalu,9Pc Chik Anniv D45% - LDR Package,18 Oktober 2024,2025-07-04 21:40:26
"KFC, Mulyosari Surabaya",CORNELLIA,5 Oktober 2024,5.0,Matur nuwun kak,LDR Package,5 Oktober 2024,2025-07-04 21:40:26
"KFC, Mulyosari Surabaya",H******,20 Mei 2016,3.0,"Tidak sesuai catatan, salah satunya minta paha, dikirim tanpa ada paha",Jagoan Hemat 2,7 September 2024,2025-07-04 21:40:26
"KFC, Mulyosari Surabaya",I****** S********,12 April 2020,1.0,Saus tomat sambal cuman dikasih satu2 padahal sudah minta tambah driver nya dan pembelian saya 2 burger 2 ayam crispy.. GILLAAAA PELIT BANGET TERUS TUH BURGER MAU MAKAN PAKE KECAP ASIN,Paket Seru 1,5 Agustus 2024,2025-07-04 21:40:26
"KFC, Mulyosari Surabaya",Tom Maher,11 November 2016,4.0,Saya pesan paha atas dan paha bawah. Saya menerima dada atas dan paha bawah.,Jagoan Hemat 2 - Cream Soup - French Fries Large - 1 Pc Chicken - Coca Cola,14 Juli 2024,2025-07-04 21:40:26
"KFC, Mulyosari Surabaya",T****** A**,28 Oktober 2022,2.0,"2kali order di cabang ini, rasanya agak beda dr cabang lain. bukannya harusnya sdh ada sop.nya.. kok kurang enak yaa..
trus ya kalo mau hemat jgn keterlaluan masa iya beli ayam 5 dikasih sauce sambalnya cm 1..
minta paha dikasih dada lagi..
aduh kapok 🥲",Super Family,2 Juli 2024,2025-07-04 21:40:26
"KFC, Mulyosari Surabaya",I********,10 Januari 2018,2.0,sudah bbrp kali beli lewat online saat minta paha selalu dikasih dada,Paket Seru 4,30 Juni 2024,2025-07-04 21:40:26
"KFC, Mulyosari Surabaya",D*** A******* A*****,3 Juni 2024,5.0,"beli KFC di siang hari
rasanya enak sekali",1 Pc Chicken,24 Juni 2024,2025-07-04 21:40:26
"KFC, Mulyosari Surabaya",Tridwan,13 Agustus 2015,1.0,Puff nya pesan 2 hanya di kasih 1,Special Price Chik Skin - Menyala 23 - Crispy Burger - Cream Puff 2 Pcs,4 Mei 2024,2025-07-04 21:40:26
"KFC, Mulyosari Surabaya",rijal,13 November 2019,5.0,"mungkin bisa membuka menu bubur manado, pasti banyak yang cari",Breakfast Combo 1 - French Fries Reguler,8 April 2024,2025-07-04 21:40:26
"KFC, Mulyosari Surabaya",kira,23 Desember 2017,5.0,gurih garing enak,Winger Bucket Special Price - Super Besar New 1,24 Maret 2024,2025-07-04 21:40:26
"KFC, Mulyosari Surabaya",Pieschady,20 Maret 2018,3.0,Mesen gold chick yg dateng ayam crispy biasa,1Pc Golden Chicken - Rice - Jagoan Puas 1,7 Maret 2024,2025-07-04 21:40:26
"KFC, Mulyosari Surabaya",vikanahda,8 September 2015,2.0,Gatau kenapa kfc ini beda bgt rasanya ayamnya kaya mau basi  kulitnya keras,Jagoan Hemat,1 Maret 2024,2025-07-04 21:40:26
"KFC, Mulyosari Surabaya",J******* A*******,22 Oktober 2015,3.0,"Respon resto nya lelet, nunggu nya sampai 1 jam",Jagoan Puas 1,14 Februari 2024,2025-07-04 21:40:26
"KFC, Mulyosari Surabaya",M****,9 Maret 2018,5.0,"jalan jalan ke pulau cupu 
makannya kfc melulu... 
note enak bumbu meresap",Winger Bucket Special Price,5 Januari 2024,2025-07-04 21:40:26
"KFC, Mulyosari Surabaya",Soo Liong,9 Februari 2017,5.0,Excellent Service. Selalu dapat Sesuai yang di pesankan. Keep it Up 👍👍👍,1 Pc Chicken,3 Februari 2024,2025-07-04 21:40:26
"KFC, Mulyosari Surabaya",erni rosilawati,27 November 2021,5.0,Saya sangat puas dengan pelayanan KFC Mulyosari.,Jagoan Hemat,28 Januari 2024,2025-07-04 21:40:26
"KFC, Mulyosari Surabaya",P****,1 Februari 2020,5.0,"enak banget, cocok buat sarapan atau makan siang kalau lagi ga masak atau buru buru berangkat kerja atau sekolah,. terimakasih",Super Besar New 2 - Kombo Nescafe 1 - Super Komplit 1,12 Desember 2023,2025-07-04 21:40:26
"KFC, Mulyosari Surabaya",Flavianus Winner Immanuel,17 Oktober 2021,5.0,hangat masihan enak cuy,Winger Bucket Special Price,26 Januari 2024,2025-07-04 21:40:26
"KFC, Mulyosari Surabaya",DanZ,14 Oktober 2017,5.0,biasanya spaghetti nya sedikit TPI kali ini banyak,Spaghetti deluxe - Korean Don,22 Januari 2024,2025-07-04 21:40:26
"KFC, Mulyosari Surabaya",andrew,2 Juli 2016,1.0,dimintaiin extra sambal pelit amat . ga mau kasih. kalopun kasih jg ga bakal rugi. bikin customer makin demen. emang 1 ayam 1 sachet sambal cukup? ga usah alasan standar service kfc memang gt. tiap dimintain extra sambal selalu gt. toh minta palingan cmn extra 2,Super Besar New 2,21 Januari 2024,2025-07-04 21:40:26
"KFC, Mulyosari Surabaya",N******,1 Maret 2016,1.0,"Di aplikasi menu nya ada. Tapi ketika sudah di order jadi nga ada, minta cancel tapi ngak bisa dan harus menunggu lama sekali.",D Original,18 Januari 2024,2025-07-04 21:40:26
"KFC, Mulyosari Surabaya",ruri izzah,13 Juni 2018,1.0,"pesen yg dpt 2 ayam, malah ayamnya 1. mana td lama juga krn ayamnya bru di goreng",Super Besar New 2,21 Desember 2023,2025-07-04 21:40:26
"KFC, Mulyosari Surabaya",Maria Evianti,12 Agustus 2023,2.0,"makananya kurang  pesan 3 dada ayam datangx paha semua 🙄🙄🤨kentang yg kripsi bukan yg perkedel 
lumaya enak cmn kecewa aja sii gak sesuai harapan ...baca dlu yg benar baru kemas barangx 🙏🤨
semangat kerjaaa jgn fokus main hp trusss !!!!",Super Besar New 2,13 Desember 2023,2025-07-04 21:40:26
"KFC, Mulyosari Surabaya",Muhammad Mahud,25 Maret 2016,5.0,Baik sayangnya gak bisa pilih,9 Pcs Chicken Tote Bag,3 Desember 2023,2025-07-04 21:40:26
"KFC, Mulyosari Surabaya",saskia anindita,5 April 2017,4.0,double down sayurnya kurang:(,Jagoan Hemat - Double Down Kimchi,7 Oktober 2023,2025-07-04 21:40:26
"KFC, Mulyosari Surabaya",H*****,30 September 2015,2.0,"Ayam tidak fresh, warnanya coklat gelap. Beli 2 ayam 2 nasi cuma dapat 2 saus sambal dan 1 saus tomat.",Jagoan Hemat,1 Desember 2023,2025-07-04 21:40:26
"KFC, Mulyosari Surabaya",vigoss,3 September 2015,1.0,pesan 2 ayam datang 1 ayam,Special Offer Double Down Kimchi - Super Besar New 2,29 November 2023,2025-07-04 21:40:26
"KFC, Mulyosari Surabaya",Ivonne,10 Desember 2016,1.0,barusan beli paket promo akhur bulan 5 pcs. ampuuuun !! 2 potong ayamnya sdh gak fresh. tolong diperhatikan. kecewa banget !,Promo Akhir Bulan 5 Pcs,25 November 2023,2025-07-04 21:40:26
"KFC, Mulyosari Surabaya",amir arif,29 November 2022,5.0,enak karena ada promo,Jagoan Hemat,23 November 2023,2025-07-04 21:40:26
"KFC, Mulyosari Surabaya",A**** F**** M******,20 Desember 2015,4.0,"lain kali dicek lagi beli dua chicken strips kok dapet 1 chicken strips, cukup itu aja terimakasih.",Kombo Jagoan Puas 1 X PUBG - Crispy Strips,24 November 2023,2025-07-04 21:40:26
"KFC, Mulyosari Surabaya",I***** R****,3 Desember 2017,3.0,Pesen cream soup malah dateng soup biasa,Special Offer Double Down Kimchi - Spaghetti Supreme - French Fries Reguler - Cream Soup,12 November 2023,2025-07-04 21:40:26
"KFC, Mulyosari Surabaya",johan wijaya,23 November 2018,5.0,Terimakasih banyak brow,Kombo Jagoan Puas 1 X PUBG,1 November 2023,2025-07-04 21:40:26
"KFC, Mulyosari Surabaya",Nina,22 Maret 2019,1.0,"pesanan tidak lengkap,saos sambal sama sekali tidak ada!! saya pesan tote bag tapi barangnya tidak ada...",Super Komplit 3 - Super Besar New 1 - Kombo Crispy Burger - Tote Bag,23 Oktober 2023,2025-07-04 21:40:26
"KFC, Mulyosari Surabaya",N****** D**********,3 Agustus 2018,4.0,minta mocha float dikasii cola :(,Super Komplit 2,15 Oktober 2023,2025-07-04 21:40:26
"KFC, Mulyosari Surabaya",A***** F******* M**********,9 November 2018,2.0,Daging Ayam dalam Colonel Burger masih mentah,Super Komplit 4 - 1 Pc Chicken,14 Oktober 2023,2025-07-04 21:40:26
"KFC, Mulyosari Surabaya",A*****,7 Juli 2015,1.0,"Order ori, resto terima order, diconfirm driver kalo orinya habis.",Super Besar New 2,13 Oktober 2023,2025-07-04 21:40:26
"KFC, Mulyosari Surabaya",Stanley Setijo,10 November 2015,5.0,Makanan yang dikirim masih hangat dan sesuai dengan order saya. Terima kasih KFC. Terima kasih pak gojek yang kirim makanan saya.,Whole Chicken HUT KFC Disc 44K,13 Oktober 2023,2025-07-04 21:40:26
"KFC, Mulyosari Surabaya",Isyqi Putri,8 Mei 2017,5.0,Terimakasih.. semangat kerja🙏🏻,Jagoan Hemat,12 Oktober 2023,2025-07-04 21:40:26
"KFC, Mulyosari Surabaya",Ahmad Danto,26 April 2022,1.0,Gak disertakan papper di dos nya. Kentang cepat lembek. Padahal Waktu antar gak sampe 15 menit,Jagoan Puas 1,6 Oktober 2023,2025-07-04 21:40:26
"KFC, Mulyosari Surabaya",S***** D****,3 Juni 2018,5.0,kfc top lah tks,Super 7 Plus,2 September 2023,2025-07-04 21:40:26
"KFC, Mulyosari Surabaya",ronald,1 Agustus 2015,1.0,"paket yang dikirimkan tidak sesuai saya pesen 2 ayam 1 nasi ,2 paket malah datangnya 1 ayam 1 nasi ,2 paket tetapi bayarnya yang 2 ayam,claim ke gojek alesannya.fotonya ngak komplit",Kombo Nescafe 2,30 Agustus 2023,2025-07-04 21:40:26
"KFC, Mulyosari Surabaya",rizqy,4 Agustus 2019,3.0,katanya ice coffee tapi dikasi kopi anget kocak,Cream Soup - Kombo Nescafe 3,31 Agustus 2023,2025-07-04 21:40:26
"KFC, Mulyosari Surabaya",Alan,8 Januari 2017,1.0,Pesennya paha dikasih dada 👎,1 Pc Chicken,29 Agustus 2023,2025-07-04 21:40:26
"KFC, Mulyosari Surabaya",I*** A*****,7 November 2019,2.0,"pesen complete combo 5 di keterangan dapet cream soup, pas dateng gak ada cream soupnya. kecewa bgt padahal butuh cream soupnya karna lagi sakit",Complete Combo 5,29 Agustus 2023,2025-07-04 21:40:26
"KFC, Mulyosari Surabaya",Lianny.,7 Juli 2016,5.0,"yummy
terima kasih 
semoga semua sehat sukses",Kombo Extra 1 pc Chicken,13 Agustus 2023,2025-07-04 21:40:26
"KFC, Mulyosari Surabaya",Rudy Kohardinata,18 Mei 2017,3.0,jumlah saos dan sambel tidak sesuai dg jumlah ayam yg dipesan. Beli 4  ayam tapi saosnya cuma 2... payah,2 Pcs Chicken,12 Agustus 2023,2025-07-04 21:40:26
"KFC, Mulyosari Surabaya",J*****,5 Juli 2020,5.0,"Tumben sekali ayamnya hari ini kecil, sedikit, dan (maaf) kurang fresh. Sausnya juga sangat sedikit sampai sampai kurang terasa sedang makan yakiniku. But overall rasa tetap enak. Mohon diperhatikan dan diperbaiki lagi ya selanjutnya 👍🏻",Yakiniku Don,31 Juli 2023,2025-07-04 21:40:26
"KFC, Mulyosari Surabaya",MUHAMMAD PANJI HIDAYATULLAH,28 Februari 2023,2.0,ayam harga nya sama tetapi ukuran beda 1 besar 1 kecil,2 Pcs Chicken - Mocha Float - Tote Bag - Cherry Blossom Float,22 Juli 2023,2025-07-04 21:40:26
"KFC, Mulyosari Surabaya",citra retno,19 Maret 2020,2.0,nasi nya gak matang😟😟,Chaki Meal A Coloring Kit - Spaghetti Supreme - 2 Pcs Chicken,18 Juli 2023,2025-07-04 21:40:26
"KFC, Mulyosari Surabaya",C********,29 Agustus 2017,3.0,"NASINYA GA MATENG,",Complete Combo 1 - Complete Combo 5,6 Juli 2023,2025-07-04 21:40:26
"KFC, Mulyosari Surabaya",Aridayanti,5 Desember 2018,5.0,ya kalau bisa saos nya di tambah ya masak beli kentang sama ayam saos sambal nya 1 1,1 Pc Chicken - Spaghetti Supreme - Cream Soup - French Fries Reguler - Very Berry Float,30 Juni 2023,2025-07-04 21:40:26
"KFC, Mulyosari Surabaya",yoppy wang,25 Oktober 2019,1.0,saya pesen komplit pake nasi yang di kirim tanpa nasi,Complete Combo 1,25 Juni 2023,2025-07-04 21:40:26
"KFC, Mulyosari Surabaya",D*** R*******,2 September 2017,3.0,Notes mohon diperhatikan,OR Burger Single,24 Juni 2023,2025-07-04 21:40:26
"KFC, Mulyosari Surabaya",Henry Gunawan,24 Agustus 2019,3.0,"KFC winger nya tidak fresh...sudah kering sekali dagingnya, tidak juicy sama sekali.👎👎👎",1 Pc Chicken - KFC Winger,23 Juni 2023,2025-07-04 21:40:26
"KFC, Mulyosari Surabaya",J*****,5 Juli 2020,5.0,"enakk banget pls mau nangis, makanan juga masih panas. Boleh ga aku menikah dengan yakiniku mu KFC?",Yakiniku Don,23 Juni 2023,2025-07-04 21:40:26
"KFC, Mulyosari Surabaya",E*** G******,13 Januari 2019,5.0,"Makanan datang tepat waktu, kurirnya baik. trima kasih",2 Pcs Chicken,14 Juni 2023,2025-07-04 21:40:26
"KFC, Mulyosari Surabaya",W***** H****,4 Juni 2023,5.0,Makasiiiihhhh udah di anterin,Super Kombo  3,4 Juni 2023,2025-07-04 21:40:26
"KFC, Mulyosari Surabaya",R*****,17 Mei 2016,2.0,NASI MAASIH BELOM  MATANG!!!!,Complete Combo 1 - Complete Combo 1,16 Mei 2023,2025-07-04 21:40:26
"KFC, Mulyosari Surabaya",C********,28 Desember 2015,3.0,"pesan 9, datang cm 5 ☹️",Kombo Extra 1 pc Chicken - Crispy Strips - Super Kombo  2,9 Mei 2023,2025-07-04 21:40:26
"KFC, Mulyosari Surabaya",septian,3 Februari 2017,1.0,pesan original dikasih spicy anak gw ga bs makan payah kfc,Super Kombo  2,30 April 2023,2025-07-04 21:40:26
"KFC, Mulyosari Surabaya",jimmy,14 Mei 2017,2.0,"keemasan nya sangat2 buruk sekali 
cuma plasrik kecil tidak klip",Fish Burger,24 April 2023,2025-07-04 21:40:26
"KFC, Mulyosari Surabaya",R**** I********,26 Februari 2021,1.0,Order sop 4 yg datang cuma 1,KFC Soup - 2 Pcs Chicken,23 April 2023,2025-07-04 21:40:26
"KFC, Mulyosari Surabaya",Aqil Athallah,23 Desember 2022,5.0,terimakasihhhh loveeeee,Complete Combo 1 - Crispy Strips - Cream Puff 2 Pcs - Cream Soup - French Fries Reguler - Colonel Burger,20 April 2023,2025-07-04 21:40:26
"KFC, Mulyosari Surabaya",dian,31 Juli 2016,5.0,Oke fast respon,Complete Combo 1,20 April 2023,2025-07-04 21:40:26
"KFC, Mulyosari Surabaya",eko darmanto halim,10 Oktober 2015,2.0,ayam 2 pcs adem dan gk fresh from oven ...tolong diperhatikan bagi pake jasa gofood alias pesanan yg tidak makan di tempat ??,Kombo Extra 1 pc Chicken - KFC Soup,19 April 2023,2025-07-04 21:40:26
"KFC, Mulyosari Surabaya",Dian  Lukita,13 Januari 2017,2.0,"order 2 Chaki Meal A Coloring Kit with Ovaltine 125ml, tapi tidak dikasih ovaltine sama sekali",Chaki Meal A Coloring Kit - Chaki Meal A Coloring Kit - Tote Bag - Spaghetti deluxe - Twisty - Coca Cola,14 April 2023,2025-07-04 21:40:26
"KFC, Mulyosari Surabaya",Sundoro Sentosa,15 September 2016,5.0,"terus berbenah , mantap!",Kombo Extra 2 pcs Strips - 1 Pcs Chicken,9 April 2023,2025-07-04 21:40:26
"KFC, Mulyosari Surabaya",Sundoro Sentosa,15 September 2016,5.0,"pesanan sesuai, pengiriman tepat waktu, enak",1 Pcs Chicken,7 April 2023,2025-07-04 21:40:26
"KFC, Mulyosari Surabaya",R****,15 Desember 2021,2.0,"i asked French fries they give me rice, i already have a ton of rice in my house b*tch",Kombo Super Duk Duk 1 - Cream Soup - OR Burger Single,6 April 2023,2025-07-04 21:40:26
"KFC, Mulyosari Surabaya",lilis nuraini,8 Oktober 2015,5.0,enak dan sukses terus,Cream Soup - Rice - 2 Pcs Chicken,4 April 2023,2025-07-04 21:40:26
"KFC, Mulyosari Surabaya",Andy,20 September 2015,1.0,"pesan paket ayam isi 2, tapi yang diterima isi nya cuman 1 ayam",2 Pcs Chicken - Rice,1 April 2023,2025-07-04 21:40:26
"KFC, Mulyosari Surabaya",frans,14 Januari 2017,4.0,cukup enak dan hygienis,Super Kombo  3,23 Maret 2023,2025-07-04 21:40:26
"KFC, Mulyosari Surabaya",lia,19 April 2022,2.0,"aku kira gak pedes, kata anaku pedes  🤦‍♀🤦‍♀🤦‍♀ jadi gk kemakan deh",2 Pcs Chicken - 1 Pcs Chicken,25 Maret 2023,2025-07-04 21:40:26
"KFC, Mulyosari Surabaya",Niketut Narti,19 April 2018,5.0,sekali puas dengan KFC. semoga sukses selalu,Winger Bucket - Kombo Crispy Burger,22 Maret 2023,2025-07-04 21:40:26
"KFC, Mulyosari Surabaya",Wildan Ahmad Dzulqarnain,18 Oktober 2020,3.0,pesannya ayam rendang datangnya ayam biasa,Kombo Super Duk Duk 2,16 Maret 2023,2025-07-04 21:40:26
"KFC, Mulyosari Surabaya",S****,30 September 2015,1.0,pesanan kurang susah banget cari nomer telp nya.. setelah dapat ditelp katanya iya diantar minta alamat ternyata driver yg tadi dsruh antar sudah 1 jam berlalu.. pdhal dari rumah ke kfc dkt cuma 5 menit.. dasar pegawai nya malas2.. gak kayak MC* ada yg kurang lgsg diantar.. management nya di latih dong!!!,Kombo Extra 1 pc Chicken - Rice - Oriental Don,4 Maret 2023,2025-07-04 21:40:26
"KFC, Mulyosari Surabaya",S***,7 Oktober 2015,2.0,selaluu ada yg salahhh. selaluuu kurangg ini itu. saos tomat gak dikasi. saos sambel gak dikasiiii!!!!! duh. pelayanan parahh,Kombo Nescafe 1,4 Maret 2023,2025-07-04 21:40:26
"KFC, Mulyosari Surabaya",A*******,22 Mei 2016,5.0,"endul bgt, kalo bisa porsinya dibanyakin dikut hehe",Oriental Don - French Fries Reguler,25 Februari 2023,2025-07-04 21:40:26
"KFC, Mulyosari Surabaya",A*******,22 Mei 2016,5.0,ayamnya kurang asin,2 Pcs Chicken,19 Februari 2023,2025-07-04 21:40:26
"KFC, Mulyosari Surabaya",A*******,22 Mei 2016,5.0,"endulita bingitzz, cmn boxnya kena saos jd tanganku jg kenak😔",Oriental Don,7 Februari 2023,2025-07-04 21:40:26
"KFC, Mulyosari Surabaya",Priska,1 Maret 2019,2.0,"bisa kali ya di cek tiap pesanan, udah 2x pesen pasri ada salah pesenan pas dtg. meskipun harga nya sama tp bisa diperhatikan lg buat cust",Cream Puff 2 Pcs - Cream Soup - Spaghetti deluxe,25 Februari 2023,2025-07-04 21:40:26
"KFC, Mulyosari Surabaya",Siggy,14 April 2018,1.0,Pesan 2  kombo extra 1 pc chicken hanya dapat 1,Kombo Extra 1 pc Chicken - Cream Soup,24 Februari 2023,2025-07-04 21:40:26
"KFC, Mulyosari Surabaya",silvi,30 September 2015,5.0,the best.. minta paha atas semu dikasih.. top dah,Kombo Extra 1 pc Chicken,15 Februari 2023,2025-07-04 21:40:26
"KFC, Mulyosari Surabaya",ayu,29 Februari 2020,5.0,enak seperti biasa ..tapi ayam nya mungil2 yaaa sekarang ...,9 Pcs Chicken Tote Bag,18 Februari 2023,2025-07-04 21:40:26
"KFC, Mulyosari Surabaya",Rachmat,15 Juni 2021,2.0,Ayamnya gak fresh . Kayak gorengan lama . Gak crispy sama sekali,2 Pcs Chicken,3 Februari 2023,2025-07-04 21:40:26
"KFC, Mulyosari Surabaya",Abdul Slamet,20 April 2017,1.0,3 paha atas habis malah dituntut beli yang lain,1 Pcs Chicken - Perkedel - Crispy Strips - 1 Pcs Chicken - Twisty - KFC Soup - Cream Soup,31 Januari 2023,2025-07-04 21:40:26
"KFC, Mulyosari Surabaya",eva adelia,21 Mei 2019,5.0,Jgn lupa ngasih saos,1 Pcs Chicken - Spaghetti deluxe,30 Januari 2023,2025-07-04 21:40:26
"KFC, Mulyosari Surabaya",W******** D*** A*******,23 Januari 2018,1.0,saya pesan 3 yg dtang cm 1,Kombo Nescafe 1,26 Januari 2023,2025-07-04 21:40:26
"KFC, Mulyosari Surabaya",putri nur syah bani,30 November 2018,5.0,pelayanan samgat baik sekali,Super Kombo  1 - Mango Float - French Fries Reguler,24 Januari 2023,2025-07-04 21:40:26
"KFC, Mulyosari Surabaya",S*****,8 Oktober 2022,3.0,"nasinya gk dimasukin, jd pesan golden combo 1 tapi nasinya lupa di masukin",Golden Combo 1,24 Januari 2023,2025-07-04 21:40:26
"KFC, Mulyosari Surabaya",H******,27 November 2016,2.0,Saya pesen 3 paket dikirim 2 saja padahal 1 paket 43rb 😭😭😭,2 Pcs Chicken - Rice,20 Januari 2023,2025-07-04 21:40:26
"KFC, Mulyosari Surabaya",M***,23 April 2016,5.0,Saya pesan yg paket isi 5 ayam. Harusnya 3 besar 2 kecil. Tapi dapat ayam paha bawah semua. Kecewa😬,Family Combo 2,12 Januari 2023,2025-07-04 21:40:26
"KFC, Mulyosari Surabaya",P*****,15 September 2015,5.0,"good job!!!, rekomen bangetlah...",Complete Combo 7,12 November 2022,2025-07-04 21:40:26
"KFC, Mulyosari Surabaya",stephanie lisa,31 Agustus 2015,1.0,Dikasi perkedel gosong!!,Spaghetti Supreme - Twisty - Perkedel - Complete Combo 6,4 Januari 2023,2025-07-04 21:40:26
"KFC, Mulyosari Surabaya",B********,9 Mei 2018,2.0,pesan paket whole chicken isi 9 pcs.. yg dapat pentung ada 4 bh..ayam py 4 kaki??,Whole Chicken,26 Desember 2022,2025-07-04 21:40:26
"KFC, Mulyosari Surabaya",Lenny,18 Januari 2017,5.0,enak dan gurih mantappppppp,Rice - 2 Pcs Chicken,26 Desember 2022,2025-07-04 21:40:26
"KFC, Mulyosari Surabaya",MELLYSA,31 Agustus 2015,3.0,minta paha semua. tp di kasi 2 dada tanpa konfirmasi,1 Pcs Chicken - 2 Pcs Chicken,25 Desember 2022,2025-07-04 21:40:26
"KFC, Mulyosari Surabaya",william ciunar,16 Juni 2015,5.0,"memproses pesanan sesuai petunjuk, mantab",Black Sesame Sweet Balls - Complete Combo 8 - Rice,29 Desember 2022,2025-07-04 21:40:26
"KFC, Mulyosari Surabaya",ikhsan juniansyah,30 Oktober 2021,5.0,sangat menikmati,Kombo OR Burger Double - Mocha Float,19 Desember 2022,2025-07-04 21:40:26
"KFC, Mulyosari Surabaya",Kirana,19 Oktober 2015,5.0,KFC selalu enak rasanya. Mantap.,Whole Chicken - Rice - Pudding,13 Desember 2022,2025-07-04 21:40:26
"KFC, Mulyosari Surabaya",A******** A***** G*********,15 November 2017,3.0,floatnya manaaaaaa????,Beijing Don - Complete Combo 5,15 Desember 2022,2025-07-04 21:40:26
"McDonald's, Mulyosari Surabaya",go jek,8 Agustus 2017,4.0,selalu pelit klo minta Xtra chili sachet 😒,"Paket Hemat Big Mac, Medium - Paket Hemat Double Cheeseburger, Medium",30 Juni 2025,2025-07-04 21:41:06
"McDonald's, Mulyosari Surabaya",Akhtar Hamzah,18 September 2020,3.0,Porsinya ga sebanyak dulu,"1pc Spicy Chicken - Double Choco Pie - Paket Hemat Fish Fillet Burger, Large - Choco Sundae",28 Juni 2025,2025-07-04 21:41:06
"McDonald's, Mulyosari Surabaya",A*** P******,14 April 2018,2.0,kentang letoy dan dingin,"Choco Sundae - McFlurry Feat. OREO - Paket Hemat Fish Fillet Burger, Medium",14 Juni 2025,2025-07-04 21:41:06
"McDonald's, Mulyosari Surabaya",weny,7 Agustus 2015,5.0,Pertahankan kualitas dan porsinya👍,"Paket Fish Fillet Yakiniku Burger, Medium - Fish Fillet Burger",10 Juni 2025,2025-07-04 21:41:06
"McDonald's, Mulyosari Surabaya",S****,6 Februari 2017,3.0,"lupa kasih sedotan ice coffe jelly, jadi gak keminum karena bingung ambil jelly nya😤",Nasi Uduk McD - Choco Sundae - McFlurry Feat. OREO - Paket Hemat Sausage McMuffin,9 Juni 2025,2025-07-04 21:41:06
"McDonald's, Mulyosari Surabaya",drg Inyoman ridun,6 Desember 2017,5.0,yang nganter mantap,"PaNas 2  Krispy with Fries, Large",3 Juni 2025,2025-07-04 21:41:06
"McDonald's, Mulyosari Surabaya",weny,7 Agustus 2015,5.0,Pertahankan kualitasnya👍,Fish Fillet Burger,29 Mei 2025,2025-07-04 21:41:06
"McDonald's, Mulyosari Surabaya",L********,9 Desember 2015,1.0,Porsi gak niat. Minuman tumpah saat sampai seal kurang rapat padahal Lemon Tea Large malah paperbag gak pakai cup holder. Lawak bos. Terusin aja terus kayak gitu ya 🤙,"PaNas 2  Spicy, Large",17 Mei 2025,2025-07-04 21:41:06
"McDonald's, Mulyosari Surabaya",Munif,17 Januari 2021,1.0,"gak sesuai dapetnya,saya mesen nasi di mcdonald's kurang hello kitty bag pagnya",Love Card - Hello Kitty Plush Bag Tag + PaNas 1 Ayam McD Spicy,13 Mei 2025,2025-07-04 21:41:06
"McDonald's, Mulyosari Surabaya",weny,7 Agustus 2015,5.0,Pertahankan kualitas dan porsinya👍,Fish Fillet Burger - GoFood - 5pcs Ayam McD Krispy,12 Mei 2025,2025-07-04 21:41:06
"McDonald's, Mulyosari Surabaya",T**** H W*******,15 Oktober 2015,1.0,"Pesan Ayam Krispy 5 paha, 2 dada.....dikirim 7 dada",1pc Krispy Chicken - 1pc Krispy Chicken - Choco Sundae - HashBrown - Apple Pie,12 Mei 2025,2025-07-04 21:41:06
"McDonald's, Mulyosari Surabaya",halimah,5 Mei 2017,5.0,agak kegosongan hr ini pdhal biasanya cantik warnanya 😁,PROMO Delivery - 5pcs Ayam McD Krispy,4 Mei 2025,2025-07-04 21:41:06
"McDonald's, Mulyosari Surabaya",Arnese Jenrica Putriliance,3 Desember 2021,2.0,"Tolong di perhatikan. Minta sayap 1 nya, di ksh dada semua. Tidak sebegitu panas. Note minta tambah saos juga tidak di respon dan di indahkan!!!","PaNas 2  Spicy, Large - PaNas Special Krispy, Medium",1 Mei 2025,2025-07-04 21:41:06
"McDonald's, Mulyosari Surabaya",Victor Fam,3 Oktober 2017,5.0,"terima kasihhh, sesuai request saya dada dan sayap saja...sukses dan sehat terus mulyosati mcdonald's team....🥳🥳🥳",PROMO - 6pcs Ayam McD Krispy a la carte,29 April 2025,2025-07-04 21:41:06
"McDonald's, Mulyosari Surabaya",wirman,20 Januari 2015,2.0,Request tidak sesuai,1pc Spicy Chicken,27 April 2025,2025-07-04 21:41:06
"McDonald's, Mulyosari Surabaya",G***,11 Oktober 2020,1.0,pesan apple pie tapi gk dikasih,"PaNas 2  Krispy with Fries, Large - PaNas 1 Krispy, Medium",24 April 2025,2025-07-04 21:41:06
"McDonald's, Mulyosari Surabaya",A*****,15 Desember 2016,4.0,ngga dikasih mcfloatnya😞😞,"Paket Kenyang, Krispy",23 April 2025,2025-07-04 21:41:06
"McDonald's, Mulyosari Surabaya",tika,1 Agustus 2018,1.0,"saya pesan yang ada hashbrownnya tetapi tidak dikasih. Kalo saya mau yang tanpa hashbrown SAYA AKAN BAYAR YANG YANPA HASHBROWN. Rugi dong!?! Mana tidak dikasih kabar. Kalo memang kehabisan kan bisa diberi tahu, ini tidak. Do your work mcd.",Hotcakes 2Pcs - Paket Hemat Sausage Wrap,23 April 2025,2025-07-04 21:41:06
"McDonald's, Mulyosari Surabaya",Diajeng Via nitta,19 November 2020,5.0,"es krim MC flurry yg baru, MC flurry dinosaurus enak banget.",PaMer 5 Krispy - PROMO - Paket Hemat Lrg McSpicy Chicken Burger Free McFlurry feat. OREO - Dinosaur McFlurry with MILO Choco Balls,19 April 2025,2025-07-04 21:41:06
"McDonald's, Mulyosari Surabaya",Eva,23 September 2015,2.0,pesen dada dikasi paha 😵‍💫,"Paket Hemat Double Cheeseburger, Large - 1pc Spicy Chicken",15 April 2025,2025-07-04 21:41:06
"McDonald's, Mulyosari Surabaya",A******,25 Februari 2016,4.0,kenapa es krim nya makin sedikit😭,"PROMO - PaNas 2 Spicy, Med + McFlurry feat. OREO - 1pc Krispy Chicken",13 April 2025,2025-07-04 21:41:06
"McDonald's, Mulyosari Surabaya",I***,9 Januari 2016,1.0,"Tidak segar, seperti digoreng kembali (angetin)","Apple Pie - PaNas 2  Krispy, Large",11 April 2025,2025-07-04 21:41:06
"McDonald's, Mulyosari Surabaya",C*************,26 Juli 2015,1.0,I already choose no pickles. But the staff who’s packing this put pickles on my bigmac’s order.,"Paket Hemat Big Mac, Large",9 April 2025,2025-07-04 21:41:06
"McDonald's, Mulyosari Surabaya",Fransiska Novalina Marbun,10 Oktober 2019,1.0,"Ini saya pesen paket yang dapat blindbox kok blindboxnya ngga ada ya? kelupaan atau bagaimana? apa ada pertanggungjawaban?
video sama struk masih saya simpan ya.","Minecraft Movie Meal  - Paket Hemat Double Cheeseburger, Med",9 April 2025,2025-07-04 21:41:06
"McDonald's, Mulyosari Surabaya",Alisha MU,29 Maret 2018,2.0,dinote sudah dibilang minta paha atas tapi dikasih dada. sama saos sambalnya hanya dikasih 4 padahal saya beli 2ayam dan 1chicken bites beda bgt sama McDonald’s manyar sangat responsif pelayanannya oke,"PaNas 2  Spicy, Medium - Spicy Chicken Bites",3 April 2025,2025-07-04 21:41:06
"McDonald's, Mulyosari Surabaya",ika mardiana,30 November 2016,5.0,"Mantap rasanya... kemasan bagus,,,","PaNas 2  Krispy with Fries, Medium",26 Maret 2025,2025-07-04 21:41:06
"McDonald's, Mulyosari Surabaya",Z*** Z***,28 September 2019,2.0,notes ga dibaca sama sekali,Apple Pie - Chicken Snack Wrap - 1pc Krispy Chicken - French Fries Large - French Fries Regular,21 Maret 2025,2025-07-04 21:41:06
"McDonald's, Mulyosari Surabaya",Sayyid Muhammad,4 April 2022,2.0,"dipesanan air mineral 2 tidak diberikan, padahal dipaketan milo satu 2 air mineral hanya ada 1 milo saja",McSpaghetti - PROMO - 3 Ayam McD Spicy + 3 Rice Med + 3 Fruit Tea Lemon Sml - French Fries Regular,18 Maret 2025,2025-07-04 21:41:06
"McDonald's, Mulyosari Surabaya",johanes siallagan,28 Februari 2017,2.0,"iklan doang. yg dateng tipis bgt
hoax","Paket Hemat Double Cheeseburger, Medium",14 Maret 2025,2025-07-04 21:41:06
"McDonald's, Mulyosari Surabaya",N* H**,5 Desember 2022,1.0,Wrong order 3 times in a row,"Paket Hemat Big Mac, Medium - McNuggets 9 pcs - PaNas 1 Krispy, Medium",13 Maret 2025,2025-07-04 21:41:06
"McDonald's, Mulyosari Surabaya",I*** M****,28 April 2018,5.0,"Enak sekali , tapi saran gula pasirnya dikurangi syp rasa lbh gurih dan lbh terasa bumbunya , kalau kemanisan kebanyakan gula pasir bs menutupi rasa gurih dr bumbu jadi hilang , sukses selalu 👍",Hotcakes 2Pcs - 1pc Krispy Chicken,7 Maret 2025,2025-07-04 21:41:06
"McDonald's, Mulyosari Surabaya",suwarno,16 Desember 2024,5.0,i like McD ON ald's,Paket Hemat Chicken McMuffin,26 Februari 2025,2025-07-04 21:41:06
"McDonald's, Mulyosari Surabaya",D****,8 Oktober 2023,5.0,Cheeseburger McD emang seenak itu,Double Cheese Burger,19 Februari 2025,2025-07-04 21:41:06
"McDonald's, Mulyosari Surabaya",Deny Pornomo,4 Desember 2024,1.0,tomatnya mana kak....gak bisa baca note nya ya ....,PaMer 5 Mix - Strawberry Sundae,15 Februari 2025,2025-07-04 21:41:06
"McDonald's, Mulyosari Surabaya",ni hao,5 Desember 2022,1.0,"2 pengemudi membatalkan setelah meminta lebih banyak uang daripada saya memesan ulang makanan, makanannya tidak segar melainkan dingin dan beku 😭","Paket Hemat Big Mac, Medium - Double Cheese Burger - PaNas 2  Krispy with Fries, Large - Apple Pie",12 Februari 2025,2025-07-04 21:41:06
"McDonald's, Mulyosari Surabaya",Emily,20 Juli 2024,1.0,The coffee lid was not closed tightly and all the coffee leaked out.,Chicken McMuffin with Egg Combo,31 Januari 2025,2025-07-04 21:41:06
"McDonald's, Mulyosari Surabaya",G******,23 Februari 2022,3.0,Tidak ada saus tolong ya 😤,"Paket Hemat Fish Fillet Burger, Medium",15 Januari 2025,2025-07-04 21:41:06
"McDonald's, Mulyosari Surabaya",Sören Horadam,10 September 2018,5.0,"super , thank you very much that late and nevertheless so good",PaMer 7 Ayam Mix McD Black Pepper ALC - PaMer 7 Ayam Krispy McD Black Pepper ALC - PaMer 7 Krispy,21 Desember 2024,2025-07-04 21:41:06
"McDonald's, Mulyosari Surabaya",Rini Lestari,27 Maret 2022,1.0,"pesan paha, selalu diganti","PaNas 1 Spicy, Medium",17 Desember 2024,2025-07-04 21:41:06
"McDonald's, Mulyosari Surabaya",D**** S*******,27 Mei 2017,2.0,"I ask for tomato sauces only, but the outlet gives chilly sauces without any tomato sauce.",Double Cheese Burger - McNuggets 6 pcs - French Fries Large - Cheeseburger,15 Desember 2024,2025-07-04 21:41:06
"McDonald's, Mulyosari Surabaya",Yolanda Winnie Dalantang,4 November 2022,5.0,Udh paling gampang kalo pesen makanan ya disini kalo gak tau mau makan apa wkwkwk thankyouuu!,"PaNas Special Krispy, Medium",6 Desember 2024,2025-07-04 21:41:06
"McDonald's, Mulyosari Surabaya",Denji,8 Oktober 2023,1.0,"gelas fruit tea lemon bocor. selain itu, saya pesan 2 lemon tea 1 milo namun yang datang 3 lemon tea.",PaMer 5 Ayam McD Gulai Krispy - Triple Cheeseburger - Big Mac,28 November 2024,2025-07-04 21:41:06
"McDonald's, Mulyosari Surabaya",M*****,19 Maret 2021,3.0,"kadang"" ayam nya seperti ayam semalam yg digoreng lagi.",Hotcakes 2Pcs - PaMer 7 Krispy - Egg & Cheese Muffin - Chicken McMuffin With Egg,23 November 2024,2025-07-04 21:41:06
"McDonald's, Mulyosari Surabaya",N* H**,5 Desember 2022,5.0,Amazing super hot coffee,Paket Hemat Sausage Wrap - McD Chicken Porridge,27 November 2024,2025-07-04 21:41:06
"McDonald's, Mulyosari Surabaya",F***,22 September 2016,1.0,pesen coca cola tapi dapetnya bukan coca cola,"Paket Hemat McNuggets 6 pcs, Large - Spicy Chicken Bites - Sprite, Large - Hot Café latte, Medium",23 November 2024,2025-07-04 21:41:06
"McDonald's, Mulyosari Surabaya",Satrio Widyatmoko,1 September 2019,5.0,the food is Fantastic,Cheeseburger - French Fries Large,10 November 2024,2025-07-04 21:41:06
"McDonald's, Mulyosari Surabaya",R**** O*****,27 Desember 2018,4.0,Kalau ada promo bisa lebih baik,French Fries Regular,8 November 2024,2025-07-04 21:41:06
"McDonald's, Mulyosari Surabaya",E*****,24 Agustus 2015,4.0,Ayamnya pas sampai dingin :(,2 pcs Krispy Chicken McD,4 November 2024,2025-07-04 21:41:06
"McDonald's, Mulyosari Surabaya",Karlos,21 Juni 2023,5.0,sangat cepat!! saya senang dengan kualitas yang diberikan kepadanya saya,Apple Pie - McFlurry Feat. OREO,16 Oktober 2024,2025-07-04 21:41:06
"McDonald's, Mulyosari Surabaya",E***,11 Juni 2016,2.0,Fries nya beda jauh dengan di foto. Cuma seperti fries biasa dikasi saus sedikit.,Beef Burger Deluxe McFlavor Set,14 Oktober 2024,2025-07-04 21:41:06
"McDonald's, Mulyosari Surabaya",roslinda,11 Oktober 2015,1.0,"1 paket minta paha atas paha bawah...dikasihnya dada dan paha bawah. minta garam tidak dikasih, minta extra sambel tidak dikasih. sambel dikasih cuma 6pc, padahal ayam 4 potong dan 1 kentang besar. sudah ditulis di note jangan salah biar rating bintang 5, malah semua salah. SOP pegawai sekelas MCD sangat buruk.","PaNas 2  Krispy with Fries, Large - PaNas 2  Krispy, Large",29 September 2024,2025-07-04 21:41:06
"McDonald's, Mulyosari Surabaya",Doddy Suryawan,27 Mei 2017,3.0,"Minta saos TOMAT saja, tetapi diberikan saos SAMBAL seluruh-nya. 
Benar-benar pelayanan yang mengecewakan, karena tidak ada perhatian.","Double Cheese Burger - Paket Hemat Cheeseburger Deluxe, Large",22 September 2024,2025-07-04 21:41:06
"McDonald's, Mulyosari Surabaya",Linda Agustini,31 Desember 2022,5.0,huhu enakkk banget,Paket Ngemil,22 September 2024,2025-07-04 21:41:06
"McDonald's, Mulyosari Surabaya",Tom Maher,11 November 2016,4.0,I ordered two Coca-Colas and one Fanta. I did not receive one of the Coca-Colas.,"McD Chicken Porridge - Fanta, Large - Breakfast Wrap - HashBrown - Apple Pie - Coca-Cola, Large",21 September 2024,2025-07-04 21:41:06
"McDonald's, Mulyosari Surabaya",Kevin,17 Januari 2016,1.0,minta tomat ga dikasi. minuman ga dikasi tray jadi tumpah semua,"Big Mac - Paket Hemat Cheeseburger, Medium",15 September 2024,2025-07-04 21:41:06
"McDonald's, Mulyosari Surabaya",Revan,16 Oktober 2020,1.0,ada nyamuk di minuman,"Paket Hemat McChicken, Medium",9 September 2024,2025-07-04 21:41:06
"McDonald's, Mulyosari Surabaya",W****** S********,27 September 2018,1.0,bilang tidak ada stok ayam padahal ada. berusaha jual bagian ayam yg tidak laku di gojek,"PaNas 2  Krispy with Fries, Medium",27 Agustus 2024,2025-07-04 21:41:06
"McDonald's, Mulyosari Surabaya",mr.lee,19 Maret 2021,5.0,"makanan nya seger dan bungkus jhga rapi.
trima kasih ya...^^*",PaMer 7 Krispy - Nasi Uduk McD - Breakfast Wrap - McD Chicken Porridge,18 Agustus 2024,2025-07-04 21:41:06
"McDonald's, Mulyosari Surabaya",ines claudia,6 Agustus 2015,1.0,Asked for separate sauce,PaNas 2 Ayam McD Krispy Opor Sambal Terasi,9 Agustus 2024,2025-07-04 21:41:06
"McDonald's, Mulyosari Surabaya",W******,4 Maret 2017,1.0,"Beli 2 paket nasi dan ayam , yang datang cuma nasi , ga ada ayam nya","PaNas 2  Krispy, Medium - PaNas 1 Krispy, Large - Choco Sundae - French Fries Large",17 Juli 2024,2025-07-04 21:41:06
"McDonald's, Mulyosari Surabaya",mr.lee,19 Maret 2021,5.0,seger dan bungkus aman.. makasih....,PaMer 7 Krispy - Breakfast Wrap,13 Juli 2024,2025-07-04 21:41:06
"McDonald's, Mulyosari Surabaya",lilis nuraini,8 Oktober 2015,5.0,Bagus dan sesuai pesanan,"Paket Hemat Cheeseburger, Large - McFlurry Feat. OREO - McFlurry Choco",10 Juli 2024,2025-07-04 21:41:06
"McDonald's, Mulyosari Surabaya",Firza Permana,21 November 2017,5.0,Driver cepat bgt,Paket HeBat Korean Soy Garlic Wings,10 Juli 2024,2025-07-04 21:41:06
"McDonald's, Mulyosari Surabaya",mr.lee,19 Maret 2021,5.0,seger~~ enak...........,Hotcakes 2Pcs - PaMer 7 Krispy,7 Juli 2024,2025-07-04 21:41:06
"McDonald's, Mulyosari Surabaya",Y*** P**********,12 September 2016,2.0,Apple pie nya tidak ada,"PaNas Special Krispy, Large - PaNas 2  Krispy, Large",5 Juli 2024,2025-07-04 21:41:06
"McDonald's, Mulyosari Surabaya",F*** R******,29 November 2023,5.0,Loveuuu ini sangat sangat sempurna sesuai dengan yg diharapkan,Mac & Cheese Beef Burger + Banana McFlurry with Oreo + Choco Caramel Pie,1 Juli 2024,2025-07-04 21:41:06
"McDonald's, Mulyosari Surabaya",Febs Rachman,29 November 2023,3.0,Saosnya dikit 4/6 sihh hrussssd,"PaNas 2  Spicy, Medium",30 Juni 2024,2025-07-04 21:41:06
"McDonald's, Mulyosari Surabaya",gia,28 Februari 2020,3.0,Tidek teliti pesanan sbgian tertinggal,Paket Kenyang Krispy,30 Juni 2024,2025-07-04 21:41:06
"McDonald's, Mulyosari Surabaya",arya,16 Desember 2018,5.0,saya mesen teh kotak datengbya teh botol kotak,PROMO - PaNas 2 Ayam Spicy,27 Juni 2024,2025-07-04 21:41:06
"McDonald's, Mulyosari Surabaya",A**** R**** F*****,20 April 2021,1.0,"kecewa, minuman yang bocor ga diganti.. 
padahal saya beli mahal2 59 ribu, ternyata MCD buruk juga ya pelayanannya..","PaNas 2  Spicy with Fries, Large",19 Juni 2024,2025-07-04 21:41:06
"McDonald's, Mulyosari Surabaya",A**** R**** F*****,20 April 2021,1.0,"kecewa, minuman yang bocor ga diganti.. 
padahal saya beli mahal2 59 ribu, ternyata MCD buruk juga ya pelayanannya..","PaNas 2  Spicy with Fries, Large",23 Juni 2024,2025-07-04 21:41:06
"McDonald's, Mulyosari Surabaya",effort bw,17 Agustus 2018,1.0,"suka telat, makanannya ga sampai sampai","Paket Hemat McSpicy, Medium",12 Juni 2024,2025-07-04 21:41:06
"McDonald's, Mulyosari Surabaya",mr.lee,19 Maret 2021,5.0,"kadang ayam nya kirim semalam punya.
tapi kali ini bagus..... wkwk
seger~~",PaMer 5 Krispy - Hot Cakes 3pcs,23 Juni 2024,2025-07-04 21:41:06
"McDonald's, Mulyosari Surabaya",fenny,19 Februari 2018,2.0,mainan nya gak di kasih,Happy Meal Ayam McD Breakfast,21 Juni 2024,2025-07-04 21:41:06
"McDonald's, Mulyosari Surabaya",M*****,5 November 2018,1.0,cek pesenan yang benar sebelum di kirim,"Paket Hemat Cheeseburger, Medium - PaNas 2  Spicy, Medium - 1pc Spicy Chicken - Chicken Snack Wrap - French Fries Large - McNuggets 4 pcs - McFlurry Feat. OREO",20 Juni 2024,2025-07-04 21:41:06
"McDonald's, Mulyosari Surabaya",effort bw,17 Agustus 2018,2.0,tolong ini belum lengkap ya,"Paket Hemat McSpicy, Medium",18 Juni 2024,2025-07-04 21:41:06
"McDonald's, Mulyosari Surabaya",D**** F****,26 Mei 2016,2.0,"Saya bbrpa kecewa dgn McD Mulyosari, skrng 2 wing hanya dikasih 1 wing, yg 1 paha atas, sambal jg selalu dikasih hanya 2. Yg lalu beli yg spicy dikasih yg biasa, selalu minta sambal lebih tdk pernah dikasih walau beli 3 paket. Payah..","PaNas 2  Spicy with Fries, Medium",17 Juni 2024,2025-07-04 21:41:06
"McDonald's, Mulyosari Surabaya",K**** S*****,29 Mei 2022,2.0,Rasa spritenya seperti air,"Mac & Cheese Beef Burger + Banana McFlurry with Oreo + Choco Caramel Pie - Banana McFlurry with OREO - Choco Caramel Pie - Sprite, Large - Milo, Medium",16 Juni 2024,2025-07-04 21:41:06
"McDonald's, Mulyosari Surabaya",A****,7 Maret 2024,1.0,Beli fish fillet burger plus extra fish fillet tapi extra nya ga di kasih👎🏻👎🏻,"Paket Hemat Fish Fillet Burger, Large - McNuggets 9 pcs - Fish Fillet Burger",5 Juni 2024,2025-07-04 21:41:06
"McDonald's, Mulyosari Surabaya",sasa,28 Juni 2021,2.0,tolong ini floatnya kok ada plastiknya ya kek waktu dibuka ada plastiknya gt di gelasnya kek hbs di wrap terus jg gadapet sedotan hdh,"PaNas 1 Krispy, Large - Choco Caramel Pie - Iced Coffee Float",4 Juni 2024,2025-07-04 21:41:06
"McDonald's, Mulyosari Surabaya",R***** G*****,24 Februari 2018,3.0,Makin kecil ayam mcd,PROMO - 2 PaNas 1 Ayam Spicy McD Gulai,2 Juni 2024,2025-07-04 21:41:06
"McDonald's, Mulyosari Surabaya",A****,3 April 2023,2.0,Tepung nya agak keras ....tidak renyah,2 pcs Krispy Chicken McD - 2 pcs Spicy Chicken McD,31 Mei 2024,2025-07-04 21:41:06
"McDonald's, Mulyosari Surabaya",Hong Junz,30 Mei 2016,1.0,ayam gulai nya dingin kentang dingin baru ini beli mcd semua nya dingin tdk panas atau minimal hangat sangat kecewa,Triple Cheeseburger - PaNas 2 with Fries Ayam McD Gulai Krispy,31 Mei 2024,2025-07-04 21:41:06
"McDonald's, Mulyosari Surabaya",Rosmitha,27 Maret 2023,5.0,"sangat bagus 
cma ayam agak asin",PaNas 2 with Fries Ayam McD Gulai Krispy Large,5 Mei 2024,2025-07-04 21:41:06
"McDonald's, Mulyosari Surabaya",M** A**,2 Februari 2024,1.0,"tolong dicek ya note nya minum teh kotak dikasih lemontea .Mita sauce 3 di kasih 2 tolong jangan pelit2 gak bakal rugi ko Muazin pelanggan setia
terimakasih",PROMO - PaNas 1 Ayam Krispy McD Gulai,23 Mei 2024,2025-07-04 21:41:06
"McDonald's, Mulyosari Surabaya",Cynthia S,2 Juli 2015,4.0,mcflurrynya semakin sedikit porsinya,McFlurry Choco - French Fries Medium,21 Mei 2024,2025-07-04 21:41:06
"McDonald's, Mulyosari Surabaya",Ahmad Rizqi Fadlil,20 April 2021,1.0,"tidak sesuai pesanan, saya order paket panas 2 denga  frutea large, malah fruteanya medium -_-
kecewa, ambil aja tuh 2500.","PaNas 2  Spicy with Fries, Medium",14 Mei 2024,2025-07-04 21:41:06
"McDonald's, Mulyosari Surabaya",R***,7 Februari 2018,3.0,potongan ayamnya makin kecil yaa?,PaNas 1 Ayam McD Gulai Spicy,2 April 2024,2025-07-04 21:41:06
"McDonald's, Mulyosari Surabaya",W**** N******,6 Agustus 2015,4.0,kentang sampe sudah dingin,"PaNas 1 Spicy, Large",4 Mei 2024,2025-07-04 21:41:06
"McDonald's, Mulyosari Surabaya",tidisya,29 Juli 2017,4.0,koq ga pake nasi ya???,"PaNas 2  Krispy, Large - Paket HeBat Beef Burger Deluxe",6 Mei 2024,2025-07-04 21:41:06
"McDonald's, Mulyosari Surabaya",Ahmad,25 Juli 2018,5.0,rsanya tidak mengecewakan🥰,PaMer 7 Mix,7 April 2024,2025-07-04 21:41:06
"McDonald's, Mulyosari Surabaya",O******* A*******,22 Agustus 2023,1.0,"tolong kefokusan kerjanya!
sudah ganti minuman menjadi Milo yg DTG malah fruit tea trs kecil lg","PaNas 2  Spicy, Large - Apple Pie",30 April 2024,2025-07-04 21:41:06
"McDonald's, Mulyosari Surabaya",Z****** H**** M******,29 September 2022,5.0,ayam ny mini sekali,"PaNas 2  Krispy, Large",29 April 2024,2025-07-04 21:41:06
"McDonald's, Mulyosari Surabaya",Ahmad Rizqi Fadlil,20 April 2021,1.0,"mbak, minumam saya bocor kemarin ga diganti ya? 
kecewa..","PaNas 2  Spicy with Fries, Medium",28 April 2024,2025-07-04 21:41:06
"McDonald's, Mulyosari Surabaya",Ahmad Rizqi Fadlil,20 April 2021,1.0,"minuman bocor gak diganti, kecewa..","PaNas 2  Spicy with Fries, Medium",25 April 2024,2025-07-04 21:41:06
"McDonald's, Mulyosari Surabaya",E***,5 September 2015,2.0,"kentang gorengnga ga fresh, rasanya aneh",Spicy Chicken Bites - French Fries Medium,26 April 2024,2025-07-04 21:41:06
"McDonald's, Mulyosari Surabaya",MARVELSJAA,2 Januari 2024,2.0,SAYA UDH BLG AYAM GK PEDES LAH INI PUEDES BANGET RUGI GW BELI INI AYAM 97.000,"McFlurry Feat. OREO - PaNas 2  Spicy with Fries, Large",20 April 2024,2025-07-04 21:41:06
"McDonald's, Mulyosari Surabaya",A*****,20 November 2019,3.0,pesen nya extra patty tapi yg dateng cuma dikasi 1,Paket Hemat Chicken McMuffin,14 April 2024,2025-07-04 21:41:06
"McDonald's, Mulyosari Surabaya",Tony Novianto,12 Desember 2018,4.0,Sayang pengerjaannya lama banget. Apa sengaja karena pakai Hemat ya gak tahu lagi ya. padahal tempat resto dan rumah deket banget. Orderan bisa 1jam. Gile,"PaNas 2  Krispy with Fries, Medium - 2 ALC Ayam Krispy McD Gulai",12 April 2024,2025-07-04 21:41:06
"McDonald's, Mulyosari Surabaya",nathan,26 Maret 2016,3.0,"mas atau mba mcd, maaf sekali. saya selalu minta tanpa es batu karna ada alergi kalau minuman dingin, tapi kayanya kolom pesan gapernah digubris selalu ada es batunya. akhirnya ga keminum","PaNas 2  Krispy with Fries, Large - 6pcs Korean Soy Garlic Wings - Large Rice",12 April 2024,2025-07-04 21:41:06
"McDonald's, Mulyosari Surabaya",Rossi,16 Mei 2018,5.0,makanan nya enak banget pokok,"PaNas 2  Krispy, Medium - PaNas 1 Krispy, Medium - PaNas 1 Krispy, Medium",11 April 2024,2025-07-04 21:41:06
"McDonald's, Mulyosari Surabaya",K***,14 Desember 2017,3.0,"Sesuai pesanan, namun segel minumannya perlu ditingkatkan. Tumpah ke makanan.","PaNas 2  Krispy, Large",9 April 2024,2025-07-04 21:41:06
"McDonald's, Mulyosari Surabaya",riena,17 Juli 2016,3.0,Ada item yg tdk di kasih ( kurang ),"Paket Hemat Sausage McMuffin with Egg - Paket Hemat Sausage McMuffin with Egg - Paket Hemat Sausage Wrap - HashBrown - PaNas Special Krispy, Medium - Sausage Wrap",7 April 2024,2025-07-04 21:41:06
"McDonald's, Mulyosari Surabaya",maria,6 Januari 2019,5.0,pasti enak.kan terkenal,Happy Meal McNuggets - Spicy Chicken Bites,30 Maret 2024,2025-07-04 21:41:06
"McDonald's, Mulyosari Surabaya",T***** M*******,18 Desember 2022,5.0,"enak
saran untuk McDonald's kasih harga potongan untuk mahasiswa 
saya suka McDonald's tapi harganya bikin saya mikir berulang-ulang buat beli
terima kasih 🙏👌",PaNas 2 Ayam McD Gulai Krispy Large,31 Maret 2024,2025-07-04 21:41:06
"McDonald's, Mulyosari Surabaya",M******* B******,23 November 2019,1.0,mcflurry ga dikirim!!!! ga dikasih saos!!,1pc Krispy Chicken - French Fries Large - McFlurry Feat. OREO,29 Maret 2024,2025-07-04 21:41:06
"McDonald's, Mulyosari Surabaya",viranti,24 September 2015,1.0,I got wrong item several times. What a waste of money and time,1pc Krispy Chicken - Coke Float - Apple Pie - Iced Cappucino Medium,28 Maret 2024,2025-07-04 21:41:06
"McDonald's, Mulyosari Surabaya",Novaro Timur,11 Desember 2017,1.0,tidak sesuai pesanan. saya beli pake ngemil dan sdh saya centang td pakai saus...eh tetap dikasih. minyaknya jg masih banyak warna hitam.,Paket Ngemil,25 Maret 2024,2025-07-04 21:41:06
"McDonald's, Mulyosari Surabaya",Ketut subiti,29 Mei 2022,2.0,Pancakenya tidak ada madunya😭hanya butter Aja di kasi,McD Chicken Porridge - Sausage McMuffin® With Egg - Hot Cakes 3pcs - Iced Coffee Matcha Float,19 Maret 2024,2025-07-04 21:41:06
"McDonald's, Mulyosari Surabaya",L****,29 Oktober 2017,1.0,MANA FRENCH RIESNYA GAADA ANJIR MANA GUE BAYAR MAHAL,2x Blueberry Cheesecake Pie - PaNas 1 Ayam McD Gulai Krispy - Beef Burger Deluxe - French Fries Medium,19 Maret 2024,2025-07-04 21:41:06
"McDonald's, Mulyosari Surabaya",fina,20 November 2015,2.0,pesannya Coca cola dikasi kopi,"PaNas 2  Krispy, Large",17 Maret 2024,2025-07-04 21:41:06
"McDonald's, Mulyosari Surabaya",Andrew William,7 Oktober 2015,5.0,the best service in surabaya,Happy Meal McNuggets - Happy Meal Beef Burger,16 Maret 2024,2025-07-04 21:41:06
"McDonald's, Mulyosari Surabaya",J********* S******,19 Maret 2016,1.0,"ayam dan nasi semua ketumpahan fanta float. jadi ayamnya rasa fanta, nasi benyek fanta, fantanya sendiri sisa separoh","Paket Kenyang, Krispy",12 Maret 2024,2025-07-04 21:41:06
"McDonald's, Mulyosari Surabaya",Sinta,12 Oktober 2015,4.0,"Es kopinya manis bangetttt, ga kya biasanya :"")","PaNas 1 Spicy, Medium",3 Maret 2024,2025-07-04 21:41:06
"McDonald's, Mulyosari Surabaya",A****,4 Agustus 2016,1.0,"KOK DARI KEMARIN SAYA ORDER DISINI TUH SALAH MULU YA KETUKER SM ORG ORDERANNYA SAYA PESEN BANYAK BAYAR LEBIH MAHAL YG DATENG MALAH CUMAN APA? pesen panas 1 spicy, milo, chicken fingers, curly fries, yg dtg cuma ayam sama fries biasa, gada nasi nya lagi, manager tll anjg, mcd mulyos berubah sumpah, dr kmrn saya cuma diem doang tapi lama” ini udah makin nyelempang bgt orderannya","PaNas 1 Spicy, Medium - Chicken Fingers - Curly Fries, Med",5 Maret 2024,2025-07-04 21:41:06
"McDonald's, Mulyosari Surabaya",sandi wilianto,19 Desember 2018,1.0,tidak sesuai orderan. padahal sudah lapar,PaNas 2 with Fries Ayam McD Krispy Black Pepper,5 Maret 2024,2025-07-04 21:41:06
"McDonald's, Mulyosari Surabaya",Faro,7 September 2017,3.0,ga dikasih salt buat scramble padahal udah dinote,"PaNas 2  Krispy, Large - Paket Hemat McChicken, Large",4 Maret 2024,2025-07-04 21:41:06
"McDonald's, Mulyosari Surabaya",V****,3 Agustus 2017,1.0,order tidak sesuai pesanan,"Paket Hemat Cheeseburger Deluxe, Large - Beef Prosperity Burger, ALC",3 Maret 2024,2025-07-04 21:41:06
"McDonald's, Mulyosari Surabaya",V****,3 Agustus 2017,1.0,Order tidak sesuai pesanan,"Big Breakfast Combo - Breakfast Wrap - PaNas 2  Krispy, Large - Large Rice - HashBrown",27 Februari 2024,2025-07-04 21:41:06
"McDonald's, Mulyosari Surabaya",livi,4 Oktober 2015,1.0,"Gatau lagi pingin nikah atau emg sengaja ato waktu masak, tutup garemnya lepas??? Asin banget sampe aku keruk garem ama black papper nya!! Ngantuk apa gimana yang masak???? Tolong deh, baru kali ini kecewa ama mcdy PARAH",Double Cheese Burger,3 Maret 2024,2025-07-04 21:41:06
"Martabak & Terang Bulan ""Aliung"" Asli Bangka, Mulyosari Raya",fina,11 September 2015,5.0,enaak dan ga eneg,Terang Bulan Spesial Keju Polos,8 Mei 2025,2025-07-04 21:41:42
"Martabak & Terang Bulan ""Aliung"" Asli Bangka, Mulyosari Raya",H***** Y*******,2 Agustus 2015,2.0,isi nya Kerasa sedikit padahal yang spesial,Terang Bulan Spesial Keju Campur,18 April 2025,2025-07-04 21:41:42
"Martabak & Terang Bulan ""Aliung"" Asli Bangka, Mulyosari Raya",fang,15 Agustus 2020,5.0,Enak Dan Perbanyak potongan disc ya di gojek,Terang Bulan Biasa Keju Campur - Martabak Sapi Special,13 Februari 2025,2025-07-04 21:41:42
"Martabak & Terang Bulan ""Aliung"" Asli Bangka, Mulyosari Raya",lina,22 Juli 2016,5.0,"baru pertama kali coba. ternyata enak juga ya. 
terang bulan adonan dan manisnya pas. gak enek
martabak rasanya juga pas. dan masih kriuk walau udh dalam kemasan lama",Terang Bulan Biasa Keju Campur - Martabak Sapi Special,7 Februari 2025,2025-07-04 21:41:42
"Martabak & Terang Bulan ""Aliung"" Asli Bangka, Mulyosari Raya",I**,21 September 2015,3.0,Beli yg special... Terang bulan maupun martabaknya tp tdk kelihatan specialnya... semuanya tipiiiis.. untuk harga segitu tdk worth it... ato mungkin krn discount 😅 kapok beli.,Terang Bulan Spesial Keju Campur - Martabak Sapi Jamur Special,4 Januari 2025,2025-07-04 21:41:42
"Martabak & Terang Bulan ""Aliung"" Asli Bangka, Mulyosari Raya",Nestie,25 April 2017,5.0,"Trimakasih , untuk kakak penerima Order yg sudah memisahkan topingnya. 🙏👍👍 Martabak favorit keluarga kami.❤️❤️❤️",Terang Bulan Biasa Keju Campur,4 November 2024,2025-07-04 21:41:42
"Martabak & Terang Bulan ""Aliung"" Asli Bangka, Mulyosari Raya",E***,13 November 2016,3.0,koq saya pesan martabak special yg dikirim martabaknya kecil dan tipis ya ngga kayak biasanya...bulan lalu saya beli ngga begini kecil,Martabak Sapi Special,28 Oktober 2024,2025-07-04 21:41:42
"Martabak & Terang Bulan ""Aliung"" Asli Bangka, Mulyosari Raya",hisam,28 Oktober 2016,2.0,saya pesan spesial daging tapi kok kayak ngga ada daging nya,Martabak Sapi Special,23 Oktober 2024,2025-07-04 21:41:42
"Martabak & Terang Bulan ""Aliung"" Asli Bangka, Mulyosari Raya",Liep San,14 Oktober 2016,5.0,"Rasa Martabak dan Terang Bulan A Liung
 tidak pernah mengecewakan. 
recommended 👍",Martabak Sapi Special,27 Agustus 2024,2025-07-04 21:41:42
"Martabak & Terang Bulan ""Aliung"" Asli Bangka, Mulyosari Raya",N***,21 September 2017,5.0,Filling's a bit off tonight but dough was spot on!,Terang Bulan Biasa Keju Campur - Terang Bulan Tipis Kering Keju Campur,28 Juni 2024,2025-07-04 21:41:42
"Martabak & Terang Bulan ""Aliung"" Asli Bangka, Mulyosari Raya",yen,14 Maret 2016,5.0,"terbulnya enak, martabak ayamnya enak",Terang Bulan Biasa Keju Campur - Martabak Ayam Biasa,14 Juni 2024,2025-07-04 21:41:42
"Martabak & Terang Bulan ""Aliung"" Asli Bangka, Mulyosari Raya",evan,16 Agustus 2015,5.0,tetep martabak terdebest,Martabak Sapi Special,31 Mei 2024,2025-07-04 21:41:42
"Martabak & Terang Bulan ""Aliung"" Asli Bangka, Mulyosari Raya",dewi,9 November 2017,3.0,"ketepatan pesanan ditingkatkan, teliti memberikan jumlah pesanan dan jenis pesanan.. kalau soal rasa sudah ok banget",Martabak Sapi Jamur Sosis Super - Martabak Sapi Super - Terang Bulan Tipis Kering Keju Polos - Terang Bulan Biasa Nutella Keju,26 Januari 2024,2025-07-04 21:41:42
"Martabak & Terang Bulan ""Aliung"" Asli Bangka, Mulyosari Raya",Pohan T,16 November 2018,5.0,"aliung nikmat sejak daridulu, pakai gofood + plus jadi makin nikmat. 
telur 2 sdh cukup, bisa buat lauk juga. dapat saos khas aliung + acar.",Martabak Ayam Special,10 Januari 2024,2025-07-04 21:41:42
"Martabak & Terang Bulan ""Aliung"" Asli Bangka, Mulyosari Raya",Stanley Setijo,10 November 2015,5.0,Terima kasih. Makanan yang saya terima masih hangat dan dibungkus dengan pengaman yang baik,Terang Bulan Biasa Nutella - Martabak Ayam Special,6 Januari 2024,2025-07-04 21:41:42
"Martabak & Terang Bulan ""Aliung"" Asli Bangka, Mulyosari Raya",Muhammad elhibras,3 Oktober 2015,2.0,gak sesuai gambar,Martabak Sapi Super - Terang Bulan Biasa Keju Polos,28 Oktober 2023,2025-07-04 21:41:42
"Martabak & Terang Bulan ""Aliung"" Asli Bangka, Mulyosari Raya",S***** D****,3 Juni 2018,5.0,"saya cocok dng masakkan di sini , daging nya tidak kelihatan hahaha tks",Martabak Sapi Jamur Special,20 Agustus 2023,2025-07-04 21:41:42
"Martabak & Terang Bulan ""Aliung"" Asli Bangka, Mulyosari Raya",K*******,14 Oktober 2017,5.0,ENAK BGTTTT apalg pake bumbunyaa benerr” nampol,Martabak Ayam Jamur Super,27 September 2023,2025-07-04 21:41:42
"Martabak & Terang Bulan ""Aliung"" Asli Bangka, Mulyosari Raya",Rafa Muhammad,29 Juli 2019,5.0,Kaget porsinya gede banget dengan harga yang ramah dikantong untuk pilihan topping selengkap itu,Terang Bulan Biasa Keju Campur,23 September 2023,2025-07-04 21:41:42
"Martabak & Terang Bulan ""Aliung"" Asli Bangka, Mulyosari Raya",ping,1 Oktober 2021,1.0,sy pesan terang bulan tipis kering dan martabak special . Tetapi hanya dikasih martabak sapi special saja,Terang Bulan Tipis Kering Keju Campur - Martabak Sapi Special,24 September 2023,2025-07-04 21:41:42
"Martabak & Terang Bulan ""Aliung"" Asli Bangka, Mulyosari Raya",Yoseph,28 Oktober 2021,5.0,manis2 gurih lembut,Terang Bulan Biasa Coklat Kacang Wijen,6 Agustus 2023,2025-07-04 21:41:42
"Martabak & Terang Bulan ""Aliung"" Asli Bangka, Mulyosari Raya",Rini Haryati,6 Desember 2019,1.0,"tidak ada cuko & acarnya, jadi martabak nya kurang enak",Martabak Sapi Special,31 Juli 2023,2025-07-04 21:41:42
"Martabak & Terang Bulan ""Aliung"" Asli Bangka, Mulyosari Raya",jesseleen,14 Juli 2017,5.0,mantul all the time,Terang Bulan Biasa Keju Campur,15 Juli 2023,2025-07-04 21:41:42
"Martabak & Terang Bulan ""Aliung"" Asli Bangka, Mulyosari Raya",B Haslim,14 April 2017,1.0,Martabaknya asin sekali,Martabak Ayam Biasa - Terang Bulan Biasa Coklat Kacang Wijen,25 Juni 2023,2025-07-04 21:41:42
"Martabak & Terang Bulan ""Aliung"" Asli Bangka, Mulyosari Raya",R***,10 Januari 2017,3.0,kenapa semakin sedikit isiannya,Terang Bulan Biasa Keju Campur,15 Juni 2023,2025-07-04 21:41:42
"Martabak & Terang Bulan ""Aliung"" Asli Bangka, Mulyosari Raya",friska damara,18 September 2016,5.0,"mantap selalu terbaik, sudah langganan lama banget dan ttp enak",Terang Bulan Biasa Keju Polos,4 Juni 2023,2025-07-04 21:41:42
"Martabak & Terang Bulan ""Aliung"" Asli Bangka, Mulyosari Raya",charlie tan,9 Agustus 2016,4.0,"ok-ok aja, layak dimakan pas lapar",Terang Bulan Biasa Keju Campur - Martabak Sapi Special,29 Mei 2023,2025-07-04 21:41:42
"Martabak & Terang Bulan ""Aliung"" Asli Bangka, Mulyosari Raya",L***,9 September 2015,5.0,Memang enak banget sekali,Martabak Sapi Special - Terang Bulan Biasa Keju Polos - Terang Bulan Tipis Kering Keju Polos,30 Maret 2023,2025-07-04 21:41:42
"Martabak & Terang Bulan ""Aliung"" Asli Bangka, Mulyosari Raya",Samuel,20 April 2016,5.0,Martabaknya Renyah & Gurih tidak berminyak Krn pakai minyak goreng merk Ikan Dorang info dr karyawannya,Martabak Sapi Super,21 Maret 2023,2025-07-04 21:41:42
"Martabak & Terang Bulan ""Aliung"" Asli Bangka, Mulyosari Raya",Jeanny,26 Februari 2018,2.0,"tidak sesuai pesanan, tadi minta coklat keju aja malah dikasi ada kacangnya",Martabak Sapi Special - Terang Bulan Biasa Keju Campur,2 Maret 2023,2025-07-04 21:41:42
"Martabak & Terang Bulan ""Aliung"" Asli Bangka, Mulyosari Raya",T**** J*** S******,4 September 2018,5.0,"ok, martabak bangka top.",Martabak Sapi Super,14 Februari 2023,2025-07-04 21:41:42
"Martabak & Terang Bulan ""Aliung"" Asli Bangka, Mulyosari Raya",D***** L***,12 September 2015,5.0,Thanks for your dedication brother,Terang Bulan Biasa Keju Campur,6 Februari 2023,2025-07-04 21:41:42
"Martabak & Terang Bulan ""Aliung"" Asli Bangka, Mulyosari Raya",Nyoman Satria,9 September 2016,5.0,"tidak mengecewakan, rasa dan porsinya sesuai ekspektasi",Martabak Ayam Jamur Biasa - Terang Bulan Biasa Ovomaltine Keju,2 Februari 2023,2025-07-04 21:41:42
"Martabak & Terang Bulan ""Aliung"" Asli Bangka, Mulyosari Raya",Rudi Daeng,18 Desember 2019,5.0,bintang yg bicara.tx aliung,Terang Bulan Spesial Keju Campur,29 Januari 2023,2025-07-04 21:41:42
"Martabak & Terang Bulan ""Aliung"" Asli Bangka, Mulyosari Raya",mega,20 September 2015,2.0,kejunya ga kelihatan ya ..,Terang Bulan Biasa Keju Campur,29 Desember 2022,2025-07-04 21:41:42
"Martabak & Terang Bulan ""Aliung"" Asli Bangka, Mulyosari Raya",bardiyono,4 Januari 2018,5.0,mantap pokoknya,Martabak Sapi Special,16 Desember 2022,2025-07-04 21:41:42
"Martabak & Terang Bulan ""Aliung"" Asli Bangka, Mulyosari Raya",charlie tan,9 Agustus 2016,3.0,ok aja.. standart aja,Martabak Sapi Jamur Special - Terang Bulan Biasa Keju Campur,29 November 2022,2025-07-04 21:41:42
"Martabak & Terang Bulan ""Aliung"" Asli Bangka, Mulyosari Raya",Rudi,4 Maret 2016,5.0,sip enak sukak banget,Martabak Sapi Spesial,2 November 2022,2025-07-04 21:41:42
"Martabak & Terang Bulan ""Aliung"" Asli Bangka, Mulyosari Raya",P*******,1 Februari 2020,5.0,"rasanya enak, masih sama kayak dulu, bikin nagih, sesuai semua pesanannya, juara. makasih",Martabak Sapi Spesial - Terang Bulan Biasa Coklat Kacang Wijen - Terang Bulan Tipis Kering Kacang Coklat,22 September 2022,2025-07-04 21:41:42
"Martabak & Terang Bulan ""Aliung"" Asli Bangka, Mulyosari Raya",Widji,27 Oktober 2018,5.0,Rasa tetap enak….,Terang Bulan Biasa Keju Campur,3 September 2022,2025-07-04 21:41:42
"Martabak & Terang Bulan ""Aliung"" Asli Bangka, Mulyosari Raya",vike deby,24 April 2017,5.0,selalu setia sama cipta rasa Aliung😊😊,Martabak Sapi Spesial,17 Agustus 2022,2025-07-04 21:41:42
"Martabak & Terang Bulan ""Aliung"" Asli Bangka, Mulyosari Raya",valen,8 April 2019,1.0,ndak enak kebanyakkan kacang,Terang Bulan Tipis Kering Keju Campur,15 Agustus 2022,2025-07-04 21:41:42
"Martabak & Terang Bulan ""Aliung"" Asli Bangka, Mulyosari Raya",I*** M****,28 April 2018,5.0,"Mantap enak sekali , martabak asin agak kemanisen, martabak manis agak kemanisen , gula pasir dikurangi sedikit pasti lebih mantap dan lebih sehat 👍👍👍👍👍",Martabak Sapi Biasa - Terang Bulan Biasa Nutella,10 Agustus 2022,2025-07-04 21:41:42
"Martabak & Terang Bulan ""Aliung"" Asli Bangka, Mulyosari Raya",C****,28 Februari 2018,1.0,"notenya gk dibaca, udh bilang gk mau pake kacang & wijen tapi masih dikasih, jadi gk bisa dimakan deh🙃",Terang Bulan Biasa Keju Campur - Terang Bulan Tipis Kering Keju Polos,9 Agustus 2022,2025-07-04 21:41:42
"Martabak & Terang Bulan ""Aliung"" Asli Bangka, Mulyosari Raya",dewi,9 November 2017,2.0,martabaknya kok kurang gurih yaa...tidak seperti biasanya,Martabak Sapi Super,3 Agustus 2022,2025-07-04 21:41:42
"Martabak & Terang Bulan ""Aliung"" Asli Bangka, Mulyosari Raya",Joko,25 Agustus 2015,5.0,ada rasa ada harga,Martabak Sapi Sosis Super - Terang Bulan Biasa Nutella,21 Juli 2022,2025-07-04 21:41:42
"Martabak & Terang Bulan ""Aliung"" Asli Bangka, Mulyosari Raya",valen,8 April 2019,5.0,enak di lidah pas ndak asin ndak manis,Terang Bulan Tipis Kering Keju Polos - Martabak Sapi Spesial,21 Juli 2022,2025-07-04 21:41:42
"Martabak & Terang Bulan ""Aliung"" Asli Bangka, Mulyosari Raya",Tita Marita,28 Juli 2015,5.0,"rasanya tetap enak, porsinya besar, persis seperti kalo belj sendiri ❤️👍🏻👍🏻 mantab poll",Terang Bulan Biasa Keju Campur,19 Juli 2022,2025-07-04 21:41:42
"Martabak & Terang Bulan ""Aliung"" Asli Bangka, Mulyosari Raya",Wong Kian Ciang,16 Oktober 2021,3.0,Pesan terang bulan spesial keju campur tapi kejunya ga kelihatan. Entah salah ngasih orderan atau gimana itu.,Terang Bulan Spesial Keju Campur,18 Juli 2022,2025-07-04 21:41:42
"Martabak & Terang Bulan ""Aliung"" Asli Bangka, Mulyosari Raya",C** C**,9 September 2015,3.0,"rasanya beda kaya dulu. 
kurang enak.",Terang Bulan Spesial Keju Kismis,18 Juli 2022,2025-07-04 21:41:42
"Martabak & Terang Bulan ""Aliung"" Asli Bangka, Mulyosari Raya",Nurtini,2 November 2015,5.0,"rasa enak, porsi terang bulannya enak",Terang Bulan Biasa Coklat Kacang Wijen - Terang Bulan Tipis Kering Keju Campur,12 Juli 2022,2025-07-04 21:41:42
"Martabak & Terang Bulan ""Aliung"" Asli Bangka, Mulyosari Raya",N******,27 April 2021,5.0,"akhir² ini kurang juicy, butter nya kurang jadi kering terang bulan nya tapi masih enak lah 🙌",Terang Bulan Biasa Keju Campur,12 Juli 2022,2025-07-04 21:41:42
"Martabak & Terang Bulan ""Aliung"" Asli Bangka, Mulyosari Raya",K*****,11 Maret 2022,1.0,Kejunya kok Tidak ada,Terang Bulan Biasa Keju Campur,9 Juli 2022,2025-07-04 21:41:42
"Martabak & Terang Bulan ""Aliung"" Asli Bangka, Mulyosari Raya",G******,12 Oktober 2019,3.0,"terang bulan tipis nya oke, cuman rasa martabak ayam nya kurang mantep",Terang Bulan Tipis Kering Keju Polos - Martabak Ayam Biasa,26 Juni 2022,2025-07-04 21:41:42
"Martabak & Terang Bulan ""Aliung"" Asli Bangka, Mulyosari Raya",LIEP SAN,14 Oktober 2016,5.0,"Martabak telor dan terang bulan kering tipis coklat keju.
Enak.",Martabak Ayam Spesial - Terang Bulan Tipis Kering Keju Campur,27 Juni 2022,2025-07-04 21:41:42
"Martabak & Terang Bulan ""Aliung"" Asli Bangka, Mulyosari Raya",debby,2 September 2015,2.0,klu kasih keju sedikit pollll pada hal beli yg spesial tidak cocok dgn harganya.,Terang Bulan Spesial Keju Polos,8 Juni 2022,2025-07-04 21:41:42
"Martabak & Terang Bulan ""Aliung"" Asli Bangka, Mulyosari Raya",R***,25 September 2017,5.0,"Martabak telor terenak yg pernah saya makan, perpaduan sapi dan jamur nya endull.",Terang Bulan Tipis Kering Nutella Keju - Martabak Sapi Jamur Super,1 Juni 2022,2025-07-04 21:41:42
"Martabak & Terang Bulan ""Aliung"" Asli Bangka, Mulyosari Raya",Archie W. Fallensky,16 Mei 2017,5.0,"Enak banget, bisa habisin satu porsi sendirian dan masih nagih! Terbul krispi yg Nutella super nagih.",Terang Bulan Tipis Kering Nutella Keju,26 April 2022,2025-07-04 21:41:42
"Martabak & Terang Bulan ""Aliung"" Asli Bangka, Mulyosari Raya",Rudy Surja,3 November 2021,3.0,"mahal,isinya dikit,pdhl beli yg istimewa",Terang Bulan Spesial Keju Campur,26 Maret 2022,2025-07-04 21:41:42
"Martabak & Terang Bulan ""Aliung"" Asli Bangka, Mulyosari Raya",siany djoenaidi,4 September 2015,4.0,lembek bngt teksturnya.,Terang Bulan Biasa Keju Kismis,15 Maret 2022,2025-07-04 21:41:42
"Martabak & Terang Bulan ""Aliung"" Asli Bangka, Mulyosari Raya",Bella Shavira,17 Februari 2022,4.0,porsinya kurang memuaskan🤧soal rasa uwenak banget🤤,Martabak Sapi Spesial,17 Februari 2022,2025-07-04 21:41:42
"Martabak & Terang Bulan ""Aliung"" Asli Bangka, Mulyosari Raya",S**** D********,4 September 2015,3.0,adonannya dulu enak bisa kenyal chewy skrg kok mushy.  isinya jg jadi dikiiit. dulu bnyk.  skrg  ga puaaas mknnya,Terang Bulan Biasa Coklat Kacang Wijen,3 Februari 2022,2025-07-04 21:41:42
"Martabak & Terang Bulan ""Aliung"" Asli Bangka, Mulyosari Raya",S**** D********,4 September 2015,3.0,"akhir akhir ini ga seperti biasanya. biasanya enak..  ygvminggu lalu pesen,  isi  kacang coklat wijen nya duikit. mek 1/3 dari biasanya. kyk mkn polosan. yg barusan ini campur keju jg berkurang.",Terang Bulan Biasa Keju Campur,1 Februari 2022,2025-07-04 21:41:42
"Martabak & Terang Bulan ""Aliung"" Asli Bangka, Mulyosari Raya",suryati,18 Januari 2018,5.0,martabak 3 telur + sapi jamur nya mantap👍👍,Martabak Sapi Jamur Spesial,26 Januari 2022,2025-07-04 21:41:42
"Martabak & Terang Bulan ""Aliung"" Asli Bangka, Mulyosari Raya",MAS DEWA,11 November 2017,5.0,SEMPURNA 🙂👌🏾👍🏾👍🏾,Terang Bulan Tipis Kering Keju Polos,25 Januari 2022,2025-07-04 21:41:42
"Martabak & Terang Bulan ""Aliung"" Asli Bangka, Mulyosari Raya",MASDEWA,11 Januari 2022,5.0,WENAK PUOL PARAH ✌🏾😃👌🏾👍🏾👍🏾,Terang Bulan Tipis Kering Keju Campur,20 Januari 2022,2025-07-04 21:41:42
"Martabak & Terang Bulan ""Aliung"" Asli Bangka, Mulyosari Raya",S**** D********,4 September 2015,5.0,"enak.  jg ada krispi"" nya pinggirannya.  sip bngt.",Terang Bulan Biasa Keju Campur,14 Januari 2022,2025-07-04 21:41:42
"Martabak & Terang Bulan ""Aliung"" Asli Bangka, Mulyosari Raya",Vannesa,19 Juli 2019,5.0,puas makan terang bulannya,Terang Bulan Biasa Coklat Kacang Wijen,9 Januari 2022,2025-07-04 21:41:42
"Martabak & Terang Bulan ""Aliung"" Asli Bangka, Mulyosari Raya",John Erwin,10 Agustus 2015,5.0,Mantappp terbul nya. Enak,Terang Bulan Biasa Keju Campur,29 Desember 2021,2025-07-04 21:41:42
"Martabak & Terang Bulan ""Aliung"" Asli Bangka, Mulyosari Raya",R******,31 Oktober 2015,3.0,"kejunya lbh sedikit drpd coklatnya, minyaknya terlalu banyak",Terang Bulan Biasa Keju Campur,27 Oktober 2021,2025-07-04 21:41:42
"Martabak & Terang Bulan ""Aliung"" Asli Bangka, Mulyosari Raya",L***,9 September 2015,5.0,Rasanya enak dan harga sesuai,Terang Bulan Tipis Kering Toblerone - Terang Bulan Tipis Kering Keju Polos,29 September 2021,2025-07-04 21:41:42
"Martabak & Terang Bulan ""Aliung"" Asli Bangka, Mulyosari Raya",A**** P*******,22 November 2016,3.0,"Pesanan saya di aplikasi gak sesuai, pesan keju kok dalemannya ada kacang",Terang Bulan Biasa Keju Campur,13 September 2021,2025-07-04 21:41:42
"Martabak & Terang Bulan ""Aliung"" Asli Bangka, Mulyosari Raya",R***** L*****,22 Juli 2017,5.0,Pancen oyee terang bulan nya selalu haujek,Terang Bulan Biasa Keju Campur,9 September 2021,2025-07-04 21:41:42
"Martabak & Terang Bulan ""Aliung"" Asli Bangka, Mulyosari Raya",M*****,22 Februari 2016,5.0,pertahankan...rasa nikmatnya👍,Terang Bulan Biasa Keju Campur,7 September 2021,2025-07-04 21:41:42
"Martabak & Terang Bulan ""Aliung"" Asli Bangka, Mulyosari Raya",Y******,17 Mei 2017,5.0,rasa dan kwalitas hrs terjaga terus thx,Terang Bulan Biasa Coklat Kacang Wijen,30 Agustus 2021,2025-07-04 21:41:42
"Martabak & Terang Bulan ""Aliung"" Asli Bangka, Mulyosari Raya",S******,18 Januari 2018,5.0,Martabaknya gak ada yg bisa ngalahin. Enak bgt👍,Terang Bulan Biasa Keju Campur,6 Agustus 2021,2025-07-04 21:41:42
"Martabak & Terang Bulan ""Aliung"" Asli Bangka, Mulyosari Raya",G**** C********,28 Oktober 2016,5.0,rasanya ah mantab,Terang Bulan Biasa Keju Campur,3 Agustus 2021,2025-07-04 21:41:42
"Martabak & Terang Bulan ""Aliung"" Asli Bangka, Mulyosari Raya",J**** T*,7 Desember 2016,3.0,"Ancur bos smpe d gw
Peyok2 n sobel pinggirnya",Martabak Sapi Spesial - Terang Bulan Biasa Keju Polos,16 Juli 2021,2025-07-04 21:41:42
"Martabak & Terang Bulan ""Aliung"" Asli Bangka, Mulyosari Raya",S******,18 Januari 2018,5.0,Paling suka pesan yg martabak 3 telor sapi jamur. Enak bgt👍gak ada yg bisa kalahin rasanya👍👍,Martabak Sapi Jamur Spesial,11 Juni 2021,2025-07-04 21:41:42
"Martabak & Terang Bulan ""Aliung"" Asli Bangka, Mulyosari Raya",S******,18 Januari 2018,5.0,Martabak nya enak mantap👍👍apalg terang bulannya rekomended.,Terang Bulan Biasa Coklat Kacang Wijen,12 Juni 2021,2025-07-04 21:41:42
"Martabak & Terang Bulan ""Aliung"" Asli Bangka, Mulyosari Raya",U***,30 Oktober 2015,2.0,isinya terlalu sedikit tidak sesuai dengan harga,Terang Bulan Biasa Keju Campur,10 Juni 2021,2025-07-04 21:41:42
"Martabak & Terang Bulan ""Aliung"" Asli Bangka, Mulyosari Raya",R*** S,19 November 2016,5.0,jangan mahal2 dong.....kok naik terus harga nya,Terang Bulan Biasa Keju Campur - Martabak Sapi Spesial,10 Maret 2021,2025-07-04 21:41:42
"Martabak & Terang Bulan ""Aliung"" Asli Bangka, Mulyosari Raya",Y*** Y*******,11 September 2015,3.0,martabak kok gak ada kuah cuko? pdhal itu paling enak,Martabak Ayam Jamur Biasa,11 Februari 2021,2025-07-04 21:41:42
"Martabak & Terang Bulan ""Aliung"" Asli Bangka, Mulyosari Raya",A***,26 Februari 2017,1.0,Isiannya sedikit sekali,N/A,6 Februari 2021,2025-07-04 21:41:42
"Martabak & Terang Bulan ""Aliung"" Asli Bangka, Mulyosari Raya",A**** K*********,11 Mei 2017,3.0,tulisannya special keju campur tapi keju nyaris ga ada kak..  huhu...,N/A,5 Desember 2020,2025-07-04 21:41:42
"Martabak & Terang Bulan ""Aliung"" Asli Bangka, Mulyosari Raya",F*****,9 Februari 2016,3.0,martabaknya agak keras kali ini. terlalu kering.,Terang Bulan Biasa Keju Polos - Martabak Sapi Spesial,21 November 2020,2025-07-04 21:41:42
"Martabak & Terang Bulan ""Aliung"" Asli Bangka, Mulyosari Raya",U***,30 Oktober 2015,5.0,chefffnyeee ancen jos gandos 👍👍👍,Terang Bulan Biasa Keju Kismis,19 November 2020,2025-07-04 21:41:42
"Martabak & Terang Bulan ""Aliung"" Asli Bangka, Mulyosari Raya",J*** P**** M*******,18 September 2019,5.0,terima kasih banyak,Martabak Sapi Jamur Super,2 September 2020,2025-07-04 21:41:42
"Martabak & Terang Bulan ""Aliung"" Asli Bangka, Mulyosari Raya",B****** S*******,26 Oktober 2017,1.0,"pesen keju coklat tp cm di ksh coklat aja ga ada kejunya sm sekali. berasa di bohongin. apalg hrg di naikkan, lbh mahal dr stand. pdhl pick up sendiri ke sana",N/A,18 Juli 2020,2025-07-04 21:41:42
"Martabak & Terang Bulan ""Aliung"" Asli Bangka, Mulyosari Raya",C****** Y*********,18 Agustus 2015,2.0,rasanya ga enak ga kayak biasanya,Terang Bulan Biasa Keju Polos,11 Juli 2020,2025-07-04 21:41:42
"Martabak & Terang Bulan ""Aliung"" Asli Bangka, Mulyosari Raya",S****************,5 Januari 2018,5.0,Terima kasih banyak 🙏🏽🙏🏽🙏🏽,Martabak Ayam Jamur + Sosis Super,12 April 2020,2025-07-04 21:41:42
"Martabak & Terang Bulan ""Aliung"" Asli Bangka, Mulyosari Raya",S***,21 Maret 2017,4.0,"Rasa nya beda ama yg dulu, kurang enak",Martabak Sapi Spesial,4 Februari 2020,2025-07-04 21:41:42
"Martabak & Terang Bulan ""Aliung"" Asli Bangka, Mulyosari Raya",D**** J*** I*** P****,10 Oktober 2015,2.0,Terlalu Dominan telurnya ketimbang daging dan jamurnya,Martabak Sapi Jamur Spesial,23 Januari 2020,2025-07-04 21:41:42
"Martabak & Terang Bulan ""Aliung"" Asli Bangka, Mulyosari Raya",I**,12 September 2015,5.0,Lupa gak dikasih bumbu martabak:( padahal itu yg enaaak,Martabak Sapi Spesial - Terang Bulan Tipis Kering Keju Polos,5 Januari 2020,2025-07-04 21:41:42
"Martabak & Terang Bulan ""Aliung"" Asli Bangka, Mulyosari Raya",M**** T*******,29 Oktober 2016,3.0,Ngantrinya terlalu lama ...,Martabak Sapi Spesial - Terang Bulan Biasa Keju Campur,16 Desember 2019,2025-07-04 21:41:42
"Martabak & Terang Bulan ""Aliung"" Asli Bangka, Mulyosari Raya",V*** S*****,27 Juli 2018,1.0,saya pesen keju coklat kok yang nyampe coklat kacang. sebel bgt,Terang Bulan Tipis Kering Keju Campur,29 Oktober 2019,2025-07-04 21:41:42
"Martabak & Terang Bulan ""Aliung"" Asli Bangka, Mulyosari Raya",J*******,28 November 2016,1.0,Dimasak tidak sampai matang. Terasa mual setelah makan 4 potong.,Terang Bulan Biasa Keju Polos,7 September 2019,2025-07-04 21:41:42
"Martabak & Terang Bulan ""Aliung"" Asli Bangka, Mulyosari Raya",N****** A S****,22 Agustus 2015,3.0,Tumben kok adonannya mbenyek,N/A,9 Agustus 2019,2025-07-04 21:41:42
"Martabak & Terang Bulan ""Aliung"" Asli Bangka, Mulyosari Raya",R***,21 Januari 2017,5.0,"laen kali kalo pesen martabaknya aliung minta tambah garem ah biar lbh berasa asinnya, but overall sih 👍👍👍👍👍. Selama ini uda beberapa kali order ""Martabak & Terang Bulan Aliung"" gak pernah nyesel/mengecewakan kalo order baik Martabak maupun Terbul nya Aliung. Best 👍👍👍",N/A,9 Agustus 2019,2025-07-04 21:41:42
"Martabak & Terang Bulan ""Aliung"" Asli Bangka, Mulyosari Raya",N*******,18 Desember 2016,3.0,toppingnya sedikit sekali jika dibandingkan terang bulan lain yg setipe,N/A,25 Juli 2019,2025-07-04 21:41:42
"Martabak & Terang Bulan ""Aliung"" Asli Bangka, Mulyosari Raya",S***,30 Agustus 2017,2.0,Masaknya buru2 kyknya jadi kurang matang,N/A,31 Mei 2019,2025-07-04 21:41:42
"Martabak & Terang Bulan ""Aliung"" Asli Bangka, Mulyosari Raya",W******,4 Juli 2016,1.0,"plain taste 
kulit terlalu kering 
dan minyak nya parah banyak banget / terlalu oili",N/A,26 April 2019,2025-07-04 21:41:42
"Martabak & Terang Bulan ""Aliung"" Asli Bangka, Mulyosari Raya",C*************,8 September 2015,2.0,I dont really like the taste of this food,N/A,7 November 2018,2025-07-04 21:41:42
"Martabak & Terang Bulan ""Aliung"" Asli Bangka, Mulyosari Raya",C****,12 Oktober 2015,3.0,rasanya gk enak dan berminyak,N/A,10 Oktober 2018,2025-07-04 21:41:42
"Martabak & Terang Bulan ""Aliung"" Asli Bangka, Mulyosari Raya",W**** R******,21 Agustus 2015,3.0,martabak 3 telornya enak banget...cm sayangnya terang bulannya (rotinya sih enak) utk isiannya kurang banyak...sehingga kurang nendang,N/A,2 Oktober 2018,2025-07-04 21:41:42
"Martabak & Terang Bulan ""Aliung"" Asli Bangka, Mulyosari Raya",B* M** M**,28 November 2016,5.0,mantap bgt bikin spesial stiap mlm klu bs adakn promo discount hehe sukses deh,N/A,26 September 2018,2025-07-04 21:41:42
"Martabak & Terang Bulan ""Aliung"" Asli Bangka, Mulyosari Raya",M*****,15 September 2016,3.0,makanannya kurang enak,N/A,20 September 2018,2025-07-04 21:41:42
"Martabak & Terang Bulan ""Aliung"" Asli Bangka, Mulyosari Raya",A******* P****,6 September 2015,4.0,doesnt taste as tasty like before,N/A,7 September 2018,2025-07-04 21:41:42
"Martabak & Terang Bulan ""Aliung"" Asli Bangka, Mulyosari Raya",R*****,17 April 2017,1.0,Tidak sesuai dengan harga asli,N/A,27 Agustus 2018,2025-07-04 21:41:42
"Martabak & Terang Bulan ""Aliung"" Asli Bangka, Mulyosari Raya",J***** L***,19 Februari 2016,1.0,Quantity to price,N/A,29 Agustus 2018,2025-07-04 21:41:42
"Martabak & Terang Bulan ""Aliung"" Asli Bangka, Mulyosari Raya",Y****,14 Juli 2015,3.0,below expectation,N/A,3 Agustus 2018,2025-07-04 21:41:42
"Martabak & Terang Bulan ""Aliung"" Asli Bangka, Mulyosari Raya",A******* M****** T******,8 Oktober 2017,4.0,gojeknya baik ramah,N/A,29 Juli 2018,2025-07-04 21:41:42
"Martabak & Terang Bulan ""Aliung"" Asli Bangka, Mulyosari Raya",L****,12 September 2015,4.0,But Packing not good,N/A,21 Juli 2018,2025-07-04 21:41:42
"Martabak & Terang Bulan ""Aliung"" Asli Bangka, Mulyosari Raya",E*** S******,20 April 2016,5.0,"Harga naik...tp daftar menu tdk dirubah...info utk semua penjual makanan yg ikut pesan antar ,spy segera mengganti harga nya bila ada peribahan harga...kasihan driver nya kalau batal, semoga bermanfaat, trm kasih",N/A,13 Juli 2018,2025-07-04 21:41:42
"Martabak & Terang Bulan ""Aliung"" Asli Bangka, Mulyosari Raya",C****,24 Agustus 2015,3.0,terlalu asinnnn sekaliii,N/A,11 Juli 2018,2025-07-04 21:41:42
"Martabak & Terang Bulan ""Aliung"" Asli Bangka, Mulyosari Raya",B*** H*******,7 November 2015,2.0,"tepung terangbulannya bantat, kurang matang.  rasa biasa, terlalu banyak kacang...",N/A,6 Juli 2018,2025-07-04 21:41:42
"Martabak & Terang Bulan ""Aliung"" Asli Bangka, Mulyosari Raya",N******,30 November 2016,4.0,terang bulan ada nya yg sudah dibuat. ga bisa milih kita na mau apa,N/A,12 Juni 2018,2025-07-04 21:41:42
"Martabak & Terang Bulan ""Aliung"" Asli Bangka, Mulyosari Raya",K*** P****,4 Agustus 2015,1.0,isine sitik karo sg gawe ws mudik palengo,N/A,13 Juni 2018,2025-07-04 21:41:42
"Martabak & Terang Bulan ""Aliung"" Asli Bangka, Mulyosari Raya",E***,1 Mei 2017,3.0,pesan terbuka coklat keju coklat nya dikit bgt,N/A,10 Mei 2018,2025-07-04 21:41:42
"Martabak & Terang Bulan ""Aliung"" Asli Bangka, Mulyosari Raya",I****,31 Maret 2017,4.0,Tempatnya sangat ramai 1 jam lebih baru nyampe,N/A,13 Mei 2018,2025-07-04 21:41:42
"Dapur Laut Gobar, Mulyorejo",rida,10 Februari 2016,5.0,"makanannya beneran badabest.... meski tak bisa datang langsung ke tkp. rasanya bikin nagih.
minus kurang pesenannya aja, ada order nasi tapi pas tiba nasinya ga da",Ikan Kerapu Jumbo - Ayam - Lele - Nasi Putih,24 Mei 2024,2025-07-04 21:42:06
"Dapur Laut Gobar, Mulyorejo",Bondan,12 Agustus 2015,5.0,Enak banget.. JUARAA!!!,Lele,7 Maret 2024,2025-07-04 21:42:06
"Dapur Laut Gobar, Mulyorejo",R*** A*****,4 Desember 2015,5.0,Astaga ini seafood enak banget sambelnya 😍,Ikan Kakap Merah Sedang - Ikan Kerapu - Nasi Putih,14 Mei 2023,2025-07-04 21:42:06
"Dapur Laut Gobar, Mulyorejo",yoga,17 September 2015,5.0,Mantaappp. 2x order gak nyesel,Nasi Putih - Ikan Barracuda K,20 Agustus 2022,2025-07-04 21:42:06
"Dapur Laut Gobar, Mulyorejo",R*** P******,10 Juni 2015,5.0,Barakudanya wuenak,Ikan Barracuda Besar 1,9 Agustus 2022,2025-07-04 21:42:06
"Dapur Laut Gobar, Mulyorejo",reza pahlevy,10 Juni 2015,5.0,Barakuda bakare top markotobb 👍🏻👍🏻,Ikan Barracuda Besar 1,5 Agustus 2022,2025-07-04 21:42:06
"Dapur Laut Gobar, Mulyorejo",R*** P******,10 Juni 2015,5.0,Enak guramine 👍🏻👍🏻,Gurame Besar,7 Juli 2022,2025-07-04 21:42:06
"Dapur Laut Gobar, Mulyorejo",lina,22 Agustus 2016,1.0,"lain kali tolong di kirim di alamat yang benar ya mas, karena tadi tidak di kirimkan di alamat saya.",Ayam - Nasi Putih,4 Juni 2022,2025-07-04 21:42:06
"Dapur Laut Gobar, Mulyorejo",M*******,11 September 2015,1.0,"pesan 3 nasi, datang cuma 1 nasi",Ayam - Lele - Nasi Putih,12 September 2020,2025-07-04 21:42:06
"Dapur Laut Gobar, Mulyorejo",Y******,1 Januari 2019,4.0,td sdh minta grg kering kok diksh yg bakar. anak2 jd ga bs makan,Ikan Barracuda,3 Maret 2020,2025-07-04 21:42:06
"Dapur Laut Gobar, Mulyorejo",A*** Y**** B********,14 Desember 2017,5.0,"kalau makanan habis segera diupdate, kasihan pak gojeknya kemarin terpaksa batal Krn makanan habis",Cah Kangkung - Lele,4 Februari 2020,2025-07-04 21:42:06
"Dapur Laut Gobar, Mulyorejo",R********* F****** P*,9 Juni 2016,1.0,kok gak bilang kalo gak ada nasinya 😂,Lele Goreng,26 Agustus 2019,2025-07-04 21:42:06
"Dapur Laut Gobar, Mulyorejo",A******,10 Januari 2016,5.0,bumbu nya endul,N/A,28 Februari 2019,2025-07-04 21:42:06
"Dapur Laut Gobar, Mulyorejo",A***,18 Juli 2016,5.0,Mashoook pak ekooo,N/A,8 September 2018,2025-07-04 21:42:06
"Dapur Laut Gobar, Mulyorejo",F****** C****,18 Agustus 2015,1.0,MAKANANNYA GOSONG SEMUA!!! dasar kurang ajar org laper sekeluarga digituin kaya ga niat jualan,N/A,9 September 2018,2025-07-04 21:42:06
"Dapur Laut Gobar, Mulyorejo",F*****,4 September 2017,3.0,ikannya kurang seger,N/A,28 Mei 2018,2025-07-04 21:42:06
"Angsle Ronde Bondowoso Bp. Suhartono, Jl. Raya Dharmahusada",Rosiana Indah Purnomo,18 April 2022,5.0,"jahe nya cukup strong, sesuai selera.
hanya tadi request dg alat makan, tiba tanpa alat makan.",Ronde Isi Kacang Gula Merah - Tauwa Biasa Gula Merah,8 Mei 2025,2025-07-04 21:42:39
"Angsle Ronde Bondowoso Bp. Suhartono, Jl. Raya Dharmahusada",Novi,2 Januari 2024,1.0,kenapa gk lengkap? gimana sih kecewa bngt udh mahal,Ronde Isi Kacang Gula Merah,11 Januari 2025,2025-07-04 21:42:39
"Angsle Ronde Bondowoso Bp. Suhartono, Jl. Raya Dharmahusada",L***,4 September 2015,5.0,Kalo beli online lebih mahal ongkirnya,Ronde Tanpa Isi - Angsle - Tahwa Biasa Gula Putih,11 Januari 2025,2025-07-04 21:42:39
"Angsle Ronde Bondowoso Bp. Suhartono, Jl. Raya Dharmahusada",E****,3 Juni 2017,4.0,"terlalu pedas, rasa jahe nya cenderung lebih pahit",Ronde Isi Kacang Gula Putih - Angsle - Tauwa Kacang Kuah Komplit,14 Desember 2024,2025-07-04 21:42:39
"Angsle Ronde Bondowoso Bp. Suhartono, Jl. Raya Dharmahusada",fajar budi,29 Desember 2016,5.0,angsle dan ronde enak banget.. rekomended.. offline perna coba yang sebelah tempat yang sama masih enakan ini..,Ronde Isi Kacang Gula Merah - Ronde Kering Kacang Wijen - Angsle,9 September 2024,2025-07-04 21:42:39
"Angsle Ronde Bondowoso Bp. Suhartono, Jl. Raya Dharmahusada",aniqa,5 November 2018,4.0,"untuk angsle nya enak bangetttt 10000/10
untuk tahwanya dia tebel"" dan banyak trs packaging nya juga pakai wadah plastik gitu tp untuk kuahnya menurut ku jahenya terlalu pedas dan kurang manis, jd waktu di minum bareng jd agak tawar dan pedes bangetttt overall rate nya 7/10 buat tahwa. makasih yaa sukses selalu",Angsle - Tauwa Biasa Gula Merah,15 Agustus 2024,2025-07-04 21:42:39
"Angsle Ronde Bondowoso Bp. Suhartono, Jl. Raya Dharmahusada",suhanto,20 Agustus 2016,1.0,kiriman tidak lengkap. beli 5 dikirim 4. kuramg ronde tanpa isi,Ronde Isi Kacang Gula Merah - Ronde Tanpa Isi - Tauwa Biasa Gula Merah,8 Agustus 2024,2025-07-04 21:42:39
"Angsle Ronde Bondowoso Bp. Suhartono, Jl. Raya Dharmahusada",S**** J****,18 September 2015,4.0,Enak bangetttt uda langganan berkali kali woy! ronde kering nya jg semua jos lah,Ronde Kering Kacang Wijen - Tauwa Kacang Kuah Komplit,28 Mei 2024,2025-07-04 21:42:39
"Angsle Ronde Bondowoso Bp. Suhartono, Jl. Raya Dharmahusada",N*****,11 Maret 2016,5.0,"kuah santan angsle nya cukup kental,tdk terlalu manis, enak. rondenya juga enak. Sdh 2 kali setiap ke Surabaya pesan di sini",Ronde Tanpa Isi - Angsle,23 Februari 2024,2025-07-04 21:42:39
"Angsle Ronde Bondowoso Bp. Suhartono, Jl. Raya Dharmahusada",Novita,11 Maret 2016,5.0,enak banget iniii..ronde dan angsle nya enaaaak...,Angsle - Tauwa Kacang Kuah Komplit,18 Januari 2024,2025-07-04 21:42:39
"Angsle Ronde Bondowoso Bp. Suhartono, Jl. Raya Dharmahusada",ella nur Fitria,21 Mei 2017,4.0,"kolang kalingnya enggak ada, biasanya ada, mungkin lagi kosong",Ronde Isi Kacang Gula Putih,9 Januari 2024,2025-07-04 21:42:39
"Angsle Ronde Bondowoso Bp. Suhartono, Jl. Raya Dharmahusada",tony,3 Oktober 2015,5.0,"enak dan mantul, pelamggan setia dr jkt",Tauwa Biasa Gula Merah - Paperbowl+Sendok Plastik - Ronde Tanpa Isi - Ronde Isi Kacang Gula Merah,26 Desember 2023,2025-07-04 21:42:39
"Angsle Ronde Bondowoso Bp. Suhartono, Jl. Raya Dharmahusada",Gabriela U.W.,7 Juni 2017,3.0,"Sebenarnya enak dan sudah berlangganan, tapi sayang hari ini gula merah utk kacang kuahnya tertinggal. Padahal cuma req untuk angsle yang tanpa gula sementara yang lain tetap (sudah ada keterangan)",Ronde Isi Kacang - Angsle - Tauwa Kacang Kuah Komplit,12 Oktober 2023,2025-07-04 21:42:39
"Angsle Ronde Bondowoso Bp. Suhartono, Jl. Raya Dharmahusada",Dita,11 Oktober 2015,5.0,udah langganan😍,Ronde Isi Kacang - Tahwa Biasa Gula Putih,22 Agustus 2023,2025-07-04 21:42:39
"Angsle Ronde Bondowoso Bp. Suhartono, Jl. Raya Dharmahusada",melani,24 September 2016,5.0,Enak banget pool,Angsle - Ronde Isi Kacang,30 Agustus 2023,2025-07-04 21:42:39
"Angsle Ronde Bondowoso Bp. Suhartono, Jl. Raya Dharmahusada",dayujiwa,30 Maret 2016,4.0,lain kali disediakan mangkok plastic dan alat makan,Kacang Kuah Komplit - Angsle - Ronde Isi Kacang,22 Agustus 2023,2025-07-04 21:42:39
"Angsle Ronde Bondowoso Bp. Suhartono, Jl. Raya Dharmahusada",K******* D** L******,31 Agustus 2017,5.0,"pesanan yg kedua, ttp mantep dan cocok buat seleraku",Angsle - Ronde Isi Kacang,9 Agustus 2023,2025-07-04 21:42:39
"Angsle Ronde Bondowoso Bp. Suhartono, Jl. Raya Dharmahusada",V****,21 Juli 2018,1.0,"Pesan dua ronde cuma di kirim satu ronde , satu nya cuma kuah jahe saja",Ronde Tanpa Isi,27 Juli 2023,2025-07-04 21:42:39
"Angsle Ronde Bondowoso Bp. Suhartono, Jl. Raya Dharmahusada",Y***,28 November 2019,5.0,"Semua enak ,, isian ronde padat banyak manis pas..Tauwa komplit banyak porsinya😍👍⭐️",Angsle - Ronde Isi Kacang - Tauwa Kacang Kuah Komplit,11 Juli 2023,2025-07-04 21:42:39
"Angsle Ronde Bondowoso Bp. Suhartono, Jl. Raya Dharmahusada",L**,24 November 2017,4.0,"Ronde tdk lengkap seperti deskripsi, tdk ada degan serut.",Ronde Isi Kacang - Angsle - Tahwa,29 Juni 2023,2025-07-04 21:42:39
"Angsle Ronde Bondowoso Bp. Suhartono, Jl. Raya Dharmahusada",Arthur Handrian,10 Desember 2018,5.0,"Jahenya mantap, pengiriman cepat.",Ronde Isi Kacang - Tauwa Kacang Kuah Komplit,18 Mei 2023,2025-07-04 21:42:39
"Angsle Ronde Bondowoso Bp. Suhartono, Jl. Raya Dharmahusada",pangestuti,3 April 2019,5.0,sdh pas semyanya,Ronde Isi Kacang - Angsle,25 Februari 2023,2025-07-04 21:42:39
"Angsle Ronde Bondowoso Bp. Suhartono, Jl. Raya Dharmahusada",Lanny,26 Desember 2020,5.0,"ronde nya enak banget, jahe nya pas 👍",Ronde Isi Kacang,29 Desember 2022,2025-07-04 21:42:39
"Angsle Ronde Bondowoso Bp. Suhartono, Jl. Raya Dharmahusada",cakra,22 Juni 2017,4.0,"air jahenya enak, maniss diberi sesuai permintaan..",Ronde Isi Kacang - Angsle - Tauwa Kacang Kuah Komplit - Tahwa,22 Desember 2022,2025-07-04 21:42:39
"Angsle Ronde Bondowoso Bp. Suhartono, Jl. Raya Dharmahusada",kiki,20 Juli 2016,3.0,"kuah jahe kurang manis, sendok kurang tidaj sesuai pesanan.",Ronde Isi Kacang - Angsle - Tahwa,20 Desember 2022,2025-07-04 21:42:39
"Angsle Ronde Bondowoso Bp. Suhartono, Jl. Raya Dharmahusada",I***,3 Agustus 2015,5.0,"Dibungkus secara terpisah2, kuah santan dan isiannya . Mantep.",Angsle,21 Desember 2022,2025-07-04 21:42:39
"Angsle Ronde Bondowoso Bp. Suhartono, Jl. Raya Dharmahusada",R***** H******,4 Juni 2016,5.0,The seller is kindly. Good communication,Ronde Isi Kacang - Tahwa,12 Desember 2022,2025-07-04 21:42:39
"Angsle Ronde Bondowoso Bp. Suhartono, Jl. Raya Dharmahusada",Astutik,5 Juni 2022,5.0,sdh sering  beli soal rasa sdh langganan  ada yg kurang kolang Kaling x g ada,Ronde Isi Kacang - Tahwa,5 Desember 2022,2025-07-04 21:42:39
"Angsle Ronde Bondowoso Bp. Suhartono, Jl. Raya Dharmahusada",Lidia Natalia,29 Maret 2018,5.0,rondenya selalu enak 😍😍,Ronde Isi Kacang,25 November 2022,2025-07-04 21:42:39
"Angsle Ronde Bondowoso Bp. Suhartono, Jl. Raya Dharmahusada",G****,30 Juni 2017,5.0,"Ronde nya g pernah mengecewakan, lembut kaya mochi, isinya jg bnyak, kuah jahe nya pas",Ronde Isi Kacang - Ronde Kering Milo,19 September 2022,2025-07-04 21:42:39
"Angsle Ronde Bondowoso Bp. Suhartono, Jl. Raya Dharmahusada",fatmah,30 September 2016,5.0,ronde angsle tahwa ter d'best dr dulu...,Ronde Isi Kacang - Tahwa,9 September 2022,2025-07-04 21:42:39
"Angsle Ronde Bondowoso Bp. Suhartono, Jl. Raya Dharmahusada",F****** R****,4 Desember 2016,2.0,"Porsi dikit, harga mahal",Angsle,12 Juli 2022,2025-07-04 21:42:39
"Angsle Ronde Bondowoso Bp. Suhartono, Jl. Raya Dharmahusada",pangestuti,3 April 2019,5.0,top banget dari dulu,Angsle,25 Juni 2022,2025-07-04 21:42:39
"Angsle Ronde Bondowoso Bp. Suhartono, Jl. Raya Dharmahusada",fira,5 November 2016,2.0,pesanan yg diterima kurang 1,Ronde Isi Kacang - Tahwa - Angsle - Kacang Kuah Komplit,8 Juni 2022,2025-07-04 21:42:39
"Angsle Ronde Bondowoso Bp. Suhartono, Jl. Raya Dharmahusada",Agus Dwi Widodo,14 Januari 2019,5.0,mantab deh mantab deh mantab deh,Angsle - Ronde Isi Kacang,2 Juni 2022,2025-07-04 21:42:39
"Angsle Ronde Bondowoso Bp. Suhartono, Jl. Raya Dharmahusada",Helena Kang,19 Februari 2021,3.0,isi nya kurang banyak .rasanya kurang jahenya .tq,Angsle,28 Mei 2022,2025-07-04 21:42:39
"Angsle Ronde Bondowoso Bp. Suhartono, Jl. Raya Dharmahusada",C*****,18 Juni 2016,5.0,Suka 👍👍👍👍👍 n puassss 👏👏👏👏👏👏,Ronde Isi Kacang - Kacang Kuah Komplit - Angsle,28 Mei 2022,2025-07-04 21:42:39
"Angsle Ronde Bondowoso Bp. Suhartono, Jl. Raya Dharmahusada",benedict,13 Februari 2017,5.0,qqqqqqqqqqqqqqq,Ronde Isi Kacang,8 April 2022,2025-07-04 21:42:39
"Angsle Ronde Bondowoso Bp. Suhartono, Jl. Raya Dharmahusada",Aries,3 Mei 2018,5.0,Lancar selalu rezekinya,Angsle,2 April 2022,2025-07-04 21:42:39
"Angsle Ronde Bondowoso Bp. Suhartono, Jl. Raya Dharmahusada",Priskila,25 Mei 2019,5.0,Rasanya enak terasa jahenya,Tahwa - Kacang Kuah Biasa,10 Maret 2022,2025-07-04 21:42:39
"Angsle Ronde Bondowoso Bp. Suhartono, Jl. Raya Dharmahusada",Hadi,12 Februari 2016,5.0,mantap pokoknya ronde ini,Ronde Isi Kacang,21 Februari 2022,2025-07-04 21:42:39
"Angsle Ronde Bondowoso Bp. Suhartono, Jl. Raya Dharmahusada",T* W*****,7 Oktober 2017,4.0,"Kacang kuah: rasa sudah OK, tapi kacang dan kacang hijau kupas perlu ditambah.",Ronde Isi Kacang - Kacang Kuah Komplit - Tahwa,12 Januari 2022,2025-07-04 21:42:39
"Angsle Ronde Bondowoso Bp. Suhartono, Jl. Raya Dharmahusada",winarni,17 Juni 2018,5.0,"ok deh, mau pesen lali...eh habis🤲🌹",Ronde Isi Kacang - Tahwa - Angsle,18 Desember 2021,2025-07-04 21:42:39
"Angsle Ronde Bondowoso Bp. Suhartono, Jl. Raya Dharmahusada",Bayu Ariyanto,13 Oktober 2019,5.0,Tetap pertahankan kualitas dan rasa...,Ronde Isi Kacang,8 Desember 2021,2025-07-04 21:42:39
"Angsle Ronde Bondowoso Bp. Suhartono, Jl. Raya Dharmahusada",Y*****,9 September 2015,3.0,Mohon maaf...Kuah rondenya rada aneh🙏🏻smoga makin baik kedepannya,Ronde Isi Kacang - Angsle,16 September 2021,2025-07-04 21:42:39
"Angsle Ronde Bondowoso Bp. Suhartono, Jl. Raya Dharmahusada",V****,21 Juli 2018,1.0,Tidak mengantar pesanan orderan food saya dicuri,Tahwa - Ronde Tanpa Isi - Kacang Kuah Komplit,18 Agustus 2021,2025-07-04 21:42:39
"Angsle Ronde Bondowoso Bp. Suhartono, Jl. Raya Dharmahusada",H********,4 Desember 2017,5.0,cuma kuahnya kurang panas,Ronde Isi Kacang - Kacang Kuah Komplit,12 Agustus 2021,2025-07-04 21:42:39
"Angsle Ronde Bondowoso Bp. Suhartono, Jl. Raya Dharmahusada",R*****,24 Oktober 2016,4.0,Ronde nya enakkkkk,Ronde Isi Kacang,3 Agustus 2021,2025-07-04 21:42:39
"Angsle Ronde Bondowoso Bp. Suhartono, Jl. Raya Dharmahusada",M******* B***,9 Oktober 2015,3.0,"Kuahnya sih enak pedes, isi juga sangat okay, tpi isian ronde kurang enk tidak lumer keras, kulit ronde juga g kenyel",Ronde Isi Kacang - Kacang Kuah Biasa,2 Agustus 2021,2025-07-04 21:42:39
"Angsle Ronde Bondowoso Bp. Suhartono, Jl. Raya Dharmahusada",R**** I**** M******,25 September 2016,1.0,Tauwanya udah gak enk,Tahwa,21 Juli 2021,2025-07-04 21:42:39
"Angsle Ronde Bondowoso Bp. Suhartono, Jl. Raya Dharmahusada",I** L******,2 Juli 2017,3.0,Kuah jahenya terlalu pedas jd g BS menikmati segarnya,Kacang Kuah Komplit - Tahwa,27 Januari 2021,2025-07-04 21:42:39
"Angsle Ronde Bondowoso Bp. Suhartono, Jl. Raya Dharmahusada",D**** D****,11 Juni 2015,5.0,Better in wrap!,Tahwa,15 Januari 2021,2025-07-04 21:42:39
"Angsle Ronde Bondowoso Bp. Suhartono, Jl. Raya Dharmahusada",A***** A****,9 Maret 2018,5.0,mantapppppp jiwa🥰🥰🥰,Ronde Isi Kacang,4 Januari 2021,2025-07-04 21:42:39
"Angsle Ronde Bondowoso Bp. Suhartono, Jl. Raya Dharmahusada",N**** S*****,25 Desember 2015,5.0,yg angsle lebih enaaaak. kacang kuahnya kurang manis,Angsle - Kacang Kuah Biasa,15 Desember 2020,2025-07-04 21:42:39
"Angsle Ronde Bondowoso Bp. Suhartono, Jl. Raya Dharmahusada",D****,14 Januari 2016,5.0,yg jual cantik 👍,Angsle - Ronde Isi Kacang,23 November 2020,2025-07-04 21:42:39
"Angsle Ronde Bondowoso Bp. Suhartono, Jl. Raya Dharmahusada",H******,21 April 2016,4.0,"Maaf pak rasa nya ada berubah dibandingkam sebelum pandemi, tolong di survey ok thank u :)",Ronde Isi Kacang - Angsle,7 Oktober 2020,2025-07-04 21:42:39
"Angsle Ronde Bondowoso Bp. Suhartono, Jl. Raya Dharmahusada",E***,9 September 2015,4.0,mahal beli digojek. masa beda4rb,Ronde Isi Kacang - Angsle,16 Juli 2020,2025-07-04 21:42:39
"Angsle Ronde Bondowoso Bp. Suhartono, Jl. Raya Dharmahusada",Y****,6 Februari 2016,5.0,Sangat enak dan puas,Ronde Isi Kacang,2 Maret 2020,2025-07-04 21:42:39
"Angsle Ronde Bondowoso Bp. Suhartono, Jl. Raya Dharmahusada",D***** P****,29 November 2015,5.0,enjoy it .. im.recomende if someone miss with wedang like this,Tahwa,13 Januari 2020,2025-07-04 21:42:39
"Angsle Ronde Bondowoso Bp. Suhartono, Jl. Raya Dharmahusada",A***,17 Oktober 2015,1.0,mahal banget. porsinya dikit. harganya selangit,Angsle,7 Januari 2020,2025-07-04 21:42:39
"Angsle Ronde Bondowoso Bp. Suhartono, Jl. Raya Dharmahusada",A*******,13 Mei 2017,5.0,"rasa jahenya berasa , rondenya jg enak kenyal dgn isian kcg",Ronde Isi Kacang,28 Desember 2019,2025-07-04 21:42:39
"Angsle Ronde Bondowoso Bp. Suhartono, Jl. Raya Dharmahusada",D*******,30 Maret 2016,3.0,sebaiknya pake packaging yg reasonable apalagi klo yg pesen dr tamu hotel. lah ini cuman pake plastik doank lah piyeleh makannya.... angel no....,Angsle - Ronde Tanpa Isi,5 November 2019,2025-07-04 21:42:39
"Angsle Ronde Bondowoso Bp. Suhartono, Jl. Raya Dharmahusada",R*****,26 Desember 2016,3.0,"sdh ok harga sesuai,cuma porsi nambah dikit boleh bozzz",Angsle - Ronde Isi Kacang,17 September 2019,2025-07-04 21:42:39
"Angsle Ronde Bondowoso Bp. Suhartono, Jl. Raya Dharmahusada",E**,16 Mei 2016,5.0,Enakkk bangettt ngett ngett ngeettttt,N/A,27 Agustus 2019,2025-07-04 21:42:39
"Angsle Ronde Bondowoso Bp. Suhartono, Jl. Raya Dharmahusada",N****** A****** M,21 Januari 2016,5.0,"Kuahnya pedes, tapi sayang kurang panas. tapi enak 😀",N/A,19 Juni 2019,2025-07-04 21:42:39
"Angsle Ronde Bondowoso Bp. Suhartono, Jl. Raya Dharmahusada",R************,5 Agustus 2015,1.0,jahenya ga pedes ga ada rasa jahenya sama sekali .. enakan ronde imam,N/A,12 April 2019,2025-07-04 21:42:39
"Angsle Ronde Bondowoso Bp. Suhartono, Jl. Raya Dharmahusada",N****,31 Januari 2017,3.0,kuahnya ada rasa pahitnya,N/A,14 Maret 2019,2025-07-04 21:42:39
"Angsle Ronde Bondowoso Bp. Suhartono, Jl. Raya Dharmahusada",S** L****,12 November 2017,5.0,lumajang tapi isinya kurang ba njak,N/A,8 Maret 2019,2025-07-04 21:42:39
"Angsle Ronde Bondowoso Bp. Suhartono, Jl. Raya Dharmahusada",C********,12 Februari 2017,5.0,"Rasa jahe nya berasa banget!! Enak pedes. Pas dateng masih panas, biasa nya ga gitu panas Dan rasa jahe ga gitu berasa kaya sekarang ini. Mantep!",N/A,16 Februari 2019,2025-07-04 21:42:39
"Angsle Ronde Bondowoso Bp. Suhartono, Jl. Raya Dharmahusada",R*** W****,10 Maret 2017,5.0,kuah jahenya tidak sesuai di aplikasi tapi rasa jahenya terasa banget dan enak rondenya.,N/A,15 September 2018,2025-07-04 21:42:39
"Angsle Ronde Bondowoso Bp. Suhartono, Jl. Raya Dharmahusada",P******,2 Agustus 2015,4.0,udah langganan....,N/A,12 September 2018,2025-07-04 21:42:39
"Angsle Ronde Bondowoso Bp. Suhartono, Jl. Raya Dharmahusada",M****,16 Februari 2016,2.0,I dont like the food,N/A,19 Mei 2018,2025-07-04 21:42:39
"Penyetan Cok, Kaza Mall",M** D*****,28 Februari 2019,2.0,"dulu ayam sambal marah, ayam segar tepung kuning sambal ok ini sekarang seperti ayam 2 hari keras dan tepung coklat tua..porsi berkurang,sambal kurang joss. mohon diperbaiki dong..",Ayam Geprek Sambal Matah - Ayam Geprek,19 Desember 2024,2025-07-04 21:43:05
"Penyetan Cok, Kaza Mall",A*****,6 Juli 2018,1.0,"Dagingnya keras, kering, seperti daging sisa-sisa yang diberikan ke pembeli. Kecewa sekali. Sebelum-sebelumnya order tapi tdk seperti ini. Kali ini bikin kecewa banget sih.",Paket Sei Sapi Original,19 Mei 2024,2025-07-04 21:43:05
"Penyetan Cok, Kaza Mall",dian susi agustin,10 Desember 2018,3.0,"lelenya ngak fress ,rasanya kurang enak,mohon maaf",Paket Roman 1 - Lele Tanpa Duri - Bebek Kremez,18 Mei 2024,2025-07-04 21:43:05
"Penyetan Cok, Kaza Mall",T***** I*****,12 Februari 2017,3.0,"kremesan tidak ada.
uda gitu kenak biaya tambahan 3.000",Nasi Putih - Bebek Kremez,10 Mei 2024,2025-07-04 21:43:05
"Penyetan Cok, Kaza Mall",May Darlis,28 Februari 2019,5.0,"ayam sambal matah enak tidak berubah mantab, sei tumis nya bikin nyonyor uenak polll ..2 menu itu yg kamu selalu pesan",Ayam Geprek Sambal Matah - Ayam Geprek,5 Mei 2024,2025-07-04 21:43:05
"Penyetan Cok, Kaza Mall",M** D*****,28 Februari 2019,5.0,"sambal matahnya suka banget 
sei tumis pedesss gilaa..  wweeehhh",Ayam Geprek Sambal Matah,3 Mei 2024,2025-07-04 21:43:05
"Penyetan Cok, Kaza Mall",T***,22 September 2015,1.0,"ngga sesuai ekspektasi, porsinya dikit amat ngga sesuai harga",Wader Goreng - Jamur Crispy - Endhog (Telur) - Bandeng Usuh Manuk,25 Desember 2023,2025-07-04 21:43:05
"Penyetan Cok, Kaza Mall",W********,26 September 2023,2.0,"pesanan tidak sesuai dengan foto, sambelnya asin🙏🏻🙏🏻",Paket Rame-Rame 1 - Sambal Terasi - Mujaer Goreng,16 Oktober 2023,2025-07-04 21:43:05
"Penyetan Cok, Kaza Mall",Elsha,23 Februari 2022,1.0,"SAMBELNYA GAK ADA, KALO KERJA YG FOKUS MAS/MBAK",Mujaer Goreng,16 Juli 2023,2025-07-04 21:43:05
"Penyetan Cok, Kaza Mall",jeany,7 Agustus 2015,3.0,"liat besar daging dibanding tulangnya, bikin menangis sedih....gak sebanding sama harganya",Paket Iga Penyet,15 November 2022,2025-07-04 21:43:05
"Penyetan Cok, Kaza Mall",oktaviani,27 Agustus 2015,5.0,Tanggung jwabnya oke banget!! Salut!!!,Paket Cobek A (Ayam) - Sambal Jancok,30 Januari 2022,2025-07-04 21:43:05
"Penyetan Cok, Kaza Mall",A***,21 April 2018,5.0,sambalnya mantab,Sambal Teri - Sambal Loro Ati - Mujaer Fillet - Sambal Bandeng - Tahu Goreng - Ayam Fillet Crispy,22 Januari 2022,2025-07-04 21:43:05
"Penyetan Cok, Kaza Mall",P****,1 Februari 2020,5.0,oke makasih banyak,Paket Cobek A (Ayam) - Paket Sego Sambel Mak Yoyok - Ayam Goreng Komplit,6 November 2021,2025-07-04 21:43:05
"Penyetan Cok, Kaza Mall",F*** W********,7 Juni 2018,1.0,menu tdk sesuai hatga...ga dikasih sambal.sebel,Lele Goreng,26 September 2021,2025-07-04 21:43:05
"Penyetan Cok, Kaza Mall",R**** M*********,7 Mei 2018,4.0,"kalo dikasih sendok lebih mantap, karna ga semua orang punya sendok di tempat kerja",Mujaer Goreng - Nasi Putih,26 Februari 2020,2025-07-04 21:43:05
"Penyetan Cok, Kaza Mall",P******,7 Februari 2019,5.0,masyooooook tok dek 🤣🤣🤣🤣👍,Indomie Geprek,4 Januari 2020,2025-07-04 21:43:05
"Penyetan Cok, Kaza Mall",P******,7 Februari 2019,5.0,"pertahankan kualitasnya ...
semangat ...",Nasi Kotak Lele - Sambel Jancok,1 Januari 2020,2025-07-04 21:43:05
"Penyetan Cok, Kaza Mall",R***,30 November 2019,1.0,Isi tidak lengkap seperti di plaza sby,Sop Buah,29 Desember 2019,2025-07-04 21:43:05
"Penyetan Cok, Kaza Mall",D***** F*******,12 September 2019,1.0,notanya pesen nasi 2 . yg dtg cuma nasi 1 . ganiat jualan,Sambel Teri - Nasi Putih - Usus,23 Desember 2019,2025-07-04 21:43:05
"Penyetan Cok, Kaza Mall",Y****,4 Agustus 2015,3.0,sangat kecil ayamnya,Paket Cobek A,15 Desember 2019,2025-07-04 21:43:05
"Penyetan Cok, Kaza Mall",P******,7 Februari 2019,5.0,man ketatab mantaaaaaaaaab,Paket Cobek D - Sambel Teri,9 Desember 2019,2025-07-04 21:43:05
"Penyetan Cok, Kaza Mall",A****,29 Agustus 2015,1.0,Saya minta ganti es teh dengan air mineral tapi kasir tidak mau. Padahal biasanya saya membeli di TP (tunjungan plaza) tidak ada masalah. Wish u help me with this problem,Paket Cobek A,10 Desember 2019,2025-07-04 21:43:05
"Penyetan Cok, Kaza Mall",K**** A**,23 Maret 2018,5.0,lebih enak disini daripada di delta.,Paket Cobek A,9 Desember 2019,2025-07-04 21:43:05
"Penyetan Cok, Kaza Mall",H************,15 Maret 2016,5.0,enaaaak n fresh,Paket Ayam Geprek - Sambel Teri Ijo,7 Desember 2019,2025-07-04 21:43:05
"Penyetan Cok, Kaza Mall",H************,15 Maret 2016,5.0,enak makanannya fresh,Paket Cobek A,6 Desember 2019,2025-07-04 21:43:05
"Penyetan Cok, Kaza Mall",A***** A**********,23 September 2018,2.0,Saya nambah nasi tapi nasi hanya 1,Paket Cobek D - Nasi Putih,2 Desember 2019,2025-07-04 21:43:05
"Penyetan Cok, Kaza Mall",M******,31 Agustus 2015,5.0,enak rasanya sambel nya mantap,Paket Cobek A,2 Desember 2019,2025-07-04 21:43:05
"Penyetan Cok, Kaza Mall",N*****,17 April 2019,2.0,kecewa gk add sambal'x..,Paket Cobek A,14 November 2019,2025-07-04 21:43:05
"Penyetan Cok, Kaza Mall",D*** N*******,1 Februari 2019,1.0,Tolong dong min buat yg pesen via food agak d percantik digit pakingnya kayak gak sesuai,Bakso Goreng - Mie Indomie Geprek,10 November 2019,2025-07-04 21:43:05
"Penyetan Cok, Kaza Mall",Y****,17 November 2018,5.0,cuma nasi nya kelemesen,N/A,1 April 2019,2025-07-04 21:43:05
"Penyetan Cok, Kaza Mall",N******,11 Oktober 2017,2.0,lalapan sedikit..,N/A,29 Maret 2019,2025-07-04 21:43:05
"Penyetan Cok, Kaza Mall",W****,22 September 2015,5.0,"Sambal terinya , ikan terinya gosong jd agak pahit",N/A,29 Mei 2018,2025-07-04 21:43:05
"Penyetan Cok, Kaza Mall",D** A*** R,22 Agustus 2015,2.0,SAMBEL e nang ndi????,N/A,29 Mei 2018,2025-07-04 21:43:05
"Gepruk Geprek, Gubeng",E***,15 November 2024,3.0,"pesanan tidak sesuai, kedua kalinya seperti ini. Pesan komplit bakar, yg dikirim tidak dibakar tanpa ad konfirmasi. Karena rasa masih ok, bntg 3 ckp. Tolong teliti lagi, agar tidak terjadi kesalahan lagi pada pembeli lainnya, thx.","Es Good Day Freeze - Air Mineral - Indomie (Kemasan Thinwall) - Ayam Geprek Komplit Bakar (Ayam, Kulit, Telor) - Telor Ceplok",25 Juni 2025,2025-07-04 21:43:38
"Gepruk Geprek, Gubeng",A*****,3 April 2016,5.0,Sambelnya kurang banyak jadi krng berasa,Ayam Geprek Topping Indomie - Ayam Geprek Topping Sosis Jumbo,16 Mei 2025,2025-07-04 21:43:38
"Gepruk Geprek, Gubeng",Kiarra,10 Mei 2021,2.0,"pesennya geprek moza + moza lgi
tpii mozanyh cuman 1 , pdahal hargnya luamayan",Ayam Geprek Mozzarella + Es Teh - Mozzarella,11 Mei 2025,2025-07-04 21:43:38
"Gepruk Geprek, Gubeng",R*****,18 Januari 2016,5.0,"makanan favorit anakku
nasinya putih dan enak",Ayam Geprek Original/ Best Seller,30 April 2025,2025-07-04 21:43:38
"Gepruk Geprek, Gubeng",arim,27 Agustus 2024,2.0,"nasinya kurang mateng, mentainya rasanya cuma asin aja",Ayam Geprek Saos Mentai Topping Sosis Jumbo,30 April 2025,2025-07-04 21:43:38
"Gepruk Geprek, Gubeng",laili fauzia,23 November 2019,2.0,"rasanya enak cuma opsi ada pedasnya kok malah cuma dikasih cabe 1 ya, lebih diperhatikan lagi biar pelanggan puas",Kulit Geprek - Teh Tarik,29 April 2025,2025-07-04 21:43:38
"Gepruk Geprek, Gubeng",A****,26 Desember 2018,3.0,udah request pedes banget malah dikasih yg gaada cabenya sama sekali😭mungkin crewnya laper yah jadi gafokus,Ayam Geprek Mozarella,20 Maret 2025,2025-07-04 21:43:38
"Gepruk Geprek, Gubeng",Caroline Sumali,18 November 2015,5.0,"uenak puoll, nasi anget, ayam anget 
request pedesnya duikittt banget, sesuai harapan
thanks",Ayam Geprek Telor Asin - Ayam Geprek Original/ Best Seller - ayam geprek mozzarella + nasi nugget geprek (isi 5),2 Februari 2025,2025-07-04 21:43:38
"Gepruk Geprek, Gubeng",gatot kusnanto,27 Mei 2024,5.0,makanannya enak sesuai dengan selera juga drivernya sangat cepat dan ramah,Ayam Geprek  Original Extra Ayam - Ayam Geprek  Original Extra Ayam,30 Januari 2025,2025-07-04 21:43:38
"Gepruk Geprek, Gubeng",A**** T**** W******,17 Agustus 2015,1.0,Lamaaaa banget sejam lebih nunggunya. pesen dari jam 21.00 tapi jam 22.55 baru sampe. siapa yg mau makan jam segini? mubazir jadinya kan. ga ada kompensasi nih gofood?,Indomie Geprek,10 Desember 2024,2025-07-04 21:43:38
"Gepruk Geprek, Gubeng",Ida Fitriani,16 Februari 2019,3.0,Pesen yg geprek bakar datang yg geprek biasa,Ayam Geprek Bakar Komplit,27 November 2024,2025-07-04 21:43:38
"Gepruk Geprek, Gubeng",G**,23 September 2024,1.0,di cancel tanpa alasan yang jelas,Ayam Geprek Original/ Best Seller,24 November 2024,2025-07-04 21:43:38
"Gepruk Geprek, Gubeng",S***,29 Februari 2016,5.0,andalan kalo lagi bokek + bingung,Ayam Geprek Original/ Best Seller,31 Oktober 2024,2025-07-04 21:43:38
"Gepruk Geprek, Gubeng",jihan citra syahbana putri,28 Agustus 2017,3.0,"lebih suka d toum*n
harga sama...
tpi oke lah kasih timun lbh baik",Air Mineral - Ayam Geprek Original Bakar,13 November 2024,2025-07-04 21:43:38
"Gepruk Geprek, Gubeng",N****,5 April 2021,5.0,sangat sangat recommended saya tau gepruk geprek dari istri saya dan langsung order dua hari berturut turut karena banyak menu yang di rekomendasikan. rasanya sangat enak dan nasi dan ayamnya selalu hangat saus mentai dan telor asin juga tidak eneg pokoknya sangat rekomended dibeli berkali kali,Ayam Geprek Telor Asin - Ayam Geprek Saos Mentai,27 Oktober 2024,2025-07-04 21:43:38
"Gepruk Geprek, Gubeng",M**** A*****,23 Juni 2017,4.0,ayamnya bener2 dikit,Ayam Geprek Mozarella - Teh Pucuk,23 Oktober 2024,2025-07-04 21:43:38
"Gepruk Geprek, Gubeng",Nur Annisa,26 Desember 2023,1.0,pesan nasi nugget. sambalnya basi jadi gabisa di makan. tolong diperhatikan lagi. saya keluar uang jadinya sia sia karna gabisa makan.,Nugget Geprek,16 Oktober 2024,2025-07-04 21:43:38
"Gepruk Geprek, Gubeng",badjol,4 Januari 2016,1.0,makin dikit aja ya lauknya. makin ga jelas. terakhir lah beli di sini. dah langganan padahal.,Ayam Geprek Bakar Komplit - Sosis Jumbo - Pentol (5 biji),8 Oktober 2024,2025-07-04 21:43:38
"Gepruk Geprek, Gubeng",sahel,3 Maret 2018,4.0,selalu gaada nota kalau beli,Ayam Geprek  Original Extra Ayam - Ayam Geprek Original Cajun Mayo,4 Oktober 2024,2025-07-04 21:43:38
"Gepruk Geprek, Gubeng",A***,3 Januari 2022,4.0,"mozzarellanyaa dikit banget kata aku kurang, selebihnya enak si rasanya",Ayam Geprek Mozarella,24 September 2024,2025-07-04 21:43:38
"Gepruk Geprek, Gubeng",N***,11 November 2016,4.0,"Kresek bolong, minuman tumpah. Karena beban dua gelas minuman yang mungkin cukup berat, kantung yang tipis tidak bisa menahan dengan cukup baik. Tolong lain kali hal kecil seperti ini lebih diperhatikan. Terima kasih.",Indomie Geprek - Teh Tarik - Es Teh,14 Agustus 2024,2025-07-04 21:43:38
"Gepruk Geprek, Gubeng",E***,20 September 2017,3.0,"minta alat makan tetapi tidak diberi, porsi ayam nya tidak seperti biasanya, yg sekarang terlalu sedikit.",Ayam Geprek Saos Mentai Topping Sosis Jumbo - Es Teh,11 Agustus 2024,2025-07-04 21:43:38
"Gepruk Geprek, Gubeng",W****,13 September 2017,5.0,Trims banget say....uenak...,Ayam Geprek Komplit,11 Juli 2024,2025-07-04 21:43:38
"Gepruk Geprek, Gubeng",C*******,22 Agustus 2015,4.0,mesen pentol telor asin malah dikasihnya ayam telor asin........ padahal udah terlanjur bayangin pentolnya..........,Nasi Pentol Telor Asin - Ayam Geprek Original Bakar,19 Juni 2024,2025-07-04 21:43:38
"Gepruk Geprek, Gubeng",R*********,8 Oktober 2015,4.0,"isi nya tambah berkurang, saran saja lbh baik kasih kabel tis/segel Biar lbh aman",Kulit Geprek,11 Juni 2024,2025-07-04 21:43:38
"Gepruk Geprek, Gubeng",A*******,1 Desember 2015,2.0,level 2 tapi rasa level 5,Ayam Geprek Mozarella + Ayam Geprek Cajun + Gratis 1 Bear Brand,7 Juni 2024,2025-07-04 21:43:38
"Gepruk Geprek, Gubeng",R***,29 Agustus 2022,5.0,enak banget! nasi nya pulen enak tapi porsi ayam nya banyakin dong biar sesuai sama porsi nasinya hehe,Ayam Geprek Original/ Best Seller,3 Juni 2024,2025-07-04 21:43:38
"Gepruk Geprek, Gubeng",M***** D*** H******,1 Februari 2022,5.0,Repeat order yg kesekian kali,Ayam Geprek Bakar + Ayam Geprek Original + Ayam Geprek Mentai + Gratis 2 Bear Brand - Ayam Geprek Original/ Best Seller,13 Mei 2024,2025-07-04 21:43:38
"Gepruk Geprek, Gubeng",neris,30 Oktober 2023,4.0,"rasa nya agak beda ya sama yg taman apsari, nasi nya juga lebih anget yg taman apsari. ini nasi nya kayak ud d diemin bbrapa jam.",Ayam Geprek Original/ Best Seller,9 Mei 2024,2025-07-04 21:43:38
"Gepruk Geprek, Gubeng",Deasy,28 Agustus 2015,5.0,enak bangettt nasinya jg pulen empuk. pedesnya nampol trus amanah. buat anak2 pesen yg geprek level 0 beneran gak pedes sama sekali. biasanya banyak tuh yg gepreknya di cobek bekas sambel jd masih kerasa pedesnya buat anak2. Yg ini amaan anak2 makannya lahap Alhamdulillah. barakallahu fiik seller,Ayam Geprek Komplit - Ayam Geprek  Original Extra Ayam,6 April 2024,2025-07-04 21:43:38
"Gepruk Geprek, Gubeng",W****,13 September 2017,5.0,terimakasih. rasanya enak. apalagi dengan porsi yan pas di perut. sekali lagi terimakasih.,Kulit Geprek,20 Maret 2024,2025-07-04 21:43:38
"Gepruk Geprek, Gubeng",V*******,13 Januari 2022,5.0,"sayang bangett ga lemot murah lagi dan porsinya cukup si menurut aku, cm buat yang porsi makannya banyak kayanya ini kurang. love banget solusi tiap bingung mau makan apa nyari yg deket dan murce",Ayam Geprek Original/ Best Seller,14 November 2023,2025-07-04 21:43:38
"Gepruk Geprek, Gubeng",S****,15 Januari 2017,5.0,geprek gepruk emang nggak pernah salah 😁,Telor - Teh Tarik - Es Teh - Kulit Geprek - Ayam Geprek Komplit,10 November 2023,2025-07-04 21:43:38
"Gepruk Geprek, Gubeng",Y****,18 Desember 2016,3.0,Pesanan salah. Yang datang Nggak di bakar ini :((,Ayam Geprek Bakar Komplit,1 November 2023,2025-07-04 21:43:38
"Gepruk Geprek, Gubeng",Maria kryptonia,26 April 2020,5.0,yang kulit ayam nya itu bau amis bangett seperti gak di kasik bumbu .,Ayam Geprek Telor Asin - Kulit Geprek,1 November 2023,2025-07-04 21:43:38
"Gepruk Geprek, Gubeng",Arum,23 Oktober 2016,5.0,"Enaaak smuaa, kl sambel ijo sambalnya kurang banyaaaaaaak, selebihnya enaaaaak smuaaa",Ayam Geprek Mozarella - Ayam Geprek Telor Asin - Ayam Geprek  Original Extra Ayam - Ayam Geprek Cabe Ijo Topping Indomie Goreng,18 Oktober 2023,2025-07-04 21:43:38
"Gepruk Geprek, Gubeng",A***,23 Oktober 2016,5.0,"Enaaak, porsi agak banyaaaaakin yaaaaaa",Ayam Geprek Telor Asin - Ayam Geprek  Original Extra Ayam - Ayam Geprek Mozarella,15 Oktober 2023,2025-07-04 21:43:38
"Gepruk Geprek, Gubeng",Yono P,19 Desember 2022,1.0,gk bisa cancel... aplikasi apa ini,Ayam Geprek Telor Asin - Ayam Geprek Bakar Komplit,10 Oktober 2023,2025-07-04 21:43:38
"Gepruk Geprek, Gubeng",T***,23 Februari 2022,5.0,menu fav gueee: geprek bakar komplit! isinya beneran komplit dan banyak bikin kenyang yum yum yum 🤤,Ayam Geprek Bakar Komplit - Gooday Freeze,5 Oktober 2023,2025-07-04 21:43:38
"Gepruk Geprek, Gubeng",niswa aulia,23 November 2018,5.0,"porsii mantap, rasa enak👍👍",Ayam Geprek Telor Asin - Es Nutrisari,3 Oktober 2023,2025-07-04 21:43:38
"Gepruk Geprek, Gubeng",A****** M********* F*****,18 Agustus 2018,1.0,"pesen yang bakar malah dikirim yg ori, mana hambar lagi ayam + telurnya -_-",Ayam Geprek Bakar Komplit,28 September 2023,2025-07-04 21:43:38
"Gepruk Geprek, Gubeng",Rahma,28 Juli 2018,5.0,"enak banget, bumbunya terasa, murah. dan bisa kenyang",Ayam Geprek Komplit - Ayam Geprek Bakar Komplit,20 September 2023,2025-07-04 21:43:38
"Gepruk Geprek, Gubeng",N******,10 Juli 2019,5.0,"mesen 10mnt sebelum tutup tpi makanannya tetep fresh!! (sangat terharu) nasi nya hangat, ayam nya enak poll, saosnya juga!! worth it! definitely would recommend! pelayanan excellence bgt!!",Ayam Geprek Saos Mentai,6 September 2023,2025-07-04 21:43:38
"Gepruk Geprek, Gubeng",T***,23 Februari 2022,5.0,enak betulll favorite guweh 👍,Ayam Geprek Bakar Komplit - Pentol (5 biji),4 September 2023,2025-07-04 21:43:38
"Gepruk Geprek, Gubeng",isnasandria,29 Juli 2015,4.0,Porsi makin lama makin dikit yaa. Tapi rasa tetap enak.,Ayam Geprek Original/ Best Seller - Ayam Geprek Telor Asin,5 Agustus 2023,2025-07-04 21:43:38
"Gepruk Geprek, Gubeng",Intan Nuraini,21 Juni 2022,5.0,sesuai pesanan dan enak,Ayam Geprek Bakar Komplit - Air Mineral,23 Juli 2023,2025-07-04 21:43:38
"Gepruk Geprek, Gubeng",Isna Mahmudah,8 Agustus 2015,5.0,"praktis buat yang mager makan, enak bisa disendokin semua",Air Mineral - Es Milo - Indomie Geprek,21 Juli 2023,2025-07-04 21:43:38
"Gepruk Geprek, Gubeng",T***,4 September 2015,4.0,dulu sering pesan menu ini tapi paska pandemi jarang pesan. hari ini excited mau pesan lg & ada promo dari gojek. rasa tetap enak seperti dulu 👍🏼 tapi porsi lauk (kulit goreng) berkurang.,Ayam Geprek Bakar Komplit,19 Juli 2023,2025-07-04 21:43:38
"Gepruk Geprek, Gubeng",A****** R******* N******,5 Oktober 2019,4.0,ayamnya kurang bnyk,Ayam Geprek Original/ Best Seller,15 Juli 2023,2025-07-04 21:43:38
"Gepruk Geprek, Gubeng",Dewi Sintawati,10 Oktober 2019,3.0,nasi keras dan kering,Ayam Geprek Topping Sosis Jumbo,25 Juni 2023,2025-07-04 21:43:38
"Gepruk Geprek, Gubeng",Roziequl Habieb Al-Farissi,10 Juli 2018,1.0,kulit ayam masih ada bulu ayam e panjang... moso gak di liat apa di bersihin waktu mw nepungi..  pdhl aq uda langganan sering dsni.. dan suka ayam gepreknya,Ayam Geprek Komplit - Es Nutrisari,25 Juni 2023,2025-07-04 21:43:38
"Gepruk Geprek, Gubeng",Muhammad affarel daffa farezy,24 Desember 2022,4.0,"Menurut ku enak, tapi porsi ayam geprek nya sedikit ketimbang nasi nya, tapi ya gpp lah yg penting enak",Ayam Geprek Mozarella - Es Milo,11 Juni 2023,2025-07-04 21:43:38
"Gepruk Geprek, Gubeng",A** A*** D******,17 Februari 2018,5.0,ntaps bangetttttt,Ayam Geprek Mix Bakso,28 Mei 2023,2025-07-04 21:43:38
"Gepruk Geprek, Gubeng",Arin,28 Desember 2017,5.0,ayam geprek telor asinnya enak banget!,Ayam Geprek Telor Asin - Gooday Freeze,23 Mei 2023,2025-07-04 21:43:38
"Gepruk Geprek, Gubeng",F**** A****,1 Agustus 2019,4.0,"rasa sambelnya kurang sih, kayak cabe doang. setau aku sambel geprek itu sambel bawang, ini gaada rasa bawangnya",Indomie Geprek - Ayam Geprek Original/ Best Seller,10 Mei 2023,2025-07-04 21:43:38
"Gepruk Geprek, Gubeng",D*** S******,26 Juli 2015,5.0,Mungkin kalo sambel nya di banyakin tambah enak …,Ayam Geprek Original/ Best Seller - Ayam Geprek  Original Extra Ayam - Paket Komplit Kulit Pentol Sambal Bom Atom,6 Mei 2023,2025-07-04 21:43:38
"Gepruk Geprek, Gubeng",J*** P****,24 Desember 2020,4.0,"Nasinya banyakkk, enakkk , recommended",Ayam Geprek Telor Asin,27 April 2023,2025-07-04 21:43:38
"Gepruk Geprek, Gubeng",A***,4 Juni 2022,5.0,Rasanya enak porsi sedikit kecil tapi pas,Teh Pucuk - Ayam Geprek Mozarella,28 Maret 2023,2025-07-04 21:43:38
"Gepruk Geprek, Gubeng",sirojusururi,2 Maret 2022,5.0,mantap enak nikmat,Kulit Geprek - Ayam Geprek Original/ Best Seller,22 Maret 2023,2025-07-04 21:43:38
"Gepruk Geprek, Gubeng",D*** R******,26 Desember 2021,5.0,lebih enak lagi kalau ditambah mentimun ☺️,Ayam Geprek Original Extra Ayam + Air Mineral,19 Maret 2023,2025-07-04 21:43:38
"Gepruk Geprek, Gubeng",theresia,2 Oktober 2022,5.0,porsi nya kurang banyak nich,Ayam Geprek Mozarella - Ayam Geprek Original/ Best Seller - Pentol (5 biji),15 Maret 2023,2025-07-04 21:43:38
"Gepruk Geprek, Gubeng",K**** S****,30 Maret 2017,3.0,"biasanya enak, tapi kali ini ayamnya gak mateng🥲 padahal pesen 6 pcs",Ayam Geprek Original/ Best Seller,12 Maret 2023,2025-07-04 21:43:38
"Gepruk Geprek, Gubeng",Sugeng,7 April 2018,5.0,mantap markotop,Ayam Geprek Telor Asin,13 Maret 2023,2025-07-04 21:43:38
"Gepruk Geprek, Gubeng",D*** R******,26 Desember 2021,4.0,"rasanya kurang pedas sedikit dan untuk varian telur asin, masih lebih dominan rasa sausnya, mungkin lebih enak kalo diimbangi sama ayamnya yang gurih. over all enak",Ayam Geprek Telor Asin - Teh Pucuk,12 Maret 2023,2025-07-04 21:43:38
"Gepruk Geprek, Gubeng",N**** A*****,29 Juli 2019,5.0,Enak bosqqq beneran apalagi yg suka asin,Ayam Geprek Mozarella - Ayam Geprek Telor Asin - Es Milo,12 Maret 2023,2025-07-04 21:43:38
"Gepruk Geprek, Gubeng",naven,31 Mei 2022,1.0,PESAN ORI 3 SEDANG 2 DI KASIH ORI 1 SEDANG 4 BAGI ANAK SAYA ITU PEDAAAAAAS SUDAH BRP X KAYAK GINI JADI LAPAAAR ANAK SAYA !!!!!,Ayam Geprek Original/ Best Seller,11 Maret 2023,2025-07-04 21:43:38
"Gepruk Geprek, Gubeng",theresia,2 Oktober 2022,5.0,kash bonus dong ud sering beli,Ayam Geprek Mozarella,24 Februari 2023,2025-07-04 21:43:38
"Gepruk Geprek, Gubeng",Nisa,12 Oktober 2021,5.0,"Enak, sambalnya mantap 👍",Ayam Geprek Original/ Best Seller,14 Februari 2023,2025-07-04 21:43:38
"Gepruk Geprek, Gubeng",F**** A****,9 September 2019,5.0,suka pesan disini karena request dari saya selalu sesuai dan di sini nggk ada tambahan uang parkir,Ayam Geprek Mozarella - Teh Tarik,14 Februari 2023,2025-07-04 21:43:38
"Gepruk Geprek, Gubeng",theresia,2 Oktober 2022,5.0,porsi nya kurang banyak..heheheh,Teh Pucuk - Ayam Geprek Bakar Komplit,12 Februari 2023,2025-07-04 21:43:38
"Gepruk Geprek, Gubeng",Salma,11 November 2016,5.0,"enak rasanya, seperti biasa! tapi lain kali mungkin gak usah terburu-buru gapapa, biar bumbu mie indomie nya merata",Indomie Geprek - Teh Tarik,4 Februari 2023,2025-07-04 21:43:38
"Gepruk Geprek, Gubeng",Ochi,13 Juni 2018,1.0,"beli 4 cuma dikirim 3 hehe, waktu istirahat makan siang pula heheh",Ayam Geprek Original/ Best Seller - Ayam Geprek Original/ Best Seller - Ayam Geprek  Original Extra Ayam,4 Februari 2023,2025-07-04 21:43:39
"Gepruk Geprek, Gubeng",amalia,28 November 2018,2.0,aku pesen moza jadi telor asin huhu😭,Ayam Geprek Mozarella,26 Januari 2023,2025-07-04 21:43:39
"Gepruk Geprek, Gubeng",Citra Cahyaningrat,15 Juni 2017,5.0,"aaaaa suka bangeet, makanan jaman kuliah :"") trus kerja merantau 3 tahun di kalimantan, akhirnya bisa makan ini lagii :"") suka bangeet pokoknyaa enak",Ayam Geprek Telor Asin,10 Januari 2023,2025-07-04 21:43:39
"Gepruk Geprek, Gubeng",L**** K********,7 Desember 2018,2.0,"Untuk hari jumat tgl 6 jan, kok nasinya rasanya gini ya? Ini beras abad berapa kok dimasak? Mohon maaf saya bayar tapi dapatnya ngga sesuai harga, untuk harga segini harusnya udah bisa untung ngga sih?🙏 mohon ditingkatkan lagi, untung pesan yg toping indomie, kalau nasi aja gmn coba mau ngga makan emang?",Es Milo - Indomie Geprek - Telor Asin Utuh,6 Januari 2023,2025-07-04 21:43:39
"Gepruk Geprek, Gubeng",N****** Z** A***** N** H******,20 September 2017,3.0,ada semut di mie gorengnya,Indomie Geprek - Kulit Geprek,2 Januari 2023,2025-07-04 21:43:39
"Gepruk Geprek, Gubeng",Heny susanti,4 Juli 2019,5.0,"mantap enak ayamnya ,cma yg siram telor mozarelanya ayamnya lbih sedikit porsinya ,tp mantul deh rasanya",Ayam Geprek Mozarella - Ayam Geprek  Original Extra Ayam,1 Januari 2023,2025-07-04 21:43:39
"Gepruk Geprek, Gubeng",Muhammad Ryan Zulfik,1 Mei 2021,5.0,"enak bgt nangis, semoga ada varian sambal matah nextnya",Ayam Geprek Telor Asin,29 Desember 2022,2025-07-04 21:43:39
"Gepruk Geprek, Gubeng",misnawar,3 Juni 2016,5.0,"pelayanan cepat, rekomended, terima kasih",Ayam Geprek Original/ Best Seller,28 Desember 2022,2025-07-04 21:43:39
"Gepruk Geprek, Gubeng",Sinta Alfina,29 Maret 2021,4.0,kurang banyak hehe,Saos Mentai - Saos Telor Asin - Ayam Geprek  Original Extra Ayam,22 Desember 2022,2025-07-04 21:43:39
"Gepruk Geprek, Gubeng",F**** A****,9 September 2019,5.0,nasinya masih panas dan enak,Ayam Geprek Mozarella - Teh Tarik,20 Desember 2022,2025-07-04 21:43:39
"Gepruk Geprek, Gubeng",D*** L********,15 Januari 2017,1.0,"Kantong kresek tolong yg trbal bagusan lah, makanan begitu sy terima lgs jebol jatuh d trotoar, otomatis sy ga bisa makan lah",Ayam Geprek Telor Asin,16 Desember 2022,2025-07-04 21:43:39
"Gepruk Geprek, Gubeng",N****** N*****,31 Maret 2019,5.0,"ENAK BANGET! tapi sayang porsi ayamnya kurang :"")",Ayam Geprek Original/ Best Seller,11 Desember 2022,2025-07-04 21:43:39
"Gepruk Geprek, Gubeng",skyyie,5 Desember 2021,5.0,KEREN WENAK PLUS MURAH POLL,Teh Pucuk - Ayam Geprek Original/ Best Seller - Indomie Geprek,7 Desember 2022,2025-07-04 21:43:39
"Gepruk Geprek, Gubeng",Angkin,15 September 2018,3.0,gak bisa request gak pedes.,Ayam Geprek Original/ Best Seller,3 Desember 2022,2025-07-04 21:43:39
"Gepruk Geprek, Gubeng",Marfuah,29 Maret 2017,5.0,"terima kasih, semoga lancar selalu",Ayam Geprek Mozarella - Ayam Geprek Saos Mentai,1 Desember 2022,2025-07-04 21:43:39
"Gepruk Geprek, Gubeng",Lukas,29 Desember 2016,1.0,pesan makan 5 dan minum 5 yang dikirim hanya makanannya saja!,Ayam Geprek Original/ Best Seller - Teh Pucuk,27 November 2022,2025-07-04 21:43:39
"Gepruk Geprek, Gubeng",panji brama,7 April 2016,3.0,pesan geprek telur asin yang sampe malah geprek original... kalo udah malam suka ga fokus memang,Ayam Geprek Telor Asin,19 November 2022,2025-07-04 21:43:39
"Gepruk Geprek, Gubeng",M*** C********,23 Mei 2022,4.0,"nasinya tolong lebih matang, kurang matang sedikit",Ayam Geprek Komplit,18 November 2022,2025-07-04 21:43:39
"Gepruk Geprek, Gubeng",N*****,26 Desember 2020,3.0,rasa kureng dan ayamnya dikit,Ayam Geprek Mozarella - Sosis Jumbo,16 November 2022,2025-07-04 21:43:39
"Gepruk Geprek, Gubeng",FADHIL STORE,19 September 2021,4.0,mantap sekali lah,Ayam Geprek Telor Asin,12 November 2022,2025-07-04 21:43:39
"Gepruk Geprek, Gubeng",Queen Arisa,2 Januari 2017,4.0,"enak, cuma ayamnya dikit. trs tumben juga dapet nasi yang terlalu lembek",Ayam Geprek Komplit - Moza,11 November 2022,2025-07-04 21:43:39
"Gepruk Geprek, Gubeng",K****** N*********,20 Oktober 2015,4.0,"Beberapa kali pesan, seringkali salah pesenan tidak sesuai. Sangat disayangkan karena masakannya enak tapi pelayanannya perlu ditingkatkan",Ayam Geprek Komplit - Ayam Geprek Mozarella - Moza - Air Mineral,8 November 2022,2025-07-04 21:43:39
"Gepruk Geprek, Gubeng",ervina anindya,4 Oktober 2016,3.0,pesennya ayam geprek BAKAR komplit.. datangnya ayam geprek komplit 😢,Ayam Geprek Bakar Komplit - Ayam Geprek Original/ Best Seller,6 November 2022,2025-07-04 21:43:39
"Gepruk Geprek, Gubeng",mutiara,14 April 2021,5.0,enak biyanget gas beli,Ayam Geprek Original/ Best Seller - Kulit Geprek,4 November 2022,2025-07-04 21:43:39
"Gepruk Geprek, Gubeng",D*** S*********,25 September 2016,3.0,mohon nasinya bs disesuaikan dan laukny juga,Ayam Geprek Original/ Best Seller,24 Oktober 2022,2025-07-04 21:43:39
"Gepruk Geprek, Gubeng",W*****,19 Desember 2016,1.0,porsi ayam sedikit gak kayak difotonya. Rasanya sih biasa aja,Ayam Geprek Original/ Best Seller,28 Oktober 2022,2025-07-04 21:43:39
"Gepruk Geprek, Gubeng",Sela.aa,5 Maret 2019,3.0,"rasanya asin bgt ayam e padahal itu seng ga ada keju yg di makan. pebh kasinan tenan masak e iki,  tp nasi nya enak pulen putih endulll",Ayam Geprek Mozarella,26 Oktober 2022,2025-07-04 21:43:39
"Gepruk Geprek, Gubeng",erlang filberth,29 Desember 2018,1.0,pesen ayam geprek tapi gaada sambelnya,Ayam Geprek  Original Extra Ayam,27 Oktober 2022,2025-07-04 21:43:39
"Gepruk Geprek, Gubeng",dendro,30 Juni 2017,4.0,Ga bsa baca note,Indomie Geprek - Ayam Geprek Original Bakar - Es Susu Coklat,22 Oktober 2022,2025-07-04 21:43:39
"Gepruk Geprek, Gubeng",Dedy Meidianto,27 April 2020,5.0,enak cuman kurang banyak nasinya bos,Ayam Geprek Telor Asin,19 Oktober 2022,2025-07-04 21:43:39
"Gepruk Geprek, Gubeng",dendro,30 Juni 2017,4.0,"Nasi seperti lontong, mie masih dikasih saos nya mie 👍",Indomie Geprek - Es Susu Coklat - Ayam Geprek Original Bakar,18 Oktober 2022,2025-07-04 21:43:39
"Gepruk Geprek, Gubeng",K********** J**** A*****,13 Oktober 2017,3.0,"pesenya geprek telur asin, tapi datengnya geprek biasa",Ayam Geprek Telor Asin - Kulit Geprek,15 Oktober 2022,2025-07-04 21:43:39
"Gepruk Geprek, Gubeng",H******,13 Agustus 2016,4.0,Tadi minta yg pedas tapi masij kurang pedas,Ayam Geprek Mentai + Ayam Geprek Mozarella,11 Oktober 2022,2025-07-04 21:43:39
"Gepruk Geprek, Gubeng",Nabila Salvaningtyas,23 Desember 2018,5.0,suka banget lumayan untuk porsinya,Paket Sendiri1,3 Oktober 2022,2025-07-04 21:43:39
"Gepruk Geprek, Gubeng",eka susanti,28 Maret 2019,1.0,"Katanya yg level pedes biasa cabenya 5 an 
Tp ini yg ada g ada pedesnya sama sekali paling cuman di kasih setengah cabe aja
Nah yg level pedes sekali cabenya paling cuman 2 aja.kita kayak ditipu city belinya
Mentang2 online kita g bisa lihat langsung proses masaknya.
Lain kali sy tidak mau pesen lagi di resto ini.
Terima kasih",Ayam Geprek Original/ Best Seller,5 Oktober 2022,2025-07-04 21:43:39
"Gepruk Geprek, Gubeng",M***** W****,26 Maret 2019,5.0,"baru pertama nyobain yang mentai enakk bgtt cuman sausnya dikit + porsi ayamnya dikit , padahal udah top bgt rasanyaa",Ayam Geprek  Original Extra Ayam - Ayam Geprek Saos Mentai - Thai Tea,24 September 2022,2025-07-04 21:43:39
"Gepruk Geprek, Gubeng",arum olivia,2 April 2021,5.0,"bapaknya sabar banget, dan baik banget.. pengirimannya juga cepat",Ayam Geprek Original/ Best Seller,20 September 2022,2025-07-04 21:43:39
"Gepruk Geprek, Gubeng",G********* L*****,14 Mei 2017,5.0,selalu enak + banyak promonyaa☺,Ayam Geprek Bakar Komplit - Ayam Geprek Mozarella - Kulit Geprek,20 September 2022,2025-07-04 21:43:39
"Gepruk Geprek, Gubeng",Mega Permata,4 September 2020,1.0,Pesan komplit tidak di kasih telur,Ayam Geprek Komplit,15 September 2022,2025-07-04 21:43:39
"Gepruk Geprek, Gubeng",Haryadi Nasution,19 November 2019,5.0,mesen yg normal kok pedes banget,Ayam Geprek Original/ Best Seller,10 September 2022,2025-07-04 21:43:39
"Gepruk Geprek, Gubeng",N*** F*****,1 September 2021,4.0,saran mienya harusnya diaduk dulu sama bumbunya biar merata ga ada mie yang putih jadinya,Indomie Geprek,2 September 2022,2025-07-04 21:43:39
"Gepruk Geprek, Gubeng",C****** A***,24 Maret 2019,4.0,"kurang pedaa kak, hehehe",Ayam Geprek Bakar Komplit - Ayam Geprek Telor Asin - Ayam Geprek Telor Asin,1 September 2022,2025-07-04 21:43:39
"Gepruk Geprek, Gubeng",Y******* S****** A****,9 November 2019,5.0,harganya murah jd porsinya jg dikit sesuai sm harganya,Ayam Geprek Original/ Best Seller,29 Agustus 2022,2025-07-04 21:43:39
"Gepruk Geprek, Gubeng",fahmi fahrizal,13 Desember 2016,5.0,selalu dibanyakin porsi nasinya 😁,Ayam Geprek Original/ Best Seller,26 Agustus 2022,2025-07-04 21:43:39
"Gepruk Geprek, Gubeng",Febrianti Nur afifah,3 Juni 2022,2.0,sambalnya kurang,Ayam Geprek Original/ Best Seller,28 Agustus 2022,2025-07-04 21:43:39
"Gepruk Geprek, Gubeng",H**** Z*****,2 Oktober 2015,5.0,enak murah pas buat anak kos!,Thai Tea - Ayam Geprek Original/ Best Seller,23 Agustus 2022,2025-07-04 21:43:39
"Gepruk Geprek, Gubeng",N***** P**********,7 Juni 2019,5.0,Enak bgttttt bgtttt,Paket Sendiri1 - Ayam Geprek Telor Asin - Kulit Geprek,20 Agustus 2022,2025-07-04 21:43:39
"Gepruk Geprek, Gubeng",anisa uripti,27 November 2021,4.0,porsinya banyak ayam dll juga enak,Ayam Geprek Komplit,13 Agustus 2022,2025-07-04 21:43:39
"Gepruk Geprek, Gubeng",N*,1 April 2020,2.0,"masih ada cangkang telurnya, Nasinya juga keras 👎👎👎",Ayam Geprek Komplit - Ayam Geprek Komplit,3 Agustus 2022,2025-07-04 21:43:39
"369 Shanghai, Manyar Kertoarjo",fang,28 Agustus 2020,3.0,gd acar dan sambal nya,Sapo Tahu,21 November 2024,2025-07-04 21:44:03
"369 Shanghai, Manyar Kertoarjo",L***,6 Januari 2017,4.0,porsinya kurang hehehe,Mie Casiu Pork - Song Mi - Nasi Goreng 369 (Pork),3 Juli 2023,2025-07-04 21:44:03
"369 Shanghai, Manyar Kertoarjo",juanita,4 Agustus 2015,5.0,terima kasih pak,Mie Ayam,30 Juni 2023,2025-07-04 21:44:03
"369 Shanghai, Manyar Kertoarjo",livia sie,8 Januari 2019,1.0,Taste very very bad. So disappointment!!,Nasi Goreng Merah - Nasi Goreng Seafood - Mie Ayam,11 Juni 2023,2025-07-04 21:44:03
"369 Shanghai, Manyar Kertoarjo",O*****,29 Mei 2015,3.0,Rasa ayam hitamnya kok asem kecut bgt,Tim Obat Ayam Hitam - Nasi Putih,18 April 2023,2025-07-04 21:44:03
"369 Shanghai, Manyar Kertoarjo",P***** P****,17 Maret 2016,2.0,"Hambar, dagingnya ga fresh. Harga dan kualitas rasa ga sesuai.",Telur Masak Ham - Sup Shanghai - Kou Rou / Pork Belly,20 Februari 2023,2025-07-04 21:44:03
"369 Shanghai, Manyar Kertoarjo",Sianita,15 Februari 2017,5.0,Kalau mau beli mie atau nasi goreng babi yg enak ya pastinya di sini dong ….369,Nasi Goreng Chasiu - Cah Aneka Sayur - Ronde Kacang Tanah - Nasi Goreng Seafood,11 Februari 2023,2025-07-04 21:44:03
"369 Shanghai, Manyar Kertoarjo",Felix Tanjung,3 Maret 2017,1.0,"Order xiao long bao makanannya tidak matang, soup shanghainya ngga ada rasa. Dan nasinya keras",Tim Obat Ayam Kampung - Xiao Long Bao 'Pork' - Nasi Putih,23 Desember 2022,2025-07-04 21:44:03
"369 Shanghai, Manyar Kertoarjo",tres,4 Agustus 2017,5.0,I enjoyed every bite of it,Ronde Kacang Tanah,28 Desember 2022,2025-07-04 21:44:03
"369 Shanghai, Manyar Kertoarjo",Dr. Yudi Wibowo SH.MH.,17 April 2018,3.0,babatnya hitam keras tidak bisa dimak,Babat Hitam,28 Oktober 2022,2025-07-04 21:44:03
"369 Shanghai, Manyar Kertoarjo",anggi,27 Oktober 2017,5.0,segar..  bersih.rasa juga oke,Sup Shanghai,4 Oktober 2022,2025-07-04 21:44:03
"369 Shanghai, Manyar Kertoarjo",E*****,27 Juli 2015,2.0,Kaki babi keras dan tidak ada sauce’ny. Nasi juga keras.,Nasi Cap Jay - Kaki Babi,13 September 2022,2025-07-04 21:44:03
"369 Shanghai, Manyar Kertoarjo",Rifai Widjojo,24 September 2015,3.0,"Orderan kali ini mengecewakan karena semua rasa makanannya hambar tidak terasa apa², mungkin chef nya lagi bad mood kali kok rasa asin/ manis & sedap²nya tidak ada sama sekali",Siomay Babi Rebus/ Goreng - Nasi Goreng 369 (Pork) - Mie Baikut Goreng - Cah Aneka Sayur,5 Juli 2022,2025-07-04 21:44:03
"369 Shanghai, Manyar Kertoarjo",L**** S**,8 Januari 2019,1.0,"Rasa tawar tidak enak, tidak seperti biasanya",Nasi Goreng Seafood - Bihun Gr 369 Pork/ Ck - Siomay Ayam Rebus / Goreng,11 Juni 2022,2025-07-04 21:44:03
"369 Shanghai, Manyar Kertoarjo",Rifai Widjojo,24 September 2015,5.0,"ronde & baikut gorengnya juara, still one of sby best chinese resto to go to, consistent taste everytime. Untuk preparation time nya mungkin bisa lebih dipercepat lagi. sehat & sukses selalu",Ronde Kacang Tanah - Siomay Babi Rebus/ Goreng - Sandwich Tiongkok,8 Juni 2022,2025-07-04 21:44:03
"369 Shanghai, Manyar Kertoarjo",Rifai Widjojo,24 September 2015,5.0,"Rasa masakan dari 25 thn yg lalu sampe skrg tdk pernah berubah, terima kasih telah selalu menjaga kualitas & rasa selama ini, semoga kedepannya bisa tetap terjaga rasa & kualitas masakannya, sukses selalu",Bakmi Karet Babi Special - Nasi Goreng 369 (Pork),6 Juni 2022,2025-07-04 21:44:03
"369 Shanghai, Manyar Kertoarjo",Rifai Widjojo,24 September 2015,5.0,"Rasa masakan dari 25 thn yg lalu sampe skrg tdk pernah berubah, terima kasih telah selalu menjaga kualitas & rasa selama ini, semoga kedepannya bisa tetap terjaga rasa & kualitas masakannya, sukses selalu",Guo Tie 'Pork' - Sup Shanghai,6 Juni 2022,2025-07-04 21:44:03
"369 Shanghai, Manyar Kertoarjo",vonny,8 Mei 2016,4.0,"cay aneka sayur kurang rasa, spt masakan rumah tangga biasa.",Sup Shanghai - Cah Aneka Sayur - Baikut Goreng - Telur Masak Ham,29 Mei 2022,2025-07-04 21:44:03
"369 Shanghai, Manyar Kertoarjo",M****,8 Oktober 2016,3.0,"Pesen bakmi ayam, tapi ayam nya sedikit, hanay cukup di makan sendok sdh habis, dan pirsi sambel juga sa encrit, kaga niat beneran",Mie Ayam - Nasi Cap Jay,8 Mei 2022,2025-07-04 21:44:03
"369 Shanghai, Manyar Kertoarjo",M****,8 Oktober 2016,3.0,"Porsi sambel di kasih sa ipret, tdk niat kasih , mending tdk kasih sambel sama sekali",Mie Ayam,3 Mei 2022,2025-07-04 21:44:03
"369 Shanghai, Manyar Kertoarjo",I***,21 Januari 2017,5.0,"pesan pecel, ga ada bumbu pecel dan rempeyek.
mau telpon, tidak ada nomer telpon.",Nasi Goreng 369 (Pork),4 Mei 2022,2025-07-04 21:44:03
"369 Shanghai, Manyar Kertoarjo",ida pranowo,12 Agustus 2016,2.0,"mie nya tawar/ hambar, kuah jg sama",Mie Zhajiang,25 April 2022,2025-07-04 21:44:03
"369 Shanghai, Manyar Kertoarjo",Gudip,17 Maret 2022,1.0,Xiao long bao kecut seperti busuk,Xiao Long Bao 'Pork' - Nasi Goreng Smoke Ham - Chasiu Pork,22 April 2022,2025-07-04 21:44:03
"369 Shanghai, Manyar Kertoarjo",Rifai Widjojo,24 September 2015,5.0,"Still one of the few legendary chinese food in surabaya, their dishes still have the same delicious taste as always 👍👍👍👍",Nasi Cap Jay - Bestdeal rice - Guo Tie 'Pork',21 April 2022,2025-07-04 21:44:04
"369 Shanghai, Manyar Kertoarjo",H**** C******,11 Agustus 2017,2.0,"Tepungnya Keras, Dalamnya Tidak Matang Masih Merah & Basah",Siomay Ayam Rebus / Goreng - Mie Goreng Pork / CK - Nasi Goreng Chasiu,25 Maret 2022,2025-07-04 21:44:04
"369 Shanghai, Manyar Kertoarjo",stevanus steven,30 November 2018,4.0,sop Shanghai nya udah g ada bacon nya.. adapun secuil utk aroma saja.. saran saya tolong tambah kan bacon nya ke dalam sup Shanghai nya harga sedikit mahal tdk masalah yg penting kualitas makanan tetap terjaga,Sup Shanghai,15 Februari 2022,2025-07-04 21:44:04
"369 Shanghai, Manyar Kertoarjo",Henry Gunawan,24 Agustus 2019,4.0,"porsi semakin kecil, harga mahal",Sup Shanghai,30 Januari 2022,2025-07-04 21:44:04
"369 Shanghai, Manyar Kertoarjo",farida,20 Mei 2018,5.0,"tolong minta isi porsi nya ditambahi 
makasih 🙏🙏🙏",Nasi Cap Jay - Lomie - Bihun Gr 369 Pork/ Ck,29 Januari 2022,2025-07-04 21:44:04
"369 Shanghai, Manyar Kertoarjo",N*******,10 Juni 2015,1.0,"I ordered a baikut noodle, what I got is fried flour with noodle. Thanks dude, I can get like 3 portion of chicken noodle with real chicken in other place, but here I only got carbo",Mie Kou Rou - Lomie - Mie Baikut Goreng,15 Januari 2022,2025-07-04 21:44:04
"369 Shanghai, Manyar Kertoarjo",S*****,18 Desember 2018,2.0,"capjai ter aneh ,   jadinya spt bubur kental menggumpal jadi 1 , rasa tdk sedap jadi terpaksa dibumbui lagi sendiri   & tdk recommended sama sekali",Nasi Cap Jay - Mie Goreng Pork / CK - Sup Bakwan,14 November 2021,2025-07-04 21:44:04
"369 Shanghai, Manyar Kertoarjo",D****,18 Juli 2019,1.0,"seharusnya dlm pake Ada air mineral, tp Tdk disertakan dlm pengiriman",Bestdeal rice - Sup Bakwan - Nasi Goreng Merah,29 Oktober 2021,2025-07-04 21:44:04
"369 Shanghai, Manyar Kertoarjo",Y***** D*****,22 Mei 2016,5.0,"Promo yang diberikan 3.6.9 ini sangat mantap. Selain murah, juga pas karena ada perpaduan dengan dumplingnya yang mantap.",Bestdeal Sup - Mie Polos - Mie Ayam,17 Juli 2021,2025-07-04 21:44:04
"369 Shanghai, Manyar Kertoarjo",H***** W********,21 Agustus 2015,5.0,Home pack Mie Ayam nya cucokkkk untuk distok di rumah selama PPKM nih brooo … kualitas mie yang TOP LEVEL … packaging sangat bagus dan bumbu nya yang luar biasa enak nih Guys… jangan lupa distok untuk PPKM nih Guys…. Very Very Recommended 👍👍👍😁👍👍👍,Mie Ayam Home Pack,6 Juni 2021,2025-07-04 21:44:04
"369 Shanghai, Manyar Kertoarjo",S********,31 Oktober 2018,1.0,luama banget pahadal sudah pesen dari tadi pickupnya,Sup Shanghai,9 Mei 2021,2025-07-04 21:44:04
"369 Shanghai, Manyar Kertoarjo",M****,7 November 2016,4.0,kuahnya noodle kedikitan.,Fishball Soup - Boiled Wonton Noodle (Chicken),5 Januari 2021,2025-07-04 21:44:04
"369 Shanghai, Manyar Kertoarjo",J*****,1 Maret 2018,3.0,Tdk ada usus pdhl di order ada usus,Song Mie - 369 Fried Rice Pork - Smoke Ham Fried Rice,30 Desember 2020,2025-07-04 21:44:04
"369 Shanghai, Manyar Kertoarjo",N****,9 Agustus 2016,3.0,"Hambar sop shanghai-nya, bumbu rempah-nya kurang terasa.",Shanghai Soup - Pork Belly Noodle - Plain Noodle - 369 Fried Rice Pork - Peanut Glutinous Ball,25 November 2020,2025-07-04 21:44:04
"369 Shanghai, Manyar Kertoarjo",A****,23 Februari 2019,1.0,sudah dikasih catatan minta extra acar dan sambal kenapa tidak dikasih? masakan pun juga ga enak hari ini. payah 369 mengecewakan,Shanghai Soup - 369 Fried Rice Pork,26 Oktober 2020,2025-07-04 21:44:04
"369 Shanghai, Manyar Kertoarjo",S****,22 Desember 2016,1.0,pesan lomie no telor no micin no tauge...dtgnya lengkap dengan telor dan tauge...henat sekali ya,Pork Belly Sandwich - Lomie - Bestdeal Mie,29 Agustus 2020,2025-07-04 21:44:04
"369 Shanghai, Manyar Kertoarjo",L****** D***,21 Desember 2015,3.0,"I need Halal food, why all of them are out of stock",369 Fried Rice (Chicken) - Chicken Siomay (Steam / Fried),16 Agustus 2020,2025-07-04 21:44:04
"369 Shanghai, Manyar Kertoarjo",W****,8 Desember 2016,1.0,Small expensive,369 Fried Rice (Chicken),15 Agustus 2020,2025-07-04 21:44:04
"369 Shanghai, Manyar Kertoarjo",I**,13 Juli 2016,5.0,Ga dapet sambal,Bestdeal Soup,10 Juli 2020,2025-07-04 21:44:04
"369 Shanghai, Manyar Kertoarjo",M****,8 Oktober 2016,4.0,"Porsi nasi goreng dan nasi capcay sedikit dgn harga nya tdk imbal, juga lauk lain nya, 369 tambah lama tambah mahal",Bacon Scrambled Egg - Sunny Side Up - Sauteed Broccoli - 369 Fried Rice (Chicken) - Cap Cay Rice - 369 Fried Vermicelli Chicken,6 Juli 2020,2025-07-04 21:44:04
"369 Shanghai, Manyar Kertoarjo",L*****,4 Agustus 2015,1.0,ANYEP GK ADA RASA DGN HARGA 60RB GK SEPADAN DENGAN RASA,369 Fried Rice Pork,24 Mei 2020,2025-07-04 21:44:04
"369 Shanghai, Manyar Kertoarjo",V**** S****,12 November 2016,5.0,"All were good except the xiaolongbao. The skin was sooo hard. And the worst part, there were ko jouce inside the xlb !! They weren’t lekaed though, since there was no juice inside d box...this is d first time i order from 369 manyar. Soo disappointed",Tomato Scramble Egg - Sauteed Broccoli - Xiao Long Bao 8 pcs ( Pork ) - Lomie,16 Mei 2020,2025-07-04 21:44:04
"369 Shanghai, Manyar Kertoarjo",G****,30 September 2017,3.0,ayam di dlm sup shanghai nya keras kyk br kluar dr freezer,Bestdeal Soup Shanghai - Bestdeal Nasi Goreng,30 April 2020,2025-07-04 21:44:04
"369 Shanghai, Manyar Kertoarjo",L***,17 Mei 2016,5.0,"Harga gojek tidak real, bikin masalah",Xiao Long Bao 8 pcs ( Pork ) - Guo Tie 8pcs (Pork) - Shanghai Soup - Song Mie - 369 Fried Noodle Chicken - Sauteed Pickle Vegetable,18 April 2020,2025-07-04 21:44:04
"369 Shanghai, Manyar Kertoarjo",L****** D***,21 Desember 2015,1.0,"The restorant give me Pork,I ordered Chicken‼️",369 Fried Rice (Chicken) - Xiao Long Bao 8 pcs ( Chicken ) - Peanut Glutinous Ball - Boiled Wonton Noodle (Chicken),2 April 2020,2025-07-04 21:44:04
"369 Shanghai, Manyar Kertoarjo",D***** A****,18 Agustus 2015,1.0,makanan yg dikirim tidak sesuai order,Plain Noodle - Boiled Wonton Noodle (Pork),19 Maret 2020,2025-07-04 21:44:04
"369 Shanghai, Manyar Kertoarjo",A***** S***** H******,22 Maret 2019,4.0,"some menu unavailable in gofood
 menu",369 Fried Noodle Pork,16 Desember 2019,2025-07-04 21:44:04
"369 Shanghai, Manyar Kertoarjo",V******,9 Mei 2019,4.0,"harganya kurang promo murah, seharusnya adakan diskon agar banyak yg beli .& jd langganan. thx",Shanghai Soup - Guo Tie 8pcs (Chicken),29 Agustus 2019,2025-07-04 21:44:04
"369 Shanghai, Manyar Kertoarjo",G****,30 September 2017,2.0,"ns goreng nya ga ada isi nya
sosis cuma bep bj dan telor jg sedikit padahal sdh minta tanpa daging.  ga seperti biasanya. 
porkbelly sandwich juga tasteless ga ada rasa hambar bgt",N/A,6 Juni 2019,2025-07-04 21:44:04
"369 Shanghai, Manyar Kertoarjo",G****,30 September 2017,2.0,isi daging d dln siao lung pao nya basi,N/A,11 April 2019,2025-07-04 21:44:04
"369 Shanghai, Manyar Kertoarjo",A***,13 Juli 2015,1.0,Nasinga kering dan gosong,N/A,16 Agustus 2018,2025-07-04 21:44:04
"369 Shanghai, Manyar Kertoarjo",M****,2 September 2017,2.0,"kalo pakai gojek...di layani terakhir
lama...sampai harus telp sendiri baru di proses
jadi kalo memang udah mitra dengan gojek ya tolong yg pesanan lewat gojek di atur disisip khan begitu karena yg pesan lewat gojek masih harus menunggu gojek nya perjalanan antar ke rumah.
beda dengan yang makan ditempat, selesai masak langsung dinikmati. pesanan lewat Gojek masih harus menunggu gojeknya perjalanan baru bisa menikmati.",N/A,1 Juli 2018,2025-07-04 21:44:04
"369 Shanghai, Manyar Kertoarjo",E*****,5 November 2015,5.0,tolong diperhatikan kebersihan nya.  dalam makanan saya ada rambutnya. padahal makanannya enak.,N/A,30 Juni 2018,2025-07-04 21:44:04
"369 Shanghai, Manyar Kertoarjo",A******,25 Mei 2016,3.0,porsi nya sedikit. Tdk spt biasanya,N/A,20 Juni 2018,2025-07-04 21:44:04
"369 Shanghai, Manyar Kertoarjo",M****,11 Agustus 2016,1.0,tdk ada info kalau nasi goreng nya pedas..hrsnya d menu di berikan info..tdk smua customer hafal dengan menu msg2 restoran,N/A,19 Juni 2018,2025-07-04 21:44:04
"369 Shanghai, Manyar Kertoarjo",C*****,16 April 2017,4.0,makanan tidak enak lbh enak dine in,N/A,18 Mei 2018,2025-07-04 21:44:04
"Pangsit Mie Ayam dan Bakwan Saudara Malang Cak Wie, Srikana Timur",E******,4 Oktober 2015,3.0,"mie nya rsnya kecut kl dicampuri sambelnya, krg gurih",Pangsit Mie Ayam Khas Cak Wie Spesial - Pangsit Mie Ayam Jumbo Khas Cak Wie Spesial,22 Januari 2025,2025-07-04 21:44:34
"Pangsit Mie Ayam dan Bakwan Saudara Malang Cak Wie, Srikana Timur",C****** A***,23 November 2024,5.0,enak banget mie nya 😁,Pangsit Mie Ayam Khas Cak Wie Spesial,23 November 2024,2025-07-04 21:44:34
"Pangsit Mie Ayam dan Bakwan Saudara Malang Cak Wie, Srikana Timur",Haven,11 Desember 2020,5.0,"Pesan untuk cici di Surabaya, menurut cici sih rasanya oke 😁👍 Puji Tuhan 😇",Pangsit Mie Ayam Khas Cak Wie Spesial - Pangsit Mie Ayam Khas Cak Wie Spesial,1 Agustus 2024,2025-07-04 21:44:34
"Pangsit Mie Ayam dan Bakwan Saudara Malang Cak Wie, Srikana Timur",nur,15 Maret 2023,1.0,mie ayamnya hambar 😪😪,Pangsit Mie Ayam Khas Cak Wie Biasa,11 Mei 2024,2025-07-04 21:44:34
"Pangsit Mie Ayam dan Bakwan Saudara Malang Cak Wie, Srikana Timur",lo,16 Mei 2021,5.0,uenaaakkk polll menurut saya pangsit mie ayam cak Wie. punya cita rasa yang khas beda dari pangsit mie ayam lainnya dan mie nya gepeng. yang lain monggo di cobain,Pangsit Mie Ayam Jumbo Khas Cak Wie Spesial,17 April 2024,2025-07-04 21:44:34
"Pangsit Mie Ayam dan Bakwan Saudara Malang Cak Wie, Srikana Timur",D*****,21 April 2023,5.0,"buat semua overall enak, cuma yang saya bingung in apa yang spesial, tulisan e spesial cuma menurut saya tidak ada yang spesial, mungkin kedepannya bisa di perbaiki lagi.",Pangsit Mie Ayam Khas Cak Wie Spesial,13 April 2024,2025-07-04 21:44:34
"Pangsit Mie Ayam dan Bakwan Saudara Malang Cak Wie, Srikana Timur",D*****,21 April 2023,4.0,kentang nya aga gimana gitu,Tahu Tek(telor) Khas Cak Wie,13 April 2024,2025-07-04 21:44:34
"Pangsit Mie Ayam dan Bakwan Saudara Malang Cak Wie, Srikana Timur",Teguh Iswaras,27 Februari 2022,3.0,alat makan tdk ada kk,Pangsit Mie Ayam Jumbo Khas Cak Wie Spesial,2 Maret 2024,2025-07-04 21:44:34
"Pangsit Mie Ayam dan Bakwan Saudara Malang Cak Wie, Srikana Timur",muhammad,16 Mei 2021,5.0,"asliii enakkk poll pangsit cak Wie, beda dari yang lainnnn 🤤",Pangsit Mie Ayam Khas Cak Wie Spesial,9 Februari 2024,2025-07-04 21:44:34
"Pangsit Mie Ayam dan Bakwan Saudara Malang Cak Wie, Srikana Timur",K*** A*****,25 November 2017,5.0,"ordernya jam 19.50 kondisi mie pangsitnya ada yg udah mau basi, mungkin dari ayam suwir/lainnya kurang tau. tahu telurnya sedikit keasinan, mungkin bisa dikurangin garem di bumbu/telurnya. semoga bisa diterima dan lebih diperhatikan, ya. thankyou",Tahu Tek(telor) Khas Cak Wie - Pangsit Mie Ayam Khas Cak Wie Spesial,7 Februari 2024,2025-07-04 21:44:34
"Pangsit Mie Ayam dan Bakwan Saudara Malang Cak Wie, Srikana Timur",fariz p,16 Mei 2021,5.0,asliiiiiii ini mahhhh pangsit terdebestttt yang pernah Saya makan😭😭😭😭😭😭😭😭,Pangsit Mie Ayam Jumbo Khas Cak Wie Spesial,15 Oktober 2023,2025-07-04 21:44:34
"Pangsit Mie Ayam dan Bakwan Saudara Malang Cak Wie, Srikana Timur",T***,23 Februari 2022,5.0,salah satu rumah makan fav gue!!! porsinya banyak dan ngenyangin. kalo rasa ga usah ditanya lagi: enak banget! 👍👍👍,Tahu Tek(telor) Khas Cak Wie - Pangsit Mie Ayam Khas Cak Wie Biasa - Es Teh,4 Oktober 2023,2025-07-04 21:44:34
"Pangsit Mie Ayam dan Bakwan Saudara Malang Cak Wie, Srikana Timur",I**** P****** P****,9 September 2018,5.0,"Rasa enak, porsi banyak, masih anget pula, sayang kayanya bumbunya kurang kacang, jadi kaya bumbu rujak",Tahu Telor Jumbo,24 September 2023,2025-07-04 21:44:34
"Pangsit Mie Ayam dan Bakwan Saudara Malang Cak Wie, Srikana Timur",Heti Palestina Yunani,11 Agustus 2015,5.0,Bumbunya banyak banget melimpah enak,Tahu Tek(telor) Khas Cak Wie,12 September 2023,2025-07-04 21:44:34
"Pangsit Mie Ayam dan Bakwan Saudara Malang Cak Wie, Srikana Timur",H****,11 Desember 2020,5.0,"PUJI TUHAN, orderan kedua kalinya notes dibaca sama penjualnya.. ponakan sukak, cici dan mama juga puas.. thankyou!! ❤🙏",Pangsit Mie Ayam Khas Cak Wie Biasa - Pangsit Mie Ayam Khas Cak Wie Spesial,6 September 2023,2025-07-04 21:44:34
"Pangsit Mie Ayam dan Bakwan Saudara Malang Cak Wie, Srikana Timur",diana,30 Juli 2018,5.0,istimewa pwooollll,Pangsit Mie Ayam Khas Cak Wie Spesial,18 Juni 2023,2025-07-04 21:44:34
"Pangsit Mie Ayam dan Bakwan Saudara Malang Cak Wie, Srikana Timur",Yunus AW,27 Januari 2018,5.0,sllu ada sensasi yg luar biasa',Pangsit Mie Ayam Jumbo Khas Cak Wie Spesial,25 April 2023,2025-07-04 21:44:34
"Pangsit Mie Ayam dan Bakwan Saudara Malang Cak Wie, Srikana Timur",S*********,13 Januari 2017,4.0,"agak asin, besok kurangin uyah atau msg",Pangsit Mie Ayam Khas Cak Wie Biasa,19 April 2023,2025-07-04 21:44:34
"Pangsit Mie Ayam dan Bakwan Saudara Malang Cak Wie, Srikana Timur",Sendy Nugroho,30 Juni 2021,5.0,tahu telornya agak sangit,Pangsit Mie Ayam Khas Cak Wie Biasa - Tahu Tek(telor) Khas Cak Wie,9 April 2023,2025-07-04 21:44:34
"Pangsit Mie Ayam dan Bakwan Saudara Malang Cak Wie, Srikana Timur",PURWO ADI,21 Februari 2017,5.0,pas buat teman makan dalam kondisi hujan.,Pangsit Mie Ayam Khas Cak Wie Biasa - Tahu Tek(telor) Khas Cak Wie,20 Februari 2023,2025-07-04 21:44:34
"Pangsit Mie Ayam dan Bakwan Saudara Malang Cak Wie, Srikana Timur",E*** W***,29 Agustus 2020,4.0,"Enak, mama dan keponakan aku sukak!! ❤
sayangnya, notesnya tidak diperhatikan, minta ga pakai daun bawang dan sayur utk mie ayamnya tapi tetap dikasih semua.. semoga next kedepannya bisa lebih baik lagi ya!! 🙏",Pangsit Mie Ayam Khas Cak Wie Biasa - Tahu Tek(telor) Khas Cak Wie - Es Jeruk,2 Januari 2023,2025-07-04 21:44:34
"Pangsit Mie Ayam dan Bakwan Saudara Malang Cak Wie, Srikana Timur",H**** V***** S****,29 Januari 2016,5.0,tahu teknya lumayan enak.,Tahu Telor Jumbo,6 Oktober 2022,2025-07-04 21:44:34
"Pangsit Mie Ayam dan Bakwan Saudara Malang Cak Wie, Srikana Timur",yossi,18 Juni 2016,5.0,"selalu enak, rasa tdk berubah, mantap.",Pangsit Mie Ayam Jumbo Khas Cak Wie Spesial - Es Jeruk,16 November 2022,2025-07-04 21:44:34
"Pangsit Mie Ayam dan Bakwan Saudara Malang Cak Wie, Srikana Timur",Zulkifli Hidayat,6 Februari 2016,1.0,"Pesan bakwan, dapatnya pentol semua. Sangat mengecewakan.
KAPOK BELI DISINI",Bakwan saudara malang Khas Cak Wie - Pentol,2 November 2022,2025-07-04 21:44:34
"Pangsit Mie Ayam dan Bakwan Saudara Malang Cak Wie, Srikana Timur",S*********,27 November 2017,5.0,enak dan kemasannya rapi banget 😁👍😁,Pangsit Mie Ayam Khas Cak Wie Spesial,25 Oktober 2022,2025-07-04 21:44:34
"Pangsit Mie Ayam dan Bakwan Saudara Malang Cak Wie, Srikana Timur",haerunnisa,3 Agustus 2021,4.0,es jeruknya kurang nyus jeruknya,Tahu Tek(telor) Khas Cak Wie - Es Jeruk - Es Teh,14 Juli 2022,2025-07-04 21:44:34
"Pangsit Mie Ayam dan Bakwan Saudara Malang Cak Wie, Srikana Timur",A***,21 Desember 2021,1.0,mie nya ngembarang rasa tepung,Pangsit Mie Ayam Jumbo Khas Cak Wie Spesial - Pangsit Mie Ayam Khas Cak Wie Biasa - Es Teh,13 Juli 2022,2025-07-04 21:44:34
"Pangsit Mie Ayam dan Bakwan Saudara Malang Cak Wie, Srikana Timur",Eka Afrida,9 Agustus 2017,5.0,rasanya enak banget asli,Pangsit Mie Ayam Khas Cak Wie Spesial,7 Juli 2022,2025-07-04 21:44:34
"Pangsit Mie Ayam dan Bakwan Saudara Malang Cak Wie, Srikana Timur",Aisyah Arialma,21 Mei 2022,5.0,"pangsit nya enak banget, gapake saos juga udah enak",Pangsit Mie Ayam Khas Cak Wie Biasa - Tahu Tek(telor) Khas Cak Wie,22 Juni 2022,2025-07-04 21:44:34
"Pangsit Mie Ayam dan Bakwan Saudara Malang Cak Wie, Srikana Timur",I*** Z******,20 November 2016,5.0,enak sekali dan mantab pokoknya mie nya,Pangsit Mie Ayam Khas Cak Wie Spesial,4 Juni 2022,2025-07-04 21:44:34
"Pangsit Mie Ayam dan Bakwan Saudara Malang Cak Wie, Srikana Timur",S*********,27 November 2017,5.0,"enak, mantap 😁👍😁",Pangsit Mie Ayam Khas Cak Wie Spesial,2 Juni 2022,2025-07-04 21:44:34
"Pangsit Mie Ayam dan Bakwan Saudara Malang Cak Wie, Srikana Timur",Rahadi Cahyo,2 Juni 2017,5.0,selalu tidak pernah mengecewakan,Tahu Tek(telor) Khas Cak Wie,13 Mei 2022,2025-07-04 21:44:34
"Pangsit Mie Ayam dan Bakwan Saudara Malang Cak Wie, Srikana Timur",Maryono,18 April 2022,5.0,pengirimanannya tepat waktu 👍👍,Pangsit Mie Ayam Khas Cak Wie Biasa,26 April 2022,2025-07-04 21:44:34
"Pangsit Mie Ayam dan Bakwan Saudara Malang Cak Wie, Srikana Timur",H**** R***** A**** S***,7 Oktober 2019,1.0,Tidak sesuai estimasi waktu,Tahu Telor Jumbo,18 April 2022,2025-07-04 21:44:34
"Pangsit Mie Ayam dan Bakwan Saudara Malang Cak Wie, Srikana Timur",H**** V***** S****,29 Januari 2016,5.0,rasa lumayan enak. tapi menunggunya lama banget.,Pangsit Mie Ayam Jumbo Khas Cak Wie Spesial - Tahu Telor Jumbo,17 Maret 2022,2025-07-04 21:44:34
"Pangsit Mie Ayam dan Bakwan Saudara Malang Cak Wie, Srikana Timur",Yunus AW,27 Januari 2018,5.0,"mantab, makanannya bersih terbungkus rapi",Pangsit Mie Ayam Jumbo Khas Cak Wie Spesial,12 Maret 2022,2025-07-04 21:44:34
"Pangsit Mie Ayam dan Bakwan Saudara Malang Cak Wie, Srikana Timur",nisa luthfiyah,10 Juli 2021,5.0,masya allah enak banget sih ini,Pangsit Mie Ayam Khas Cak Wie Spesial,5 Maret 2022,2025-07-04 21:44:34
"Pangsit Mie Ayam dan Bakwan Saudara Malang Cak Wie, Srikana Timur",B*** M****** R******,29 September 2020,5.0,ga pernah kecewa dengan mie ayamnya 🤤,Pangsit Mie Ayam Khas Cak Wie Spesial,26 Februari 2022,2025-07-04 21:44:34
"Pangsit Mie Ayam dan Bakwan Saudara Malang Cak Wie, Srikana Timur",adiit saputra,24 April 2020,5.0,mie terlalu matang? jadi lembek banget,Pangsit Mie Ayam Khas Cak Wie Spesial,10 Februari 2022,2025-07-04 21:44:34
"Pangsit Mie Ayam dan Bakwan Saudara Malang Cak Wie, Srikana Timur",GAYUH ELPANUSI,16 Agustus 2021,1.0,"bumbunya rasanya aneh, mungkin basi.",Tahu Tek(telor) Khas Cak Wie,9 Januari 2022,2025-07-04 21:44:34
"Pangsit Mie Ayam dan Bakwan Saudara Malang Cak Wie, Srikana Timur",Ayu,21 April 2016,4.0,"gambar nya dpt pentol 3, tp cm 1 ternyata",Pangsit Mie Ayam Khas Cak Wie Spesial,8 Januari 2022,2025-07-04 21:44:34
"Pangsit Mie Ayam dan Bakwan Saudara Malang Cak Wie, Srikana Timur",irine fatmawati,21 April 2018,4.0,"mie dan tahu tek enak,cuman air jeruk kenapa aneh ya rasanya",Tahu Tek(telor) Khas Cak Wie - Pangsit Mie Ayam Khas Cak Wie Spesial - Jeruk Hangat,2 Januari 2022,2025-07-04 21:44:34
"Pangsit Mie Ayam dan Bakwan Saudara Malang Cak Wie, Srikana Timur",Daniel Christanto,5 November 2016,5.0,mantab deh chef nya hebat,Kerupuk Pangsit - Bakwan saudara malang Khas Cak Wie,26 Desember 2021,2025-07-04 21:44:34
"Pangsit Mie Ayam dan Bakwan Saudara Malang Cak Wie, Srikana Timur",A*******,29 Agustus 2018,5.0,"mie mantaps, tahu telor sayang tidak ada menu tidak pedas",Pangsit Mie Ayam Khas Cak Wie Spesial - Tahu Telor Jumbo,15 Desember 2021,2025-07-04 21:44:34
"Pangsit Mie Ayam dan Bakwan Saudara Malang Cak Wie, Srikana Timur",H****** I*******,28 Maret 2018,5.0,"Rasa jadul, bring back memories.. 😁",Bakwan saudara malang Khas Cak Wie - Pangsit Mie Ayam Khas Cak Wie Biasa,26 Oktober 2021,2025-07-04 21:44:34
"Pangsit Mie Ayam dan Bakwan Saudara Malang Cak Wie, Srikana Timur",F****,20 September 2015,3.0,bumbunya krg gurih,Tahu Tek(telor) Khas Cak Wie - Jeruk Hangat,10 Oktober 2021,2025-07-04 21:44:34
"Pangsit Mie Ayam dan Bakwan Saudara Malang Cak Wie, Srikana Timur",I***,5 November 2019,5.0,"enak kuahnya gurih, isian sesuai note dan request jg",Pangsit Mie Ayam Khas Cak Wie Spesial - Jeruk Hangat,4 September 2021,2025-07-04 21:44:34
"Pangsit Mie Ayam dan Bakwan Saudara Malang Cak Wie, Srikana Timur",K****,24 November 2018,1.0,terlalu kotor jemasanya,Pangsit Mie Ayam Khas Cak Wie Biasa,10 Juli 2021,2025-07-04 21:44:34
"Pangsit Mie Ayam dan Bakwan Saudara Malang Cak Wie, Srikana Timur",M******* Y****,20 Desember 2018,5.0,muantappp pokokyaaa,Pangsit Mie Ayam Khas Cak Wie Spesial,18 Agustus 2021,2025-07-04 21:44:34
"Pangsit Mie Ayam dan Bakwan Saudara Malang Cak Wie, Srikana Timur",N***,10 Desember 2018,5.0,Rasanya enak n porsinya banyak,Bakwan saudara malang Khas Cak Wie - Pangsit Mie Ayam Khas Cak Wie Biasa,5 Agustus 2021,2025-07-04 21:44:34
"Pangsit Mie Ayam dan Bakwan Saudara Malang Cak Wie, Srikana Timur",R*** D******,8 April 2016,4.0,rasanya enak dan gurih. porsinya lumayan. kebersihan standary. kemasan pake sterofom lumayan aman. harganya lumayan. semoga ada promo ya lain kali. sukses selalu. trimakssih.,Pangsit Mie Ayam Khas Cak Wie Biasa - Pentol,30 Juni 2021,2025-07-04 21:44:34
"Pangsit Mie Ayam dan Bakwan Saudara Malang Cak Wie, Srikana Timur",E*,26 November 2017,1.0,rasanya asiin banget sangat kecewa,Pangsit Mie Ayam Khas Cak Wie Spesial,11 Juli 2021,2025-07-04 21:44:35
"Pangsit Mie Ayam dan Bakwan Saudara Malang Cak Wie, Srikana Timur",E****** V****,12 Januari 2021,5.0,sesuai request!! manteppp,Pangsit Mie Ayam Khas Cak Wie Spesial,29 Juni 2021,2025-07-04 21:44:35
"Pangsit Mie Ayam dan Bakwan Saudara Malang Cak Wie, Srikana Timur",R A**** W*******,19 Juni 2020,4.0,baiknya diberi sendok plastik,Pangsit Mie Ayam Khas Cak Wie - Es Jeruk - Tahu Tek(telor) Khas Cak Wie,4 Juni 2021,2025-07-04 21:44:35
"Pangsit Mie Ayam dan Bakwan Saudara Malang Cak Wie, Srikana Timur",N*******,6 Juli 2017,5.0,enak bgtttt adminnya gercepp,Tahu Tek(telor) Khas Cak Wie - Teh Anget - Pangsit Mie Ayam Khas Cak Wie,20 Mei 2021,2025-07-04 21:44:35
"Pangsit Mie Ayam dan Bakwan Saudara Malang Cak Wie, Srikana Timur",J**** A****,28 Agustus 2015,2.0,Porsi jumbo tidak banyak ternyata. sama seperti porsi pangsit mie pada umumnya,Kerupuk Pangsit - Pangsit Mie Ayam Jumbo Khas Cak Wie,4 Mei 2021,2025-07-04 21:44:35
"Pangsit Mie Ayam dan Bakwan Saudara Malang Cak Wie, Srikana Timur",I****,17 Januari 2017,1.0,"maaf ya 
tahunya gak enak bgt rasanya 
jdi yg kemakan kentang sama telur nya aja
trs petis di bumbu nya jg gak enak coba dicampur sama petis Madura ....
lontong keras ...
baru kali ini pesan tahu telor gak enak 😭😭😭😭😭",Tahu Telor Jumbo - Kerupuk Tahu Telor - Es Jeruk,30 April 2021,2025-07-04 21:44:35
"Pangsit Mie Ayam dan Bakwan Saudara Malang Cak Wie, Srikana Timur",T***,26 Desember 2018,3.0,saya ad pesan pentol tidak dimasukan Mungkin lupa,Bakwan saudara malang Khas Cak Wie - Pangsit Mie Ayam Khas Cak Wie - Pentol - Tahu Tek(telor) Khas Cak Wie,13 Februari 2021,2025-07-04 21:44:35
"Pangsit Mie Ayam dan Bakwan Saudara Malang Cak Wie, Srikana Timur",B**** A**,3 Maret 2020,3.0,.. makananya oke mantap cuman gK ada sendok atau sumpit....nya....,Pangsit Mie Ayam Khas Cak Wie,7 Februari 2021,2025-07-04 21:44:35
"Pangsit Mie Ayam dan Bakwan Saudara Malang Cak Wie, Srikana Timur",N*** S******,7 Juni 2015,3.0,"untuk pangsit mie nya lumayan, beda ama fotonya (ayam cincang cwie mie malang biasanya putih warnanya, yg ini pakai kecap), untuk baksonya terlalu banyak bawang putih, karena masih pandemic covid, oklah bawang putih salah satu antibiotik alami.",Pangsit Mie Ayam Khas Cak Wie - Bakwan saudara malang Khas Cak Wie - Pentol,13 Januari 2021,2025-07-04 21:44:35
"Pangsit Mie Ayam dan Bakwan Saudara Malang Cak Wie, Srikana Timur",E*** F****,29 Juli 2015,5.0,Beneran oke nih porsi besar. Kenyang. 😍,Tahu Tek(telor) Khas Cak Wie,24 Desember 2020,2025-07-04 21:44:35
"Pangsit Mie Ayam dan Bakwan Saudara Malang Cak Wie, Srikana Timur",N****,12 April 2018,3.0,"pangsit tll asin bgt.
tahu telur saya minta dipisah tp ttp di dadar brsama tahux dan tdk dgoreng kering🙏🙏🙏",Pangsit Mie Ayam Khas Cak Wie - Tahu Tek(telor) Khas Cak Wie,20 Desember 2020,2025-07-04 21:44:35
"Pangsit Mie Ayam dan Bakwan Saudara Malang Cak Wie, Srikana Timur",S****,16 Juni 2017,4.0,rasanya mantap. porsinya kurang..,Pangsit Mie Ayam Khas Cak Wie,22 November 2020,2025-07-04 21:44:35
"Pangsit Mie Ayam dan Bakwan Saudara Malang Cak Wie, Srikana Timur",M*********,21 November 2015,5.0,mangstap bgt. matur tengkyu 🙏,Pangsit Mie Ayam Khas Cak Wie - Pentol,25 Oktober 2020,2025-07-04 21:44:35
"Pangsit Mie Ayam dan Bakwan Saudara Malang Cak Wie, Srikana Timur",K**** A*****,20 Juni 2020,1.0,tidak sesuai pesanan. saya pesan krupuk pangsit krupuk abal abal,Tahu Tek(telor) Khas Cak Wie Bonus 1 Es Teh - Kerupuk Pangsit - Kentang,15 Juli 2020,2025-07-04 21:44:35
"Pangsit Mie Ayam dan Bakwan Saudara Malang Cak Wie, Srikana Timur",H**** S***** P*****,10 Mei 2020,1.0,kebersihan dan porsi juga rasanya KURANG PUAS.............,Tahu Tek(telor) Khas Cak Wie + Es Teh - Pangsit Mie Ayam Khas Cak Wie + Es Teh - Bakwan saudara malang + Es Teh,13 Juni 2020,2025-07-04 21:44:35
"Pangsit Mie Ayam dan Bakwan Saudara Malang Cak Wie, Srikana Timur",K** C*****,22 Oktober 2019,1.0,kotor sekali bumbunya,Tahu Tek(telor) Khas Cak Wie (Ndang Di Pesen Mumpung Murah),10 Juni 2020,2025-07-04 21:44:35
"Pangsit Mie Ayam dan Bakwan Saudara Malang Cak Wie, Srikana Timur",E*** P*************,11 Agustus 2019,3.0,asuiiiiiin buanget,Pangsit mie ayam Beli 2 Porsi Gratis 1 Es Teh,25 Mei 2020,2025-07-04 21:44:35
"Pangsit Mie Ayam dan Bakwan Saudara Malang Cak Wie, Srikana Timur",A**** N***,28 Desember 2017,5.0,Mantap cocok bgt ama selera keluarga kami. Mie nya crunchy pangsitnya super isinya bakwannya jg wenak bgt bakal langganan deh klo pingin mie ayam,Pangsit mie ayam - Bakwan saudara malang,11 Mei 2020,2025-07-04 21:44:35
"Pangsit Mie Ayam dan Bakwan Saudara Malang Cak Wie, Srikana Timur",A****,15 Desember 2015,3.0,baksonya kelembekan krg enak klo pangsitnya enaak,Pangsit mie ayam - Bakwan saudara malang,2 Februari 2020,2025-07-04 21:44:35
"Pangsit Mie Ayam dan Bakwan Saudara Malang Cak Wie, Srikana Timur",I**** P******,12 Januari 2018,2.0,makananya gak enak.sama.sekali,Bakwan saudara malang,21 November 2019,2025-07-04 21:44:35
"Pangsit Mie Ayam dan Bakwan Saudara Malang Cak Wie, Srikana Timur",O*** L****,5 November 2016,2.0,agak sedikit bau mienya kaya udah basi,N/A,14 Mei 2019,2025-07-04 21:44:35
"Pangsit Mie Ayam dan Bakwan Saudara Malang Cak Wie, Srikana Timur",L***,13 Desember 2017,2.0,pesen bakso 2 malh gk ada bakso nya,N/A,13 Maret 2019,2025-07-04 21:44:35
"Pangsit Mie Ayam dan Bakwan Saudara Malang Cak Wie, Srikana Timur",A**** N** F*****,30 Oktober 2016,2.0,"Gorengannya agak berjamur, warna hijau2 gitu",N/A,21 Februari 2019,2025-07-04 21:44:35
"Pangsit Mie Ayam dan Bakwan Saudara Malang Cak Wie, Srikana Timur",A*** J*******,30 April 2017,3.0,taste isn't really good.,N/A,27 Mei 2018,2025-07-04 21:44:35
"KFC, Manyar Kertoarjo",Kresna,16 Juli 2017,5.0,enak as always.,Tumbler Share A Coke - Add On Sambal Bawang - Rice - Triple Treat,26 Juni 2025,2025-07-04 21:45:10
"KFC, Manyar Kertoarjo",fitria ramadhani,4 Oktober 2021,5.0,"ayamnya beeasa, fresh, dan memuaskan",Super Komplit 2 - LDR Package - Cream Soup,29 Juni 2025,2025-07-04 21:45:10
"KFC, Manyar Kertoarjo",elly,1 September 2021,5.0,enak banget sengat maju terus dan tambah banyak pelanggan nya,9 Pcs Chicken Bucket,21 Mei 2025,2025-07-04 21:45:10
"KFC, Manyar Kertoarjo",asna azkar,14 Oktober 2018,5.0,enak porsi nya banyak banget minumanya enak sekali,Add On Sambal Bawang - Avocado Float - Super Komplit 3 - Combo Latte 2,16 Mei 2025,2025-07-04 21:45:10
"KFC, Manyar Kertoarjo",Asyifa,2 Mei 2025,5.0,"bener2 makanan siap saji plus ekspres, makasih untuk seluruh staf KFC 💪🏻",KFC Puas Burger - LDR Buy 1 Get 1 - Triple Treat,8 Mei 2025,2025-07-04 21:45:10
"KFC, Manyar Kertoarjo",D****,13 Agustus 2016,3.0,Noodlenya agak lembek ya. Chicken stripsnya ok.,KFC Noodle Combo,5 Mei 2025,2025-07-04 21:45:10
"KFC, Manyar Kertoarjo",Liu Devi,10 Desember 2023,3.0,nasi uduk nya kurang enak kalau ayam sih mantap pengiriman cepat sampai  trima kasih,Nasi Uduk - 1 Pc Chicken - Mango Float,28 April 2025,2025-07-04 21:45:10
"KFC, Manyar Kertoarjo",Lukman Khakim,19 April 2025,5.0,saya request sedotan sama sendok kok tidak dikasih 😮‍💨,LDR Package,21 April 2025,2025-07-04 21:45:10
"KFC, Manyar Kertoarjo",Julius Purba,28 Januari 2025,5.0,Terimakasih ya pak,Super Komplit 3,19 April 2025,2025-07-04 21:45:10
"KFC, Manyar Kertoarjo",H******,25 Juni 2016,5.0,Packing aman dan rapi... potongan ayam dan rasa mantap... terima kasih KFC 🙏😁,1 Pc Chicken - 1 Pc Chicken,10 Maret 2025,2025-07-04 21:45:10
"KFC, Manyar Kertoarjo",frida.raya griya mapan sentosa FA1/3.,13 November 2015,5.0,tetep konsisten ya rasa sdh enak,1 Pc Chicken,18 Januari 2025,2025-07-04 21:45:10
"KFC, Manyar Kertoarjo",Tassa,22 Desember 2017,5.0,my son's fave.. the chicken is good n fresh,Cream Soup - Perkedel - OR Burger Single - Crispy Burger - 1 Pc Chicken - Fun Fries,5 Januari 2025,2025-07-04 21:45:10
"KFC, Manyar Kertoarjo",Yanto Syechker,18 Agustus 2019,5.0,allhamdulillah enk banget,Jagoan Puas 1,4 Januari 2025,2025-07-04 21:45:10
"KFC, Manyar Kertoarjo",Ajeng purwaningtiyas,21 Juli 2017,5.0,Makasih pak sehat selalu,Add On Sambal Bawang - Super Besar New 2,15 Desember 2024,2025-07-04 21:45:10
"KFC, Manyar Kertoarjo",S** L****,9 Februari 2017,5.0,Walaupun Hujah Deras tetap dapatkan kiriman dari Outlet KFC yang Bagus ini. Pesanan nya sesuai dengan yang di pesan. Service yang LUAR BIASA !!! 👍👍👍,1 Pc Chicken,10 Desember 2024,2025-07-04 21:45:10
"KFC, Manyar Kertoarjo",dhani rizki,15 Juni 2021,4.0,ga dikasi saos sambal,Triple Treat,7 Desember 2024,2025-07-04 21:45:10
"KFC, Manyar Kertoarjo",A***** D**** S*******,1 Juli 2018,1.0,"lagi lagi kelupaan memasukkan bumbu BBQ, engga cuma kelupaan bumbu BBQ, SEDOTAN SAMA SAOS PEDAS/TOMAT AKA KELUPAAN",Super Komplit 4 - Snack Bucket BBQ 2,24 November 2024,2025-07-04 21:45:10
"KFC, Manyar Kertoarjo",S** L****,9 Februari 2017,5.0,"Perfect ! Semua Baik, Semua Bagus, ALL ARE GOOD 👍 👍 👍 Terima Kasih 🙏",Crazy Deal 7,21 November 2024,2025-07-04 21:45:10
"KFC, Manyar Kertoarjo",Ika Mustikawati,11 November 2016,5.0,Terima Kasih 🙏🏻😊,Jagoan Hemat 2,17 November 2024,2025-07-04 21:45:10
"KFC, Manyar Kertoarjo",Evelyn,21 November 2021,5.0,KFC is the best👍👌,Jagoan Puas 2,9 Oktober 2024,2025-07-04 21:45:10
"KFC, Manyar Kertoarjo",Evelyn,21 November 2021,5.0,KFC ga prnh bosen pokoknye,Spaghetti Supreme,6 November 2024,2025-07-04 21:45:10
"KFC, Manyar Kertoarjo",G**** A****** A** B********,24 Maret 2020,2.0,"saya pesan dengan pengiriman ekspres namun orderan Saya molor, padahal Driver mengantarkannya cepat. Pesanan Spaghetti Supreme Saya juga tidak dapat ayam",Spaghetti Supreme - Perkedel - Cream Soup,4 November 2024,2025-07-04 21:45:10
"KFC, Manyar Kertoarjo",neck inkiriwang,2 Maret 2019,4.0,gak di kasih garam dan merica,Jagoan Hemat 2,3 November 2024,2025-07-04 21:45:10
"KFC, Manyar Kertoarjo",anik,25 April 2022,5.0,esnya tumpah separo,Iced Chocolate Float Nescafe - Mocha Float,22 Oktober 2024,2025-07-04 21:45:10
"KFC, Manyar Kertoarjo",Tom Maher,11 November 2016,2.0,"I order from KFC quite regularly. My experience has been that almost every time I order, it is incorrectly prepared. Most commonly I request paha atas (thigh) and I get a breast (dada atas). I usually ask the driver to check before leaving because this happens so often. I don’t understand why they can’t be more careful.",Super Besar New 2 - 1 Pc Chicken - Super Besar New 1,20 Oktober 2024,2025-07-04 21:45:10
"KFC, Manyar Kertoarjo",S** L****,9 Februari 2017,5.0,Pesan 3 Pcs dapatkan yang Bagus2. Ini kali pesan 7 Pcs juga dapatkan Bagus2 semua. Excellent Service. Terima Kasih.,Crazy Deal 7,10 Oktober 2024,2025-07-04 21:45:10
"KFC, Manyar Kertoarjo",E*****,25 November 2017,1.0,"ayam nya kurang, saya beli paket nasi *** ayam sebanyak 2 porsi. tapi yg datang cuma nasi *** ayam untuk tiap paketnya.",Jagoan Hemat 2,18 September 2024,2025-07-04 21:45:10
"KFC, Manyar Kertoarjo",S** L****,9 Februari 2017,5.0,"Walaupun 7 pieces banyaknya, Semua nya tetap Bagus dan Lezat Sekali 👍👍👍😋😋😋",Crazy Deal 7,29 Agustus 2024,2025-07-04 21:45:10
"KFC, Manyar Kertoarjo",W* P**********,9 Maret 2018,1.0,"2X saya pesan tidak sesuai kali ini saya psn super besar dikasih menu kid. Bayar mahal, barang nggak sesuai!!!!!!",Super Besar New 2,19 Agustus 2024,2025-07-04 21:45:10
"KFC, Manyar Kertoarjo",R***,5 Mei 2023,5.0,"rasa enak,bersih,mantab😁",1 Pc Chicken,5 Agustus 2024,2025-07-04 21:45:10
"KFC, Manyar Kertoarjo",S** L****,9 Februari 2017,5.0,Pesan 3 Pcs KFC. Yang dikirim itu BEST OF THE BEST !!! 🏆🏆🏆 1st 1st 1st 👍👍👍 Terima Kasih !,1 Pc Chicken,28 Juli 2024,2025-07-04 21:45:10
"KFC, Manyar Kertoarjo",S** L****,9 Februari 2017,5.0,Saatnya Pesanan KFC ini sampai. Ngantuk jadi Melek 👀. Humm.....😋 begitu BAGUSNYA KFC yang kami Terima 👍 Terima Kasih 🙏,1 Pc Chicken,27 Juli 2024,2025-07-04 21:45:10
"KFC, Manyar Kertoarjo",A******,21 Januari 2022,2.0,"Porsi ayam kemarin waktu saya beli dikasih ayam yang kecil & sedikit dagingnya, sangat tidak memuaskan",Super Besar New 2,23 Juli 2024,2025-07-04 21:45:10
"KFC, Manyar Kertoarjo",S** L****,9 Februari 2017,5.0,"LUAR BIASA !!! 👍👍👍
Pesanan KFC disini, dari Kelihatan saja sudah BAGUS BANGET, apalagi dimakan. NIKMAT Rasanya. SENANG sekali Pesan disini.",1 Pc Chicken,21 Juli 2024,2025-07-04 21:45:10
"KFC, Manyar Kertoarjo",S** L****,9 Februari 2017,5.0,"Apa yang dipesan disini, selalu dapatkan apa yang anda pesan. Sangat senang pesan KFC disini. Maka disini Nilai BINTANG adalah 4,9  Tetap Bersemangat 🙋‍♂️🙋‍♀️🙋",Crazy Deal 7,18 Juli 2024,2025-07-04 21:45:10
"KFC, Manyar Kertoarjo",K**** S******,14 Maret 2023,5.0,pesen'a pake tote bag tapi pas di anter kok pake kantong plasik,Tote Bag - Super Family - French Fries Large,6 Juli 2024,2025-07-04 21:45:10
"KFC, Manyar Kertoarjo",S** L****,9 Februari 2017,5.0,Pesanan 3 Pcs Ayam. Memang seperti yang Tertulis di Kotak nya. Ayam No 1 semua  👍👍👍,1 Pc Chicken,17 Juni 2024,2025-07-04 21:45:10
"KFC, Manyar Kertoarjo",Eddi Suwedji,15 Maret 2016,5.0,makasih banget udah bantu jadi tumbal perutku 😅😅,1 Pc Chicken,19 Mei 2024,2025-07-04 21:45:10
"KFC, Manyar Kertoarjo",A*****,6 Desember 2017,5.0,"etmin kfc… trims dah baca notes aq dan penuhin request aq… sekarang aku dah ga sedih lg dan bisa makan dgn senang hati supaya ceffat sembuh… love kfc manyar🫂💗😔 semoga staff kfc manyar sehat dan senang selalu,,,💗💗💗",Jagoan Hemat 2,20 Mei 2024,2025-07-04 21:45:10
"KFC, Manyar Kertoarjo",harmi,4 September 2016,4.0,Prosesnya lamaaa,Jagoan Puas 1,8 Mei 2024,2025-07-04 21:45:10
"KFC, Manyar Kertoarjo",Arunio Ramadito,18 Juli 2016,5.0,enak bangettttt,9 Pcs Bucket,4 Mei 2024,2025-07-04 21:45:10
"KFC, Manyar Kertoarjo",anton,9 Oktober 2016,1.0,Pesanan saya super besar new2……. Diberi ayam 1 aja….. harusnya 2 ayam,Cream Soup - Super Besar New 2,22 April 2024,2025-07-04 21:45:10
"KFC, Manyar Kertoarjo",D*** G******,2 Oktober 2020,1.0,pesanan saya tidak lengkap ada yg kurang harusnya kan cream soupnya dapet dua tapi cuman di kasih satu,Cream Soup - Super Besar New 2,19 April 2024,2025-07-04 21:45:10
"KFC, Manyar Kertoarjo",Mr Juslen J. Sihombing,6 Desember 2015,5.0,Terima kasih ya.,Super Komplit 4,6 April 2024,2025-07-04 21:45:10
"KFC, Manyar Kertoarjo",mayanti,15 Oktober 2020,1.0,Minta paha atas di kasih dada,1 Pc Chicken - KFC Soup,11 April 2024,2025-07-04 21:45:10
"KFC, Manyar Kertoarjo",S** L****,9 Februari 2017,5.0,3 Pcs 3 👍👍👍 THANK YOU,1 Pc Chicken,9 April 2024,2025-07-04 21:45:10
"KFC, Manyar Kertoarjo",Sefrin,26 Januari 2021,4.0,ayam original best enaknya..,Super Besar New 2,8 April 2024,2025-07-04 21:45:10
"KFC, Manyar Kertoarjo",iqbal Fawwaz R,12 Desember 2017,5.0,Alhamdulillah sehat2 semua,Yakiniku Don - Mango Float,2 April 2024,2025-07-04 21:45:10
"KFC, Manyar Kertoarjo",Niniek,2 Agustus 2015,1.0,"Pesan 5 ayam, hanya dikirim 3 ayam saja",Crazy Deal 5Pcs - Pudding,21 Maret 2024,2025-07-04 21:45:10
"KFC, Manyar Kertoarjo",S** L****,9 Februari 2017,5.0,"Pesanan 3 Pcs KFC semuanya 
BAGUS BAGUS BAGUS 👍👍👍
GOOD GOOD GOOD 👍👍👍
THANK YOU VERY MUCH 🙏",1 Pc Chicken,17 Maret 2024,2025-07-04 21:45:10
"KFC, Manyar Kertoarjo",H******,25 Juni 2016,2.0,Potongan ayam sangat kecil dan yang lebih parah porsi french fries ukuran large sangat sedikit sekali. Sayang review disini tidak bisa upload photo untuk menunjukkan porsi french friesnya.,1 Pc Chicken - 1 Pc Chicken - French Fries Large,13 Maret 2024,2025-07-04 21:45:10
"KFC, Manyar Kertoarjo",H***** G******,27 November 2018,3.0,sdh note : minta EXTRA saos TOMAT & sambal yg byk malah TIDAK DIKASIH 1 pun ??????? 😱😡,Jagoan Hemat - 1 Pc Chicken,2 Maret 2024,2025-07-04 21:45:10
"KFC, Manyar Kertoarjo",Soo Liong,9 Februari 2017,5.0,Chicken with Good Portions and Delicious. Happy to order from here 👍😋,1 Pc Chicken,25 Februari 2024,2025-07-04 21:45:10
"KFC, Manyar Kertoarjo",D***,31 Juli 2016,5.0,Oke banget makanan andalan disaat darurat,Cream Soup - Jagoan Puas 1 - Jagoan Puas 1,19 Februari 2024,2025-07-04 21:45:10
"KFC, Manyar Kertoarjo",Riana Dewi,24 Januari 2020,2.0,tidak tepat waktu... proses lama restonya...,Super Komplit 4,8 Februari 2024,2025-07-04 21:45:10
"KFC, Manyar Kertoarjo",Soo Liong,9 Februari 2017,5.0,"Wow ! Wow ! Wow ! AYAM nya memang  No 1 ☝️
Service juga Luar Biasa 👍👍👍",1 Pc Chicken,5 Februari 2024,2025-07-04 21:45:10
"KFC, Manyar Kertoarjo",M****** S******,1 Februari 2016,5.0,"Terima kasih, mantap 👍",Rice - Super Besar New 2,4 Februari 2024,2025-07-04 21:45:10
"KFC, Manyar Kertoarjo",adellia,7 Juli 2020,5.0,mantapp chef mksih,Super Komplit 4 - Yakiniku Don,30 Januari 2024,2025-07-04 21:45:10
"KFC, Manyar Kertoarjo",noprinto,13 Desember 2021,5.0,mantap bersih cepat sopan,Jagoan Hemat,29 Januari 2024,2025-07-04 21:45:10
"KFC, Manyar Kertoarjo",gilang shaputra,24 September 2023,1.0,pesanan sya ada yang kurang 1 .. gmn caranya komplin,Super Komplit 1 - 1Pc Golden Chicken,25 Januari 2024,2025-07-04 21:45:10
"KFC, Manyar Kertoarjo",Abdul Slamet,20 April 2017,1.0,"Pesanan ayam tidak sesuai, tidak baca deskripsi.",Special Offer Double Down Kimchi - Twisty - KFC Soup - 1 Pc Chicken,16 Januari 2024,2025-07-04 21:45:10
"KFC, Manyar Kertoarjo",Y******,5 September 2017,2.0,Salah order makanan,Pay Singel Get Double Kombo OR Burger Single - Cream Soup,16 Januari 2024,2025-07-04 21:45:10
"KFC, Manyar Kertoarjo",Tofan Febrianto,31 Maret 2019,5.0,sayang nya ayam nya pedes jadi ga ke makan buat anak kecil,Snack Bucket Roasted Corn 1,9 Januari 2024,2025-07-04 21:45:10
"KFC, Manyar Kertoarjo",Zanuar arif Nurrachman,29 November 2022,5.0,Saya beli 2 chiken or tapi cuma dapat 1,Snack Bucket BBQ 1 - 1 Pc Chicken - Sprite,18 Desember 2023,2025-07-04 21:45:10
"KFC, Manyar Kertoarjo",Dita Aulia,19 April 2017,4.0,Pesen paha atas di kirimnya dada. lain kali di baca kembali ya notesnya,Super Komplit 2,17 Desember 2023,2025-07-04 21:45:10
"KFC, Manyar Kertoarjo",David John,10 November 2018,3.0,"More sauce wont hurt, miss order accuracy",1 Pc Chicken - 1 Pc Chicken,10 Desember 2023,2025-07-04 21:45:10
"KFC, Manyar Kertoarjo",Zanuar arif Nurrachman,29 November 2022,3.0,Saya pesan or ini krispi,Jagoan Hemat - Kombo OR Burger Single - Crispy Strips,29 November 2023,2025-07-04 21:45:10
"KFC, Manyar Kertoarjo",anitafauzi,15 April 2017,5.0,cocok pas sesuai pesanan,Jagoan Hemat - French Fries Large,22 November 2023,2025-07-04 21:45:10
"KFC, Manyar Kertoarjo",I******* P******* S*,24 Desember 2015,1.0,Kasih notes itu dibaca boss!,Super Besar New 1 - Super Besar New 2 - Kombo OR Burger Double,25 Oktober 2023,2025-07-04 21:45:10
"KFC, Manyar Kertoarjo",I******* P******* S*,24 Desember 2015,1.0,Kasih notes gak pernah dibaca. Koplak bener,Super Komplit 2 - Super Komplit 4 - Kombo Fish Burger,27 Oktober 2023,2025-07-04 21:45:10
"KFC, Manyar Kertoarjo",I******* P******* S*,24 Desember 2015,1.0,BGSD! SAYA DIKASIH BINTANG 1 SAMA CUSTOMER GARA GARA PELAYAN SIALANNYA TIDAK BACA NOTES UNTUK KASIH SAOS TOMAT! MATIIN TEJEKI ORANG SAJA!,Super Komplit 2 - Super Besar New 2 - Jagoan Hemat,17 November 2023,2025-07-04 21:45:10
"KFC, Manyar Kertoarjo",I******* P******* S*,24 Desember 2015,1.0,BGS*! SAYA DIKASIH BINTANG 1 SAMA CUSTOMER GARA GARA PELAYAN SIALANNYA TIDAK BACA NOTES UNTUK KASIH SAOS TOMAT! MATIIN TEJEKI ORANG SAJA!,Jagoan Hemat - Super Komplit 2 - Twisty - Crispy Burger,18 November 2023,2025-07-04 21:45:10
"KFC, Manyar Kertoarjo",B* E*****,17 September 2022,3.0,"Kena charge packaging 4rb, kalau di mcd udah kemas tas spunbond. Tapi di KFC ternyata Cuma kresek transparan aja. 🇵🇸🇵🇸🇵🇸🇵🇸🇵🇸",The Best Thursday 9 Pcs - Chaki Kids Meal A - Spaghetti deluxe,16 November 2023,2025-07-04 21:45:10
"KFC, Manyar Kertoarjo",Erik Setiawan,12 Agustus 2015,1.0,"Biasa konfirmasi dulu, tapi kali ini ga dikomfirmasi dan pesananku diganti sayap, padahal aku tidak pernah makan sayap!",Super Besar New 2 - 1 Pc Chicken - Spaghetti Supreme,15 November 2023,2025-07-04 21:45:10
"KFC, Manyar Kertoarjo",N****** H***,9 November 2020,3.0,enak sih tapi sayangnya 🇮🇱🇮🇱,Jagoan Hemat,11 November 2023,2025-07-04 21:45:10
"KFC, Manyar Kertoarjo",D*****,16 Oktober 2016,1.0,not sealed. just plain bag.,Rice - 9 Pcs Chicken Bucket BT21,5 November 2023,2025-07-04 21:45:10
"KFC, Manyar Kertoarjo",Anwar Mohd,1 Februari 2023,2.0,My drink didnt arrive,9 Pcs Chicken Tote Bag - Coca Cola - French Fries Large,1 November 2023,2025-07-04 21:45:10
"KFC, Manyar Kertoarjo",A**,23 Oktober 2018,2.0,ayamnya kecil kecil harusnya kalo udah gaada yg besar bilang lah 🐴,Jagoan Hemat,23 Oktober 2023,2025-07-04 21:45:10
"KFC, Manyar Kertoarjo",denson,24 November 2016,1.0,beli 10 potong ayam tapi sambal sachet cuman dikasih 5 biji,Whole Chicken HUT KFC Disc 44K - 1 Pc Chicken,15 Oktober 2023,2025-07-04 21:45:10
"KFC, Manyar Kertoarjo",L***** H**** S*******,23 Desember 2015,5.0,"Walau program promo tapi kualitas dan rada tetap terjaga, terima kasih KFC manyar. Tingkatkan trus kualitas layanannya",Whole Chicken HUT KFC Disc 44K - Rice,14 Oktober 2023,2025-07-04 21:45:10
"KFC, Manyar Kertoarjo",A*****,7 Juli 2015,1.0,"Order ori, order diterima kfc, tapi ternyata driver confirm ori habis.",Cream Soup - Super Besar New 2 - Perkedel,13 Oktober 2023,2025-07-04 21:45:10
"KFC, Manyar Kertoarjo",Danny Enggar,13 November 2017,1.0,"Pesanan saya tidak sesuai dengan yang saya pesan,, dan saya ada bukti pemesanannya. Mohon untuk ditindaklanjuti kekurangan pesanan saya??",2 Pcs Chicken - Crispy Strips,9 Oktober 2023,2025-07-04 21:45:10
"KFC, Manyar Kertoarjo",Sitihotijah,18 Januari 2018,5.0,Lain kali mohon di cek pesanannya ..krn menu yg saya pesan tidak sesuai  ..dan saya komplain d pihak gojek gak bisa dan saya sendri yg hrs ke restonya..mau hemat waktu tpi mlah sebaliknya..saya tetap kasih bintang 5 krn saya jg di pelayanan ..saya hrap ini menjadi perbaikan buat pelayanannya,Super Besar New 2 - 1 Pc Chicken - Super Besar New 2,1 Oktober 2023,2025-07-04 21:45:10
"KFC, Manyar Kertoarjo",angga,22 Mei 2016,2.0,saya ga di kasih saos sambel..,Super Besar New 2,27 September 2023,2025-07-04 21:45:10
"KFC, Manyar Kertoarjo",krismawati saputri,11 Maret 2019,5.0,"sayang sekali saus nya ketinggalan, jd ndak ada saus nya sama sekali huhu😔",Cream Puff 2 Pcs - KFC Box Value 4 - Kombo Crispy Burger,21 September 2023,2025-07-04 21:45:10
"KFC, Manyar Kertoarjo",Caroline,19 Juli 2017,1.0,"Pesan “2 pc chicken” x2 jadi jumlahnya harus dapat 4 pc ayam.. tapi cuma dapat 2 pc ayam, .. 2 kali semua gini!",2 Pcs Chicken - 1 Pc Chicken,19 Agustus 2023,2025-07-04 21:45:10
"KFC, Manyar Kertoarjo",Caroline,19 Juli 2017,1.0,"Ayam pesan 2, di kasih 1 ! 2 kali gini !",2 Pcs Chicken - Perkedel - Twisty,7 Agustus 2023,2025-07-04 21:45:10
"KFC, Manyar Kertoarjo",Rainner Cenzo,22 Juli 2019,1.0,"saya pesan super besar new 2 total 2
harusnya ayamnya 4 datangnya cuman 2",Super Besar New 2 - Super Besar New 2,10 September 2023,2025-07-04 21:45:10
"KFC, Manyar Kertoarjo",S***** K*********,4 Juli 2017,3.0,paha bawahnya kecil banget,2 Pcs Chicken,6 September 2023,2025-07-04 21:45:10
"KFC, Manyar Kertoarjo",Ilham Fauzi Suwarno Putra,20 Oktober 2019,5.0,"crispy banget deh, enak",Kombo Extra 1 pc Chicken,31 Agustus 2023,2025-07-04 21:45:10
"KFC, Manyar Kertoarjo",bu sugik,1 November 2018,5.0,"Rasa masakannya bumbunya tembus kedaging , uenak mantaap pool..smg dilancarkan usahanya",Bucket Special Kemerdekaan,31 Agustus 2023,2025-07-04 21:45:10
"KFC, Manyar Kertoarjo",maymut,17 Juli 2022,4.0,saosnya kurang hehe,Kombo Extra 1 pc Chicken,27 Agustus 2023,2025-07-04 21:45:10
"KFC, Manyar Kertoarjo",Ganda Putra Maulana,11 Juni 2019,3.0,ke asinan masakanya,Winger Bucket Deal,21 Agustus 2023,2025-07-04 21:45:10
"KFC, Manyar Kertoarjo",noprinto,13 Desember 2021,5.0,rasanya mntap ayamnya empuk masih panas jg aym nys,Kombo Extra 1 pc Chicken,18 Agustus 2023,2025-07-04 21:45:10
"KFC, Manyar Kertoarjo",Deasy,13 Juli 2017,1.0,Jelas minta paha atas tapi dikasih dada! Kalau memang tidak ada tolong KONFIRMASI dulu!!!!,2 Pcs Chicken - 1 Pc Chicken - Crispy Strips,12 Agustus 2023,2025-07-04 21:45:10
"KFC, Manyar Kertoarjo",R*** M******,21 Mei 2021,3.0,pesen twisty gak dikirim...sarapan jadi zonk deh 😣,Twisty - Complete Combo 5 - Rice,7 Agustus 2023,2025-07-04 21:45:10
"KFC, Manyar Kertoarjo",toni prasetyo,14 Oktober 2020,1.0,pesan 4 ayam yg datang 2 ayam. mohon dapat lebih teliti kembali dalam membaca dan memahami pesanan,Rice - 2 Pcs Chicken,6 Agustus 2023,2025-07-04 21:45:10
"KFC, Manyar Kertoarjo",aldyansyah,28 Agustus 2022,4.0,"oke sih, monoton tapi rasanya dari saya kecil",Kombo Extra 1 pc Chicken,31 Juli 2023,2025-07-04 21:45:10
"KFC, Manyar Kertoarjo",M****,17 Juli 2023,5.0,enak bumbunya mantap,1 Pc Hot Chili Chicken - Mocha Float,26 Juli 2023,2025-07-04 21:45:10
"KFC, Manyar Kertoarjo",A***,29 Mei 2017,1.0,APASE SALAH PESENAN WOI,Kombo Extra 2 pcs Strips - 1 Pc Chicken - Complete Combo 1 - Rice,21 Juli 2023,2025-07-04 21:45:10
"KFC, Manyar Kertoarjo",R**** W*********,19 Oktober 2016,1.0,"Harusnya dapat 5 ayam, tp kok dapet 3 ayam",2 Pcs Chicken - Mango Float - 1 Pc Chicken,9 Juli 2023,2025-07-04 21:45:10
"KFC, Manyar Kertoarjo",VERA YOSEPHINE,29 Desember 2015,5.0,"ENAK, RASANYA PAS",Tote Bag - KFC Soup,6 Juli 2023,2025-07-04 21:45:10
"KFC, Manyar Kertoarjo",bu sugik,1 November 2018,5.0,Rasa dan Porsinya waoo...mantaap pooll...Loorr,Complete Combo 9,29 Juni 2023,2025-07-04 21:45:10
"KFC, Manyar Kertoarjo",T**** A******* T******,30 April 2015,1.0,I ordered specifically thigh,1 Pc Chicken - Cream Soup - Rice - Perkedel,29 Juni 2023,2025-07-04 21:45:10
"KFC, Manyar Kertoarjo",S***,22 Februari 2018,5.0,mantep dapet tata,Chaki Meal A Coloring Kit,11 Juni 2023,2025-07-04 21:45:10
"KFC, Manyar Kertoarjo",P****,27 Desember 2017,4.0,aku mintanya yang tata dikasi yang van mainannya :(,Chaki Meal A Coloring Kit - Cream Soup,12 Juni 2023,2025-07-04 21:45:10
"KFC, Manyar Kertoarjo",Shella,27 Februari 2018,3.0,Rasanya KFC gak seenak yg dulu,Complete Combo 8 - Spaghetti deluxe,18 Mei 2023,2025-07-04 21:45:10
"KFC, Manyar Kertoarjo",ugik,5 Maret 2016,1.0,"saya pesen super combo 1, 2 paket, tapi masing2 dapet nya cuma 1 ayam .... ngantuk apa gimana",Super Kombo  1,23 Mei 2023,2025-07-04 21:45:10
"KFC, Manyar Kertoarjo",Anggi,21 April 2023,3.0,kentang sdh melempem 🤭,Kombo Extra 1 pc Chicken,18 Mei 2023,2025-07-04 21:45:10
"KFC, Manyar Kertoarjo",B****,26 Agustus 2015,3.0,"I ordered chicken breast and wings, they notify they didn’t have wings, so they traded it with drum stick. But they also traded the chicken breast with thigh.",Kombo Extra 1 pc Chicken,16 Mei 2023,2025-07-04 21:45:10
"KFC, Manyar Kertoarjo",hamidah,27 November 2016,1.0,Beli 3 porsi dikirim 1 porsi 😭😭😭,Yubari Float - 2 Pcs Chicken,7 Mei 2023,2025-07-04 21:45:10
"KFC, Manyar Kertoarjo",O**,2 September 2015,3.0,Lagi-lagi dikecewakan oleh pelayanan KFC. Sebaiknya diberi deskripsi yang jelas tentang apa yang dijual supaya pelanggan tidak kecewa. Order 2 dada mentok ala carte dikasih paha atas dan paha bawah. Driver pun tidak diinfo soal ini karena baru ketahuan ketika dibuka.,2 Pcs Chicken,2 Mei 2023,2025-07-04 21:45:10
"KFC, Manyar Kertoarjo",A*******,8 November 2016,2.0,ayam gorengnya bukan ayam goreng fresh melainkan ayam goreng yg sudah dihangatkan. ckck trus porsi kentang large seperti porsi reguler bahkan sepertinya lebih sedikit dan kentangnya pun juga versi yang digoreng lebih dari sekali alias dihangatkan juga.,Cream Soup - Complete Combo 1,23 April 2023,2025-07-04 21:45:10
"KFC, Manyar Kertoarjo",bu sugik,1 November 2018,5.0,"Rasanya mantap, porsinya waooo....asyik puooll",Kombo Super Duk Duk 2,17 April 2023,2025-07-04 21:45:10
"KFC, Manyar Kertoarjo",tera liana,24 November 2017,2.0,ayamnya jangan ayam kemarin jual lagi rsa nya gk enak,2 Pcs Chicken,16 April 2023,2025-07-04 21:45:10
"KFC, Manyar Kertoarjo",Putri Wahyuni K.W.,17 Agustus 2015,3.0,Rugi hampir 50ribu karena ayamnya kurang 1 paket. Tolong mohon lebih teliti karena yg rugi banyak pihak. Padahal saya sudah minta driver utk mengingatkan pihak resto,Breakfast Combo 2 - Cream Soup - 2 Pcs Chicken - Rice,13 April 2023,2025-07-04 21:45:10
"KFC, Manyar Kertoarjo",Devanus P,23 April 2018,2.0,"pesan ayam 7, datang cuma 5",Super 7 Plus,10 April 2023,2025-07-04 21:45:10
"KFC, Manyar Kertoarjo",Wahyu,2 April 2016,4.0,ayam crispy nya terlalu kering tapi rasa masih seperti yg dulu,Kombo Extra 1 pc Chicken - Rice,6 April 2023,2025-07-04 21:45:10
"KFC, Manyar Kertoarjo",A********,12 November 2017,3.0,"saya pesan ayam ori dikasih ayam krispi, akhirnya kepedasan dan bikin maag sakit",Rice - Cream Soup - 1 Pcs Chicken,6 April 2023,2025-07-04 21:45:10
"KFC, Manyar Kertoarjo",sifa,20 Oktober 2015,5.0,Mantap. Enak dan fresh,Breakfast Combo 1 - Cream Soup,5 April 2023,2025-07-04 21:45:10
"Ikan Bakar Cianjur, Manyar Kertoarjo",siu Lan,9 April 2018,5.0,gurame asam manis mantaappp bangeettt,Gurame Asem Manis,26 Juni 2025,2025-07-04 21:45:43
"Ikan Bakar Cianjur, Manyar Kertoarjo",Lucy Chandrawati,2 Mei 2017,3.0,pesan nasi goreng pete tapi ga ada petenya,Nasi Goreng Pete,3 Juni 2025,2025-07-04 21:45:43
"Ikan Bakar Cianjur, Manyar Kertoarjo",I*******,21 September 2015,5.0,pesmol paling enak ya punya IBC..,Gurame Pesmol - Karedok,19 April 2025,2025-07-04 21:45:43
"Ikan Bakar Cianjur, Manyar Kertoarjo",W.H Iswanto,4 September 2015,5.0,"sippp...enak , cocok beli lagi",Sayur Asem - Ayam Dada Bakar,30 Maret 2025,2025-07-04 21:45:43
"Ikan Bakar Cianjur, Manyar Kertoarjo",H*** S*******,20 Juni 2018,5.0,Resto rer 👍👍👍👍👍 untuk olahan ikan gurami dan nila di Indonesia. Smua makanan nya saya dan kluarga suka.,Nila Pesmol - Gurami Goreng Merah Putih,16 Februari 2025,2025-07-04 21:45:43
"Ikan Bakar Cianjur, Manyar Kertoarjo",D*** G,1 November 2015,4.0,minta sambel nya dua dua cm di kasi satu satu haisss....,Gurame Goreng,13 Februari 2025,2025-07-04 21:45:43
"Ikan Bakar Cianjur, Manyar Kertoarjo",hartati,21 April 2016,5.0,Enak sekali fillet nya gurame di IbC theBEST thank u chef ^^,Gurame Asem Manis,23 Desember 2024,2025-07-04 21:45:43
"Ikan Bakar Cianjur, Manyar Kertoarjo",Taufik,30 September 2024,5.0,best n super cepat👍,Nila Asem Manis,28 Oktober 2024,2025-07-04 21:45:43
"Ikan Bakar Cianjur, Manyar Kertoarjo",I**,5 Maret 2017,5.0,mantul...cocok buat makan bersama keluarga,Nila Sop,5 Juli 2024,2025-07-04 21:45:43
"Ikan Bakar Cianjur, Manyar Kertoarjo",I**,5 Maret 2017,5.0,enak bangeet...pengen terus.,Nila Sop,17 Juni 2024,2025-07-04 21:45:43
"Ikan Bakar Cianjur, Manyar Kertoarjo",ak,24 Desember 2015,1.0,jelek lambat mengecewakan,Nila Bakar - Sayur Asem - Nasi Liwet,3 April 2024,2025-07-04 21:45:43
"Ikan Bakar Cianjur, Manyar Kertoarjo",Bu Atty,17 Oktober 2015,5.0,Lain kali Bakarnya jangan dihoreng dulu,Gurame Bakar - Sayur Asem,31 Maret 2024,2025-07-04 21:45:43
"Ikan Bakar Cianjur, Manyar Kertoarjo",harmi,4 September 2016,2.0,"Lelenya terlalu besar, rasa tidak ada bumbunya cuma gosong",Lele Bakar,31 Desember 2023,2025-07-04 21:45:43
"Ikan Bakar Cianjur, Manyar Kertoarjo",Serly puspita sati,21 Mei 2022,5.0,Favorit klo lagi ke surabaya,Gurame Goreng - Nasi Putih - Tahu Goreng,23 November 2023,2025-07-04 21:45:43
"Ikan Bakar Cianjur, Manyar Kertoarjo",H******,13 September 2017,1.0,"Porsi sangat sedikit,tidak seperti biasanya",Tumis Pucuk Labu - Nasi Goreng Pete,18 November 2023,2025-07-04 21:45:43
"Ikan Bakar Cianjur, Manyar Kertoarjo",J**** T********,18 Agustus 2015,5.0,Makanan mantap👍,Gurame Sop - Gurame Asem Manis - Sop Iga,12 November 2023,2025-07-04 21:45:43
"Ikan Bakar Cianjur, Manyar Kertoarjo",Serly puspita sati,21 Mei 2022,5.0,Selalu suka semua masakan IBC,Gurame Goreng - Tahu Goreng - Nasi Putih,24 Oktober 2023,2025-07-04 21:45:43
"Ikan Bakar Cianjur, Manyar Kertoarjo",A*****,13 November 2018,1.0,Ga enak sudah gak kayak dulu rasanya berubahh… apalagi es cianjurnya Ga ada rasa apa”🤮🤮🤮🤮.. Ga ada rasa santan/gurihnya dan sdh ga ada rasa manisnya rasanya plan ajja Kecewaa dgn harga yg sangatt mahall… dgn rasa yg seperti itu,Gurame Bakar - Es Cianjur,16 Oktober 2023,2025-07-04 21:45:43
"Ikan Bakar Cianjur, Manyar Kertoarjo",Sevty Rostiani,4 Oktober 2016,1.0,Saya pesen pedes bgt tp malah ga pake cabe sama sekali pesanan kali ini gagal biasanya sesuai pedes bgt ya di ksh pedes bgt skrg malah ngga .. udh mahal2 jd ga ke makan,Nasi Putih - Karedok,9 Agustus 2023,2025-07-04 21:45:43
"Ikan Bakar Cianjur, Manyar Kertoarjo",H*****,3 Januari 2017,5.0,"enak, anak saya cocok",Nila Pepes,8 Mei 2023,2025-07-04 21:45:43
"Ikan Bakar Cianjur, Manyar Kertoarjo",I**,5 Maret 2017,5.0,uenak tenan bikin nambah lagi,Nila Sop,30 Januari 2023,2025-07-04 21:45:43
"Ikan Bakar Cianjur, Manyar Kertoarjo",Setyo Harsono,4 Desember 2017,3.0,bau ngak seger spt ikan lama,Gurame Asem Manis - Gurame Pesmol,8 Desember 2022,2025-07-04 21:45:43
"Ikan Bakar Cianjur, Manyar Kertoarjo",charlie tan,9 Agustus 2016,4.0,mantab dengan citarasa yg khas,Gurame Pesmol - Tumis Pucuk Kailan,25 Desember 2022,2025-07-04 21:45:43
"Ikan Bakar Cianjur, Manyar Kertoarjo",adjie,5 November 2017,5.0,Good Good Good,Nila Sop - Tahu Goreng,20 Desember 2022,2025-07-04 21:45:43
"Ikan Bakar Cianjur, Manyar Kertoarjo",sari pratidina,29 November 2015,3.0,Rujak Cingurnya mahaaalll,Nasi Goreng IBC,6 November 2022,2025-07-04 21:45:43
"Ikan Bakar Cianjur, Manyar Kertoarjo",Fitri,17 September 2015,5.0,enaaak sekaaaleee,Gurame Pesmol - Tumis Pucuk Kailan,7 September 2022,2025-07-04 21:45:43
"Ikan Bakar Cianjur, Manyar Kertoarjo",Hendry setyowanto,9 Juni 2018,2.0,harga gk sesuai dengan rasanya serta kemasan untuk nasi dan ayam nya lebih bagus kemasan pedagang kaki lima,Gurame Bakar - Ayam Paha Bakar - Nasi Putih,5 September 2022,2025-07-04 21:45:43
"Ikan Bakar Cianjur, Manyar Kertoarjo",Sianita,15 Februari 2017,5.0,"Gak usah di tanya lagi, emang ini kesukaan suami🧡🧡🥰",Gurame Goreng - Nasi Putih - Tumis Pucuk Labu - Mie Goreng Jawa,23 Agustus 2022,2025-07-04 21:45:43
"Ikan Bakar Cianjur, Manyar Kertoarjo",Sianita,15 Februari 2017,5.0,"Ikannya tdk amis dan rasanya enak tdk membosankan, apalagi sayurnya segar dan porsinya pas",Gurame Goreng - Tumis Pucuk Labu - Nasi Putih,19 Agustus 2022,2025-07-04 21:45:43
"Ikan Bakar Cianjur, Manyar Kertoarjo",M*****,15 Desember 2016,5.0,ikan bakarnya gurih🤤🤤🤤,Gurame Bakar,11 Agustus 2022,2025-07-04 21:45:43
"Ikan Bakar Cianjur, Manyar Kertoarjo",Fitri,17 September 2015,5.0,IBC is the best,Ayam Dada Bakar - Sayur Asem,31 Juli 2022,2025-07-04 21:45:43
"Ikan Bakar Cianjur, Manyar Kertoarjo",Hari Setiadi,4 Juli 2017,4.0,Lumayan overpriced dibanding dengan taste dan ukuran ikannya,Gurame Sop,19 Juni 2022,2025-07-04 21:45:43
"Ikan Bakar Cianjur, Manyar Kertoarjo",adjie,5 November 2017,5.0,Good Good Good,Nila Pepes - Tahu Goreng - Sayur Asem,29 Maret 2022,2025-07-04 21:45:43
"Ikan Bakar Cianjur, Manyar Kertoarjo",W*** Y***,26 Juni 2015,5.0,Lumayan rasanya,Gurame Goreng,7 Maret 2022,2025-07-04 21:45:43
"Ikan Bakar Cianjur, Manyar Kertoarjo",Melina Devina N.,19 September 2019,4.0,harganya koq bisa beda dgn yg tertera d aplikasi...kalo memang berubah tolong diganti juga hrg yg tercantum..,Gurame Goreng,18 Februari 2022,2025-07-04 21:45:43
"Ikan Bakar Cianjur, Manyar Kertoarjo",Retno Dayo,25 Juli 2016,3.0,"Awal memesan karena kangen ICB dan ada promo. Agak kecewa karena dpt telpon dari ICB bahwa ada kenaikan harga?
Next time pikir2 lagi utk memesan.",Gurame Goreng - Juice Semangka - Es Jeruk kelapa Muda - Tumis Pucuk Kailan,16 Februari 2022,2025-07-04 21:45:43
"Ikan Bakar Cianjur, Manyar Kertoarjo",hesty,16 April 2017,1.0,"harga di aplikasi dengan di restaurant selisih sangat banyak, tidak fair",Gurame Sop,16 Februari 2022,2025-07-04 21:45:43
"Ikan Bakar Cianjur, Manyar Kertoarjo",hartati,21 April 2016,3.0,ikan nya tidka di fillet sesuai permintaan padahal kl makan di tempat bisa di fillet kasihan anak kecil mau makan susah,Gurame Asem Manis,31 Januari 2022,2025-07-04 21:45:43
"Ikan Bakar Cianjur, Manyar Kertoarjo",Dian Maulida,26 Agustus 2016,3.0,tumis kailannya kurang mantap,Tumis Pucuk Kailan - Tahu Goreng,1 Februari 2022,2025-07-04 21:45:43
"Ikan Bakar Cianjur, Manyar Kertoarjo",Gina,17 Juni 2017,5.0,Hari ini rasa kurang mantap,Gurame Pesmol,2 Februari 2022,2025-07-04 21:45:43
"Ikan Bakar Cianjur, Manyar Kertoarjo",Yuliana Krisnadi,7 Maret 2017,5.0,rasanya pas di lidah,Gurame Sop,23 Januari 2022,2025-07-04 21:45:43
"Ikan Bakar Cianjur, Manyar Kertoarjo",Ester S,27 November 2020,4.0,tp ku kelupaan ksh tau spy milk-nya ga usah banyak.,Es Cianjur,24 Januari 2022,2025-07-04 21:45:43
"Ikan Bakar Cianjur, Manyar Kertoarjo",magda,8 Oktober 2016,5.0,Nasi uduk terenak,Nasi Uduk - Tumis Pucuk Kailan - Tahu Goreng - Ayam Dada Goreng - Ayam Paha Goreng,14 Januari 2022,2025-07-04 21:45:43
"Ikan Bakar Cianjur, Manyar Kertoarjo",alib,8 Desember 2015,5.0,enak banget ini,Gurame Pesmol - Nasi Putih,30 Desember 2021,2025-07-04 21:45:43
"Ikan Bakar Cianjur, Manyar Kertoarjo",Gunadi,23 Februari 2018,5.0,rasanya enak dan nikmat.,Nasi Goreng IBC - Ayam Dada Goreng - Ayam Paha Bakar,10 Desember 2021,2025-07-04 21:45:43
"Ikan Bakar Cianjur, Manyar Kertoarjo",dwi linawati,31 Mei 2020,3.0,biasanya klo pesmol di bungkus alumunium foil.. apa saya yg salah menu,Gurame Pesmol,11 Desember 2021,2025-07-04 21:45:43
"Ikan Bakar Cianjur, Manyar Kertoarjo",Rickza,19 Juni 2017,5.0,Rasanya mantab....,Rujak Cingur,9 Desember 2021,2025-07-04 21:45:43
"Ikan Bakar Cianjur, Manyar Kertoarjo",A***,8 Desember 2015,4.0,"lumayanlah dapat diskon pesmos, sayangnya guramenya kecil",Gurame Pesmol,3 Desember 2021,2025-07-04 21:45:43
"Ikan Bakar Cianjur, Manyar Kertoarjo",M***** O*****,27 Desember 2018,5.0,mantap pesmolnya sama sambalnya,Nila Pesmol - Nila Sop - Gurame Bakar - Nasi Goreng Pete,24 November 2021,2025-07-04 21:45:43
"Ikan Bakar Cianjur, Manyar Kertoarjo",R*****,19 Juni 2017,4.0,Porsinya kurang,Rujak Cingur,24 November 2021,2025-07-04 21:45:43
"Ikan Bakar Cianjur, Manyar Kertoarjo",F*****,3 September 2015,1.0,tidak dikasih sambal terasi,Gurame Pesmol,6 November 2021,2025-07-04 21:45:43
"Ikan Bakar Cianjur, Manyar Kertoarjo",H**** A****,17 Januari 2018,5.0,terimakasih sukses terus.. barakallahu fiikum,Gurame Pesmol,15 Oktober 2021,2025-07-04 21:45:43
"Ikan Bakar Cianjur, Manyar Kertoarjo",F****,17 September 2015,5.0,lares maneees harus diulanng,Tumis Pucuk Kailan - Nila Pesmol,25 September 2021,2025-07-04 21:45:43
"Ikan Bakar Cianjur, Manyar Kertoarjo",N****,18 September 2015,4.0,Beli 6 ayam bakar 6 nasi putih. 1 ayam goreng. Ga seharusnya 6 ayam bakar di jadikan satu di satu kotak sampe kotaknya memet hancur. Nafsu makan ? Ga tau kemana tadi...... berenam.... merenung..,Ayam Dada Bakar - Ayam Dada Goreng - Nasi Putih - Ayam Paha Bakar,21 September 2021,2025-07-04 21:45:43
"Ikan Bakar Cianjur, Manyar Kertoarjo",N*****,12 September 2016,5.0,IBC selalu mantap masakan nya 😁👍👍👍,Karedok - Tahu Tausi,15 September 2021,2025-07-04 21:45:43
"Ikan Bakar Cianjur, Manyar Kertoarjo",A**** S*******,29 September 2015,2.0,"Hambar gorengan ikannya, bumbu asam manisnya terlalu encer jadi tidak kerasa asam manisnya 🤦🏻‍♀️🤦🏻‍♀️😰😰",Gurame Asem Manis,5 September 2021,2025-07-04 21:45:43
"Ikan Bakar Cianjur, Manyar Kertoarjo",N****,18 September 2015,4.0,Ga selengkap dulu,Nasi Goreng IBC - Sayur Asem - Ayam Dada Bakar - Ayam Paha Bakar - Ayam Dada Goreng - Nasi Putih,4 September 2021,2025-07-04 21:45:43
"Ikan Bakar Cianjur, Manyar Kertoarjo",I**,9 Desember 2016,5.0,mantapssss enakkk hautje ..... makasih,Gurame Bakar,28 Agustus 2021,2025-07-04 21:45:43
"Ikan Bakar Cianjur, Manyar Kertoarjo",B**** P**** M*****,29 September 2020,1.0,"Pesan ikan gurame bakar dengan sambal tidak pedas, tapi dapat yang PEDAS sekali. Kecewa.",Gurame Bakar - Tumis Pucuk Kailan,26 Agustus 2021,2025-07-04 21:45:43
"Ikan Bakar Cianjur, Manyar Kertoarjo",S*****,18 Desember 2018,3.0,LALAPAN  ADA ULET   BESARRR,Tahu Goreng - Pete Goreng/Bakar - Lalapan Segar + Sambal,21 Agustus 2021,2025-07-04 21:45:43
"Ikan Bakar Cianjur, Manyar Kertoarjo",I*******,31 Desember 2016,5.0,"Dahlah.. jangan pernah macem macem sama ikan bakar cianjur IBC, resepnya uda turun temurun kali yaaa, dan emank the best sih IBC ini. Ikannya fresh. TOP banget lah. Cobain dulu deh baruuu ngomong, masih belom ada sih yang bisa ngalahin Ikan Nila Pesmolnya IBC. Beeeehhhhh... jooosss bangeettt!!! Buruuan lah skuuy di gas beli. Bisa di anter ke rumah kalian juga kok. Ga bisa dine in? Tenang, ada GOJEK solusinya",Nila Pepes,12 Juli 2021,2025-07-04 21:45:43
"Ikan Bakar Cianjur, Manyar Kertoarjo",I**,9 Desember 2016,5.0,mantapppsss enakkkk sippp cocok,Gurame Bakar,13 Agustus 2021,2025-07-04 21:45:43
"Ikan Bakar Cianjur, Manyar Kertoarjo",M******* B***,9 Oktober 2015,5.0,"Rujak cingur disini emng paling favorit, cingurnya asli, bersih tidak ada bulu dan tidak hitam. Kalo di tempat lain cingur suka dipalsu gt di kasih otot. Bumbu juga buanyak g pelit. Es campur tempoe doeloe g usah di tanya selalu order enk banget",Rujak Cingur - Es Campur Tempoe Doeloe,10 Juli 2021,2025-07-04 21:45:43
"Ikan Bakar Cianjur, Manyar Kertoarjo",M******* B***,9 Oktober 2015,5.0,"Rujak cingur ini favorit banget. Karena pake cingur asli dan bersih banget gak ada bulu dan gak hitam, biasanya kan cingur suka di ganti kaya otot gt. Nasi goreng pete okay sih cm lebih ke arah nasi goreng chinese food bukan jawa gt",Rujak Cingur - Nasi Goreng Pete,10 Juli 2021,2025-07-04 21:45:43
"Ikan Bakar Cianjur, Manyar Kertoarjo",C****** S***** H****,28 Agustus 2015,5.0,"rujak cingur favorit dengan tingkat kebersihan terbaik. keripik tempe, bumbu petis dan sayur yang mateng sempurna, juga dengan porsi yang mengenyangkan.. promo gojek makin membuat terjangkau",Rujak Cingur - Nasi Putih,13 Agustus 2021,2025-07-04 21:45:43
"Ikan Bakar Cianjur, Manyar Kertoarjo",M******* B***,9 Oktober 2015,5.0,"Ikan pesmol selalu favorit, gurami jga gak pernah bau tanah, apalagi promo takeaway jadi super worth it.",Gurame Pesmol,14 Juni 2021,2025-07-04 21:45:43
"Ikan Bakar Cianjur, Manyar Kertoarjo",M******* B***,9 Oktober 2015,5.0,"Ayam bakar juga enak baru pertama cba biasanya selalu cm psen ikan pesmol, karedok porsinya kecil 😭",Tahu Goreng - Karedok - Ayam Dada Bakar,14 Juni 2021,2025-07-04 21:45:43
"Ikan Bakar Cianjur, Manyar Kertoarjo",H***** W********,21 Agustus 2015,5.0,"Resto paling legend sama Ikan Gurame nya nihh … Mau Goreng, mau Bakar, mau Pesmol semua THE BEST … nama nya juga IKAN BAKAR CIANJUR … Mantap tenan … Jok lali jajal Karedok e bos mantap sisan.
Pelayanan Prima, Profesional, Pickup experience luar biasa cepat dan sigap",Gurame Goreng,6 Juni 2021,2025-07-04 21:45:43
"Ikan Bakar Cianjur, Manyar Kertoarjo",I***,2 April 2016,5.0,best price! enak bgt,Tumis Pucuk Labu - Tahu Goreng,25 Juli 2021,2025-07-04 21:45:43
"Ikan Bakar Cianjur, Manyar Kertoarjo",I***,2 April 2016,5.0,best taste.. udh lama bgt ga makan jd nostalgia,Gurame Asem Manis,25 Juli 2021,2025-07-04 21:45:43
"Ikan Bakar Cianjur, Manyar Kertoarjo",H*******,26 Oktober 2016,5.0,terbaik ini makanannya,Nasi Putih - Es Kelapa Muda - Ayam Paha Bakar,25 Juli 2021,2025-07-04 21:45:43
"Ikan Bakar Cianjur, Manyar Kertoarjo",A*****,24 Juli 2015,5.0,sooooo gewwwwdddd!!!!! 😍😍😍😍,Gurame Goreng,21 Juli 2021,2025-07-04 21:45:43
"Ikan Bakar Cianjur, Manyar Kertoarjo",G*****,24 Januari 2018,5.0,rasanya enak n mantap,Gurame Bakar - Tumis Pucuk Kailan,13 Juli 2021,2025-07-04 21:45:43
"Ikan Bakar Cianjur, Manyar Kertoarjo",P****,7 September 2015,4.0,Ada rambut di sayurnya tlg diperbaiki hygienenya next time,Tahu Goreng - Tumis Slada Wangi,10 Juli 2021,2025-07-04 21:45:43
"Ikan Bakar Cianjur, Manyar Kertoarjo",B****,10 Februari 2020,5.0,Perfect! ❤️💝💓💖💘,Gurame Goreng - Sayur Asem - Es Kelapa Muda,5 Juli 2021,2025-07-04 21:45:43
"Ikan Bakar Cianjur, Manyar Kertoarjo",R*****,19 Juni 2017,5.0,Mantaaaabssssss,Rujak Cingur,10 Juni 2021,2025-07-04 21:45:43
"Ikan Bakar Cianjur, Manyar Kertoarjo",R***,16 Agustus 2015,5.0,Enak Semuanya Mantap,Karedok - Tumis Pucuk Labu - Tahu Goreng,22 Mei 2021,2025-07-04 21:45:43
"Ikan Bakar Cianjur, Manyar Kertoarjo",P****,7 September 2015,3.0,"Packingan sayur asemnya parah jatuh ga sampe 1 
meter lsg pecah lain kali pake container yang tebal masa plastic tipis bgt hadeh",Tahu Goreng - Sayur Asem,20 Mei 2021,2025-07-04 21:45:43
"Ikan Bakar Cianjur, Manyar Kertoarjo",B******,20 Oktober 2018,3.0,cingur sedikit banget,Rujak Cingur,15 April 2021,2025-07-04 21:45:43
"Ikan Bakar Cianjur, Manyar Kertoarjo",P****,7 September 2015,4.0,Kok ga diksh sambel terasi?,Tahu Goreng - Tumis Slada Wangi,30 Maret 2021,2025-07-04 21:45:43
"Ikan Bakar Cianjur, Manyar Kertoarjo",R****,21 Agustus 2015,5.0,pepes nila favorit,Nila Pepes,21 Maret 2021,2025-07-04 21:45:43
"Ikan Bakar Cianjur, Manyar Kertoarjo",C******,10 Oktober 2020,2.0,"Bumbu petis nya berubah.. dr awal makan sudah kaget karena warna sudah beda, biasa saya pesan warnanya lebih kecoklatan, kali ini lebih ke hitam keabuan seperti lumpur 😢.. pengaruh banget ke rasanya.. next time saya mau coba di cabang lain..",Rujak Cingur,18 Februari 2021,2025-07-04 21:45:43
"Ikan Bakar Cianjur, Manyar Kertoarjo",E**,15 Desember 2018,4.0,"Bumbunya karedok terlalu sedikit, ga cukup. Kurang mantap juga rasanya. Kalo ayam gorengnya ok",Ayam Dada Goreng - Karedok,22 Januari 2021,2025-07-04 21:45:43
"Ikan Bakar Cianjur, Manyar Kertoarjo",C****,22 Juni 2017,5.0,Pepes enak cuma sayangnya kemanginya KURANG BANYAK..next kemanginya ditambahi lebih banyak lagi yaa..trims,Nila Pepes - Tahu Tausi,13 Januari 2021,2025-07-04 21:45:43
"Ikan Bakar Cianjur, Manyar Kertoarjo",C****,22 Juni 2017,5.0,tumis pucuk labunya sesuai permintaan yaitu empuk puk tapi tetap hijau warnanya..Ciamikk..Rasa juga enak sekali..Mantullll,N/A,12 Januari 2021,2025-07-04 21:45:43
"Ikan Bakar Cianjur, Manyar Kertoarjo",S***** G******,1 Juli 2016,2.0,Salah kirim pesanan,Gurame Pesmol,29 Desember 2020,2025-07-04 21:45:43
"Ikan Bakar Cianjur, Manyar Kertoarjo",M*****,29 November 2015,3.0,Beli soto 65 rb Dapat ayam cuma 5 iris 😶,Soto Ayam,11 Desember 2020,2025-07-04 21:45:43
"Ikan Bakar Cianjur, Manyar Kertoarjo",B******,20 Oktober 2018,2.0,"rasa bumbu rujak asin sekali
kerupuk tidak bisa dimakan , melempem banget",Rujak Cingur,11 Desember 2020,2025-07-04 21:45:43
"Ikan Bakar Cianjur, Manyar Kertoarjo",E*** R******,4 April 2017,2.0,"Rasanya hambar, seperti lupa dikasih bumbu.",N/A,11 November 2020,2025-07-04 21:45:43
"Ikan Bakar Cianjur, Manyar Kertoarjo",A******,7 Januari 2018,5.0,Delicius alias yummy,Gurame Goreng - Tahu Goreng,4 November 2020,2025-07-04 21:45:43
"Ikan Bakar Cianjur, Manyar Kertoarjo",S** L***,12 Agustus 2019,5.0,chef-nya paling pinter .....👍👍,Nila Asem Manis - Karedok,13 September 2020,2025-07-04 21:45:43
"Ikan Bakar Cianjur, Manyar Kertoarjo",R***,16 Agustus 2015,5.0,Enak Semuanya Mantap,Karedok - Tumis Pucuk Labu - Gurame Goreng,13 September 2020,2025-07-04 21:45:43
"Ikan Bakar Cianjur, Manyar Kertoarjo",M****,8 Oktober 2016,5.0,Rasa dan mutu IBC selalu pas,Karedok - Tahu Goreng - Nasi Uduk - Gurame Bakar - Tumis Slada Wangi,8 September 2020,2025-07-04 21:45:43
"Ikan Bakar Cianjur, Manyar Kertoarjo",I**** A*****,12 Februari 2017,4.0,Pas d sana belum di buatkan,N/A,23 Agustus 2020,2025-07-04 21:45:43
"Ikan Bakar Cianjur, Manyar Kertoarjo",P******,7 Desember 2019,5.0,tolong pertahankan harganya.,Gurame Pesmol,20 Agustus 2020,2025-07-04 21:45:43
"Ikan Bakar Cianjur, Manyar Kertoarjo",D****,6 Mei 2017,1.0,ini saya order nasi goreng dpt nya mie goreng saya sangat dissapointed. ini bukan pertama kali saya dapet gini,Nasi Goreng Kambing,11 Agustus 2020,2025-07-04 21:45:43
"Ikan Bakar Cianjur, Manyar Kertoarjo",E***,2 Desember 2018,5.0,enak manis gurami bakar,Gurame Bakar,15 Juli 2020,2025-07-04 21:45:43
"Ikan Bakar Cianjur, Manyar Kertoarjo",Y****,28 Juli 2018,3.0,Untuk tahu gorengnya.,Nasi Putih - Ayam Dada Goreng - Tumis Sawi Hijau - Tahu Goreng,17 Juni 2020,2025-07-04 21:45:43
"Ikan Bakar Cianjur, Manyar Kertoarjo",F******,12 Maret 2018,4.0,kurang mantap...,Gurame Goreng,27 April 2020,2025-07-04 21:45:43
"Ikan Bakar Cianjur, Manyar Kertoarjo",M***,29 Desember 2017,3.0,"packaging untuk es campur tempo doeloe tdk baik. sata psn 2 , yg 1 tumpah separonya karena tutup gelas plastik tidak merekat dengan benar. jadi yang 1 gelas isinya banyak yang tumpah. benar2 mengecewakan...",Gurame Pesmol - Es Campur Tempoe Doeloe,13 Maret 2020,2025-07-04 21:45:43
"Ikan Bakar Cianjur, Manyar Kertoarjo",R****,31 Mei 2017,3.0,bumbu kurang jadi rasa bakarnya tak ada hambar,Gurame Bakar,11 Januari 2020,2025-07-04 21:45:43
"Ikan Bakar Cianjur, Manyar Kertoarjo",L**** S************,29 Oktober 2015,5.0,indonesia banget👍,Gurame Sop,4 Desember 2019,2025-07-04 21:45:43
"Ikan Bakar Cianjur, Manyar Kertoarjo",R*** S******,20 September 2015,5.0,menu nya kurang lengkap,Nasi Goreng Pete - Sayur Asem - Nasi Putih - Ayam Dada Goreng,7 November 2019,2025-07-04 21:45:43
"Ikan Bakar Cianjur, Manyar Kertoarjo",R******,28 Desember 2017,1.0,Harganya sdh berubah semua kok gk diganti knpa sih??,N/A,15 Maret 2019,2025-07-04 21:45:43
"Ikan Bakar Cianjur, Manyar Kertoarjo",T***,24 April 2016,2.0,"kemahalanuntuk porsi yg sedikit bgt.. harga di aplikasi tidak sesuai ,tidak rekomendasi",N/A,16 Maret 2019,2025-07-04 21:45:43
"Ikan Bakar Cianjur, Manyar Kertoarjo",S*****,25 Februari 2016,5.0,"Only 1 plastic bag for 4 items, excellent!",N/A,10 Maret 2019,2025-07-04 21:45:43
"Ikan Bakar Cianjur, Manyar Kertoarjo",D***,4 Januari 2017,3.0,tahu tausinya ngk pakai tofu kurang enak dgn harga yg mencapai 32.500,N/A,26 Februari 2019,2025-07-04 21:45:43
"Ikan Bakar Cianjur, Manyar Kertoarjo",L****,11 Juni 2015,3.0,the price too expensive for 1 portion of es shanghai.,N/A,26 Agustus 2018,2025-07-04 21:45:43
"Ikan Bakar Cianjur, Manyar Kertoarjo",L****,3 September 2015,4.0,Ada selisih hrg dgn di apps lmyn jauh,N/A,30 Juli 2018,2025-07-04 21:45:43
"Ikan Bakar Cianjur, Manyar Kertoarjo",N**** N** P**** S,14 Januari 2017,1.0,Harga jauh berbeda dengan aplikasi,N/A,27 Juli 2018,2025-07-04 21:45:43
"Ikan Bakar Cianjur, Manyar Kertoarjo",D*** R* E,12 Agustus 2016,3.0,ikannya tambah kecil,N/A,30 Mei 2018,2025-07-04 21:45:43
"Fajar Chinese Restaurant, Manyar",lilik,10 Juli 2017,5.0,cocok dan enak sekali,Bihun Goreng (Ayam / Babi / Seafood ),18 Juni 2025,2025-07-04 21:46:14
"Fajar Chinese Restaurant, Manyar",S******* B******,18 Maret 2016,2.0,"Porsi dan harga ngga layak, bubur nya",Bubur Babi,5 Juni 2025,2025-07-04 21:46:14
"Fajar Chinese Restaurant, Manyar",patricya,10 Mei 2018,2.0,kurang mantab skrg bumbunya beda tdk seperti duluz apa bahan dn bumbunya dikurangi ya,Kolobak - Hotplate Tahu Jepang,16 Mei 2025,2025-07-04 21:46:14
"Fajar Chinese Restaurant, Manyar",A******** S******,9 Desember 2018,5.0,"Sempat telat karena ganti driver 
driver penggantinya mantab 👍👍👍",Kolobak - Fu Yung Hai - Pocay 2 Telur,18 Mei 2025,2025-07-04 21:46:14
"Fajar Chinese Restaurant, Manyar",Dea T,21 Januari 2018,5.0,Sapi lada hitam & Yamie Rasanya enak 👍,Sapi Lada Hitam - Yammie Ayam Jamur,10 Mei 2025,2025-07-04 21:46:14
"Fajar Chinese Restaurant, Manyar",Rasjid Reksodiputro,24 Desember 2015,5.0,Recommended! 👍👍,Yammie Siobak - Pangsit Udang - Siomay Tim,19 April 2025,2025-07-04 21:46:14
"Fajar Chinese Restaurant, Manyar",B****,22 Agustus 2024,1.0,"Service lambat , driver gojek menunggu terlalu lama tidak di layani",Bubur Babi - Topping Telur Pitan - Topping Cakwe Goreng,21 April 2025,2025-07-04 21:46:14
"Fajar Chinese Restaurant, Manyar",Cindy Bastian,31 Juli 2018,3.0,saya sudah note untuk ganti mie gepeng dengan mie kecil. tapi yang saya dapat tetap mie gepeng.,Mie Pok ala Singapore,17 April 2025,2025-07-04 21:46:14
"Fajar Chinese Restaurant, Manyar",Dea T,21 Januari 2018,5.0,Hari ini bubur enak & pihak resto baca juga catatan nya👍 . yg kemarin pihat resto tidak baca note( catatan),Bubur Ikan,22 Oktober 2024,2025-07-04 21:46:14
"Fajar Chinese Restaurant, Manyar",Andhika A,19 Agustus 2017,1.0,"Pesan nasi goreng Seafood dapat / diantarnya nasi goreng Yang Chow. Sangat kecewa, bukan pembelian pertama yang salah. Padahal kualitas Nasi Goreng Seafood juga tidak kalah enaknya",Nasi Goreng Seafood,10 September 2024,2025-07-04 21:46:14
"Fajar Chinese Restaurant, Manyar",Andhika A,19 Agustus 2017,1.0,pesan nasi goreng seafood tapi kok dikasih daging babi? kebetulan alergi babi jd sangat tdk professional,Nasi Goreng Seafood,8 September 2024,2025-07-04 21:46:14
"Fajar Chinese Restaurant, Manyar",Dea T,21 Januari 2018,3.0,Buburnya terlalu cair dan ikannya bau tanah.,Bubur Ikan - Bakpao Casiew,16 Juli 2024,2025-07-04 21:46:14
"Fajar Chinese Restaurant, Manyar",Gery Widodo,22 Agustus 2015,5.0,The best mie pok in town.👍,Mie Pok Polos - Sapo Kaki Babi,2 Juni 2024,2025-07-04 21:46:14
"Fajar Chinese Restaurant, Manyar",Bhirawati Ningsih,6 Januari 2017,4.0,minta acar & sambal tidak dikasih,Ayam Cabai Garam 1/2 Ekor - Kolobak,30 Juni 2024,2025-07-04 21:46:14
"Fajar Chinese Restaurant, Manyar",Dea T,21 Januari 2018,4.0,Hari ini tgl 26 Juni’24.  Nunggu makanannya lama sekali. 40 menit baru bp Gojek terima.,Bubur Ikan - Bubur Polos,26 Juni 2024,2025-07-04 21:46:14
"Fajar Chinese Restaurant, Manyar",Dea T,21 Januari 2018,5.0,Hari ini bubur nya enak👍,Bubur Ikan - Bubur Polos - Bakpao Casiew,15 Juni 2024,2025-07-04 21:46:14
"Fajar Chinese Restaurant, Manyar",Dea T,21 Januari 2018,1.0,"Bubur terlalu encer spt air, ada rambutnya.  Gojek lama menunggu.",Bubur Ikan - Bubur Polos,14 Juni 2024,2025-07-04 21:46:14
"Fajar Chinese Restaurant, Manyar",Dea T,21 Januari 2018,2.0,Terlalu lama menunggu. Kebih dari 1 jam,Bubur Ikan - Bubur Polos,12 Juni 2024,2025-07-04 21:46:14
"Fajar Chinese Restaurant, Manyar",Anny,3 September 2015,5.0,Jaminan puas psn disni 👍🏻,Yammie Ayam Jamur - Kuotie,9 Mei 2024,2025-07-04 21:46:14
"Fajar Chinese Restaurant, Manyar",M*****,29 November 2015,4.0,sioke sama siobaknya agak bau,Nasi Hainam Casiew Pg - Nasi Hainam Siobak Pg,19 Mei 2024,2025-07-04 21:46:14
"Fajar Chinese Restaurant, Manyar",Junita,17 Juni 2017,3.0,"kemasan ikan jelek sekali, kuah tumpah dimana2, samoai tdk ada kuah jadi hambar ikannya",Gurami Masak Bawang Kecap (M) - Yammie Ayam Special - I Fu Mie Basah (Ayam / Babi / Seafood) - Kuotie - Lumpia Ayam,14 Mei 2024,2025-07-04 21:46:14
"Fajar Chinese Restaurant, Manyar",D** T,21 Januari 2018,5.0,Enak bubur ikan hari ini,Bubur Polos - Bakpao Casiew - Bubur Ikan,17 Mei 2024,2025-07-04 21:46:14
"Fajar Chinese Restaurant, Manyar",Christine,28 Februari 2018,3.0,yami bebek panggangnya dominan tulang 😏,Yammie Bebek panggang - Yammie Ayam Jamur,30 April 2024,2025-07-04 21:46:14
"Fajar Chinese Restaurant, Manyar",L****,11 Januari 2018,4.0,Porsinya ditambah ya,Sup Bibir Ikan (Porsi Individu) - Sup Jagung Telur Kepiting ( Porsi Individu ) - Frozen Steak Sapi Ala Canton - Frozen Yammie Ayam Jamur - Pangsit Udang,18 April 2024,2025-07-04 21:46:14
"Fajar Chinese Restaurant, Manyar",Dea T,21 Januari 2018,1.0,Ikan nya bau tanah.,Bubur Ikan,18 Februari 2024,2025-07-04 21:46:14
"Fajar Chinese Restaurant, Manyar",B******,30 Juli 2015,5.0,Selalu enakkkk dan top makanannya,Bubur Pitan - Bubur Ikan - Tim Hakau Udang - Siomay,23 Desember 2023,2025-07-04 21:46:14
"Fajar Chinese Restaurant, Manyar",Bambang Harsono,21 September 2017,5.0,enak pollllllll dehhhhhhh,Gurami Masak Bawang Kecap (M) - Yammie Ayam Special - Sapo Tahu,20 Januari 2024,2025-07-04 21:46:14
"Fajar Chinese Restaurant, Manyar",V*** C***,2 Juni 2017,1.0,siobak yg dikirim dagingnya bau..,Siobak 1/2 Kg,10 Januari 2024,2025-07-04 21:46:14
"Fajar Chinese Restaurant, Manyar",V*** C***,2 Juni 2017,1.0,"siobak yg diberikan tdk fresh ada sedikit bau, sdh diganti tapi tetap mkanan yg dikirim berminyak bercmpur air2.
ini kejadian yg ke 2x nya",Siobak 1/2 Kg,19 Januari 2024,2025-07-04 21:46:14
"Fajar Chinese Restaurant, Manyar",Theresia Muktiwidjojo,27 Oktober 2019,5.0,Enak dan selalu order lagi,Baikut Goreng Madu - Sup Bibir Ikan (Porsi Individu),16 Desember 2023,2025-07-04 21:46:14
"Fajar Chinese Restaurant, Manyar",Dea T,21 Januari 2018,1.0,Terlalu asin bubur ikannya.,Bakpao Casiew - Bubur Ikan,9 Januari 2024,2025-07-04 21:46:14
"Fajar Chinese Restaurant, Manyar",L*****,16 September 2015,1.0,porsi nasi capcay nya sedikit sekali dengan harga 100rb,Nasi Cap Cay (Seafood / Ayam/ Babi) - Yammie Ayam Jamur,17 Desember 2023,2025-07-04 21:46:14
"Fajar Chinese Restaurant, Manyar",L*****,16 September 2015,1.0,porsi sioke siobaknya sedikit sekali hrg mahal bgt,Yammie Casiew Siobak - Yammie Ayam Jamur,17 Desember 2023,2025-07-04 21:46:14
"Fajar Chinese Restaurant, Manyar",liana,11 Januari 2018,4.0,Porsinya ditambah,Frozen Babi Hong Ala Khee - Yammie Casiew Siobak - Sapo Kaki Babi,15 Desember 2023,2025-07-04 21:46:14
"Fajar Chinese Restaurant, Manyar",deasy,1 Juli 2017,5.0,"dimasakan sesuai request.. dan enaknya di fajar manyar setelah bolak balik beli disini, rasa dan porsinya gak mengecewakan",Cap Cay Kuah - Angsio Tahu Jepang (Ayam / Babi / Seafood),27 November 2023,2025-07-04 21:46:14
"Fajar Chinese Restaurant, Manyar",agus tanto,12 Januari 2018,5.0,rasa terjaga dan semangat broo,Ayam Cabai Garam 1/2 Ekor - I Fu Mie Basah (Ayam / Babi / Seafood),15 November 2023,2025-07-04 21:46:14
"Fajar Chinese Restaurant, Manyar",ratna dewi,18 Desember 2017,5.0,"enak, tidak terlalu berminyak",Yammie Pangsit,9 September 2023,2025-07-04 21:46:14
"Fajar Chinese Restaurant, Manyar",Dendy Insan Akbar,7 Agustus 2015,1.0,cakwenya kecil & harga mahal.....tidak seperti bayangan di foto,Topping Cakwe Goreng - Cakwe Goreng isi Udang,19 Agustus 2023,2025-07-04 21:46:14
"Fajar Chinese Restaurant, Manyar",endang,5 November 2015,5.0,mantap. langganan.,Brokoli Cah Bawang Putih - Bebek Panggang Per Porsi,3 Juli 2023,2025-07-04 21:46:14
"Fajar Chinese Restaurant, Manyar",sifu hasan,12 Januari 2017,5.0,cocok selera kami,Cap Cay Kuah,1 Juli 2023,2025-07-04 21:46:14
"Fajar Chinese Restaurant, Manyar",evelyne,11 Agustus 2015,1.0,"Pesen baikut yang datang bukan baikut, pemesanan diantar lama katanya kurang orderan, kemungkinan pesanan baikut yang salah ini",Cingtu Baikut - Angsio Haisom Ala Khee - Yong Tahu Ala Khe - Cah Siongmak,13 Juni 2023,2025-07-04 21:46:14
"Fajar Chinese Restaurant, Manyar",Dyandra,26 Juni 2019,5.0,"Capcay goreng sea food, mie pok pok, bakmi goreng seafood, kwetiauw, kuo tiek, siomay etc.. 👍👍👍",Cap Cay Goreng (Seafood) - Kuotie - Siomay,3 Mei 2023,2025-07-04 21:46:14
"Fajar Chinese Restaurant, Manyar",Dyandra,26 Juni 2019,5.0,"Favorit keluarga. Sudah berlangganan..
Rata 2 enak semua...
Pertahankan kualitas yaaa",Siomay - Pangsit Udang,6 Mei 2023,2025-07-04 21:46:14
"Fajar Chinese Restaurant, Manyar",L****,25 September 2017,3.0,"harganya tidak sesuai dengan porsinya. harganya terlalu mahal. dikirain harga segitu porsi jumbo, ternyata tidak. potongan ayam jg terlalu kecil dipotong dadu kecil2. beda potongan ayam di Top Noodle lebih besar. kapok deh beli bubur di Fajar.",Bubur Ayam,20 April 2023,2025-07-04 21:46:14
"Fajar Chinese Restaurant, Manyar",snaryo,27 Desember 2017,5.0,"oke,enak dan mantaaapp selerakuuu...",Angsio Tahu Jepang (Ayam / Babi / Seafood) - Sup Asparagus Sari Ayam ( Porsi Individu ),26 Maret 2023,2025-07-04 21:46:14
"Fajar Chinese Restaurant, Manyar",agus tanto,12 Januari 2018,5.0,makanannya enak sesuai dgn selera saya semangat untuk chef & restonya,Ayam Cabai Garam 1/2 Ekor - Sapi Lada Hitam,25 Maret 2023,2025-07-04 21:46:14
"Fajar Chinese Restaurant, Manyar",Y****,18 Maret 2016,4.0,porsi tdk standart y? porsi sblmya lbh bnyak dr yg hr ni beli. 🙏,Sapo Kaki Babi - Hippio Kuah Baso Ikan - I Fu Mie Basah (Ayam / Babi / Seafood),15 Maret 2023,2025-07-04 21:46:14
"Fajar Chinese Restaurant, Manyar",henry susanto,23 Juni 2016,1.0,"Kali ini bakmi goreng Fajar tdk seperti sering saya makan direstoran Fajar Manyar, sangat tidak enak, kayak bakmi dok dok pinggir jalan yang didorong pakai gerobak, Fajar mesti perbaiki kinerja tukang masaknya!!!",Bakmie Goreng (Seafood / Ayam / Yang Chow),13 Maret 2023,2025-07-04 21:46:14
"Fajar Chinese Restaurant, Manyar",Tjendrawasih,18 Desember 2016,2.0,"tumben rasa ayam bau aneh,atau  kurang fresh kayaknya, sy minta minyak sedikit , tetap dikasih banyak, mohon diperhatikan",Yammie Ayam Jamur,9 Maret 2023,2025-07-04 21:46:14
"Fajar Chinese Restaurant, Manyar",D****,16 Oktober 2019,4.0,Tidak dikasih acar dan lombok,Bubur Bakso Babi - Bihun Goreng (Ayam / Babi / Seafood ) - Nasi Cap Cay (Seafood / Ayam/ Babi) - Bakpao Casiew - Kuotie,5 Maret 2023,2025-07-04 21:46:14
"Fajar Chinese Restaurant, Manyar",agus tanto,12 Januari 2018,5.0,mantap dan pertahankan,Ayam Cabai Garam 1/2 Ekor - Sapi Lada Hitam,2 Maret 2023,2025-07-04 21:46:14
"Fajar Chinese Restaurant, Manyar",S****,25 Juli 2018,5.0,Porsi cuma sedikit.,Nasi Hainam - Ayam Rebus Hainan Per 1/2 Ekor,28 Januari 2023,2025-07-04 21:46:14
"Fajar Chinese Restaurant, Manyar",laksmi,10 Februari 2016,1.0,Pelit sudah beberapa kali order minta tambah sambel n acar selalu gak dikasih tambahan 😂😀,Yammie Ayam Jamur,21 Februari 2023,2025-07-04 21:46:14
"Fajar Chinese Restaurant, Manyar",D****,16 Oktober 2019,3.0,Hipio nya agak bau,Bihun Goreng (Ayam / Babi / Seafood ) - Hippio Kuah Baso Ikan - Nasi Putih - Koloke,16 Februari 2023,2025-07-04 21:46:14
"Fajar Chinese Restaurant, Manyar",agus tanto,12 Januari 2018,5.0,semangat & pertahankan,Ayam Cabai Garam 1/2 Ekor - Sapi Lada Hitam,10 Februari 2023,2025-07-04 21:46:14
"Fajar Chinese Restaurant, Manyar",Serly,24 Agustus 2017,1.0,di dalam sawi ada anak kecoa dan ulat.,Yammie Casiew Siobak - Yammie Ayam Special - Yammie Ayam Jamur - Nasi Putih Casiew,4 Februari 2023,2025-07-04 21:46:14
"Fajar Chinese Restaurant, Manyar",Hartono,30 Agustus 2015,5.0,nasi goreng yangchownya enak,Nasi Goreng Yang Chow - Bakmie Goreng (Seafood / Ayam / Yang Chow),31 Januari 2023,2025-07-04 21:46:14
"Fajar Chinese Restaurant, Manyar",Hartono,30 Agustus 2015,5.0,burung dara nya kali ini enak,Nasi Goreng Yang Chow - Sup Jagung Telur Kepiting ( Porsi Individu ) - Burung Dara Goreng Mentega Per Ekor - Mie Pok Polos,31 Januari 2023,2025-07-04 21:46:14
"Fajar Chinese Restaurant, Manyar",Hartono,30 Agustus 2015,5.0,ayam kanton dan guraminya enak,Gurami Tim Bawang Putih - Ayam Goreng Kanton 1/2 Ekor - Bakpao Casiew,30 Januari 2023,2025-07-04 21:46:14
"Fajar Chinese Restaurant, Manyar",H******,30 Agustus 2015,5.0,tim gurami sangat enak,Sapi Lada Hitam - Gurami Tim Bawang Putih - Yammie Ayam Jamur,28 Januari 2023,2025-07-04 21:46:14
"Fajar Chinese Restaurant, Manyar",Hartono,30 Agustus 2015,2.0,"ifumie koq pake bakmi kecil keriting gini, ngawur.
burung daranya kecil",Burung Dara Goreng Mentega Per Ekor - I Fu Mie Basah (Ayam / Babi / Seafood),27 Januari 2023,2025-07-04 21:46:14
"Fajar Chinese Restaurant, Manyar",christine febi,29 Juli 2016,5.0,"enak rasanya , sesuai harganya",Casiew 1/2 Kg,23 Januari 2023,2025-07-04 21:46:14
"Fajar Chinese Restaurant, Manyar",F******** C******,27 September 2020,4.0,Kuotie nya enak dan babi nya juga enak. Caisin nya okelah. Hanya bihunnya kurang yahud rasa dan isiannya.,Bihun Goreng (Ayam / Babi / Seafood ) - Kuotie - Caisim Cah Bawang Putih - Siobak Panggang,10 Januari 2023,2025-07-04 21:46:14
"Fajar Chinese Restaurant, Manyar",agus kertoraharjo,1 April 2018,1.0,isinya tak sesuai dengan foto,Yammie Ayam Jamur,9 Januari 2023,2025-07-04 21:46:14
"Fajar Chinese Restaurant, Manyar",Adi,15 Juni 2016,5.0,tetap semangat dan terus berkembang..,Siomay Tim - Bakpao Casiew - Mantau Lipat - Cakwe Goreng isi Udang - Yammie Ayam Jamur - Frozen Mie Pok Singapore,11 Januari 2023,2025-07-04 21:46:14
"Fajar Chinese Restaurant, Manyar",E*****,5 November 2015,5.0,enak bebek dan sayurnya,Bebek Panggang Per Porsi - Kailan Lokal Cah Bawang Putih - Nasi Putih,14 Desember 2022,2025-07-04 21:46:14
"Fajar Chinese Restaurant, Manyar",E****,27 Mei 2021,3.0,Taste doesn't match the high price.,Babi Hong Ala Khee - Lumpia Udang ( isi 6 ) - Hotplate Tahu Jepang - Ayam Cabai Garam 1/2 Ekor,1 Desember 2022,2025-07-04 21:46:14
"Fajar Chinese Restaurant, Manyar",Brandon,30 Agustus 2021,4.0,"Gurame nya enak, kakap nya kok dikit banget ya",Gurami Tim Bawang Putih - Kakap Asam Manis - Nasi Putih,1 Desember 2022,2025-07-04 21:46:14
"Fajar Chinese Restaurant, Manyar",NieL,31 Maret 2019,3.0,i fu mie ga ada telur puyuh sbg ciri khasnya,I Fu Mie Basah (Ayam / Babi / Seafood) - Angsio Tahu Jepang (Ayam / Babi / Seafood),26 November 2022,2025-07-04 21:46:14
"Fajar Chinese Restaurant, Manyar",Hengky Wey,28 Juli 2016,4.0,"kali ini, bebeknya sebagian kurang fresh, tdk seperti biasanya",Bebek Panggang Per 1/2 Ekor - Nasi Cap Cay (Seafood / Ayam/ Babi),8 November 2022,2025-07-04 21:46:14
"Fajar Chinese Restaurant, Manyar",Setijono Widjaja,18 Juli 2017,1.0,kepiting soka harga 136.000 isi nya cuma 6 biji kecil2,Kakap Asam Manis - Kepiting Soka Goreng Telur  Asin,8 November 2022,2025-07-04 21:46:14
"Fajar Chinese Restaurant, Manyar",agus tanto,12 Januari 2018,5.0,lupa di beri acar & sambalnya,Sapi Lada Hitam - Ayam Goreng Kanton 1/2 Ekor,6 November 2022,2025-07-04 21:46:14
"Fajar Chinese Restaurant, Manyar",Hariyanto,7 Maret 2022,5.0,dimsumnya juara dah. mia ayam jamur juga top markotop. packaging bagus rapi higienis 👍👍,Frozen Tim Kaki Ayam - Frozen Yammie Ayam Jamur - Tim Kaki Ayam - Tim Hakau Udang - Yammie Ayam Jamur,1 November 2022,2025-07-04 21:46:14
"Fajar Chinese Restaurant, Manyar",B******,30 Agustus 2015,5.0,"very good
must try",Nasi Cap Cay (Seafood / Ayam/ Babi),24 Oktober 2022,2025-07-04 21:46:14
"Fajar Chinese Restaurant, Manyar",I*****,23 Maret 2019,4.0,"Dari rasa udah ok, tetapi dari 6 yammie ayam jamur yg saya pesan, 1 porsi cuman diloasih sayur aja",Yammie Ayam Jamur,22 Oktober 2022,2025-07-04 21:46:14
"Fajar Chinese Restaurant, Manyar",Calvin Siddons,2 Mei 2018,5.0,food is good but waited longer than usual,Mantau Lipat - Babi Hong Ala Khee,22 Oktober 2022,2025-07-04 21:46:14
"Fajar Chinese Restaurant, Manyar",Eduardus Ardian Tanaya,3 Maret 2018,4.0,"enakkk, cuman harusnya bisa lebih worth it, masih terlalu mahal ☺ kemasan juga masih pakai plastik, ayo lebih ramah lingkungan",Kwetiaw Goreng (Seafood / Sapi / Ayam / Babi) - Nasi Cap Cay (Seafood / Ayam/ Babi) - Cakwe Goreng isi Udang,11 Oktober 2022,2025-07-04 21:46:14
"Fajar Chinese Restaurant, Manyar",jimmy,14 Mei 2017,2.0,Kurang Matang soup bibir ikan,Sup Bibir Ikan (Porsi Individu) - Bubur Ikan,30 September 2022,2025-07-04 21:46:14
"Fajar Chinese Restaurant, Manyar",aji santoso,20 Januari 2019,4.0,porsi ikannya kurang banyak😁,Yammie Casiew Siobak,13 September 2022,2025-07-04 21:46:14
"Fajar Chinese Restaurant, Manyar",yoan,5 Oktober 2015,4.0,"masih ada sisik ikannya. jadi anak2 makan harus dipilihi dulu. tapi utk rasa enak, gurami segar, besar, worth it dgn potongan harga dari gofood.",Gurami Tim Bawang Putih - Bakpao Tausa Tim,6 September 2022,2025-07-04 21:46:14
"Fajar Chinese Restaurant, Manyar",Bambang Harsono,21 September 2017,5.0,ikan tim gurami bawang putih lain kali kasih agak banyak ya,Gurami Tim Bawang Putih - Kakap Tahu Sayur Asin Kuah,29 Juli 2022,2025-07-04 21:46:14
"Fajar Chinese Restaurant, Manyar",Bambang Harsono,21 September 2017,5.0,next kasih banyak dikit kuah ya ikan gurami tim bawang putihnya,Gurami Tim Bawang Putih - Udang Mayonaise,30 Agustus 2022,2025-07-04 21:46:14
"Fajar Chinese Restaurant, Manyar",tuty susilo,1 Desember 2015,4.0,"utk org tua spt kami porsinya cukuplah, utk yg mudah mgk kurang....rasa 👍👍👍",Mie Pok ala Singapore - Yammie Ayam Jamur,24 Agustus 2022,2025-07-04 21:46:14
"Fajar Chinese Restaurant, Manyar",M**** F*,25 Januari 2018,5.0,2 hr tiap pagi .. mkn bubur …enak,Tim Kaki Ayam - Tim Hakau Udang - Bubur Ikan,23 Agustus 2022,2025-07-04 21:46:14
"Fajar Chinese Restaurant, Manyar",agus tanto,12 Januari 2018,4.0,tidak di beri sambal & acar.,Ayam Cabai Garam 1/2 Ekor,22 Agustus 2022,2025-07-04 21:46:14
"Fajar Chinese Restaurant, Manyar",maria ft,25 Januari 2018,5.0,enakkkk… mau terus pesennnn lagii,Bubur Ikan - Tim Kaki Ayam - Pangsit Rebus Saus Pedas,22 Agustus 2022,2025-07-04 21:46:14
"Fajar Chinese Restaurant, Manyar",Minarti,18 Oktober 2021,3.0,bakmi gorengnya agak gosong,Bakmie Goreng (Seafood / Ayam / Yang Chow) - Lumpia Udang,12 Agustus 2022,2025-07-04 21:46:14
"Fajar Chinese Restaurant, Manyar",Bambang Harsono,21 September 2017,5.0,"tapi sayang fu yung hainya lebih tipis dari pada makan di resto, alias porsinya kurang.
ikan gurami timnya sip, mantap, jossss, tolong next kuahnya kasih banyak, takut cepat kering.",Gurami Tim Bawang Putih - Fu Yung Hai,7 Agustus 2022,2025-07-04 21:46:14
"Fajar Chinese Restaurant, Manyar",G***,1 Agustus 2015,3.0,pesannya kolobak koq jadi yg datang koloke ???,Kolobak - Kakap Tahu Sayur Asin Kuah - Caisim Cah Bawang Putih - Yammie Polos,2 Agustus 2022,2025-07-04 21:46:14
"Fajar Chinese Restaurant, Manyar",sam,19 Februari 2016,2.0,burung dara skarang amis kurang segar.. fajar tp dan manyar sama saja... sabtu 23/7 beli di tp juga kurang enak,Burung Dara Goreng Mentega - Sup Bibir Ikan (Porsi Individu),30 Juli 2022,2025-07-04 21:46:14
"Fajar Chinese Restaurant, Manyar",natalia,25 Desember 2015,1.0,"saya bubur tidak enak,encer tidak ada daging",Bubur Babi,23 Juli 2022,2025-07-04 21:46:14
"Fajar Chinese Restaurant, Manyar",A An Arief Jusuf,21 September 2019,5.0,"Terima kasih, Kak 🙂🙏",Frozen Siomay Tim Ayam - Frozen Siomay Tim Babi,20 Juni 2022,2025-07-04 21:46:14
"Fajar Chinese Restaurant, Manyar",Ailyana Tjiang,24 Juli 2017,5.0,Semuanya enak 🤩👍,Siobak 1/2 Kg - Cap Cay Kuah - Angsio Tahu Jepang (Ayam / Babi / Seafood),7 Juni 2022,2025-07-04 21:46:14
"Fajar Chinese Restaurant, Manyar",Yania,4 April 2020,5.0,Babihong Enaakk yah di simi 👍🏻🤩Rasa mantull .. Baru 👍🏻Mantao tipis lembut enak..Makasi Fajar & Gojek dgn promo diskonnya yg LUAR BIASA!! Makin sukses !!🙏🏻⭐️♥️⭐️❤️⭐️❤️⭐️🌟,Babi Hong Ala Khee - Yammie Casiew Siobak,5 Juni 2022,2025-07-04 21:46:14
"Fajar Chinese Restaurant, Manyar",cakra,22 Juni 2017,5.0,Babi Hong plg mantap enak PREMIUM yah di sini !! Mantao lipatnya jg enak lembut sekali.Thx Pak Koki 🙏🌟👍🌟❤🎶😁,Babi Hong Ala Khee,2 Juni 2022,2025-07-04 21:46:14
"Fajar Chinese Restaurant, Manyar",cakra,22 Juni 2017,5.0,"Enak mantap,paling enak Babi Hong sini,spt yg sy mau,lapisan lemaknya sedikit,cuma sayang biasanya 5 potong,tp kali ini 4 potong saja😀",Babi Hong Ala Khee,23 Mei 2022,2025-07-04 21:46:14
"Fajar Chinese Restaurant, Manyar",Tjong Basuki,11 Februari 2019,4.0,porsi nya dikit... mehong lagi 😋 😋 hehehehe,Babi Hong Ala Khee,21 Mei 2022,2025-07-04 21:46:14
"Fajar Chinese Restaurant, Manyar",tomo,27 Desember 2016,5.0,order lele komplit.  tidak ada nasinya.,Lao Sa Bao Telur Asin - Yammie Pangsit - Nasi Hainam Bebek Pg,21 Mei 2022,2025-07-04 21:46:14
"Fajar Chinese Restaurant, Manyar",melted,17 September 2016,5.0,"sumpaaaahhh bessstt bakmiee in towwnn!!!mie chasio siobak ,mie pok dan varian ayam jamur spesial nya juaraaa💗💗💗deh!!!",Yammie Casiew Siobak,25 April 2022,2025-07-04 21:46:14
"Fajar Chinese Restaurant, Manyar",K******,25 November 2015,4.0,Enakk.. walau ada kejadian di ayam sapo tahunya ada cable ties nya.. tpi ttp enak ttp reorder.. mgkn lain kli lbh hati2,Casiew Panggang - Siobak Panggang - Angsio Tahu Jepang (Ayam / Babi / Seafood),23 Maret 2022,2025-07-04 21:46:14
"Fajar Chinese Restaurant, Manyar",limijati widjojo,28 Oktober 2018,3.0,"gak ada ikannya,,mahal cuma mihun aja sama sawi tok",Bihun Goreng (Ayam / Babi / Seafood ),20 Maret 2022,2025-07-04 21:46:14
"Fajar Chinese Restaurant, Manyar",LYZA,28 Juni 2019,4.0,burung daranya dingin,Burung Dara Goreng Mentega - Nasi Hainam - Siomay Tim,18 Maret 2022,2025-07-04 21:46:14
"Fajar Chinese Restaurant, Manyar",Henry Santoso,29 Desember 2018,5.0,mantullllll & packing baik,Gurami Asam Manis - Yammie Ayam Special - Kuo Tie Babi,27 Januari 2022,2025-07-04 21:46:14
"Fajar Chinese Restaurant, Manyar",L** S,24 Oktober 2015,5.0,just delicious. repeat order for sure,Kuo Tie Babi - Pangsit Rebus - Lao Sa Pao (Bakpao Telur Asin) - Tim Hakau Udang,17 Januari 2022,2025-07-04 21:46:14
"Fajar Chinese Restaurant, Manyar",magda,8 Oktober 2016,4.0,Mahal harga masakan di Fajar,Ayam Goreng Wangi 1/2 Ekor - Mapo Tahu - Baby Buncis Ala Szechuan - Nasi Goreng Hokian,18 Januari 2022,2025-07-04 21:46:14
"Fajar Chinese Restaurant, Manyar",Y*******,9 Juli 2016,1.0,"porsinya bikin nangeess, dikit banget",Sup Asparagus Telur Kepiting - Sup Asparagus Sari Ayam,6 Januari 2022,2025-07-04 21:46:14
"Fajar Chinese Restaurant, Manyar",annie banjuradja,14 Desember 2017,5.0,masakannya enakkkkk  semuanyaaaaa..,Babi Hong Ala Khee Frozen - Yammie Ayam Jamur,9 Januari 2022,2025-07-04 21:46:14
"Fajar Chinese Restaurant, Manyar",Henry Santoso,29 Desember 2018,5.0,maknyussss & good taste,Sapi Ala Kanton - I Fu Mie Seafood,2 Januari 2022,2025-07-04 21:46:14
"Fajar Chinese Restaurant, Manyar",A****,12 Februari 2017,4.0,Babi Tim Sayur Asin agak keasinan ya. Bebek Panggang Porsinya enak..👍,Yong Tahu Ala Khe - Bebek Panggang Per Porsi - Babi Tim Sayur Asin,26 Desember 2021,2025-07-04 21:46:14
"Fajar Chinese Restaurant, Manyar",Indra Dewi,10 Agustus 2015,3.0,"Makanan yang dikirim tidak sesuai dengan orderan. Pesan yammie casio siobak, yang datang yammie siobak bebek 🙄😑",Mie Casiew Siobak - Angsio Tahu Jepang,26 Desember 2021,2025-07-04 21:46:14
"Fajar Chinese Restaurant, Manyar",monica,22 September 2018,1.0,Kalau take away bukannya pake bungkus doa kotak yg panjang.dan dapatnya kan satu ekor.knapa skrg jd di kotak mika dan isi nya cm 8 potong,Kakap Asam Manis - Yammie Polos Ala Carte Frozen - Air Mineral Cheers 330ml,18 Desember 2021,2025-07-04 21:46:14
"Fajar Chinese Restaurant, Manyar",fenny gamawati,6 Februari 2018,4.0,sambel di campu jg kepedesan,Mie Pok Ala Singapore - Yammie Polos Ala Carte Frozen - Steak Ala Canton Frozen,16 Desember 2021,2025-07-04 21:46:14
"Fajar Chinese Restaurant, Manyar",Linda,23 Maret 2016,2.0,"Kepiting sokanya tua, terlalu banyak tepung, sehingga seperti dadar jagung😢😢",Kepiting Soka Goreng Telur Asin - Baikut Cabe Garam,30 November 2021,2025-07-04 21:46:14
"Fajar Chinese Restaurant, Manyar",N********,10 Juli 2016,1.0,"parah bgt pesen koloke isinya cuma tepung. daging ayam cuma 7potong, sisanya remahan tepung dan tepung goreng. dgn harga yg mahal dan nama besar fajar parah bgt kualitasnya. lumpia udang nya cuma dpt 7 biji kecil2 harga 100rb lebih",Koloke - Lumpia Udang,20 November 2021,2025-07-04 21:46:14
"Fajar Chinese Restaurant, Manyar",F***** S******,10 Januari 2017,2.0,porsi tidak sesuai dengan harga,Sapo Tahu - Sup Asparagus Telur Kepiting - Sup Bibir Ikan (Porsi Individu),12 November 2021,2025-07-04 21:46:14
"Fajar Chinese Restaurant, Manyar",F***** S******,10 Januari 2017,2.0,porsi tidak sebanding dengan harga,Nasi Goreng Yang Chow - I Fu Mie - Bakpao Casiew,12 November 2021,2025-07-04 21:46:14
"Fajar Chinese Restaurant, Manyar",A*****,1 November 2015,4.0,salah satu ikan nya sudah lembek / ngak padat dagingnya (kurang fresh tapi bukan rusak),Gurami Tim Ala Khee,6 November 2021,2025-07-04 21:46:14
"Fajar Chinese Restaurant, Manyar",M**** A****,5 September 2016,4.0,lbh baik pakai dus spt dulu,Mie Pok Ala Singapore,12 Oktober 2021,2025-07-04 21:46:14
"Fajar Chinese Restaurant, Manyar",E****,3 Desember 2019,4.0,bebek Peking nya tidak ada bumbu tauconya,Kuo Tie Babi - Pangsit Goreng Udang - Siomay Babi - Lumpia Goreng Ayam - I Fu Mie Seafood,10 Oktober 2021,2025-07-04 21:46:14
"Fajar Chinese Restaurant, Manyar",Y**** A********,1 Mei 2018,5.0,resto Chinese Food yang legendaris di Surabaya...Layanan nya cepat...Harga sesuai dengan kualitasnya...ada Dimsum juga,Kolobak - Tim Kaki Ayam,17 September 2021,2025-07-04 21:46:14
"Steak Hut, Mulyorejo",T**** Y*****,14 Mei 2018,5.0,Terima kasih enak semuaaa,Beef Teriyaki Bento - Fried Rice Seafood Bento,18 April 2025,2025-07-04 21:46:40
"Steak Hut, Mulyorejo",Intan Mei,12 Maret 2017,3.0,"gosong ini sih ayamnya
kenapa kecil sskali juga",Chicken Cordon Bleu,5 November 2024,2025-07-04 21:46:40
"Steak Hut, Mulyorejo",indahwati,14 Agustus 2017,5.0,gado gado enak. cumi enak. mantap,Tumis Cumi Cabe Ijo - Gado - Gado - Teh Tawar/Manis,14 Oktober 2024,2025-07-04 21:46:40
"Steak Hut, Mulyorejo",I*********,5 Mei 2017,3.0,kroketnya cmn kentang biasa ga dicampur butter atau keju. kentangnya juga tidak halus masih ada kentang utuh di kroketnya,Soft Roll - Potato Croquettes,5 September 2024,2025-07-04 21:46:40
"Steak Hut, Mulyorejo",K***** H*********,11 Februari 2018,4.0,Nasgornya ayamnya dikit,Spring Chicken (1 Portion) - Chicken Fried Rice,4 Februari 2023,2025-07-04 21:46:40
"Steak Hut, Mulyorejo",Budi Gunarto,29 Juli 2017,5.0,enak sekali 👍👍👍👍👍,Grilled Snow Fish,27 April 2022,2025-07-04 21:46:40
"Steak Hut, Mulyorejo",bobby,13 November 2015,2.0,saos sambel jgn pelit2. 1 steak segitu bnyk saos cuma 1. driver udah request nambah jg. steak req med well. dapetnya medium sedikit rare.. notes dibaca gak si? rasa tetap mantap lebih diperhatikan req nya aja.,Chicken Cream Soup - Tenderloin Black Paper - Steak Hut Omelette,14 Februari 2022,2025-07-04 21:46:40
"Steak Hut, Mulyorejo",Veronika,30 Juli 2017,5.0,"mantap semu, bumbu banyak uenakk polll seneng banget sm steak hut",Tenderloin Steak Ori,9 Januari 2022,2025-07-04 21:46:40
"Steak Hut, Mulyorejo",I***,24 Oktober 2016,3.0,"ribsnya keras,susah digigit",Nz Beef Ribs,26 Oktober 2021,2025-07-04 21:46:40
"Steak Hut, Mulyorejo",E***,17 September 2015,2.0,"mashed potato.nya hambar banget, ikannya gosong, saos steak encer banget",Red Salmon Steak,26 September 2021,2025-07-04 21:46:40
"Steak Hut, Mulyorejo",I*** M****,28 April 2018,5.0,"Gofood terus mantap , enak sekali 👍👍👍",Steak Hut Omelette - Chicken Steak Spicy,28 Agustus 2021,2025-07-04 21:46:40
"Steak Hut, Mulyorejo",H******,7 Agustus 2015,5.0,"packingnya bagus dan mewah, steaknya enak cuma tidak sesuai permintaan. minta steak well done tapi dikasih medium rare (karena untuk bumil jadi tidak bisa dimakan). rasanya enak, dan porsinya oke, saus disajikan dalam botol tersegel.",Tenderloin Steak Ori - Chicken  Steak Original,30 Juli 2021,2025-07-04 21:46:40
"Steak Hut, Mulyorejo",D*****,5 Agustus 2015,1.0,"Tidak dikasih jagung, biasanya ada jagung. Kentang sangat sedikit, tidak seperti biasanya. Jangan dikurang2i donk porsinya, kalau gini buat males mau beli lagi. KECEWA!!!!",Chicken Cordon Bleu,7 Agustus 2021,2025-07-04 21:46:40
"Steak Hut, Mulyorejo",T**** J*** S******,21 Oktober 2016,3.0,Daging steak Ayamnya keras.,Steak Hut Salad - Mixed Grill BBQ - Potato Croquettes - Bird Nest,16 Juli 2021,2025-07-04 21:46:40
"Steak Hut, Mulyorejo",S********,23 Februari 2016,5.0,sesuai permintaan yg saya tulis.  makasih banyak  puassss,Chicken  Steak Original - Mozarella Beef Roll - Spring Chicken (1/2 Portion),1 Juli 2021,2025-07-04 21:46:40
"Steak Hut, Mulyorejo",I****,17 Juli 2015,4.0,"masakannya enak tapi kurang higenis, ada laron hidup di menu sarang burung",Chicken Steak with Ham - Bird Nest,16 Juni 2021,2025-07-04 21:46:40
"Steak Hut, Mulyorejo",D*****,24 November 2016,2.0,"tidak dikasih sayuran
dan sudah sy kasih note mashed potato tp di kasih french fries",Mountain Burger Complete - Mozarella Beef Roll,23 Mei 2021,2025-07-04 21:46:40
"Steak Hut, Mulyorejo",L**** K***,27 Desember 2018,4.0,Sayurannya dingin dari kulkas. Kentangnya gak garing. Porsinya kurang.,Tenderloin Steak Ori - Chicken  Steak Original,28 April 2021,2025-07-04 21:46:40
"Steak Hut, Mulyorejo",D***,14 November 2015,5.0,grill snow fish is awesome😍.  corn with butter n cheese is the best😍,Corn With Butter & Cheese - Grilled Snow Fish - Potato Croquettes - Galantine,28 Januari 2021,2025-07-04 21:46:40
"Steak Hut, Mulyorejo",M**** S******,17 April 2016,2.0,galantinnya gosong,Crispy Chicken Steak - Galantine - Durian Juice,12 Desember 2020,2025-07-04 21:46:40
"Steak Hut, Mulyorejo",H**** L***,13 Juli 2015,5.0,mantappppp.. keep it up!!,Tenderloin Steak Ori - Steak Hut Omelette,15 Oktober 2020,2025-07-04 21:46:40
"Steak Hut, Mulyorejo",O** J*** H***,6 Juli 2015,5.0,Terimakasih sdh berbagi dng yg membutuhkan,Traktir Driver Gojek 6,9 April 2020,2025-07-04 21:46:40
"Steak Hut, Mulyorejo",A***,28 Agustus 2015,2.0,"sayur tukar kentang, dikasi sayur smua. skrg ada biaya parkir juga yg dikenakan.",Chicken Steak Original,12 Desember 2019,2025-07-04 21:46:40
"Steak Hut, Mulyorejo",A***,28 Agustus 2015,4.0,adem crut kentange,Chicken Steak Original,11 Desember 2019,2025-07-04 21:46:40
"Steak Hut, Mulyorejo",A***,28 Agustus 2015,4.0,hari ini asin banget,Chicken Steak Original,2 Desember 2019,2025-07-04 21:46:40
"Steak Hut, Mulyorejo",A***,28 Agustus 2015,5.0,yg lama promonya,Chicken Steak Original,28 November 2019,2025-07-04 21:46:40
"Steak Hut, Mulyorejo",A***,28 Agustus 2015,5.0,sayangnya cuman anget ga panas,Chicken Steak Original,27 November 2019,2025-07-04 21:46:40
"Steak Hut, Mulyorejo",L***,2 Agustus 2015,4.0,Steak ayamnya kurang empuk.,Chicken Steak Original,21 November 2019,2025-07-04 21:46:40
"Steak Hut, Mulyorejo",C****** V*******,15 Mei 2018,5.0,Kali ini agak terlalu asin steaknya,Chicken Steak Original,20 November 2019,2025-07-04 21:46:40
"Steak Hut, Mulyorejo",L***,2 Agustus 2015,4.0,Tender chicken meat,Chicken Steak Original,18 November 2019,2025-07-04 21:46:40
"Steak Hut, Mulyorejo",A***,28 Agustus 2015,2.0,nda anget dagingnya,Chicken Steak Original,17 November 2019,2025-07-04 21:46:40
"Steak Hut, Mulyorejo",R***** E***,24 Agustus 2015,4.0,"porsinya ikutan promo, daging lebih sedikit dibanding makan ditempat",Chicken Steak Original,15 November 2019,2025-07-04 21:46:40
"Steak Hut, Mulyorejo",K****** D*** W*****,1 September 2015,5.0,ada diskon jd murah,Spaghetti Bolognese,9 November 2019,2025-07-04 21:46:40
"Steak Hut, Mulyorejo",S****** M*******,29 Juli 2016,3.0,"Bolognaise yang aneh, maaf ya",Spaghetti Bolognese,23 Oktober 2019,2025-07-04 21:46:40
"Steak Hut, Mulyorejo",J***** N***** P****,14 Agustus 2015,2.0,Harga 30rb rasa 10rb,N/A,17 Mei 2018,2025-07-04 21:46:40
"Bakso Kepala Sapi dan Mie Ayam Juara, Klampis Jaya",A***,21 Oktober 2017,2.0,Pramusaji gk fokus varian keju gk smua keju isinya ad 2 cincang daging anakku jd nangis gk smua keju pentolnya,Bakso Varian Keju - Bakso Komplit,21 Juni 2025,2025-07-04 21:47:15
"Bakso Kepala Sapi dan Mie Ayam Juara, Klampis Jaya",Laksmi Hamisena,22 Januari 2016,1.0,"belain beli disini karena anak minta bakso keju. ternyata bakso kejunya gak ada, yawda dong minta cancel aja. kata restonya gak bisa. parah sih! klo cuma bakso biasa ngapain beli disini. banyak yg jauuuuhhh lebih enak! mending beli tempat lain. ngasih bintang 1 aja gak ikhlas sih ini.",Bakso Original Kecil - Bakso Varian Keju - Jus Durian,10 Juni 2025,2025-07-04 21:47:15
"Bakso Kepala Sapi dan Mie Ayam Juara, Klampis Jaya",A***,20 September 2015,4.0,kl ada gorengan lebih baik sbg pilihan bg yg suka,Bakso Original Kecil - Bakso Komplit,9 Mei 2025,2025-07-04 21:47:15
"Bakso Kepala Sapi dan Mie Ayam Juara, Klampis Jaya",ianti,14 Juni 2017,2.0,katanya komplit...kok datangnya pentol semua ? gak telp dulu. gak amanah,Bakso Original Kecil,8 April 2025,2025-07-04 21:47:15
"Bakso Kepala Sapi dan Mie Ayam Juara, Klampis Jaya",Fitri Zayed,21 Agustus 2023,5.0,pokoknya mantap,Bakso Original Kecil,29 Januari 2025,2025-07-04 21:47:15
"Bakso Kepala Sapi dan Mie Ayam Juara, Klampis Jaya",dewangga,26 September 2018,5.0,Alhamdulillah. Nikmat,Bakso Original Kecil,5 Januari 2025,2025-07-04 21:47:15
"Bakso Kepala Sapi dan Mie Ayam Juara, Klampis Jaya",H****,16 Oktober 2021,5.0,enak seperti makan di resto langsung,Bakso Komplit,2 April 2024,2025-07-04 21:47:15
"Bakso Kepala Sapi dan Mie Ayam Juara, Klampis Jaya",A*****,16 September 2015,3.0,"Rasa tidak ada masalah, Tapi tidak ada sambal, jeruk nipis. Gorengan tidak dikasih plastik sendiri, dicampur dengan bon. Mohon higenis diperhatikan. Terimakasih",Bakso Hemat - Jus Alpukat - Bakso Komplit,22 Maret 2024,2025-07-04 21:47:15
"Bakso Kepala Sapi dan Mie Ayam Juara, Klampis Jaya",Lea,28 Desember 2015,1.0,"menunggu 1,5 jam baru dikirim. sudah dibatalkan tapi tetap dikirim",Bakso Original Kecil,14 Februari 2024,2025-07-04 21:47:15
"Bakso Kepala Sapi dan Mie Ayam Juara, Klampis Jaya",aminarti,8 April 2017,5.0,Anak saya kalau sakit makan bakso langsung sembuh.,Bakso Original Kecil,31 Januari 2024,2025-07-04 21:47:15
"Bakso Kepala Sapi dan Mie Ayam Juara, Klampis Jaya",T*** H***** E*****,7 Juli 2016,1.0,"Bingung bgt yg nulis review enak, kuahnya manis dan tidak fresh cenderung basi malah sampe eneg makannya. Cuma nyiapin bakso saja lama sekali 😞. Baksonya juga sudah tidak fresh. Dengan harga segitu nyesel sekali order disini karena mubazir kebuang dari pada sakit perut",Bakso Original Kecil - Bakso Komplit - Lontong,3 Desember 2023,2025-07-04 21:47:15
"Bakso Kepala Sapi dan Mie Ayam Juara, Klampis Jaya",D****,26 Oktober 2020,5.0,"Selalu muantul, kenyalnya pas 👍",Bakso Original Kecil - Bakso Komplit,23 Oktober 2023,2025-07-04 21:47:15
"Bakso Kepala Sapi dan Mie Ayam Juara, Klampis Jaya",prita,4 Januari 2019,5.0,"bakso nya enakk bangett
minta tambah jeruk + sambel juga dikasih 😍",Bakso Komplit,7 Agustus 2023,2025-07-04 21:47:15
"Bakso Kepala Sapi dan Mie Ayam Juara, Klampis Jaya",H****,18 Juli 2023,4.0,Endul baksonya,Bakso Potongan Daging,19 Juli 2023,2025-07-04 21:47:15
"Bakso Kepala Sapi dan Mie Ayam Juara, Klampis Jaya",N****,23 Desember 2018,5.0,yaAllah ternyata porsinya banyak bangettt kagettt  😅,Bakso Varian Tahu - Bakso Jumbo Isi Daging Campur - Nasi Putih - Bakso Hemat,7 Juli 2023,2025-07-04 21:47:15
"Bakso Kepala Sapi dan Mie Ayam Juara, Klampis Jaya",W**** S,19 Oktober 2016,2.0,Rasa baso seperti sdh lama di freezer. Rasanya aneh,Bakso Varian Daging,9 Mei 2023,2025-07-04 21:47:15
"Bakso Kepala Sapi dan Mie Ayam Juara, Klampis Jaya",AVRILIYA,21 April 2019,5.0,enak dan q suka 👍👍,Bakso Varian Daging,1 Juni 2023,2025-07-04 21:47:15
"Bakso Kepala Sapi dan Mie Ayam Juara, Klampis Jaya",A***,8 September 2015,5.0,"penak tenan cak, tapi regine yo lumayan sisan ker",Bakso Original Kecil - Bakso Komplit - Bakso Hemat,20 Mei 2023,2025-07-04 21:47:15
"Bakso Kepala Sapi dan Mie Ayam Juara, Klampis Jaya",Rianti,15 September 2015,2.0,"Penjual tidak baca Note, Minta kecap tidak dikasih kecap. Rasa juga tidak memuaskan",Bakso Komplit - Gorengan - Jeruk Hangat Jumbo - Mie Ayam,15 Mei 2023,2025-07-04 21:47:15
"Bakso Kepala Sapi dan Mie Ayam Juara, Klampis Jaya",A***** D*** K,11 Agustus 2016,5.0,Enak pake bangetttttt,Bakso Komplit - Gorengan - Mie Ayam - Es Teh Jumbo - Jus Tomat,13 April 2023,2025-07-04 21:47:15
"Bakso Kepala Sapi dan Mie Ayam Juara, Klampis Jaya",D****,13 Februari 2018,5.0,"Baksonya mantulll, cmn kuah nya krg sedep 👍",Bakso Original Kecil - Bakso Hemat,30 Maret 2023,2025-07-04 21:47:15
"Bakso Kepala Sapi dan Mie Ayam Juara, Klampis Jaya",Erika Saptiarini,29 Mei 2018,1.0,Pesenan nya salah,Bakso Varian Tahu - Lontong,28 Januari 2023,2025-07-04 21:47:15
"Bakso Kepala Sapi dan Mie Ayam Juara, Klampis Jaya",B******* S*****,17 Agustus 2016,5.0,Okay matur tengyu.....,Bakso Komplit - Mie Ayam,21 Januari 2023,2025-07-04 21:47:15
"Bakso Kepala Sapi dan Mie Ayam Juara, Klampis Jaya",H****,13 Februari 2018,5.0,"Enakkk, isi banyak, tapi sayang kuah e sedikit, jadi gersang makan e  😂",Bakso Komplit,28 Oktober 2022,2025-07-04 21:47:15
"Bakso Kepala Sapi dan Mie Ayam Juara, Klampis Jaya",instyle butiq,18 Maret 2017,5.0,Enak banget asli,Mie Ayam Bakso,12 Oktober 2022,2025-07-04 21:47:15
"Bakso Kepala Sapi dan Mie Ayam Juara, Klampis Jaya",A**** N******* W******,28 Agustus 2015,3.0,Pesan bakson komplit dan hemat plus gorengan terpisah harus nya dapat 7 gorengan karena tiap porsi bakso dapat 1 yang datang cuma 5,Bakso Komplit - Bakso Hemat - Lontong - Gorengan,6 Oktober 2022,2025-07-04 21:47:15
"Bakso Kepala Sapi dan Mie Ayam Juara, Klampis Jaya",W**** I********,6 Mei 2018,5.0,rasa makanannya istimewa.... joss tenan,Bakso Komplit - Lontong,5 September 2022,2025-07-04 21:47:15
"Bakso Kepala Sapi dan Mie Ayam Juara, Klampis Jaya",J****,24 September 2015,4.0,"kasih bintang 4 aja kali ini, restonya lupa ngasih sambel, saos sama kecap nya jd rasanya agak kurang lah. lain kali di cek lagi ya untuk pelengkapnya mksh",Bakso Varian Tahu - Bakso Komplit - Bakso Hemat - Lontong - Jus Sirsak,28 Agustus 2022,2025-07-04 21:47:15
"Bakso Kepala Sapi dan Mie Ayam Juara, Klampis Jaya",hisbu falah hamdi,1 Januari 2021,5.0,mantulll dahh enakk trs kuahnya juga kerasa pas  😁😁,Bakso Original Kecil - Bakso Komplit - Jus Alpukat,21 Agustus 2022,2025-07-04 21:47:15
"Bakso Kepala Sapi dan Mie Ayam Juara, Klampis Jaya",yanajojo,13 Januari 2019,5.0,"mie ayam kampung terenakkkk
ayam kampungnya bkin gurihhh",Mie Ayam Bakso,19 Agustus 2022,2025-07-04 21:47:15
"Bakso Kepala Sapi dan Mie Ayam Juara, Klampis Jaya",jayanti,19 Juni 2016,4.0,jus duriannya encer bgt,Bakso Original Kecil - Jus Durian,28 Juli 2022,2025-07-04 21:47:15
"Bakso Kepala Sapi dan Mie Ayam Juara, Klampis Jaya",yudi purnomo,31 Juli 2016,2.0,koq berubah ya gk kayak dulu. kuahnya kayak kuah kemarin yg dipanasi lagi. beli gorengan 5 basi semua. suunya juga basi. Ownernya tau gk sih kayak gini,Bakso Komplit - Bakso Varian Mix - Gorengan,24 Juli 2022,2025-07-04 21:47:15
"Bakso Kepala Sapi dan Mie Ayam Juara, Klampis Jaya",fanny,25 Juli 2018,5.0,"terima kasih banyak untuk sendoknya 🤗☺️
senang skali berbelanja disni 
baksonya juga rasanya mantap, enak bnget👍👍👍👍👍
the best dehhh 😊",Bakso Original Kecil - Jus Mangga - Bakso Komplit,19 Juni 2022,2025-07-04 21:47:15
"Bakso Kepala Sapi dan Mie Ayam Juara, Klampis Jaya",I****,27 Desember 2021,3.0,"enak sih, cuma porsinya gak sesuai aplikasi. di aplikasi 15, pas datang 10 bakso 🙂",Bakso Original Kecil,10 Juni 2022,2025-07-04 21:47:15
"Bakso Kepala Sapi dan Mie Ayam Juara, Klampis Jaya",P*******,16 November 2015,3.0,"isinya ga nyampe 15biji, bisa lebih teliti ya selanjutnya",Bakso Original Kecil,9 Juni 2022,2025-07-04 21:47:15
"Bakso Kepala Sapi dan Mie Ayam Juara, Klampis Jaya",D**** Y******,5 Agustus 2020,3.0,"di aplikasi tulisan nya isi 15 tapi pas sampai cuma isi 10,
kalo memang ada perubahan kalo bisa segera diganti, biar pelanggan tidak kecewa,
terimakasih 🙏",Bakso Original Kecil,9 Juni 2022,2025-07-04 21:47:15
"Bakso Kepala Sapi dan Mie Ayam Juara, Klampis Jaya",R***,31 Desember 2021,4.0,"maaf ya, rasa minyaknya kayak agak tengik",Bakso Hemat - Mie Ayam,23 Mei 2022,2025-07-04 21:47:15
"Bakso Kepala Sapi dan Mie Ayam Juara, Klampis Jaya",yulfa,30 Juni 2015,5.0,"mantap, harga murah",Bakso Original Kecil - Bakso Hemat,23 Mei 2022,2025-07-04 21:47:15
"Bakso Kepala Sapi dan Mie Ayam Juara, Klampis Jaya",aguspurwanto,2 Agustus 2015,1.0,Katanya promo pentol kecil isi 15 bji stlah dibuka cma 10 bji jualan tu laku gk laku enak gk enak penting amanah dan jjur,Lontong - Bakso Original Kecil,22 Mei 2022,2025-07-04 21:47:15
"Bakso Kepala Sapi dan Mie Ayam Juara, Klampis Jaya",meymey,24 Februari 2020,2.0,basonya kurang segar dan rasanya sedikit bau,Bakso Original Kecil,19 April 2022,2025-07-04 21:47:15
"Bakso Kepala Sapi dan Mie Ayam Juara, Klampis Jaya",V*** W*****,27 Februari 2019,3.0,bakso rasanya agak manis,Bakso Original Kecil - Bakso Hemat - Gorengan,16 April 2022,2025-07-04 21:47:15
"Bakso Kepala Sapi dan Mie Ayam Juara, Klampis Jaya",Meriesha,6 Juli 2019,5.0,bakso nya jadi imut²..gak sprt dulu,Bakso Hemat - Gorengan,11 April 2022,2025-07-04 21:47:15
"Bakso Kepala Sapi dan Mie Ayam Juara, Klampis Jaya",Era Zakaria,21 November 2019,3.0,"baksonya ennakk.
untuk mie ayamnya enak juga dapet banyak tapi untuk ayamnya sendri kurang sedap,kurang bumbu dan kurang gurih menurut saya, seperti ayam rebus biasa. mohon lebih ditingkatkan untuk cita rasa ayamnya.
namun kemasan sdh oke.",Bakso Original Kecil - Mie Ayam - Nasi Putih - Gorengan,6 April 2022,2025-07-04 21:47:15
"Bakso Kepala Sapi dan Mie Ayam Juara, Klampis Jaya",putri,14 Januari 2017,4.0,tidak ada sambal,Bakso Original Kecil,29 Maret 2022,2025-07-04 21:47:15
"Bakso Kepala Sapi dan Mie Ayam Juara, Klampis Jaya",C*************,1 Maret 2020,4.0,di notes bilang ga pakai sayur dan bawang goreng tpi masih tetap dikasih bawang goreng sehingga saya harus menyingkirkan bawang goreng yang banyak itu baru makan,Mie Ayam,29 Maret 2022,2025-07-04 21:47:15
"Bakso Kepala Sapi dan Mie Ayam Juara, Klampis Jaya",Dewi Sastra kartika,2 Agustus 2021,1.0,mie ayam nya bnyk tulangnya. sy GK sengaja k makan tulang e. bumbu dan kuah ny kurang. untuk porsi pengemasan baik tapi tlng d tingktkan yg kurang tadi,Mie Ayam Original,25 Januari 2022,2025-07-04 21:47:15
"Bakso Kepala Sapi dan Mie Ayam Juara, Klampis Jaya",Meriesha,6 Juli 2019,4.0,bebek nya msh oke..syg baksonya mengalami penurunan rasa kuahnya..yok bisa yok sprt dulu,Bakso Original Besar - Bakso Original Kecil - Lontong - Nasi Bebek Paha,6 Januari 2022,2025-07-04 21:47:15
"Bakso Kepala Sapi dan Mie Ayam Juara, Klampis Jaya",A******,9 Mei 2017,3.0,Rasa baksonya  menurun,Bakso Varian Mix,10 Desember 2021,2025-07-04 21:47:15
"Bakso Kepala Sapi dan Mie Ayam Juara, Klampis Jaya",N****,18 September 2015,2.0,Menurut aku loh itu,Jus Mangga - Jus Jeruk - Jus Alpukat - Bakso Original Kecil,5 Desember 2021,2025-07-04 21:47:15
"Bakso Kepala Sapi dan Mie Ayam Juara, Klampis Jaya",ceria sari,13 November 2015,4.0,kuahnya jgn pelit ya,Bakso Original Kecil - Gorengan,28 November 2021,2025-07-04 21:47:15
"Bakso Kepala Sapi dan Mie Ayam Juara, Klampis Jaya",F****** W********,19 Oktober 2015,3.0,Pesen 4 paket ichitan yg dikirim cmn 1 paket ichitan 🙄🙄🙄🙄🙄🙄,Bakso Original Kecil + Free 1 Ichitan - Mie Ayam Original,5 Desember 2021,2025-07-04 21:47:15
"Bakso Kepala Sapi dan Mie Ayam Juara, Klampis Jaya",A***,12 Juli 2016,3.0,pesanan bakso tidak datang (tidak di konfirmasi),Bakso Original Kecil + Free 1 Ichitan - Mie Ayam Original - Bebek Paha - Jus Sirsak,1 Desember 2021,2025-07-04 21:47:15
"Bakso Kepala Sapi dan Mie Ayam Juara, Klampis Jaya",M*******,6 Juli 2019,5.0,sekarang jarang ada tambahan jeroannya..dulu meski pesen malam slalu lengkap..tp rasa msh sama ENAK 👍,Nasi Bebek Paha,1 Desember 2021,2025-07-04 21:47:15
"Bakso Kepala Sapi dan Mie Ayam Juara, Klampis Jaya",Lukman Hakim,9 Desember 2017,3.0,"pesan 5 porsi tapi sambal, mie putih dan sausnya hanya dapat 3. Alhasil saya bikin sambal sendiri :x",Bakso Original Kecil - Bakso Varian Tahu - Gorengan,28 November 2021,2025-07-04 21:47:15
"Bakso Kepala Sapi dan Mie Ayam Juara, Klampis Jaya",S****** B,7 November 2015,3.0,rasa basonya menurun ya d banding sy beli 2 th lalu...,Mie Ayam Original - Bakso Original Kecil - Bakso Varian Keju,21 November 2021,2025-07-04 21:47:15
"Bakso Kepala Sapi dan Mie Ayam Juara, Klampis Jaya",M*******,6 Juli 2019,5.0,suka sama bebeknya..enak..tapi kenapa skrg ndak pernah dikasih rempeloati..dikasihnya kepala malah kadang gak dikasih apa²,Nasi Bebek Paha,19 November 2021,2025-07-04 21:47:15
"Bakso Kepala Sapi dan Mie Ayam Juara, Klampis Jaya",B*** H*******,8 April 2016,4.0,tidak di kasi pengaman / pengikat dibungkus plastik nya,Bakso Original Kecil,12 November 2021,2025-07-04 21:47:15
"Bakso Kepala Sapi dan Mie Ayam Juara, Klampis Jaya",M*******,6 Juli 2019,5.0,bisa dimakan sampe bsok..buanyak porsinya 👍,Sop Ayam Setengah Ekor,4 November 2021,2025-07-04 21:47:15
"Bakso Kepala Sapi dan Mie Ayam Juara, Klampis Jaya",J*****,30 November 2016,5.0,"baksonya besar besar,mantap pokoknya",Bakso Varian Mix,22 Agustus 2021,2025-07-04 21:47:15
"Bakso Kepala Sapi dan Mie Ayam Juara, Klampis Jaya",N**** S*******,23 Agustus 2015,5.0,porsi & kemasannya suka,Mie Ayam Bakso,14 Agustus 2021,2025-07-04 21:47:15
"Bakso Kepala Sapi dan Mie Ayam Juara, Klampis Jaya",B**** A**********,19 Oktober 2020,5.0,"too good 4 me, freshness is fine",Bakso Original Kecil - Mie Ayam Original,9 Agustus 2021,2025-07-04 21:47:15
"Bakso Kepala Sapi dan Mie Ayam Juara, Klampis Jaya",S*** P********,29 November 2015,3.0,koq tidak dikasih mie kuning dan so'un ?,Bakso Original Besar - Bakso Original Kecil - Gorengan - Bakso Varian Tahu - Bakso Varian Keju - Bakso Varian Pedas,18 Juli 2021,2025-07-04 21:47:15
"Bakso Kepala Sapi dan Mie Ayam Juara, Klampis Jaya",M******* F*****,5 Oktober 2018,5.0,Rasanya mantapp..! 👍,Bakso Original Kecil,6 Juli 2021,2025-07-04 21:47:15
"Bakso Kepala Sapi dan Mie Ayam Juara, Klampis Jaya",U******,17 April 2018,3.0,Rasanya flat :| mungkin karena ayamnya gak dibumbui ya,Mie Ayam Bakso - Mie Ayam Original,10 Juni 2021,2025-07-04 21:47:15
"Bakso Kepala Sapi dan Mie Ayam Juara, Klampis Jaya",S***,1 November 2016,5.0,tetap jaga kualitas.. sukses slalu..,Bakso Original Kecil,29 Mei 2021,2025-07-04 21:47:15
"Bakso Kepala Sapi dan Mie Ayam Juara, Klampis Jaya",A**** F*** H*****,19 Agustus 2015,3.0,harga beda dg beli langsung,Bakso Original Kecil,14 Januari 2021,2025-07-04 21:47:15
"Bakso Kepala Sapi dan Mie Ayam Juara, Klampis Jaya",Z*******,12 Januari 2018,2.0,Kuahnya terlalu sedikit. Gak bisa buat rame2,Bakso Original Kecil,22 November 2020,2025-07-04 21:47:15
"Bakso Kepala Sapi dan Mie Ayam Juara, Klampis Jaya",A***,14 November 2016,5.0,enaaaaaak pkok e,Nasi - Sop Sayap,9 Desember 2019,2025-07-04 21:47:15
"Bakso Kepala Sapi dan Mie Ayam Juara, Klampis Jaya",D**** A********,21 Maret 2017,5.0,Terimakasih pak,Sop Sayap - Lontong,16 Oktober 2019,2025-07-04 21:47:15
"Bakso Kepala Sapi dan Mie Ayam Juara, Klampis Jaya",R**** S***********,11 Agustus 2016,4.0,"makanan sudah enak tapi harga beda antara aplikasi dengan kenyataan, mohon diupdate harganya yang diaplikasi",Sop Ayam 1/2 Ekor - Gorengan,31 Agustus 2019,2025-07-04 21:47:15
"Bakso Kepala Sapi dan Mie Ayam Juara, Klampis Jaya",S***,12 Desember 2015,1.0,I paid the rice for 2 pax but there's no rice when it delivered,Sop Ayam 1 Ekor - Nasi,28 Agustus 2019,2025-07-04 21:47:15
"Bakso Kepala Sapi dan Mie Ayam Juara, Klampis Jaya",P****,21 Agustus 2016,3.0,Tidak tau kenapa kuah nya terlalu manis apa mungkin di tambahkan kecap padahal saya jg gak minta di tambahin kecap lebih enak makan di sana,Sop Dada - Nasi,28 Agustus 2019,2025-07-04 21:47:15
"Bakso Kepala Sapi dan Mie Ayam Juara, Klampis Jaya",W**** H*********,4 Agustus 2015,4.0,Pesen paha dikasih yg lain,N/A,29 Juli 2019,2025-07-04 21:47:15
"Bakso Kepala Sapi dan Mie Ayam Juara, Klampis Jaya",B***,6 September 2018,2.0,harga di aplikasi sama nota tidak sama,N/A,30 Juli 2019,2025-07-04 21:47:15
"Bakso Kepala Sapi dan Mie Ayam Juara, Klampis Jaya",Q******* R*****,13 Maret 2016,5.0,Mohon harga di aplikasi diupdate...,N/A,8 Juli 2019,2025-07-04 21:47:15
"Bakso Kepala Sapi dan Mie Ayam Juara, Klampis Jaya",C****,3 Agustus 2017,4.0,"Rasa lumayan, tp harga gak sesuai aplikasi",N/A,12 Juni 2019,2025-07-04 21:47:15
"Bakso Kepala Sapi dan Mie Ayam Juara, Klampis Jaya",B******* S B*****,5 November 2016,5.0,😀Dƾìíîïƿº°˚˚°º»👍👍,N/A,2 Juni 2019,2025-07-04 21:47:15
"Bakso Kepala Sapi dan Mie Ayam Juara, Klampis Jaya",T** A*****,25 Februari 2018,3.0,saya pesan SOP ayam paha .dan yg datang cuma sopnya saja dan harga jg tidak sesuai,N/A,28 Mei 2019,2025-07-04 21:47:15
"Bakso Kepala Sapi dan Mie Ayam Juara, Klampis Jaya",F****** Y**,30 September 2015,3.0,Ayam kurang empuk,N/A,19 April 2019,2025-07-04 21:47:15
"Bakso Kepala Sapi dan Mie Ayam Juara, Klampis Jaya",D***,14 Februari 2017,5.0,sukaa suka sukaaaaa,N/A,22 Februari 2019,2025-07-04 21:47:15
"Bakso Kepala Sapi dan Mie Ayam Juara, Klampis Jaya",A****,30 Oktober 2015,5.0,makasih ya pak cepat sekali datangnya,N/A,13 Februari 2019,2025-07-04 21:47:15
"Bakso Kepala Sapi dan Mie Ayam Juara, Klampis Jaya",R*** A******,6 November 2018,4.0,"Rasa memang enak, sudah beberapa kali beli tapi harga tidak di update.",N/A,10 Februari 2019,2025-07-04 21:47:15
"Panties Pizza, Klampis",ninoo,28 Oktober 2020,4.0,standar sih tapi nagih,Curry Omelette Rice - President Pizza,28 Juni 2025,2025-07-04 21:47:48
"Panties Pizza, Klampis",Syafira,6 Oktober 2016,5.0,rasanya masih sama seperti biasa,Broadway Pizza - Choco Cheese - Pizzaderman,23 Juni 2025,2025-07-04 21:47:48
"Panties Pizza, Klampis",F***,8 Oktober 2017,4.0,"Pizzanya oke, adonan rotinya empuk, tapi spagettinya overcook ngga ada creamy2 nya... agak gosong juga tadi pastanya 🫠🫠",Spaghecheese - French Fries Ori - Chocozilla - Pizza Landing On You,21 Juni 2025,2025-07-04 21:47:48
"Panties Pizza, Klampis",A***,4 Mei 2018,4.0,"sy tau mungkin servernya kecapekan atau kenapa, sampe ngasih saos tomat pdahal di note aku tulis mau saos cabe. beneran semua saos tomat dan asem gada pedes2nya.. mengurangi rasa kenikmatan yang aku bayangkan. tidak like!",Pizzaderman - Banana Milo - Soda Strawbery - Karale Sambalalado,18 Juni 2025,2025-07-04 21:47:48
"Panties Pizza, Klampis",rizky,9 Juli 2016,5.0,Proper dan enak,University Pizza In And Out - Tuna Maya,30 Mei 2025,2025-07-04 21:47:48
"Panties Pizza, Klampis",G**** A*****,6 Februari 2017,1.0,Isinya kok cuma 3????,President Pizza,14 Maret 2025,2025-07-04 21:47:48
"Panties Pizza, Klampis",P*****,9 Mei 2017,5.0,"Akhirnyaaaaaa, enak sekali plisss 😍🫶🏼 toping selalu gak peliiittt mana masih panaas yummy puwol",Broadway Pizza - Tuna Maya In And Out - Pizza Landing On You,2 Januari 2025,2025-07-04 21:47:48
"Panties Pizza, Klampis",H****,13 April 2016,1.0,"kecewa. padahal dulu sering banget beli panties pizza. sekarang mumpung ke sby makan lagi, harganya naik tapi isinya berkurang banyak. sekarang cuma sekedar potongan tebal roti dan isinya sedikit banget. will never repurchase anymore. bye panties. pantesan tutup dimana mana.",Pizzaderman - Rush Hour Pizza - Broadway Pizza - President Pizza - Pizza Landing On You - Chick-O-Cheese,29 Desember 2024,2025-07-04 21:47:48
"Panties Pizza, Klampis",Rini Ariyanti,25 September 2017,5.0,pokoknya selalu nagih,Choco Cheese - Chick-O-Cheese,22 Desember 2024,2025-07-04 21:47:48
"Panties Pizza, Klampis",F*******,6 Juni 2024,5.0,"mantap, sudah 2x order",Rush Hour Pizza,8 Desember 2024,2025-07-04 21:47:48
"Panties Pizza, Klampis",alya salma faadillah syarif,19 September 2017,5.0,"rasanya konsisten dari dulu. enakkk, pas datang kejunya mulurrr",Dr. BBQ - The Multiverse Of Grilled Chicken - Broadway Pizza - Banana Milo,29 November 2024,2025-07-04 21:47:48
"Panties Pizza, Klampis",sriutami,17 Desember 2023,5.0,kejunya krg melimpah,Say Cheese - Pizza Landing On You,13 September 2024,2025-07-04 21:47:48
"Panties Pizza, Klampis",P***,22 Agustus 2015,3.0,pesan in out yg dateng calzone biasa,Broadway Pizza In And Out,22 Agustus 2024,2025-07-04 21:47:48
"Panties Pizza, Klampis",Z*************,27 Januari 2019,1.0,"PESEN MINUMAN, EH MINUMAN NYA GAK DIKIRIM. DAN TAGIHAN TETAP SAMA SEPERTI YG DIAWAL",Dr. BBQ - The Multiverse Of Grilled Chicken - University Pizza - Beef Rendang Spagheti - Pizza Landing On You - Chocozilla,10 Juli 2024,2025-07-04 21:47:48
"Panties Pizza, Klampis",A******* R**** D*******,5 Maret 2017,4.0,"salah pesanan, pesen yang broadway in n out tapi malah dapet yg calzone",Soda Cola - Broadway Pizza In And Out,21 Juni 2024,2025-07-04 21:47:48
"Panties Pizza, Klampis",Christine,26 Mei 2015,5.0,Tipis dan tasty. Panties Pizza selalu jadi solusi ngemil tapi tidak terlalu berat di perut. Sukses terus ya Panties!,Rush Hour Pizza - Pizzaderman - Beef Rendang Spagheti,16 Mei 2024,2025-07-04 21:47:48
"Panties Pizza, Klampis",C***,6 Oktober 2017,5.0,PIZZA TERENAK 😋,Curry Omelette Rice - Rush Hour Pizza,14 April 2024,2025-07-04 21:47:48
"Panties Pizza, Klampis",E* H*** H*****,7 Mei 2019,3.0,isinya kurang banyak terus sudah pilih double cheese tapi malah cheesenya sedikit dan ga molor,Broadway Pizza - Choco Cheese,4 April 2024,2025-07-04 21:47:48
"Panties Pizza, Klampis",Ni Nyoman S.,10 Desember 2017,1.0,"biasanya disegel , ini tas plastiknya terbuka , trs kurang susu bearbrandnya",Say Cheese In & Out Gratis 1 Bear Brand,4 April 2024,2025-07-04 21:47:48
"Panties Pizza, Klampis",Cak Munip,4 Agustus 2018,5.0,sesuai dengan pesanan.,University Pizza In And Out - Say Cheese In & Out,25 Februari 2024,2025-07-04 21:47:48
"Panties Pizza, Klampis",C** M****,4 Agustus 2018,4.0,aga lama pembuatannya,Say Cheese - Tuna Maya - Spaghecheese - Say Cheese In & Out - French Fries Ori,14 Februari 2024,2025-07-04 21:47:48
"Panties Pizza, Klampis",Sulaiman Brammas,20 Desember 2015,5.0,txs mas. great delivery!👍👍👍,Dr. BBQ - The Multiverse Of Grilled Chicken - Tuna Maya,14 Februari 2024,2025-07-04 21:47:48
"Panties Pizza, Klampis",Rosevita Nugrahanti Dewi,18 September 2017,4.0,"Klo habis di tulis persedian hbis dan klo chat mau ganti menu jgn tanpa kesepakatan customer, pdahal udah jawab gamau di ganti minuman loh tetep di ganti minuman.",Pizzaderman,9 Februari 2024,2025-07-04 21:47:48
"Panties Pizza, Klampis",arief budiman,28 September 2015,5.0,okay 👍.....................,Rush Hour Pizza - Chick-O-Cheese - Spaghecheese - Say Cheese,6 Desember 2023,2025-07-04 21:47:48
"Panties Pizza, Klampis",Fredy,16 November 2015,2.0,choco pizza nya ada suwiran ayam di dalemnya.. texture nya geli bgt,University Pizza - Choco Cheese,25 November 2023,2025-07-04 21:47:48
"Panties Pizza, Klampis",D***,29 September 2015,4.0,"Spagettinya keras huhuhu pdhl buat balita, rasa lumayan…",Chick-O-Cheese - Banana Pizza - Spaghecheese - Pizzaderman,15 November 2023,2025-07-04 21:47:48
"Panties Pizza, Klampis",C** M****,4 Agustus 2018,5.0,sesuai dengan pesanan.,Say Cheese - Tuna Maya - Pizzaderman - Spaghecheese,11 November 2023,2025-07-04 21:47:48
"Panties Pizza, Klampis",V****,19 Mei 2016,3.0,spagetinya di luar ekspektasi,President Pizza - Spaghecheese,9 November 2023,2025-07-04 21:47:48
"Panties Pizza, Klampis",D**,25 November 2016,3.0,gak panas (udah dingin pizza nya),Broadway Pizza,30 September 2023,2025-07-04 21:47:48
"Panties Pizza, Klampis",I***** M******* P****,24 Juli 2018,5.0,kerasa bawang banget emang tapi enakk,Pizza Landing On You,12 September 2023,2025-07-04 21:47:48
"Panties Pizza, Klampis",Tari,17 Desember 2015,5.0,"perasaan ak dah nambah cheese, kok kurang banyak ya cheesenya 😅
tp overall enakk sih, plg enak dimakan saat panas2",Tuna Maya - Cheese Me,10 September 2023,2025-07-04 21:47:48
"Panties Pizza, Klampis",K********,29 November 2015,2.0,"Pesanan tidak sesuai.. tadi pesan nya yg dr. Meatball in n out, tapi yg datang dr. Meatball biasa",Pizza Landing On You - Dr. Meatball In And Out - Spaghecheese,17 Juli 2023,2025-07-04 21:47:48
"Panties Pizza, Klampis",Antonnius H Y,24 Oktober 2016,2.0,"rasa spageti berubah total ( tidak ada rasa ) 
rasa pizza aneh
packaging kacau piza lengkt semua spageti bocor keluar
terimakasih",Choco Cheese In And Out - Pizza To Remember In And Out - Spaghecheese,22 Juni 2023,2025-07-04 21:47:48
"Panties Pizza, Klampis",C** M****,4 Agustus 2018,5.0,sesuai dengan pesanan.,Say Cheese - Tuna Maya - French Fries Ori,9 Juni 2023,2025-07-04 21:47:48
"Panties Pizza, Klampis",Andry,16 Juli 2019,5.0,sampe rumah masih panas. ya iyalah cuman 1 km wkwk TOP DEH SUKSES SELALU,Dr. BBQ - The Multiverse Of Grilled Chicken - Pizzaderman,27 Mei 2023,2025-07-04 21:47:48
"Panties Pizza, Klampis",Kintan Puspa,20 Desember 2021,5.0,Pizzaderman gak pernah salah. Enakkkk,Pizzaderman,21 Mei 2023,2025-07-04 21:47:48
"Panties Pizza, Klampis",D*** A******,20 September 2016,5.0,andalan dikala bingung dg makanan lainnya,Banana Milo,13 Mei 2023,2025-07-04 21:47:48
"Panties Pizza, Klampis",K******,26 November 2015,1.0,Makanannya kurang tidak sesuai dengan yang di aplikasi 👎,Soda Cola - Promo Spesial - Reality Pizza In & Out + Chocozilla - Tuna Maya - University Pizza,16 April 2023,2025-07-04 21:47:48
"Panties Pizza, Klampis",N***,31 Agustus 2015,5.0,Promo bundlingnya mantulllll ❤️❤️❤️. terbaik deh,Bundle Of Happiness,8 April 2023,2025-07-04 21:47:48
"Panties Pizza, Klampis",N****** A,21 November 2020,5.0,"Enaakk, porsinya jg sesuai",Spaghecheese - Choco Cheese - Choco Wild,19 Maret 2023,2025-07-04 21:47:48
"Panties Pizza, Klampis",D*** A******,20 September 2016,5.0,kesukaan teman teman,Choco Cheese - Tuna Maya,6 Maret 2023,2025-07-04 21:47:48
"Panties Pizza, Klampis",A****,13 Mei 2022,3.0,keren bgt packaging nasi telur kecapnya. plastik bungkusnya sampe ikutan kena bumbu kecap😍,President Pizza - Black Sauced Egg Rice,2 Maret 2023,2025-07-04 21:47:48
"Panties Pizza, Klampis",W**** E** W*****,30 Maret 2016,5.0,mksh... mantap bgt pelayanannya,Choco Cheese - Dr. BBQ - The Multiverse Of Grilled Chicken,23 Januari 2023,2025-07-04 21:47:48
"Panties Pizza, Klampis",tasya,13 April 2018,5.0,enakkkkkkk bangettttt,University Pizza,4 Desember 2022,2025-07-04 21:47:48
"Panties Pizza, Klampis",Naila Huda,19 Oktober 2021,5.0,enak creamy nya kerasa,Pizza Landing On You,26 Oktober 2022,2025-07-04 21:47:48
"Panties Pizza, Klampis",marsha fitri,28 Februari 2019,3.0,"Makanan belum matang sepenuhnya, seperti cuma dihangatkan, bagian bawah masih dingin",Say Cheese,25 Agustus 2022,2025-07-04 21:47:48
"Panties Pizza, Klampis",Robin,23 Juni 2015,3.0,"dah beda, g kek dulu ..",Pizzaderman,6 Juli 2022,2025-07-04 21:47:48
"Panties Pizza, Klampis",dita,18 November 2016,3.0,saya pesannya extra moza.. tp moza nya normal aja.. dan g ad extra²nya.. cuma d ujung aja,University Pizza,17 Juni 2022,2025-07-04 21:47:48
"Panties Pizza, Klampis",F****,7 April 2016,1.0,"Pesen yang extra mozarela, tidak dikasih extranya dan topingnya sangat sedikt sekali serta pengemasan asal asalan jdi waktu pizza datang pengemasannya terbuka",Choco Cheese,13 Juni 2022,2025-07-04 21:47:48
"Panties Pizza, Klampis",A*****,28 Juli 2015,3.0,Pizzanya gosong dan keras biasanya enak.,Choco Cheese,12 Juni 2022,2025-07-04 21:47:48
"Panties Pizza, Klampis",A*** S******,18 Oktober 2015,4.0,Kematangannya rasanya kurang…😁,University Pizza In And Out,8 Juni 2022,2025-07-04 21:47:48
"Panties Pizza, Klampis",agung ari wibowo,20 April 2021,5.0,okkkk. enak rekomended. josss,Broadway Pizza,31 Mei 2022,2025-07-04 21:47:48
"Panties Pizza, Klampis",Ghaly,26 Oktober 2016,5.0,rasa tidak mengecewakan,President Pizza - Pizza To Remember - Chick-O-Cheese,22 Mei 2022,2025-07-04 21:47:48
"Panties Pizza, Klampis",Heni Megawati,12 September 2021,5.0,favorit si kecil 😍,Say Cheese - Lemonade,6 Mei 2022,2025-07-04 21:47:48
"Panties Pizza, Klampis",J****,1 November 2015,5.0,Selalu favorit bgt spagecheese nya😍,Spaghecheese,7 April 2022,2025-07-04 21:47:48
"Panties Pizza, Klampis",J******** A******* U****,16 Juni 2021,1.0,I never got the food,Say Cheese In & Out - President Pizza,11 November 2021,2025-07-04 21:47:48
"Panties Pizza, Klampis",M*** A**** Y****,2 Juli 2019,3.0,Keju mozzarella pesan double tp kyk biasa ajh kejunya😑,Pizzaderman - Mission Im-PIZZA-ble,5 November 2021,2025-07-04 21:47:48
"Panties Pizza, Klampis",D*** A**** L***,7 November 2015,2.0,"kali ini beli, kecewa bgt kualitasnya turun paraah.. masa mozarellanya ga kerasa sama skali. biasanya di tarik pizzanya molor mozarelanya. ini gak sama skali. bahkan dalem isiannya g krasa ada mozanya.",Tuna Maya,9 September 2021,2025-07-04 21:47:48
"Panties Pizza, Klampis",G*** P****,20 Januari 2020,5.0,mbaknya ramah banget 👏👏,Pizzaderman,23 Agustus 2021,2025-07-04 21:47:48
"Panties Pizza, Klampis",Y***** H*****,21 Agustus 2015,5.0,Mantap sudah langganan. pizza nya lain dengan model pizza yg konvensional tapi enak rasa nya,SpagheCheese - President Pizza - Choco Cheese,25 Juni 2021,2025-07-04 21:47:48
"Panties Pizza, Klampis",A*** S*********,18 September 2020,2.0,"Rasa enak, dengan harga segitu, harusnya porsi bisa lebih banyak.
tetangga sebelah prosi bisa lebih banyak rasa enak dgn harga yg sama. 
🙏🙏🙏",Pizza To Remember In And Out - Reality Pizza,25 Juni 2021,2025-07-04 21:47:48
"Panties Pizza, Klampis",W**** W******,5 Mei 2019,3.0,rasanya Uda ga kayak dulu lagi chessenya juga  Uda ga banyak kayak dulu sih,Pizza To Remember,11 Mei 2021,2025-07-04 21:47:48
"Panties Pizza, Klampis",S********,8 September 2015,3.0,Pizza nya terlalu asin...,Chicken Run,11 April 2021,2025-07-04 21:47:48
"Panties Pizza, Klampis",O***** P****,28 Januari 2020,5.0,the best pokok nya 😁😊,President Pizza In & Out - Choco Cheese,1 Februari 2021,2025-07-04 21:47:48
"Panties Pizza, Klampis",K********** F*******,31 Desember 2017,4.0,kentang nya kurang asin dan keras ya smoked beefnya,Say Cheese - Frenchzone,27 Januari 2021,2025-07-04 21:47:48
"Panties Pizza, Klampis",S*******,23 Juni 2018,4.0,"kemasannya kurang padat, shg merusak struktur pizza",Tuna Maya - Pizzaderman,2 Januari 2021,2025-07-04 21:47:48
"Panties Pizza, Klampis",D****,29 April 2016,1.0,gosong tidak layak dimakan pahit semua saya order 2 parah sih g pernah panties kaya gini,Choco Cheese In & Out - Choco Cheese,22 Desember 2020,2025-07-04 21:47:48
"Panties Pizza, Klampis",N**** E***,27 Juni 2015,5.0,Rasanya enaaaaakk walaupun porsi dikit tapi sesuai harga,Banana Pizza - Mission Impizzable,15 November 2020,2025-07-04 21:47:48
"Panties Pizza, Klampis",A*********,17 Januari 2016,3.0,"enak pizza nya ,,, cuma penyajian nya ga jelas ,,, sudah tau keju Mozarella kok bungkus nya pakai kertas ,,, keju nya jadi lengket ke kertas nya ,,,",Pizzaderman In & Out,25 Agustus 2020,2025-07-04 21:47:48
"Panties Pizza, Klampis",C*****,15 Desember 2017,4.0,tolong harga dicantumkna untuk PPNnya.. biar tidak merepotkan drivernya.,Paket PSBB - 1,6 Juli 2020,2025-07-04 21:47:48
"Panties Pizza, Klampis",I** R*****,13 Maret 2019,5.0,sesuai banget. makasi,Berkah Ramadan 1 (beli 1 dapat 2) - Broadway Pizza,26 Mei 2020,2025-07-04 21:47:48
"Panties Pizza, Klampis",D*** A*** P*************,26 Desember 2017,5.0,"Say cheese, pizzaaderman nya endes👍",Berkah Ramadan 2 (beli 1 dapat 2) - Berkah Ramadan 3 (beli 1 dapat 2) - Pizzaderman - Berkah Ramadan 1 (beli 1 dapat 2) - Chocozilla,8 Mei 2020,2025-07-04 21:47:48
"Panties Pizza, Klampis",T*****,7 November 2015,1.0,Tadi beli pizzanya masih mentah alhasil seperti makan pizza mentah. Sayang sekali padahal kmaren saya belu enak makanya beli lagi kok jadi ga enak sih. Tidak dicek kualitas penyajiannya jd rasa tidak stabil,Pizzaderman - Say Cheese - Say Cheese,11 April 2020,2025-07-04 21:47:48
"Panties Pizza, Klampis",S*** S******* A*******,25 November 2017,2.0,"Harga tidak sesuai dengan yang sudah ditotalkan aplikasi, jika memang harga belum termasuk ppn bisa dikasih keterangan",Pizzaderman - President Pizza,18 Maret 2020,2025-07-04 21:47:48
"Panties Pizza, Klampis",R***,5 September 2015,4.0,ada yg berantakan jd gak padat,Pizzaderman - Vanilla Latte,20 Februari 2020,2025-07-04 21:47:48
"Panties Pizza, Klampis",R***,5 Mei 2017,2.0,"rasa lumayan,tapi kenapa harga yang di cantumkan sebelum pajak,harusnya sesudah pajak dong,gak profesional",Rush Hour Pizza,19 Februari 2020,2025-07-04 21:47:48
"Panties Pizza, Klampis",U** K**********,30 November 2016,5.0,Top markotop....ueeennaakk....,Banana Pizza,8 Februari 2020,2025-07-04 21:47:48
"Panties Pizza, Klampis",A****,5 Agustus 2015,1.0,"Tepungnya  tepung lama, bau apek, bau kutu. 😣😣😣",Cinta Mati Paket Akhir Tahun Enak! - Choco Cheese - Paket Akhir Tahun Hemat Pol!,26 Desember 2019,2025-07-04 21:47:48
"Panties Pizza, Klampis",V******,13 Maret 2016,2.0,too salty and bitter,President Pizza In & Out,15 Desember 2019,2025-07-04 21:47:48
"Panties Pizza, Klampis",S*****,29 Agustus 2015,4.0,"b1g1 ngga sama dgn item yg dibeli, bagusny enak 👌",B1G1 Arek Suroboyo Part 2,30 November 2019,2025-07-04 21:47:48
"Panties Pizza, Klampis",A****,31 Desember 2017,2.0,Sorry to say taste kurang sekali,Pizzaderman In & Out - Beef Rendang Spagheti,28 November 2019,2025-07-04 21:47:48
"Panties Pizza, Klampis",T** R*****,16 September 2015,4.0,porsinya dikurangin yaa?,SpagheCheese,26 November 2019,2025-07-04 21:47:48
"Panties Pizza, Klampis",S******** A**,27 Januari 2016,3.0,"agak asin omelette nya, pizza nya mantab",Banana Pizza - Curry Omelette Rice,25 November 2019,2025-07-04 21:47:48
"Panties Pizza, Klampis",A***** N*******,26 Agustus 2016,4.0,Enak sih tapi waktu itu bumbu karenya agak keasinan :”(,Omelette Curry Rice,15 Oktober 2019,2025-07-04 21:47:48
"Panties Pizza, Klampis",R***** M*****,5 April 2018,4.0,porsinya kurang hehe,Hemat Tuenan Rek 1,22 September 2019,2025-07-04 21:47:48
"Panties Pizza, Klampis",D***,13 Mei 2017,5.0,pizza favorit keluargakuuuuu,PAKET PROMO TERUS 2 - PAKET PROMO TERUS 1 - Rush Hour Pizza,4 September 2019,2025-07-04 21:47:48
"Panties Pizza, Klampis",S** H******,17 April 2018,5.0,mau yg murah nikmat ya di Panties Pizza aja Joss👍👍👍,PAKET PROMO TERUS 2,3 September 2019,2025-07-04 21:47:48
"Panties Pizza, Klampis",H* S*******,31 Maret 2017,4.0,Porsinya kurang banyak :),PAKET PROMO TERUS 2,3 September 2019,2025-07-04 21:47:48
"Panties Pizza, Klampis",O****,4 Oktober 2015,3.0,"perlu ditingkatan kecepatan penyelesaian makanan, dan porsi harap disesuaiman harga, dengan porsi yang ada estimasi harga 13-15rb, jadi harapannya bisa dapat lebih banyak",PAKET PROMO TERUS 1,3 September 2019,2025-07-04 21:47:48
"Panties Pizza, Klampis",Y***,19 Juni 2016,5.0,enak pol polan!,PAKET PROMO TERUS 2 - PAKET PROMO TERUS 3 - Pizza To Remember,1 September 2019,2025-07-04 21:47:48
"Panties Pizza, Klampis",S***** O***,18 September 2015,5.0,Mumpung promo. Sering2 bikin promo yaaa wkwk,PAKET PROMO TERUS 3,2 September 2019,2025-07-04 21:47:48
"Panties Pizza, Klampis",N**** R*******,19 November 2018,5.0,sipp.. kurang sempurna dikit,PAKET PROMO TERUS 3,2 September 2019,2025-07-04 21:47:48
"Panties Pizza, Klampis",E*** K******** D***,6 Mei 2017,4.0,the pizza maybe can be more thick and more lots of mushroom hihi💖,N/A,12 Agustus 2019,2025-07-04 21:47:48
"Panties Pizza, Klampis",N******,3 Oktober 2015,2.0,Perasaan dari dulu saya pesannya ya menu itu tapi saucenya dapet yang cheese sama blackpepper tapi ngga tau skrg kok ngga bisa dapet sauce itu,N/A,28 Juli 2019,2025-07-04 21:47:48
"Panties Pizza, Klampis",D**** M*********,12 Desember 2016,2.0,"isian nya kurang memuaskan,maaf",N/A,11 Juli 2019,2025-07-04 21:47:48
"Panties Pizza, Klampis",L******,29 Desember 2016,4.0,adonan roti terlalu tebal dan keras,N/A,6 Juli 2019,2025-07-04 21:47:48
"Panties Pizza, Klampis",B*** M******,23 September 2015,2.0,the time is too long to waiting,N/A,6 Juli 2019,2025-07-04 21:47:48
"Panties Pizza, Klampis",R**** '***** G******,17 Agustus 2018,3.0,ternyata pizza in n out itu enek gaes,N/A,30 Juni 2019,2025-07-04 21:47:48
"Panties Pizza, Klampis",Y******,9 Januari 2018,4.0,harap isinya lbh byk. dan varian isi yg komplit jgn satu2,N/A,19 Juni 2019,2025-07-04 21:47:48
"Panties Pizza, Klampis",N**** Z,11 Januari 2018,4.0,mozzarella kurang,N/A,25 Mei 2019,2025-07-04 21:47:48
"Panties Pizza, Klampis",V*****,8 Mei 2016,3.0,kejunya kok jadi dikit yak,N/A,21 Mei 2019,2025-07-04 21:47:48
"Panties Pizza, Klampis",K*****,5 April 2016,5.0,paling suka sama rotinya yg empuk banget.. 😍😍😍,N/A,16 April 2019,2025-07-04 21:47:48
"Panties Pizza, Klampis",R***,25 Agustus 2018,3.0,kalau bisa masaknya lbh mateng yaa..kmrn krg mateng isiannya,N/A,13 April 2019,2025-07-04 21:47:48
"Panties Pizza, Klampis",N**** M****** R***,23 Juni 2016,4.0,"Enak sih, tapi ada rambutnya 😣",N/A,6 April 2019,2025-07-04 21:47:48
"Panties Pizza, Klampis",T****,30 Juli 2015,5.0,"enak, cm variant perlu di tambahin lg",N/A,4 April 2019,2025-07-04 21:47:48
"Panties Pizza, Klampis",A*****,18 Oktober 2016,5.0,"omg!! pizzanya enak, pasta rendang juga yummy",N/A,3 April 2019,2025-07-04 21:47:48
"Panties Pizza, Klampis",J***** Y******* U****,28 Agustus 2015,3.0,"more sauce won't hurt, hehe
the food is a bit wet due to the paperbag is empty",N/A,2 April 2019,2025-07-04 21:47:48
"Panties Pizza, Klampis",F***** A******,20 Juni 2016,3.0,mozzanya kurang berasa.,N/A,16 Maret 2019,2025-07-04 21:47:48
"Panties Pizza, Klampis",H**** C******,1 Oktober 2015,5.0,"pasta nya kurang banyak, coba ditambahin lagi pasti lebih sip. sukses ya...pant pizza",N/A,10 Maret 2019,2025-07-04 21:47:48
"Panties Pizza, Klampis",D*** A** L******,26 Maret 2017,5.0,bapaknya mantul,N/A,3 Maret 2019,2025-07-04 21:47:48
"Panties Pizza, Klampis",J****,9 Desember 2017,2.0,"Semakin lama semakin beda rasa nya, kering",N/A,1 Maret 2019,2025-07-04 21:47:48
"Panties Pizza, Klampis",V****,13 Agustus 2016,5.0,kurang banyak pizzanyaa😂,N/A,9 Februari 2019,2025-07-04 21:47:48
"Panties Pizza, Klampis",V****,13 Agustus 2016,2.0,kemaren pesen yg choco cheese terus hari ini pesen yg choco extra cheese tapi sama aja kayak yg choco cheese biasa (kejunya nggak nambah) malah coklatnya juga lebih dikitt dari yg kemaren😭,N/A,4 Februari 2019,2025-07-04 21:47:48
"Panties Pizza, Klampis",S******,5 November 2016,2.0,its not delicious,N/A,21 Oktober 2018,2025-07-04 21:47:48
"Panties Pizza, Klampis",G*****,19 Januari 2018,3.0,rasa daging keju sama rotinya nggak menyatu,N/A,16 September 2018,2025-07-04 21:47:48
"Panties Pizza, Klampis",G******,18 Juli 2017,2.0,"Price difference, portion too small, takes a long time to prepare, not cooked long enough.",N/A,16 September 2018,2025-07-04 21:47:48
"Panties Pizza, Klampis",D*** A*****,31 Maret 2017,1.0,pengiriman sangat lama,N/A,9 September 2018,2025-07-04 21:47:48
"Panties Pizza, Klampis",N****,20 Oktober 2016,2.0,for my note aja. this is my least favorite type of pizza. karena rasa dagingnya kurang pas dan presentasi makanan nya kurang apik,N/A,26 Agustus 2018,2025-07-04 21:47:48
"Panties Pizza, Klampis",N**,15 November 2015,3.0,toping sedikit sekali,N/A,23 Agustus 2018,2025-07-04 21:47:48
"Panties Pizza, Klampis",P**** R*****,19 Maret 2017,1.0,"rasanya beda jauhhhhh dgn waktu makan beberapa bln lalu, yg bulan lalu ayamnya dicincang, isian ayamnya campuran kejunya warna orange, sekarang tdk enak,  ayamnya seperti ayam suwir,  potongan ayam g beraturan, ada yg suwir2 ada yg besarrr, warnanya coklat kayak ayam lama, rasanya g karuan, kejunya g berasa, sangat kecewaaaaa.",N/A,21 Agustus 2018,2025-07-04 21:47:48
"Martabak & Terang Bulan Holland, Manyar Kertoarjo",mega,20 Maret 2017,5.0,mantap dan enak,Biasa Loyang Besar,7 Mei 2025,2025-07-04 21:48:19
"Martabak & Terang Bulan Holland, Manyar Kertoarjo",W******,19 November 2015,2.0,"Martabaknya sebagian gosong. Sayang sekali, padahal mau disusun utk surprise ulang tahun",Super ( Porsi Lebih Banyak ),15 April 2025,2025-07-04 21:48:19
"Martabak & Terang Bulan Holland, Manyar Kertoarjo",A*******,8 Agustus 2015,2.0,"Jarang jarang kasih review.. namun kualitas dan rasa makanan kali ini tidak ok.. terbul spesial tapi butternya ngga kerasa premium seperti biasanya kalau langsung beli di toko, padahal sudah saya kasih catatan spesial butter supaya tidak lupa.. martabaknya juga isian sedikit dan extra kornet ngga kerasa.. maaf kali ini beneran zonk",Biasa - Spesial Loyang Kecil,2 April 2025,2025-07-04 21:48:19
"Martabak & Terang Bulan Holland, Manyar Kertoarjo",ratih,2 Mei 2019,3.0,Isian daging nya keras,Biasa,19 Maret 2025,2025-07-04 21:48:19
"Martabak & Terang Bulan Holland, Manyar Kertoarjo",anita,9 Januari 2017,2.0,"Beli martabak pandan ukuran besar dgn toping keju, tambahan biaya 20rb untuk keju ukuran besar, ternyata kejunya cuma asal2an, sedikit banget, ada bbrp potongan yg kejunya cuma ada 2-3 parutan tipis, ngerti kan parutan keju setipis apa, ngak worth it banget 170rb+20rb, total 190rb, brand HOLLAND yg sdh terkenal tp kualitas abal2",Biasa - Biasa - Pandan Spesial Loyang Besar,8 Maret 2025,2025-07-04 21:48:19
"Martabak & Terang Bulan Holland, Manyar Kertoarjo",C****,22 Januari 2022,3.0,"Lama gak order martabak & terang bulan holland, sekalinya order dapet terang bulan adonannya bantet. Tidak berbentuk sarang kayak gak ngembang. Apa karna saya pesan yang biasa bukan yang spesial? Agak kecewa",Biasa Loyang Kecil - Super ( Porsi Lebih Banyak ),31 Desember 2024,2025-07-04 21:48:19
"Martabak & Terang Bulan Holland, Manyar Kertoarjo",A****** A****,5 Januari 2017,5.0,Rasa sangat enak,Garing,1 November 2024,2025-07-04 21:48:19
"Martabak & Terang Bulan Holland, Manyar Kertoarjo",A***** B******,14 Februari 2016,5.0,Mantap dan baik kemasan nya.,Biasa Loyang Kecil - Biasa,4 November 2024,2025-07-04 21:48:19
"Martabak & Terang Bulan Holland, Manyar Kertoarjo",T******* I***,3 Oktober 2017,2.0,"memakai margarine yang kurang baik untuk kesehatan arena produk olahan. seharusnya memakai REAL BUTTER bahkan yg wahid seperti wisjman agar rasanya tidak terbantahkan
margarin benar2x tidak lagi rekomen buat bahan dasarnya",Biasa Loyang Besar - Spesial Loyang Kecil,1 November 2024,2025-07-04 21:48:19
"Martabak & Terang Bulan Holland, Manyar Kertoarjo",reny,14 Agustus 2015,5.0,enak bgt sesuai dengan harganya,Spesial Loyang Besar - Biasa,23 Mei 2024,2025-07-04 21:48:19
"Martabak & Terang Bulan Holland, Manyar Kertoarjo",Rocky Oakley,27 Desember 2018,4.0,"Enak sih, cuma harganya terlalu mahal, ga ada promo lagi 🥲",Spesial Loyang Kecil,18 April 2024,2025-07-04 21:48:19
"Martabak & Terang Bulan Holland, Manyar Kertoarjo",Wildan Basharahil,16 Januari 2017,5.0,"Edannn, mantapp abiiisss",Martabak Tipker Pack PROMO RAMADHAN - Terang Bulan Special Kcl Red Velvet - Biasa,17 Maret 2024,2025-07-04 21:48:19
"Martabak & Terang Bulan Holland, Manyar Kertoarjo",H********,11 November 2016,5.0,ok banget dan  enak banget,Biasa Loyang Kecil,19 Januari 2024,2025-07-04 21:48:19
"Martabak & Terang Bulan Holland, Manyar Kertoarjo",Sugeng R Asmoro,14 April 2017,5.0,rasa mantab .. membuat ketagihan,Biasa Loyang Besar - Biasa,5 Desember 2023,2025-07-04 21:48:19
"Martabak & Terang Bulan Holland, Manyar Kertoarjo",Fanny,1 Agustus 2015,5.0,recommended... ternyata martabak terang bulan loyang kecilnya besaaar.. rasanya enak top mantap is the best.... martabak telurnya juga enaaaak..  engga terlalu asin... kalo ke Surabaya lagi mau pesan lagi ah... sukses yaa,Spesial Loyang Kecil - Biasa,14 November 2023,2025-07-04 21:48:19
"Martabak & Terang Bulan Holland, Manyar Kertoarjo",Dina Riyani,15 Juni 2021,5.0,enak banget🤩 suka dehh,Super ( Porsi Lebih Banyak ),9 Agustus 2023,2025-07-04 21:48:19
"Martabak & Terang Bulan Holland, Manyar Kertoarjo",Stella,12 Januari 2018,5.0,"Suka banget dari segi rasa,isinya top markotop",Pandan Garing,21 Juni 2023,2025-07-04 21:48:19
"Martabak & Terang Bulan Holland, Manyar Kertoarjo",M*******,16 Juli 2022,2.0,tidak sesuai notes tidak maw bawang prei,Biasa - Pandan Garing,20 Mei 2023,2025-07-04 21:48:19
"Martabak & Terang Bulan Holland, Manyar Kertoarjo",T******,11 Juli 2017,5.0,thank you very much,Biasa,23 April 2023,2025-07-04 21:48:19
"Martabak & Terang Bulan Holland, Manyar Kertoarjo",M**** H****** G*****,30 Agustus 2015,1.0,"pesan 2
1 terang bulan tetapi tidak sesuai pesanan
1 martabak rasa sudah tidak enak.
tidak akan beli lagi",Spesial Loyang Besar - Super ( Porsi Lebih Banyak ),24 Februari 2023,2025-07-04 21:48:19
"Martabak & Terang Bulan Holland, Manyar Kertoarjo",Hendrawan,11 November 2016,5.0,enak dan mantap,Spesial Loyang Kecil,19 Februari 2023,2025-07-04 21:48:19
"Martabak & Terang Bulan Holland, Manyar Kertoarjo",S*******,24 April 2017,5.0,A nice thanks for your food,Super ( Porsi Lebih Banyak ) - Spesial Loyang Kecil,28 Januari 2023,2025-07-04 21:48:19
"Martabak & Terang Bulan Holland, Manyar Kertoarjo",arifhermawan,6 Juli 2021,4.0,juooooooooooooooooooz,Spesial Loyang Besar,18 Januari 2023,2025-07-04 21:48:19
"Martabak & Terang Bulan Holland, Manyar Kertoarjo",jemmy kurniawan,15 Agustus 2022,1.0,harga 190.000 tdk sesuai,Spesial Loyang Besar,2 November 2022,2025-07-04 21:48:19
"Martabak & Terang Bulan Holland, Manyar Kertoarjo",Elizeus Hanindito,11 November 2015,4.0,Saya tdk melihat tambahan smoke beef yang memadai,Biasa,30 Oktober 2022,2025-07-04 21:48:19
"Martabak & Terang Bulan Holland, Manyar Kertoarjo",K*****,26 Februari 2016,5.0,Mantapppp mmg holland gak pernah boong👍,Biasa Loyang Besar,27 Oktober 2022,2025-07-04 21:48:19
"Martabak & Terang Bulan Holland, Manyar Kertoarjo",bobby,9 Februari 2019,5.0,mantab......selalu enak nich.....,Biasa,25 Agustus 2022,2025-07-04 21:48:19
"Martabak & Terang Bulan Holland, Manyar Kertoarjo",O**,10 Juli 2015,4.0,Byk ototnya drpd dagingnya,Biasa,13 Agustus 2022,2025-07-04 21:48:19
"Martabak & Terang Bulan Holland, Manyar Kertoarjo",aryoso,20 April 2017,5.0,ap emang tekstur terang bulan hollan bantet ya wkt di gigit aplg yg spesial saya ordernya.,Spesial Loyang Besar - Biasa,19 Mei 2022,2025-07-04 21:48:19
"Martabak & Terang Bulan Holland, Manyar Kertoarjo",thiolielien,28 Oktober 2021,5.0,sayang kena potong biaya tas kresek rp 5.000,Biasa,21 Mei 2022,2025-07-04 21:48:19
"Martabak & Terang Bulan Holland, Manyar Kertoarjo",petrus,18 Juli 2018,3.0,sumpah mending beli langsung,Biasa Loyang Kecil,9 Mei 2022,2025-07-04 21:48:19
"Martabak & Terang Bulan Holland, Manyar Kertoarjo",William,13 Desember 2015,1.0,"entah kenapa bisa hancur seperti ini, dari segi kuenya kurang mentega, dari toppingnya juga sedikit sekali, apalagi add on keju astaga kejunya dipotong kecil2 dan ditabur seadanya. ga murah loh add on kejunya itu tapi ga kelihatan kalau add on keju, terlalu. entah kenapa berubah banget apa karena pesennya pas diskon jadi di diskon semua rasa dan toppingnya. kecewa bener dah ini ga pesen lagi ini",Biasa Loyang Besar,17 April 2022,2025-07-04 21:48:19
"Martabak & Terang Bulan Holland, Manyar Kertoarjo",E**,28 September 2019,1.0,"pesen cokelat keju, keju nya ekstra, ehh malah yang dateng keju nya nggak ada sama sekali, dikit banget",Biasa Loyang Besar,31 Maret 2022,2025-07-04 21:48:19
"Martabak & Terang Bulan Holland, Manyar Kertoarjo",MAS DEWA,11 November 2017,5.0,SEMPURNA 🙂👌🏾👍🏾👍🏾,Campur Keju,2 Maret 2022,2025-07-04 21:48:19
"Martabak & Terang Bulan Holland, Manyar Kertoarjo",L********,21 Januari 2017,1.0,jujur ini...rasanya sekarang sangat kurang  padahal harga jauh lebih mahal dr merk2 lain....utk perhatian saja,Terang Bulan Biasa Kcl Campur,24 Februari 2022,2025-07-04 21:48:19
"Martabak & Terang Bulan Holland, Manyar Kertoarjo",Handaru Satwikananda,30 November 2015,2.0,"Terang bulannya kurang garing, padahal namanya terang bulan garing",Terang Bulan Garing Polos Keju,16 Januari 2022,2025-07-04 21:48:19
"Martabak & Terang Bulan Holland, Manyar Kertoarjo",lukman widodo,22 Desember 2016,5.0,mantul markintul2,Terang Bulan Special Kcl Red Velvet,12 Desember 2021,2025-07-04 21:48:19
"Martabak & Terang Bulan Holland, Manyar Kertoarjo",kezia,21 Agustus 2016,4.0,kurang kering.. mungkin Krn besar ya,Terang Bulan Biasa Bsr Campur Keju,2 Desember 2021,2025-07-04 21:48:19
"Martabak & Terang Bulan Holland, Manyar Kertoarjo",Y***,26 September 2018,5.0,"harga diskon tinggal 63rb dr harga normal 120rb, makasih subsidinya",Terang Bulan Biasa Bsr Campur,3 Oktober 2021,2025-07-04 21:48:19
"Martabak & Terang Bulan Holland, Manyar Kertoarjo",B****,31 Maret 2016,3.0,Maaf martabak telurnya hambar. Kayak ga dikasi bumbu. Maaf telurnya telur ayam bukan bebek ya? Trs acarnya pahit.,Terang Bulan Garing Campur - Extra Isi Jamur - Martabak Biasa Daging Sapi,23 Agustus 2021,2025-07-04 21:48:19
"Martabak & Terang Bulan Holland, Manyar Kertoarjo",F****,18 Desember 2015,1.0,Terlalu kaku. Mau ganti topping pun dengan tambah bayar tidak diperbolehkan. Nyesel deh. Pdhl sy beli 3 dan yg mau ganti hanya 1.,Martabak Biasa Daging Sapi - Terang Bulan Garing Polos Keju - Terang Bulan Biasa Bsr Polos Keju,22 Agustus 2021,2025-07-04 21:48:19
"Martabak & Terang Bulan Holland, Manyar Kertoarjo",J****,30 Desember 2015,2.0,Isi kurang matang & daging kambing nya keras,Martabak Biasa Daging Kambing - Extra Isi Keju,9 Agustus 2021,2025-07-04 21:48:19
"Martabak & Terang Bulan Holland, Manyar Kertoarjo",Y***,26 September 2018,4.0,harganya diturunkan,Terang Bulan Special Bsr Red Velvet,3 Agustus 2021,2025-07-04 21:48:19
"Martabak & Terang Bulan Holland, Manyar Kertoarjo",H***** W********,21 Agustus 2015,5.0,Terang bulan Holland nih Juaranya dan Raja Nya terang bulan … memang legends ini broo asal muasal nya terang bulan menurut aku … sebelum ada plesetan plesetan nya kan .. tetapi kualitas yang bener bener nih ya Holland … much better … pickup experience nya oke lah Gercep,Terang Bulan Biasa Kcl Coklat,6 Juni 2021,2025-07-04 21:48:19
"Martabak & Terang Bulan Holland, Manyar Kertoarjo",D****,19 Maret 2018,5.0,"bikin ketagihan, marta/terbul nya...",Martabak Biasa Daging Ayam,8 Juli 2021,2025-07-04 21:48:19
"Martabak & Terang Bulan Holland, Manyar Kertoarjo",A***,10 Agustus 2016,4.0,"Potongan daging nya kegedean, jd berasa agak keras",Martabak Super Daging Sapi - Extra Isi Kornet - Extra Saos Cheddar,29 Juni 2021,2025-07-04 21:48:19
"Martabak & Terang Bulan Holland, Manyar Kertoarjo",S*****,12 Agustus 2015,3.0,mozarella nya nggak ada pdhl sdh bayar,Martabak Biasa Daging Kambing - Extra Isi Mozarella - Terang Bulan Special Bsr Campur Keju,12 Mei 2021,2025-07-04 21:48:19
"Martabak & Terang Bulan Holland, Manyar Kertoarjo",F*,5 Maret 2017,2.0,"input masukkan ya. Terlalu banyak pecahan kulit telur dalam martabak ya. Biasanya kalo di Holland cabang lain, gak pernah ada kulit telur dalam martabak. Ini pecahan kulit telur sampe ikut kemakan. Sorry cuman kasih rating 2 saja.",Martabak Super Daging Sapi,1 Maret 2021,2025-07-04 21:48:19
"Martabak & Terang Bulan Holland, Manyar Kertoarjo",D*** G*******,30 April 2018,5.0,saran: kejunya bisa ditambah lebih banyak dengan harga segitu,Terang Bulan Special Bsr Polos Keju,14 Februari 2021,2025-07-04 21:48:19
"Martabak & Terang Bulan Holland, Manyar Kertoarjo",M****** A******,5 Mei 2020,4.0,sepertinya lupa memberi extra saus sesuai order,Martabak Biasa Daging Sapi,7 Februari 2021,2025-07-04 21:48:19
"Martabak & Terang Bulan Holland, Manyar Kertoarjo",L******** M,11 September 2015,1.0,"martabak super nya hambar ga ada rasa. dagingnya banyak lemak. extra mozarella tp mozarella nya ga di kasih, padahal sy sdh bayar 20rb utk nambah. sangat tidak pantas utk martabak harga 200rb.",Terang Bulan Biasa Kecil Coklat Keju - Martabak Super Daging Sapi - Extra Isi Mozarella,9 Januari 2021,2025-07-04 21:48:19
"Martabak & Terang Bulan Holland, Manyar Kertoarjo",K*****,19 Oktober 2015,5.0,Terima kasih. Semoga berkah rezekinya.,Terang Bulan Special Besar Campur Keju,8 Januari 2021,2025-07-04 21:48:19
"Martabak & Terang Bulan Holland, Manyar Kertoarjo",Y****,26 Juni 2016,3.0,"isi kacang, coklat dan wijen jauh lebih sedikit dari biasanya. mohon lain kali dapat ditingkatkan.",Terang Bulan Biasa Besar Campur,5 Januari 2021,2025-07-04 21:48:19
"Martabak & Terang Bulan Holland, Manyar Kertoarjo",S************,8 Februari 2020,2.0,Harga lebih mahal dr toko,Terang Bulan Garing Coklat Keju,17 Desember 2020,2025-07-04 21:48:19
"Martabak & Terang Bulan Holland, Manyar Kertoarjo",H******,2 Mei 2016,5.0,masih yg terbaik!,Terang Bulan Biasa Kecil Campur,22 Oktober 2020,2025-07-04 21:48:19
"Martabak & Terang Bulan Holland, Manyar Kertoarjo",A*** M****,12 Mei 2020,4.0,"padahal special,  kok keju dan coklat nya sedikit",Terang Bulan Spesial Besar Coklat Keju,2 Oktober 2020,2025-07-04 21:48:19
"Martabak & Terang Bulan Holland, Manyar Kertoarjo",V****,18 Oktober 2015,3.0,daging martabak krg fresh. tdk spt biasanya.,Extra Isi Jamur - Martabak Super Daging Sapi - Terang Bulan Special Besar Nutella Keju - Extra Saos Keju Nacho,28 September 2020,2025-07-04 21:48:19
"Martabak & Terang Bulan Holland, Manyar Kertoarjo",R***,3 Oktober 2015,3.0,saya kan pesen yg campur ..tapi ga mau kacang ama wijen nya. eh coklat meses nya dikasi segablek..sampe keju nya ga krasa,Terang Bulan Biasa Kecil Campur Keju,3 September 2020,2025-07-04 21:48:19
"Martabak & Terang Bulan Holland, Manyar Kertoarjo",R**,23 Maret 2016,1.0,martabak daging sapinya agak bau,Martabak Biasa Daging Sapi - Terang Bulan Biasa Kecil Polos Keju,6 Agustus 2020,2025-07-04 21:48:19
"Martabak & Terang Bulan Holland, Manyar Kertoarjo",M*** P**********,10 September 2016,3.0,"Pesan terangbulan spesial kecil coklat + keju + kismis, namun yg diterima tidak ada coklatnya.",Martabak Biasa Daging Sapi - Terang Bulan Special Kecil Coklat - Extra Isi Keju Kecil - Extra Isi Kismis Kecil,26 Mei 2020,2025-07-04 21:48:19
"Martabak & Terang Bulan Holland, Manyar Kertoarjo",E*****,18 September 2019,5.0,"pengen makan martabak,,,,,? holland martabak pasti.",Terang Bulan Special Kecil Red Velvet,4 Mei 2020,2025-07-04 21:48:19
"Martabak & Terang Bulan Holland, Manyar Kertoarjo",T** R****,25 April 2018,1.0,nggak wenak blas Tiwas beli seng mahall ikan tuna 161rb GK rasa telur dan bawang,Martabak Super Ikan Tuna,4 Mei 2020,2025-07-04 21:48:19
"Martabak & Terang Bulan Holland, Manyar Kertoarjo",S**** A******,8 April 2017,5.0,Naknan alias enak tenan special pake butter oles rekomended,Terang Bulan Special Besar Campur Keju - Terang Bulan Garing Polos Keju,25 Januari 2020,2025-07-04 21:48:19
"Martabak & Terang Bulan Holland, Manyar Kertoarjo",S***** L***,30 Juli 2015,3.0,"rasa msh lumayan,tapi isi sudah berkurang,tidak seperti biasanya.",Terang Bulan Special Besar Campur Keju,12 Januari 2020,2025-07-04 21:48:19
"Martabak & Terang Bulan Holland, Manyar Kertoarjo",L****,27 Juni 2017,1.0,kulitnya kurang lembut/ kaku,Terang Bulan Special Kecil Campur Keju,25 Desember 2019,2025-07-04 21:48:19
"Martabak & Terang Bulan Holland, Manyar Kertoarjo",N*****,2 Agustus 2015,5.0,martabak holland emang lazittt👍👍,Combo 2,20 Desember 2019,2025-07-04 21:48:19
"Martabak & Terang Bulan Holland, Manyar Kertoarjo",R*****,1 Desember 2018,1.0,lain kali jangan di gosongin dong udah mahal tpi gak memuaskan😠😠,Martabak Biasa Daging Sapi,6 November 2019,2025-07-04 21:48:19
"Martabak & Terang Bulan Holland, Manyar Kertoarjo",R***,3 Oktober 2015,3.0,ga kaya biasanya kurang butter kayanya ya,Terang Bulan Biasa Kecil Polos Keju - Extra Isi Jagung Kecil,4 November 2019,2025-07-04 21:48:19
"Martabak & Terang Bulan Holland, Manyar Kertoarjo",Y***** A**** H******,4 September 2015,5.0,aku suka terang bulan dan martabak,Martabak Super Daging Sapi,18 September 2019,2025-07-04 21:48:19
"Martabak & Terang Bulan Holland, Manyar Kertoarjo",D***,18 Agustus 2015,2.0,terang bulannya kurang empuk,Terang Bulan Garing Polos Keju - Terang Bulan Biasa Besar Campur Keju,14 September 2019,2025-07-04 21:48:19
"Martabak & Terang Bulan Holland, Manyar Kertoarjo",D****,4 Oktober 2015,3.0,"rasa terang bulan kali ini tidak seperti biasanya, biasanya setiap makan terbul special holland selalu lumer di mulut, tapi kali ini tidak, dan tastenya kurang mantap.",N/A,21 Agustus 2019,2025-07-04 21:48:19
"Martabak & Terang Bulan Holland, Manyar Kertoarjo",A****,4 Juni 2016,4.0,"Yang kali ini susunya kurang banyak (padahal sudah request minta banyakan) n beberapa potongan (terutama yang bagian pinggir) isi kejunya ga ada, order yg kali ini rada kecewa..",N/A,9 Agustus 2019,2025-07-04 21:48:19
"Martabak & Terang Bulan Holland, Manyar Kertoarjo",A********,6 Mei 2018,2.0,pesannya campur keju...biasanya kejunya banyak dan krasa basah enak..tapi malam ini dominan coklatnya yg banyak banget dan agak kering 😭😭😭,N/A,1 Agustus 2019,2025-07-04 21:48:19
"Martabak & Terang Bulan Holland, Manyar Kertoarjo",R**,10 Januari 2017,3.0,"kue kurang empuk, gak kayak dulu empuk",N/A,22 Juli 2019,2025-07-04 21:48:19
"Martabak & Terang Bulan Holland, Manyar Kertoarjo",I****,9 November 2015,4.0,harga terlalu mahal,N/A,10 Juni 2019,2025-07-04 21:48:19
"Martabak & Terang Bulan Holland, Manyar Kertoarjo",W*** P******,11 April 2017,1.0,seharusnya gojek di ingatkan untuk membaca chatroom jika saya request untuk rasa di chatroom tidak dihiraukan dan akhirnya saya alergi kacang diberikan rasa kacang dam saya sudah info di chat kalau saya minta coklat keju saja,N/A,28 Mei 2019,2025-07-04 21:48:19
"Martabak & Terang Bulan Holland, Manyar Kertoarjo",C******,9 Oktober 2017,5.0,holland terang bln favorit d hati dr dulu😘😁,N/A,23 Mei 2019,2025-07-04 21:48:19
"Martabak & Terang Bulan Holland, Manyar Kertoarjo",S**** G******,10 Agustus 2015,4.0,"Lain kali mohon kasih tau driver untuk tidak menutup kresek rapat2, karena begitu sampai sudah mlempem.",N/A,10 Mei 2019,2025-07-04 21:48:19
"Martabak & Terang Bulan Holland, Manyar Kertoarjo",M***,12 September 2017,2.0,find bugs on my food.,N/A,11 Mei 2019,2025-07-04 21:48:19
"Martabak & Terang Bulan Holland, Manyar Kertoarjo",R*** T**,18 Juni 2016,2.0,"Sepertinya karena yg buat puasa jadi ga sesuai standard. Terang bulannya yg tipis kayak karet sm gosong, martabak sm terang bulan besarnya amis ga kayak biasanya.",N/A,10 Mei 2019,2025-07-04 21:48:19
"Martabak & Terang Bulan Holland, Manyar Kertoarjo",K******,7 April 2016,2.0,Tasa trangbulannya ada bau  bawangnya dan trangbulan tebalnya gosong,N/A,5 Mei 2019,2025-07-04 21:48:20
"Martabak & Terang Bulan Holland, Manyar Kertoarjo",M*****,5 Juni 2015,3.0,terlalu amat sangat berminyak. digigit sampe netes dan ngucur minyaknya,N/A,2 Mei 2019,2025-07-04 21:48:20
"Martabak & Terang Bulan Holland, Manyar Kertoarjo",M********* S****,12 Oktober 2015,3.0,isinya kebanyakan,N/A,11 April 2019,2025-07-04 21:48:20
"Martabak & Terang Bulan Holland, Manyar Kertoarjo",A*******,31 Agustus 2015,4.0,Rasa agak berbeda dgn yg di Ahmad Yani.. :),N/A,7 April 2019,2025-07-04 21:48:20
"Martabak & Terang Bulan Holland, Manyar Kertoarjo",F**** N******,20 September 2015,3.0,It’s not like usual. The dough was not cooked properly and not raised.,N/A,31 Maret 2019,2025-07-04 21:48:20
"Martabak & Terang Bulan Holland, Manyar Kertoarjo",C****,26 Juni 2017,2.0,rasa biasa aja hampir sama dgn di pinggir jln.harga terlalu mahal,N/A,27 Maret 2019,2025-07-04 21:48:20
"Martabak & Terang Bulan Holland, Manyar Kertoarjo",E**,6 Agustus 2017,1.0,terlalu banyak minyak & terlalu manis,N/A,16 Maret 2019,2025-07-04 21:48:20
"Martabak & Terang Bulan Holland, Manyar Kertoarjo",M**** E****,17 Agustus 2015,2.0,Isinya dikit banget cuman dipinggir2 paraahh,N/A,13 Maret 2019,2025-07-04 21:48:20
"Martabak & Terang Bulan Holland, Manyar Kertoarjo",T**** C******,11 Desember 2015,4.0,Enaknya pas pinggiran dan harga agak terlalu mahal,N/A,21 Februari 2019,2025-07-04 21:48:20
"Martabak & Terang Bulan Holland, Manyar Kertoarjo",R******,9 Oktober 2015,5.0,Enak cuman sayangnya cukup mahal. Mungkin yang keju coklat harganya bisa dibuat lebih kompetitif karena terlampau cukup mahal,N/A,21 Februari 2019,2025-07-04 21:48:20
"Martabak & Terang Bulan Holland, Manyar Kertoarjo",I**,19 Juli 2015,5.0,tanpa wijen dan kacang... wuenak poll,N/A,15 Februari 2019,2025-07-04 21:48:20
"Martabak & Terang Bulan Holland, Manyar Kertoarjo",R****,23 September 2015,4.0,"martabak garing nya lembek, yg garing cuma pinggirnya saja",N/A,11 September 2018,2025-07-04 21:48:20
"Martabak & Terang Bulan Holland, Manyar Kertoarjo",M*****,4 November 2015,2.0,SAOS PELIT AMAT,N/A,7 September 2018,2025-07-04 21:48:20
"Martabak & Terang Bulan Holland, Manyar Kertoarjo",C***** T******,15 Juni 2017,3.0,cokelatnya terlalu sedikit,N/A,3 September 2018,2025-07-04 21:48:20
"Martabak & Terang Bulan Holland, Manyar Kertoarjo",W******,28 Februari 2016,3.0,Jakarta taste better,N/A,24 Agustus 2018,2025-07-04 21:48:20
"Martabak & Terang Bulan Holland, Manyar Kertoarjo",B***,29 Maret 2018,5.0,Penyajian atau potongannya kog amburadul,N/A,11 Agustus 2018,2025-07-04 21:48:20
"Martabak & Terang Bulan Holland, Manyar Kertoarjo",S***,1 Juli 2016,5.0,Enak tapi martabak cepat basi,N/A,2 Agustus 2018,2025-07-04 21:48:20
"Martabak & Terang Bulan Holland, Manyar Kertoarjo",B****,11 Februari 2017,2.0,terlalu banyk minyak dari mentega,N/A,26 Juli 2018,2025-07-04 21:48:20
"Martabak & Terang Bulan Holland, Manyar Kertoarjo",T****,8 Mei 2016,4.0,pengemasan kurang rapi,N/A,9 Juli 2018,2025-07-04 21:48:20
"Martabak & Terang Bulan Holland, Manyar Kertoarjo",A**,12 Agustus 2015,4.0,"rasanya Holand udah ga baguz lagi , rasa terang bulan agak gosong, Mulai ngaco kerjaannya",N/A,6 Juli 2018,2025-07-04 21:48:20
"Martabak & Terang Bulan Holland, Manyar Kertoarjo",J***** L*****,19 Oktober 2017,4.0,The price is not worthy,N/A,30 Juni 2018,2025-07-04 21:48:20
"Martabak & Terang Bulan Holland, Manyar Kertoarjo",R****,16 September 2016,4.0,box sebaiknya diberi sticker penutup. terakhir pesan potongan ada yg hilang / tidak komplit,N/A,28 Juni 2018,2025-07-04 21:48:20
"Martabak & Terang Bulan Holland, Manyar Kertoarjo",L******** G,11 Agustus 2015,3.0,"becek banget terang bulannya, ga seenak dulu2",N/A,25 Juni 2018,2025-07-04 21:48:20
"Martabak & Terang Bulan Holland, Manyar Kertoarjo",I**,27 Agustus 2015,1.0,"roti nya bantet dan kurang gula jdi ga enK klo di makan, coklat nya juga g enak",N/A,22 Juni 2018,2025-07-04 21:48:20
"Martabak & Terang Bulan Holland, Manyar Kertoarjo",N*****,2 Agustus 2015,5.0,trimakasih  pak,N/A,10 Juni 2018,2025-07-04 21:48:20
"Martabak & Terang Bulan Holland, Manyar Kertoarjo",M******,10 Mei 2016,3.0,sekarang dagingnya kok hanya sedikit,N/A,22 Juni 2018,2025-07-04 21:48:20
"Martabak & Terang Bulan Holland, Manyar Kertoarjo",J****** A*******,24 Juni 2017,2.0,terangbulannya gosong,N/A,18 Juni 2018,2025-07-04 21:48:20
"Martabak & Terang Bulan Holland, Manyar Kertoarjo",D****,12 Agustus 2015,1.0,"Sebagai bahan koreksi Holland Manyar Kertoarjo, awalnya saya memaklumi mungkin karena kelalaian akhirnya kurang memperhatikan kualitas bahan makanan. Tapi karena ini sudah kedua kalinya saya harus melakukan complain, daging sapi yg digunakan di martabak yang saya pesan semalam kurang fresh / agak bau. Semoga bisa lebih baik lagi dalam menjaga kualitas makanannya. Terima kasih",N/A,3 Juni 2018,2025-07-04 21:48:20
"Martabak & Terang Bulan Holland, Manyar Kertoarjo",I******,5 Agustus 2015,3.0,sebagian gosong,N/A,3 Juni 2018,2025-07-04 21:48:20
"Martabak & Terang Bulan Holland, Manyar Kertoarjo",P****** K*****,8 September 2015,4.0,rasa terang bulannya tidak seenak holland yg lain. terlalu gosong,N/A,28 Mei 2018,2025-07-04 21:48:20
"Martabak & Terang Bulan Holland, Manyar Kertoarjo",N******,19 Agustus 2015,3.0,Agak gosong dan ada potongan plastik di bagian isian cokelat keju,N/A,1 Juni 2018,2025-07-04 21:48:20
"Martabak & Terang Bulan Holland, Manyar Kertoarjo",D****,21 April 2016,3.0,"Terlalu asin, tidak seperti biasa",N/A,24 Mei 2018,2025-07-04 21:48:20
"Martabak & Terang Bulan Holland, Manyar Kertoarjo",T******,7 Agustus 2015,1.0,driver tidak datang mengantarkan barang.. namun GO Pay Saya terpotong,N/A,18 Mei 2018,2025-07-04 21:48:20
"Ayam Bakar Primarasa, Manyar Kertoarjo",A*** K**************,10 November 2015,5.0,rasa selalu bikin puas ga bisa lupa,Ikan Gurami (Hidup) Bakar / Goreng 1 ekor - Udang,28 Juni 2025,2025-07-04 21:48:53
"Ayam Bakar Primarasa, Manyar Kertoarjo",iman,18 Agustus 2019,3.0,"td sudah pesan bumbu dipisah karena biat pasien lambung, ternyta sate memang agak pedes meskipun bumbu dipisah",Telur Gulung (isi 2) - Nasi Ayam Special Komplit (Bakar / Goreng) - Sate Ayam 1 Porsi (10 tusuk),21 Mei 2025,2025-07-04 21:48:53
"Ayam Bakar Primarasa, Manyar Kertoarjo",L****,26 Mei 2021,5.0,sukses dan sehat selalu yaa cheff,Ayam (Kampung) 1 Ekor (Bakar / Goreng),15 Mei 2025,2025-07-04 21:48:53
"Ayam Bakar Primarasa, Manyar Kertoarjo",Hendrik,17 Maret 2018,3.0,"Pdhl dah request mnta sambal banyakin, psn 4 potong ayam ga ckp sambalnya🥲",Ayam (Kampung) 1 Potong (Bakar / Goreng) - Nasi Cumi Hitam Special + Ayam Kampung Komplit - Ikan Gurami (Hidup) Bakar / Goreng 1 ekor - Tahu / Tempe Penyet - Paket Kue Lumpur Madu isi 6 biji,13 Mei 2025,2025-07-04 21:48:53
"Ayam Bakar Primarasa, Manyar Kertoarjo",Elisa Novarina,20 Juli 2017,1.0,"Makanan ad yang kurang..kue lumpurnya mana?saya uda 2 kali pesen di resto ini kue lumpurnya pesen 3 dikasih 2,,hari ini pesen 1 ga dikasih…apa ga di cek dulu sebelum pesan?saya ga ikhlas,",Nasi Ayam Special Komplit (Bakar / Goreng) - Nasi Putih - Telur - Kue Lumpur Madu 1 biji,9 Mei 2025,2025-07-04 21:48:53
"Ayam Bakar Primarasa, Manyar Kertoarjo",nanikratni,17 Desember 2017,1.0,makanan belum dikirim belum saya terima sd skr,Ayam (Kampung) 1 Ekor (Bakar / Goreng),28 Maret 2025,2025-07-04 21:48:53
"Ayam Bakar Primarasa, Manyar Kertoarjo",Angkasatria,2 Juli 2017,5.0,langganan toppp,Ayam (Kampung) 1 Ekor (Bakar / Goreng),20 Maret 2025,2025-07-04 21:48:53
"Ayam Bakar Primarasa, Manyar Kertoarjo",yanuar,30 Januari 2017,5.0,sayang bumbu nya kurang,Ikan Gurami (Hidup) Bakar / Goreng 1 ekor,14 Maret 2025,2025-07-04 21:48:53
"Ayam Bakar Primarasa, Manyar Kertoarjo",M****,18 November 2015,5.0,sudah lama konsumsi primarasa dan tetap kualitasnya bagus,Nasi Ayam + Lalapan (Bakar / Goreng),6 Maret 2025,2025-07-04 21:48:53
"Ayam Bakar Primarasa, Manyar Kertoarjo",B* A***,17 Oktober 2015,5.0,Ikannya segar enak usul ya kl diberi cabe rawit utuh bbrp gitu biar ada rasa pedes2 nya biar tambah seger,Ikan Gurami (Hidup) Pesmol 1 Ekor Ala Primarasa (Heritage),4 Maret 2025,2025-07-04 21:48:53
"Ayam Bakar Primarasa, Manyar Kertoarjo",indahwati,14 Agustus 2017,4.0,"beli ayam satu ekor kok tidak ada ampela? kalo kehabisan harusnya tdk mungkin. karena jatah satu ekor ayam ya satu hati satu ampela. Dua kali beli di primarasa manyar , yg pertama dus sobek diberikan pembeli, cm diisolasi. yg kedua ini ampela lenyap",Ayam (Kampung) 1 Ekor (Bakar / Goreng),19 Februari 2025,2025-07-04 21:48:53
"Ayam Bakar Primarasa, Manyar Kertoarjo",Ribkah Soehar,30 Desember 2017,5.0,RESTO PRIMA RASA OK,Nasi Ayam + Lalapan (Bakar / Goreng),17 Februari 2025,2025-07-04 21:48:53
"Ayam Bakar Primarasa, Manyar Kertoarjo",T****** M,19 Januari 2022,1.0,lama proses nya,Ayam (Kampung) 1 Ekor (Bakar / Goreng) - Nasi Putih,7 Februari 2025,2025-07-04 21:48:53
"Ayam Bakar Primarasa, Manyar Kertoarjo",Bu Atty,17 Oktober 2015,5.0,Enak cuman saran : kl misal ditambah cabe rawit utuh dan bwng merah utuh akan lbh enak rasanya agak2 pedes gitu,Ikan Gurami (Hidup) Pesmol 1 Ekor Ala Primarasa (Heritage),3 Februari 2025,2025-07-04 21:48:53
"Ayam Bakar Primarasa, Manyar Kertoarjo",Fara Huzein,22 Februari 2023,5.0,"Semua Baik , tepat waktu Higenis",Ayam (Kampung) 1 Ekor (Bakar / Goreng),1 Februari 2025,2025-07-04 21:48:53
"Ayam Bakar Primarasa, Manyar Kertoarjo",A***,8 Maret 2016,5.0,Terima kasih. Saya sangat senang.,Nasi Cumi Hitam Special + Ayam Kampung Komplit,13 Januari 2025,2025-07-04 21:48:53
"Ayam Bakar Primarasa, Manyar Kertoarjo",Triwik,11 Juli 2017,5.0,"mantap, uenakkk polll",Ayam (Kampung) 1 Ekor (Bakar / Goreng) - Sambal Terasi,21 November 2024,2025-07-04 21:48:53
"Ayam Bakar Primarasa, Manyar Kertoarjo",Shania,12 Juni 2024,4.0,enak tp tolong pengemasannya lebih cepat lg ya,Gurami (Hidup) Bakar / Goreng 1 ekor - Nasi Ayam + Lalapan (Bakar / Goreng) - Ayam (Kampung) 1 Potong (Bakar / Goreng) - Tahu / Tempe Penyet - Kue Lumpur Madu 1 biji,30 Oktober 2024,2025-07-04 21:48:53
"Ayam Bakar Primarasa, Manyar Kertoarjo",Cogito Ergo Sum,28 Desember 2023,5.0,rasa enak krn menggunakan ayam kampung pilihan yang gk kampung an,Ayam (Kampung) 1 Ekor (Bakar / Goreng),14 November 2024,2025-07-04 21:48:53
"Ayam Bakar Primarasa, Manyar Kertoarjo",indahwati,14 Agustus 2017,4.0,ayamnya oke enak. Tapi mbok ya nghargai pembeli. masa kotak sobek dipakai. Kotak itu bekas isolasian. Masa resto sekaliber prima rasa tdk bs kasih kotak yg baru utuh???,Ayam (Kampung) 1 Ekor (Bakar / Goreng),25 Oktober 2024,2025-07-04 21:48:53
"Ayam Bakar Primarasa, Manyar Kertoarjo",robbydjulianto,17 April 2018,1.0,"order banyak (24 kotak) malah harus tunggu lama buanget hampir 2jam, dan yg diutamain yg order dikit2",Nasi Ayam Special Komplit (Bakar / Goreng),28 September 2024,2025-07-04 21:48:53
"Ayam Bakar Primarasa, Manyar Kertoarjo",H******,17 Maret 2018,2.0,"Lama sekali 1 jam bru selesai pengemasan doank, blm waktu kirimnya 😞 padahal pesanannya sedikit dan udh lwt jam makan",Kue Lumpur Madu 1 biji - Tahu / Tempe Penyet - Nasi Ayam + Lalapan (Bakar / Goreng),23 September 2024,2025-07-04 21:48:53
"Ayam Bakar Primarasa, Manyar Kertoarjo",Intan,19 Juni 2017,4.0,kuah siramnya terlalu kental,Gurami Asam Manis 1 Ekor,18 September 2024,2025-07-04 21:48:53
"Ayam Bakar Primarasa, Manyar Kertoarjo",susanti kusuma dewi,10 Desember 2018,2.0,Pesen nasi ada cuminya tp cuminya ga Ada. Mengecewakan Karena lg Pgn cumi,Nasi Ayam + Lalapan (Bakar / Goreng) - Nasi Cumi Hitam Special + Ayam Kampung Komplit - Nasi Campur,11 Agustus 2024,2025-07-04 21:48:53
"Ayam Bakar Primarasa, Manyar Kertoarjo",Y***,29 Juli 2019,5.0,"wes uenak pokoke
ora ono bandingane😆",Ayam (Kampung) 1 Ekor (Bakar / Goreng),9 Agustus 2024,2025-07-04 21:48:53
"Ayam Bakar Primarasa, Manyar Kertoarjo",Barkah Rizkananda,18 Juni 2015,5.0,enak. porsi pas,Nasi Ayam + Lalapan (Bakar / Goreng),5 Agustus 2024,2025-07-04 21:48:53
"Ayam Bakar Primarasa, Manyar Kertoarjo",Bu Atty,17 Oktober 2015,5.0,Rasa bumbunya siippp bikin nagih 👍,Gurami (Hidup) Pesmol 1 Ekor Ala Primarasa (Heritage),11 Juli 2024,2025-07-04 21:48:53
"Ayam Bakar Primarasa, Manyar Kertoarjo",B* A***,17 Oktober 2015,5.0,Enak semuanya 👍,Sayur Asem - Ayam (Kampung) 1 Ekor (Bakar / Goreng) - Gurami (Hidup) Pesmol 1 Ekor Ala Primarasa (Heritage),30 Juni 2024,2025-07-04 21:48:53
"Ayam Bakar Primarasa, Manyar Kertoarjo",ira,13 Maret 2019,5.0,mantab ayam bakarnya 👍,Ayam (Kampung) 1 Ekor (Bakar / Goreng),11 Juni 2024,2025-07-04 21:48:53
"Ayam Bakar Primarasa, Manyar Kertoarjo",tong tjendekiawan usmin,25 Februari 2019,2.0,"kurang fresh kripiknya kayak sdh lama ,siomay nya kayak batu gak bisa dimakan","Ayam (Kampung) 1 Ekor (Bakar / Goreng) - Soup Seafood (Isi Udang, Cumi, Ikan, Jamur)",1 Mei 2024,2025-07-04 21:48:53
"Ayam Bakar Primarasa, Manyar Kertoarjo",tong tjendekiawan usmin,25 Februari 2019,2.0,"harga soup seafood dengan makanan yang datang tidak sesuai , masak harga 60rb dengan makanan yg dikirim cuma 1 porsi kecil gimana pelayanannya apa ndak kurang kecil biar untung nya berkali kali lipat ,sesuaikan dengan harganya donk",Ayam (Kampung) 1 Ekor (Bakar / Goreng) - Sayur Asem - Tahu / Tempe Goreng,27 April 2024,2025-07-04 21:48:53
"Ayam Bakar Primarasa, Manyar Kertoarjo",B* A***,17 Oktober 2015,5.0,Sambal dan Lalapannya kurang banyak,Ayam (Kampung) 1 Ekor (Bakar / Goreng) - Sayur Asem,11 April 2024,2025-07-04 21:48:53
"Ayam Bakar Primarasa, Manyar Kertoarjo",I***,18 September 2017,4.0,rasa masih sama cuman keras ke garingan,Gurami (Hidup) Bakar / Goreng 1 ekor,10 April 2024,2025-07-04 21:48:53
"Ayam Bakar Primarasa, Manyar Kertoarjo",N*****,25 April 2017,3.0,Nunggu makanan datang HAMPIR PINGSAN…. Lebih baik JANGAN terima orderan Online…… !!!!,Bandeng Cabut Duri 1 Ekor - Kue Lumpur Madu 1 biji - Cah Sayur Asin Tahu - Nasi Putih,31 Maret 2024,2025-07-04 21:48:53
"Ayam Bakar Primarasa, Manyar Kertoarjo",A***** M*********,29 September 2016,4.0,Delivery time slow,Gurami (Hidup) Bakar / Goreng 1 ekor - Lalapan Sayur - Cah Tauge Ikan Asin,14 Februari 2024,2025-07-04 21:48:53
"Ayam Bakar Primarasa, Manyar Kertoarjo",Suci Adinda,27 Juni 2015,5.0,"Ayam panggang manisnya pas, tidak over sweet, bumbu meresap sampai dalam, daging tidak keras.",Ayam (Kampung) 1 Potong (Bakar / Goreng),3 Desember 2023,2025-07-04 21:48:53
"Ayam Bakar Primarasa, Manyar Kertoarjo",C******,18 April 2018,2.0,"td pesennya 1 ekor gurami sama 2 potong dada yg dateng cuman 1 ekor gurami dan 1 potong dada
satu potong dadanya lagi tdk ada. saya klo mau komplain ke ibu gojeknya jg kasian.. masa restonya gk sadar pas ngemas pesanaannya
cobak lebih teliti lagi besok kalo ngemas pesanan",Gurami (Hidup) Bakar / Goreng 1 ekor - Ayam (Kampung) 1 Potong (Bakar / Goreng),4 November 2023,2025-07-04 21:48:53
"Ayam Bakar Primarasa, Manyar Kertoarjo",Endah Anggraini,25 September 2017,5.0,"eman, bungkusnya msh plastik",Sambal Terong - Ayam (Kampung) 1 Ekor (Bakar / Goreng) - Sambal Terasi,29 Oktober 2023,2025-07-04 21:48:53
"Ayam Bakar Primarasa, Manyar Kertoarjo",S**** H,3 September 2020,5.0,masakannya enak,Gurami (Hidup) Bakar / Goreng 1 ekor - Cah Kangkung,3 September 2023,2025-07-04 21:48:53
"Ayam Bakar Primarasa, Manyar Kertoarjo",Dewi,17 Desember 2021,5.0,"Favorit dr jaman dlu, rasanya manis pas,daging empuk, bumbu meresap ❤️",Ayam (Kampung) 1 Ekor (Bakar / Goreng),11 Agustus 2023,2025-07-04 21:48:53
"Ayam Bakar Primarasa, Manyar Kertoarjo",R****,24 Agustus 2016,5.0,We will repeat order lah,Nasi Ayam Special Komplit (Bakar / Goreng) - Nasi Cumi Hitam Special + Ayam Kampung Komplit,25 Juli 2023,2025-07-04 21:48:53
"Ayam Bakar Primarasa, Manyar Kertoarjo",inge indah kiranadewi,4 September 2015,5.0,"rasa selalu enak pas , juga paling nya rapi",Ayam (Kampung) 1 Ekor (Bakar / Goreng),12 Juli 2023,2025-07-04 21:48:53
"Ayam Bakar Primarasa, Manyar Kertoarjo",H***,26 Juli 2016,1.0,Masakan Basi dikirim ke pelanggan,Nasi Cumi Hitam Special + Ayam Kampung Komplit - Sayur Asem,20 Mei 2023,2025-07-04 21:48:53
"Ayam Bakar Primarasa, Manyar Kertoarjo",tasya,13 April 2018,5.0,enaaaaaak bangettttt,Nasi Ayam Special Komplit,21 Maret 2023,2025-07-04 21:48:53
"Ayam Bakar Primarasa, Manyar Kertoarjo",Naufal Alamsyah,21 Juni 2017,1.0,Sambalnya yg dikasih sudah bau semua,Ayam (Kampung) 1 Ekor (Bakar / Goreng),23 April 2023,2025-07-04 21:48:53
"Ayam Bakar Primarasa, Manyar Kertoarjo",yudianto,31 Maret 2016,5.0,ayamnya enak harum,Ayam (Kampung) 1 Ekor (Bakar / Goreng),12 Maret 2023,2025-07-04 21:48:53
"Ayam Bakar Primarasa, Manyar Kertoarjo",wanto,28 April 2017,1.0,"tolong diperhatikan note customer
di note goreng tidak kering nanti keras tapi ini digoreng kering... sampai coklat tua...
minyaknya diganti supaya tidak tengik
mengurangi selera makan...😓🤮",Ayam (Kampung) 1 Ekor (Bakar / Goreng) - Bakmie Goreng (Fried Noodle),17 Februari 2023,2025-07-04 21:48:53
"Ayam Bakar Primarasa, Manyar Kertoarjo",Herry,22 April 2019,5.0,selalu always.. enak.,Gurami 1 Ekor,31 Oktober 2022,2025-07-04 21:48:53
"Ayam Bakar Primarasa, Manyar Kertoarjo",widi,20 September 2015,2.0,"Order nasi goreng tdk pedas. Bukan berarti yg dikirim ke customer rasanya jadi anyep, ga ada manis/asin/gurihnya  😥",Nasi Goreng (Fried Rice),27 November 2022,2025-07-04 21:48:53
"Ayam Bakar Primarasa, Manyar Kertoarjo",efendi junaifi,8 Maret 2016,5.0,okkkkkkkkkkkkkkkkkk,Ayam 1 Ekor,2 Oktober 2022,2025-07-04 21:48:53
"Ayam Bakar Primarasa, Manyar Kertoarjo",Susianti,17 Agustus 2018,4.0,sambalnya tumpah semua sebaiknya ditaruh di wadah sendiri,Nasi Ayam Special Komplit,16 Oktober 2022,2025-07-04 21:48:53
"Ayam Bakar Primarasa, Manyar Kertoarjo",vemmyangkie,12 April 2016,3.0,"Ikannya kurang segar, kecil dan kebanyakan gosong.",Gurami 1 Ekor,11 Oktober 2022,2025-07-04 21:48:53
"Ayam Bakar Primarasa, Manyar Kertoarjo",Anthony Sulaiman,24 Februari 2017,1.0,"Pesan nasi ayam penyet, malah dikasih ayam penyet aja",Nasi Ayam Penyet 1 Potong - Ayam 1 Potong,13 Oktober 2022,2025-07-04 21:48:53
"Ayam Bakar Primarasa, Manyar Kertoarjo",Fyrwanto Maychel,23 Desember 2018,5.0,makanan selalu enak dan segar.. makasih..🙏🙏🙏,Ayam 1 Ekor - Gurami Asam Manis 1 Ekor - Cah Selada Wangi,8 Oktober 2022,2025-07-04 21:48:53
"Ayam Bakar Primarasa, Manyar Kertoarjo",Nelli,17 Februari 2021,1.0,"request dari pembeli tidak dibaca, diabaikan, tolong next time apa yg di minta pembeli di perhatikan, percuma di tulis request nya diabaikan oleh seller🤦🤦",Sayur Asem,2 Oktober 2022,2025-07-04 21:48:53
"Ayam Bakar Primarasa, Manyar Kertoarjo",Hari Anthonius,30 Maret 2018,5.0,rempah2 nya kurang meresap dan ayam kampungnya kurang besar dikir,Ayam 1 Ekor,28 September 2022,2025-07-04 21:48:53
"Ayam Bakar Primarasa, Manyar Kertoarjo",Lina Herlina,19 Desember 2019,2.0,tempe nya basi.,Nasi Ayam Special Komplit,25 September 2022,2025-07-04 21:48:53
"Ayam Bakar Primarasa, Manyar Kertoarjo",E** B*** S*******,19 September 2019,3.0,kenapa harus ada biaya layanan 4rb ?,Ayam 1 Ekor,22 September 2022,2025-07-04 21:48:53
"Ayam Bakar Primarasa, Manyar Kertoarjo",T**** S********,3 Oktober 2015,3.0,"Nasinya pesan 2, yang dateng satu, mungkin selanjutnya bisa ditingkatkan",Gurami Asam Manis 1 Ekor - Nasi Putih - Air Mineral Botol,13 September 2022,2025-07-04 21:48:53
"Ayam Bakar Primarasa, Manyar Kertoarjo",Bagus Agus Subagus,3 Oktober 2017,5.0,MANTAB SEKALEEEEEEE,Gurami Asam Manis 1 Ekor,28 Agustus 2022,2025-07-04 21:48:53
"Ayam Bakar Primarasa, Manyar Kertoarjo",Yugowati,3 September 2015,5.0,pesanan yg terakhir bagus sekali ayam bakarnya.. besar dan tidak gosong.  lebih bagus dari yang biasa saya datang kesana.. dipertahankan..,Ayam 1 Ekor,23 Agustus 2022,2025-07-04 21:48:53
"Ayam Bakar Primarasa, Manyar Kertoarjo",Stephanie Angeline.S,1 Agustus 2015,1.0,"pesanan salah. pesan gurami pesmol,yg datang ayam bakar",Gurami Pesmol 1 Ekor,19 Agustus 2022,2025-07-04 21:48:53
"Ayam Bakar Primarasa, Manyar Kertoarjo",ria,16 November 2016,1.0,"kemarin pesan gurami bakar sekitar jam 1 siang enak fresh dibuka masih anget2 hbs dibakar , makanya hari ini pesan lagi . tapi pesannya sekitar jam setengah 11 . eh dpt gurami yg dingin , spt gorengan kemarin dilumuri kecap .",Gurami 1 Ekor,15 Agustus 2022,2025-07-04 21:48:53
"Ayam Bakar Primarasa, Manyar Kertoarjo",kamilia,24 September 2018,4.0,guraminya kurang besar,Nasi Ayam Special Komplit - Gurami 1 Ekor,12 Agustus 2022,2025-07-04 21:48:53
"Ayam Bakar Primarasa, Manyar Kertoarjo",M******* T*** E* F*****,18 Februari 2016,5.0,Mantap kali.. pengemasan bagus. Rasanya crunchy..,Pop U Corn Keju Cheese (300 gram) Popcorn,10 Agustus 2022,2025-07-04 21:48:53
"Ayam Bakar Primarasa, Manyar Kertoarjo",Luluk Prayono,2 Maret 2018,1.0,"Saya pesan cah tauge ikan asin, tp yg datang sayur asem.
Tolong ditingkatkan lg control atas pesanan pelanggan, agar tidak terulang lg.",Gurami 1 Ekor - Cah Tauge Ikan Asin,4 Agustus 2022,2025-07-04 21:48:53
"Ayam Bakar Primarasa, Manyar Kertoarjo",rizkya,17 Juni 2017,1.0,atoz atau alot kayak batu banget....,Ayam 1 Ekor - Cumi - Udang,18 Juli 2022,2025-07-04 21:48:53
"Ayam Bakar Primarasa, Manyar Kertoarjo",Irwandy Black,26 September 2019,1.0,"Gurami bakarnya hari ini seperti kripik, kering sekali sampai terasa krispy.",Gurami 1 Ekor - Sambal Terasi,21 Juli 2022,2025-07-04 21:48:53
"Ayam Bakar Primarasa, Manyar Kertoarjo",McClerish,28 September 2019,1.0,makanan yg dikirim tidak sesuai dengan pesanan. Pesan bandeng goreng tetapi dikirim gurami.,Bandeng Cabut Duri 1 Ekor - Telur,16 Juli 2022,2025-07-04 21:48:53
"Ayam Bakar Primarasa, Manyar Kertoarjo",Rakhma,10 Juni 2017,4.0,"rasanya enak, untuk bumbu pepes bandengnya agak kurang ya, next time ditambah lebih banyak jd lebih enak",Pepes Bandeng Cabut Duri 1 Ekor - Gurami 1 Ekor - Cah Selada Wangi,11 Juli 2022,2025-07-04 21:48:53
"Ayam Bakar Primarasa, Manyar Kertoarjo",ratna,1 Maret 2017,4.0,rasa nya enak dan ok. next order lagi.,Nasi Ayam Special Komplit,6 Juli 2022,2025-07-04 21:48:53
"Ayam Bakar Primarasa, Manyar Kertoarjo",Benny,26 Februari 2022,5.0,Excellent taste!,Gurami Pesmol 1 Ekor,5 Juli 2022,2025-07-04 21:48:53
"Ayam Bakar Primarasa, Manyar Kertoarjo",Irwandy Black,26 September 2019,3.0,"Sambal terasi tidak pedas nya basi, padahal pesan nya jam 11 siang, berarti sambal nya tidak fresh.",Gurami 1 Ekor,3 Juli 2022,2025-07-04 21:48:53
"Ayam Bakar Primarasa, Manyar Kertoarjo",R** S*********,1 September 2017,5.0,"ayamnya enak dan lezat, promonya mantab",Ayam 1 Ekor,1 Juli 2022,2025-07-04 21:48:53
"Ayam Bakar Primarasa, Manyar Kertoarjo",wita,3 Juli 2016,5.0,"oke banget,,,rekomendasi pesen lagi",Nasi Ayam Special Komplit,28 Juni 2022,2025-07-04 21:48:53
"Ayam Bakar Primarasa, Manyar Kertoarjo",Caca angelyn,17 Februari 2019,1.0,pesen es teh tapi es teh nya mana?,Nasi Ayam Special Komplit - Teh Manis / Tawar,26 Juni 2022,2025-07-04 21:48:53
"Ayam Bakar Primarasa, Manyar Kertoarjo",Albertus Andhika,17 September 2015,4.0,enak tapi sambalnya ditambah lagi dong,Ayam 1 Ekor - Ayam 1 Potong,4 Juni 2022,2025-07-04 21:48:53
"Ayam Bakar Primarasa, Manyar Kertoarjo",S****,25 Juli 2018,3.0,Terlalu gosong kl bakar nya,Gurami Asam Manis 1 Ekor,23 Mei 2022,2025-07-04 21:48:53
"Ayam Bakar Primarasa, Manyar Kertoarjo",intan,3 Oktober 2015,4.0,Sambelnya kadang keasinan banget,Gurami 1 Ekor,6 April 2022,2025-07-04 21:48:53
"Ayam Bakar Primarasa, Manyar Kertoarjo",Christina,23 Juli 2017,5.0,Sehat selalu dan sukses selalu,Nasi Ayam Special Komplit,28 Mei 2022,2025-07-04 21:48:53
"Ayam Bakar Primarasa, Manyar Kertoarjo",Sri Redjeki,24 Juli 2017,5.0,Enaak dan pedas pepesnya.Nasinya enak juga.,Pepes Bandeng Cabut Duri 1 Ekor - Nasi Ayam Special Komplit,19 Mei 2022,2025-07-04 21:48:53
"Ayam Bakar Primarasa, Manyar Kertoarjo",dessy,31 Agustus 2015,5.0,"sayur asemnya pedas. anak kecil ga bisa makan
semoga dibuat yg tidak pedas",Ayam 1 Potong - Sayur Asem - Nasi Goreng (Fried Rice),17 Mei 2022,2025-07-04 21:48:53
"Ayam Bakar Primarasa, Manyar Kertoarjo",M*****,18 Juli 2016,5.0,Enak banget rasa ayam bakarnya 🤩,Ayam 1 Ekor,17 Mei 2022,2025-07-04 21:48:53
"Ayam Bakar Primarasa, Manyar Kertoarjo",B** K******,18 Agustus 2017,3.0,Pelayanan yang lama dan harus menunggu lama sekali,Nasi Ayam Special Komplit,5 Mei 2022,2025-07-04 21:48:53
"Ayam Bakar Primarasa, Manyar Kertoarjo",febby sinta,30 September 2016,5.0,"cabang primarasa kenapa beda dgn a.yani  kalo a.yani kresek di dobel , dan diberi nylon cable tie, di cab.manyar kresek gak di dobel gak ada nylon cable tie 😥",Juice Apokat - Juice Jambu Merah - Nasi Goreng (Fried Rice) - Sate Ayam 1 Porsi (10 tusuk),29 April 2022,2025-07-04 21:48:53
"Ayam Bakar Primarasa, Manyar Kertoarjo",krenna,5 April 2017,1.0,salah kirim pesanan..saya pesan 1 ekor gurami goreng yang datang gurami bakar😥,Gurami 1 Ekor,24 April 2022,2025-07-04 21:48:53
"Ayam Bakar Primarasa, Manyar Kertoarjo",D****,13 Desember 2021,1.0,"pesen popcorn ORI 2, kue lumpur 1.
tapi di kasi nya ORI 2. lumpur nya gak ada",Pop U Corn Original (300 gram) Popcorn - Kue Lumpur Madu 1 biji,22 April 2022,2025-07-04 21:48:53
"Ayam Bakar Primarasa, Manyar Kertoarjo",T****,19 Juli 2017,5.0,"Enak banget, ga bisa berhenti ngemil",Pop U Corn Original (300 gram) Popcorn - Air Mineral Botol,20 April 2022,2025-07-04 21:48:53
"Ayam Bakar Primarasa, Manyar Kertoarjo",E****,17 September 2018,2.0,"tidak lengkap, ati + ampela tidak ada",Ayam 1 Ekor,14 April 2022,2025-07-04 21:48:53
"Ayam Bakar Primarasa, Manyar Kertoarjo",Jocelyn,26 Oktober 2019,5.0,rasa istumewa ga ada lawan,Sate Ayam 1 Porsi (10 tusuk) - Cah Kangkung,10 April 2022,2025-07-04 21:48:53
"Ayam Bakar Primarasa, Manyar Kertoarjo",A.susanto,10 Agustus 2015,4.0,minta kecap dan sambal tidak dikasih,Pepes Bandeng Cabut Duri 1 Ekor,5 April 2022,2025-07-04 21:48:53
"Ayam Bakar Primarasa, Manyar Kertoarjo",Erni Poernomowati,28 Juni 2017,5.0,Ayam bakar Primarasa memang telah menjadi favorit saya sejak dulu. Enak dan mantap harganya,Ayam 1 Ekor,8 Maret 2022,2025-07-04 21:48:53
"Ayam Bakar Primarasa, Manyar Kertoarjo",Juliana Tjahjono,20 Januari 2018,4.0,Enak 👍 harga mursh 🙏,Ayam 1 Ekor,6 Maret 2022,2025-07-04 21:48:53
"Ayam Bakar Primarasa, Manyar Kertoarjo",indra hadi,13 November 2015,5.0,Enak banget rasanya… recomended deh,Gurami 1 Ekor - Ayam 1 Potong,12 Februari 2022,2025-07-04 21:48:53
"Ayam Bakar Primarasa, Manyar Kertoarjo",indra hadi,13 November 2015,5.0,Enaakk banget….recomended,Ayam 1 Ekor,12 Februari 2022,2025-07-04 21:48:53
"Ayam Bakar Primarasa, Manyar Kertoarjo",I********,15 Maret 2019,4.0,ayamnya keras alias alot,Sayur Asem - Ayam 1 Potong - Telur,28 Februari 2022,2025-07-04 21:48:53
"Ayam Bakar Primarasa, Manyar Kertoarjo",febby sinta,30 September 2016,1.0,"satenya kenapa gak dikasi Box ..cuma dibungkus kertas coklat/ kertas gado2. dan bumbu kacang kenapa di jadikan 1 , harusnya bumbu kacang di pisah per porsi tanpa kita request, resto sekelas PRIMARASA harusnya otomatis ,bumbu pisah per porsi. sate 50 ribu loch ini , bukan beli di pinggir jalan. maaf saya kecewa dan kaget",Sate Ayam 1 Porsi (10 tusuk),28 Februari 2022,2025-07-04 21:48:53
"Ayam Bakar Primarasa, Manyar Kertoarjo",robert santoso,29 Desember 2017,5.0,ayam bakarnya mantap.,Ayam 1 Ekor - Sate Ayam 1 Porsi (10 tusuk),26 Februari 2022,2025-07-04 21:48:53
"Ayam Bakar Primarasa, Manyar Kertoarjo",A****** K********* S*******,22 November 2017,4.0,ikannya agak kecil  biasanya kalau beli langsung besar banget,Gurami 1 Ekor,17 Februari 2022,2025-07-04 21:48:53
"Ayam Bakar Primarasa, Manyar Kertoarjo",Reza R,31 Desember 2015,5.0,pesen aren latte. tp lupa dikasih arennya. kopinya sepet-asin-gurih jadinya.,Ayam 1 Ekor,17 Februari 2022,2025-07-04 21:48:53
"Ayam Bakar Primarasa, Manyar Kertoarjo",PUJO SUGIARTO,11 November 2021,5.0,oke dech ........,Ayam 1 Ekor - Gurami 1 Ekor - Sambal Terasi,18 Februari 2022,2025-07-04 21:48:53
"Ayam Bakar Primarasa, Manyar Kertoarjo",senny elvina,1 April 2018,5.0,mantulll banget,Ayam 1 Ekor,17 Februari 2022,2025-07-04 21:48:53
"Ayam Bakar Primarasa, Manyar Kertoarjo",A***,4 Juli 2015,5.0,selalu enakkkkkkkkkkkkkkkkk,Gurami Bakar / Goreng ( 1 ekor ) - Sayur Asem,5 Januari 2022,2025-07-04 21:48:53
"Ayam Bakar Primarasa, Manyar Kertoarjo",yoppy agung priambodo,17 Juni 2017,5.0,tidak ada duanya,Gurami Asam Manis / Pesmol ( 1 ekor ),10 Februari 2022,2025-07-04 21:48:53
"Ayam Bakar Primarasa, Manyar Kertoarjo",Yuna,15 Agustus 2015,5.0,mantap soal rasa👍👍,Ayam 1 Ekor,14 Februari 2022,2025-07-04 21:48:53
"Ayam Bakar Primarasa, Manyar Kertoarjo",tasya,13 Mei 2017,5.0,top......bgt.....,Kue Lumpur Madu - Nasi Ayam (bakar / Goreng) + Lalapan,11 Februari 2022,2025-07-04 21:48:53
"Ayam Bakar Primarasa, Manyar Kertoarjo",wahyu herry k,22 April 2017,1.0,"Tolong es teh nya dimasukin, ada 2 ketinggalan",Gurami Bakar / Goreng ( 1 ekor ) - Nasi Putih - Sambal Poco - Poco - Teh Manis/Tawar/Lemon Tea,10 Februari 2022,2025-07-04 21:48:53
"Ayam Bakar Primarasa, Manyar Kertoarjo",yusuf novianto,13 Juni 2018,5.0,asyek mantebbbbbbb,Ayam Bakar / Goreng (1 Ekor),20 Desember 2021,2025-07-04 21:48:53
"Ayam Bakar Primarasa, Manyar Kertoarjo",AZRUL MAKARIM,22 September 2016,5.0,Great Restaurant,Nasi Ayam ( Bakar / Goreng ) + Lalapan,22 Januari 2022,2025-07-04 21:48:53
"Ayam Bakar Primarasa, Manyar Kertoarjo",Christina,23 Juli 2017,5.0,"Sehat selalu, banyak rejeki ya, chef. Terima kasih.",Gurami Asam Manis / Pesmol ( 1 ekor ) - Pia Rasa Kuno 1pcs - Kue Lumpur Madu,25 Januari 2022,2025-07-04 21:48:53
"Ayam Bakar Primarasa, Manyar Kertoarjo",Christina,23 Juli 2017,5.0,"Sehat selalu, banyak rejeki ya, chef. Terima kasih.",Ayam Bakar / Goreng (1 Ekor),26 Januari 2022,2025-07-04 21:48:53
"Ayam Bakar Primarasa, Manyar Kertoarjo",Christina,23 Juli 2017,5.0,"Sehat selalu, banyak rejeki ya, chef. Terima kasih.",Ayam Bakar / Goreng (1 Ekor),26 Januari 2022,2025-07-04 21:48:53
"Ayam Bakar Primarasa, Manyar Kertoarjo",Christina,23 Juli 2017,5.0,"Sehat selalu, banyak rejeki ya, chef. Terima kasih.",Gurami Asam Manis / Pesmol ( 1 ekor ) - Kue Lumpur Madu,27 Januari 2022,2025-07-04 21:48:53
"Ayam Bakar Primarasa, Manyar Kertoarjo",Christina,23 Juli 2017,5.0,"Sehat selalu, banyak rejeki ya, chef. Terima kasih.",Pepes Bandeng Cabut Duri,29 Januari 2022,2025-07-04 21:48:53
"Ayam Bakar Primarasa, Manyar Kertoarjo",Christina,23 Juli 2017,5.0,"Sehat selalu, banyak rejeki ya, chef. Terima kasih.",Udang Mayonaise - Kue Lumpur Madu,29 Januari 2022,2025-07-04 21:48:53
"Ayam Bakar Primarasa, Manyar Kertoarjo",Christina,23 Juli 2017,5.0,"Sehat selalu, banyak rejeki ya, chef. Terima kasih.",Ayam Bakar / Goreng (1 Ekor),30 Januari 2022,2025-07-04 21:48:53
"Ayam Bakar Primarasa, Manyar Kertoarjo",Christina,23 Juli 2017,5.0,"Sehat selalu, banyak rejeki ya, chef. Terima kasih.",Gurami Asam Manis / Pesmol ( 1 ekor ) - Kue Lumpur Madu,30 Januari 2022,2025-07-04 21:48:53
"Ayam Bakar Primarasa, Manyar Kertoarjo",Christina,23 Juli 2017,5.0,"Sehat selalu, banyak rejeki ya, chef. Terima kasih.",Ayam Bakar / Goreng (1 Ekor),30 Januari 2022,2025-07-04 21:48:53
"Ayam Bakar Primarasa, Manyar Kertoarjo",Y*** S*******,13 Januari 2020,1.0,Sudah ditulis minta ayam goreng dikasinya ayam bakar.. Tolong lain kali catatan diperhatikan..,Ayam Bakar / Goreng (1 Ekor),8 Februari 2022,2025-07-04 21:48:53
"Ayam Bakar Primarasa, Manyar Kertoarjo",wulan sari,24 September 2021,3.0,balado terong nya kecut TPI yg lain enak,Kue Lumpur Madu - Nasi Ayam Spesial,6 Februari 2022,2025-07-04 21:48:53
"Pizza Hut, Manyar Kertoarjo",ade kartosen,19 Agustus 2015,1.0,"Saya beli large, koq dtg nya medium. Apa emang ukuran nya jadi kecil? Atau karena promo, jadi ukuran pizzanya juga kena diskon?",Tuesday Pizza Day,6 Mei 2025,2025-07-04 21:49:29
"Pizza Hut, Manyar Kertoarjo",noor cahaya,22 Juni 2017,5.0,selalu setia sama pizza hut,Double Box Large,3 Mei 2025,2025-07-04 21:49:29
"Pizza Hut, Manyar Kertoarjo",S**** D**,7 Desember 2018,5.0,"Enak, untuk minumnya bocor dikit, but its okay",My Box Duo Pasta,8 Maret 2025,2025-07-04 21:49:29
"Pizza Hut, Manyar Kertoarjo",Ernie Soekiranto,7 Juni 2019,5.0,enak rasanya dan cukup utk seorang saja,My Box Pizza,10 Februari 2025,2025-07-04 21:49:29
"Pizza Hut, Manyar Kertoarjo",P******,26 Maret 2017,5.0,"uenak pisan, mun sambal saosna ditambah tambah sip.",My Box Duo Pizza,17 Januari 2025,2025-07-04 21:49:29
"Pizza Hut, Manyar Kertoarjo",H******,9 April 2017,2.0,kurang teliti dalam melayani pesanan,Puff Pastry Mushroom Cream Soup - L1MO 6 Topping,16 Januari 2025,2025-07-04 21:49:29
"Pizza Hut, Manyar Kertoarjo",B*** P******,22 April 2017,1.0,mac and cheesenya tidak disediakan didalam box pengiriman. lain kali lebih teliti baca orderannya,My Box XL Mix,8 Desember 2024,2025-07-04 21:49:29
"Pizza Hut, Manyar Kertoarjo",Nohan Dwi prastio,9 November 2019,4.0,toping kurang banyak,Pizza Heart,21 November 2024,2025-07-04 21:49:29
"Pizza Hut, Manyar Kertoarjo",D*** P*******,1 Februari 2017,1.0,"Order my box xl pizza dan deluxe beef brushetta, tapi yang datang cuma my box xl pizza saja, tolong diperhatikan lagi saat checking orderan, jadi ga ada yang terlewat",Deluxe Beef Bruschetta - My Box XL Pizza,3 September 2024,2025-07-04 21:49:29
"Pizza Hut, Manyar Kertoarjo",keyla,16 Juli 2024,5.0,memuaskan rasanya makanan nya,Big Box Bites,1 Agustus 2024,2025-07-04 21:49:29
"Pizza Hut, Manyar Kertoarjo",Y***,13 Januari 2018,5.0,"rasanya enak, porsinya sangat memuaskan",Beef Lasagna - Big Box Bites,3 Mei 2024,2025-07-04 21:49:29
"Pizza Hut, Manyar Kertoarjo",A***,1 Maret 2022,3.0,"Gabaca note , di note tulis no paprika kok tetap dikasih",PAN Regular Pizza,13 Mei 2024,2025-07-04 21:49:29
"Pizza Hut, Manyar Kertoarjo",Rachmat Rizky,28 Februari 2019,2.0,"mulai lemah SOP penyajiannya, kok bisa berbeda dengan yang di MERR soal rasa dan penyajian, enak yang di MERR..",Cheese Rolls,7 Mei 2024,2025-07-04 21:49:29
"Pizza Hut, Manyar Kertoarjo",nur ainy fardana,30 April 2018,5.0,top dan enak untuk keluarga,Paket Berbagi,23 Maret 2024,2025-07-04 21:49:29
"Pizza Hut, Manyar Kertoarjo",yusuf,9 Januari 2016,5.0,mantap selalu kenyang makan pizza hut,QU4RTZA,21 Maret 2024,2025-07-04 21:49:29
"Pizza Hut, Manyar Kertoarjo",A**,13 November 2021,5.0,"enak bgt, waktu tunggunya juga ga terlalu lama. sipp deh pokoknya👍🏻",PAN Large Pizza,19 Maret 2024,2025-07-04 21:49:29
"Pizza Hut, Manyar Kertoarjo",A*******,4 September 2017,3.0,pesan 2 kali. yg pertama dibatalkan dg alasan terlalu lama. pesan yg ke-2 seolah sengaja dibuat setelah ada driver (lebih Dari 1 jam). itupun baru diproses stlh kontak cs. jadi total menunggu lebih Dari 3 jam hanya untuk terima makanan. pasta yg fettuccini agak pedas. tidak sesuai perkiraan krn tidak ada infonya.,My Box XL Mix,1 Maret 2024,2025-07-04 21:49:29
"Pizza Hut, Manyar Kertoarjo",Fransisca Arensa Stenlie,4 Oktober 2019,1.0,Order Pizza Meltz karena pingin keju nya ternyata kejunya super super sedikit. Beda sekali dengan iklan2 nya di You tube 😭😢😥,QU4RTZA - Melts Pizza,19 Februari 2024,2025-07-04 21:49:29
"Pizza Hut, Manyar Kertoarjo",Jerry,1 Juli 2015,5.0,kemarin ati ampelanya ada yg basi.,PAN Personal Pizza - Melts Pizza,26 Januari 2024,2025-07-04 21:49:29
"Pizza Hut, Manyar Kertoarjo",Rizal,26 Desember 2022,5.0,terima kasih mantap,PAN Large Pizza,19 Januari 2024,2025-07-04 21:49:29
"Pizza Hut, Manyar Kertoarjo",Y**********,4 Juli 2017,1.0,lama banget..... paraaaahhhhh,My Box Plus Pasta/Rice,17 Januari 2024,2025-07-04 21:49:29
"Pizza Hut, Manyar Kertoarjo",yoshie shirayuki,7 Juli 2019,1.0,pesen green salad yang ada salad buah kl memang ga ada komfirmasi dong,Genshin Impact Special Price - Green Salad,6 Januari 2024,2025-07-04 21:49:29
"Pizza Hut, Manyar Kertoarjo",Heti Palestina Yunani,11 Agustus 2015,5.0,selalu bisa diandalkan setiap saat,My Box XL Pasta/Rice,25 Desember 2023,2025-07-04 21:49:29
"Pizza Hut, Manyar Kertoarjo",rosikun,17 Juni 2022,5.0,enak banget pitza nya,My Box XL Pizza,23 Desember 2023,2025-07-04 21:49:29
"Pizza Hut, Manyar Kertoarjo",M**** S*******,7 November 2016,4.0,"Rasanya kok beda dari biasanya.Kayak kurang bumbu,lebih dominan asin aja. Juga bagian melt atasnya yg ada jagung2 kurang menyatu sehingga agak ngumpul, pada lari kebagian bukaan box.Tolong diperhatikan lagi ya.
Terimakasih",PAN Regular Pizza,23 Desember 2023,2025-07-04 21:49:29
"Pizza Hut, Manyar Kertoarjo",A****,21 Agustus 2016,3.0,too greasy.. basah kotos2,Melts Pizza,15 Desember 2023,2025-07-04 21:49:29
"Pizza Hut, Manyar Kertoarjo",B*** D*****,1 Juni 2015,2.0,There is no difference between pick up and delivery. When i arrived my order still not on process 👎🏻,PAN Personal Pizza - Cheese Rolls,10 Desember 2023,2025-07-04 21:49:29
"Pizza Hut, Manyar Kertoarjo",hima,7 September 2016,2.0,minta saus tanmbahan gadikasiiih,Big Box Bites,10 Desember 2023,2025-07-04 21:49:29
"Pizza Hut, Manyar Kertoarjo",totok,10 Juli 2021,5.0,terimakasih sesuai pesanan,My Box Pizza,15 Oktober 2023,2025-07-04 21:49:29
"Pizza Hut, Manyar Kertoarjo",entin s,19 Juni 2017,5.0,dipertahankan kwalitasnya,Melts Pizza - New Orleans Chicken Wings - Puff Pastry Mushroom Cream Soup,1 Oktober 2023,2025-07-04 21:49:29
"Pizza Hut, Manyar Kertoarjo",M**** S*******,7 November 2016,5.0,"terlalu manis
ada pedasnya",Classic Salmon Mentaiko - My Box Pizza,7 Oktober 2023,2025-07-04 21:49:29
"Pizza Hut, Manyar Kertoarjo",Surya,9 Desember 2017,5.0,terimakasih mantaappp banget,Double Box Regular.,8 September 2023,2025-07-04 21:49:29
"Pizza Hut, Manyar Kertoarjo",Y****,17 November 2018,5.0,Pizza terfavorit. Rasa selalu konsisten. Sering2 promo ya 😍,BOGO REGULAR PIZZA,17 Agustus 2023,2025-07-04 21:49:29
"Pizza Hut, Manyar Kertoarjo",B*****,15 Oktober 2015,2.0,"Pengiriman dekat (kurang dr 10 menit) tapi pizza sampai dalam kondisi dingin... Walaupun lagi banyak pesanan dan membuat proses masaknya lama, paling nggak diusahakanlah agar driver yang ambil bisa delivery segera...",BOGO REGULAR PIZZA,17 Agustus 2023,2025-07-04 21:49:29
"Pizza Hut, Manyar Kertoarjo",Inne,22 September 2018,5.0,"sudah berkali² beli dan sudah dikasih note, tp tetep aja note nya nggak pernah dibaca kali ya... minta nasi pecel tanpa dadar jagung dan tempe, pasti sampe nya ada dadar jagung dan tempe. yg parah hari ini, order TANPA taoge, yg dateng nggak ada sayur nya, CUMA TAOGE aja dong... yang jual bisa baca atau nggak ya?",Strawberry Milkshake - Chocolate Milkshake,8 Agustus 2023,2025-07-04 21:49:29
"Pizza Hut, Manyar Kertoarjo",Amel,3 Agustus 2018,5.0,"thankyou, creamy fettucinenya uenak banyak creamynya ❤️",PAN Personal Pizza - Creamy Beef Classic Fettuccine,20 Juli 2023,2025-07-04 21:49:29
"Pizza Hut, Manyar Kertoarjo",MasPuspita,26 Desember 2019,5.0,"2 Saja ya
Eunnnakk Sekali",PAN Large Pizza,14 Juli 2023,2025-07-04 21:49:29
"Pizza Hut, Manyar Kertoarjo",ANY,22 Juni 2016,5.0,Terima kasih Chef....,My Box XL Mix - Lemon Tea,24 Juni 2023,2025-07-04 21:49:29
"Pizza Hut, Manyar Kertoarjo",A*** R****,7 Oktober 2016,2.0,"Percuma pickup dari gofood, pizza baru dimasak ketika pelanggan datang, buang2 waktu dan fee gojek!!",Pizza Heart,11 Mei 2023,2025-07-04 21:49:29
"Pizza Hut, Manyar Kertoarjo",M******* F*****,5 Oktober 2018,5.0,Rasanya.. mantaapp 😍👍🌟,L1MO Pizza 6 Topping,3 Mei 2023,2025-07-04 21:49:29
"Pizza Hut, Manyar Kertoarjo",Muhammad affarel daffa farezy,24 Desember 2022,5.0,Pizza sama pasta nya enak. mantap lah👍,Paket Triple Meriah,17 April 2023,2025-07-04 21:49:29
"Pizza Hut, Manyar Kertoarjo",R*******,10 Januari 2018,5.0,Mantul bangeeeetttt toppp,My Box Plus Pasta/Rice,21 Maret 2023,2025-07-04 21:49:29
"Pizza Hut, Manyar Kertoarjo",isamesal,31 Desember 2016,5.0,"pizza hut ga pernah berhenti buat berinovasi, keren sih ada aja kepikiran pizza dimacem2in. good job, selalu berhasil mengekesekusi ide dengan baik",Big Box,11 Februari 2023,2025-07-04 21:49:29
"Pizza Hut, Manyar Kertoarjo",Gigih,20 Oktober 2015,5.0,"mantul...
mantab betul..",L1mo Pizza,30 Desember 2022,2025-07-04 21:49:29
"Pizza Hut, Manyar Kertoarjo",R.Ery Kuncoro,21 Oktober 2015,5.0,good service..100% mak nyuss,My Box XL Pizza,31 Januari 2023,2025-07-04 21:49:29
"Pizza Hut, Manyar Kertoarjo",Risky Wulan,29 Juli 2022,2.0,pesen 2 porsi tp yg 1 box isi kentangnya agak keras dan tidak fresh rasanya... ada potongan kentang yg ukurannya kecil2 seperti sisa kentang.,Potato Wedges,12 Januari 2023,2025-07-04 21:49:29
"Pizza Hut, Manyar Kertoarjo",N**** H*******,13 Juli 2017,5.0,thanks ya...sippp,Double Box Regular,10 Januari 2023,2025-07-04 21:49:29
"Pizza Hut, Manyar Kertoarjo",E***,6 Juli 2015,2.0,"Iya sih promo, tp Sosisnya kayanya cuma 1 sosis yg dipotong kecil2",My Box Hits Pizza,3 Januari 2023,2025-07-04 21:49:29
"Pizza Hut, Manyar Kertoarjo",Wiwin,1 November 2016,5.0,"yummy
yummy
yummy",My Box XL Pizza,30 Desember 2022,2025-07-04 21:49:29
"Pizza Hut, Manyar Kertoarjo",H*****,6 Juni 2017,4.0,"Rasa oke, cuma harga kemahalan",MeatMax Regular Pizza,26 Desember 2022,2025-07-04 21:49:29
"Pizza Hut, Manyar Kertoarjo",Ardinintya,10 November 2015,4.0,pesen yg meaty pan pizza n spaghetti beef ternyata pas dtng topping nya lbh ke sosis bukan daging cincang tp rasa as usual pizza hut slalu enak,My Box XL Mix,29 Desember 2022,2025-07-04 21:49:29
"Pizza Hut, Manyar Kertoarjo",R.Ery Kuncoro,21 Oktober 2015,5.0,mntappp poll rasae,My Box Plus Pizza,22 Desember 2022,2025-07-04 21:49:29
"Pizza Hut, Manyar Kertoarjo",lia,22 Agustus 2015,5.0,Baik skli bpk nya,Double Box Regular,22 Desember 2022,2025-07-04 21:49:29
"Pizza Hut, Manyar Kertoarjo",Y**** Y***** A* A*****,19 Oktober 2020,5.0,"enak rasanya, meski ternyata isinya yang chicken cuma kentucy tp gpp rotinya enak :(❤‍🔥",My Box Pizza,20 Desember 2022,2025-07-04 21:49:29
"Pizza Hut, Manyar Kertoarjo",Faisal,21 Januari 2021,2.0,potato wedges kurang matang (agak mentah),My Box Pizza - My Box Pasta/Rice,18 Desember 2022,2025-07-04 21:49:29
"Pizza Hut, Manyar Kertoarjo",Y***,23 April 2016,5.0,"Enak. Kalau ntar jadi menu topping tetap, sy akan pesan lagi",MeatMax Regular Pizza,8 Desember 2022,2025-07-04 21:49:29
"Pizza Hut, Manyar Kertoarjo",Y** L*****,7 Februari 2016,1.0,"Pelit amat kasih saus, pizza segede gaban kasih saus cuma 2.",PAN Large Pizza - Garlicheese Bread,7 Desember 2022,2025-07-04 21:49:29
"Pizza Hut, Manyar Kertoarjo",Doni,27 Januari 2022,5.0,rasanya enak banget,PAN Large Pizza,5 Desember 2022,2025-07-04 21:49:29
"Pizza Hut, Manyar Kertoarjo",P****,28 Desember 2018,5.0,"makasih banyak, rasanya enak, promonya menarik",My Box Pizza,4 Desember 2022,2025-07-04 21:49:29
"Pizza Hut, Manyar Kertoarjo",M******* T*** E* F*****,18 Februari 2016,5.0,"Mantap, worth it!",Puff Pastry Mushroom Cream Soup - Mushroom Soup,21 November 2022,2025-07-04 21:49:29
"Pizza Hut, Manyar Kertoarjo",I******,19 Agustus 2021,5.0,mantapp layanannyaa,Big Box + 1 Liter Coca-Cola,25 November 2022,2025-07-04 21:49:29
"Pizza Hut, Manyar Kertoarjo",muljaningsih,30 Mei 2018,5.0,enak cuma dikit  hehehe,My Box Pizza,20 November 2022,2025-07-04 21:49:29
"Pizza Hut, Manyar Kertoarjo",Tarto,10 Februari 2022,5.0,mantul & enak gan,L1mo Pizza,24 September 2022,2025-07-04 21:49:29
"Pizza Hut, Manyar Kertoarjo",L*** A**,16 September 2015,5.0,Uuuueeeennnnnaaaakkkk,L1mo Pizza,26 Oktober 2022,2025-07-04 21:49:29
"Pizza Hut, Manyar Kertoarjo",silvi,30 April 2017,5.0,Selalu enak. tidak pernah mengecewakan.,Double Box Large + 2 Softdrink,23 Oktober 2022,2025-07-04 21:49:29
"Pizza Hut, Manyar Kertoarjo",Afifazahra,17 Agustus 2017,1.0,tolong cek orderan dengan teliti,My Box Plus Pizza,23 Oktober 2022,2025-07-04 21:49:29
"Pizza Hut, Manyar Kertoarjo",Rosita,4 Februari 2018,5.0,mantab bgt deh pokoknya,Double Box Regular,20 Oktober 2022,2025-07-04 21:49:29
"Pizza Hut, Manyar Kertoarjo",sulistiyowati,28 Juni 2019,5.0,terus jaga kualitas,My Box XL Mix,2 Oktober 2022,2025-07-04 21:49:29
"Pizza Hut, Manyar Kertoarjo",Surya,8 April 2017,5.0,enak!!!!!!!!!!!!!!,PAN Personal Pizza,28 September 2022,2025-07-04 21:49:29
"Pizza Hut, Manyar Kertoarjo",Ibu Liila,4 Agustus 2021,4.0,"mantaaaaap.... 
terimakasih ya...",My Box Plus Pizza,20 September 2022,2025-07-04 21:49:29
"Pizza Hut, Manyar Kertoarjo",Pamuji,22 Agustus 2015,5.0,sippppp deh pokoknya,My Box XL,4 September 2022,2025-07-04 21:49:29
"Pizza Hut, Manyar Kertoarjo",try murti,5 Desember 2015,5.0,mbak yang ngantar cepatttt sat set wat wet jos,Large Splitza,25 Agustus 2022,2025-07-04 21:49:29
"Pizza Hut, Manyar Kertoarjo",I*** L******,13 Januari 2016,5.0,Enak bggttt iniiiii,My Box,17 Agustus 2022,2025-07-04 21:49:29
"Pizza Hut, Manyar Kertoarjo",S*****,20 Januari 2017,5.0,"Sepatah kata adalah nikmat.
Dua patah kata adalah porsinya kecil.",My Box XL,7 Agustus 2022,2025-07-04 21:49:29
"Pizza Hut, Manyar Kertoarjo",Ubaydillah Dwi Sakti,14 Mei 2017,5.0,"Terima kasih pak, sudah sabar menunggu. semoga lancar rezekinya, amiin.",My Box,21 Juli 2022,2025-07-04 21:49:29
"Pizza Hut, Manyar Kertoarjo",L****,7 September 2016,3.0,knp hr ini pizzanya kerasss sekali jd ga enak dimakan ga spt dulu.,Large Splitza,17 Juli 2022,2025-07-04 21:49:29
"Pizza Hut, Manyar Kertoarjo",A****,15 Januari 2016,5.0,yummy... pastanya enaakkkk 😋,L1MO Pizza + 1 Liter Coca Cola - Creamy Truffle - Cheese - Beef Fusilli - Garlicheese Bread,9 Juli 2022,2025-07-04 21:49:29
"Pizza Hut, Manyar Kertoarjo",yuni,19 November 2016,5.0,tetep paling enak,Double Box Large Free 2 Softdrink,4 Juli 2022,2025-07-04 21:49:29
"Pizza Hut, Manyar Kertoarjo",Muri Adithama,2 Mei 2019,5.0,mantul amat..uueenaakk pollll 👍👍👍,My Box Hitss,22 Juni 2022,2025-07-04 21:49:29
"Pizza Hut, Manyar Kertoarjo",K*****,7 Desember 2015,5.0,Sering2 ya diskon gede!,Double Box Large Free 2 Softdrink,17 Juni 2022,2025-07-04 21:49:29
"Pizza Hut, Manyar Kertoarjo",reny,14 Agustus 2015,5.0,always great serve,Double Box Regular Free 2 Softdrink,30 Mei 2022,2025-07-04 21:49:29
"Pizza Hut, Manyar Kertoarjo",yasisca,3 September 2021,4.0,gosong...pizza nya jd kurang enak...,My Box,28 Mei 2022,2025-07-04 21:49:29
"Pizza Hut, Manyar Kertoarjo",Putra,30 Agustus 2017,5.0,Tetep pertahankan kepercayaan customer.. sukses selalu,My Box Hitss,26 Mei 2022,2025-07-04 21:49:29
"Pizza Hut, Manyar Kertoarjo",Keynaraa,3 Oktober 2021,5.0,drivernya cepat dan sangat ramah🙏🏻,Large Pizza,1 Mei 2022,2025-07-04 21:49:29
"Pizza Hut, Manyar Kertoarjo",Y*** O******,3 Februari 2018,5.0,Kemasannya buruk,Double Box Regular,29 April 2022,2025-07-04 21:49:29
"Pizza Hut, Manyar Kertoarjo",hellen,8 September 2015,5.0,"enakkk....
rotinya dibuat makan besok pun, masih enak gk keras seperti punya tetangga sebelah 👍",Regular Splitza,14 April 2022,2025-07-04 21:49:29
"Pizza Hut, Manyar Kertoarjo",Adel,6 April 2022,3.0,"saus nya hanya 1, menurut saya kurang",Personal Pizza,7 April 2022,2025-07-04 21:49:29
"Pizza Hut, Manyar Kertoarjo",Dedy Try,11 Desember 2017,4.0,pinggiran sosis frankfurt terasa hambar (plain) mungkin perlu beri sedikit bumbu perasa,Gojek Ramadan Special,6 April 2022,2025-07-04 21:49:29
"Pizza Hut, Manyar Kertoarjo",M*****,29 November 2015,4.0,Orderan tertukar jadi harus tunggu lama 😕,Double Box Regular Free Soft Drink,25 Maret 2022,2025-07-04 21:49:29
"Pizza Hut, Manyar Kertoarjo",Anisa Paramitha Dewi,28 September 2018,5.0,mantul maaci bisa mam promoan enak hehe,Big Box Dimsum,28 Maret 2022,2025-07-04 21:49:29
"Pizza Hut, Manyar Kertoarjo",R**** D** W,19 September 2015,2.0,"sosisnya kecil2 mengkeret, pizzanya seperti stok lama",My Box - New Orleans Chicken Wings,27 Maret 2022,2025-07-04 21:49:29
"Pizza Hut, Manyar Kertoarjo",K***** K****,11 Juni 2020,3.0,sepertinya rotinya qgak kurang matang. Masih terlihat tepungnya di lapisannya,Regular Dimsum Pizza - Creamy Beef  Classic Fettuccine,26 Maret 2022,2025-07-04 21:49:29
"Pizza Hut, Manyar Kertoarjo",erika,5 November 2015,3.0,gosong kentangnya,Cheese - Beef Fusilli - Regular Pizza - Potato Wedges,12 Maret 2022,2025-07-04 21:49:29
"Pizza Hut, Manyar Kertoarjo",A*******,17 Juli 2021,3.0,Pesan cheesy bites tapi saos putih nya ga dikasi,Paket Box Double Box Large,10 Maret 2022,2025-07-04 21:49:29
"Pizza Hut, Manyar Kertoarjo",G****** S******,6 Oktober 2019,5.0,"porsi saladnya tambah lama tambah sedikit, kalo dulu dikasih penuh di wadahnya",Paket Box Double Box Large - Fresh Salad,7 Maret 2022,2025-07-04 21:49:29
"Pizza Hut, Manyar Kertoarjo",Dina,8 November 2018,5.0,"maaaf, porsi jauuuh berkurang
ga ada kacang merah, wortel
tp lumayan buat tombo kangen",Fresh Salad,25 Februari 2022,2025-07-04 21:49:29
"Pizza Hut, Manyar Kertoarjo",Dyandra,26 Juni 2019,5.0,Selalu suka pizza hut,L1MO PIZZA,30 Januari 2022,2025-07-04 21:49:29
"Pizza Hut, Manyar Kertoarjo",fitri qonita,14 September 2015,4.0,rotinya kering bgt jd agak keras,L1MO PIZZA,25 Januari 2022,2025-07-04 21:49:29
"Pizza Hut, Manyar Kertoarjo",Lenny,9 Agustus 2015,4.0,ya krmg bnykkkk,Pas Seru,11 Januari 2022,2025-07-04 21:49:29
"Pizza Hut, Manyar Kertoarjo",Alif Syafri Tegariyansyah,3 Agustus 2017,5.0,Rasanya Tidak Ada Obat,Paket Box DOUBLE BOX LARGE Stuffed Crust with Crispy Cheese,3 Desember 2021,2025-07-04 21:49:29
"Pizza Hut, Manyar Kertoarjo",ichak,1 Mei 2016,3.0,salah item. pesan salad buah yg dtang sayur,My Box Hitss - Fresh Buah - Garlic Bread,27 Desember 2021,2025-07-04 21:49:29
"Pizza Hut, Manyar Kertoarjo",C********,22 Agustus 2016,2.0,sangat kurang bersih,Personal Pizza - Personal Pizza - Personal Pizza - Garlic Bread,25 Desember 2021,2025-07-04 21:49:29
"Pizza Hut, Manyar Kertoarjo",dwi mariyani,23 November 2017,5.0,"wenaaaak bangeeet, banyaak jg woii, terimakasih 🙏🏻",L1MO PIZZA,23 Desember 2021,2025-07-04 21:49:29
"Pizza Hut, Manyar Kertoarjo",AgungPe,24 Juli 2015,5.0,besarin lagi donk ukurannya 🤣🤣🤣,My Box - My Box,18 Desember 2021,2025-07-04 21:49:29
"Pizza Hut, Manyar Kertoarjo",M***,31 Oktober 2018,5.0,Emang ga ada duanya dah 👍👍,My Box,16 Desember 2021,2025-07-04 21:49:29
"Pizza Hut, Manyar Kertoarjo",ceria sari,13 November 2015,4.0,roti yg ada coklatnya itu kok alot ya?,Big Box Upgrade Stuffed Crust With Crispy Cheese,25 November 2021,2025-07-04 21:49:29
"Pizza Hut, Manyar Kertoarjo",R****,12 November 2015,1.0,Pizza supremenya tidak ada pasta tomatnya diatas roti dan tidak ada olivenya.,Double Box Large Upgrade Stuffed Crust With Crispy Cheese,30 November 2021,2025-07-04 21:49:29
"Pizza Hut, Manyar Kertoarjo",I****,17 Juli 2015,2.0,"paling jelek dibanding cabang lainnya. saus ayam dan salad kelupaan, ngga bisa pilih topping, rasanya jg asin",Fresh Buah - New Orleans Chicken Wings - Beef Lasagna - Double Box Regular Upgrade Stuffed Crust With Crispy Cheese - Baked Chicken Chunks,25 November 2021,2025-07-04 21:49:29
"Pizza Hut, Manyar Kertoarjo",Martin,29 Agustus 2015,5.0,pizza hut emg paling the besttttt,Double Box Regular Upgrade Stuffed Crust With Crispy Cheese - Double Box Regular Upgrade Stuffed Crust With Crispy Cheese,25 November 2021,2025-07-04 21:49:29
"Pizza Hut, Manyar Kertoarjo",M******,1 September 2017,5.0,"sesuai dengan harapan, nikmat",L1MO PIZZA - Large Pizza Upgrade Stuffed Crust With Crispy Cheese,23 November 2021,2025-07-04 21:49:29
"Pizza Hut, Manyar Kertoarjo",Y*** / L*** D****,19 Mei 2020,5.0,enakkk bangetttt. sering beli disini,Paket Triple Meriah,21 November 2021,2025-07-04 21:49:29
"Pizza Hut, Manyar Kertoarjo",T**** T*,19 Maret 2019,3.0,"Baru kali ini dapat pizza seperti ini, pizza nya hancur. Isian nya miring semua ke satu sisi, sampai jatuh ke dos nya.",Double Box Regular Upgrade Stuffed Crust With Crispy Cheese,19 November 2021,2025-07-04 21:49:29
"Pizza Hut, Manyar Kertoarjo",S******,27 Desember 2015,2.0,"order double box reguler, kurang free 2 lemon tea",Paket Box Double Box Regular,14 November 2021,2025-07-04 21:49:29
"Pizza Hut, Manyar Kertoarjo",N***,18 Februari 2016,4.0,lasagna nya asin bangettss..,Beef Spaghetti - Beef Lasagna - My Box,29 Oktober 2021,2025-07-04 21:49:29
"Pizza Hut, Manyar Kertoarjo",M**** D*******,17 September 2015,1.0,saya pesan 2 (dua) tp diterima cuma 1 ... komplain kemama?,Paket Seru,25 Oktober 2021,2025-07-04 21:49:29
"Pizza Hut, Manyar Kertoarjo",R*****,15 Januari 2017,5.0,"enak sih...
tapi pak gojeknya ga pinter bawanya..
akhirnya numplek jaya",Double Box Regular Stuffed Crust with Crispy Cheese,24 Oktober 2021,2025-07-04 21:49:29
"Pizza Hut, Manyar Kertoarjo",D****** T****,6 November 2020,3.0,pizzanya hilang 1 slice,Fresh Salad - Triple Box - BOGO Juice,8 Oktober 2021,2025-07-04 21:49:29
"Pizza Hut, Manyar Kertoarjo",C****** T**,9 Agustus 2016,4.0,rasa ok.lah. porsi sesuai promo nya. sip,L1MO PIZZA,1 Agustus 2021,2025-07-04 21:49:29
"Pizza Hut, Manyar Kertoarjo",S********,31 Oktober 2018,5.0,Sangat bagus. Makanan enak banyak promo  sangat menyelamatkan saya pasa saat pandemi begini. Ada segel supaya customer tau makanan belum dibuka. Terus ditingkatkan gojek Dan restoran restorannya. I love indonesia products,BOGO Juice - Garlic Bread,10 Juli 2021,2025-07-04 21:49:29
"Pizza Hut, Manyar Kertoarjo",S********,31 Oktober 2018,5.0,Sangat bagus. Makanan enak banyak promo  sangat menyelamatkan saya pasa saat pandemi begini. Ada segel supaya customer tau makanan belum dibuka. Terus ditingkatkan gojek Dan restoran restorannya. I love indonesia products,BOGO Juice - Garlic Bread,10 Juli 2021,2025-07-04 21:49:29
"McDonald's, Manyar Kertoarjo Surabaya",Faiq Subroto,14 Juni 2022,5.0,terima kasih sehat dan bahagia selalu,Birthday Card - Delivery Ulang Tahun - Ayam McD,26 Juni 2025,2025-07-04 21:50:09
"McDonald's, Manyar Kertoarjo Surabaya",X*** Y**,27 September 2016,5.0,saosnya cuman 1,"PaNas 2  Spicy, Medium",12 Juni 2025,2025-07-04 21:50:09
"McDonald's, Manyar Kertoarjo Surabaya",H**** H*******,14 Agustus 2015,3.0,"rasanya beda , tidak se enak dlu , tepungnya keras , dlu krasa rempahnya , kemasan juga terbuka kantong kainnya , segelnya kena air hujan lgsung copot",GoFood - 5pcs Ayam McD Krispy,10 Juni 2025,2025-07-04 21:50:09
"McDonald's, Manyar Kertoarjo Surabaya",JAYA,16 Januari 2018,5.0,sukses selamat dunia akhirat,GoFood - 5pcs Ayam McD Krispy - Iced Coffee,10 Juni 2025,2025-07-04 21:50:09
"McDonald's, Manyar Kertoarjo Surabaya",Ivana,15 Januari 2016,4.0,Kentangnya dingin,"PaNas 2  Krispy with Fries, Large",30 Mei 2025,2025-07-04 21:50:09
"McDonald's, Manyar Kertoarjo Surabaya",Mass R punyarava,8 Maret 2025,3.0,gak dapet sendok es cream,"McFlurry Feat. OREO - PaNas 2  Spicy, Large",28 Mei 2025,2025-07-04 21:50:09
"McDonald's, Manyar Kertoarjo Surabaya",zamhaidar,23 September 2024,1.0,"tidak seseuai oreder dilaaih sayur semua saya order 1 tanpa sayur 
jadi merusak raste anak saya","Paket Hemat Double Cheeseburger, Medium - Paket Hemat Double Cheeseburger, Medium",20 Mei 2025,2025-07-04 21:50:09
"McDonald's, Manyar Kertoarjo Surabaya",Neo culture Technology,5 Mei 2025,4.0,pas udah kenyang di perut,"PaNas 2  Spicy with Fries, Medium",5 Mei 2025,2025-07-04 21:50:09
"McDonald's, Manyar Kertoarjo Surabaya",Budi,4 November 2015,3.0,Cola nya bocor tipis.,"Paket Hemat Chicken Burger Deluxe, Large",2 Mei 2025,2025-07-04 21:50:09
"McDonald's, Manyar Kertoarjo Surabaya",ratna,24 Desember 2017,5.0,gak ada yg bs ngalahin mcd,"PaNas 2  Krispy with Fries, Large",1 Mei 2025,2025-07-04 21:50:09
"McDonald's, Manyar Kertoarjo Surabaya",B******,3 Oktober 2015,3.0,Mint saos tomat tidak pernah diberi,PaMer 5 Krispy,21 April 2025,2025-07-04 21:50:09
"McDonald's, Manyar Kertoarjo Surabaya",Bambang,31 Mei 2017,2.0,Minta Paha dikasi dada. Jelas saya tulis tidak mau dadah.,1pc Krispy Chicken,17 April 2025,2025-07-04 21:50:09
"McDonald's, Manyar Kertoarjo Surabaya",M*****,4 September 2019,3.0,"Sausage wrapnya sekarang kecil banget, ga sesuai sama foto menunya. Tp porsi hashbrown nya mantep bgt udah pas.",Paket Hemat Sausage Wrap,16 April 2025,2025-07-04 21:50:09
"McDonald's, Manyar Kertoarjo Surabaya",Juli Rosminiati,5 Februari 2019,4.0,"beli 14biji ayam, tp tdk  dikasih  saus  sambal. trs dimakan sama apa",PaMer 7 Krispy,9 April 2025,2025-07-04 21:50:09
"McDonald's, Manyar Kertoarjo Surabaya",M******* F**** A****,6 Maret 2019,1.0,"pesen big mac, tapi pas dateng, saus, acar, kol, gaada. cuma daging sm keju. polos
mana udh nunggu2in bgt, seharian puasaaa","Paket Hemat Big Mac, Large",18 Maret 2025,2025-07-04 21:50:09
"McDonald's, Manyar Kertoarjo Surabaya",B****** A*******,12 Desember 2015,5.0,"murah bet astaga, sering2 paket semurah ini",PROMO - 3 Ayam McD Spicy + 3 Rice Med + 3 Fruit Tea Lemon Sml,18 Maret 2025,2025-07-04 21:50:09
"McDonald's, Manyar Kertoarjo Surabaya",H**** B*******,6 Juli 2021,1.0,the sauce is not give as requested on note..,"PaNas 2  Krispy, Large",15 Maret 2025,2025-07-04 21:50:09
"McDonald's, Manyar Kertoarjo Surabaya",M****** A*****,2 April 2018,2.0,"agak kecewa karena pesanan tdk sesuai/ tertukar, tapi alhamdulillah mau bertanggung jawab mengganti pesanan yg sesuai, terimakasih","Paket Kenyang, Spicy",9 Maret 2025,2025-07-04 21:50:09
"McDonald's, Manyar Kertoarjo Surabaya",Muhammad Muhajir,23 Desember 2019,5.0,mcdonalds mantap,PROMO - 3 Ayam McD Spicy + 3 Rice Med + 3 Fruit Tea Lemon Sml,27 Februari 2025,2025-07-04 21:50:09
"McDonald's, Manyar Kertoarjo Surabaya",Tom Maher,11 November 2016,1.0,"McDonald’s is known for its consistency, worldwide. I have had it many times, in several countries. This was, hands down, the worst meal I have ever had at a McDonald’s. The flavor of the burger and the fries was horrible. The fries tasted like they were fried, got cold, and fried to reheat them. If I was at the restaurant, I would have insisted on getting everything made again—only fresh.","Coca-Cola, Large - Apple Pie - Paket Hemat Double Cheeseburger, Large - Paket Hemat Big Mac, Large - Paket Hemat McSpicy, Large",27 Februari 2025,2025-07-04 21:50:09
"McDonald's, Manyar Kertoarjo Surabaya",felicia adeline,19 Januari 2018,5.0,Struknya diikutkan😭✋,"Paket Keluarga Seru - McFlurry Feat. OREO, Tanpa Mainan",19 Februari 2025,2025-07-04 21:50:09
"McDonald's, Manyar Kertoarjo Surabaya",E** A***,25 Juli 2015,5.0,selalu menjadi langganan,"Paket Keluarga Seru - McFlurry Feat. OREO, Tanpa Mainan - Apple Pie - Breakfast Wrap",14 Februari 2025,2025-07-04 21:50:09
"McDonald's, Manyar Kertoarjo Surabaya",H**** B*******,6 Juli 2021,1.0,tidak sesuai request!,"PaNas 2  Krispy, Large",12 Februari 2025,2025-07-04 21:50:09
"McDonald's, Manyar Kertoarjo Surabaya",Tom Maher,11 November 2016,5.0,"You might want to advise McDonald’s that there drinks almost always leak. They might consider either double bagging the drinks or use a small plastic sleeve, like KFC does, to put the drink in. I almost always have to clean everything up, including my counter and floor, before eating. Thanks!","McD Chicken Porridge - Breakfast Wrap - Fanta, Large - HashBrown - Apple Pie - Coca-Cola, Large",12 Januari 2025,2025-07-04 21:50:09
"McDonald's, Manyar Kertoarjo Surabaya",izlam,25 Agustus 2015,5.0,Enjoy very much,Paket HeBat Korean Soy Garlic Wings,11 Januari 2025,2025-07-04 21:50:09
"McDonald's, Manyar Kertoarjo Surabaya",Airell Bagus Patriatama,6 Januari 2017,2.0,pesanannya ada yang kurang,"PaNas 2  Krispy with Fries, Large - McSpaghetti - McNuggets 9 pcs - Paket Hemat McSpicy, Medium",18 Desember 2024,2025-07-04 21:50:09
"McDonald's, Manyar Kertoarjo Surabaya",myiesha,21 Februari 2022,1.0,Beli es krim oreo dikirim coklat,McFlurry Feat. OREO - Paket Nasi Uduk McD Ayam Suwir,6 Desember 2024,2025-07-04 21:50:09
"McDonald's, Manyar Kertoarjo Surabaya",E**,26 November 2015,1.0,Admin nya ga bisa baca request minta paha di kasi dada ama sayap,"PaNas 2  Krispy, Large",4 Desember 2024,2025-07-04 21:50:09
"McDonald's, Manyar Kertoarjo Surabaya",rajadaniel,15 Februari 2018,1.0,PELIT BANGET SAOSNYA PADAHAL KALIAN SUDAH ADA BIAYA TAMBAHAN UTK PACKAGING!!!!,"Paket Hemat Triple Cheeseburger, Large",26 November 2024,2025-07-04 21:50:09
"McDonald's, Manyar Kertoarjo Surabaya",U***** P******,18 Agustus 2017,1.0,Mintai tambah saos ma garam  tiap kali dak kasih malahan,"Paket Hemat Fish Fillet Burger, Large",25 November 2024,2025-07-04 21:50:09
"McDonald's, Manyar Kertoarjo Surabaya",Malindaa,22 September 2018,1.0,"Kalo ngantuk tidur aja gausah kerja, aku beli paket panas gulai 56.500 gamungkin ga sama nasi kan, masa iya aku beli 2 nasi cuma 1 . ayo seng genah.","Paket Ayam Krispy McD Gulai Spesial Large - PaNas Special Krispy, Large - French Fries Medium",16 November 2024,2025-07-04 21:50:09
"McDonald's, Manyar Kertoarjo Surabaya",yuli,9 Mei 2019,1.0,pesannya dada yg dtg sayap 🫢🫢🫢,"PaNas 1 Krispy, Medium",6 November 2024,2025-07-04 21:50:09
"McDonald's, Manyar Kertoarjo Surabaya",N**********,21 Agustus 2023,3.0,"pesan panas 2 ayam mcd gulai krispy large.menu yg datang tidak sesuai
di foto menu tertera 2 potong ayam.. masa yg dateng cuma 1🥵",Paket Ayam Spicy McD Gulai Spesial Large,5 November 2024,2025-07-04 21:50:09
"McDonald's, Manyar Kertoarjo Surabaya",Bambang,31 Mei 2017,1.0,"Tiap kali minta saus tomat selalu tidak diberi.
Minta 2 paha bawah dan 2 paha atas juga dikasi nya 1 paha bawah, 1 dada dan 2 sayap. Payah.",PROMO - 4pcs Ayam McD Krispy a la carte,2 November 2024,2025-07-04 21:50:09
"McDonald's, Manyar Kertoarjo Surabaya",andi alfianando,12 Mei 2020,1.0,pesen large dikasih paha bawah!!! may yall rot in hell!!! mati aja kalian semuaaa,"PaNas 1 Spicy, Large",26 Oktober 2024,2025-07-04 21:50:09
"McDonald's, Manyar Kertoarjo Surabaya",A******,20 Juli 2015,3.0,salah orderan yg datang,"Paket Hemat Cheeseburger, Medium - PaNas Special Spicy, Medium",21 Oktober 2024,2025-07-04 21:50:09
"McDonald's, Manyar Kertoarjo Surabaya",N*****,13 Agustus 2015,3.0,kurang matang ayamnya,"PaNas 2  Krispy, Large - French Fries Regular",14 Oktober 2024,2025-07-04 21:50:09
"McDonald's, Manyar Kertoarjo Surabaya",Tom Maher,11 November 2016,5.0,The order was complete and correct. The driver made sure.,"Coca-Cola, Large - Apple Pie - HashBrown - Breakfast Wrap - McD Chicken Porridge - Fanta, Large",12 Oktober 2024,2025-07-04 21:50:09
"McDonald's, Manyar Kertoarjo Surabaya",adriani,20 Juli 2015,1.0,orderan tidak sesuai,"PaNas Special Spicy, Medium - PaNas Special Krispy, Medium",6 Oktober 2024,2025-07-04 21:50:09
"McDonald's, Manyar Kertoarjo Surabaya",M***** B***,10 Juli 2023,1.0,pesen nya apa yang dikirim apa gajelas,Happy Meal Ayam McD,5 Oktober 2024,2025-07-04 21:50:09
"McDonald's, Manyar Kertoarjo Surabaya",yulia,19 November 2016,1.0,Pesanan kurang 1paket,"Paket Keluarga Seru - McFlurry Feat. OREO, Dengan Mainan - PaNas 1 Krispy, Medium",4 Oktober 2024,2025-07-04 21:50:09
"McDonald's, Manyar Kertoarjo Surabaya",L**,20 Oktober 2023,4.0,"di foto ada nasi, tp ga dapet","Paket Kenyang, Spicy",29 September 2024,2025-07-04 21:50:09
"McDonald's, Manyar Kertoarjo Surabaya",Dwi Isnaini,20 Maret 2022,1.0,pesenya apa di kirim apa,"PaNas 2  Spicy, Large - PaNas 2  Spicy, Large",26 September 2024,2025-07-04 21:50:09
"McDonald's, Manyar Kertoarjo Surabaya",riaaaa,26 November 2021,5.0,hidup mati mcd❤️‍🔥,McFlurry Feat. OREO,1 Agustus 2024,2025-07-04 21:50:09
"McDonald's, Manyar Kertoarjo Surabaya",jenny,10 April 2016,2.0,"biasanya enak dan renyah, tapi kog sekarang gak enak, hambar dan seperti ayamnya di goreng 2x spt ayam kemaren yg di goreng lagi",PaMer 7 Krispy,8 September 2024,2025-07-04 21:50:09
"McDonald's, Manyar Kertoarjo Surabaya",K**** R*,25 April 2018,1.0,bocor colanya. sampek perlu bersihin lanta malem2. sausnya cuma 2 lagi,"Paket Hemat Big Mac, Medium",5 September 2024,2025-07-04 21:50:09
"McDonald's, Manyar Kertoarjo Surabaya",Arunio Ramadito,18 Juli 2016,5.0,enak bangettttt,PaMer 5 Krispy,5 September 2024,2025-07-04 21:50:09
"McDonald's, Manyar Kertoarjo Surabaya",F***** R,28 April 2022,5.0,recomended you all the best,PaMer 5 Spicy,9 Agustus 2024,2025-07-04 21:50:09
"McDonald's, Manyar Kertoarjo Surabaya",F***** R,28 April 2022,5.0,you all the best,"Paket Keluarga Seru - McFlurry Feat. OREO, Dengan Mainan",2 September 2024,2025-07-04 21:50:09
"McDonald's, Manyar Kertoarjo Surabaya",F***** R,28 April 2022,5.0,you all the best,PROMO - 3 Ayam McD Krispy + 3 Rice Med + 3 Fruit Tea Lemon Sml - PROMO - 3 Ayam McD Krispy + 3 Rice Med + 3 Fruit Tea Lemon Sml,5 September 2024,2025-07-04 21:50:09
"McDonald's, Manyar Kertoarjo Surabaya",H**** B*******,6 Juli 2021,1.0,tidak sesuai notes,"PaNas 2  Krispy, Large",1 September 2024,2025-07-04 21:50:09
"McDonald's, Manyar Kertoarjo Surabaya",R***,20 Maret 2016,1.0,pesanan tidak lengkap :(,Cheeseburger - PROMO - 2pcs Choco Caramel Pie,23 Agustus 2024,2025-07-04 21:50:09
"McDonald's, Manyar Kertoarjo Surabaya",Firman R,28 April 2022,5.0,recommended the best,PaMer 7 Mix Medium,23 Agustus 2024,2025-07-04 21:50:09
"McDonald's, Manyar Kertoarjo Surabaya",H**** H*******,14 Agustus 2015,2.0,haduh porsinya sekarang kok kecil2,PaMer 5 Krispy - Strawberry Sundae,17 Agustus 2024,2025-07-04 21:50:09
"McDonald's, Manyar Kertoarjo Surabaya",Zanuar arif Nurrachman,29 November 2022,2.0,Saos buat nugget nya tidak ada saur&sweet nya tidak ada,"McNuggets 9 pcs - Paket Hemat Double Cheeseburger, Large - Spicy Chicken Bites - Chicken Snack Wrap - French Fries Medium",13 Agustus 2024,2025-07-04 21:50:09
"McDonald's, Manyar Kertoarjo Surabaya",pradita,21 Agustus 2022,4.0,French fries nya sll gak fresh alias lembek,"Paket Hemat Big Mac, Large",10 Agustus 2024,2025-07-04 21:50:09
"McDonald's, Manyar Kertoarjo Surabaya",Putra,10 Agustus 2015,2.0,Nasi uduknya belum matang.. kalau dikunyah masih keras..ga biasanya seperti ini..👎,McD Chicken Porridge - Nasi Uduk McD - Frappe Hazelnut Medium - 1pc Krispy Chicken - 1pc Spicy Chicken,8 Agustus 2024,2025-07-04 21:50:09
"McDonald's, Manyar Kertoarjo Surabaya",Dio Alif Utama,26 April 2017,2.0,"kentang nya gosong mau kasih bukti gk ada lampirkan file fotonya, lainya normal semua","Paket Hemat Big Mac, Medium",2 Agustus 2024,2025-07-04 21:50:09
"McDonald's, Manyar Kertoarjo Surabaya",R****,24 Agustus 2016,3.0,"Pesan coca-cola large, yg datang medium. Lain kali dipastikan lagi pesanannya.","Paket Hemat McSpicy, Medium",27 Juli 2024,2025-07-04 21:50:09
"McDonald's, Manyar Kertoarjo Surabaya",Sevianita,29 Februari 2016,3.0,"Pesan Large, tapi ukuran Ayamnya kecil","PaNas 2  Spicy, Large",23 Juli 2024,2025-07-04 21:50:09
"McDonald's, Manyar Kertoarjo Surabaya",utien,24 Oktober 2015,2.0,kurang es cream 1 ???,"Paket Keluarga Seru - McFlurry Feat. OREO, Dengan Mainan - French Fries Medium",16 Juli 2024,2025-07-04 21:50:09
"McDonald's, Manyar Kertoarjo Surabaya",Al,2 Maret 2016,1.0,"beli large ,masak ayam medium bhkan kurng dri medium...mana sambelnya juga 1","PaNas 1 Krispy, Large",15 Juli 2024,2025-07-04 21:50:09
"McDonald's, Manyar Kertoarjo Surabaya",Gery Widodo,22 Agustus 2015,3.0,"Sudah ditulis di notes,minta chilli sauce nya dibanyakin. Malah cuma dikasih 2 sachet saja. Mcdonald’s apa bisa sampe bangkrut ya kalo cuma memberikan chilli sauce lebih banyak ke customer nya.","PaNas Special Krispy, Medium - 1pc Krispy Chicken",11 Juli 2024,2025-07-04 21:50:09
"McDonald's, Manyar Kertoarjo Surabaya",A**** R****,29 Desember 2023,5.0,goodjob and nice resto,Paket HeBat Beef Burger Deluxe,30 Juni 2024,2025-07-04 21:50:09
"McDonald's, Manyar Kertoarjo Surabaya",risma,20 Desember 2016,1.0,jelas jela spilih paha atas 2 di kasih paha atas 1 Dan paha bawah 1,PROMO - 2 PaNas 1 Ayam Krispy McD Gulai,29 Juni 2024,2025-07-04 21:50:09
"McDonald's, Manyar Kertoarjo Surabaya",pemen,29 Desember 2020,5.0,wayang nya dapat sayab semua,PaMer 5 Spicy Medium,28 Juni 2024,2025-07-04 21:50:09
"McDonald's, Manyar Kertoarjo Surabaya",Linda Sari,3 Juni 2019,1.0,"tidak sesuai ,mana sayurannya !!!","Paket Hemat Big Mac, Medium",26 Juni 2024,2025-07-04 21:50:09
"McDonald's, Manyar Kertoarjo Surabaya",N***** B********,14 Maret 2022,2.0,kenapa ayamnya keras + dingin kayak ayam kemaren,PROMO - 2 PaNas 1 Ayam Spicy McD Gulai,23 Juni 2024,2025-07-04 21:50:09
"McDonald's, Manyar Kertoarjo Surabaya",F*****,4 Juli 2017,1.0,"minuman tumpah, burgernya benyek ini burger apa bakpao? kenapa mcd skarang gini rasanya sad",PROMO - 2 PaNas 1 Ayam Spicy McD Gulai,16 Juni 2024,2025-07-04 21:50:09
"McDonald's, Manyar Kertoarjo Surabaya",Rinda azalia,16 Maret 2024,5.0,mantap joosss trimakasi,"Paket Keluarga Seru - McFlurry Feat. OREO, Tanpa Mainan - 3 Ayam McD Gulai Spicy + 3 reg. Rice",15 Juni 2024,2025-07-04 21:50:09
"McDonald's, Manyar Kertoarjo Surabaya",N***** D***,17 Maret 2024,5.0,"wah skg rasanya lbh 🌶 & kriuk, gak basah kyk dulu. suka suka sukaa sama 🐤nya yg skg ini lbh tasty🥰🥰🥰
wlp gak dpt ayam TLnya😥
oh ya sealnya msh blm rapet? 
untungnya rasa spritenya mantap😍
tq mcd🙏","PaNas 2  Spicy, Medium",19 Juni 2024,2025-07-04 21:50:09
"McDonald's, Manyar Kertoarjo Surabaya",C*****,8 Juli 2017,5.0,pelit bgt ngasi saus sambel ny cm 1 sachet buat 1 porsi,PROMO - 2 PaNas 1 Ayam Spicy McD Gulai,19 Juni 2024,2025-07-04 21:50:09
"McDonald's, Manyar Kertoarjo Surabaya",R****,24 Agustus 2016,4.0,Coca colanya aneh tanpa soda hahaha lain kali tolong lebih teliti.,"Paket Hemat McSpicy, Medium",17 Juni 2024,2025-07-04 21:50:09
"McDonald's, Manyar Kertoarjo Surabaya",ARIP SUPRIYADI,26 November 2015,1.0,"Lupa request pesanan, diberi paha upin ipin. Harusnya kalau nggak ada request beri saja dada tulang. Kecew dapet ayam potongan kecil 😓","PaNas Special Krispy, Large - Choco Sundae",17 Juni 2024,2025-07-04 21:50:09
"McDonald's, Manyar Kertoarjo Surabaya",Haykal,19 November 2019,2.0,bilangnya menunggu 11 menit tapi jadi 30 menit,"PaNas 2  Krispy, Medium",13 Juni 2024,2025-07-04 21:50:09
"McDonald's, Manyar Kertoarjo Surabaya",Erika,3 Mei 2024,3.0,es creamnyaa gaada apa.lupa atau gmn yaaa,"Paket Keluarga Seru - McFlurry Feat. OREO, Tanpa Mainan",6 Juni 2024,2025-07-04 21:50:09
"McDonald's, Manyar Kertoarjo Surabaya",anisya,7 September 2017,2.0,"sdh berkali kali saya kasih catatan tp tdk di hiraukan, mihta saos tomat tp di beri saos pedas pdhl utk anak2","Paket Keluarga Seru - McFlurry Feat. OREO, Tanpa Mainan - Cheeseburger",28 Mei 2024,2025-07-04 21:50:09
"McDonald's, Manyar Kertoarjo Surabaya",C*** T***,27 April 2023,4.0,enak sih gulainya tpi nasinya terlalu lembek,Berdua Lebih Hemat - 2 PaNas 1 Ayam Krispy McD Gulai dan 2 McFlurry feat Oreo,21 Mei 2024,2025-07-04 21:50:09
"McDonald's, Manyar Kertoarjo Surabaya",Raden Mas Arjuna,21 Agustus 2018,1.0,Pesanan yg diterima berbeda dengan yg dipesan.,"PaNas Special Krispy, Large",19 Mei 2024,2025-07-04 21:50:09
"McDonald's, Manyar Kertoarjo Surabaya",Efrina Diva Febriyani,13 Mei 2017,2.0,"tumben sekali kentang nya gk fresh, bikin saya sama suami sakit perut","Choco Sundae - Paket Hemat McSpicy, Medium - Paket Hemat McChicken, Medium",11 Mei 2024,2025-07-04 21:50:09
"McDonald's, Manyar Kertoarjo Surabaya",jeje,1 Mei 2019,5.0,Lapar MC Donald's dulu donk,"PaNas Special Spicy, Medium - PaNas Special Krispy, Large",11 Mei 2024,2025-07-04 21:50:09
"McDonald's, Manyar Kertoarjo Surabaya",enny jameela,5 Januari 2018,2.0,"heran ya sama MCD manyar ini selalu aja ada mines nya kalo pesen di sini, kmren2 ga banyak komplen ya tapi jadi keterusan. skrg sdh bagus tepat sesuai pesanan tapi di alat makannya kok ada rambutnya.. 
makanya agak males aja kalo pesen McD manyar ini kalo ga kepepet banget. McD lain mah aman2 aja.","HashBrown - Big Breakfast - Nasi Uduk McD, Ayam Suwir - Breakfast Wrap",11 Mei 2024,2025-07-04 21:50:09
"McDonald's, Manyar Kertoarjo Surabaya",Henry Liem,13 Juli 2015,1.0,"missing 1 chicken from the order, kurang 1 kirim ayamnya.","McChicken - Big Mac - 1pc Krispy Chicken - Paket Hemat Double Cheeseburger, Large - Fish Fillet Burger - Double Cheese Burger",5 Mei 2024,2025-07-04 21:50:09
"McDonald's, Manyar Kertoarjo Surabaya",Vin,20 Agustus 2016,5.0,saus Sambalnya tolong di banyakin lain kali,"PaNas Special Spicy, Medium - Paket Hemat Beef Burger Deluxe, Medium - Dark Choco McFlurry With OREO",9 Mei 2024,2025-07-04 21:50:09
"McDonald's, Manyar Kertoarjo Surabaya",amanda,8 Desember 2018,5.0,"Suka banget sama Ayam Spicy Mcd, bener bener selalu beli ini kalau disini. Makanan Favorit aku di Surabaya♥️","PaNas Special Spicy, Medium - PaNas 1 Spicy, Large",22 April 2024,2025-07-04 21:50:09
"McDonald's, Manyar Kertoarjo Surabaya",Rachman Sugiarto,15 September 2019,5.0,Top banget makasih,Paket HeBat Chicken Burger Deluxe,8 Mei 2024,2025-07-04 21:50:09
"McDonald's, Manyar Kertoarjo Surabaya",ramdhan hanif,15 Oktober 2017,1.0,better qc on drink packaging next time,PaNas Spesial Ayam McD Gulai Krispy,6 Mei 2024,2025-07-04 21:50:09
"McDonald's, Manyar Kertoarjo Surabaya",F**,20 April 2023,2.0,"add on gratisan sih gratis ya, tapi masa saya dikasih air panas sih?😭😭😭 saya add on nya minta hot tea yang dateng air panas doang, ini saya suruh seduh beli kantong teh terpisah gitu? jangan sambil bobo ya bikinnya🥰🥰🥰",Paket Hemat Chicken McMuffin,2 Mei 2024,2025-07-04 21:50:09
"McDonald's, Manyar Kertoarjo Surabaya",bukhori,10 Maret 2018,2.0,pesen tambahan nasi dua sudah bayar malah nasinya GK dikasih minta paha atas dikasihnya paha bawah tolong diperhatikan lagi,"Paket Keluarga Seru - McFlurry Feat. OREO, Tanpa Mainan - Large Rice",28 April 2024,2025-07-04 21:50:09
"McDonald's, Manyar Kertoarjo Surabaya",megaaa,16 Maret 2019,1.0,"Nasi nya sdh bau, mungkin magicjar nya krg bersih. Ksh jeruk nipis","PaNas 1 Krispy, Medium",22 April 2024,2025-07-04 21:50:09
"McDonald's, Manyar Kertoarjo Surabaya",immanuel,6 Juli 2021,5.0,selama makan mcd menurutku kali ini dabest karena well cooked golden banget warna crispy tepungnya,"PaNas 2  Krispy, Medium",21 April 2024,2025-07-04 21:50:09
"McDonald's, Manyar Kertoarjo Surabaya",Alam,23 Januari 2024,5.0,cepet sampai nya,Dark Choco McFlurry With OREO,18 April 2024,2025-07-04 21:50:09
"McDonald's, Manyar Kertoarjo Surabaya",Alam,23 Januari 2024,5.0,cepet sampai nya,"PaNas 2  Spicy, Medium",18 April 2024,2025-07-04 21:50:09
"McDonald's, Manyar Kertoarjo Surabaya",A****** B****** P*********,24 Mei 2020,1.0,salah pesan LOL,McFlurry Choco,16 April 2024,2025-07-04 21:50:09
"McDonald's, Manyar Kertoarjo Surabaya",S,22 Agustus 2015,1.0,i asked for tomato sauce as i dont eat chili sauce. but no tomato ketchup. all chili sauce. now i have to go to the minimarket to find a tomato ketchup.,"Paket HeBat Korean Soy Garlic Wing + Paket HeBat Chicken Burger Deluxe - Fish Fillet Burger - Paket Hemat Cheeseburger Deluxe, Medium",14 April 2024,2025-07-04 21:50:09
"McDonald's, Manyar Kertoarjo Surabaya",Meisal Rifai,5 September 2017,5.0,terus dipertahankan,"PaNas 2  Spicy, Large",12 April 2024,2025-07-04 21:50:09
"McDonald's, Manyar Kertoarjo Surabaya",Vierman,21 September 2017,5.0,"penyajian lama banget,hampir 1jam,,","Paket Kenyang, Krispy",9 April 2024,2025-07-04 21:50:09
"McDonald's, Manyar Kertoarjo Surabaya",Glih,4 Desember 2015,3.0,Minuman tumpah ke mana2 saat tas dibuka,"PaNas 2  Krispy, Large",6 April 2024,2025-07-04 21:50:09
"McDonald's, Manyar Kertoarjo Surabaya",M******* A****,22 Mei 2017,1.0,gadikasih nasi dong,Paket HeBat Korean Soy Garlic Wing + Paket HeBat Beef Burger Deluxe - 2pcs Korean Soy Garlic Wings,6 April 2024,2025-07-04 21:50:09
"McDonald's, Manyar Kertoarjo Surabaya",F******,20 Desember 2018,3.0,"agak lama bgt.. apa krn ujan ya, tp super lama","PaNas 2  Spicy with Fries, Medium - 1pc Spicy Chicken",4 April 2024,2025-07-04 21:50:09
"McDonald's, Manyar Kertoarjo Surabaya",Retno,21 Juni 2018,3.0,daging ayamnya keras,2 pcs Krispy Chicken McD,30 Maret 2024,2025-07-04 21:50:09
"McDonald's, Manyar Kertoarjo Surabaya",Y***** R***,15 Februari 2022,2.0,"minuman tumpah, ayam pesan dada dikasih drumstick",2 pcs Spicy Chicken McD - 1pc Krispy Chicken - Paket HeBat Beef Burger Deluxe,29 Maret 2024,2025-07-04 21:50:09
"McDonald's, Manyar Kertoarjo Surabaya",Muhammad Zarkasi,12 Desember 2019,1.0,"Sangat tidak tepat waktu, padahal order buat sahur. kayaknya yang punya resto memang pingen yang order tidak puasa..... shame on you","PaNas 2  Krispy, Medium - 1pc Krispy Chicken",29 Maret 2024,2025-07-04 21:50:09
"McDonald's, Manyar Kertoarjo Surabaya",nevy ernawati,12 September 2021,1.0,"minta saos tomat kok tidak dikasih,coba lebih teliti baca pesan pelanggan",PaMer 5 Mix,17 Maret 2024,2025-07-04 21:50:09
"McDonald's, Manyar Kertoarjo Surabaya",Lanny Kusumawati,3 September 2017,5.0,Sayangnya HK yg saya mau tdk ada,"Paket Hemat Big Mac, Medium",14 Maret 2024,2025-07-04 21:50:09
"McDonald's, Manyar Kertoarjo Surabaya",A*****,28 Oktober 2018,2.0,"Kentang nya gosong, packaging nya jelek. Minuman tumpah semua di kantong belanja.",PaNas 2 with Fries Ayam McD Gulai Spicy Large - Spicy Chicken Bites - 2x Blueberry Cheesecake Pie - Big Mac,12 Maret 2024,2025-07-04 21:50:09
"McDonald's, Manyar Kertoarjo Surabaya",rizki yustini,13 Juli 2018,2.0,saya kemarin pesen ayam paket isi 5 minta paha 4 sama dada1....kenpa ga sesuai sama permintaan sya....saya sangat kecewa,PaMer 5 Krispy,8 Maret 2024,2025-07-04 21:50:09
"McDonald's, Manyar Kertoarjo Surabaya",M*** A*,11 Juni 2017,3.0,"Kayaknya nggak pernah dibaca notesnyaa, minta saus sambal 2 dan tomat 2 yg dateng cuman 1 biji saus samball, syediihhhhh maap yaa mcd karna sering jg begini kalo ga beli langsunggg huhu","PaNas 1 Spicy, Medium",7 Maret 2024,2025-07-04 21:50:09
"McDonald's, Manyar Kertoarjo Surabaya",Mikael Feforma,16 November 2023,1.0,"GALENGKAP ANEH, gajelas gaada sayur bigmacnya apaan bigmac gaada sayur","PaNas 2  Spicy with Fries, Large - Big Mac",6 Maret 2024,2025-07-04 21:50:09
"McDonald's, Manyar Kertoarjo Surabaya",erwin wibisono,8 November 2016,3.0,pesan 2 ayam crispy tp dikasih 2 ayam spicy,"Paket Hemat Big Mac, Medium - Paket Hemat Cheeseburger, Medium - 2 pcs Krispy Chicken McD",1 Maret 2024,2025-07-04 21:50:09
"McDonald's, Manyar Kertoarjo Surabaya",Firman Ridho ArmanDani,22 Februari 2018,1.0,pesanan saya tidak lengkap,PROMO Tahun Kabisat - PaNas 2 Ayam Spicy McD - French Fries Medium,29 Februari 2024,2025-07-04 21:50:09
"McDonald's, Manyar Kertoarjo Surabaya",Filia R,14 Oktober 2018,5.0,bagus tingkatkan trs,Happy Meal Ayam McD,29 Februari 2024,2025-07-04 21:50:09
"McDonald's, Manyar Kertoarjo Surabaya",rizki yustini,13 Juli 2018,1.0,kentang nya gosong dan ga fresh,2 pcs Krispy Chicken McD - French Fries Large,28 Februari 2024,2025-07-04 21:50:09
"McDonald's, Manyar Kertoarjo Surabaya",R******** A*****,13 Juli 2021,2.0,2x beli disini gelasnya selalu bocor..alhasil minumnya jadi berkurang lebih dr setengah gelas..smpe² ayamnya ikut basah 🙄🙄,"PaNas 1 Spicy, Large",27 Februari 2024,2025-07-04 21:50:09
"McDonald's, Manyar Kertoarjo Surabaya",Imam syafii,26 Mei 2021,5.0,enak banget joss gandoss,"PaNas 2  Spicy, Large - Paket Hemat Cheeseburger Deluxe, Medium",25 Februari 2024,2025-07-04 21:50:09
"McDonald's, Manyar Kertoarjo Surabaya",N********,1 Juli 2018,2.0,kentang nya letoy,"Paket Hemat Cheeseburger Deluxe, Medium",16 Februari 2024,2025-07-04 21:50:09
"McDonald's, Manyar Kertoarjo Surabaya",Vincent Win,2 Oktober 2015,3.0,"order exta beef patty, paid, none given *sad noises*","PaNas 2  Krispy with Fries, Large - Paket Hemat Big Mac, Large - McFlurry Feat. Oreo",10 Februari 2024,2025-07-04 21:50:09
"McDonald's, Manyar Kertoarjo Surabaya",Nadhif m.r,13 November 2016,5.0,cita rasa nya bikin tidur nyenyak,Big Mac,9 Februari 2024,2025-07-04 21:50:09
"McDonald's, Manyar Kertoarjo Surabaya",N** F*****,27 September 2018,1.0,"Pesanannya salah semua, minta lemon tea malah dikasih teh botol tanpa sepengetahuan, ayamnya juga, pesen paha atas dikasih dada","PaNas 2  Spicy, Medium - PaNas Special Krispy, Large - PaNas Special Krispy, Medium",28 Januari 2024,2025-07-04 21:50:09
"McDonald's, Manyar Kertoarjo Surabaya",Raditya,2 Mei 2016,2.0,"meminta saus sambal lebih, malah dikurangin porsi saus sambalnya",PaMer 5 Mix,28 Januari 2024,2025-07-04 21:50:09
"Bekyu - Shao Kao & Malaxiangguo, Manyar Kertoarjo",Sarwendah,4 Oktober 2015,1.0,orderan yg diterima tidak lengkap. 2 beef bacon tidak diterima. resto tidak dapat dihubungi. nmr yg tercantum di web dll tidak aktif semua.,Beef Enoki - Jagung - Bacon Sapi - Enoki,17 Februari 2023,2025-07-04 21:50:34
"Bekyu - Shao Kao & Malaxiangguo, Manyar Kertoarjo",D****,9 Februari 2017,2.0,satenya kurang panas.mgkn dibakarnya dah lama,Otak-otak Kepiting - Baso Udang - Baso Salmon,26 Agustus 2021,2025-07-04 21:50:34
"Bekyu - Shao Kao & Malaxiangguo, Manyar Kertoarjo",P******* G********,18 Maret 2018,3.0,"rasanya jadi kurang enak, padahal dulu enak 😞",Beef Enoki - Telur Gulung - Sate Nugget - Sosis Ayam Keju (jumbo) - Sate Kulit - Ham Ayam - Ham Ayam - Telur Gulung - Enoki - Enoki,11 Juni 2021,2025-07-04 21:50:34
"Bekyu - Shao Kao & Malaxiangguo, Manyar Kertoarjo",M******,28 Desember 2015,4.0,"Kalo bisa lebih cepat penyajiannya, saya menunggu 1.5 jam",Sate Kulit - Kembang Tahu - Telur Gulung - Baso Salmon - Tahu Seafood - Chikuwa - Mien Cing ShaoKao - Otak-otak Kepiting - Dumpling Cheese - Kucai - Shimeji - Yakitori - Lumpia Kulit Tahu - Sate Ayam,14 November 2020,2025-07-04 21:50:34
"Bekyu - Shao Kao & Malaxiangguo, Manyar Kertoarjo",C******* Y*** A,26 November 2015,1.0,miris sekali...bayar mahal2 tapi packing nya 👎👎👎 uda tau kuah..ya tlng d bungkus spy g bocor gtu.,Tumis Telur Tomat - Telur Gulung - Mien Cing - Otak-otak Kepiting - Nasi Putih,24 November 2019,2025-07-04 21:50:34
"Bekyu - Shao Kao & Malaxiangguo, Manyar Kertoarjo",A*****,24 Agustus 2015,1.0,1 ekor udang ga fresh dan putus harga 9500 rupiah? 2 potong ma ling tipis 14rb? buka cabang please.,N/A,11 April 2019,2025-07-04 21:50:34
"Bekyu - Shao Kao & Malaxiangguo, Manyar Kertoarjo",D******,12 Agustus 2015,1.0,"kuah tami kurang, jadi terlalu kering mie nya",N/A,6 April 2019,2025-07-04 21:50:34
"Bekyu - Shao Kao & Malaxiangguo, Manyar Kertoarjo",H****,4 Agustus 2015,3.0,pesanan lama dibuat,N/A,6 Februari 2019,2025-07-04 21:50:34
"Bekyu - Shao Kao & Malaxiangguo, Manyar Kertoarjo",D*** D K********,10 April 2018,1.0,masakan kurang bumbu Hambar gk sesuai harga,N/A,22 Juli 2018,2025-07-04 21:50:34
"Kebab Bosman, Gubeng",Jojo,9 Maret 2022,5.0,"Nyoba yang lain dikit, yang ayam enak rasanya! trus yang keju wenak juga bumbunya, pisang coklatnya juga enak!","Explorasa - Burger Keju - Buy One Get One Burger Free 2 Cleo, Piscok - Buy One Get One Burger Free 2 Cleo, Piscok",29 Juni 2025,2025-07-04 21:51:08
"Kebab Bosman, Gubeng",Jojo,9 Maret 2022,5.0,burgernya enak 👍 lumayan juga diskon gede 🙏,3 Spesial Burger,22 Juni 2025,2025-07-04 21:51:08
"Kebab Bosman, Gubeng",J*****,15 Agustus 2019,4.0,cirengnya tepung doang alias isinya seuprit 😭,Kebab Jumbo - Promo Cireng Isi,31 Mei 2025,2025-07-04 21:51:08
"Kebab Bosman, Gubeng",fadhly,19 September 2017,5.0,sesuai rasa dan harga,"Buy One Get One Burger Free 2 Cleo, Piscok - Kebab Jumbo Tanpa Sayur - Kebab Jumbo Buy 1 Get 1",29 Mei 2025,2025-07-04 21:51:08
"Kebab Bosman, Gubeng",G***** P*********,28 Januari 2020,1.0,"kecewa banget roti maryam nya gosong, kebabnya jg gosong tengahnya, piscoknya g lumer kayak biasanya","Buy One Get One Kebab Free 2 Cleo, Maryam - Buy One Get One Burger Free 2 Cleo, Piscok",23 Mei 2025,2025-07-04 21:51:08
"Kebab Bosman, Gubeng",A** M***** A***,17 Mei 2021,2.0,ini emng maryamnya gada toping apa gmn ya? mana keras bgt lg,"Buy One Get One Kebab Free 2 Cleo, Maryam",19 Mei 2025,2025-07-04 21:51:08
"Kebab Bosman, Gubeng",D****,29 Maret 2019,2.0,"GOSONG! Bisa2nya ngasih pembeli produk yg gosong! bener2 item loh! ga mungkin kalo ga keliatan, ini beli loh bukan minta! dalemnya jg kurang mateng, fix apinya kegedean! gosong diluar mentah didalem, mantap👍
dagingnya jg merah bgt, ga wajar merahnya. sayang bgt disini gabisa ksh foto buat bukti. semoga diperbaiki lagi ya kualitas produk & layanannya, makasih",Kebab Jumbo Buy 1 Get 1,5 Mei 2025,2025-07-04 21:51:08
"Kebab Bosman, Gubeng",Raditya gibran,7 Oktober 2024,1.0,"masak kebab jumbo isiannya sama kayak yg kecil, burgernya GK ada sayur sama kebabnya jga GK ada sayur jdi, dengan kasih promo jadi orang tertarik tpi untuk porsinya sama kayak yg kecil","Kebab Jumbo Buy 1 Get 1 - Buy One Get One Burger Free 2 Cleo, Piscok",3 April 2025,2025-07-04 21:51:08
"Kebab Bosman, Gubeng",Andreas D S,1 September 2021,5.0,"ga ada sayur diganti daging, keren sih",3 Kebab Jumbo,1 April 2025,2025-07-04 21:51:08
"Kebab Bosman, Gubeng",Jonathan Gabriel,9 Maret 2022,5.0,"very delish, very demure 👍🍴",3 Kebab Jumbo - 3 Spesial Burger,28 Maret 2025,2025-07-04 21:51:08
"Kebab Bosman, Gubeng",Jonathan Gabriel,9 Maret 2022,5.0,"big ups, delish as always 👍",#B1G1 Paket 2 Kebab Jumbo + 1 Special Burger,17 Maret 2025,2025-07-04 21:51:08
"Kebab Bosman, Gubeng",Jonathan Gabriel,9 Maret 2022,5.0,"Wenak wenak! Udah diskon gede, dapet banyak lagi! Rekomen! 👍",3 Spesial Burger,12 Maret 2025,2025-07-04 21:51:08
"Kebab Bosman, Gubeng",V****,23 Agustus 2021,1.0,"kebab nya kok dapat cmn 1 seee,, NIAT JUALAN GAAA?????",#B1G1 Paket 2 Kebab Jumbo + 1 Special Burger,10 Maret 2025,2025-07-04 21:51:08
"Kebab Bosman, Gubeng",L*****,27 September 2018,3.0,minta saos tomat tapi tidak diberi,3 Spesial Burger - Special Burger Keju,2 Maret 2025,2025-07-04 21:51:08
"Kebab Bosman, Gubeng",valencia putri abellia,14 Juli 2018,3.0,"beli jumbo tp datengnya kyk porsi normal yg kecil, kemasan pun beda biasa Bosman ada kemasan sendiri mungkin lg habis. biasa pdhl jumbo nya g segini ukurannya",Kebab Jumbo Buy 1 Get 1,4 Maret 2025,2025-07-04 21:51:08
"Kebab Bosman, Gubeng",aditya surya,22 Mei 2021,1.0,order dari online go food gambar nya kebab jumbo yg datang gk jumbo dan harganya tdk worth it mahal nggak sesuai trus sayurnya tdk ada dagingnya basi dan kulitnya tengik kebab nya gosong dalam nya masih mentah....,Kebab Jumbo,22 Februari 2025,2025-07-04 21:51:08
"Kebab Bosman, Gubeng",Ernie Soekiranto,7 Juni 2019,5.0,lumayan rasanya dan bisa dinikmati,Kebab Jumbo Buy 1 Get 1,13 Februari 2025,2025-07-04 21:51:08
"Kebab Bosman, Gubeng",Purwanto,24 September 2017,1.0,"biasanya saya ksh bintang 5 
tpi hari ini sya ksh bintang 1
saya request minta extra pedas.. tpi saus dikit bngt gk brasa pedasnya
trus daging nya agak gosong
dan sangat lama bngt jadinya
biasanya saya slalu langganan beli disini dan fine"" aja tapi malam ini sngt mengecewakan
kata mas gojek nya tdi yg jualin mbak"" 2 orang",3 Kebab Jumbo,8 Februari 2025,2025-07-04 21:51:08
"Kebab Bosman, Gubeng",Anik,7 Maret 2018,5.0,"mantap dimakan kala masih hangat.
bisa untuk diorder ulang.","Spesial Kebab Free Kebab Medium, 2 Cleo, Maryam",1 Februari 2025,2025-07-04 21:51:08
"Kebab Bosman, Gubeng",U**** C**,24 Januari 2023,3.0,beef nya kering kayak makan kerdus,3 Kebab Jumbo,16 Desember 2024,2025-07-04 21:51:08
"Kebab Bosman, Gubeng",T*******,7 Agustus 2019,4.0,dari 3pcs yg dibeli gosong kulitnya 2pc dan gosongnya hampir semua jadinya ada pahit2nya. mungkin next QC nya ditingkatkan.,3 Kebab Jumbo,21 Januari 2025,2025-07-04 21:51:08
"Kebab Bosman, Gubeng",raihana leisela,26 September 2018,5.0,"Rasanya enak dan tidak seperti yang di ulasan. Memang untuk cirengnya agak ada hitam2 saya lihat, tapi masih enak kok. Kebabnya juga fresh dan tidak basi seperti yang dikatakan orang2",Kebab Mini,31 Desember 2024,2025-07-04 21:51:08
"Kebab Bosman, Gubeng",A**,13 November 2021,3.0,dagingnya ga mateng,Kebab Jumbo,21 November 2024,2025-07-04 21:51:08
"Kebab Bosman, Gubeng",A**,13 November 2021,3.0,dagingnya ga mateng,Special Kebab Keju,27 November 2024,2025-07-04 21:51:08
"Kebab Bosman, Gubeng",N**,13 Mei 2017,2.0,"pesen spesial tapi rasanya kurang,terus ada bagian kornetnya yg kurang matang dan sausnya dikit",Spesial Kebab Buy 1 Get 1,5 Desember 2024,2025-07-04 21:51:08
"Kebab Bosman, Gubeng",Muhammad Daffa,10 Januari 2018,5.0,"kayaknya buru-buru mau tutup, jadi pesanan saya ketuker. hehehe. tapi ngak apa, semoga lain kali lebih teliti",Kebab Chicken Karage,8 Desember 2024,2025-07-04 21:51:08
"Kebab Bosman, Gubeng",siska herwinda,21 Agustus 2015,3.0,"koq udah berubah ya sama kebab bosman yg dulu.. sekarang isian kebab berkurang walau pesan yang jumbo.. request pedes bgd juga gak pedes jadinya..kalo dulu isian banyak dan pedes pol enak..tp rasa dagingnya lbh enak sekarang, hanya saja porsi kurang banyak dan kalau cust minta pedes banged itu artinya emang pedes banged ya... dulu dikasih extra sambel malahan, sekarang nggak..apa ganti penjual???",Kebab Jumbo Buy 1 Get 1,4 Desember 2024,2025-07-04 21:51:08
"Kebab Bosman, Gubeng",P***,20 Agustus 2015,1.0,"ga matang semua dagingnya keras.
ga niat jualan
ga lagi pesen disini 
kapokkkkkkk",Kebab Jumbo Buy 1 Get 1 - Special Burger Extra Keju,18 November 2024,2025-07-04 21:51:08
"Kebab Bosman, Gubeng",Endah Anggraini,25 September 2017,1.0,"dari 3 pesanan, semua gosong. jadinya gak kemakan",3 Kebab Jumbo,19 November 2024,2025-07-04 21:51:08
"Kebab Bosman, Gubeng",hasian,2 Oktober 2024,2.0,"tidak sesuai dengan catatan yang saya berikan,. 
tulisan jumbo tapi menurut saya ukuran cenderung kecil dari standar nya 😊🙏",Spesial Burger Buy 1 Get 1 - 3 Kebab Jumbo,18 November 2024,2025-07-04 21:51:08
"Kebab Bosman, Gubeng",Haris,16 Oktober 2021,1.0,"setelah 5 tahun langganan bosman baru kali ini dapat kebab super berantakan, saya beli 4, dapat 2 berantakan, keduanya gosong pula, mirip kebab reject, terakhir ini saya makan kebab dr bosman, sangat kecewa. makasih",Kebab Jumbo Buy 1 Get 1,18 November 2024,2025-07-04 21:51:08
"Kebab Bosman, Gubeng",Broozaf,26 Agustus 2019,1.0,"tolong ya, sy pesan paket pelajar 2 yg dateng cuma 2 kebab dan 1 cleo, apa apaan ini.",Pelajar 2 (Kebab Jumbo Buy 1 Get 1 + Free Varian),18 November 2024,2025-07-04 21:51:08
"Kebab Bosman, Gubeng",X*****,2 Juni 2022,3.0,"Siomay 3 pcs gosong, kebab 3 pcs gosong 1. saos di tengah tengah nya aja sampe bingung makan kebab atau kulit pangsit",3 Kebab Jumbo,2 November 2024,2025-07-04 21:51:08
"Kebab Bosman, Gubeng",L**,5 Agustus 2017,4.0,Burger nya minta yg chicken tapi dikasih yg beef dan ga ada sayuran sama sekali,Spesial Burger Buy 1 Get 1 - Spesial Kebab Buy 1 Get 1,13 Oktober 2024,2025-07-04 21:51:08
"Kebab Bosman, Gubeng",Arsyila,7 Januari 2018,2.0,kurang cocok dilidah,3 Kebab Jumbo,10 Oktober 2024,2025-07-04 21:51:08
"Kebab Bosman, Gubeng",dewi anggun,18 April 2021,2.0,tahu waliknya gk dikirim pdhl udh dibayar,"Buy One Get One Kebab Free 2 Cleo, Maryam",14 Oktober 2024,2025-07-04 21:51:08
"Kebab Bosman, Gubeng",A*** P****,5 Mei 2016,1.0,"Sudah notes extra pedas tapi tidak diberi pedas. Packaging tidak ada nota utk cek pesanan, apakah tertukar dg customer lain, atau pesanan milik siapa.",Kebab Jumbo Buy 1 Get 1,8 Oktober 2024,2025-07-04 21:51:08
"Kebab Bosman, Gubeng",N***** K*****,18 November 2019,4.0,saosnya gak ada ..,Black Kebab Jumbo Buy 1 Get 1,2 Oktober 2024,2025-07-04 21:51:08
"Kebab Bosman, Gubeng",R******,1 Maret 2016,5.0,"enak, panas dan gurih",Pelajar 2 (Kebab Jumbo Buy 1 Get 1 + Free Varian),30 September 2024,2025-07-04 21:51:08
"Kebab Bosman, Gubeng",yuli,20 Oktober 2015,5.0,ukurannya kecil ngga sesuai photo tanpa sayuran.,3 Kebab Jumbo,26 September 2024,2025-07-04 21:51:08
"Kebab Bosman, Gubeng",M** H********,22 September 2016,4.0,"Pisang coklat nya over price menurutku, dg harga 18k ternyata isinya cuma 4pcs 😅🙏🏻",Pisang Cokelat Lumer - Kebab Jumbo,16 September 2024,2025-07-04 21:51:08
"Kebab Bosman, Gubeng",fachri pramudya,24 Desember 2021,1.0,Pesen kebab keju ga ada kejunya sama sekali blokkk,Special Kebab Keju,1 September 2024,2025-07-04 21:51:08
"Kebab Bosman, Gubeng",S******,2 Februari 2021,2.0,"Daging nya keras sekali, dagingnya gak fresh",3 Kebab Jumbo - Canai Coklat,27 Agustus 2024,2025-07-04 21:51:08
"Kebab Bosman, Gubeng",C***,4 September 2022,1.0,"saya sudah kasih notes, bahkan saya tulis “tolong perhatikan, kalau salah tidak ada yg makan”. ternyata tetap salah. yasudah saya tengah malam lapar tapi bakal kebuang makanannya karena ada mayonaise yg SAYA SUDAH BILANG JANGAN PAKAI.  rugi dua kebab deh saya.",Kebab Jumbo Buy 1 Get 1 - French Fries Mini - Kripik Tortilla,27 Agustus 2024,2025-07-04 21:51:08
"Kebab Bosman, Gubeng",D***********,3 Agustus 2020,3.0,daging nya agak keras,Special Kebab Keju,11 Agustus 2024,2025-07-04 21:51:08
"Kebab Bosman, Gubeng",T***,14 November 2018,5.0,Ga pedes lupa kasih keterangan huhuu,Kebab Jumbo Buy 1 Get 1,7 Juli 2024,2025-07-04 21:51:08
"Kebab Bosman, Gubeng",Louis,9 Agustus 2017,1.0,"beli 2 kebab, dua2nya gosong",Kebab Jumbo Buy 1 Get 1,30 Juni 2024,2025-07-04 21:51:08
"Kebab Bosman, Gubeng",I***,18 Oktober 2015,3.0,"di aplikasi tertulis pisang coklat nya 3pcs
pas beli datang 2pcs
dan ini sudah berulang kali seperti ini.",Kebab Jumbo Buy 1 Get 1,28 Juni 2024,2025-07-04 21:51:08
"Kebab Bosman, Gubeng",ekadevina,4 November 2020,1.0,"sayur+daging ny gaa masalah sii,buat bumbu ny yg bermasalah KENAPA SEDIKIT WOOIILAAHH🤏🏻bahkan bisa di bilang malah kyak gaa ada saos ny sama sekali.ituu saja sii min,makasii+maap. semangaattt💗🫶🏻",Kebab Jumbo Buy 1 Get 1,23 Juni 2024,2025-07-04 21:51:08
"Kebab Bosman, Gubeng",astri,17 Agustus 2015,1.0,BENER2 YA . MINTA DI TANDAIN PEDES SAMA GA PEDES MALAH GA PEDES SEMUA. DAN GA ADA NOTENYA APA2. GA ADA SAYUR KULIT GOSONG. PARAAAAH,3 Kebab Jumbo,19 Juni 2024,2025-07-04 21:51:08
"Kebab Bosman, Gubeng",A*****,20 September 2015,2.0,pesennya ada tambahan tahu walik tapi pas dateng gada. tolong di cek lebih teliti lagi,"Burger, Kebab, Maryam Free 2 Cleo",18 Juni 2024,2025-07-04 21:51:08
"Kebab Bosman, Gubeng",F**** L*******,15 September 2019,1.0,"Pesan kebab Jumbo Buy1 Get1, yang datang cuman 2 kebab reguler, Tambah pisang glazed di deskripsi tulisan nya dapat 3pcs, namun yang datang hanya 2 pcs, kecewa sekali Karna biasanya saya beli di cabang sby barat tidak seperti ini.",Kebab Jumbo Buy 1 Get 1,15 Juni 2024,2025-07-04 21:51:08
"Kebab Bosman, Gubeng",H****,16 Oktober 2021,5.0,ok mantaaaaaaap,Kebab Jumbo Buy 1 Get 1,4 Juni 2024,2025-07-04 21:51:08
"Kebab Bosman, Gubeng",A**** A***,15 Maret 2020,1.0,"Daging sapi nya gak jelas, buat eneg","Buy One Get One Kebab Free 2 Cleo, Maryam",31 Mei 2024,2025-07-04 21:51:08
"Kebab Bosman, Gubeng",A****,18 Januari 2018,3.0,minimal tambahin saos sambal sachet gitu,Kebab Jumbo Buy 1 Get 1,23 Mei 2024,2025-07-04 21:51:08
"Kebab Bosman, Gubeng",ika,10 Oktober 2015,1.0,kok beda rasanya dari dulu masanya juga terus kok ada setaplesnya di dlm kebab .apa bisa resonya beda,Spesial Kebab Buy 1 Get 1,19 Mei 2024,2025-07-04 21:51:08
"Kebab Bosman, Gubeng",N***,6 Mei 2018,2.0,Tolong perhatikan besar kecilnya api. Daging burger saya gosong🥲,B1G1 Kebab Jumbo Plus Spesial Burger,16 Mei 2024,2025-07-04 21:51:08
"Kebab Bosman, Gubeng",T****,18 April 2018,2.0,Aduuhhh dry banget,Spesial Kebab Buy 1 Get 1,29 Maret 2024,2025-07-04 21:51:08
"Kebab Bosman, Gubeng",A***,24 Desember 2017,4.0,"alhamdulillah membaik sempet takut liat review, mungkin type slice daging frozen dan lebih ke adonan yang gede, saus dan oilynya kurang, lebih ke kering, pesen 3 gosong 1 gapapa, kalo suka kebab yg krispy cocok kulitnya crunchy cuman gurih aja
saran :
1. pilih minyak/margarine yg oily utk jenis roti perlu banyak
2. kalo slice daging gini pastikan minyak/margarine untuk olesab merata jgn terlalu panas jadi kering
3. platting diperbaiki ga merata saus dan sayurnya
ada harga ada rasa, semoga bermanfaat, jangan kejam2 ya reviewers, kasih saran juga, semangat chef😉",Tripel Kebab Jumboo,5 Mei 2024,2025-07-04 21:51:08
"Kebab Bosman, Gubeng",rama,14 Juli 2021,2.0,katanya jumbo malah yang dateng kecil hadeh,Kebab Jumbo Buy 1 Get 1,5 Mei 2024,2025-07-04 21:51:08
"Kebab Bosman, Gubeng",neni,8 Juni 2016,3.0,tidak sesuai pesenan pdhal sudah dikasih keterangan ekstra pedas malah  semua tdk pedas dan tdk dikasih keterangan,Spesial Kebab Buy 1 Get 1,30 April 2024,2025-07-04 21:51:08
"Kebab Bosman, Gubeng",N** S****,9 Januari 2016,3.0,gak ada sayurnya,Kebab Jumbo Buy 1 Get 1,28 April 2024,2025-07-04 21:51:08
"Kebab Bosman, Gubeng",D*****,15 Agustus 2015,2.0,sayur seladanya gak ada,Spesial Burger Buy 1 Get 1 - Kebab Jumbo Buy 1 Get 1,27 April 2024,2025-07-04 21:51:08
"Kebab Bosman, Gubeng",Aditya Kurniawan,4 Maret 2021,3.0,sausnya dikit banget jadi kayak hambar,Pelajar 2 (Kebab Jumbo Buy 1 Get 1 + Free Varian),21 April 2024,2025-07-04 21:51:08
"Kebab Bosman, Gubeng",A********,21 April 2023,4.0,sayurnya pahit kak🙏🏻,Pelajar 2 (Kebab Jumbo Buy 1 Get 1 + Free Varian),14 April 2024,2025-07-04 21:51:08
"Kebab Bosman, Gubeng",Lena,29 Juli 2019,3.0,saya mesen jumbo do gofood kok yg dateng ga sesuai :(,Black Kebab Jumbo Extra Keju,8 April 2024,2025-07-04 21:51:08
"Kebab Bosman, Gubeng",Didik Pamungkas,7 Agustus 2020,5.0,"burgernya enak si ini, kebabnya juga enak, aslik!!",1 Spesial Kebab + 1 Spesial Burger,26 Maret 2024,2025-07-04 21:51:08
"Kebab Bosman, Gubeng",H****,16 Oktober 2021,5.0,"saosnya saos tomat bukan sambal, seharusnya konfirmasi dahulu, untuk isian memang lebih mantap dr cabang lainnya",Kebab Jumbo Buy 1 Get 1,14 Maret 2024,2025-07-04 21:51:08
"Kebab Bosman, Gubeng",Sofia Fajrina,10 Juni 2018,4.0,Ukurannya is not as big as ‘Jumbo’😭🙏🏻,Black Kebab Jumbo Buy 1 Get 1,13 Maret 2024,2025-07-04 21:51:08
"Kebab Bosman, Gubeng",ayu,12 September 2015,2.0,"pesen kebab jumbo, yg dateng kecil bgt, kyk kebab mini.
pesen pisang lumer tiramisu, di keterangan isi 3 biji, yg dateng cuma 2 biji.
padahal sudah langganan.",Kebab Jumbo Tanpa Sayur - Pelajar 5 (Canai Kebab + Burger Ori + Free Varian),11 Maret 2024,2025-07-04 21:51:08
"Kebab Bosman, Gubeng",N***** A***** F******,25 Oktober 2021,2.0,"gosong banget...
trus ukurannya aga mengecil daripada sebelumnya, padahal udh kesekian kalinya beli ini",Paket Pelajar 3,25 Februari 2024,2025-07-04 21:51:08
"Kebab Bosman, Gubeng",N***** A***** F******,25 Oktober 2021,2.0,"ini udh kesekian kalinya mesen kebab ini ,makin lama makin aneh, kemarin ke gosongan, sekarang kayak dagingnya udh ga fresh gitu, padahal pas pertama kali mesen ini enak banget...",Paket Pelajar 1,3 Maret 2024,2025-07-04 21:51:08
"Kebab Bosman, Gubeng",Ara,7 September 2019,2.0,"Bintang 2 dulu.
Saya lihat rivew² dari google maps, awalnya tidak percaya. tpi setelah di coba memang bener, pdahal saya baru pertama kali beli di sini dan kurang memuaskan. 
Kebab Jumbo tpi porsinya kyak kebab biasa.",Paket Pelajar 2,25 Februari 2024,2025-07-04 21:51:08
"Kebab Bosman, Gubeng",Mawaddatul Urfa,27 Januari 2023,5.0,langganan dongggg..,Jawa (Spesial Kebab Jumbo + Fruit Tea Free Cireng + Free Kripik Tortilla),21 Januari 2024,2025-07-04 21:51:08
"Kebab Bosman, Gubeng",Mawaddatul Urfa,27 Januari 2023,5.0,"enak, bisa jadi langganan, tapi beef nya ke matengen..",Kebab Jumbo Buy 1 Get 1,5 Februari 2024,2025-07-04 21:51:08
"Kebab Bosman, Gubeng",R***,10 Juli 2018,5.0,Selalu enakkkkkk,Paket Pelajar 4 - Canai Cokelat Keju,18 Januari 2024,2025-07-04 21:51:08
"Kebab Bosman, Gubeng",A*******,11 Juli 2022,3.0,"Maaf ya kak, saya pesannya kebab jumbo tapi yang datang kebabnya ukuran biasa 
gak ada jumbo2 nya, apa karna buy 1 get 1 ya? 
agak kecewa sama ukuran kebabnya, tapi soal rasa tetap enak",Kebab Jumbo Buy 1 Get 1,11 Januari 2024,2025-07-04 21:51:08
"Kebab Bosman, Gubeng",Alifia Aufa,25 Januari 2020,4.0,"Isi hanya ½ tortila, mayonaise terlalu banyak.",Special Kebab Komplit Extra Keju,6 Januari 2024,2025-07-04 21:51:08
"Kebab Bosman, Gubeng",nafil kurniawan,18 Januari 2023,5.0,"rasanya enak sih, cuma porsinya ga sebanyak kayk di arab🗿",Triple Kebab Jumbo,7 Januari 2024,2025-07-04 21:51:08
"Kebab Bosman, Gubeng",Windaa Anggraini,14 Januari 2017,1.0,"Tidak sesuai, kebab jumbo tp kecil dapetnya",Kebab Jumbo Buy 1 Get 1 Spesial GoFood,1 Januari 2024,2025-07-04 21:51:08
"Kebab Bosman, Gubeng",S***** I**** A**,31 Januari 2019,3.0,porsinya minim... spesial tapi biasa saja...,Spesial Kebab Buy 1 Get 1 + 1 Fruit Tea,18 Desember 2023,2025-07-04 21:51:08
"Kebab Bosman, Gubeng",Sudjuni Homan,31 Juli 2015,3.0,Sdh sering order kebab size jumbo tapi kali ini kok kecil,Kebab Jumbo Buy 1 Get 1 - Triple Kebab Jumbo,14 Desember 2023,2025-07-04 21:51:08
"Kebab Bosman, Gubeng",utir,29 November 2019,4.0,tidak ada sayurnya,Kebab Jumbo Buy 1 Get 1 Spesial GoFood,28 November 2023,2025-07-04 21:51:08
"Kebab Bosman, Gubeng",Yusnia aryani,22 Mei 2017,2.0,jgn gosong gosong hehe,Kebab Jumbo Buy 1 Get 1 Spesial GoFood - Canai Original,25 November 2023,2025-07-04 21:51:08
"Kebab Bosman, Gubeng",S****,24 Mei 2017,4.0,porsinya kecil ... hehehe,Mega Diskon - Triple Kebab Jumbo + Free Siomay,4 September 2023,2025-07-04 21:51:08
"Kebab Bosman, Gubeng",daffahage,28 Desember 2017,1.0,Pesan kebab keju gaada kejunya terus free sosis juga gadapet hehe berkah selalu,Paket Pelajar 1,8 Oktober 2023,2025-07-04 21:51:08
"Kebab Bosman, Gubeng",Ghaly,26 Oktober 2016,2.0,"kedepannya tolong diperhatikan catatan pesanannya ya. saya pesan isian daging dan saus keju saja, tapi diberi full saus tomat sambal mayonaise jadi tidak bisa menikmati makananya",Paket Pelajar 1 - Spesial Kebab Buy 1 Get 1,1 Oktober 2023,2025-07-04 21:51:08
"Kebab Bosman, Gubeng",F******** A****,25 September 2019,4.0,rada gosong tortilla nya,Kebab Jumbo Buy 1 Get 1,14 September 2023,2025-07-04 21:51:08
"Kebab Bosman, Gubeng",ana,3 September 2023,3.0,Kebabnya gosong semua kenapa kak? Pahit..,Mega Diskon - Triple Kebab Jumbo + Free Siomay,4 September 2023,2025-07-04 21:51:08
"Kebab Bosman, Gubeng",R***,28 September 2021,5.0,bestbestbestbestbestbestbest,Special Kebab,2 September 2023,2025-07-04 21:51:08
"Kebab Bosman, Gubeng",Wurryani,8 Maret 2018,5.0,"Mantappp murah enak banget kebabnya, lagi ada promo juga",Mega Diskon - Triple Kebab Jumbo + Free Siomay,1 September 2023,2025-07-04 21:51:08
"Kebab Bosman, Gubeng",D****,20 Juli 2022,2.0,Kebab Gosong asin minta pedas kasih nya manis,Kebab Jumbo Buy 1 Get 1,27 Agustus 2023,2025-07-04 21:51:08
"Kebab Bosman, Gubeng",R*****,15 November 2015,5.0,"enaaak thnkss yaa, pas ngidam kebab pling enaak",Promo Kebab Jumbo - Canai Original,24 Agustus 2023,2025-07-04 21:51:08
"Kebab Bosman, Gubeng",P********,3 Oktober 2017,5.0,"Overall enakkk, sepadan sama harga yg ditawarkan. Cuma burgernya kurang banyak sausnya",Chicken Burger Buy 1 Get 1 + Free Kripik Tortilla,6 Agustus 2023,2025-07-04 21:51:08
"Kebab Bosman, Gubeng",T***,2 November 2020,1.0,ini mah ga jumbo,Paket Pelajar 2,5 Agustus 2023,2025-07-04 21:51:08
"Kebab Bosman, Gubeng",Pyan,16 Agustus 2021,1.0,gimana ini masa daging nya cuman dikasih 3 slice ? Hahahaha,Kebab Jumbo Buy 1 Get 1,17 Juli 2023,2025-07-04 21:51:08
"Kebab Bosman, Gubeng",D**** A** P******,9 September 2016,4.0,More sauce won't hurt hehe.,Kebab Jumbo Buy 1 Get 1,13 Juli 2023,2025-07-04 21:51:08
"Kebab Bosman, Gubeng",Ahinraze,23 Desember 2018,1.0,"Selamat Pagi Kebab Bosman. Maaf ya saya kasih rating nya kurang memuaskan, karena menurut saya tidak sesuai dengan ekspektasi. Padahal saya cuma ingin memakai promo dan  ternyata porsi Kebab nya dikurangi dan burger nya lebih cocok makanan kucing sih. Terima kasih.",Kebab Mie Buy 1 Get 1 - Spesial Burger Buy 1 Get 1,10 Juli 2023,2025-07-04 21:51:08
"Kebab Bosman, Gubeng",udin,25 Desember 2020,1.0,gak niat jual . kualitasnya seperti makanan kemarin terus digoreng lagi,Kebab Jumbo Free Sosis Nugget,5 Juli 2023,2025-07-04 21:51:08
"Kebab Bosman, Gubeng",A***** D********,27 September 2020,4.0,over all oke si. cmn kebab sm burgernya emang gaada sayur ya?? atau emang harus nulis dulu dicatetan mau add sayur/ga.. saya biasanya pesen si udh ada sayurnya ya (gaperlu tulis dicatetan),Triple Kebab Jumbo - Promo Burger Ori,2 Juli 2023,2025-07-04 21:51:08
"Kebab Bosman, Gubeng",Yuli Nur Asih,16 Oktober 2017,5.0,sukak banget sama kebabnya isianya banyak mumer lagi,Spesial Kebab Buy 1 Get 1,25 Juni 2023,2025-07-04 21:51:08
"Kebab Bosman, Gubeng",Rieke,27 April 2018,4.0,Porsinya kurang hehe,Kebab Jumbo Buy 1 Get 1,21 Juni 2023,2025-07-04 21:51:08
"Kebab Bosman, Gubeng",Mochammad Ainul Yaqin,17 April 2018,4.0,sayang untuk burgernya sayurannya terasa kurang lengkap,Mega Diskon - 2 Spesial Kebab + Spesial Burger,14 Juni 2023,2025-07-04 21:51:08
"Kebab Bosman, Gubeng",Tino Augustin,28 Oktober 2021,5.0,tetap bisa memuaskan pembeli,Kebab Jumbo Buy 1 Get 1,11 Juni 2023,2025-07-04 21:51:08
"Kebab Bosman, Gubeng",R*** S*** N*******,28 Juni 2021,4.0,perlu ditambahkan tingkat kepedasan saat pemesanan. tapi terima kasih sudah di kasih tambahan saosnya,Kebab Jumbo Buy 1 Get 1,9 Juni 2023,2025-07-04 21:51:08
"Kebab Bosman, Gubeng",hudri,14 Juli 2017,2.0,tidak ada sayurnya,Triple Kebab Jumbo,27 Mei 2023,2025-07-04 21:51:08
"Kebab Bosman, Gubeng",taniaa_idh,6 Maret 2020,2.0,nuget sma sosis gosong gini dijual duhhhh,Kebab Jumbo Free Sosis Nugget,22 Mei 2023,2025-07-04 21:51:08
"Kebab Bosman, Gubeng",dian,18 Maret 2023,5.0,okeèwee enak banget,Promo Kebab Jumbo,15 Mei 2023,2025-07-04 21:51:08
"Kebab Bosman, Gubeng",rini,20 September 2017,1.0,"kebab nya kecil, tdk sesuai jumbo nya",Special Kebab Original Jumbo,9 Mei 2023,2025-07-04 21:51:08
"Kebab Bosman, Gubeng",D***,18 Maret 2023,5.0,pleek good thank you,Special Kebab Original Jumbo,7 Mei 2023,2025-07-04 21:51:08
"Kebab Bosman, Gubeng",keyla,1 Mei 2022,3.0,"kulit gosong, jadi ada rasa pahit pahitnya! padahal biasa beli ga gosong",Kebab Jumbo Buy 1 Get 1,1 Mei 2023,2025-07-04 21:51:08
"Kebab Bosman, Gubeng",Ivan Pratama,13 Juli 2017,3.0,"saran mas klo pelanggan ga nulis apa""minimal jgn dikasih pedes mas, ksih sayur boleh tpi jgn dikasih pedes.",Kebab Jumbo Buy 1 Get 1,29 April 2023,2025-07-04 21:51:08
"Kebab Bosman, Gubeng",Septian Ristianto,28 Juli 2017,5.0,lumayan krena dpt promo jg dr Gojek😁.,Kebab Jumbo Buy 1 Get 1,17 April 2023,2025-07-04 21:51:08
"Kebab Bosman, Gubeng",muhammad andalan syahputra,28 Oktober 2020,3.0,overall enak cuma kulit kebab ada yg tidak matang dan bikin rasa kurang nyaman,Kebab Jumbo Keju Buy 1 Get 1 - Kebab Jumbo Buy 1 Get 1,31 Maret 2023,2025-07-04 21:51:08
"Kebab Bosman, Gubeng",R***,10 Januari 2019,4.0,Minta pedas tapi gak pedas sama sekali,Kebab Jumbo Buy 1 Get 1,24 Maret 2023,2025-07-04 21:51:08
"Kebab Bosman, Gubeng",Herdi Ramadhan Akbar,8 Desember 2021,5.0,the best buat kebabnya,Black Kebab Jumbo Buy 1 Get 1 - Special Kebab Original Jumbo,22 Maret 2023,2025-07-04 21:51:08
"Kebab Bosman, Gubeng",Johanes,13 Februari 2020,5.0,mantap selalu jadi andalan kalau lapar.,Kebab Jumbo Buy 1 Get 1 - Kebab Manis,18 Maret 2023,2025-07-04 21:51:08
"Kebab Bosman, Gubeng",Anggie,28 April 2018,5.0,Repeat order always 🤓,Rujak Cireng Jumbo - Siomay Goreng - Special Kebab Komplit Extra Keju,11 Maret 2023,2025-07-04 21:51:08
"Kebab Bosman, Gubeng",irsyad,22 Oktober 2021,3.0,mintak tidak pedas di kasih pedas,Kebab Jumbo Buy 1 Get 1,7 Maret 2023,2025-07-04 21:51:08
"Kebab Bosman, Gubeng",Y**** P******,13 April 2020,1.0,dagingnya masih mentah semua ;(,Promo Kebab Jumbo - Kebab Jumbo Free Fruit Tea,15 Februari 2023,2025-07-04 21:51:08
"Toby's, Kusuma Bangsa",yantiKon,22 Januari 2021,1.0,"1. Ayamnya digoreng ga Mateng masih merah
2. luaran ayamnya padahal belum kecokelatan 
3. Saya pesan paketan ayam yang isi 2 diksih saos sebungkus dan sambel sebungkus 
pdhl biasanya pesan yang 1potong juga sama.bahkan biasa saya pesan yang paketan yang bisa dimakan sekeluarga 
Padahal saya selalu langganan sama tobys ini dan di cabang yang sama MW diaplikasi Oren ataupun hijau.
Tapi kali ini saya sangat amat amat kecewa pdhal makanan pertama saya dipagi ini.",Mujur Combo 1,27 Juni 2025,2025-07-04 21:51:41
"Toby's, Kusuma Bangsa",Monica,17 April 2022,3.0,pesan DADA dagingnya sedikit gak beda jauh sama Paha. Jadi makan tulang di balurin tepung. dulu daging nya banyak,Nasi Putih Besar - Ayam Dada,21 Juni 2025,2025-07-04 21:51:41
"Toby's, Kusuma Bangsa",Oktavia Rahayu Safitri,29 April 2025,3.0,"twingz rasa hambar dengan harga yg sangat mahal. 
tau gitu milih 2 ayam daripada orang wings, gak ngerti dibumbu apa. gak jelas blas.",Twingz (6 pcs),6 Juni 2025,2025-07-04 21:51:41
"Toby's, Kusuma Bangsa",rizky c bibi,22 Desember 2019,4.0,kak...kalau mau dijual Milo toling dicek dulu ya ...milonya tadi basi...kasihan kalau diminum anak2 bisa sakit perut,Mujur Milo 2 - T-Bowl Sambel Geprek - Ayam Dada,30 Mei 2025,2025-07-04 21:51:41
"Toby's, Kusuma Bangsa",Chacha,17 April 2018,1.0,"sudah aku kasih note, tolong dikasih ayam yg baru. tetep aja dikasih gorengan kemarin. udah item, alot lagi ayamnya. lu yg bener dong kalau jualan. blacklist sudah aku sama Tobys",Mujur Combo 1,4 Maret 2025,2025-07-04 21:51:41
"Toby's, Kusuma Bangsa",Chacha,17 April 2018,2.0,"paha atasnya kek ayam gorengan kemarin, lalu digoreng lagi. soalnya keras bgt, tepungnya menghitam",Mujur Combo 1,11 Februari 2025,2025-07-04 21:51:41
"Toby's, Kusuma Bangsa",Najwa Salsabila,2 Maret 2021,5.0,sumpah dijamin enak puollll kalau pesen makanan di TOBY'S Kusuma Bangsa dijamin harga dan rasanya enakkk banget dan kurirnya ramah juga ♥️♥️♥️♥️♥️♥️🥰🥰🥰🥰🥰♥️♥️♥️♥️,Paket T-Bowl Blackpepper,9 Februari 2025,2025-07-04 21:51:41
"Toby's, Kusuma Bangsa",Chacha,17 April 2018,3.0,"Ayamnya kek gorengan kemarin deh, keras dan gosong, melempem itu tepungnya. Tolong lah meskipun saya beli nya pagi, dikasih fresh yaa. Terima kasih",Mujur Combo 1,5 Februari 2025,2025-07-04 21:51:41
"Toby's, Kusuma Bangsa",Ari,12 Agustus 2015,5.0,tolong banyak ojol yg protes untuk digratiskan parkirnya cmn bwt ambil pesanan,Ayam Lima,27 Januari 2025,2025-07-04 21:51:41
"Toby's, Kusuma Bangsa",Dina,20 Oktober 2016,5.0,mantap. makanannya enak,Mujur Hemat 1 - Chicken Soup,16 Desember 2024,2025-07-04 21:51:41
"Toby's, Kusuma Bangsa",R**** O*****,27 Desember 2018,1.0,"Rasa sangat tidak enak, gini aja siapkan nya lebih dari 1 jam 🤬🤬🤬🤬🤬",Frenc Fries BBQ Cheese - T-Bowl Steak - T-Bowl Teriyaki,28 November 2024,2025-07-04 21:51:41
"Toby's, Kusuma Bangsa",putu swandewi,16 Juli 2018,5.0,selalu langganan disini🤗🤗,Ayam Duo,27 Oktober 2024,2025-07-04 21:51:41
"Toby's, Kusuma Bangsa",N***** D***,13 Maret 2024,5.0,"kulitnya kriuk tasty, enaakkkk.. tapi, sayangnya dagingnya koq gak kyk biasanya agak kecil dan rasanya anyep🥲
but its OK, yg penting dpt ayam mentok, andalan anak kost pas lg tgl tuwir😘
makasih ya kak² 🙏",Mujur Jeruk 1,26 Oktober 2024,2025-07-04 21:51:41
"Toby's, Kusuma Bangsa",I** N***,20 Juli 2016,4.0,"pas makanan sampai kertas p
ackagingnya basah kena uap panas ayamnya",Ayam Duo,9 Oktober 2024,2025-07-04 21:51:41
"Toby's, Kusuma Bangsa",wina,27 Januari 2019,3.0,"maaf pesanannya kurang dan lagi tidak diberi struk jadi ga bisa komplain, minuman tidak diberi sedotan banyak lupanya",Mujur Combo 1 - Mujur Combo 1,28 September 2024,2025-07-04 21:51:41
"Toby's, Kusuma Bangsa",Rudy,27 November 2015,1.0,dingin ayamnya. keras.,Ayam Lima - TBowl Sambel Geprek,3 Juli 2024,2025-07-04 21:51:41
"Toby's, Kusuma Bangsa",Monica,17 April 2022,5.0,enak. ayamnya di tingkat besar. crispy tepungnya klo bis gendut matang,Hemat 1,23 Juni 2024,2025-07-04 21:51:41
"Toby's, Kusuma Bangsa",Nita,10 Maret 2022,5.0,"enak ternyata, underrated ternyataaaa, ga kalah ama kfc",Ayam Lima,24 Juni 2024,2025-07-04 21:51:41
"Toby's, Kusuma Bangsa",Syauqy,17 Agustus 2017,5.0,mantaapp murah enak,TBowl Sambel Bawang,19 Juni 2024,2025-07-04 21:51:41
"Toby's, Kusuma Bangsa",alya salma faadillah syarif,19 September 2017,5.0,"ayam lokal terenak se-surabaya, mursida lagii 💞💞 uda langganan pokok e",Ayam Lima,3 Juni 2024,2025-07-04 21:51:41
"Toby's, Kusuma Bangsa",wina,27 Januari 2019,5.0,lupa ga dikasih saus sama sekali,Mujur Combo 1 - Nasi Putih,29 Mei 2024,2025-07-04 21:51:41
"Toby's, Kusuma Bangsa",donihermanto,15 Maret 2018,5.0,rasa nya mantap..ayam nya crispy bngts .nasi nya juga Punel.. muantap pokok e . thanks tobys,Mujur Combo 1,22 Mei 2024,2025-07-04 21:51:41
"Toby's, Kusuma Bangsa",Oktavia Budi Suryani,12 Februari 2019,5.0,"Enak banget , trimakasi",Ayam Lima - Chicken Spaghetty,19 Mei 2024,2025-07-04 21:51:41
"Toby's, Kusuma Bangsa",S******,14 Januari 2024,4.0,"ada minyak² di ayam nya,mungkin belum ditirisin....",Ayam Paha Atas,18 Mei 2024,2025-07-04 21:51:41
"Toby's, Kusuma Bangsa",sinta,8 September 2017,5.0,"wuenaaaaaak juga murah meriah , sesuai permintaan juga minta paha bawah 5 dan dada 5 juga sesuai, memenag top Toby's",Happy Box 3,9 Mei 2024,2025-07-04 21:51:41
"Toby's, Kusuma Bangsa",Rury Widyaningrum,12 Juni 2018,3.0,nasinya masih mentah kali ini,Ayam Lima - Nasi Putih Besar,28 April 2024,2025-07-04 21:51:41
"Toby's, Kusuma Bangsa",yunita,15 April 2020,2.0,"For 35k, you only get 1 bowl of soup and chicken which is a suitable portion for elementary school children, which is disappointing",Chicken Soup - Chicken Pop,7 Maret 2024,2025-07-04 21:51:41
"Toby's, Kusuma Bangsa",I** A***** S*****,24 Maret 2017,5.0,Terimakasih Dan Sehat Selalu 😇,French Fries Mayo BBQ - Mujur TBowl Teriyaki - Mujur 1,16 Februari 2024,2025-07-04 21:51:41
"Toby's, Kusuma Bangsa",gudangbollyYales,8 Agustus 2018,5.0,alhamdulillah kenyang,Happy Box 1,12 Januari 2024,2025-07-04 21:51:41
"Toby's, Kusuma Bangsa",aidah,19 Agustus 2017,4.0,sayang sambalnya tumpah,Hot Twingz - Ayam Paha Atas Hot Lava,28 Desember 2023,2025-07-04 21:51:41
"Toby's, Kusuma Bangsa",gudangbollyYales,8 Agustus 2018,5.0,okokokokok alhamdulillah lezat,Happy Box 2,27 Desember 2023,2025-07-04 21:51:41
"Toby's, Kusuma Bangsa",gudangbollyYales,8 Agustus 2018,5.0,alhamdulillah wenak wes,Happy Box 2,21 Desember 2023,2025-07-04 21:51:41
"Toby's, Kusuma Bangsa",yayakarifin,26 Agustus 2016,5.0,enak..anget juga ayamnya syuka,Mujur Combo 1,18 Desember 2023,2025-07-04 21:51:41
"Toby's, Kusuma Bangsa",B****** T*****,1 September 2018,1.0,"parah banget beli kentang sama wings kaya habis dipanasin 3 kali gitu, ngga fresh sama sekali, ayamnya anget tapi alottt, kentang kaya gosong-gosong gitu",Twingz (6 pcs) - French Fries,12 Desember 2023,2025-07-04 21:51:41
"Toby's, Kusuma Bangsa",gudangbollyYales,8 Agustus 2018,5.0,"👆🏻Ratu Politik Identitas : Grace Natalie, *berganti identitas*, dengan memakai jilbab.",Happy Box 1,7 Desember 2023,2025-07-04 21:51:41
"Toby's, Kusuma Bangsa",R***,27 November 2015,1.0,dingin ayamnya keras,Ayam Lima,20 November 2023,2025-07-04 21:51:41
"Toby's, Kusuma Bangsa",Erni Octania,21 Agustus 2015,5.0,terima kasih 😊🙏,Happy Box 1,3 November 2023,2025-07-04 21:51:41
"Toby's, Kusuma Bangsa",J******,4 Agustus 2023,5.0,Lagi lapeeeeeeeeeer,Mujur Combo 1,27 September 2023,2025-07-04 21:51:41
"Toby's, Kusuma Bangsa",hasanah,13 Desember 2021,3.0,kalo ada yg pesen dua porsi sebaiknya di kasih tulisan yaa kak biar nga keliru,TBowl Teriyaki - TBowl Blackpepper,30 Oktober 2023,2025-07-04 21:51:41
"Toby's, Kusuma Bangsa",Rudy,27 November 2015,5.0,mantap sesuai instruksi.,Ayam Lima,17 Oktober 2023,2025-07-04 21:51:41
"Toby's, Kusuma Bangsa",A**,25 April 2017,3.0,tingkatkan kualitas ayamnya dan rasanya krena asin dan terlalu kering gak juicy dagingnya.,Chicken Soup - Mujur Combo,10 Oktober 2023,2025-07-04 21:51:41
"Toby's, Kusuma Bangsa",Erni Octania,21 Agustus 2015,5.0,terima kasih 😊🙏,Happy Box 1,27 September 2023,2025-07-04 21:51:41
"Toby's, Kusuma Bangsa",Anggie,28 April 2018,5.0,mantul😁 flash sale🤭 cash back coin 50.000,Happy Box 1,27 Agustus 2023,2025-07-04 21:51:41
"Toby's, Kusuma Bangsa",yalessetiawan,7 Maret 2018,5.0,alhamdulillah wareq maem,Happy Box 2,22 Agustus 2023,2025-07-04 21:51:41
"Toby's, Kusuma Bangsa",sukma,24 Agustus 2019,5.0,suka sama ayamnya... enakkk,Ayam Lima - Nasi Putih Besar,8 Agustus 2023,2025-07-04 21:51:41
"Toby's, Kusuma Bangsa",Novita Berliana,29 Maret 2019,3.0,"pesanan ada yg kurang, lain kali diteliti lagi!",Happy Box 5 With Drink - Hemat 1 Cheese,30 Juli 2023,2025-07-04 21:51:41
"Toby's, Kusuma Bangsa",R****,11 Maret 2023,5.0,enak dan mengenyangkan,TBowl Steak French Fries,22 Juli 2023,2025-07-04 21:51:41
"Toby's, Kusuma Bangsa",E*****,9 April 2018,1.0,"Ayam nya enak, cuman nasi nya agak basi dan lengket.",Hemat 1 - Hemat 1,19 Juli 2023,2025-07-04 21:51:41
"Toby's, Kusuma Bangsa",O** L* K*,18 November 2018,5.0,Terima kasih.....,Ayam Duo - Ayam Lima,29 Juni 2023,2025-07-04 21:51:41
"Toby's, Kusuma Bangsa",bu sugik,1 November 2018,5.0,Rasa dan porsinya muantaap pool....Loor,TBowl Soy Garlic - TBowl Sambel Bawang - TBowl Steak French Fries - TBowl Teriyaki,27 Mei 2023,2025-07-04 21:51:41
"Toby's, Kusuma Bangsa",farid rionaldi,31 Maret 2016,2.0,"Pesannya Paha atas dikasih sayap, parah..!!!!",Hemat 2,21 Mei 2023,2025-07-04 21:51:41
"Toby's, Kusuma Bangsa",muhammad yunus,6 September 2020,1.0,kali ini bintang satu... nasinya tadi blenyek kayak bubur... bikin nasi apa bikin bubur,Hemat 2 - Chicken Burger - Nasi Putih Besar,15 Mei 2023,2025-07-04 21:51:41
"Toby's, Kusuma Bangsa",sisca,7 September 2018,3.0,ayam kecill dpt paha bawah 2,Ayam Lima - French Fries,5 Mei 2023,2025-07-04 21:51:41
"Toby's, Kusuma Bangsa",mjani,10 Oktober 2018,5.0,sip mantap harus kasih penghargaan,Ayam Sayap - Lava 2,1 Mei 2023,2025-07-04 21:51:41
"Toby's, Kusuma Bangsa",Rudy,27 November 2015,5.0,"makasih sesuai note, gak pake babibubebo.",Ayam Lima - Chicken Soup,26 Maret 2023,2025-07-04 21:51:41
"Toby's, Kusuma Bangsa",Rudy,27 November 2015,5.0,"makasih sesuai note, gak pake babibubebo.",Ayam Lima - Chicken Soup,23 Maret 2023,2025-07-04 21:51:41
"Toby's, Kusuma Bangsa",Rudy,27 November 2015,5.0,"makasih sesuai note, gak pake babibubebo.",Ayam Lima - Chicken Soup,22 Maret 2023,2025-07-04 21:51:41
"Toby's, Kusuma Bangsa",Y***,29 Desember 2018,5.0,kurang gurih dikit,Ayam Duo - Ayam Lima,28 April 2023,2025-07-04 21:51:41
"Toby's, Kusuma Bangsa",siti mariyam,24 Mei 2017,1.0,"karena ayam yang saya terima kurang,,, puasa2 loh bulan romadhon kok bisa curang resto nya ayamny yg dikaaik dada1, paha atas 1, paha bawah 1, sayap 1
 klo mau curang jangan gitu dong.",Hampers Ramadan 2 Fruitea,4 April 2023,2025-07-04 21:51:41
"Toby's, Kusuma Bangsa",Rudy,27 November 2015,5.0,makasih sesuai note,Ayam Lima - Chicken Soup,18 Maret 2023,2025-07-04 21:51:41
"Toby's, Kusuma Bangsa",Rudy,27 November 2015,5.0,makasih toby sudah baca pesan. km punya staff yg cerdas🙏,Ayam Lima - Chicken Soup,12 Maret 2023,2025-07-04 21:51:41
"Toby's, Kusuma Bangsa",Rudy,27 November 2015,5.0,makasih toby sudah baca pesan. km punya staff yg cerdas🙏,Ayam Lima - Chicken Soup,13 Maret 2023,2025-07-04 21:51:41
"Toby's, Kusuma Bangsa",Rudy,27 November 2015,5.0,makasih toby sudah baca pesan. km punya staff yg cerdas🙏,Ayam Lima - Chicken Soup,14 Maret 2023,2025-07-04 21:51:41
"Toby's, Kusuma Bangsa",Rudy,27 November 2015,5.0,makasih toby sudah baca pesan🙏,Ayam Lima - Chicken Soup,17 Maret 2023,2025-07-04 21:51:41
"Toby's, Kusuma Bangsa",Rudy,27 November 2015,1.0,gak sesuai note,Ayam Lima - Chicken Soup,11 Maret 2023,2025-07-04 21:51:41
"Toby's, Kusuma Bangsa",Erni Octania,21 Agustus 2015,5.0,terima kasih 😊🙏🏻,Happy Box 1 French Fries,4 Maret 2023,2025-07-04 21:51:41
"Toby's, Kusuma Bangsa",ning trias /wildhan,3 Desember 2016,5.0,"asinnya istiqomah yaa hiks.. 
cheff ayamnya terlalu asin",Ayam Lima - Ayam Sayap,27 Februari 2023,2025-07-04 21:51:41
"Toby's, Kusuma Bangsa",NICKO ALVARO AZKA FIRMANSYAH,15 Desember 2015,5.0,Chicken lava nya pedesnya pas mantab,Lava 2,26 Februari 2023,2025-07-04 21:51:41
"Toby's, Kusuma Bangsa",nova eka diguna,23 November 2016,5.0,Terimakasih banyak,Ayam Duo,12 Februari 2023,2025-07-04 21:51:41
"Toby's, Kusuma Bangsa",farrel yosso's,8 Januari 2021,1.0,gak dapat minum pesan ayam dada dapat nya chicken bill dah lah kecewa,Seru 1 - Bucin (Buy 1 Get 1),16 Februari 2023,2025-07-04 21:51:41
"Toby's, Kusuma Bangsa",kiky,13 Juni 2019,5.0,enak tapi  saosnya tumpah kemana mana,Happy Box 2 French Fries,14 Februari 2023,2025-07-04 21:51:41
"Toby's, Kusuma Bangsa",A****,21 Agustus 2020,3.0,"ayamnya gk fresh, dan rasanya gak enak, seperti ayam kemarin dipanasin lagi, kecewa sih kali ini",Hemat 1,14 Februari 2023,2025-07-04 21:51:41
"Toby's, Kusuma Bangsa",liakristina,28 Januari 2019,5.0,"mantap, msih anget, krispi juga",Ayam Sayap - Ayam Dada,13 Februari 2023,2025-07-04 21:51:41
"Toby's, Kusuma Bangsa",yanuar,20 Oktober 2020,5.0,alhamdulillah berkah selalu mantap,Mujur Combo,12 Februari 2023,2025-07-04 21:51:41
"Toby's, Kusuma Bangsa",KHOLIFATUS SAUDAH,10 Oktober 2015,5.0,mantaaaapppp... 😍😍,Mujur Combo,8 Februari 2023,2025-07-04 21:51:41
"Toby's, Kusuma Bangsa",erna,21 Mei 2022,5.0,mantap trimakasih tobys,Seru Milo 1 - Ayam Lima,10 Februari 2023,2025-07-04 21:51:41
"Toby's, Kusuma Bangsa",KHOLIFATUS SAUDAH,10 Oktober 2015,5.0,mantaab .... sukses selalu... moga ikut promoan teruz 😅😅😅😅,Mujur 2,18 Januari 2023,2025-07-04 21:51:41
"Toby's, Kusuma Bangsa",KHOLIFATUS SAUDAH,10 Oktober 2015,5.0,mantaab .... sukses selalu... moga ikut promoan teruz 😅😅😅😅,Mujur Combo - Mujur 2 - Nasi Putih,23 Januari 2023,2025-07-04 21:51:41
"Toby's, Kusuma Bangsa",KHOLIFATUS SAUDAH,10 Oktober 2015,5.0,mantaab .... sukses selalu... moga ikut promoan teruz 😅😅😅😅,Mujur 2,25 Januari 2023,2025-07-04 21:51:41
"Toby's, Kusuma Bangsa",L**********,28 Januari 2019,5.0,"mantap, ayamnya gede masih anget dan renyah",Hemat 1 - Lava 1,1 Februari 2023,2025-07-04 21:51:41
"Toby's, Kusuma Bangsa",Lily,16 Mei 2017,3.0,"td beli ada 1 paket yg ayam, nasi & fruit tea, tp koq ng dikasih fruit tea ya. Tlg lain kali lbh teliti, tq",Mujur 1 - Ayam Duo,31 Januari 2023,2025-07-04 21:51:41
"Toby's, Kusuma Bangsa",Erni Octania,21 Agustus 2015,5.0,terima kasih 😊🙏🏻,Happy Box 1 French Fries,27 Januari 2023,2025-07-04 21:51:41
"Toby's, Kusuma Bangsa",Intan Firdaus Riskia,6 Maret 2017,4.0,enak tp gak se enak biasanya karna bumbunya kurang meresap. Maaf B4 dulu ya kak,Ayam Lima - Frenc Fries BBQ Cheese,17 Januari 2023,2025-07-04 21:51:41
"Toby's, Kusuma Bangsa",fahrezal,4 Februari 2019,4.0,"pesen 3 paha atas *** paha bawah, tapi pas datang beda pesanan.
lain kali lebih teliti lagi ya",Ayam Paha Bawah - Ayam Lima,16 Januari 2023,2025-07-04 21:51:41
"Toby's, Kusuma Bangsa",S*** S****,26 Desember 2021,3.0,"beli mujur 1 kurang fruit teanya, padahal digambar ada",Chicken Soup - Mujur 1 - Seru Milo 2,14 Januari 2023,2025-07-04 21:51:41
"Toby's, Kusuma Bangsa",debby debora,8 Juni 2021,5.0,aku suka bngt sm cheese nya huhu,Hemat 1 Cheese,13 Januari 2023,2025-07-04 21:51:41
"Toby's, Kusuma Bangsa",Silvanus,22 Maret 2016,2.0,"1. Beli 2 paket yang include minuman tapi minumannya gaada sama sekali.
2. gaada saus sambal dan tomat sama sekali
3. prosesnya lama, kasihan drivernya",Mujur Combo - Nasi Putih Besar,12 Januari 2023,2025-07-04 21:51:41
"Toby's, Kusuma Bangsa",S******,2 April 2016,5.0,Makasih enak ayam nya,Mujur Combo,9 Januari 2023,2025-07-04 21:51:41
"Toby's, Kusuma Bangsa",Erni Octania,21 Agustus 2015,5.0,terima kasih 😊🙏🏻,Happy Box 1,26 November 2022,2025-07-04 21:51:41
"Toby's, Kusuma Bangsa",O** L* K*,18 November 2018,5.0,"Enak... nggak kalah dengan merek ternama lainnya. Dengan diskon, Sangat terjangkau pula.",Ayam Duo,29 Desember 2022,2025-07-04 21:51:41
"Toby's, Kusuma Bangsa",Panjiharto,3 Desember 2017,2.0,agak lama nunggunya,Hemat 1 - Hemat 2,13 Desember 2022,2025-07-04 21:51:41
"Toby's, Kusuma Bangsa",RUSMIWATI,16 Oktober 2021,2.0,"koq g ada saos sambalnya ya...ketinggalan ya
teliti lgi ya sblm di paketin 
atau skrg gtu ya modlenya..pake custom klo g nb saos sambal ya g diksh....",Paket Burger - Ayam Lima,20 Desember 2022,2025-07-04 21:51:41
"Toby's, Kusuma Bangsa",boy,20 Desember 2022,3.0,Lumayan enak buat dingin2 gini,Mujur Combo,20 Desember 2022,2025-07-04 21:51:41
"Toby's, Kusuma Bangsa",L** Y******,23 April 2019,5.0,saya suka saya suka sesuai riquest,Ayam Lima,12 Desember 2022,2025-07-04 21:51:41
"Toby's, Kusuma Bangsa",Burhanuddin A,4 September 2015,5.0,thank you for the food...🥰,Ayam Duo - Ayam Lima - Hemat 2 Cheese,3 Desember 2022,2025-07-04 21:51:41
"Toby's, Kusuma Bangsa",irvan,9 September 2021,5.0,sip pegawai nya,Mujur Combo,16 November 2022,2025-07-04 21:51:41
"Toby's, Kusuma Bangsa",Wijayanti,4 Agustus 2018,5.0,cheese sauce nya enakkk,Hemat 1 Cheese - French Fries - Es Milo,9 November 2022,2025-07-04 21:51:41
"Toby's, Kusuma Bangsa",kiky,13 Juni 2019,5.0,enak banget suka,Happy Box 2,12 November 2022,2025-07-04 21:51:41
"Toby's, Kusuma Bangsa",Erni Octania,21 Agustus 2015,5.0,terima kasih 😊🙏🏻,Happy Box 1,10 November 2022,2025-07-04 21:51:41
"Toby's, Kusuma Bangsa",ardhi kristianto,3 Juni 2017,5.0,mantep... buat 4 orang pas,Happy Box 1 - French Fries,10 November 2022,2025-07-04 21:51:41
"Toby's, Kusuma Bangsa",teguh widorencono,9 Juli 2018,5.0,enak dan cepat,Hemat Blackpepper - Es Milo,6 November 2022,2025-07-04 21:51:41
"Toby's, Kusuma Bangsa",tasya,25 Mei 2016,1.0,minta paha atas semua malah dikasih dada 1,Hemat 1,2 November 2022,2025-07-04 21:51:41
"Toby's, Kusuma Bangsa",K**** W****** W*******,15 Februari 2017,2.0,Item yang diorder tidak komplit,Ayam Duo,5 November 2022,2025-07-04 21:51:41
"Toby's, Kusuma Bangsa",tasya,25 Mei 2016,3.0,"minta paha atas semua, dikasih dada 1😩",Hemat 1,30 Oktober 2022,2025-07-04 21:51:41
"Toby's, Kusuma Bangsa",indahwati,14 Agustus 2017,5.0,"sambel n tomat nya kok ganti abc, enakan delmonte",Ayam Lima,29 Oktober 2022,2025-07-04 21:51:41
"Toby's, Kusuma Bangsa",indahwati,14 Agustus 2017,5.0,enak apalagi dapat diskon dan cashback,Chicken Spaghetty - Chicken Burger - Tobys Croffle,26 Oktober 2022,2025-07-04 21:51:41
"Toby's, Kusuma Bangsa",A**** K********,18 Agustus 2018,1.0,Di note sudah tertulis ayam Dada tapi di kasih paha atas kecil,Hemat 1,25 Oktober 2022,2025-07-04 21:51:41
"Toby's, Kusuma Bangsa",Rossy andina,1 November 2019,3.0,"pilih minum fruit tea dikasih air mineral, mana lagi gapake konfirm",Mujur 1,23 Oktober 2022,2025-07-04 21:51:41
"Toby's, Kusuma Bangsa",Purwati,19 Oktober 2017,5.0,Terima kasih Chef,Hemat 1 Cheese - Hemat Steak (Nasi) - Chicken Burger,23 Oktober 2022,2025-07-04 21:51:41
"Toby's, Kusuma Bangsa",Ita junita ningsih,16 Agustus 2018,5.0,mantaaap tdk mengecewakan,Ayam Duo - Hemat 1,12 Oktober 2022,2025-07-04 21:51:41
"Toby's, Kusuma Bangsa",Erni Octania,21 Agustus 2015,5.0,terima kasih  makan enak harga terjangkau ada promo diskon,Happy Box 1,23 Oktober 2022,2025-07-04 21:51:41
"Toby's, Kusuma Bangsa",S****,19 November 2017,5.0,I've always enjoy Toby's since I'm in elementary and they never dissappoint.,Chicken Soup - Chicken Spaghetty,21 Oktober 2022,2025-07-04 21:51:41
"Toby's, Kusuma Bangsa",indahwati,14 Agustus 2017,5.0,"sumpah uwenakkk 😭😭😭😭 dapet diskon n cashback pula , hati makin riang dompet makin ringan 🤩🤩🤩🤩🤩 terimakasih gopay n toby's",Ayam Lima - Nasi Putih,21 Oktober 2022,2025-07-04 21:51:41
"Toby's, Kusuma Bangsa",Adib,10 Juni 2018,5.0,Love every single bites.,Happy Box 2,19 Oktober 2022,2025-07-04 21:51:41
"Toby's, Kusuma Bangsa",Purwati,19 Oktober 2017,5.0,Terima kasih chef,Hemat 1 Cheese - Hemat Teriyaki - Chicken Burger,16 Oktober 2022,2025-07-04 21:51:41
"Toby's, Kusuma Bangsa",Johny,18 Oktober 2016,5.0,alternatif buat makan anak kalo tgl tua dan ga masak 😆,Hemat 2 - Saos Cheese,8 Oktober 2022,2025-07-04 21:51:41
"Toby's, Kusuma Bangsa",RUSMIWATI,16 Oktober 2021,5.0,siip bgt sdh lsg ludesss,Happy Box 2 With Drink,3 Oktober 2022,2025-07-04 21:51:41
"Toby's, Kusuma Bangsa",gudangbollysurabaya,8 Agustus 2018,4.0,alhamdulillah yummy,Happy Box 2,1 Oktober 2022,2025-07-04 21:51:41
"Toby's, Kusuma Bangsa",aries,9 Januari 2019,4.0,"Ini enak, tapi tolong kalau bisa lebih enak
""Sejujur saya ini enak""",Happy Box 2,29 September 2022,2025-07-04 21:51:41
"Toby's, Kusuma Bangsa",Tyo,30 Oktober 2021,3.0,lebih teliti untuk penjual pesanan tidak sesuai,Mujur Combo - Paket Lava Cheese 1 - Nasi Putih,27 September 2022,2025-07-04 21:51:41
"Kober Mie, Kaca Piring",dinda shavira,14 Oktober 2016,2.0,Ada yang kurang,Ceker - Kober Mie Gurih - Kai Ca - Udang Rambutan - Kober Mie Original - Spicy Chicken Wings - Ice Green Tea Frappe - Kober Mie Manis - Udang Keju - Kober Mie Manis - Kober Kakamega - Hakau,2 Juli 2025,2025-07-04 21:52:18
"Kober Mie, Kaca Piring",Nanda irmadani,15 Juli 2021,2.0,"rasa udahh gak kayak dulu mie nya , hambar tidak ada rasa",Lumpia Udang - Kober Mie Manis - Kober Mie Manis - Udang Rambutan,1 Juli 2025,2025-07-04 21:52:18
"Kober Mie, Kaca Piring",salsabila,28 Agustus 2015,1.0,"Slalu beli malem enak bgt ini knp beli siang2 mi nya gbs dimakan! Kyk karet, mekar aneh bgt teksturnya di mulut kyk bubur!! Udh gt pesen somay gadateng jg yg dtg cm lumpia udang doang ???? Gmn sihh, aku suka kober ini krn lbh enak dr merk sblh tp kok konsistensi kualitas nya ancurr",Kober Mie Gurih - Lumpia Udang - Siomay - Kober Mie Manis,28 Juni 2025,2025-07-04 21:52:18
"Kober Mie, Kaca Piring",kur,20 November 2022,5.0,luarbiasa... masakannya enak,Udang Keju - Udang Rambutan - Kober Mie Original - Lumpia Udang - Kober Amazon,30 Mei 2025,2025-07-04 21:52:18
"Kober Mie, Kaca Piring",Z*****,10 Agustus 2019,5.0,MANTAB BAT POKOKNYA. walau pesen malem2 tetep they served it panas 🫰🏻,Chicken Katsu - Kober Mie Original - Giant Roll - Chicken Cheese Roll - Hakau - Ebi Tempura Roll,14 Mei 2025,2025-07-04 21:52:18
"Kober Mie, Kaca Piring",Latif Al Faizi,3 Februari 2022,3.0,mohon maaf kak. ini apa memang ga ada sumpit nya ya? sudah beberapa kali saya pesan dan ini kesekian kalinya ga ada sumpit. minta tolong di cek lagi ya sebelum di kirim ke customer. terimakasih,Kober Mie Gurih,3 Mei 2025,2025-07-04 21:52:18
"Kober Mie, Kaca Piring",W***********,20 Juli 2016,5.0,"Enak bangeeett, setelah sekian lama vakum beli mie kober terus nyoba lagi dan alhamdulillah kali ini enak tidak mengecewakan. Rasanya pas ga hambar, pedasnya juga pas, udang keju fresh. Makasih ya, tolong dipertahankan kualitas seperti ini supaya tetap mampu bersaing. Sukses terus",Kober Mie Gurih - Udang Keju,28 April 2025,2025-07-04 21:52:18
"Kober Mie, Kaca Piring",Latif Al Faizi,3 Februari 2022,3.0,"halo, saya termasuk pelanggan setia mie kober, dan ini pertama kalinya saya review. 
untuk makanan masih oke kayak biasanya, tapi untuk kedepannya minta tolong ya perlengkapan bener² di cek dengan teliti. 
saya pesan mie kober 2 tapi cuma dapat sumpit untuk 1 orang, terus temen saya makan pake apa dong hehe 😅😅. jadi minta tolong sebelum diserahkan ke gojek ataupun yg lain bener² double cek biar tidak kejadian hal yg sama. 
Terimakasih 🙏",Kober Mie Gurih,21 April 2025,2025-07-04 21:52:18
"Kober Mie, Kaca Piring",S***,30 Juli 2022,3.0,"pesen mie guri lv 2 tapii gaada cabenyaa, bukan apa"" si udah nunggu lama terus ga sesuai pesanan agak kecewa",Kober Mie Manis - Kober Mie Manis - Kober Mie Gurih - Lumpia Udang - Udang Rambutan - Siomay - Kober Tropico,11 April 2025,2025-07-04 21:52:18
"Kober Mie, Kaca Piring",R**** A*** S*******,16 Juni 2018,4.0,mie level 20 agak pahit..mgkin dr cabe.nya dan kurang manis,Kober Mie Manis - Kober Mie Manis - Siomay - Udang Keju - Udang Rambutan,8 April 2025,2025-07-04 21:52:18
"Kober Mie, Kaca Piring",arys ardians,6 Desember 2024,1.0,nyampe lokasi makanan dingin,Kober Mie Manis - Udang Rambutan,4 April 2025,2025-07-04 21:52:18
"Kober Mie, Kaca Piring",adit,19 Maret 2016,4.0,kurang pedes hehe,Kober Mie Manis - Lumpia Ayam,4 April 2025,2025-07-04 21:52:18
"Kober Mie, Kaca Piring",Q****,5 Juli 2021,4.0,gak expect kei ca nya digoreng jadi agak alot. untuk mie nya enak.,Kober Mie Manis - Kai Ca,27 Maret 2025,2025-07-04 21:52:18
"Kober Mie, Kaca Piring",V*** E*****,11 Agustus 2019,2.0,Kurang teliti pesanan ada yg kurang. Order ceker cekernya gak ada.,Siomay - Hakau - Kai Ca - Ceker - Udang Keju - Sushi Crab - Kober Mie Manis,24 Maret 2025,2025-07-04 21:52:18
"Kober Mie, Kaca Piring",N*** K******,15 November 2021,4.0,b aja. not worth the price,Kober Mie Original - Siomay,24 Maret 2025,2025-07-04 21:52:18
"Kober Mie, Kaca Piring",A**** F*******,25 September 2024,5.0,"semoga tambah konsisten 
semoga jaya lagi seperti dulu 
mar dan Amel tambah hot aja hahahaha",Kober Mie Manis - Udang Rambutan,18 Maret 2025,2025-07-04 21:52:18
"Kober Mie, Kaca Piring",ana,11 Agustus 2017,5.0,ok pas dengan takaran,Kober Mie Original - Kober Mie Manis - Shojin Ryori Maki,9 Maret 2025,2025-07-04 21:52:18
"Kober Mie, Kaca Piring",aidhyn,20 Mei 2023,4.0,porsih kurang😁😁,Kober Mie Manis,8 Maret 2025,2025-07-04 21:52:18
"Kober Mie, Kaca Piring",Mas SAM,17 Februari 2019,5.0,"Mie pedas terENAKKKK yg pernah saya cobain dibandingkan mie pedas lainnya, dan udang kejunya the best bngttt, rekomen dehh 🤤.",Kober Mie Manis - Udang Keju,21 Februari 2025,2025-07-04 21:52:18
"Kober Mie, Kaca Piring",Rudy,9 Desember 2024,5.0,mie nya biasa aja agak keras kurang kenyal kyak mie di nasgor pinggir jalan isian juga keras kayak kurang mateng pas masak. TAPI ADA MENU YANG MENURUT SAYA PALING ENAK. KEMBANG TAHU ISI DAGING AYAM + SAYURAN INI MENU  MANTAP SAYA RASA INI YANG PALING BEST SELLER DI KOBER.,Kober Mie Manis - Kai Ca,8 Februari 2025,2025-07-04 21:52:18
"Kober Mie, Kaca Piring",Udin Sitata,18 Mei 2022,5.0,mantap enak banget,Kober Mie Manis - Udang Rambutan,29 Januari 2025,2025-07-04 21:52:18
"Kober Mie, Kaca Piring",Yusc,4 Agustus 2017,5.0,pesennya siomay dtgnya sushi :(,Kober Mie Gurih - Kober Mie Gurih - Siomay,26 Januari 2025,2025-07-04 21:52:18
"Kober Mie, Kaca Piring",Alex Aprianto,5 November 2017,5.0,worth it banget harga kaki lima kualitas bintang lima,Kober Mie Gurih,23 Januari 2025,2025-07-04 21:52:18
"Kober Mie, Kaca Piring",V*****,8 Mei 2021,2.0,"Ini gmn konsepnya mienya kok gaa ada rasanya cuma pedas aj, asin nya gaa ad sma sekali 🗿",Hakau - Kai Ca - Kober Mie Gurih,15 Januari 2025,2025-07-04 21:52:18
"Kober Mie, Kaca Piring",N**,13 Mei 2017,4.0,"pedesnya kerasa,udang rambutannya enak tapi taburan ayamnya sedikit.. semoga bisa di tingkatkan lagi kedepannya",Kober Mie Manis - Udang Rambutan,31 Desember 2024,2025-07-04 21:52:18
"Kober Mie, Kaca Piring",S*****,8 September 2021,2.0,"setelah sekian lama nggak makan kober, akhirnya order kober. tapi kecewa karena topingnya nggak selengkap dulu :((",Kober Mie Gurih,1 Januari 2025,2025-07-04 21:52:18
"Kober Mie, Kaca Piring",Michelle Elsha,25 Mei 2024,5.0,enak sekali poll,Kober Mie Gurih - Siomay Nori - Sushi Crab - Udang Keju - Kober Mie Manis,30 Desember 2024,2025-07-04 21:52:18
"Kober Mie, Kaca Piring",R****** J***,11 Desember 2018,5.0,dari dulu rasanya gak pernah berubah selalu enak,Kober Mie Gurih - Kober Mie Gurih - Chicken Katsu - Siomay,29 Desember 2024,2025-07-04 21:52:18
"Kober Mie, Kaca Piring",N****,7 November 2015,1.0,GAK ENAK!! GAK KEK JAMAN DULU. PEDES DOANG GAK ASIN CUMA HAMBAR PEDES. MANA GAADA TABURAN AYAM NYA!!,Kober Mie Manis - Kober Mie Gurih - Lumpia Ayam,27 Desember 2024,2025-07-04 21:52:18
"Kober Mie, Kaca Piring",Regina,1 Januari 2021,2.0,Pesen mie manis cabe 2 malah datangnya mie asin level 0 👎🏻,Kober Mie Manis - Hakau - Siomay - Teriyaki Roll,25 Desember 2024,2025-07-04 21:52:18
"Kober Mie, Kaca Piring",keysha,11 Februari 2024,3.0,"rasa makanannya enak , tapi tumben sih dimsumnya gak sesuai sama pesanannya .",Kober Mie Manis - Kober Mie Original - Lumpia Udang - Udang Rambutan,23 Desember 2024,2025-07-04 21:52:18
"Kober Mie, Kaca Piring",Rafi,8 Oktober 2022,5.0,kober the besttttt,Kober Mie Manis - Udang Keju,22 Desember 2024,2025-07-04 21:52:18
"Kober Mie, Kaca Piring",mutmainnah,1 Januari 2023,3.0,krg enak gg pedes yg ori rsax krg sedep,Udang Rambutan - Kober Mie Manis - Kober Mie Original,21 Desember 2024,2025-07-04 21:52:18
"Kober Mie, Kaca Piring",Rafi,8 Oktober 2022,5.0,saikooooooooooo,Kober Mie Manis - Udang Keju,20 Desember 2024,2025-07-04 21:52:18
"Kober Mie, Kaca Piring",risyad athallah surya,14 November 2016,4.0,Tumben kurang asin gada rasa cmn pedes doang,Kober Mie Manis - Kober Mie Gurih - Udang Rambutan - Sushi Crab - Lumpia Ayam - Kober Amazon Jr.,13 Desember 2024,2025-07-04 21:52:18
"Kober Mie, Kaca Piring",R************,13 Juni 2024,5.0,pokok nya teeeeeeeeeeeeerrrbaik,Udang Rambutan - Udang Keju - Lumpia Udang - Sushi Crab - Kai Ca - Kober Mie Manis,16 Desember 2024,2025-07-04 21:52:18
"Kober Mie, Kaca Piring",E*** A*****,20 Mei 2023,1.0,"Tidak dikasih sumpit, saya makannya pakai tangan jadinya",Kober Mie Manis - Kober Mie Manis - Lumpia Udang - Siomay,16 Desember 2024,2025-07-04 21:52:18
"Kober Mie, Kaca Piring",fitria,27 Oktober 2022,5.0,"suka sama mienya, dan untuk dimsumnya daging banget suka pokok nya terimakasih chef😊",Kober Mie Manis - Kober Mie Manis - Udang Rambutan - Kerang Emas,10 Desember 2024,2025-07-04 21:52:18
"Kober Mie, Kaca Piring",E****,13 November 2019,1.0,note nya tidak di baca 😌,Kober Mie Manis - Kober Mie Manis,8 Desember 2024,2025-07-04 21:52:18
"Kober Mie, Kaca Piring",R********,27 Juli 2022,3.0,kurang tepatt waktuu,Kober Mie Manis - Kober Mie Manis - Kober Mie Original - Udang Rambutan - Udang Keju - Kerang Emas,30 November 2024,2025-07-04 21:52:18
"Kober Mie, Kaca Piring",R**** R********,25 Desember 2015,2.0,"pesan keyca 2 porsi semua rasanya KECUT, tolong kalau sudah gak layak jangan dijual…gak ada sumpit sama sekali",Kober Mie Manis - Kai Ca - Siomay - Baby Shake Teh Tarik - Udang Keju,30 November 2024,2025-07-04 21:52:18
"Kober Mie, Kaca Piring",umi,29 Desember 2022,1.0,tidak ada selada pedesn,Lumpia Udang - Kober Mie Manis - Kober Mie Manis - Crabby Roll - Sushi Crab,29 November 2024,2025-07-04 21:52:18
"Kober Mie, Kaca Piring",AGUS ZAINI,20 Desember 2023,1.0,gk ada cabe nya,Kober Mie Manis - Udang Keju - Kai Ca,28 November 2024,2025-07-04 21:52:18
"Kober Mie, Kaca Piring",maimuna,4 Juni 2021,5.0,mntap sayngx pengiriman x lmbat,Kober Mie Manis - Udang Keju - Siomay,27 November 2024,2025-07-04 21:52:18
"Kober Mie, Kaca Piring",D****,6 Agustus 2024,5.0,kecapnya udah banyak tapi sayangnya kurang pedas,Kober Mie Manis - Udang Keju,21 November 2024,2025-07-04 21:52:18
"Kober Mie, Kaca Piring",Della,6 Agustus 2024,5.0,mantap banget joss emang mie kober,Kober Mie Manis - Udang Keju - Udang Rambutan,15 November 2024,2025-07-04 21:52:18
"Kober Mie, Kaca Piring",I**,17 Juli 2017,1.0,𝚖𝚊𝚊𝚏 𝚔𝚔 𝚜𝚊𝚢𝚊 𝚘𝚛𝚍𝚎𝚝 𝚍𝚒𝚖𝚜𝚊𝚖 𝚜𝚞𝚜𝚒 𝚢𝚐 𝚍𝚝𝚎𝚗𝚐 𝚖𝚊𝚕𝚊𝚑 𝚜𝚘𝚖𝚊𝚢,Kober Mie Manis - Kober Mie Original - Kober Mie Gurih - Udang Rambutan - Sushi Crab,11 November 2024,2025-07-04 21:52:18
"Kober Mie, Kaca Piring",D*** I********,9 Agustus 2015,5.0,Lupa sumpit tdk d beri,Kober Mie Original - Kober Mie Manis - Kober Mie Manis - Kober Mie Manis,9 November 2024,2025-07-04 21:52:18
"Kober Mie, Kaca Piring",reno,26 Mei 2024,1.0,"lain kali di cek lagi ya mas mbak pesanannya datangnya ga sesuai, rela nunggu 2 jam datangnya ga sesuai pesanan",Kober Mie Gurih - Udang Keju - Kober Mie Manis - Siomay,10 September 2024,2025-07-04 21:52:18
"Kober Mie, Kaca Piring",Halimatus Sakdiyah,30 Oktober 2024,5.0,cepet pengirimanya,Kober Mie Manis - Ice Tea Shaker,3 November 2024,2025-07-04 21:52:18
"Kober Mie, Kaca Piring",audhi happy,3 Desember 2020,1.0,"tolong ya di perhatikan 
saya berulang kali order lewat gojek tetapi selalu tidak sesuai pesanan saya , pesan cabe 5 tapi rasa tidak pedas sama sekali dan parahnya lagi orderan sebelumnya saya juga pernah order malah tidak ada cabai . sayang banget mie kober itu makanan paling enak di antara mie2 yang lain mangknya saya order sini terus tapi selalu tidak sesuai dengan ekspektasi sayaaa !!",Kober Mie Gurih - Udang Keju,31 Oktober 2024,2025-07-04 21:52:18
"Kober Mie, Kaca Piring",pras,26 Oktober 2022,5.0,"mantab,enak sesuai rasany",Kober Mie Gurih - Udang Rambutan,26 Oktober 2024,2025-07-04 21:52:18
"Kober Mie, Kaca Piring",Pou,25 Juni 2024,5.0,"sekarang pedasnya sangat-sangat bisa dinikmati,, Karena rasa pedas yang menyengat biasanya merusak rasa makanan . . 👍👍👍",Udang Rambutan - Lumpia Ayam - Kober Mie Manis,23 Oktober 2024,2025-07-04 21:52:18
"Kober Mie, Kaca Piring",Nanalatanza,2 Oktober 2024,5.0,trimakasih pak lancar trus rezekinya,Kober Mie Manis - Udang Rambutan - Lumpia Ayam,19 Oktober 2024,2025-07-04 21:52:18
"Kober Mie, Kaca Piring",Yuyun,11 September 2015,2.0,padahal level s tapi pedesnya ampuuun pool..,Kober Mie Manis,19 Oktober 2024,2025-07-04 21:52:18
"Kober Mie, Kaca Piring",salzabillah Andini,11 Juli 2017,3.0,saya pesan lumpia udangnya 2 tapi dikasihnya siomay 2,Kober Mie Manis - Kober Mie Manis - Lumpia Udang - Siomay,13 Oktober 2024,2025-07-04 21:52:18
"Kober Mie, Kaca Piring",adolf hitler,26 Januari 2019,2.0,"sayur gak dikasih.
klu hbs bilang bos,jgn main kasih tanpa sayur.
mengecewakan boss👎",Kober Mie Original - Ceker - Kober Amazon - Kober Mie Manis - Udang Keju - Udang Rambutan - Lumpia Udang - Kober Mie Manis,8 Oktober 2024,2025-07-04 21:52:18
"Kober Mie, Kaca Piring",Eko Prastyawan,12 Desember 2019,5.0,Mantullll ⭐️⭐️⭐️⭐️⭐️,Kober Mie Manis - Siomay - Ceker,1 Oktober 2024,2025-07-04 21:52:18
"Kober Mie, Kaca Piring",A****,7 Maret 2016,3.0,"Kemaren mie nya kurang kecapnya , biasa nya enak loh",Kober Mie Manis - Udang Keju - Kai Ca,23 September 2024,2025-07-04 21:52:18
"Kober Mie, Kaca Piring",C****,5 Juli 2019,2.0,"mie nya terlalu lembek, rasanya hanya pedas padahal harusnya ada manis kecap nya. nasi dari susi terlalu banyak dan tidak ada rasa nya, apalagi ditambah sambal, aneh jadi nya. untungnya diselamatkan sama rasa dimsum. mohon diperbaiki kinerja nya",Kober Mie Gurih - Kober Mie Manis - Siomay Nori - Crabby Roll,23 September 2024,2025-07-04 21:52:18
"Kober Mie, Kaca Piring",dicky setiawan,5 Maret 2024,1.0,Supid ga dikasih sangat mengecewakan,Kober Mie Manis - Kai Ca - Sushi Crab - Siomay,21 September 2024,2025-07-04 21:52:18
"Kober Mie, Kaca Piring",WAHYU HIDAYATULLAH,3 Mei 2023,1.0,"makan saya kurang 1 LUMOIA AYAM, gak di kirim",Kober Mie Manis - Kober Mie Gurih - Lumpia Ayam,18 September 2024,2025-07-04 21:52:18
"Kober Mie, Kaca Piring",S****,27 April 2016,5.0,"minusnya cuma lama prosesnya 
ama pesen level kadang salah tulis",Kober Mie Manis - Kober Mie Manis - Lumpia Ayam - Udang Rambutan - Ice Tea Shaker,24 Agustus 2024,2025-07-04 21:52:18
"Kober Mie, Kaca Piring",S****,27 April 2016,5.0,"minusnya cuma lama prosesnya 
ama pesen level kadang salah tulis",Kober Mie Manis - Kober Mie Manis - Lumpia Ayam - Udang Rambutan - Ice Tea Shaker,12 September 2024,2025-07-04 21:52:18
"Kober Mie, Kaca Piring",annisa,5 Mei 2018,5.0,udang rambutannya kurang fresh biasanya kenyel² ka ini sedikit atos,Udang Rambutan - Kober Mie Manis,12 September 2024,2025-07-04 21:52:18
"Kober Mie, Kaca Piring",Dimas Fauzan,17 Februari 2019,5.0,"The best mie in Surabaya, rasa sama seperti dulu, mie ter legend, pelopor bukan pengekor",Kober Mie Manis - Pao Pandan - Kober Mie Original - Kober Mie Manis,14 September 2024,2025-07-04 21:52:18
"Kober Mie, Kaca Piring",Elyash,23 November 2020,3.0,yg original apa ndak ada daging ham nya ya:(,Kober Mie Manis - Kober Mie Manis - Kober Mie Manis - Kober Mie Original - Lumpia Udang - Siomay Pedas - Sushi Crab - Kai Ca,11 September 2024,2025-07-04 21:52:18
"Kober Mie, Kaca Piring",dina,4 September 2024,5.0,enak deh dri dulu suka mie koberr,Kober Mie Manis - Kober Mie Original - Kober Mie Gurih,11 September 2024,2025-07-04 21:52:18
"Kober Mie, Kaca Piring",W***********,20 Juli 2016,3.0,"Chicken katsunya ayamnya ga fresh, terus minyaknya berasa banget. Mie nya juga mulai hambar lagi masaknya hanya terasa pedas. Padahal terakhir beli sudah enak, tapi sekarang menurun lagi. Semoga diperbaiki, semangat team kober!",Kober Mie Gurih - Kerang Emas - Chicken Katsu,11 September 2024,2025-07-04 21:52:18
"Kober Mie, Kaca Piring",B******** M*****,15 September 2018,1.0,"Kurang sedep, bumbu kurang, kecap kurang. Tidak seperti di cabang lain",Kober Mie Manis - Kober Mie Manis - Kober Mie Manis,7 September 2024,2025-07-04 21:52:18
"Kober Mie, Kaca Piring",F****** Z**** O*******,29 November 2023,4.0,kangen kober yang dulu... mienya sekarang kurang manis. Trus pesen level 3 yang dtng ga pedes,Kober Mie Manis - Siomay - Crabby Roll,1 September 2024,2025-07-04 21:52:18
"Kober Mie, Kaca Piring",Eko Wahyu Adi Purnomo,28 Juni 2021,5.0,makan favorit dari dlu,Kober Mie Manis - Udang Rambutan - Udang Keju,2 September 2024,2025-07-04 21:52:18
"Kober Mie, Kaca Piring",Arif Ramadhoni,22 Mei 2017,4.0,katsunya alottttt. stok dari kapan sih ?,Kober Mie Manis - Kober Mie Gurih - Udang Rambutan - Kober Mie Manis - Chicken Katsu - Lumpia Ayam - Chicken Karage,29 Agustus 2024,2025-07-04 21:52:18
"Kober Mie, Kaca Piring",SonNavy RK,29 September 2020,5.0,Selalu Cocok Dengan Masakan Di Sini,Ice Green Tea Frappe - Kober Mie Manis - Udang Keju - Siomay Pedas - Siomay Nori - Hakau Crunchy,28 Juni 2024,2025-07-04 21:52:18
"Kober Mie, Kaca Piring",fildzah amalia,10 September 2015,3.0,Mie nya terlalu lembek dan kecapnya kebanyakan. Semoga bisa di perbaiki kembali ya,Udang Rambutan - Kober Mie Manis - Kober Amazon Jr.,20 Agustus 2024,2025-07-04 21:52:18
"Kober Mie, Kaca Piring",Hapipa,19 Juni 2016,5.0,"rasa tetap enak dari dulu.
packaging bagus ga kayak mie sebelah.
semoga tetap tumbuh jaya kober mie 🫶",Kober Mie Manis - Siomay,22 Agustus 2024,2025-07-04 21:52:18
"Kober Mie, Kaca Piring",Della,6 Agustus 2024,2.0,kurang pedas dan kurang kecap,Kober Mie Manis - Udang Keju - Udang Rambutan,19 Agustus 2024,2025-07-04 21:52:18
"Kober Mie, Kaca Piring",N***,4 Oktober 2019,2.0,mie nya terlalu matang,Kober Mie Manis - Lumpia Udang - Udang Rambutan - Kober Mie Original - Udang Keju - Siomay - Kober Amazon,19 Agustus 2024,2025-07-04 21:52:18
"Kober Mie, Kaca Piring",Muhammad Fajar Satria,24 Desember 2018,3.0,maaf ka mungkin lain kali bisa di cek dulu cabai sama tulisan di boxnya makasih,Kober Mie Manis - Lumpia Udang - Udang Rambutan - Udang Keju - Kober Mie Manis - Kober Mie Manis - Kober Mie Gurih - Baby Shake Milo,17 Agustus 2024,2025-07-04 21:52:18
"Kober Mie, Kaca Piring",dwi adi saputra,4 Maret 2021,5.0,kangen dengan mie ini ternyata msh tetep enk,Kober Mie Manis - Udang Rambutan - Udang Keju,6 Agustus 2024,2025-07-04 21:52:18
"Kober Mie, Kaca Piring",Radha Fitriana,26 September 2021,1.0,gabisa request level trs apa gunanya note,Kober Mie Manis - Udang Rambutan - Lumpia Udang - Ebi Tempura Roll - Udang Keju,11 Agustus 2024,2025-07-04 21:52:18
"Kober Mie, Kaca Piring",T******,13 Mei 2017,3.0,kurang asin sedikit 🤏🏻🤏🏻,Kober Mie Manis - Udang Keju - Kober Mie Manis - Kai Ca - Spicy Chicken Wings - Pao Pandan,8 Agustus 2024,2025-07-04 21:52:18
"Kober Mie, Kaca Piring",Anthony Chun,9 Juni 2018,1.0,"GAK ENAK NIH, KALAH JAUH SAMA MIE GACOAN 😂🤣",Kober Mie Original - Lumpia Udang - Udang Rambutan,8 Agustus 2024,2025-07-04 21:52:18
"Kober Mie, Kaca Piring",Ara,7 September 2019,5.0,Mantaaapp...👍👍👍,Kober Mie Manis - Udang Rambutan - Kober Mie Gurih - Ice Chocolate,2 Agustus 2024,2025-07-04 21:52:18
"Kober Mie, Kaca Piring",Ara,7 September 2019,5.0,"Udah lama gapernah beli... tapi rasanya masih tetap enaak.. 🤩😍🤩😍
Kober mie kaca piring emang the best 👍👍👍",Kober Mie Manis - Udang Rambutan - Kober Mie Gurih - Siomay - Ice Chocolate,31 Juli 2024,2025-07-04 21:52:18
"Kober Mie, Kaca Piring",A******,12 Juli 2017,3.0,"pemberian bumbunya kurang ,mungkin lebih di perhatikan lagi untuk bumbunya agar ada rasnya..",Kober Mie Manis - Kober Mie Manis - Ice Chocolate - Ice Chocolate,29 Juli 2024,2025-07-04 21:52:18
"Kober Mie, Kaca Piring",faris firdaus,14 Juni 2016,2.0,Kurang 1 udang kejunya :(,Kober Mie Manis - Udang Rambutan - Udang Keju,28 Juli 2024,2025-07-04 21:52:18
"Kober Mie, Kaca Piring",U**,29 Desember 2022,1.0,"kecap nya kurang terasa
craby roll nya isi an crabstik nya gaada, cuman rasa chicken kecil banget
lebih enak makan ditempat porsi dan rasa nya pas",Kober Mie Manis - Kober Mie Manis - Lumpia Udang - Crabby Roll,25 Juli 2024,2025-07-04 21:52:18
"Kober Mie, Kaca Piring",R****,3 Februari 2022,1.0,Pesen mie 5 dianter cuma 4,Kober Mie Manis - Kober Mie Manis - Udang Rambutan - Lumpia Udang - Kober Mie Manis - Kober Mie Original,23 Juli 2024,2025-07-04 21:52:18
"Kober Mie, Kaca Piring",Moch rofii,1 Juli 2017,5.0,dimsumnya best banget ga ada obat,Kober Mie Manis - Kober Mie Original - Ceker - Udang Keju - Udang Rambutan - Kober Mie Manis,30 Juni 2024,2025-07-04 21:52:18
"Kober Mie, Kaca Piring",tyas,7 September 2021,4.0,"enak cuma sayang pangsit nya seperti kurang matang,yg bagian dalam masih kelihatan tepung nya putih
udang keju nya mantap 
porsi mie nya bs ditambahi dikit lagi biar lebih oke",Kober Mie Manis - Kober Mie Original - Kober Mie Gurih - Udang Keju,19 Juli 2024,2025-07-04 21:52:18
"Kober Mie, Kaca Piring",Halimatus Sa'diyah,13 Juli 2024,5.0,memang terbaikk,Kober Mie Gurih - Kober Mie Manis - Udang Keju - Udang Rambutan - Lumpia Ayam - Kober Amazon - Siomay Nori - Lumpia Udang,16 Juli 2024,2025-07-04 21:52:18
"Kober Mie, Kaca Piring",Ayu novitasari,11 November 2019,2.0,"rasa dimsum rambutanya tidak seperti dulu, terlalu kecil dengan harga segitu, lebih baik mahal dikit gpp porsi, dan rasa tetap sama, sungguh sangat disayangkan ya banyak pesaing tapi tidak bisa menjaga kwalitas, jujur sebenarnya kober dulu itu sangat enak banget lo",Udang Rambutan - Kober Mie Original,12 Juli 2024,2025-07-04 21:52:18
"Kober Mie, Kaca Piring",C********,17 Agustus 2016,1.0,"spicy chicken wings nya rasanya tdk enak beda seperti biasa yg saya pesan
ayamnya hambar didalam & sedikit bau tdk sedap 
untuk pesanan lainnya sdh seperti biasanya enak 
tolong kedepannya diperhatikan lg kualitasnya",Kober Mie Manis - Kai Ca - Siomay Nori - Spicy Chicken Wings,12 Juli 2024,2025-07-04 21:52:18
"Kober Mie, Kaca Piring",Seli irawati,28 November 2019,2.0,lebih teliti terhadap pesanan,Kober Mie Manis - Kober Mie Original - Udang Rambutan - Lumpia Ayam,10 Juli 2024,2025-07-04 21:52:18
"Kober Mie, Kaca Piring",I***,30 Agustus 2020,1.0,gak dikasih sumpit sama sekali🥲 normalnya kan dikasih sumpit ya,Kober Mie Manis - Udang Keju - Udang Rambutan - Lumpia Udang - Ebi Tempura Roll - Kober Mie Manis - Crabby Roll,6 Juli 2024,2025-07-04 21:52:18
"Kober Mie, Kaca Piring",A** Z******,3 Maret 2019,2.0,"jauh2 dari kediri ke sby , pgn beli kober krna yg di kediri sdh tutup. ternyata jauh bgt rasanya sama yg di kediri. masih enak yg di kediri pollllll. yg disini rasanya hambar.",Kober Mie Manis - Kober Mie Manis - Kober Mie Original,6 Juli 2024,2025-07-04 21:52:18
"Kober Mie, Kaca Piring",dewi,22 Agustus 2020,2.0,dimsum goreng terlalu gosong!!!!!,Kober Mie Manis - Udang Rambutan - Kai Ca,9 Juli 2024,2025-07-04 21:52:18
"Kober Mie, Kaca Piring",resha mardiansya,28 Januari 2019,1.0,"minta tolong sebelum dikasih itu di lihat dulu, saya pesan 4item knpa dikasih 3, kasihan bapak gojeknya yg menganti kurangnya , saya pesan mie manis nya, ceker sama udang rambutan terus es lecy, knpa udang rambutan nya gak diikutin?? minta tolong ya mas, kasihan bapak gojeknya tolong lebih teliti lagi, dan tdi tidak dikasih sumpitnya juga",Udang Rambutan - Kober Tropico - Ceker - Kober Mie Manis,8 Juli 2024,2025-07-04 21:52:18
"Kober Mie, Kaca Piring",rizka alvi sintiani,16 Juni 2018,1.0,pesanan saya kurang 1,Udang Keju - Siomay Nori - Kober Mie Manis - Kober Mie Manis - Udang Rambutan,7 Juli 2024,2025-07-04 21:52:18
"Kober Mie, Kaca Piring",gaza,14 Juli 2015,3.0,yg enak udang kejunya,Kober Mie Manis - Udang Keju,3 Juli 2024,2025-07-04 21:52:18
"Kober Mie, Kaca Piring",yoga,2 November 2015,1.0,mie nya skrng kurang enek agak lembek,Kober Mie Manis - Udang Rambutan,2 Juli 2024,2025-07-04 21:52:18
"Kober Mie, Kaca Piring",Hanioctav,24 Maret 2020,5.0,terimakasih pak,Kober Mie Manis - Udang Keju - Udang Rambutan - Siomay - Lumpia Udang,25 Juni 2024,2025-07-04 21:52:18
"Kober Mie, Kaca Piring",Nur Fadilah,21 Juni 2024,1.0,pesanan tidak sampai,Kober Mie Manis - Udang Rambutan,28 Juni 2024,2025-07-04 21:52:18
"Kober Mie, Kaca Piring",wahbi,8 September 2015,5.0,Laper gue mangkanya semua terasa enak,Kober Mie Manis - Udang Keju - Siomay - Kober Mie Gurih,3 Juni 2024,2025-07-04 21:52:18
"Kober Mie, Kaca Piring",Claudio Delvechio S.,11 Januari 2018,4.0,seal minuman tidak rapat,Kober Mie Manis - Udang Keju - Lumpia Ayam - Kober Amazon Jr. - Kober Amazon - Ice Lemon Tea - Orange Splash,24 Juni 2024,2025-07-04 21:52:18
"Kober Mie, Kaca Piring",Num Num,15 Oktober 2019,5.0,MUANTAPPPP nyuss,Kober Mie Manis - Kober Mie Manis - Kerang Emas - Baby Shake Milo,25 Juni 2024,2025-07-04 21:52:18
"Kober Mie, Kaca Piring",rere wulandari,4 April 2022,3.0,"makanan dingin , seperti kurang fresh .",Kober Mie Manis - Baby Shake Milo - Udang Keju - Udang Rambutan,26 Juni 2024,2025-07-04 21:52:18
"Kober Mie, Kaca Piring",E***** R*****,29 Maret 2024,4.0,udang kejuu na bintang 5 sihh !!,Kober Mie Gurih - Kober Mie Gurih - Kober Mie Gurih - Udang Keju,20 Juni 2024,2025-07-04 21:52:18
"Kober Mie, Kaca Piring",Ara,7 September 2019,5.0,"Enak banget pake ""T"" ... klo laper dan malas masak selalu jadi choice makan tepat. 👍👍👍",Kober Mie Manis - Udang Rambutan - Siomay - Ice Chocolate - Ice Red Velvet Frappe,18 Juni 2024,2025-07-04 21:52:18
"Kober Mie, Kaca Piring",Andra,27 September 2023,5.0,gooddddddd polll,Kober Mie Manis - Lumpia Udang - Chicken Katsu - Ice Red Velvet Frappe - Lychee Splash,18 Juni 2024,2025-07-04 21:52:18
"Kober Mie, Kaca Piring",Moh Rosul,5 April 2017,5.0,sesuai ekspektasi,Udang Rambutan - Kober Mie Manis,1 Juni 2024,2025-07-04 21:52:18
"Kober Mie, Kaca Piring",N******* L****,30 Oktober 2021,1.0,Makanan gosong semua,Siomay - Kai Ca - Lumpia Udang - Kober Mie Manis,14 Juni 2024,2025-07-04 21:52:18
"Kober Mie, Kaca Piring",aifah turrochmah,18 Maret 2020,3.0,Somay yg di porsi mienya ketinggalan yaa kok gaada nihhh hmmmmm . Pesen 3 mie gaada somaynya semua,Kober Mie Manis - Siomay - Ceker - Kober Mie Gurih - Udang Keju - Lumpia Ayam,10 Juni 2024,2025-07-04 21:52:18
"Kober Mie, Kaca Piring",Epii,10 November 2023,2.0,pesanan tidak sesuai pesen saya mie 2 udang rambutan Ama chicken wings tapi chicken wings nya malah yg dateng kulit?,Kober Mie Manis - Kober Mie Manis - Udang Rambutan - Spicy Chicken Wings,8 Juni 2024,2025-07-04 21:52:18
"Kober Mie, Kaca Piring",Ara,7 September 2019,5.0,"Kms ini sangat enaak.. dari penataan order onlinenya saya suka. dan rasanya juga masih enak. 😍😍😍
terus pertahanin ya.. 👍👍👍",Kober Mie Manis - Udang Rambutan - Siomay - Ice Red Velvet Frappe - Ice Chocolate,7 Juni 2024,2025-07-04 21:52:18
"Kober Mie, Kaca Piring",lutfiya,2 Mei 2019,2.0,tolong d perbaiki lagi dalam penyajian nya... ada yg g d kasih kripik ny ada yg g d kasih gorengan ... wess tambah menurun,Kober Mie Manis - Kober Mie Original - Udang Rambutan - Kober Mie Gurih,6 Juni 2024,2025-07-04 21:52:18
"Kober Mie, Kaca Piring",Septiya,26 Mei 2018,5.0,dari pada di sebelah mendingan ini gak pernah pindah hati slalu di hati lope banyak² ❤,Siomay - Kober Tropico - Kober Mie Manis - Lumpia Udang - Kober Amazon - Ceker,4 Juni 2024,2025-07-04 21:52:18
"Kober Mie, Kaca Piring",Daniel Darmawan,21 Januari 2017,2.0,tidak di tulisin pesenannya pesen l and cabe 4 harus e di tulisi,Spicy Chicken Wings - Lumpia Udang - Kober Mie Manis - Kober Mie Manis,3 Juni 2024,2025-07-04 21:52:18
"Kober Mie, Kaca Piring",Rizal Mastbro,10 Agustus 2019,2.0,gaada rasnya hambar,Kober Mie Manis - Udang Rambutan - Lumpia Ayam,2 Juni 2024,2025-07-04 21:52:18
"Martabak Gading Pecenongan, Jl. Kertajaya",Sulistyawati,2 Juni 2019,4.0,"maap sblm nya martabak Gading satu2 nya favourit sy, tp sayang mutu turun banyak coklat green teanya minum skli tdk terasa, lbh baik naik harga tp mutu terjamin premium spt dulu",Martabak Manis Kit Kat Spesial,25 April 2025,2025-07-04 21:52:48
"Martabak Gading Pecenongan, Jl. Kertajaya",kirana,29 Oktober 2021,4.0,untuk harga 110 ribu 9 potong kecil seperti 30 ribuan,Martabak Telor Sapi/ Ayam Telor 4,13 Februari 2025,2025-07-04 21:52:48
"Martabak Gading Pecenongan, Jl. Kertajaya",C***** T***,16 Juni 2017,2.0,"minfa keju full, malah di kasih aneh2..coklate garai serik tenggorokan",Martabak Manis Campur Istimewa,10 Februari 2025,2025-07-04 21:52:48
"Martabak Gading Pecenongan, Jl. Kertajaya",Diah anggraeni,11 April 2019,1.0,"asiiiinnn banget, matangnya tidak rata, diluar gosong tapi dalemnnya (daun bawang) masih mentah",Martabak Telor Sapi/ Ayam Telor 3,12 Januari 2025,2025-07-04 21:52:48
"Martabak Gading Pecenongan, Jl. Kertajaya",andri mulia sujianto,17 Agustus 2015,5.0,Mantab dari dulu sampai sekarang👏,Martabak Telor Sapi/ Ayam Telor 3 - Martabak Manis Campur Istimewa,31 Desember 2024,2025-07-04 21:52:48
"Martabak Gading Pecenongan, Jl. Kertajaya",A**** M**** S*******,17 Agustus 2015,5.0,Selalu mantab dari rasa dan keberaihan,Martabak Telor Sapi/ Ayam Telor 3,31 Desember 2024,2025-07-04 21:52:48
"Martabak Gading Pecenongan, Jl. Kertajaya",N**** F*****,26 Oktober 2023,4.0,terang bulannya dingin. bukan panas atau hangat,Martabak Manis Cream Cheese Oreo Istimewa,29 Desember 2024,2025-07-04 21:52:48
"Martabak Gading Pecenongan, Jl. Kertajaya",N***,21 September 2017,5.0,"Tipker-nya masih agak tebal jadi tidak se-crunchy yang dibayangkan. Tergantung selera juga sih.
Rasa martabak, topping dan porsinya oke",Martabak Manis Tiker Campur - Martabak Manis Campur Istimewa,24 Oktober 2024,2025-07-04 21:52:48
"Martabak Gading Pecenongan, Jl. Kertajaya",timotius kaban,24 Agustus 2015,5.0,"Ini yang paling cocok bt saya, uda nyoba banyak martabak diatas 100 rb an, martabak manis istimewa di sini paling worted. Recomend👍 butternya kerasa",Martabak Manis Campur Istimewa,16 Agustus 2024,2025-07-04 21:52:48
"Martabak Gading Pecenongan, Jl. Kertajaya",Y******,28 Maret 2019,2.0,"pesen coklat saja, datang coklat keju",Martabak Manis Campur Spesial,16 Agustus 2024,2025-07-04 21:52:48
"Martabak Gading Pecenongan, Jl. Kertajaya",Sulistyawati,2 Juni 2019,5.0,Slalu menjadi yang TERBAIK,Martabak Telor Sapi/ Ayam Telor 3,4 Juli 2024,2025-07-04 21:52:48
"Martabak Gading Pecenongan, Jl. Kertajaya",goestopo,15 Desember 2017,3.0,"makanan da dingin, padahal jarak rumah cm 1 Km, jadi kurang enak",Martabak Manis Cream Cheese Oreo Istimewa,16 Juni 2024,2025-07-04 21:52:48
"Martabak Gading Pecenongan, Jl. Kertajaya",Arief Kurniawan,1 Oktober 2016,5.0,thank you for the service,Martabak Manis Campur Spesial - Martabak Telor Sapi/ Ayam Telor 3,1 Juni 2024,2025-07-04 21:52:48
"Martabak Gading Pecenongan, Jl. Kertajaya",R*****,16 Februari 2016,5.0,tipker keju TOP... gak pelit keju nya...,Martabak Manis Tiker Campur - Martabak Telor Sapi/ Ayam Telor 4,22 April 2024,2025-07-04 21:52:48
"Martabak Gading Pecenongan, Jl. Kertajaya",D**** D****,11 Juni 2015,4.0,Enakan yg classic sih,Martabak Manis Toblerone Spesial,15 Maret 2024,2025-07-04 21:52:48
"Martabak Gading Pecenongan, Jl. Kertajaya",Guntur,15 April 2017,3.0,"mohon diperhatikan orderan dari konsumen, saya pesan martabak manis nutela istimewa malah yang datang martabak manis campur",Martabak Manis Nutella Istimewa - Martabak Telor Sapi/ Ayam Telor 3,8 Februari 2024,2025-07-04 21:52:48
"Martabak Gading Pecenongan, Jl. Kertajaya",destina,28 Februari 2017,5.0,"selalu enak, g pelit acar dan isian daging maupun coklat Nutella ato Ovomaltine..
ter the best...",Martabak Telor Sapi/ Ayam Telor 3,2 Januari 2024,2025-07-04 21:52:48
"Martabak Gading Pecenongan, Jl. Kertajaya",theo,23 Januari 2017,5.0,"tidak pernah mengecewakan utk gadong pecenongan yg di cab kertajaya ini, pernah coba yg di cab lain serasa ada yg kurang, kl yg di cab kertajaya ini pegawainya lebih lihai dan cekatan",Martabak Manis Campur Spesial,13 November 2023,2025-07-04 21:52:48
"Martabak Gading Pecenongan, Jl. Kertajaya",T***,23 Januari 2017,5.0,"ini favorit saya, baik martabak maupun martabak manis(terangbulan) nya, aduhai cetar membahana tak kendul surendul tak gendul haujek polll, pokok e 1,3,4,5 !!! lho 2 nya kemana? khan ga ada duanya ,,😁",Martabak Telor Sapi/ Ayam Telor 3,31 Agustus 2023,2025-07-04 21:52:48
"Martabak Gading Pecenongan, Jl. Kertajaya",Sulistyawati,2 Juni 2019,4.0,campuran komplit terlalu banyak jd durian kurang terasa,Martabak Manis Durian (Campur) Spesial,26 Mei 2023,2025-07-04 21:52:48
"Martabak Gading Pecenongan, Jl. Kertajaya",wira,21 Juni 2018,2.0,"heran menu topping dijual belum termasuk martabaknya, jadi akhirnya perlu beli martabaknya tersendiri. seakan-akan sengaja biar orang anggap martabaknya murah padahal itu cuman harga topping, terus terlanjur di konfirmasi biar calon pembeli terpaksa membayar utk martabaknya. martabaknya okelah cuman kurang attitudenya 😊",Mozarella - Jamur,28 Februari 2023,2025-07-04 21:52:48
"Martabak Gading Pecenongan, Jl. Kertajaya",Ong Jong Hwie,6 Juli 2015,5.0,"Enak banget, kulitnya bisa krius.",Martabak Telor Sapi/ Ayam Telor 4 - Mozarella,8 Februari 2023,2025-07-04 21:52:48
"Martabak Gading Pecenongan, Jl. Kertajaya",iwan nirwana,7 Juni 2017,4.0,coklatnya berkurang gak seperti awal2...he.he..,Martabak Manis Nutella Spesial,20 Januari 2023,2025-07-04 21:52:48
"Martabak Gading Pecenongan, Jl. Kertajaya",A****,4 November 2015,5.0,Enak banget teutama chef khusus martabaknya yang bikin buat nagih,Martabak Telor Sapi/ Ayam Telor 3,1 Oktober 2022,2025-07-04 21:52:48
"Martabak Gading Pecenongan, Jl. Kertajaya",dodik kurniawan,19 Maret 2017,3.0,"sering order disini, gak tau kenapa pesenan martabak daging yg td kok agak gosong pdahal biasanya enak🙁..jadi rasanya ada pahit2nya.
next coba diperhatikan lg kualitasnya ya",Martabak Telor Sapi/ Ayam Telor 3,13 Oktober 2022,2025-07-04 21:52:48
"Martabak Gading Pecenongan, Jl. Kertajaya",C******** A****,5 Maret 2019,1.0,"Samyangnya sama sekali tidak terasa dan hambar, martabaknya jadi seperti martabak campur omelette mie biasa",Martabak Telor Samyang Telor 4,20 September 2022,2025-07-04 21:52:48
"Martabak Gading Pecenongan, Jl. Kertajaya",hartati,21 April 2016,5.0,enak tenan martabak telor nya mantap di tambah saus nya TOP terima kasih atas minta saus nya 2 dikasih krn keponakan2 pada suka saus nya makan sama martabak telor rek👍👍🤗🤗,Martabak Telor Sapi/ Ayam Telor 4 - Martabak Manis Campur Istimewa,14 Agustus 2022,2025-07-04 21:52:48
"Martabak Gading Pecenongan, Jl. Kertajaya",ratih,31 Mei 2015,5.0,Kurang asin dikit 😬,Martabak Telor Sapi/ Ayam Telor 4,30 Juli 2022,2025-07-04 21:52:48
"Martabak Gading Pecenongan, Jl. Kertajaya",Kamaluddin,1 November 2015,2.0,"hati2 yang kancil2 itu size kecil uk 12cm, dan mahal sekali harganya, hrsnya kasi gambar donk biar fair, utk rasa biasa aja",Martabak Manis Kancil Campur Istimewa,26 Juli 2022,2025-07-04 21:52:48
"Martabak Gading Pecenongan, Jl. Kertajaya",T* W*****,7 Oktober 2017,5.0,Gurih dan lezat. Makanan diproses sesuai catatan dalam pesanan.,Martabak Manis Campur Spesial - Martabak Telor Sapi/ Ayam Telor 3,19 Juni 2022,2025-07-04 21:52:48
"Martabak Gading Pecenongan, Jl. Kertajaya",Annie ST,28 Oktober 2015,5.0,ceresnya kaya bkn rasa ceres,Martabak Manis Campur Istimewa,29 Mei 2022,2025-07-04 21:52:48
"Martabak Gading Pecenongan, Jl. Kertajaya",C******* M*******,2 Agustus 2016,5.0,terang bulanx kenyal2. minta specifik dikurangi manisnya 20%...bs pas....enak.....:),Martabak Manis Campur Spesial - Martabak Telor Sapi/ Ayam Telor 4,30 April 2022,2025-07-04 21:52:48
"Martabak Gading Pecenongan, Jl. Kertajaya",Gunadi,3 Juni 2017,4.0,Tipis keringny kurang garing.,Martabak Manis Campur Istimewa - Martabak Manis Tiker Campur,18 Maret 2022,2025-07-04 21:52:48
"Martabak Gading Pecenongan, Jl. Kertajaya",Alin,23 Maret 2017,5.0,enak pake bangettttt ❤,Martabak Manis Kancil Campur Spesial,17 Maret 2022,2025-07-04 21:52:48
"Martabak Gading Pecenongan, Jl. Kertajaya",elda,7 April 2016,5.0,"Enak banget martabak telurnyaaa, dagingnya banyakkk !!",Jamur - Martabak Telor Sapi/ Ayam Telor 4,5 Maret 2022,2025-07-04 21:52:48
"Martabak Gading Pecenongan, Jl. Kertajaya",Ong swie hwa,26 Juli 2017,5.0,mantab isinya puas,Martabak Manis Campur Istimewa,26 Februari 2022,2025-07-04 21:52:48
"Martabak Gading Pecenongan, Jl. Kertajaya",D***,15 Juli 2015,1.0,"Kuah nya basi, terasa seperti fermentasi",Martabak Telor Sapi/ Ayam Telor 3,25 Februari 2022,2025-07-04 21:52:48
"Martabak Gading Pecenongan, Jl. Kertajaya",tetty,10 Desember 2015,5.0,Enaaak terang bulannya. Request 1 porsi dijadiin 2 box juga dibolehin. Terima kasih,Martabak Manis Campur Istimewa,18 Februari 2022,2025-07-04 21:52:48
"Martabak Gading Pecenongan, Jl. Kertajaya",A***,8 Desember 2015,5.0,mantappp,Martabak Manis Tiker Campur - Martabak Telor Sapi/ Ayam Telor 4,4 Februari 2022,2025-07-04 21:52:48
"Martabak Gading Pecenongan, Jl. Kertajaya",Olivia,11 Juli 2015,5.0,"terang bulannya empuk, topping melimpah, porsi puass! Martabak telurnya juga enak banget. isian melimpah ga hanya rasa daun pre saja. overal memuaskan 👍. pasti repeat order lg",Martabak Telor Sapi/ Ayam Telor 3 - Martabak Manis Campur Spesial,2 Februari 2022,2025-07-04 21:52:48
"Martabak Gading Pecenongan, Jl. Kertajaya",bu erwyn,25 Juli 2017,4.0,dagingnya gak berasa... kebanyakan bawang pre...😄😄😄,Martabak Manis Campur Spesial - Martabak Telor Sapi/ Ayam Telor 4,19 Januari 2022,2025-07-04 21:52:48
"Martabak Gading Pecenongan, Jl. Kertajaya",Ong Jong Hwie,6 Juli 2015,5.0,"Sangat enak. Kulitnya crispy, isinya lembut dan ringan. Tidak eneg.",Keju - Jamur - Martabak Telor Sapi/ Ayam Telor 4 - Mozarella,16 Januari 2022,2025-07-04 21:52:48
"Martabak Gading Pecenongan, Jl. Kertajaya",Kirana,19 Oktober 2015,5.0,"Enak meski sedikit mahal.
Sering-sering promo nya yaaa
Sukses selalu.",Martabak Manis Campur Spesial - Martabak Telor Sapi/ Ayam Telor 3,14 Januari 2022,2025-07-04 21:52:48
"Martabak Gading Pecenongan, Jl. Kertajaya",Kirana,19 Oktober 2015,5.0,"Tempat tunggu nya direnovasi ya... Biar nyaman...
Untuk rasa sudah enak.
Sukses selalu.",Martabak Manis Campur Spesial,10 Januari 2022,2025-07-04 21:52:48
"Martabak Gading Pecenongan, Jl. Kertajaya",Kirana,19 Oktober 2015,5.0,"Tempat tunggu nya direnovasi ya... Biar nyaman...
Untuk rasa sudah enak.
Sukses selalu.",Martabak Manis Campur Spesial,10 Januari 2022,2025-07-04 21:52:48
"Martabak Gading Pecenongan, Jl. Kertajaya",Kirana,19 Oktober 2015,5.0,"Tempat tunggu nya direnovasi ya... Biar nyaman...
Untuk rasa sudah enak.
Sukses selalu.",Martabak Manis Tiker Toblerone - Martabak Manis Kancil Campur Istimewa,10 Januari 2022,2025-07-04 21:52:48
"Martabak Gading Pecenongan, Jl. Kertajaya",chrystie,22 Januari 2017,5.0,enakkkkkkkkkkkkkk,Martabak Manis Campur Spesial,1 November 2021,2025-07-04 21:52:48
"Martabak Gading Pecenongan, Jl. Kertajaya",chrystie,22 Januari 2017,5.0,mantab martabak + terang bulan nya,Martabak Manis Campur Spesial - Martabak Telor Sapi/ Ayam Telor 3,1 Desember 2021,2025-07-04 21:52:48
"Martabak Gading Pecenongan, Jl. Kertajaya",V**** W**,28 Januari 2017,2.0,"Penulisan nama jangan di singkat2 supaya gak bingung...foto juga di tambahkan semua yg lengkap. Dengan harga segitu, porsi nya juga tidak sesuai.",Martabak Telor Kornet Telor 3 - Martabak Manis Tiker Campur,14 Desember 2021,2025-07-04 21:52:48
"Martabak Gading Pecenongan, Jl. Kertajaya",T****,7 Januari 2016,4.0,sekarang topingny makin dikit gak kayak dulu,Martabak Manis Campur Spesial,30 November 2021,2025-07-04 21:52:48
"Martabak Gading Pecenongan, Jl. Kertajaya",Y***,4 September 2015,5.0,Isinya buanyakk.. pdhl lg disc. 👍🏻super duper worth it,Martabak Manis Campur Istimewa - Martabak Telor Sapi/ Ayam Telor 4 - Jamur,27 November 2021,2025-07-04 21:52:48
"Martabak Gading Pecenongan, Jl. Kertajaya",E**,19 Desember 2019,4.0,porsinya kurang bnyak..  potongannya trllu kcl,Martabak Manis Kancil Nutella Spesial,28 November 2021,2025-07-04 21:52:48
"Martabak Gading Pecenongan, Jl. Kertajaya",A**** A***** Z*****,24 Januari 2018,1.0,porsinya terlalu sedikit untuk harga segitu,Martabak Manis Kancil Campur Spesial,18 November 2021,2025-07-04 21:52:48
"Martabak Gading Pecenongan, Jl. Kertajaya",H****,12 September 2015,4.0,"rasa lumayan, ada diskon jadi lbh murah",Martabak Telor Sapi/ Ayam Telor 4 - Martabak Manis Toblerone Spesial,16 November 2021,2025-07-04 21:52:48
"Martabak Gading Pecenongan, Jl. Kertajaya",Y******,28 Maret 2019,3.0,"pesaan cokat saja, dikirim coklat keju",Martabak Manis Campur Spesial - Martabak Telor Sapi/ Ayam Telor 3,14 November 2021,2025-07-04 21:52:48
"Martabak Gading Pecenongan, Jl. Kertajaya",T****,7 Januari 2016,4.0,"topingny dikit gak spt biasany, kejuny dan coklatny kurang.",Martabak Manis Campur Spesial,29 Oktober 2021,2025-07-04 21:52:48
"Martabak Gading Pecenongan, Jl. Kertajaya",B*******,25 April 2017,2.0,Pesanan keliru kok ngeyel.,Martabak Manis Tiker Nutella,13 Oktober 2021,2025-07-04 21:52:48
"Martabak Gading Pecenongan, Jl. Kertajaya",I** A******,28 Januari 2015,3.0,makin lama rasa makin turun.. dan daun bawang terlalu banyak hehe..,Martabak Telor Sapi/ Ayam Telor 3,22 September 2021,2025-07-04 21:52:48
"Martabak Gading Pecenongan, Jl. Kertajaya",I****,1 Juni 2018,2.0,pesan kacang coklat dapatnya coklat keju,Martabak Manis Campur Spesial,22 September 2021,2025-07-04 21:52:48
"Martabak Gading Pecenongan, Jl. Kertajaya",A****,2 April 2017,4.0,topping tebel banget,Martabak Manis Campur Spesial,2 September 2021,2025-07-04 21:52:48
"Martabak Gading Pecenongan, Jl. Kertajaya",L****,26 November 2016,3.0,"taste good, but the portion really small for idr 70k","Martabak Manis Kancil Toblerone Istimewa - Varian Adonan Red Velvet, Green Tea, Black",9 September 2021,2025-07-04 21:52:48
"Martabak Gading Pecenongan, Jl. Kertajaya",O** J*** H***,6 Juli 2015,3.0,Rasa durian dan topping lainnya tidak matchinv,Martabak Manis Durian (Campur) Istimewa,16 Agustus 2021,2025-07-04 21:52:48
"Martabak Gading Pecenongan, Jl. Kertajaya",D*** M,5 September 2015,5.0,martabaknya rasanya enakk gurih. terang bulannya yg pingin makan dikit aja beli yg kancill. topingnya ga pelit juga.bisalah repeat order,"Martabak Manis Kancil Campur Spesial - Martabak Telor Sapi/ Ayam Telor 3 - Varian Adonan Black Sweet, Pandan",30 Juli 2021,2025-07-04 21:52:48
"Martabak Gading Pecenongan, Jl. Kertajaya",G**** Y*******,31 Juli 2016,5.0,"Mantap, rasanya bukan main 👏",Martabak Manis Cream Cheese Oreo Istimewa,9 Agustus 2021,2025-07-04 21:52:48
"Martabak Gading Pecenongan, Jl. Kertajaya",J******,22 Oktober 2019,3.0,"taste cheese,chocolate isn't the same at all, please to improve taste and ingrendiant",Martabak Manis Campur Istimewa,4 Agustus 2021,2025-07-04 21:52:48
"Martabak Gading Pecenongan, Jl. Kertajaya",S****,28 Januari 2017,2.0,"martabak telor rasa kurang mantap , martabak manis rasa n porsinya kurang enak",Martabak Telor Sapi/ Ayam Telor 4 - Martabak Manis Kancil Nutella Spesial,26 Juli 2021,2025-07-04 21:52:48
"Martabak Gading Pecenongan, Jl. Kertajaya",N***,2 Juli 2018,5.0,"ngga tau, ngga ikut makan",Martabak Manis Kancil Campur Spesial,11 Juli 2021,2025-07-04 21:52:48
"Martabak Gading Pecenongan, Jl. Kertajaya",M******* A****** F*******,1 Januari 2020,1.0,"Lol Toblerone tidak rata, keju terkesan tidak niat dalam pemberiannya, dan bodohnya deskripsi porsi tidak dijelaskan di dalam menu terkesan menjebak dengan porsi murah seperti itu. mohon ditingkatkan terutama pekerjanya dalam mengolah makanan",Martabak Manis Kancil Toblerone Spesial - Keju,11 Juli 2021,2025-07-04 21:52:48
"Martabak Gading Pecenongan, Jl. Kertajaya",T**** (******,6 Agustus 2015,3.0,makanan tidak sampai . di antar di hotel sebelah,Martabak Manis Kancil Ovomaltine Istimewa,10 Juli 2021,2025-07-04 21:52:48
"Martabak Gading Pecenongan, Jl. Kertajaya",A**** S*,28 Oktober 2015,5.0,terbaik lah martabak nyaaa.....,Martabak Manis Toblerone Istimewa - Keju,29 Juni 2021,2025-07-04 21:52:48
"Martabak Gading Pecenongan, Jl. Kertajaya",R***,8 November 2016,3.0,kurang matang dikit. jadi masih terasa tepung.,Martabak Telor Sapi/ Ayam Telor 3 - Martabak Manis Campur Istimewa,26 Juni 2021,2025-07-04 21:52:48
"Martabak Gading Pecenongan, Jl. Kertajaya",J**** T******,19 Oktober 2017,1.0,The item does not match the order. Even my money is back (Not full) still disappointed. So absurd. How can be someone bought food without any filling ?,Martabak Manis Campur Istimewa,25 Mei 2021,2025-07-04 21:52:48
"Martabak Gading Pecenongan, Jl. Kertajaya",L****** D*****,15 Januari 2017,2.0,topping toblerone nya sedikit sekali,Martabak Manis Toblerone Istimewa,26 Mei 2021,2025-07-04 21:52:48
"Martabak Gading Pecenongan, Jl. Kertajaya",S*****,14 April 2017,4.0,Porsinya lebih sedikit dari yang biasanya. udh lama langganan jadi tahu kalau ada yang berubah. hehehhe semangat jualanya koh...,Martabak Telor Sapi/ Ayam Telor 3 - Martabak Manis Ovomaltine Spesial,2 April 2021,2025-07-04 21:52:48
"Martabak Gading Pecenongan, Jl. Kertajaya",L***,24 April 2016,4.0,judulnya martabak samyang tapi ga ada rasa samyangnya sama sekali,Martabak Telor Samyang Telor 3,19 Januari 2021,2025-07-04 21:52:48
"Martabak Gading Pecenongan, Jl. Kertajaya",E**** S******,24 Oktober 2017,4.0,"Acarnya banyak semut kecilnya, harap diperhatikan kebersihannya",Martabak Telor Sapi/ Ayam Telor 3 - Martabak Manis Kancil Campur Istimewa,20 Desember 2020,2025-07-04 21:52:48
"Martabak Gading Pecenongan, Jl. Kertajaya",Y** H******,5 Juni 2016,5.0,rasa enak tapi harga mahal,Martabak Telor Sapi/ Ayam Telor 4 - Martabak Manis Kancil Nutella Istimewa,5 November 2020,2025-07-04 21:52:48
"Martabak Gading Pecenongan, Jl. Kertajaya",I*****,19 Juli 2018,4.0,rasa cream cheese nya terlalu manis,Martabak Manis Cream Cheese Oreo Istimewa,24 Agustus 2020,2025-07-04 21:52:48
"Martabak Gading Pecenongan, Jl. Kertajaya",I*****,1 September 2015,3.0,"toping'nya sedikit sekali, sama sekali tdk kerasa Toblerone'nya",Martabak Manis Special Toblerone + Keju,18 Agustus 2020,2025-07-04 21:52:48
"Martabak Gading Pecenongan, Jl. Kertajaya",C****** C,12 Agustus 2015,3.0,Mahal porsi sedikit,Martabak Manis Kancil Campur Spesial,16 Agustus 2020,2025-07-04 21:52:48
"Martabak Gading Pecenongan, Jl. Kertajaya",C*** R***,8 Oktober 2017,5.0,good lah pokoknya,Martabak Manis Kancil Campur Istimewa,9 Juli 2020,2025-07-04 21:52:48
"Martabak Gading Pecenongan, Jl. Kertajaya",Y******,8 Juli 2017,2.0,"Maaf,trg bl nya sdh dingin sekali,padahal jrk kermh sgt dkt.",Martabak Manis Campur Spesial,28 Mei 2020,2025-07-04 21:52:48
"Martabak Gading Pecenongan, Jl. Kertajaya",A******,25 Mei 2016,3.0,buter nya gak di kasik,Martabak Manis Campur Istimewa,23 April 2020,2025-07-04 21:52:48
"Martabak Gading Pecenongan, Jl. Kertajaya",R****** M*****,18 Oktober 2015,5.0,wueenaaak nemen jeeh..,Martabak Manis Kancil Campur Istimewa,16 Maret 2020,2025-07-04 21:52:48
"Martabak Gading Pecenongan, Jl. Kertajaya",P******,22 November 2015,3.0,atasnya hilang 2 potong,Martabak Manis Campur Istimewa,17 Desember 2019,2025-07-04 21:52:48
"Martabak Gading Pecenongan, Jl. Kertajaya",D***,20 Agustus 2017,4.0,pertahankan rasa!!,Martabak Manis Durian (Campur) Spesial,4 September 2019,2025-07-04 21:52:48
"Martabak Gading Pecenongan, Jl. Kertajaya",A** S******,20 Januari 2019,3.0,makanan agak dingin,N/A,23 Agustus 2019,2025-07-04 21:52:48
"Martabak Gading Pecenongan, Jl. Kertajaya",M***** L**,24 April 2016,3.0,Rasa sudah tidak seperti dulu,N/A,21 Juli 2019,2025-07-04 21:52:48
"Martabak Gading Pecenongan, Jl. Kertajaya",T***,17 Juli 2016,4.0,martabak manisnya berasa soda kue nya,N/A,8 Juli 2019,2025-07-04 21:52:48
"Martabak Gading Pecenongan, Jl. Kertajaya",W**** W******,10 Februari 2017,4.0,kok sblmnya ak beli porsinya lbh banyak yaa..but overall the taste is ok! thankyou,N/A,17 Mei 2019,2025-07-04 21:52:48
"Martabak Gading Pecenongan, Jl. Kertajaya",N*****,25 Mei 2018,2.0,Kurang seberapa enak..beda kyk yg di kupang,N/A,9 Maret 2019,2025-07-04 21:52:48
"Martabak Gading Pecenongan, Jl. Kertajaya",I***,11 Oktober 2015,5.0,setia dengan merek ini meskipun dimana saya berada 👍👍,N/A,1 Maret 2019,2025-07-04 21:52:48
"Martabak Gading Pecenongan, Jl. Kertajaya",Z******,17 Juni 2017,1.0,Porsi terlalu kecil dan mahal sekali,N/A,3 Oktober 2018,2025-07-04 21:52:48
"Martabak Gading Pecenongan, Jl. Kertajaya",H******,2 Oktober 2016,1.0,kadang enak kadang ngga enak. ditinggal main game trus.,N/A,7 September 2018,2025-07-04 21:52:48
"Martabak Gading Pecenongan, Jl. Kertajaya",D****,24 Juli 2016,3.0,berbeda dengan yg diharapkan,N/A,1 September 2018,2025-07-04 21:52:48
"Martabak Gading Pecenongan, Jl. Kertajaya",I********,18 Agustus 2016,4.0,kebanyakan daun bawangnya,N/A,5 Agustus 2018,2025-07-04 21:52:48
"Martabak Gading Pecenongan, Jl. Kertajaya",J********,17 September 2016,5.0,harganya dikurangi lagi,N/A,21 Juli 2018,2025-07-04 21:52:48
"Martabak Gading Pecenongan, Jl. Kertajaya",J****,9 Agustus 2015,3.0,the taste is different from usual,N/A,16 Juli 2018,2025-07-04 21:52:48
"Martabak Gading Pecenongan, Jl. Kertajaya",L****,2 Agustus 2015,3.0,rasa tidak seenak biasanya,N/A,7 Juli 2018,2025-07-04 21:52:48
"Martabak Gading Pecenongan, Jl. Kertajaya",E*** T****,19 April 2017,2.0,Tambh an toping kismis nya ga berasa,N/A,4 Juni 2018,2025-07-04 21:52:48
"Martabak Gading Pecenongan, Jl. Kertajaya",A**,16 Oktober 2015,1.0,mahal skli...martabak kancil... hrsny martabak mini,N/A,2 Juni 2018,2025-07-04 21:52:48
"Martabak Gading Pecenongan, Jl. Kertajaya",R******,22 Februari 2017,5.0,"mas gojeknya salud banget, bener2 tanggung jawab buat nganterin tepat waktu",N/A,30 Mei 2018,2025-07-04 21:52:48
"Ayam Bakar Primarasa, Kusuma Bangsa",Nanang abu NABL,16 Juli 2017,3.0,porsinya kalau bisa agak besaran sesuai dgn harganya,Ikan Gurami (Hidup) Bakar / Goreng 1 ekor,4 April 2025,2025-07-04 21:53:18
"Ayam Bakar Primarasa, Kusuma Bangsa",D**** E*******,13 April 2023,5.0,ok banget masakannya,Ikan Gurami (Hidup) Bakar / Goreng 1 ekor - Sayur Asem,2 April 2025,2025-07-04 21:53:18
"Ayam Bakar Primarasa, Kusuma Bangsa",U** M********,21 Agustus 2016,5.0,Enak pol rasanya pas sambelnya joss,Ayam (Kampung) 1 Ekor (Bakar / Goreng),6 April 2025,2025-07-04 21:53:18
"Ayam Bakar Primarasa, Kusuma Bangsa",H*******,14 Februari 2017,1.0,Pesan 3kotak ayam bakar kenapa yang datang cuman 2kotak ayam bakar saja?lain kali di cek ulang untuk pesanannya!,Nasi Ayam + Lalapan (Bakar / Goreng) - Pop U Corn Original (300 gram) Popcorn - Es Kelapa Muda,3 April 2025,2025-07-04 21:53:18
"Ayam Bakar Primarasa, Kusuma Bangsa",Erwin,29 November 2021,5.0,Puas dengan layanan dan rasa masakannya,Nasi Ayam Special Komplit (Bakar / Goreng),1 April 2025,2025-07-04 21:53:18
"Ayam Bakar Primarasa, Kusuma Bangsa",B*** P*********,7 September 2015,1.0,Tolong perbaiki pelayanannya,Sayur Asem - Ayam (Kampung) 1 Ekor (Bakar / Goreng),29 Maret 2025,2025-07-04 21:53:18
"Ayam Bakar Primarasa, Kusuma Bangsa",hendra,6 Agustus 2019,5.0,enak dan mantap,Ayam (Kampung) 1 Ekor (Bakar / Goreng),22 Maret 2025,2025-07-04 21:53:18
"Ayam Bakar Primarasa, Kusuma Bangsa",Lembayung,9 Februari 2024,5.0,mantul rasanya 🥰,Paket Kue Lumpur Madu isi 6 biji - Nasi Ayam Special Komplit (Bakar / Goreng),1 Januari 2025,2025-07-04 21:53:18
"Ayam Bakar Primarasa, Kusuma Bangsa",D*** K*****,27 Maret 2017,3.0,Big NO utk ayam special komplit!,Nasi Ayam Special Komplit (Bakar / Goreng) - Nasi Ayam + Lalapan (Bakar / Goreng),25 Oktober 2024,2025-07-04 21:53:18
"Ayam Bakar Primarasa, Kusuma Bangsa",Tyas Ramadhani,5 September 2023,5.0,Rasa konsisten. enakk. daging empuk 🤤❤️🤌😍😍😍,Ayam (Kampung) 1 Ekor (Bakar / Goreng),10 November 2024,2025-07-04 21:53:18
"Ayam Bakar Primarasa, Kusuma Bangsa",N***,8 Februari 2017,1.0,"beli paket ayam + pai tapi painya tidak ada, gimana sih",Gurami (Hidup) Bakar / Goreng 1 ekor - Cumi - Nasi Ayam Special Komplit + Pia,13 November 2024,2025-07-04 21:53:18
"Ayam Bakar Primarasa, Kusuma Bangsa",thoriq,23 Februari 2020,5.0,tidak mengecewakan.. mantap ayam bakar nya.,Nasi Ayam + Lalapan (Bakar / Goreng),13 Oktober 2024,2025-07-04 21:53:18
"Ayam Bakar Primarasa, Kusuma Bangsa",thoriq,23 Februari 2020,5.0,mantap ayam bakarnya enak,Nasi Ayam + Lalapan (Bakar / Goreng),16 Oktober 2024,2025-07-04 21:53:18
"Ayam Bakar Primarasa, Kusuma Bangsa",Aries Indra Permana,2 Oktober 2017,5.0,Siip pokoke eis,Ayam (Kampung) 1 Potong (Bakar / Goreng),1 November 2024,2025-07-04 21:53:18
"Ayam Bakar Primarasa, Kusuma Bangsa",yohan alexander,1 Mei 2018,5.0,nasi ayam.komplit nya mantaap,Nasi Ayam Special Komplit (Bakar / Goreng),18 Oktober 2024,2025-07-04 21:53:18
"Ayam Bakar Primarasa, Kusuma Bangsa",Elok,21 Desember 2015,1.0,"pesanan kurang 1 item ,sdh komplain ke gojeknya tdk ada respont",Ayam (Kampung) 1 Ekor (Bakar / Goreng) - Pop U Corn Coklat Chocolate (300 gram) Popcorn,17 Agustus 2024,2025-07-04 21:53:18
"Ayam Bakar Primarasa, Kusuma Bangsa",Ajeng Binca,22 Maret 2022,2.0,ayam nya rasa agak pahit sambel pun rasa kurang,Nasi Ayam + Lalapan (Bakar / Goreng) - Sayur Asem,14 Juli 2024,2025-07-04 21:53:18
"Ayam Bakar Primarasa, Kusuma Bangsa",richwan sujanto,8 November 2021,5.0,pokoknya mantaaf gak ngecewain,Sayur Asem - Gurami (Hidup) Bakar / Goreng 1 ekor - Sambal Terasi - Sambal Terasi,7 Juli 2024,2025-07-04 21:53:18
"Ayam Bakar Primarasa, Kusuma Bangsa",M* L*******,26 September 2015,5.0,Mantaaaabbbbbbbbb lezaaaattttt guriiihhhhhh,Nasi Ayam + Lalapan (Bakar / Goreng),6 Juli 2024,2025-07-04 21:53:18
"Ayam Bakar Primarasa, Kusuma Bangsa",richwan sujanto,8 November 2021,5.0,pokoknya mantaaf,Sayur Asem - Gurami (Hidup) Bakar / Goreng 1 ekor - Sambal Mangga Muda (Pencit),17 Juni 2024,2025-07-04 21:53:18
"Ayam Bakar Primarasa, Kusuma Bangsa",N*****,10 Mei 2017,3.0,sate ayam ada yg kurang matang,Sate Ayam 1 Porsi (10 tusuk) - Gurami (Hidup) Pesmol 1 Ekor Ala Primarasa (Heritage) - Bandeng Cabut Duri 1 Ekor,29 Mei 2024,2025-07-04 21:53:18
"Ayam Bakar Primarasa, Kusuma Bangsa",Y*** S*********,16 Juli 2018,5.0,Pelayanan baik dan cepat,Gurami (Hidup) Bakar / Goreng 1 ekor,25 Mei 2024,2025-07-04 21:53:18
"Ayam Bakar Primarasa, Kusuma Bangsa",zefanye novianty,8 Desember 2019,4.0,dari dulu dah berlangganan primarasa. tapi baru beli lagi karna pingin mkn.,Nasi Ayam Special Komplit (Bakar / Goreng) - Cah Tauge Ikan Asin - Gurami Asam Manis 1 Ekor,1 Mei 2024,2025-07-04 21:53:18
"Ayam Bakar Primarasa, Kusuma Bangsa",F****,5 April 2024,3.0,"Kebanyakan air sih jadi terlalu encer dan gaberasa tiramisu nya, prosesnya juga lama banget, trus pas nyampe di aku ada yg udah bocor, next bisa buat pelajaran ya meskipun dapat pesanan yang terhitung banyak tp ttp perhatikan kualitas rasa dan kemasannya, terima kasih",Nasi Ayam Special Komplit (Bakar / Goreng),26 April 2024,2025-07-04 21:53:18
"Ayam Bakar Primarasa, Kusuma Bangsa",I****,1 Mei 2018,3.0,"cuma skg rasanya kurang bumbu dan sambelya enak an sambel ya Ayam bakar Pak D, apa chef ya ganti",Nasi Ayam Special Komplit (Bakar / Goreng),11 April 2024,2025-07-04 21:53:18
"Ayam Bakar Primarasa, Kusuma Bangsa",akhmad masrukin,6 Agustus 2019,5.0,"sip
wenak ayam nya nagih banget",Nasi Ayam Kampung Setengah Ekor + Lalapan (Bakar / Goreng),10 April 2024,2025-07-04 21:53:18
"Ayam Bakar Primarasa, Kusuma Bangsa",Acha,2 Februari 2019,5.0,"mantap banget, gurame bakar nya favorit dari jaman baheula",Ayam (Kampung) 1 Ekor (Bakar / Goreng) - Gurami (Hidup) Bakar / Goreng 1 ekor,9 April 2024,2025-07-04 21:53:18
"Ayam Bakar Primarasa, Kusuma Bangsa",fitri kamaluddin,19 Juli 2015,5.0,menu nya ayam bakarnya lezat n yummy rasanya,Nasi Ayam Special Komplit (Bakar / Goreng),9 April 2024,2025-07-04 21:53:18
"Ayam Bakar Primarasa, Kusuma Bangsa",Yanu Ismadi,6 April 2017,5.0,Matur nuwun Bapak,Gurami (Hidup) Bakar / Goreng 1 ekor,8 April 2024,2025-07-04 21:53:18
"Ayam Bakar Primarasa, Kusuma Bangsa",T*** M*****,26 November 2015,4.0,"pesen kue lumpur 6, yang dateng cuma 5, padahal ke charge untuk pembelian 6 pcs. mana harganya lumayan, jelas ini merugikan konsumen",Kue Lumpur Madu 1 biji - Ayam (Kampung) 1 Ekor (Bakar / Goreng),29 Maret 2024,2025-07-04 21:53:18
"Ayam Bakar Primarasa, Kusuma Bangsa",S******,15 April 2019,5.0,"Pesanan pertama salah karena saya pesan ayam kampung bakar 1 ekor dan yang di kirim ayam paha bakar dan nasi tapi setelah saya komplai langsung di kiriim yang saya pesan dan pesanan yang salah di gratiskan, tapi pesanan yang salah akhirnya saya kasih ke driver yang mengantarkan pesanan saya yang sesuai, mantap si pelayanannya selalu langganan disini",Ayam (Kampung) 1 Ekor (Bakar / Goreng),29 Maret 2024,2025-07-04 21:53:18
"Ayam Bakar Primarasa, Kusuma Bangsa",EKO SANTOSO,24 Desember 2022,5.0,HAUJEK PUUUOL Porsinya gede dan bisa untuk sekeluarga,Ayam (Kampung) 1 Ekor (Bakar / Goreng),25 Maret 2024,2025-07-04 21:53:18
"Ayam Bakar Primarasa, Kusuma Bangsa",Angela,11 November 2016,5.0,enak banget langganan dri dlu sampai skrg,Nasi Ayam + Lalapan (Bakar / Goreng),11 Maret 2024,2025-07-04 21:53:18
"Ayam Bakar Primarasa, Kusuma Bangsa",Eko prasetyo,13 Juli 2018,5.0,Mantap rasanya 👍👍👍,Nasi Cumi Hitam Special + Ayam Kampung Komplit,22 Februari 2024,2025-07-04 21:53:18
"Ayam Bakar Primarasa, Kusuma Bangsa",Panji,4 September 2015,5.0,ggwp lah pokoknya,Bakmie Goreng (Fried Noodle) - Ayam (Kampung) 1 Ekor (Bakar / Goreng) - Nasi Putih,29 Desember 2023,2025-07-04 21:53:18
"Ayam Bakar Primarasa, Kusuma Bangsa",W**** B***,31 Mei 2016,5.0,"Mantap rasanya baik ayam goreng maupun bakar, cah kangkung e sip, sayur asem e seger hanya rada asem dikit",Ayam (Kampung) 1 Potong (Bakar / Goreng) - Ayam (Kampung) 1 Ekor (Bakar / Goreng) - Cah Kangkung - Lalapan Sayur - Sayur Asem - Nasi Putih,27 Oktober 2023,2025-07-04 21:53:18
"Ayam Bakar Primarasa, Kusuma Bangsa",Bagus Hari Prasetyo,4 Desember 2017,5.0,Muantab.... kurir juga cepat... sukses dan berkah selalu untuk kita semua👍👍👍👍🙏🙏🙏🙏,Gurami Asam Manis 1 Ekor - Nasi Putih - Es Campur,26 Agustus 2023,2025-07-04 21:53:18
"Ayam Bakar Primarasa, Kusuma Bangsa",Wildan Basharahil,16 Januari 2017,5.0,Wuuueennnaakk tenannnnn,Ayam (Kampung) 1 Ekor (Bakar / Goreng) - Sate Ayam 1 Porsi (10 tusuk) - Gurami (Hidup) Bakar / Goreng 1 ekor,27 September 2023,2025-07-04 21:53:18
"Ayam Bakar Primarasa, Kusuma Bangsa",SaRah Ismi,23 April 2019,5.0,gak d ragukan lagi,Nasi Ayam Special Komplit (Bakar / Goreng),17 September 2023,2025-07-04 21:53:18
"Ayam Bakar Primarasa, Kusuma Bangsa",Eddy Susanto,2 Oktober 2017,5.0,enak dan nyaman,Gurami (Hidup) Bakar / Goreng 1 ekor - Gurami (Hidup) Bakar / Goreng 1 ekor - Cumi,2 Agustus 2023,2025-07-04 21:53:18
"Ayam Bakar Primarasa, Kusuma Bangsa",F****,5 Juni 2018,5.0,Ayam hari ini enak,Ayam (Kampung) 1 Ekor (Bakar / Goreng),28 Juli 2023,2025-07-04 21:53:18
"Ayam Bakar Primarasa, Kusuma Bangsa",F****,5 Juni 2018,1.0,Lebih hati2 di sayur ginseng kemarin ada besi nya,Ayam (Kampung) 1 Ekor (Bakar / Goreng) - Cah Kangkung - Cah Ginseng,27 Juli 2023,2025-07-04 21:53:18
"Ayam Bakar Primarasa, Kusuma Bangsa",yohan alexander,1 Mei 2018,5.0,nasi ayam.bakar spc nya mantaapp,Nasi Ayam Special Komplit (Bakar / Goreng),14 Juli 2023,2025-07-04 21:53:18
"Ayam Bakar Primarasa, Kusuma Bangsa",ayani35,25 Mei 2016,5.0,kok tidak ada ati ampela nya? tumben,Ayam (Kampung) 1 Ekor (Bakar / Goreng),10 Juni 2023,2025-07-04 21:53:18
"Ayam Bakar Primarasa, Kusuma Bangsa",ghea c k,11 Januari 2023,5.0,makasih ya sudah ngebuang semua sisiknya. dulu sering beli tp semenjak yg masak jorok jd ilfill. tahun ini baru nyoba beli setelah entah 5 ato 10 tahun ga beli. pertahankan kokinya ya 👍🏻👍🏻👍🏻,Gurami (Hidup) Bakar / Goreng 1 Ekor - Sambal Terasi,12 April 2023,2025-07-04 21:53:18
"Ayam Bakar Primarasa, Kusuma Bangsa",Agus wahono,1 November 2015,5.0,"mantap coi, boleh ulang lagi",Gurami Pesmol 1 Ekor - Ayam 1 Ekor,28 November 2022,2025-07-04 21:53:18
"Ayam Bakar Primarasa, Kusuma Bangsa",H****,7 Mei 2016,5.0,mantab!!! pengiriman cepat,Gurami 1 Ekor - Cah Ginseng,21 November 2022,2025-07-04 21:53:18
"Ayam Bakar Primarasa, Kusuma Bangsa",iinherlina,29 Desember 2016,5.0,ayam nya maknyus bumbu nya enak dan meresap,Nasi Ayam Kampung Setengah Ekor + Lalapan - Nasi Putih - Cah Tauge Ikan Asin - Ayam Penyet 1 Potong,22 Oktober 2022,2025-07-04 21:53:18
"Ayam Bakar Primarasa, Kusuma Bangsa",Slamet Yuswo Sihono,6 Maret 2018,5.0,langganan sejak dulu,Ayam 1 Ekor,14 Oktober 2022,2025-07-04 21:53:18
"Ayam Bakar Primarasa, Kusuma Bangsa",efridanti,29 Desember 2017,3.0,minta dada dikasih paha,Ayam Penyet 1 Potong,12 Oktober 2022,2025-07-04 21:53:18
"Ayam Bakar Primarasa, Kusuma Bangsa",Syifa,12 Agustus 2017,4.0,porsinya sedikit,Nasi Ayam Special Komplit - Juice Mangga,2 Oktober 2022,2025-07-04 21:53:18
"Ayam Bakar Primarasa, Kusuma Bangsa",A*** S**** R,9 Maret 2017,2.0,pesan sambal tdk dikasih walah...padahal sudah ditulis dipesan nya,Gurami Asam Manis 1 Ekor,25 September 2022,2025-07-04 21:53:18
"Ayam Bakar Primarasa, Kusuma Bangsa",Rina sugiarti,26 Desember 2020,5.0,mantap rasanya....semoga tdk pernah berubah,Pepes Bandeng Cabut Duri 1 Ekor,22 September 2022,2025-07-04 21:53:18
"Ayam Bakar Primarasa, Kusuma Bangsa",Evy,2 Oktober 2015,5.0,rasanya enak dan cepet jadinya,Ayam 1 Ekor - Cah Kangkung,20 September 2022,2025-07-04 21:53:18
"Ayam Bakar Primarasa, Kusuma Bangsa",Rina sugiarti,26 Desember 2020,5.0,semoga rasa tetap sm dan selalu di jaga kebersihhannya,Ayam 1 Ekor,20 September 2022,2025-07-04 21:53:18
"Ayam Bakar Primarasa, Kusuma Bangsa",buk lah,24 Juni 2022,5.0,mantap gurami asam manis,Gurami Asam Manis 1 Ekor - Nasi Putih,17 September 2022,2025-07-04 21:53:18
"Ayam Bakar Primarasa, Kusuma Bangsa",muhammad zakaria,28 Januari 2020,2.0,guraminua kecil,Gurami Asam Manis 1 Ekor,22 Juli 2022,2025-07-04 21:53:18
"Ayam Bakar Primarasa, Kusuma Bangsa",Lala,31 Desember 2020,5.0,Terima Kasih sudah memberikan masakan yang enak walau promo,Gurami 1 Ekor - Ayam 1 Potong,22 Juni 2022,2025-07-04 21:53:18
"Ayam Bakar Primarasa, Kusuma Bangsa",Ayu al ghozali,8 November 2017,1.0,Pesen coklat yg datang original popcornnya tolong di perbaiki,Pop U Corn Coklat Chocolate (300 gram) Popcorn - Pia Rasa Kuno 1 Biji,7 Agustus 2022,2025-07-04 21:53:18
"Ayam Bakar Primarasa, Kusuma Bangsa",Kayla,24 Januari 2022,5.0,Guraminya selalu enakk,Sambal Tradisional Primarasa - Kremesan Ayam,24 Juli 2022,2025-07-04 21:53:18
"Ayam Bakar Primarasa, Kusuma Bangsa",H****,21 September 2019,3.0,ternyata size sedang.. gitu katanya large.. hmm untung ada voucer diskon dr gojek jd ya sesuai hrga.. kyaknya disesuaikan ya sm hrg nya.. hehehe utk rasa ok lah cm saosnya gk ada rasanya.. makasih,Gurami Asam Manis 1 Ekor,22 Juli 2022,2025-07-04 21:53:18
"Ayam Bakar Primarasa, Kusuma Bangsa",Nita,1 Oktober 2015,5.0,Enaak bangettt sih tapi sayang koq paket Ayam Bakarnya sekarang ga dapat rempela ati yaa...walaupun dapat kecil seperti yg saya pernah dapatkan dulu dulu ntah kenapa jadi ga lengkap niih beli Ayam Bakar 1 Ekor,Ayam 1 Ekor - Nasi Putih,20 Juli 2022,2025-07-04 21:53:18
"Ayam Bakar Primarasa, Kusuma Bangsa",dinda fadia putri,27 Juni 2017,2.0,mohon maaf sayur kangkung nya bauk jadi gak kemakan 😭😭😭 kog bsa se ceroboh itu.,Gurami Asam Manis 1 Ekor - Cah Kangkung,29 Juni 2022,2025-07-04 21:53:18
"Ayam Bakar Primarasa, Kusuma Bangsa",P**** A*******,16 Juni 2022,3.0,"Makanan enak. Ga dikasih sendok garpu, makannya gimana?",Sate Ayam 1 Porsi (10 tusuk) - Bakmie Goreng (Fried Noodle),28 Juni 2022,2025-07-04 21:53:18
"Ayam Bakar Primarasa, Kusuma Bangsa",shirley,30 November 2015,5.0,rasa enak. suka bgt gurami bakarnya,Gurami 1 Ekor,22 Juni 2022,2025-07-04 21:53:18
"Ayam Bakar Primarasa, Kusuma Bangsa",Maulidyah Nur,22 Januari 2022,2.0,porsinya kurang,Nasi Campur - Telur,18 Juni 2022,2025-07-04 21:53:18
"Ayam Bakar Primarasa, Kusuma Bangsa",zahwa,13 Desember 2021,5.0,rasanya uwenaakk polll,Sambal Terasi - Ayam 1 Ekor - Bakmie Goreng (Fried Noodle) - Cah Kangkung - Ice Tea Fruit,9 Juni 2022,2025-07-04 21:53:18
"Ayam Bakar Primarasa, Kusuma Bangsa",Fafa,4 Oktober 2017,1.0,"ayam suirnya bauk, kaya beka kmarin, saya beli 2 , dan dua duanya bauk,",Nasi Ayam Suwir Suwir - Juice Strawberry,30 Mei 2022,2025-07-04 21:53:18
"Ayam Bakar Primarasa, Kusuma Bangsa",H** T****,31 Oktober 2015,4.0,Kali ini ikan nya kecil…🐟,Gurami 1 Ekor - Sayur Asem,28 Mei 2022,2025-07-04 21:53:18
"Ayam Bakar Primarasa, Kusuma Bangsa",Andriyani,17 Maret 2022,5.0,"Mantul,,, mantap betul ayamnya empuk langsung ludes",Ayam 1 Ekor,24 Mei 2022,2025-07-04 21:53:18
"Ayam Bakar Primarasa, Kusuma Bangsa",Heru Sutanto,11 Oktober 2015,2.0,mahal hrgnya dan dikit porsinya,Nasi Ayam Special Komplit - Nasi Ayam Special Komplit,22 Mei 2022,2025-07-04 21:53:18
"Ayam Bakar Primarasa, Kusuma Bangsa",sapto,19 April 2017,4.0,porsi sesuai harganya...,Nasi Ayam Special Komplit - Nasi Ayam + Lalapan,7 Mei 2022,2025-07-04 21:53:18
"Ayam Bakar Primarasa, Kusuma Bangsa",Arum,28 Juni 2017,1.0,"lebih teliti klo mengasihkan ke driver, biar makanannya gk ketukar",Es Kelapa Muda - Dua Kotak Nasi Gurami Setengah Ekor,3 Mei 2022,2025-07-04 21:53:18
"Ayam Bakar Primarasa, Kusuma Bangsa",iwan,14 Februari 2019,5.0,"porsi bandeng
 sama gurami hari ini kecil kecil",Gurami 1 Ekor - Bandeng Cabut Duri 1 Ekor,4 Mei 2022,2025-07-04 21:53:18
"Ayam Bakar Primarasa, Kusuma Bangsa",MARRY PUTRI,17 Mei 2020,2.0,"Hari ini Sy pesan 2 Porsi Nasi Goreng,knp yg d kirim 1 Porsi ?
Padahal jelas d Notice Sy tulis,Order 2 Porsi Nasi Goreng ?
Koq g Amanah ya ?",Nasi Goreng (Fried Rice),1 Mei 2022,2025-07-04 21:53:18
"Ayam Bakar Primarasa, Kusuma Bangsa",Ferdi,9 Maret 2018,1.0,Pesanan tidak di antar oleh Gojek.,Nasi Ayam Special Komplit - Tahu - Juice Durian,1 Mei 2022,2025-07-04 21:53:18
"Ayam Bakar Primarasa, Kusuma Bangsa",MARDJUKI,4 Mei 2018,5.0,sdh langganan luammaaa,Gurami 1 Ekor,29 April 2022,2025-07-04 21:53:18
"Ayam Bakar Primarasa, Kusuma Bangsa",Nia-niko,29 Juni 2019,5.0,terimakasih.......,Nasi Ayam Special Komplit,26 April 2022,2025-07-04 21:53:18
"Ayam Bakar Primarasa, Kusuma Bangsa",Agus,30 Maret 2019,1.0,"Saya pesan bandeng bakar, kok malah di kirim bandeng goreng ???
Minta sambal poco2, malah di kasih sambal terasi
Ini apa gak salah pny org lain ya ???",Bandeng Cabut Duri 1 Ekor - Ayam 1 Potong,26 April 2022,2025-07-04 21:53:18
"Ayam Bakar Primarasa, Kusuma Bangsa",Ferdi,9 Maret 2018,1.0,"Pesan 3 potong ayam, dikirim 1 potong ayam + nasi, salah dengan pesanan org lain. Es dawetnya sdh betul 4 pcs.",Ayam 1 Potong - Es Dawet,23 April 2022,2025-07-04 21:53:18
"Ayam Bakar Primarasa, Kusuma Bangsa",Anto,24 Oktober 2017,5.0,enak sambelnya juga 👍🏽,Ayam 1 Potong - Telur Gulung (isi 2),18 April 2022,2025-07-04 21:53:18
"Ayam Bakar Primarasa, Kusuma Bangsa",romly,17 November 2017,5.0,"rasa enak
harga promo murah",Gurami Asam Manis 1 Ekor,20 April 2022,2025-07-04 21:53:18
"Ayam Bakar Primarasa, Kusuma Bangsa",Nita,1 Oktober 2015,5.0,mantab deh requestnya di penuhi 👏👏👏 maaciiih yaa..,Ayam 1 Ekor,13 Maret 2022,2025-07-04 21:53:18
"Ayam Bakar Primarasa, Kusuma Bangsa",J*******,16 Maret 2016,5.0,enak dan layak repeat order,Ayam 1 Ekor,7 Maret 2022,2025-07-04 21:53:18
"Ayam Bakar Primarasa, Kusuma Bangsa",riifdahalcha,15 Mei 2018,5.0,mantap banget bestie,Ayam 1 Ekor,27 Februari 2022,2025-07-04 21:53:18
"Ayam Bakar Primarasa, Kusuma Bangsa",Irene,10 Juli 2018,5.0,"Sesuai keterangan. Makasih, Kak. 👍",Ayam 1 Ekor,2 Maret 2022,2025-07-04 21:53:18
"Ayam Bakar Primarasa, Kusuma Bangsa",Hong Robby,3 Desember 2016,5.0,sambelnya kurang banyak,Ayam 1 Ekor,28 Februari 2022,2025-07-04 21:53:18
"Ayam Bakar Primarasa, Kusuma Bangsa",bambang nurcahyo,12 April 2020,5.0,endul massseeeee😁,Ayam 1 Ekor,13 Februari 2022,2025-07-04 21:53:18
"Ayam Bakar Primarasa, Kusuma Bangsa",wulan,1 Agustus 2015,1.0,"ayam bakarnya dingin, sambelnya dingin",Ayam Bakar / Goreng (1 Ekor),11 Februari 2022,2025-07-04 21:53:18
"Ayam Bakar Primarasa, Kusuma Bangsa",Domas Cahyo Wijayanto,30 Mei 2021,5.0,enak sesuai pesanan,Nasi Ayam Spesial,11 Februari 2022,2025-07-04 21:53:18
"Ayam Bakar Primarasa, Kusuma Bangsa",agung prastiyo,24 Desember 2018,5.0,Ikan bakarnya khas,Gurami Bakar / Goreng ( 1 ekor ) - Telur Mata Sapi / Ceplok / Dadar,9 Februari 2022,2025-07-04 21:53:18
"Ayam Bakar Primarasa, Kusuma Bangsa",linawati,12 Oktober 2015,5.0,sedap dan mantap,Gurami Asam Manis / Pesmol ( 1 ekor ) - Sate Ayam 1 porsi ( 10 Tusuk ),26 Januari 2022,2025-07-04 21:53:18
"Ayam Bakar Primarasa, Kusuma Bangsa",H**** C******,11 Agustus 2017,4.0,"Pesan Ikan Bakar Guraminya Mantap, Sayang Ikan Gurami Asam Manisnya Sangat Hambar Ga Ada Rasa, Sekedar Kritik Membangun 🙏",Gurami Asam Manis / Pesmol ( 1 ekor ) - Gurami Bakar / Goreng ( 1 ekor ) - Ayam Bakar / Goreng (paha / Dada),1 Februari 2022,2025-07-04 21:53:18
"Ayam Bakar Primarasa, Kusuma Bangsa",Domas Cahyo Wijayanto,30 Mei 2021,5.0,enak sesuai pesanan,Ayam Bakar / Goreng (1 Ekor),8 Februari 2022,2025-07-04 21:53:18
"Ayam Bakar Primarasa, Kusuma Bangsa",Domas Cahyo Wijayanto,30 Mei 2021,5.0,enak sesuai pesanan,Ayam Bakar / Goreng (1 Ekor),8 Februari 2022,2025-07-04 21:53:18
"Ayam Bakar Primarasa, Kusuma Bangsa",Domas Cahyo Wijayanto,30 Mei 2021,5.0,enak sesuai pesanan,Nasi Ayam Spesial,5 Februari 2022,2025-07-04 21:53:18
"Ayam Bakar Primarasa, Kusuma Bangsa",Nurul fahmi,17 Juni 2019,5.0,sambalnya yg banyakin dikit ea...😁,Nasi Ayam (bakar / Goreng) + Lalapan,2 Februari 2022,2025-07-04 21:53:18
"Ayam Bakar Primarasa, Kusuma Bangsa",endradwianto,22 November 2017,5.0,"ok, mantullllllllllllllll",Bandeng Bakar / Goreng - Sate Ayam 1 porsi ( 10 Tusuk ),3 Februari 2022,2025-07-04 21:53:18
"Ayam Bakar Primarasa, Kusuma Bangsa",L****,2 Agustus 2015,4.0,masih enak waktu dulu,Gurami Asam Manis / Pesmol ( 1 ekor ) - Gurami Asam Manis / Pesmol ( 1 ekor ),31 Januari 2022,2025-07-04 21:53:18
"Ayam Bakar Primarasa, Kusuma Bangsa",Anggie,28 April 2018,5.0,"Cocok untuk dibuat utk lunch / meeting dikantor ,😂",Nasi Ayam (bakar / Goreng) + Lalapan,6 Januari 2022,2025-07-04 21:53:18
"Ayam Bakar Primarasa, Kusuma Bangsa",ramadhan,27 Oktober 2017,5.0,best ever resto in surabaya. try it brother,Gurami Bakar / Goreng ( 1 ekor ) - Pia Rasa Kuno - Pia Rasa Kuno - Pia Rasa Kuno,3 Februari 2022,2025-07-04 21:53:18
"Ayam Bakar Primarasa, Kusuma Bangsa",lia,23 September 2016,5.0,selalu puas sama ini resto🥰,Ayam Bakar / Goreng (1 Ekor),28 Januari 2022,2025-07-04 21:53:18
"Ayam Bakar Primarasa, Kusuma Bangsa",budi antika,31 Maret 2018,4.0,ayam gorengnya kecil sekali kayak anak ayam,Gurami Bakar / Goreng ( 1 ekor ) - Ayam Bakar / Goreng (paha / Dada),31 Januari 2022,2025-07-04 21:53:18
"Ayam Bakar Primarasa, Kusuma Bangsa",endang setiawati,4 Mei 2019,5.0,terimakasih banyak,Ayam Bakar / Goreng (1 Ekor),31 Januari 2022,2025-07-04 21:53:18
"Ayam Bakar Primarasa, Kusuma Bangsa",Domas Cahyo Wijayanto,30 Mei 2021,5.0,enak banget sesuai pesanan,Ayam Bakar / Goreng (1 Ekor),30 Januari 2022,2025-07-04 21:53:18
"Ayam Bakar Primarasa, Kusuma Bangsa",lilik mursidah,2 Desember 2018,5.0,terimah kasih selalu jadi langganan disini baik online/offline,Ayam Bakar / Goreng (1 Ekor),30 Januari 2022,2025-07-04 21:53:18
"Ayam Bakar Primarasa, Kusuma Bangsa",dyan,31 Agustus 2019,5.0,"Makanan enak, proses sangat cepat. Terima kasih",Gurami Asam Manis / Pesmol ( 1 ekor ) - Nasi Putih,13 Januari 2022,2025-07-04 21:53:18
"Ayam Bakar Primarasa, Kusuma Bangsa",ayya,12 September 2016,4.0,Ikan kuah kuning ga berasa garam. Kelupaan kynya,Kerapu Kuah Kuning ( 3 ons ) - Ayam Bakar / Goreng (1 Ekor) - Kue Lumpur Madu Isi 6 Biji,25 Januari 2022,2025-07-04 21:53:18
"Ayam Bakar Primarasa, Kusuma Bangsa",Hanik Muyasaroh,24 Maret 2018,3.0,penyajian cepat,Nasi Ayam (bakar / Goreng) + Lalapan - Tahu Penyet - Nasi Putih,2 Januari 2022,2025-07-04 21:53:18
"Ayam Bakar Primarasa, Kusuma Bangsa",dian kumalasari,12 November 2016,5.0,"kemasan bagus rasa enak, terima kasih",Pia Rasa Kuno Box,27 Januari 2022,2025-07-04 21:53:18
"Ayam Bakar Primarasa, Kusuma Bangsa",R****,6 Juli 2016,5.0,semiga kedepan setiap orderan di accept,Ayam Bakar / Goreng (1 Ekor),22 Januari 2022,2025-07-04 21:53:18
"Ayam Bakar Primarasa, Kusuma Bangsa",H****** D** H******,9 Oktober 2018,5.0,sering sering promo soalnya gurame nya asam manis nya de best terenak buanget,Gurami Asam Manis / Pesmol ( 1 ekor ) - Es Dawet,24 Januari 2022,2025-07-04 21:53:18
"Ayam Bakar Primarasa, Kusuma Bangsa",P*********,24 Januari 2022,5.0,enakk bangett uyyy,Ayam Bakar / Goreng (1 Ekor),25 Januari 2022,2025-07-04 21:53:18
"Ayam Bakar Primarasa, Kusuma Bangsa",L*** S******,27 Juli 2015,5.0,good taste with big promo,Ayam Bakar / Goreng (1 Ekor),23 Januari 2022,2025-07-04 21:53:18
"Ayam Bakar Primarasa, Kusuma Bangsa",Ervina,17 Agustus 2015,5.0,"semuanya enak, mumpung promo, beli disini tiap hari",Gurami Asam Manis / Pesmol ( 1 ekor ) - Telur Gulung ( 2 Gulung ) - Ayam Bakar / Goreng (paha / Dada),24 Januari 2022,2025-07-04 21:53:18
"Ayam Bakar Primarasa, Kusuma Bangsa",Ervina,17 Agustus 2015,5.0,"enaaak bangeet, sering sering promo yaa",Ayam Bakar / Goreng (1 Ekor),23 Januari 2022,2025-07-04 21:53:18
"Ayam Bakar Primarasa, Kusuma Bangsa",shirley,30 November 2015,5.0,cuminya enak tdk keras,Ayam Bakar / Goreng (paha / Dada) - Cumi Goreng Tepung,10 Januari 2022,2025-07-04 21:53:18
"Ayam Bakar Primarasa, Kusuma Bangsa",S******,30 November 2015,5.0,enak enak enak enak enak,Ayam Bakar / Goreng (1 Ekor),12 Januari 2022,2025-07-04 21:53:18
"Ayam Bakar Primarasa, Kusuma Bangsa",S******,30 November 2015,5.0,ayam gorengnya enak empuk,Cumi Goreng Tepung - Ayam Bakar / Goreng (paha / Dada),12 Januari 2022,2025-07-04 21:53:18
"Ayam Bakar Primarasa, Kusuma Bangsa",S******,30 November 2015,5.0,sayur asemnya mantap,Gurami Bakar / Goreng ( 1 ekor ) - Sayur Asem,12 Januari 2022,2025-07-04 21:53:18
