Nama Restoran,Nama Menu,Detail Menu,Harga,Waktu Scraping
"DIMSUM MBLEDOS, Merr",Dimsum Mentai/Hampers,Isi 20 pcs dimsum dengan topping saos mentai torch,162.900,2025-07-04 21:22:32
"DIMSUM MBLEDOS, Merr",Dimsum Siomay Salmon,"Ayam, udang, salmon (isi 4)",28.900,2025-07-04 21:22:32
"DIMSUM MBLEDOS, Merr",Dimsum Siomay Ayam Udang,"Ayam, udang (isi 4)",28.900,2025-07-04 21:22:32
"DIMSUM MBLEDOS, Merr",Dimsum Hakau,"Udang, kulit lembut (isi 4)",28.900,2025-07-04 21:22:32
"DIMSUM MBLEDOS, Merr",Dimsum Mantao,Roti  khas china + susu kental manis (isi 3),28.900,2025-07-04 21:22:32
"DIMSUM MBLEDOS, Merr",Dimsum Mentai/Hampers,Isi 20 pcs dimsum dengan topping saos mentai torch,162.900,2025-07-04 21:22:32
"DIMSUM MBLEDOS, Merr",Diskon 50 Persen All Dimsum (Jam 06:00-07:00),Diskon 50 persen untuk variant dimsum reguler berlaku pukul 06.00-07.00,1,2025-07-04 21:22:32
"DIMSUM MBLEDOS, Merr",Dimsum Surf Roll,Boladaging sapi giling dibalut dengan udang yang fresh (4 pcs),28.900,2025-07-04 21:22:32
"DIMSUM MBLEDOS, Merr",Dimsum Shrimp Layer,"Udang, nori dan sayuran (isi 3)",28.900,2025-07-04 21:22:32
"DIMSUM MBLEDOS, Merr",Dimsum Siomay Ayam Udang,"Ayam, udang (isi 4)",28.900,2025-07-04 21:22:32
"DIMSUM MBLEDOS, Merr",Dimsum Lumpia Kulit Tahu,"Ayam, udang, kulit tahu (isi 4)",28.900,2025-07-04 21:22:32
"DIMSUM MBLEDOS, Merr",Dimsum Keichak,"ayam, jamur, wortel (isi 2)",28.900,2025-07-04 21:22:32
"DIMSUM MBLEDOS, Merr",Dimsum KuoTie/Wonton/Gyoza,"Ayam, udang, sayur (isi 4)",28.900,2025-07-04 21:22:32
"DIMSUM MBLEDOS, Merr",Dimsum Ceker,Ceker ayam (isi 100gr),28.900,2025-07-04 21:22:32
"DIMSUM MBLEDOS, Merr",Dimsum Hakau,"Udang, kulit lembut (isi 4)",28.900,2025-07-04 21:22:32
"DIMSUM MBLEDOS, Merr",Dimsum Kuah,"Dimsum dengan kuah, jamur dan sayur",60.900,2025-07-04 21:22:32
"DIMSUM MBLEDOS, Merr",Dimsum Siomay Mozarella,"Ayam, udang, keju mozarella (isi 3)",28.900,2025-07-04 21:22:32
"DIMSUM MBLEDOS, Merr",Dimsum Siomay Beef,"Ayam, beef (isi 4)",28.900,2025-07-04 21:22:32
"DIMSUM MBLEDOS, Merr",Dimsum Siomay Crab,"Ayam, udang, kepiting (isi 4)",28.900,2025-07-04 21:22:32
"DIMSUM MBLEDOS, Merr",Dimsum Siomay Mercon,"Ayam, udang, cabai (isi 4)",28.900,2025-07-04 21:22:32
"DIMSUM MBLEDOS, Merr",Dimsum Siomay Salmon,"Ayam, udang, salmon (isi 4)",28.900,2025-07-04 21:22:32
"DIMSUM MBLEDOS, Merr",Dimsum Ekado/Money Bag,"Ayam, udang, kulit crispy (isi 4)",28.900,2025-07-04 21:22:32
"DIMSUM MBLEDOS, Merr",Dimsum Pangsit,"Ayam, kulit krispi (isi 3)",28.900,2025-07-04 21:22:32
"DIMSUM MBLEDOS, Merr",Dimsum Lumpia Nori,"Ayam, udang, nori (isi 3)",28.900,2025-07-04 21:22:32
"DIMSUM MBLEDOS, Merr",Dimsum Udang Keju,"Ayam, udang, keju (isi 4)",28.900,2025-07-04 21:22:32
"DIMSUM MBLEDOS, Merr",Dimsum Bakpao Pasir Emas,"Tesktur super lembut, isian kuning telur asin, susu (isi 3)",28.900,2025-07-04 21:22:32
"DIMSUM MBLEDOS, Merr",Dimsum Mantao,Roti  khas china + susu kental manis (isi 3),28.900,2025-07-04 21:22:32
"DIMSUM MBLEDOS, Merr",Mie Lamian Ayam Minyak Cabe,"Cocok untuk yang doyan pedas, lamian paling laris dengan mie fresh dibuat dadakan, kuah minyak cabe, gilingan cabe, ayam slice, sayur pokcoi",60.900,2025-07-04 21:22:32
"DIMSUM MBLEDOS, Merr",Mie Lamian Kaldu Ayam,"Cocok untuk yang tidak suka pedas, kuah kaldu sangat nendang, mie fresh dibuat dadakan, toping ayam jamur, sayur pokcoi",59.900,2025-07-04 21:22:32
"DIMSUM MBLEDOS, Merr",Bubur Polos,"Bubur gurih tidak eneg, cocok makan dengan dimsum",17.900,2025-07-04 21:22:32
"DIMSUM MBLEDOS, Merr",Bubur Ayam,"Bubur gurih dengan topping ayam suwir, cakue, kerupuk pangsit",35.900,2025-07-04 21:22:32
"DIMSUM MBLEDOS, Merr",Bubur Ayam Jamur,"Bubur dengan topping ayam dan jamur, cakue, kerupuk pangsit",40.900,2025-07-04 21:22:32
"DIMSUM MBLEDOS, Merr",Nasi Putih,Nasi putih original,12.900,2025-07-04 21:22:32
"DIMSUM MBLEDOS, Merr",Nasi Hainan,Nasi hainan khas china,17.900,2025-07-04 21:22:32
"DIMSUM MBLEDOS, Merr",Queen Thai Tea,"Thai tea premium, segar otentik",30.900,2025-07-04 21:22:32
"DIMSUM MBLEDOS, Merr",Mojito Artist Tea,"Green tea premium, teh bunga telang, mojito, lemon",31.900,2025-07-04 21:22:32
"DIMSUM MBLEDOS, Merr",Immune Tea,Meningkatkan daya tahan tubuh,28.900,2025-07-04 21:22:32
"DIMSUM MBLEDOS, Merr",Aqua,Air mineral 330ml,10.900,2025-07-04 21:22:32
Angsle & Ronde 66,Angsle,"isi : Ketan, Roti, Kacang Ijo, Mutiara, Belinjo diberi Kuah Santan yang Gurih dan Legit.",19.000,2025-07-04 21:23:05
Angsle & Ronde 66,Ronde Isi Kacang,"isi : Bola Ronde isi Kacang 3 biji, Kolang Kaling, Mutiara, Kelapa Muda, Kacang tabur diberi Kuah Jahe.",19.000,2025-07-04 21:23:05
Angsle & Ronde 66,Sekoteng,"isi : Roti, Kolang Kaling, Mutiara, Kelapa Muda, Kacang tabur diberi Kuah Jahe.",19.000,2025-07-04 21:23:05
Angsle & Ronde 66,Es Doger,N/A,22.000,2025-07-04 21:23:05
Angsle & Ronde 66,Ronde isi Kacang+Cup,N/A,23.000,2025-07-04 21:23:05
Angsle & Ronde 66,Ronde Isi Kacang,N/A,19.000,2025-07-04 21:23:05
Angsle & Ronde 66,Angsle,N/A,19.000,2025-07-04 21:23:05
Angsle & Ronde 66,Sekoteng,N/A,19.000,2025-07-04 21:23:05
Angsle & Ronde 66,Paket R-A-S (Ronde-Angsle-Serabi),N/A,54.000,2025-07-04 21:23:05
Angsle & Ronde 66,Paket R-A-S-S-A (Ronde-Angsle-Serabi-Sekoteng-Angsle+Serabi),N/A,94.000,2025-07-04 21:23:05
Angsle & Ronde 66,Serabi Pandan Kuah,N/A,19.000,2025-07-04 21:23:05
Angsle & Ronde 66,Es Angsle + Serabi,N/A,26.000,2025-07-04 21:23:05
Angsle & Ronde 66,Angsle + Serabi,N/A,24.000,2025-07-04 21:23:05
Angsle & Ronde 66,Ronde Isi Kacang,"isi : Bola Ronde isi Kacang 3 biji, Kolang Kaling, Mutiara, Kelapa Muda, Kacang tabur diberi Kuah Jahe.",19.000,2025-07-04 21:23:05
Angsle & Ronde 66,Angsle,"isi : Ketan, Roti, Kacang Ijo, Mutiara, Belinjo diberi Kuah Santan yang Gurih dan Legit.",19.000,2025-07-04 21:23:05
Angsle & Ronde 66,Sekoteng,"isi : Roti, Kolang Kaling, Mutiara, Kelapa Muda, Kacang tabur diberi Kuah Jahe.",19.000,2025-07-04 21:23:05
Angsle & Ronde 66,Paket R-A-S (Ronde-Angsle-Serabi),"3 Porsi : 1 Ronde, 1 Angsle, 1 Serabi Dijamin Mantap Bisa Merasakan Kehangatan Kuah Jahe, Kuah Santan Gurih, Kuah Santan Gula Jawa",54.000,2025-07-04 21:23:05
Angsle & Ronde 66,Paket R-A-S-S-A (Ronde-Angsle-Serabi-Sekoteng-Angsle+Serabi),"Dapat 5 Porsi : 1 Ronde, 1 Angsle, 1 Serabi, 1 Sekoteng, 1 Angsle+Serabi. Dijamin Bisa Merasakan Kehangatan Semua Menu Recommanded Andalan Kami. Karena RONDE 66 - DISUKA KARENA RASA.",94.000,2025-07-04 21:23:05
Angsle & Ronde 66,Serabi Pandan Kuah,Isi : serabi 3 biji diberi kuah santan gula jawa yang gurih dan legit.,19.000,2025-07-04 21:23:05
Angsle & Ronde 66,Angsle + Serabi,"isi : Ketan, Roti, Kacang Ijo, Mutiara, Belinjo, Serabi 1 biji diberi Kuah Santan yang Gurih dan Legit.",24.000,2025-07-04 21:23:05
Angsle & Ronde 66,Roti Maryam ORIGINAL,Roti Maryam 1 biji Besar di beri topping gula halus terpisah,19.000,2025-07-04 21:23:05
Angsle & Ronde 66,Roti Maryam COKLAT,Roti maryam 1 biji besar diberi coklat pasta,19.000,2025-07-04 21:23:05
Angsle & Ronde 66,Roti Maryam COKLAT KEJU,Roti Maryam 1 biji Besar diberi topping Coklat pasta dan Keju parut dn susu,23.000,2025-07-04 21:23:05
Angsle & Ronde 66,Roti Maryam KEJU SUSU,Roti Maryam 1 biji besar diberi topping Keju Parut dan Susu,23.000,2025-07-04 21:23:05
Angsle & Ronde 66,Roti Bakar COKLAT,2 biji roti tawar diberi topping coklat pasta + susu kental manis putih dipotong menjadi 4 bagian segitiga.,19.000,2025-07-04 21:23:05
Angsle & Ronde 66,Roti Bakar COKLAT KEJU,"2 biji Roti Tawar ditumpuk diberi Coklat pasta dan keju parut dan susu, dipotong menjadi 4 bagian segitiga.",23.000,2025-07-04 21:23:05
Angsle & Ronde 66,Roti Bakar KEJU SUSU,"2 biji roti tawar ditumpuk diberi Keju parut dan susu, dipotong menjadi 4 bagian segitiga.",23.000,2025-07-04 21:23:05
Angsle & Ronde 66,Serabi Topping COKLAT,Serabi isi 2 biji diberi topping coklat pasta dan Diberi Susu,19.000,2025-07-04 21:23:05
Angsle & Ronde 66,Serabi Topping COKLAT KEJU,Serabi pandan isi 2 biji diberi topping coklat pasta dan keju parut dan susu,19.000,2025-07-04 21:23:05
Angsle & Ronde 66,Serabi Topping KEJU SUSU,Serabi Pandan isi 2 biji diberi topping Keju Parut dan Susu,19.000,2025-07-04 21:23:05
Angsle & Ronde 66,Jasuke,Jagung manis diberi Keju Parut dan Susu,19.000,2025-07-04 21:23:05
Angsle & Ronde 66,Es Doger,"Isi : Ketan Putih, Mutiara, Roti, Kelapa Muda diberi Kuah Santan, Susu, Sirup",22.000,2025-07-04 21:23:05
Angsle & Ronde 66,Es Ronde,Isian sama Ronde anget diberi Es. Jadi terasa ditengorokan dingin tapi terasa jahe2 nya. suegerrrr beneran,21.000,2025-07-04 21:23:05
Angsle & Ronde 66,Es Angsle,Isian sama Angsle anget diberi Es. dijamin sueger dan gurih santan dinikmati dingin juga enakk lho.,21.000,2025-07-04 21:23:05
Angsle & Ronde 66,Es Sekoteng,"isi : Roti, Kolang Kaling, Mutiara, Kelapa Muda, Kacang tabur diberi Kuah Jahe Diberi Es Batu,,suegerr Tenan Gaess",21.000,2025-07-04 21:23:05
Angsle & Ronde 66,Es Ganefo Kacang Ijo-Degan (isi 4biji),"Es jadul ditaruh diplastik isian kacang ijo dan degan dengan santan asli dan yang pastinya Gula Asli,,suegerrr",18.000,2025-07-04 21:23:05
Angsle & Ronde 66,Es Serabi,"Isi Serabi 3 buah diberi santan gula jawa di beri Es, suegerr banget",21.000,2025-07-04 21:23:05
Angsle & Ronde 66,Es Angsle + Serabi,"Isian sama Angsle + Serabi anget diberi es, sueger gurih dan nikmat",26.000,2025-07-04 21:23:05
Angsle & Ronde 66,Ronde isi Kacang+Cup,"Cup dengan Isian : Bola Ronde isi Kacang 3 biji, Kolang Kaling, Mutiara, Kelapa Muda, Kacang tabur. Kuah Jahe Diplastiki.",23.000,2025-07-04 21:23:05
Angsle & Ronde 66,Angsle+Cup,"Cup Dengan isian : Ketan, Roti, Kacang Ijo, Mutiara, Belinjo. Kuah Santan Diplastiki",23.000,2025-07-04 21:23:05
Angsle & Ronde 66,Sekoteng+Cup,"Cupdengan Isian : Kolang Kaling, Mutiara, Kelapa Muda, Roti Tawar, Kacang tabur. Kuah Jahe Diplastiki.",23.000,2025-07-04 21:23:05
Angsle & Ronde 66,Serabi+Cup,Cup dengan isian : Serabi 3 biji. Kuah Santan Gula Jawa diplastiki,23.000,2025-07-04 21:23:05
Angsle & Ronde 66,AngsleSerabi+Cup,"Cup dengan isian : Ketan, Roti, Kacang Ijo, Mutiara, Belinjo, Serabi 1 biji. Kuah Santan Gurih Diplastiki",28.000,2025-07-04 21:23:05
"De Bronx (Mieyabi Hot), Ploso",Udon Alay,"Mie udon dengan kuah laksa spesial ala de bronx ditambah topping ayam cincang, wijen, daun bawang dan sate bakso ikan.",23.000,2025-07-04 21:23:38
"De Bronx (Mieyabi Hot), Ploso",Lumpia Goreng,"Isi Ayam, Udang, Jamur, Sayuran",17.100,2025-07-04 21:23:38
"De Bronx (Mieyabi Hot), Ploso",Black Level 1,Mie Black Pedas Level 1,18.500,2025-07-04 21:23:38
"De Bronx (Mieyabi Hot), Ploso",Dragon Ball,"Isi Ayam, Udang",17.100,2025-07-04 21:23:38
"De Bronx (Mieyabi Hot), Ploso",Black Level 2,Mie Black Pedas Level 2,19.400,2025-07-04 21:23:38
"De Bronx (Mieyabi Hot), Ploso",Lumpia Kulit Tahu Goreng,"Isi Ayam, Udang, Wortel, Kulit Tahu",17.100,2025-07-04 21:23:38
"De Bronx (Mieyabi Hot), Ploso",Black Level 3,Mie Black Pedas Level 3,20.300,2025-07-04 21:23:38
"De Bronx (Mieyabi Hot), Ploso",Red Mie,"Mie Dengan Bumbu Merah Pedas, Topping Ayam Cacah, Nugget, Sosis Dan Keripik Pangsit",18.000,2025-07-04 21:23:38
"De Bronx (Mieyabi Hot), Ploso",Udon Alay,N/A,23.000,2025-07-04 21:23:38
"De Bronx (Mieyabi Hot), Ploso",Black Level 1,N/A,18.500,2025-07-04 21:23:38
"De Bronx (Mieyabi Hot), Ploso",Dragon Ball,N/A,17.100,2025-07-04 21:23:38
"De Bronx (Mieyabi Hot), Ploso",Siomay Ayam,N/A,15.300,2025-07-04 21:23:38
"De Bronx (Mieyabi Hot), Ploso",Bakpao Telur Asin,N/A,17.100,2025-07-04 21:23:38
"De Bronx (Mieyabi Hot), Ploso",Mie Ho-Pe Chicken Katsu,N/A,25.200,2025-07-04 21:23:38
"De Bronx (Mieyabi Hot), Ploso",Udang Gulung Roti,N/A,17.600,2025-07-04 21:23:38
"De Bronx (Mieyabi Hot), Ploso",BAKPAO TAUSA,N/A,17.100,2025-07-04 21:23:38
"De Bronx (Mieyabi Hot), Ploso",Iced Coffe Red Presso,N/A,16.500,2025-07-04 21:23:38
"De Bronx (Mieyabi Hot), Ploso",Udon Alay,"Mie udon dengan kuah laksa spesial ala de bronx ditambah topping ayam cincang, wijen, daun bawang dan sate bakso ikan.",23.000,2025-07-04 21:23:38
"De Bronx (Mieyabi Hot), Ploso",Black Level 1,Mie Black Pedas Level 1,18.500,2025-07-04 21:23:38
"De Bronx (Mieyabi Hot), Ploso",Black Level 2,Mie Black Pedas Level 2,19.400,2025-07-04 21:23:38
"De Bronx (Mieyabi Hot), Ploso",Black Level 3,Mie Black Pedas Level 3,20.300,2025-07-04 21:23:38
"De Bronx (Mieyabi Hot), Ploso",Red Mie,"Mie Dengan Bumbu Merah Pedas, Topping Ayam Cacah, Nugget, Sosis Dan Keripik Pangsit",18.000,2025-07-04 21:23:38
"De Bronx (Mieyabi Hot), Ploso",Black Ori,"Mie Original Dengan Saos Hitam Spesial, Topping Ayam Suwir, Nugget, Sosis Dan Keripik Pangsit",18.000,2025-07-04 21:23:38
"De Bronx (Mieyabi Hot), Ploso",Ori,"Mie Original Dengan Topping Ayam Suwir, Nugget, Sosis Dan Keripik Pangsit",16.700,2025-07-04 21:23:38
"De Bronx (Mieyabi Hot), Ploso",Red-Up,"Red Soup Pedas Dengan Topping Ayam Cacah, Tahu Ikan Dan Bola Udang",18.900,2025-07-04 21:23:38
"De Bronx (Mieyabi Hot), Ploso",Mie Eko,Mie Ori Dengan Topping Ayam Suwir Dan Keripik Pangsit,14.000,2025-07-04 21:23:38
"De Bronx (Mieyabi Hot), Ploso",Ori Level 1,Mie Original Pedas Level 1,18.000,2025-07-04 21:23:38
"De Bronx (Mieyabi Hot), Ploso",Ori Level 2,Mie Original Pedas Level 2,18.900,2025-07-04 21:23:38
"De Bronx (Mieyabi Hot), Ploso",Ori Level 3,Mie Original Pedas Level 3,19.800,2025-07-04 21:23:38
"De Bronx (Mieyabi Hot), Ploso",Mie Ho-Pe Chicken Katsu,Mie Hot Plate Dengan Topping Ayam Katsu Dengan Saos Steak Ala De Bronx,25.200,2025-07-04 21:23:38
"De Bronx (Mieyabi Hot), Ploso",Red-Top (Red Topokki),Ramen + Tteokbokki + Bakso Ikan + Odeng + Keripik Pangsit Dengan Saos Red Ala De Bronx,23.000,2025-07-04 21:23:38
"De Bronx (Mieyabi Hot), Ploso",Red-Ju,Red Mie Dengan Topping Keju Mozarella,21.000,2025-07-04 21:23:38
"De Bronx (Mieyabi Hot), Ploso",Extra Pangsit,Extra Keripik Pangsit,1.750,2025-07-04 21:23:38
"De Bronx (Mieyabi Hot), Ploso",Extra Telur,Extra Telur Mata Sapi,4.000,2025-07-04 21:23:38
"De Bronx (Mieyabi Hot), Ploso",Extra Sosis,Extra 1 Bj Sosis Goreng,1.750,2025-07-04 21:23:38
"De Bronx (Mieyabi Hot), Ploso",Extra Ayam,Extra Ayam Suwir,2.750,2025-07-04 21:23:38
"De Bronx (Mieyabi Hot), Ploso",Extra Nugget,Extra 1Bj Nugget Goreng,1.750,2025-07-04 21:23:38
"De Bronx (Mieyabi Hot), Ploso",Extra Cabe,Lombok,2.750,2025-07-04 21:23:38
"De Bronx (Mieyabi Hot), Ploso",Extra Keju Mozzarella,Keju Mozzarella,7.000,2025-07-04 21:23:38
"De Bronx (Mieyabi Hot), Ploso",Hakau Udang,Hakau isi udang,17.100,2025-07-04 21:23:38
"De Bronx (Mieyabi Hot), Ploso",Lumpia Kulit Tahu Kukus,"Isi Ayam, Udang, Jamur, Sayuran, Saus",16.700,2025-07-04 21:23:38
"De Bronx (Mieyabi Hot), Ploso",Siomay Ayam,4pcs Siomay Isi Ayam,15.300,2025-07-04 21:23:38
"De Bronx (Mieyabi Hot), Ploso",Siomay Ayam Spesial,4pcs Siomay Isi Ayam Dan Udang,17.100,2025-07-04 21:23:38
"De Bronx (Mieyabi Hot), Ploso",Bakpao Telur Asin,Bakpao Isi Pasta Telur Asin,17.100,2025-07-04 21:23:38
"De Bronx (Mieyabi Hot), Ploso",Siomay Ayam Keju,4pcs Siomay Isi Ayam Dan Keju Mozzarella,16.700,2025-07-04 21:23:38
"De Bronx (Mieyabi Hot), Ploso",Keicak,"Kulit Tahu Isi Ayam, Wortel Dan Jagung Muda",16.700,2025-07-04 21:23:38
"De Bronx (Mieyabi Hot), Ploso",Sushi,"Isi Ayam,Udang, Crabstick",16.700,2025-07-04 21:23:38
"De Bronx (Mieyabi Hot), Ploso",Kaki Ayam,kaki ayam dengan bumbu premium chef kami,17.600,2025-07-04 21:23:38
"De Bronx (Mieyabi Hot), Ploso",Siomay Ayam Kacang Polong,"Isi Ayam, Udang, Kacang Polong",16.700,2025-07-04 21:23:38
"De Bronx (Mieyabi Hot), Ploso",Siomay Ayam Salmon,"Isi Ayam, Udang, Salmon",16.700,2025-07-04 21:23:38
"De Bronx (Mieyabi Hot), Ploso",Siomay Ayam Crabstick,"Isi Ayam, Udang, Crabstick",16.700,2025-07-04 21:23:38
"De Bronx (Mieyabi Hot), Ploso",Kocoi,"Isi Ayam, Udang, Jamur,Sayuran",16.700,2025-07-04 21:23:38
"De Bronx (Mieyabi Hot), Ploso",Pangsit Shang Hai,"Isi Ayam, Udang, Sayuran",16.700,2025-07-04 21:23:38
"De Bronx (Mieyabi Hot), Ploso",Bakpao Nai Wong,Isi Pasta Custard,17.100,2025-07-04 21:23:38
"De Bronx (Mieyabi Hot), Ploso",Bakpao Pandan,Isi Pasta Pandan,17.100,2025-07-04 21:23:38
"De Bronx (Mieyabi Hot), Ploso",Bakpao Keju,Isi Pasta keju,17.100,2025-07-04 21:23:38
"De Bronx (Mieyabi Hot), Ploso",Bola Udang,"Isi Udang, Kacang Polong",17.600,2025-07-04 21:23:38
"De Bronx (Mieyabi Hot), Ploso",Pangsit Kepiting,"Isi ayam, udang, baby pokcoy",16.700,2025-07-04 21:23:38
"De Bronx (Mieyabi Hot), Ploso",Hakau Ayam,Isi Ayam,16.700,2025-07-04 21:23:38
"De Bronx (Mieyabi Hot), Ploso",Pangsit Szechuan,"Isi Ayam, Udang, Rebung, Jamur, Saus Sechuan",16.700,2025-07-04 21:23:38
"De Bronx (Mieyabi Hot), Ploso",Siomay Ayam Jamur,"Isi Ayam, Udang, Jamur",16.700,2025-07-04 21:23:38
"De Bronx (Mieyabi Hot), Ploso",Xiao Long Bao,"3 Pcs Isi Ayam, Sayuran",16.700,2025-07-04 21:23:38
"De Bronx (Mieyabi Hot), Ploso",MANTOU KUKUS,Isi 3 pcs Mantou,16.700,2025-07-04 21:23:38
"De Bronx (Mieyabi Hot), Ploso",SIOMAY AYAM JAGUNG,"4pcs Isi Ayam, Jagung",16.700,2025-07-04 21:23:38
"De Bronx (Mieyabi Hot), Ploso",Bakpao Cha Siu,3 Pcs Isi Ayam Madu,17.100,2025-07-04 21:23:38
"De Bronx (Mieyabi Hot), Ploso",GYOZA KUKUS,"3pcs Isi Ayam, Udang, Sayur",16.700,2025-07-04 21:23:38
"De Bronx (Mieyabi Hot), Ploso",BAKPAO TAUSA,3pcs Bakpao Tausa Dengan Isian Kacang Hitam,17.100,2025-07-04 21:23:38
"De Bronx (Mieyabi Hot), Ploso",G-fries ( French Fries ),Kentang goreng,13.750,2025-07-04 21:23:38
"De Bronx (Mieyabi Hot), Ploso",Mieyabi's Fave,( french fries + sausage + Nugget ),20.500,2025-07-04 21:23:38
"De Bronx (Mieyabi Hot), Ploso",Iced Lemon Tea,N/A,9.500,2025-07-04 21:23:38
"De Bronx (Mieyabi Hot), Ploso",Iced Tea,N/A,7.000,2025-07-04 21:23:38
"De Bronx (Mieyabi Hot), Ploso",PaHe 1,1 Mie Ori + 1 Mie Red Topoki,35.000,2025-07-04 21:23:38
"De Bronx (Mieyabi Hot), Ploso",PaHe 2,1 Mie Ori + 1 Mie Udon Alay,35.000,2025-07-04 21:23:38
"De Bronx (Mieyabi Hot), Ploso",Chocolate,Iced Shake Rasa Coklat,15.000,2025-07-04 21:23:38
"De Bronx (Mieyabi Hot), Ploso",Red Velvet,Iced Shake Rasa Red Velvet,15.000,2025-07-04 21:23:38
"De Bronx (Mieyabi Hot), Ploso",Red Velvet Blended,Iced red velvet blended with vanilla ice cream,17.500,2025-07-04 21:23:38
"De Bronx (Mieyabi Hot), Ploso",Chocolate Blended,Iced chocolate blended with vanilla ice cream,17.500,2025-07-04 21:23:38
"De Bronx (Mieyabi Hot), Ploso",Blue Undies,Iced Lychee Soda With Strawberry And Lime,15.000,2025-07-04 21:23:38
"De Bronx (Mieyabi Hot), Ploso",Joker Laughter,Iced Happy Soda,16.500,2025-07-04 21:23:38
"De Bronx (Mieyabi Hot), Ploso",Lumpia Goreng,"Isi Ayam, Udang, Jamur, Sayuran",17.100,2025-07-04 21:23:38
"De Bronx (Mieyabi Hot), Ploso",Dragon Ball,"Isi Ayam, Udang",17.100,2025-07-04 21:23:38
"De Bronx (Mieyabi Hot), Ploso",Lumpia Kulit Tahu Goreng,"Isi Ayam, Udang, Wortel, Kulit Tahu",17.100,2025-07-04 21:23:38
"De Bronx (Mieyabi Hot), Ploso",Money Bag,"Isi Ayam, Udang, Sayuran",17.100,2025-07-04 21:23:38
"De Bronx (Mieyabi Hot), Ploso",Pangsit Udang Grg,"Isi Ayam, Udang, Jamur, Wortel",17.100,2025-07-04 21:23:38
"De Bronx (Mieyabi Hot), Ploso",Udang Gulung Roti,"Isi Udang, Roti",17.600,2025-07-04 21:23:38
"De Bronx (Mieyabi Hot), Ploso",Ayam Magnum,"Isi ayam, udang",17.100,2025-07-04 21:23:38
"De Bronx (Mieyabi Hot), Ploso",Lumpia Jepang,"Isi Ayam, Udang, Wortel, Jamur,Nori",17.600,2025-07-04 21:23:38
"De Bronx (Mieyabi Hot), Ploso",Gyoza Goreng,"Isi Ayam, Udang, Sayur Kucai",17.100,2025-07-04 21:23:38
"De Bronx (Mieyabi Hot), Ploso",Bola Ayam Udang Roti,"Isi Ayam , Udang, Roti",17.100,2025-07-04 21:23:38
"De Bronx (Mieyabi Hot), Ploso",MANTOU GORENG,Isi 3 Pcs Sauce Susu Kental Manis,17.100,2025-07-04 21:23:38
"De Bronx (Mieyabi Hot), Ploso",( BORJU ) BOLA ROTI KEJU,"3pcs Isi Ayam, Udang, Keju",17.100,2025-07-04 21:23:38
"De Bronx (Mieyabi Hot), Ploso",SEMPOL AYAM LADA HITAM,"4 pcs Isi Ayam, Udang, Sauce LADA HITAM",17.100,2025-07-04 21:23:38
"De Bronx (Mieyabi Hot), Ploso",Cakue Goreng,"3 Pcs Isi Ayam, Udang",17.100,2025-07-04 21:23:38
"De Bronx (Mieyabi Hot), Ploso",Bola Udang Roti,"3 Pcs Isi Udang, Roti",17.600,2025-07-04 21:23:38
"De Bronx (Mieyabi Hot), Ploso",PANGSIT KEPITING GORENG,"3pcs pangsit Kepiting Goreng Dengan Isian Ayam, Udang, Crabstick, Dan Sayuran",17.100,2025-07-04 21:23:38
"De Bronx (Mieyabi Hot), Ploso",Iced Kopisu,Es Kopi Susu,15.000,2025-07-04 21:23:38
"De Bronx (Mieyabi Hot), Ploso",Iced Kopi Hitam,Es Kopi Hitam,13.000,2025-07-04 21:23:38
"De Bronx (Mieyabi Hot), Ploso",Iced Kopi Eko,Es Kopi Susu Manis,8.250,2025-07-04 21:23:38
"De Bronx (Mieyabi Hot), Ploso",Iced Coffe Red Presso,Perpaduan Kopi Dengan Red Velvet,16.500,2025-07-04 21:23:38
"Terang Bulan Bangka C.N.K, Karang Empat Besar",Pempek Ikan Kapal Selam Biasa,N/A,28.000,2025-07-04 21:24:13
"Terang Bulan Bangka C.N.K, Karang Empat Besar",Cokelat Keju,N/A,75.000,2025-07-04 21:24:13
"Terang Bulan Bangka C.N.K, Karang Empat Besar",JUMBO Cokelat,Isi 22 Potong,86.000,2025-07-04 21:24:13
"Terang Bulan Bangka C.N.K, Karang Empat Besar","JUMBO Special (cokelat, Kacang, Wijen, Keju)","Special Butter, lebih tebal lebih mantap",120.000,2025-07-04 21:24:13
"Terang Bulan Bangka C.N.K, Karang Empat Besar","Saridele Original Besar 1, 5Ltr Manis",N/A,35.000,2025-07-04 21:24:13
"Terang Bulan Bangka C.N.K, Karang Empat Besar",JUMBO Cokelat Keju Spesial,N/A,120.000,2025-07-04 21:24:13
"Terang Bulan Bangka C.N.K, Karang Empat Besar",Super Xtra Keju,N/A,115.000,2025-07-04 21:24:13
"Terang Bulan Bangka C.N.K, Karang Empat Besar","(Adonan cokelat )Cheese filling, cokelat",N/A,92.000,2025-07-04 21:24:13
"Terang Bulan Bangka C.N.K, Karang Empat Besar",Double Cheese (Cheese Cream + Keju Parut),N/A,105.000,2025-07-04 21:24:13
"Terang Bulan Bangka C.N.K, Karang Empat Besar",Red Velvet Cheese Filling + Oreo,N/A,115.000,2025-07-04 21:24:13
"Terang Bulan Bangka C.N.K, Karang Empat Besar",Terang Bulan Pandan Jagung Keju,N/A,100.000,2025-07-04 21:24:13
"Terang Bulan Bangka C.N.K, Karang Empat Besar",Terang Bulan Jumbo Pandan Jagung Keju,N/A,130.000,2025-07-04 21:24:13
"Terang Bulan Bangka C.N.K, Karang Empat Besar",Terang Bulan Pisang Butter Special,N/A,105.000,2025-07-04 21:24:13
"Terang Bulan Bangka C.N.K, Karang Empat Besar",Terang Bulan Pisang Cokelat Keju Special,N/A,105.000,2025-07-04 21:24:13
"Terang Bulan Bangka C.N.K, Karang Empat Besar",Terang Bulan Jadul,Adonan Agak Tipis Isi Gula Halus 10slice,50.000,2025-07-04 21:24:13
"Terang Bulan Bangka C.N.K, Karang Empat Besar",Terang Bulan Polos Susu,Tanpa Topping Hanya Susu Saja,51.500,2025-07-04 21:24:13
"Terang Bulan Bangka C.N.K, Karang Empat Besar",Cokelat Mesis,N/A,55.000,2025-07-04 21:24:13
"Terang Bulan Bangka C.N.K, Karang Empat Besar",Special Cokelat Mesis,N/A,64.000,2025-07-04 21:24:13
"Terang Bulan Bangka C.N.K, Karang Empat Besar",1/2 Cokelat - 1/2 Keju Biasa,N/A,75.000,2025-07-04 21:24:13
"Terang Bulan Bangka C.N.K, Karang Empat Besar","Cokelat, Kacang,Wijen",N/A,69.000,2025-07-04 21:24:13
"Terang Bulan Bangka C.N.K, Karang Empat Besar",Special Setengah Cokelat Setengah Keju,Cokelat dan keju lebih tebal dan tambahan roombutter,88.000,2025-07-04 21:24:13
"Terang Bulan Bangka C.N.K, Karang Empat Besar",Cokelat Keju,N/A,75.000,2025-07-04 21:24:13
"Terang Bulan Bangka C.N.K, Karang Empat Besar",Special Cokelat Keju,Lebih tebal Adonan Topping dan lebih mantap,88.000,2025-07-04 21:24:13
"Terang Bulan Bangka C.N.K, Karang Empat Besar",Keju Susu Biasa,Gambar Isi Keju Susu Spesial,75.000,2025-07-04 21:24:13
"Terang Bulan Bangka C.N.K, Karang Empat Besar",Special Keju Polos,Keju lebih tebal dan mantap,88.000,2025-07-04 21:24:13
"Terang Bulan Bangka C.N.K, Karang Empat Besar",Super Xtra Keju,"Dengan topping keju super tebal, favorit penggemar keju",115.000,2025-07-04 21:24:13
"Terang Bulan Bangka C.N.K, Karang Empat Besar",Terang Bulan Keju Parut + Oreo,N/A,89.000,2025-07-04 21:24:13
"Terang Bulan Bangka C.N.K, Karang Empat Besar","Cokelat,kacang,wijen,keju",N/A,75.000,2025-07-04 21:24:13
"Terang Bulan Bangka C.N.K, Karang Empat Besar","Special (cokelat,kacang,wijen,keju)","Topping lebih tebal ,butter Lbh Banyak",93.000,2025-07-04 21:24:13
"Terang Bulan Bangka C.N.K, Karang Empat Besar","Special Keju, Kacang, Wijen",N/A,88.000,2025-07-04 21:24:13
"Terang Bulan Bangka C.N.K, Karang Empat Besar","Terang Bulan Kismis (Cokelat, Kacang, Wijen, Keju)",Kismis didalam Adonan,88.000,2025-07-04 21:24:13
"Terang Bulan Bangka C.N.K, Karang Empat Besar","(Adonan cokelat )Cheese filling, cokelat",Adonan Cokelat Isi Keju Selai Yg Sangat Creamy Ditambah Cokelat Mesis  Dan Susu,92.000,2025-07-04 21:24:13
"Terang Bulan Bangka C.N.K, Karang Empat Besar",Double Cheese (Cheese Cream + Keju Parut),Selai Keju Yg Creamy Ditambah Keju Parut Yg Gurih Wajib Coba !!Favorit penggemar keju,105.000,2025-07-04 21:24:13
"Terang Bulan Bangka C.N.K, Karang Empat Besar",Pandan Polos Susu (Tanpa Topping),Bisa juga tanpa susu,56.500,2025-07-04 21:24:13
"Terang Bulan Bangka C.N.K, Karang Empat Besar",Pandan Cheese Filling + Oreo,adonan rasa pandan Isi Selai Keju Yg Creamy Ditambah Oreo Yg Diremuk Membuat Rasanya Ga Eneg Tapi UENAK bangettt,104.000,2025-07-04 21:24:13
"Terang Bulan Bangka C.N.K, Karang Empat Besar",Red Velvet Cheese Filling + Oreo,Adonan RED Velvet aroma Yg Manis Diisi Dengan Selai Keju Dan Oreo Yg Diremuk Ditambah Susu Kental Manis Dijamin mantulll,115.000,2025-07-04 21:24:13
"Terang Bulan Bangka C.N.K, Karang Empat Besar",Red Velvet Keju Parut Oreo,Topping keju kraft oreo,75.000,2025-07-04 21:24:13
"Terang Bulan Bangka C.N.K, Karang Empat Besar",Ovomaltine,N/A,140.000,2025-07-04 21:24:13
"Terang Bulan Bangka C.N.K, Karang Empat Besar",Ovomaltine + Keju,N/A,155.000,2025-07-04 21:24:13
"Terang Bulan Bangka C.N.K, Karang Empat Besar",Nutella,Selai NUTELLA,140.000,2025-07-04 21:24:13
"Terang Bulan Bangka C.N.K, Karang Empat Besar",Nutella + keju,N/A,155.000,2025-07-04 21:24:13
"Terang Bulan Bangka C.N.K, Karang Empat Besar",Red Velvet Cheese Cream Oreo,Favorit,115.000,2025-07-04 21:24:13
"Terang Bulan Bangka C.N.K, Karang Empat Besar","Tambah rasa Adonan : Red Velvet,strawberry,pandan,cokelat,blackforest",Pilih salah satu rasa adonan dengan + harga diatas,12.000,2025-07-04 21:24:13
"Terang Bulan Bangka C.N.K, Karang Empat Besar",JUMBO polos Susu,Tanpa Topping Hanya Susu Saja,70.000,2025-07-04 21:24:13
"Terang Bulan Bangka C.N.K, Karang Empat Besar",JUMBO Cokelat,Isi 22 Potong,86.000,2025-07-04 21:24:13
"Terang Bulan Bangka C.N.K, Karang Empat Besar",JUMBO Cokelat + Keju,N/A,110.000,2025-07-04 21:24:13
"Terang Bulan Bangka C.N.K, Karang Empat Besar","JUMBO Cokelat, Kacang, Wijen",N/A,100.000,2025-07-04 21:24:13
"Terang Bulan Bangka C.N.K, Karang Empat Besar","JUMBO Campur(Cokelat, Kacang, Wijen, Keju)",N/A,114.000,2025-07-04 21:24:13
"Terang Bulan Bangka C.N.K, Karang Empat Besar",JUMBO Keju Polos Special,Keju lebih tebal dan mantap.,120.000,2025-07-04 21:24:13
"Terang Bulan Bangka C.N.K, Karang Empat Besar",JUMBO Cokelat Keju Spesial,"Special lebih tebal dan mantap ukuran loyang besar, Butter Spesial",120.000,2025-07-04 21:24:13
"Terang Bulan Bangka C.N.K, Karang Empat Besar","JUMBO Special (cokelat, Kacang, Wijen, Keju)","Special Butter, lebih tebal lebih mantap",120.000,2025-07-04 21:24:13
"Terang Bulan Bangka C.N.K, Karang Empat Besar",JUMBO Cheese Filling + Keju,N/A,140.000,2025-07-04 21:24:13
"Terang Bulan Bangka C.N.K, Karang Empat Besar",JUMBO Cheese Filling + Oreo,N/A,130.000,2025-07-04 21:24:13
"Terang Bulan Bangka C.N.K, Karang Empat Besar",JUMBO Ovomaltine/nutella,N/A,155.000,2025-07-04 21:24:13
"Terang Bulan Bangka C.N.K, Karang Empat Besar",JUMBO Ovomaltine Keju,Loyang besar 32cm,165.000,2025-07-04 21:24:13
"Terang Bulan Bangka C.N.K, Karang Empat Besar",JUMBO Nutella Keju,Loyang besar 32cm,165.000,2025-07-04 21:24:13
"Terang Bulan Bangka C.N.K, Karang Empat Besar",JUMBO Red Velvet Cheese Cream Oreo,Ukuran Jumbo 32cm (22 potong),165.000,2025-07-04 21:24:13
"Terang Bulan Bangka C.N.K, Karang Empat Besar",JUMBO Red Velvet Keju Parut Oreo,Topping keju kraft dan oreo ukuran jumbo,132.000,2025-07-04 21:24:13
"Terang Bulan Bangka C.N.K, Karang Empat Besar",Tipis Kering,"Pilihan topping : cokelat, kacang, wijen, keju (bisa pilih )",70.000,2025-07-04 21:24:13
"Terang Bulan Bangka C.N.K, Karang Empat Besar",Tipis Kering Jumbo,"Pilihan topping cokelat, kacang, wijen, keju",85.000,2025-07-04 21:24:13
"Terang Bulan Bangka C.N.K, Karang Empat Besar",Terang Bulan Mini PREMIUM,"1 Box Isi 7 Bisa Mix( Cokelat, Cokelat Keju,cokelat Kacang,keju,oreo,strawberry, Blueberry",50.000,2025-07-04 21:24:13
"Terang Bulan Bangka C.N.K, Karang Empat Besar",Terang Bulan Pandan Jagung Keju,"Adonan Pandan, Jagung Manis Dan Keju",100.000,2025-07-04 21:24:13
"Terang Bulan Bangka C.N.K, Karang Empat Besar",Terang Bulan Jumbo Pandan Jagung Keju,"Ukuran Loyang Jumbo, Adonan Pandan Jagung Keju Parut Susu",130.000,2025-07-04 21:24:13
"Terang Bulan Bangka C.N.K, Karang Empat Besar",Cuko Tanpa Bawang Botol 100Ml,N/A,9.000,2025-07-04 21:24:13
"Terang Bulan Bangka C.N.K, Karang Empat Besar",Kapal Selam Vegetarian,"Kentang sebagai pengganti ikan, cuko tanpa bawang cocok utk vegetarian / alergi ikan, isi telur",37.500,2025-07-04 21:24:13
"Terang Bulan Bangka C.N.K, Karang Empat Besar",Lenjer GORENG Vegetarian,"Difoto Lenjer Rebus, Kentang Sebagai Pengganti Ikan ,cuko Tanpa Bawang Putih Bila Tdk Suka Goreng Boleh Request Di RESTO bukan Driver , Tanpa Isi Telur",35.000,2025-07-04 21:24:13
"Terang Bulan Bangka C.N.K, Karang Empat Besar",Cuko Bawang Botol 100Ml,N/A,8.000,2025-07-04 21:24:13
"Terang Bulan Bangka C.N.K, Karang Empat Besar",Pempek Ikan Kapal Selam JUMBO,Ikan Tenggiri Premium Asli,37.000,2025-07-04 21:24:13
"Terang Bulan Bangka C.N.K, Karang Empat Besar",Pempek Ikan Kapal Selam Biasa,N/A,28.000,2025-07-04 21:24:13
"Terang Bulan Bangka C.N.K, Karang Empat Besar",Pempek Ikan Lenjer JUMBO,Ikan Tenggiri Premium Asli,34.000,2025-07-04 21:24:13
"Terang Bulan Bangka C.N.K, Karang Empat Besar",Pempek Ikan Lenjer Biasa,N/A,28.000,2025-07-04 21:24:13
"Terang Bulan Bangka C.N.K, Karang Empat Besar",Pempek Ikan Mix,"Ikan Tenggiri Premium Asli, Isi 1kapal selam kecil + 1 lenjer kecil",37.000,2025-07-04 21:24:13
"Terang Bulan Bangka C.N.K, Karang Empat Besar",Lenggang Ikan,Telur Yg Didadar Dengan Potongan Pempek,29.000,2025-07-04 21:24:13
"Terang Bulan Bangka C.N.K, Karang Empat Besar",Pempek adaan (3pcs),"Terbuat Dari Ikan Tenggiri Premium,memiliki Aroma Yg Lbh Wangi Krn Ada Bawang Daun Dan Santan Sudah Dapat Cuko,sambal,mie Dan Timun",33.000,2025-07-04 21:24:13
"Terang Bulan Bangka C.N.K, Karang Empat Besar",PAKET B,1 Kapal Selam Kecil+1 Lenjer Kecil+ 1adaan,46.000,2025-07-04 21:24:13
"Terang Bulan Bangka C.N.K, Karang Empat Besar",Es kacang ijo,"K. ijo, santan, agar2, es pasrah dan skm",15.000,2025-07-04 21:24:13
"Terang Bulan Bangka C.N.K, Karang Empat Besar",Es Kacang Ijo Jumbo,1 porsi setengah dari biasa,19.000,2025-07-04 21:24:13
"Terang Bulan Bangka C.N.K, Karang Empat Besar",Es kacang ijo degan,N/A,16.000,2025-07-04 21:24:13
"Terang Bulan Bangka C.N.K, Karang Empat Besar",Es Kacang Ijo Jumbo Degan,N/A,22.000,2025-07-04 21:24:13
"Terang Bulan Bangka C.N.K, Karang Empat Besar",Es K. Ijo Nangka,Dengan buah nangka,19.000,2025-07-04 21:24:13
"Terang Bulan Bangka C.N.K, Karang Empat Besar",Es K. Ijo Jumbo Nangka,Porsi jumbo lebih besar,25.000,2025-07-04 21:24:13
"Terang Bulan Bangka C.N.K, Karang Empat Besar",Es Duren,"Bagi penggemar duren, isinya : Daging duren 2 potong , degan, agar.",37.000,2025-07-04 21:24:13
"Terang Bulan Bangka C.N.K, Karang Empat Besar",Kacang ijo Hangat degan,N/A,16.000,2025-07-04 21:24:13
"Terang Bulan Bangka C.N.K, Karang Empat Besar",Kacang Ijo Hangat Roti,N/A,16.000,2025-07-04 21:24:13
"Terang Bulan Bangka C.N.K, Karang Empat Besar",Es NANGKA,"Nangka, Degan,agar2, Santan, Sirup Merah, Susu",22.000,2025-07-04 21:24:13
"Terang Bulan Bangka C.N.K, Karang Empat Besar",Es Degan,"Air Degan, Degan, Sirup dan Es Batu Kristal",16.000,2025-07-04 21:24:13
"Terang Bulan Bangka C.N.K, Karang Empat Besar",Es Degan Susu,"Air Degan, Degan, Sirup,susu Dan Es Batu Kristal",19.000,2025-07-04 21:24:13
"Terang Bulan Bangka C.N.K, Karang Empat Besar",Es Kacang Ijo Duren (Medan),Es Kacang Ijo Dengan Duren Medan Kualitas,25.000,2025-07-04 21:24:13
"Terang Bulan Bangka C.N.K, Karang Empat Besar",Saridele Original Kecil 330ml,Asli dan tanpa bahan pengawet,11.000,2025-07-04 21:24:13
"Terang Bulan Bangka C.N.K, Karang Empat Besar","Saridele Original Besar 1, 5Ltr Manis","Gula asli dan tanpa bahan pengawet (1, 5ltr)",35.000,2025-07-04 21:24:13
"Terang Bulan Bangka C.N.K, Karang Empat Besar",Sari Dele Kecil 330ml RASA COKELAT,Saridele Kental Dan Murni Rasa Cokelat,12.500,2025-07-04 21:24:13
"Terang Bulan Bangka C.N.K, Karang Empat Besar",Sari Dele Kecil 330Ml Rasa Strawberry,Sari dele murni dan kental dg rasa strawberry,12.500,2025-07-04 21:24:13
"Terang Bulan Bangka C.N.K, Karang Empat Besar","Sari Dele Besar 1,5 Ltr Tawar Tanpa Gula",Sari dele original tawar tanpa gula,35.000,2025-07-04 21:24:13
"Terang Bulan Bangka C.N.K, Karang Empat Besar",Terang Bulan Pisang Butter Special,Terang Bulan Pisang Susu Dan Butter,105.000,2025-07-04 21:24:13
"Terang Bulan Bangka C.N.K, Karang Empat Besar",Terang Bulan Pisang Cokelat Keju Special,Terang Bulan Pisang Cokelat Dan Keju,105.000,2025-07-04 21:24:13
"Surabaya Patata, Dharmahusada",Black Patata,Salah satu varian best seller di Surabaya Patata yakni Black Patata. Coklat filling di dalam serta taburan khas dari oreo semakin memanjakan lidah di tiap gigitannya.,99.000,2025-07-04 21:24:46
"Surabaya Patata, Dharmahusada",Cheese Patata,"Terbuat dari kentang pilihan, keju filling dan taburan keju parut adalah penampilan ciamik dari Cheese Patata. Soal rasa, jangan lagi ditanya. Bagi penggemar keju,",99.000,2025-07-04 21:24:46
"Surabaya Patata, Dharmahusada",Nutella Patata,varian lain dari cake Surabaya Patata. Paduan olahan antara coklat filling dan peanut butternya benar-benar menghasilkan cake yang bisa dinikmati semua kalangan usia.,99.000,2025-07-04 21:24:46
"Surabaya Patata, Dharmahusada",Greentea Patata,"salah satu varian cake Patata yang memiliki warna lebih menyolok dari yang lain. Tak mengherankan juga, karena meskipun ada coklat filling di dalam taburan Green Tea sebagai topping semakin melengkapi rasa yang ada di dalamnya.",97.000,2025-07-04 21:24:46
"Surabaya Patata, Dharmahusada",Tiramisu Patata,"Varian cake Surabaya Patata berbahan dasar kentang dengan cita rasa tiramisu yang khas. Dilengkapi dengan filling dari perpaduan coklat, moka, dan keju. Ditambah dengan taburan biskuit bercita rasa kopi yang dihaluskan,",97.000,2025-07-04 21:24:46
"Surabaya Patata, Dharmahusada",Black Patata,Salah satu varian best seller di Surabaya Patata yakni Black Patata. Coklat filling di dalam serta taburan khas dari oreo semakin memanjakan lidah di tiap gigitannya.,99.000,2025-07-04 21:24:46
"Surabaya Patata, Dharmahusada",Cheese Patata,"Terbuat dari kentang pilihan, keju filling dan taburan keju parut adalah penampilan ciamik dari Cheese Patata. Soal rasa, jangan lagi ditanya. Bagi penggemar keju,",99.000,2025-07-04 21:24:46
"Surabaya Patata, Dharmahusada",Greentea Patata,"salah satu varian cake Patata yang memiliki warna lebih menyolok dari yang lain. Tak mengherankan juga, karena meskipun ada coklat filling di dalam taburan Green Tea sebagai topping semakin melengkapi rasa yang ada di dalamnya.",97.000,2025-07-04 21:24:46
"Surabaya Patata, Dharmahusada",Nutella Patata,varian lain dari cake Surabaya Patata. Paduan olahan antara coklat filling dan peanut butternya benar-benar menghasilkan cake yang bisa dinikmati semua kalangan usia.,99.000,2025-07-04 21:24:46
"Surabaya Patata, Dharmahusada",Tiramisu Patata,"Varian cake Surabaya Patata berbahan dasar kentang dengan cita rasa tiramisu yang khas. Dilengkapi dengan filling dari perpaduan coklat, moka, dan keju. Ditambah dengan taburan biskuit bercita rasa kopi yang dihaluskan,",97.000,2025-07-04 21:24:46
"Surabaya Patata, Dharmahusada",Red velvet Patata,N/A,97.000,2025-07-04 21:24:46
"Surabaya Patata, Dharmahusada",Doublechoco Patata,"Patata Double Choco dengan coklat yang melimpah, paduan roti cokelat lembut dengan toping parutan cokelat dan filling coklat lumer, penuh rasa cokelat dalam satu kue Surabaya Patata yang spesial.",97.000,2025-07-04 21:24:46
"Surabaya Patata, Dharmahusada",Flash Sale 2 Patata,Variannya menyesuaikan stok yang ready di outlet.,150.000,2025-07-04 21:24:46
"Surabaya Patata, Dharmahusada",Strawberry Patata,"Varian cake Patata yang Manis dan Segar, dengan isian selai strawberry yang lumer, topping cokelat putih melimpah, dan roti khas Patata yang lembut, semua hadir dalam Strawberry Patata.",87.500,2025-07-04 21:24:46
"Surabaya Patata, Dharmahusada",Coffee Patata,"Nikmati cita rasa kopi dalam setiap gigitan Coffee Patata, dengan perpaduan roti lembut, filling cream kopi dan toping taburan coklat melimpah. Coffee Patata teman seru untuk menemani kegiatan setiap hari.",93.500,2025-07-04 21:24:46
"Surabaya Patata, Dharmahusada",PATATA TARO,"Nikmati rasa manis dan creamy dari Taro Patata, dengan taburan toping, dan filling rasa taro spesial dari Surabaya Patata.",91.000,2025-07-04 21:24:46
"Surabaya Patata, Dharmahusada",Lapis Patata Original,Lapis Kukus Dengan Rasa Cokelat Original Dan Toping Meses Cokelat.,59.000,2025-07-04 21:24:46
"Surabaya Patata, Dharmahusada",Lapis Patata Cheese,Lapis Kukus Dengan Taburan Keju Parut.,59.000,2025-07-04 21:24:46
"Surabaya Patata, Dharmahusada",Lapis Patata Choco Peanut,Lapis Kukus Dengan Taburan Kacang Dan Meses Cokelat.,59.000,2025-07-04 21:24:46
"Surabaya Patata, Dharmahusada",Lapis Patata Choco Holic,Lapis Kukus Dengan Toping Cokelat Lumer Dan Selai Strawberry.,59.000,2025-07-04 21:24:46
"Surabaya Patata, Dharmahusada",Lapis Patata Black Forest,"Nikmati cita rasa yang lebih premium di Lapis Patata Black Forest, memadukan kelembutan kue lapis patata, dengan cita rasa elegan cokelat hitam, krim lembut, dan sentuhan rasa ala Black Forest.",68.000,2025-07-04 21:24:46
"Surabaya Patata, Dharmahusada",Lapis Patata Choco Pandan,Lapis Kukus Dengan Rasa Pandan Dan Toping Cokelat Putih.,59.000,2025-07-04 21:24:46
"Surabaya Patata, Dharmahusada",Lapis Patata Durian,Lapis Kukus Dengan Rasa Durian.,59.000,2025-07-04 21:24:46
"Surabaya Patata, Dharmahusada",Brownies Patata Chocolate,"Brownies yang padat akan rasa cokelat yang nikmat, cocok untuk penggemar cokelat !",59.000,2025-07-04 21:24:46
"Surabaya Patata, Dharmahusada",Brownies Patata Nutella,"Brownies spesial dengan kombinasi cokelat dan kacang, rasakan pengalaman manis Brownies Patata !",59.000,2025-07-04 21:24:46
"Surabaya Patata, Dharmahusada",Brownies Patata Cheese,"Brownies dengan perpaduan rasa manis dan gurih yang lezat, nikmati spesialnya brownies dengan taburan keju yang lezat !",59.000,2025-07-04 21:24:46
"Surabaya Patata, Dharmahusada",PAPIA KEJU,"Papia Keju:Papia bakpia rasa keju hadir dengan sentuhan modern yang menggoda lidah. Kulitnya lembut, isi keju dengan cita rasa gurih, dan manis yang lezat.",59.000,2025-07-04 21:24:46
"Surabaya Patata, Dharmahusada",Papia Cokelat,"Papia cokelat:rasakan perpaduan sempurna antara kulit bakpia yang lembut dan isian cokelat yang melimpah, manis, dan bikin nagih. Papia rasa cokelat cocok jadi teman santai, camilan harian, atau oleh-oleh.",59.000,2025-07-04 21:24:46
"Surabaya Patata, Dharmahusada",PAPIA KACANG HIJAU,"Papia Kacang Hijau:Rasakan kelezatan klasik dalam setiap gigitan Papia! Bakpia rasa kacang hijau ini menghadirkan perpaduan kulit lembut dan isian kacang hijau yang manis, halus, dan menggugah selera",59.000,2025-07-04 21:24:46
"Surabaya Patata, Dharmahusada",PAPIA KACANG MERAH,"Papia Kacang Merah:Papia Bakpia kacang merah, Camilan Lembut Bikin Nagih!Manisnya kacang merah dibalut kulit bakpia yang lembut pas banget buat nemenin santai atau jadi oleh-oleh.",59.000,2025-07-04 21:24:46
"Surabaya Patata, Dharmahusada",Bundling 3 Lapis Patata,Bisa Disertakan Untuk Varian Rasa Di Catatan Ya.,140.000,2025-07-04 21:24:46
"Kebab Kings, Kenjeran",Kebab Beef Ori,N/A,30.000,2025-07-04 21:25:16
"Kebab Kings, Kenjeran",Maryam KingChiz,N/A,23.000,2025-07-04 21:25:16
"Kebab Kings, Kenjeran",Kebab Beef Jumbo + Teh Botol,N/A,38.000,2025-07-04 21:25:16
"Kebab Kings, Kenjeran",Teh Pucuk Harum,N/A,8.000,2025-07-04 21:25:16
"Kebab Kings, Kenjeran",Combo Beef,N/A,89.000,2025-07-04 21:25:16
"Kebab Kings, Kenjeran",Promo Gajian,N/A,90.000,2025-07-04 21:25:16
"Kebab Kings, Kenjeran",Burger Blackpepa,N/A,29.000,2025-07-04 21:25:16
"Kebab Kings, Kenjeran",Kebab Veggies Healthy Choice,N/A,20.000,2025-07-04 21:25:16
"Kebab Kings, Kenjeran",Combo Duet,"Kebab Crunchy, Kebab Blackpepa, Kebab Tuna",90.000,2025-07-04 21:25:16
"Kebab Kings, Kenjeran",Combo Chiz,"Kebab Supreme, Kebab King Chiz, Chiz Burger",93.000,2025-07-04 21:25:16
"Kebab Kings, Kenjeran",Combo Beef,"Kebab Beef Jumbo, Kebab Beeful, Beef Burger",89.000,2025-07-04 21:25:16
"Kebab Kings, Kenjeran",Promo Gajian,3 kebab king beef original,90.000,2025-07-04 21:25:16
"Kebab Kings, Kenjeran",Kebab Beef Jumbo + Teh Botol,Kebab beef jumbo + teh pucuk 350ml,38.000,2025-07-04 21:25:16
"Kebab Kings, Kenjeran",Kebab Beef Ori,Kebab dengan isian Daging Sapi + Sayur,30.000,2025-07-04 21:25:16
"Kebab Kings, Kenjeran",Kebab Crunchy,Kebab Dengan Isian Crispy Chicken + Sayur,30.000,2025-07-04 21:25:16
"Kebab Kings, Kenjeran",Kebab Omeleto,"Kebab dengan isian sosis sapi, telur dan keju",32.000,2025-07-04 21:25:16
"Kebab Kings, Kenjeran",Kebab King Chiz,"Kebab dengan isian daging,keju dan saus keju",32.000,2025-07-04 21:25:16
"Kebab Kings, Kenjeran",Kebab BlackPepa,"Kebab dengan isian daging, telur dan saus blackpepper",32.000,2025-07-04 21:25:16
"Kebab Kings, Kenjeran",Kebab Beefull,Kebab dengan isian daging yg berlimpah,32.000,2025-07-04 21:25:16
"Kebab Kings, Kenjeran",Kebab Supreme,"Kebab dengan isian daging, telur dan keju",32.000,2025-07-04 21:25:16
"Kebab Kings, Kenjeran",Kebab Tuna,Kebab dengan isian tuna dan sayur,28.000,2025-07-04 21:25:16
"Kebab Kings, Kenjeran",Kebab Sosisz,Kebab dengan isian sosis sapi dan sayur,28.000,2025-07-04 21:25:16
"Kebab Kings, Kenjeran",Kebab Veggies Healthy Choice,"Kebab dengan isian lettuce, timun, tomat dan bawang bombay dengan atau tanpa saus tomat, saus sambal serta mayo. untuk kamu yang pengen makan healthy ya",20.000,2025-07-04 21:25:16
"Kebab Kings, Kenjeran",Hotdog,Roti Hotdog dengan isi sosis sapi dan sayur,25.000,2025-07-04 21:25:16
"Kebab Kings, Kenjeran",Burger Beef,Roti dengan isian sayur dan beef patties yg lezat,27.000,2025-07-04 21:25:16
"Kebab Kings, Kenjeran",Burger Chicken,Roti burger dengan isian chicken patties dan sayuran,26.000,2025-07-04 21:25:16
"Kebab Kings, Kenjeran",Burger Crunchy,Burger dengan isian sayur dan chicken crispy,27.000,2025-07-04 21:25:16
"Kebab Kings, Kenjeran",Maxduo Beef,Roti Burger Max dengan isian double beef patties dan sayuran,30.000,2025-07-04 21:25:16
"Kebab Kings, Kenjeran",Maxduo Chicken,Roti Burger Max dengan isian double chicken patties dan sayuran,30.000,2025-07-04 21:25:16
"Kebab Kings, Kenjeran",Maxduo Beef Chicken,"Roti burger max dengan isian chicken patties, beef patties dan sayuran",30.000,2025-07-04 21:25:16
"Kebab Kings, Kenjeran",Burger Blackpepa,"Burger dengan isian beef patties, sayur dan saus blackpepper",29.000,2025-07-04 21:25:16
"Kebab Kings, Kenjeran",Burger CHIZY,"Burger Beef Dengan Double Cheese, Sayur (Lettuce, Tomat, Timun, Dan Bombay) Saus Tomat Dan Atau Saus Tomat Dan Mayo",30.000,2025-07-04 21:25:16
"Kebab Kings, Kenjeran",Maryam KingChiz,Roti canai keju + saus keju,23.000,2025-07-04 21:25:16
"Kebab Kings, Kenjeran",Maryam Cheezweet,Canai dengan meses dan parutan keju,23.000,2025-07-04 21:25:16
"Kebab Kings, Kenjeran",Roti Canai Ori Sugar,Maryam Dengan Taburan Gula Lezaatt. Cocok Untuk Pecinta Original,20.000,2025-07-04 21:25:16
"Kebab Kings, Kenjeran",Keju,N/A,7.000,2025-07-04 21:25:16
"Kebab Kings, Kenjeran",Telur,N/A,7.000,2025-07-04 21:25:16
"Kebab Kings, Kenjeran",Teh Pucuk Harum,Extra teh pucuk harum 350ml,8.000,2025-07-04 21:25:16
"Tahu Tek Pak Jayen, Dharmahusada",Tahu Telur Komplit,"Isi : tahu, telor, lontong, kentang, kecambah",25.000,2025-07-04 21:25:36
"Tahu Tek Pak Jayen, Dharmahusada",Tahu Telor Jumbo,Telur dua,32.000,2025-07-04 21:25:36
"Tahu Tek Pak Jayen, Dharmahusada",Tahu Telur Komplit,"Isi : tahu, telor, lontong, kentang, kecambah",25.000,2025-07-04 21:25:36
"Tahu Tek Pak Jayen, Dharmahusada",Tambah Telur,N/A,8.000,2025-07-04 21:25:36
"Tahu Tek Pak Jayen, Dharmahusada",Tambah Kerupuk + Bumbu,N/A,15.000,2025-07-04 21:25:36
"Tahu Tek Pak Jayen, Dharmahusada",Tambah Kentang,N/A,5.000,2025-07-04 21:25:36
"Tahu Tek Pak Jayen, Dharmahusada",Tahu Telur (lontong Ganti Kentang) Super Pedes,lontong diganti kentang,25.000,2025-07-04 21:25:36
"Tahu Tek Pak Jayen, Dharmahusada",Tahu Telor Komplit (super Pedes),"Isi : tahu, telor, lontong, kentang, kecambah",25.000,2025-07-04 21:25:36
"Tahu Tek Pak Jayen, Dharmahusada",Tahu Telur Komplit (Pedes),"Isi : tahu, telor, lontong, kentang, kecambah",25.000,2025-07-04 21:25:36
"Tahu Tek Pak Jayen, Dharmahusada",Tahu Telor Komplit (pedes Sedang),"Isi : tahu, telor, lontong, kentang, kecambah",25.000,2025-07-04 21:25:36
"Tahu Tek Pak Jayen, Dharmahusada",Tahu Telor Komplit (tidak Pedas),"Isi : tahu, telor, lontong, kentang, kecambah",25.000,2025-07-04 21:25:36
"Tahu Tek Pak Jayen, Dharmahusada",Tahu Telor (lontong Ganti Kentang) Pedes,Tanpa lontong,25.000,2025-07-04 21:25:36
"Malika Kebab 14, Tambaksari",Burger Chicken,"Daging patty ayam dengan roti burger yang lembut dan dipadukan dengan lettuce segar, mayonais, saus tomat, saus sambal...",15.300,2025-07-04 21:26:13
"Malika Kebab 14, Tambaksari",Kebab Small,"Kulit kebab ukuran small dengan isi daging kebab sapi, lettuce, mayo, saus tomat & sambal.",12.200,2025-07-04 21:26:13
"Malika Kebab 14, Tambaksari",Kebab Mini,"Kebab dengan ukuran mini dengan isi daging kebab sapi, lettuce, mayo, saus tomat & sambal.",9.500,2025-07-04 21:26:13
"Malika Kebab 14, Tambaksari",Paket A,1 Kebab Xtra Large + 1 Pet Coca Cola 250ml/Sprite 250ml/Fanta 250ml,27.000,2025-07-04 21:26:13
"Malika Kebab 14, Tambaksari",Hotdog Hemat,Hotdog versi hemat,8.100,2025-07-04 21:26:13
"Malika Kebab 14, Tambaksari",French Fries (Small),Kentang goreng,9.900,2025-07-04 21:26:13
"Malika Kebab 14, Tambaksari",French Fries (Medium),Kentang goreng,17.100,2025-07-04 21:26:13
"Malika Kebab 14, Tambaksari",Burger Kebab Slice,Roti Bun Dengan Daging Kebab Slice,14.900,2025-07-04 21:26:13
"Malika Kebab 14, Tambaksari",Kebab Small,"Kulit kebab ukuran small dengan isi daging kebab sapi, lettuce, mayo, saus tomat & sambal.",12.200,2025-07-04 21:26:13
"Malika Kebab 14, Tambaksari",Paket B,1 Beef Patty Burger + 1 Beef Premium Burger + 1 Chciken Burger + 1 Pet Coca Cola 250ml/Sprite 250ml/Fanta 250ml,48.600,2025-07-04 21:26:13
"Malika Kebab 14, Tambaksari",Hotdog Kebab Slice,Roti Hotdog Dengan Daging Kebab,17.600,2025-07-04 21:26:13
"Malika Kebab 14, Tambaksari",French Fries (Large),Kentang goreng,23.400,2025-07-04 21:26:13
"Malika Kebab 14, Tambaksari",Paket C,1 Beef Patty Burger + 1 Beef Premium Burger + 1 Chciken Burger + 2 Small Fries + 1 Pet Coca Cola 250ml/Sprite 250ml/Fanta 250ml,66.600,2025-07-04 21:26:13
"Malika Kebab 14, Tambaksari",Burger Beef Patty,"Roti Bun Dengan Daging Patty, lettuce, mayo dan saus.",17.100,2025-07-04 21:26:13
"Malika Kebab 14, Tambaksari",Kebab Medium,"Kulit kebab ukuran medium dengan isi daging kebab sapi, lettuce, mayonais, saus tomat & sambal.",16.200,2025-07-04 21:26:13
"Malika Kebab 14, Tambaksari",Hotdog Sosis,Roti Hotdog Dengan Sosis,18.900,2025-07-04 21:26:13
"Malika Kebab 14, Tambaksari",Sosis Bakar,"Sosis Beef Breatwurst Dengan Lettuce, Mayo Dan saus",14.900,2025-07-04 21:26:13
"Malika Kebab 14, Tambaksari",Burger Beef Patty Double,"Roti burger dengan isi 2 daging patty, lettuce, mayo & saus. siap memanjakan lidah anda",22.500,2025-07-04 21:26:13
"Malika Kebab 14, Tambaksari",Kebab Large,"Kulit kebab ukuran large dengan isi daging kebab sapi, lettuce, mayonais, saus tomat & sambal.",21.600,2025-07-04 21:26:13
"Malika Kebab 14, Tambaksari",Paket Hemat BerLima,5 Kebab Medium + 3 Pet Coca Cola 250ml,87.800,2025-07-04 21:26:13
"Malika Kebab 14, Tambaksari",Burger Beef Premium,Roti Bun Dengan Daging Patty Extra Lembut,17.100,2025-07-04 21:26:13
"Malika Kebab 14, Tambaksari",Kebab Xtra Large,"Kulit kebab ukuran xtra large dengan isi daging kebab sapi, lettuce, mayonais, saus tomat dan saus sambal.",25.200,2025-07-04 21:26:13
"Malika Kebab 14, Tambaksari",Paket Hemat BerTujuh,7 Kebab Medium + 5 Pet Coca Cola 250ml,128.300,2025-07-04 21:26:13
"Malika Kebab 14, Tambaksari",Burger Beef Premium Double,Porsi daging premium double (2 daging patty premium super lembut) cocok buat kamu yang belum makan sebulan.,22.500,2025-07-04 21:26:13
"Malika Kebab 14, Tambaksari",Chicken Wrap,"Kulit kebab dengan isi potongan daging ayam, lettuce, mayonais, saus tomat & sambal...",17.600,2025-07-04 21:26:13
"Malika Kebab 14, Tambaksari",Burger Chicken,"Daging patty ayam dengan roti burger yang lembut dan dipadukan dengan lettuce segar, mayonais, saus tomat, saus sambal...",15.300,2025-07-04 21:26:13
"Malika Kebab 14, Tambaksari",Kebab Sosis,"Kulit kebab dengan isi sosis sapi, lettuce, mayonais, saus tomat & saus sambal",18.900,2025-07-04 21:26:13
"Malika Kebab 14, Tambaksari",Burger Chicken Double,N/A,22.500,2025-07-04 21:26:13
"Malika Kebab 14, Tambaksari",Frozen kebab hemat isi 10 pcs,"Frozen kebab siap masak, harga lebih ekonomis",33.300,2025-07-04 21:26:13
"Malika Kebab 14, Tambaksari",Frozen kebab premium isi 5,"Kebab instan siap masak, bisa disimpan di kulkas hingga 30 hari.. Cocok buat bekal dan stok kalo laper tengah malam..",31.500,2025-07-04 21:26:13
"Malika Kebab 14, Tambaksari",Frozen kebab premium isi 10,"Kebab Instan siap masak, Cukup dipanaskan diatas teflon selama 5 menit hingga warna kecoklatan.. Tersedia dalam varian : Pedas Sayur, Original, pedas tanpa sayur, original tanpa sayur.. Cocok untuk bekal keluarga..",58.500,2025-07-04 21:26:13
"Malika Kebab 14, Tambaksari",Roti Maryam Original Susu,Roti Maryam Gurih Dengan Toping Susu,12.200,2025-07-04 21:26:13
"Malika Kebab 14, Tambaksari",Burger Hemat,"Burger versi hemat dengan isi smoked beef, lettuce saus dan mayonais",8.100,2025-07-04 21:26:13
"Malika Kebab 14, Tambaksari",Lettuce Salad With Mayo Dressing,Fresh lettuce + Fresh mayo,9.000,2025-07-04 21:26:13
"Malika Kebab 14, Tambaksari",Roti Maryam Cokelat,Roti Maryam Isi Toping Cokelat Lumer,11.300,2025-07-04 21:26:13
"Malika Kebab 14, Tambaksari",Roti Maryam Keju,Roti maryam dengan isi toping keju di dalam...,11.300,2025-07-04 21:26:13
"Malika Kebab 14, Tambaksari",Hotdog Longbun 35 cm,"Roti longbun 35 cm dengan isi 2 sosis, 3 smoked beef, lettuce, saus dan mayonais",60.800,2025-07-04 21:26:13
"Malika Kebab 14, Tambaksari",Roti Maryam Kacang Hijau,Roti Maryam Dengan Toping Kacang Hijau Di Dalam,11.300,2025-07-04 21:26:13
"Malika Kebab 14, Tambaksari",Malika iced coffee latte,kopi susu spesial persrmbahan malika kebab.,6.400,2025-07-04 21:26:13
"Malika Kebab 14, Tambaksari",French Fries (Large),N/A,23.400,2025-07-04 21:26:13
"Malika Kebab 14, Tambaksari",Paket A,1 Kebab Xtra Large + 1 Pet Coca Cola 250ml/Sprite 250ml/Fanta 250ml,27.000,2025-07-04 21:26:13
"Malika Kebab 14, Tambaksari",Paket B,1 Beef Patty Burger + 1 Beef Premium Burger + 1 Chciken Burger + 1 Pet Coca Cola 250ml/Sprite 250ml/Fanta 250ml,48.600,2025-07-04 21:26:13
"Malika Kebab 14, Tambaksari",Paket C,1 Beef Patty Burger + 1 Beef Premium Burger + 1 Chciken Burger + 2 Small Fries + 1 Pet Coca Cola 250ml/Sprite 250ml/Fanta 250ml,66.600,2025-07-04 21:26:13
"Malika Kebab 14, Tambaksari",Paket Hemat BerLima,5 Kebab Medium + 3 Pet Coca Cola 250ml,87.800,2025-07-04 21:26:13
"Malika Kebab 14, Tambaksari",Paket Hemat BerTujuh,7 Kebab Medium + 5 Pet Coca Cola 250ml,128.300,2025-07-04 21:26:13
"Malika Kebab 14, Tambaksari",Kebab Mini,"Kebab dengan ukuran mini dengan isi daging kebab sapi, lettuce, mayo, saus tomat & sambal.",9.500,2025-07-04 21:26:13
"Malika Kebab 14, Tambaksari",Kebab Small,"Kulit kebab ukuran small dengan isi daging kebab sapi, lettuce, mayo, saus tomat & sambal.",12.200,2025-07-04 21:26:13
"Malika Kebab 14, Tambaksari",Kebab Medium,"Kulit kebab ukuran medium dengan isi daging kebab sapi, lettuce, mayonais, saus tomat & sambal.",16.200,2025-07-04 21:26:13
"Malika Kebab 14, Tambaksari",Kebab Large,"Kulit kebab ukuran large dengan isi daging kebab sapi, lettuce, mayonais, saus tomat & sambal.",21.600,2025-07-04 21:26:13
"Malika Kebab 14, Tambaksari",Kebab Xtra Large,"Kulit kebab ukuran xtra large dengan isi daging kebab sapi, lettuce, mayonais, saus tomat dan saus sambal.",25.200,2025-07-04 21:26:13
"Malika Kebab 14, Tambaksari",Chicken Wrap,"Kulit kebab dengan isi potongan daging ayam, lettuce, mayonais, saus tomat & sambal...",17.600,2025-07-04 21:26:13
"Malika Kebab 14, Tambaksari",Kebab Sosis,"Kulit kebab dengan isi sosis sapi, lettuce, mayonais, saus tomat & saus sambal",18.900,2025-07-04 21:26:13
"Malika Kebab 14, Tambaksari",Frozen kebab hemat isi 10 pcs,"Frozen kebab siap masak, harga lebih ekonomis",33.300,2025-07-04 21:26:13
"Malika Kebab 14, Tambaksari",Frozen kebab premium isi 5,"Kebab instan siap masak, bisa disimpan di kulkas hingga 30 hari.. Cocok buat bekal dan stok kalo laper tengah malam..",31.500,2025-07-04 21:26:13
"Malika Kebab 14, Tambaksari",Frozen kebab premium isi 10,"Kebab Instan siap masak, Cukup dipanaskan diatas teflon selama 5 menit hingga warna kecoklatan.. Tersedia dalam varian : Pedas Sayur, Original, pedas tanpa sayur, original tanpa sayur.. Cocok untuk bekal keluarga..",58.500,2025-07-04 21:26:13
"Malika Kebab 14, Tambaksari",Burger Kebab Slice,Roti Bun Dengan Daging Kebab Slice,14.900,2025-07-04 21:26:13
"Malika Kebab 14, Tambaksari",Burger Beef Patty,"Roti Bun Dengan Daging Patty, lettuce, mayo dan saus.",17.100,2025-07-04 21:26:13
"Malika Kebab 14, Tambaksari",Burger Beef Patty Double,"Roti burger dengan isi 2 daging patty, lettuce, mayo & saus. siap memanjakan lidah anda",22.500,2025-07-04 21:26:13
"Malika Kebab 14, Tambaksari",Burger Beef Premium,Roti Bun Dengan Daging Patty Extra Lembut,17.100,2025-07-04 21:26:13
"Malika Kebab 14, Tambaksari",Burger Beef Premium Double,Porsi daging premium double (2 daging patty premium super lembut) cocok buat kamu yang belum makan sebulan.,22.500,2025-07-04 21:26:13
"Malika Kebab 14, Tambaksari",Burger Chicken,"Daging patty ayam dengan roti burger yang lembut dan dipadukan dengan lettuce segar, mayonais, saus tomat, saus sambal...",15.300,2025-07-04 21:26:13
"Malika Kebab 14, Tambaksari",Burger Chicken Double,N/A,22.500,2025-07-04 21:26:13
"Malika Kebab 14, Tambaksari",Burger Hemat,"Burger versi hemat dengan isi smoked beef, lettuce saus dan mayonais",8.100,2025-07-04 21:26:13
"Malika Kebab 14, Tambaksari",Hotdog Hemat,Hotdog versi hemat,8.100,2025-07-04 21:26:13
"Malika Kebab 14, Tambaksari",Hotdog Kebab Slice,Roti Hotdog Dengan Daging Kebab,17.600,2025-07-04 21:26:13
"Malika Kebab 14, Tambaksari",Hotdog Sosis,Roti Hotdog Dengan Sosis,18.900,2025-07-04 21:26:13
"Malika Kebab 14, Tambaksari",Hotdog Longbun 35 cm,"Roti longbun 35 cm dengan isi 2 sosis, 3 smoked beef, lettuce, saus dan mayonais",60.800,2025-07-04 21:26:13
"Malika Kebab 14, Tambaksari",French Fries (Small),Kentang goreng,9.900,2025-07-04 21:26:13
"Malika Kebab 14, Tambaksari",French Fries (Medium),Kentang goreng,17.100,2025-07-04 21:26:13
"Malika Kebab 14, Tambaksari",French Fries (Large),Kentang goreng,23.400,2025-07-04 21:26:13
"Malika Kebab 14, Tambaksari",Sosis Bakar,"Sosis Beef Breatwurst Dengan Lettuce, Mayo Dan saus",14.900,2025-07-04 21:26:13
"Malika Kebab 14, Tambaksari",Vit Gelas 220 ml,Vit Gelas 220 ml,1.500,2025-07-04 21:26:13
"Malika Kebab 14, Tambaksari",Vit Botol 1500 ml,Vit botol 1500 ml,10.000,2025-07-04 21:26:13
"Malika Kebab 14, Tambaksari",Teh Pucuk Harum 350ml,Teh Pucuk Harum Ukuran 350ml,6.000,2025-07-04 21:26:13
"Malika Kebab 14, Tambaksari",Coca Cola 250ml,Coca Cola 250ml,5.000,2025-07-04 21:26:13
"Malika Kebab 14, Tambaksari",Fanta 250ml,Fanta Ukuran  250ml,5.000,2025-07-04 21:26:13
"Malika Kebab 14, Tambaksari",Sprite 250ml,Sprite 250ml,5.000,2025-07-04 21:26:13
"Malika Kebab 14, Tambaksari",Vit Botol 600 ml,Vit Botol 600 ml,5.000,2025-07-04 21:26:13
"Malika Kebab 14, Tambaksari",Malika iced coffee latte,kopi susu spesial persrmbahan malika kebab.,6.400,2025-07-04 21:26:13
"Malika Kebab 14, Tambaksari",Coffee Beer,Kopi dengan soda,20.000,2025-07-04 21:26:13
"Malika Kebab 14, Tambaksari",Roti Maryam Original Susu,Roti Maryam Gurih Dengan Toping Susu,12.200,2025-07-04 21:26:13
"Malika Kebab 14, Tambaksari",Roti Maryam Cokelat,Roti Maryam Isi Toping Cokelat Lumer,11.300,2025-07-04 21:26:13
"Malika Kebab 14, Tambaksari",Roti Maryam Keju,Roti maryam dengan isi toping keju di dalam...,11.300,2025-07-04 21:26:13
"Malika Kebab 14, Tambaksari",Roti Maryam Kacang Hijau,Roti Maryam Dengan Toping Kacang Hijau Di Dalam,11.300,2025-07-04 21:26:13
"Malika Kebab 14, Tambaksari",Lettuce Salad With Mayo Dressing,Fresh lettuce + Fresh mayo,9.000,2025-07-04 21:26:13
"Malika Kebab 14, Tambaksari",Burger Beef Patty GRATIS Frisian Flag,N/A,18.900,2025-07-04 21:26:13
"Yung Ho, Dharmahusada",Bubur Ayam Bungkus,N/A,26.565,2025-07-04 21:26:41
"Yung Ho, Dharmahusada",Bubur Polos Bungkus,N/A,12.210,2025-07-04 21:26:41
"Yung Ho, Dharmahusada",Nasi Hainan Ayam (F),N/A,34.787,2025-07-04 21:26:41
"Yung Ho, Dharmahusada",Bubur Phitan Bungkus,N/A,26.565,2025-07-04 21:26:41
"Yung Ho, Dharmahusada",Ayam Goreng Kering (F),N/A,55.775,2025-07-04 21:26:41
"Yung Ho, Dharmahusada",Udang Telur Asin,N/A,65.780,2025-07-04 21:26:41
"Yung Ho, Dharmahusada",Koloke (F),N/A,61.352,2025-07-04 21:26:41
"Yung Ho, Dharmahusada",Kolobak (F),N/A,61.352,2025-07-04 21:26:41
"Yung Ho, Dharmahusada",Sapi Hongkong (F),N/A,69.575,2025-07-04 21:26:41
"Yung Ho, Dharmahusada",Sapi Karoke (F),N/A,69.575,2025-07-04 21:26:41
"Yung Ho, Dharmahusada",Kulit Ayam Gr Pedas,N/A,27.197,2025-07-04 21:26:41
"Yung Ho, Dharmahusada",Ayam Goreng Kering (F),N/A,55.775,2025-07-04 21:26:41
"Yung Ho, Dharmahusada",Baikut Madu (F),N/A,65.780,2025-07-04 21:26:41
"Yung Ho, Dharmahusada",Gurami Tahu Tausi,N/A,90.850,2025-07-04 21:26:41
"Yung Ho, Dharmahusada",Telur Caipo,N/A,30.992,2025-07-04 21:26:41
"Yung Ho, Dharmahusada",Telur Tomat,N/A,30.992,2025-07-04 21:26:41
"Yung Ho, Dharmahusada",Bubur Polos Bungkus,N/A,12.210,2025-07-04 21:26:41
"Yung Ho, Dharmahusada",Bubur Ayam Bungkus,N/A,26.565,2025-07-04 21:26:41
"Yung Ho, Dharmahusada",Bubur Phitan Bungkus,N/A,26.565,2025-07-04 21:26:41
"Yung Ho, Dharmahusada",Bubur Seafood Bungkus,N/A,27.830,2025-07-04 21:26:41
"Yung Ho, Dharmahusada",Bubur Babi Bungkus,N/A,26.565,2025-07-04 21:26:41
"Yung Ho, Dharmahusada",Bubur Ubi Bungkus,N/A,12.210,2025-07-04 21:26:41
"Yung Ho, Dharmahusada",Bubur Ikan,N/A,26.565,2025-07-04 21:26:41
"Yung Ho, Dharmahusada",Nasi Putih,N/A,11.385,2025-07-04 21:26:41
"Yung Ho, Dharmahusada",Nasi Capcay Seafood (F),N/A,44.275,2025-07-04 21:26:41
"Yung Ho, Dharmahusada",Nasi Capcay Ayam (F),N/A,37.950,2025-07-04 21:26:41
"Yung Ho, Dharmahusada",Nasi Goreng Hongkong (F),N/A,44.275,2025-07-04 21:26:41
"Yung Ho, Dharmahusada",Nasi Goreng Seafood (F),"Putih,Merah Pedas/Tidak",50.600,2025-07-04 21:26:41
"Yung Ho, Dharmahusada",Nasi Goreng Ayam (F),"Putih,Merah Pedas/Tidak",44.275,2025-07-04 21:26:41
"Yung Ho, Dharmahusada",Nasi Goreng Ikan Asin (F),N/A,44.275,2025-07-04 21:26:41
"Yung Ho, Dharmahusada",Nasi Hainan Polos (F),N/A,17.077,2025-07-04 21:26:41
"Yung Ho, Dharmahusada",Nasi Hainan Ayam (F),N/A,34.787,2025-07-04 21:26:41
"Yung Ho, Dharmahusada",Nasi Goreng Babi,"Putih,Merah Pedas/Tidak",50.600,2025-07-04 21:26:41
"Yung Ho, Dharmahusada",Nasi Goreng Yanco (F),N/A,50.600,2025-07-04 21:26:41
"Yung Ho, Dharmahusada",Mie Goreng Ayam (F),N/A,50.600,2025-07-04 21:26:41
"Yung Ho, Dharmahusada",Mie Goreng Seafood (F),N/A,56.925,2025-07-04 21:26:41
"Yung Ho, Dharmahusada",Mie Goreng Babi (F),N/A,50.600,2025-07-04 21:26:41
"Yung Ho, Dharmahusada",Tahu Ayam Hotplate,Pedas/Tidak Pedas,74.002,2025-07-04 21:26:41
"Yung Ho, Dharmahusada",Koloke (F),N/A,61.352,2025-07-04 21:26:41
"Yung Ho, Dharmahusada",Ayam Telor Asin (F),N/A,61.352,2025-07-04 21:26:41
"Yung Ho, Dharmahusada",Ayam Kungpao,N/A,46.172,2025-07-04 21:26:41
"Yung Ho, Dharmahusada",Ayam Kungpao (F),Porsi Lebih Besar,64.009,2025-07-04 21:26:41
"Yung Ho, Dharmahusada",Ayam Lada Hitam,N/A,46.172,2025-07-04 21:26:41
"Yung Ho, Dharmahusada",Ayam Lada Hitam (F),Porsi Lebih Besar,64.009,2025-07-04 21:26:41
"Yung Ho, Dharmahusada",Ayam Goreng Pedas (F),N/A,61.352,2025-07-04 21:26:41
"Yung Ho, Dharmahusada",Ayam Goreng Kering (F),N/A,55.660,2025-07-04 21:26:41
"Yung Ho, Dharmahusada",Ayam Goreng Terasi,N/A,55.660,2025-07-04 21:26:41
"Yung Ho, Dharmahusada",Ayam Rebus Bawang ( F ),N/A,46.172,2025-07-04 21:26:41
"Yung Ho, Dharmahusada",Ayam Rebus Jahe ( F ),N/A,46.172,2025-07-04 21:26:41
"Yung Ho, Dharmahusada",Kaki Ayam,N/A,22.137,2025-07-04 21:26:41
"Yung Ho, Dharmahusada",Kaki Ayam (F),Porsi lebih banyak,32.257,2025-07-04 21:26:41
"Yung Ho, Dharmahusada",Kulit Ayam Gr Pedas F,N/A,32.257,2025-07-04 21:26:41
"Yung Ho, Dharmahusada",Ayam Tim Obat,N/A,75.900,2025-07-04 21:26:41
"Yung Ho, Dharmahusada",Sapi Lada Hitam,N/A,50.600,2025-07-04 21:26:41
"Yung Ho, Dharmahusada",Sapi Lada Hitam (F),Porsi Lebih Besar,69.575,2025-07-04 21:26:41
"Yung Ho, Dharmahusada",Sapi Hongkong (F),N/A,69.575,2025-07-04 21:26:41
"Yung Ho, Dharmahusada",Sapi Karoke Pedas (F),N/A,69.575,2025-07-04 21:26:41
"Yung Ho, Dharmahusada",Sapi Sechuan F,N/A,69.575,2025-07-04 21:26:41
"Yung Ho, Dharmahusada",Sapi Paprika F,N/A,64.515,2025-07-04 21:26:41
"Yung Ho, Dharmahusada",Tahu Babi Hotplate,Pedas/Tidak Pedas,75.267,2025-07-04 21:26:41
"Yung Ho, Dharmahusada",Kolobak,N/A,61.352,2025-07-04 21:26:41
"Yung Ho, Dharmahusada",Siobak Panggang,N/A,63.250,2025-07-04 21:26:41
"Yung Ho, Dharmahusada",Samcan Hong,Isi 3 potong,46.172,2025-07-04 21:26:41
"Yung Ho, Dharmahusada",Samcan Hong (F),Isi 5 potong,60.720,2025-07-04 21:26:41
"Yung Ho, Dharmahusada",Babi Kecap,N/A,46.172,2025-07-04 21:26:41
"Yung Ho, Dharmahusada",Babi Kecap (F),Porsi Lebih Besar,65.780,2025-07-04 21:26:41
"Yung Ho, Dharmahusada",Baikut Madu (F),N/A,65.780,2025-07-04 21:26:41
"Yung Ho, Dharmahusada",Baikut Goreng,N/A,46.805,2025-07-04 21:26:41
"Yung Ho, Dharmahusada",Baikut Goreng (F),Porsi lebih besar,63.250,2025-07-04 21:26:41
"Yung Ho, Dharmahusada",Casio,N/A,46.172,2025-07-04 21:26:41
"Yung Ho, Dharmahusada",Casio (F),Porsi Lebih Besar,61.352,2025-07-04 21:26:41
"Yung Ho, Dharmahusada",Cinto Baikut,N/A,47.437,2025-07-04 21:26:41
"Yung Ho, Dharmahusada",Cinto Baikut (F),Porsi Lebih Besar,71.472,2025-07-04 21:26:41
"Yung Ho, Dharmahusada",Ma Ling,N/A,46.172,2025-07-04 21:26:41
"Yung Ho, Dharmahusada",Ma Ling (F),Porsi Lebih Besar,58.822,2025-07-04 21:26:41
"Yung Ho, Dharmahusada",Siobak Cabe Ijo (F),Porsi Lebih Besar,59.455,2025-07-04 21:26:41
"Yung Ho, Dharmahusada",Baikut Telur Asin (f),N/A,60.087,2025-07-04 21:26:41
"Yung Ho, Dharmahusada",Babi Lada Hitam (f),N/A,65.780,2025-07-04 21:26:41
"Yung Ho, Dharmahusada",Lapcong (f),Porsi Lebih Besar,60.087,2025-07-04 21:26:41
"Yung Ho, Dharmahusada",Lapcong,N/A,46.172,2025-07-04 21:26:41
"Yung Ho, Dharmahusada",Sayur Asin Babi,N/A,43.642,2025-07-04 21:26:41
"Yung Ho, Dharmahusada",Sayur Asin Babi (F),Porsi Lebih Besar,61.352,2025-07-04 21:26:41
"Yung Ho, Dharmahusada",Kuping / Cingur,N/A,46.172,2025-07-04 21:26:41
"Yung Ho, Dharmahusada",Kuping Aja F,Porsi Lebih Besar,76.532,2025-07-04 21:26:41
"Yung Ho, Dharmahusada",Hidung Aja F,Porsi Lebih Besar,76.532,2025-07-04 21:26:41
"Yung Ho, Dharmahusada",Kuping / Cingur F,Porsi Lebih Besar,76.532,2025-07-04 21:26:41
"Yung Ho, Dharmahusada",Babi Szechuan ( F ),N/A,66.412,2025-07-04 21:26:41
"Yung Ho, Dharmahusada",Babi Cincang,N/A,46.172,2025-07-04 21:26:41
"Yung Ho, Dharmahusada",Babi Cincang ( F ),Porsi Lebih Besar,61.352,2025-07-04 21:26:41
"Yung Ho, Dharmahusada",Siobak Cabe Ijo,N/A,41.745,2025-07-04 21:26:41
"Yung Ho, Dharmahusada",Tahu Seafood Hotplate,Pedas/Tidak Pedas,75.267,2025-07-04 21:26:41
"Yung Ho, Dharmahusada",Cumi Goreng Pedas (F),N/A,64.515,2025-07-04 21:26:41
"Yung Ho, Dharmahusada",Cumi Goreng Mentega (F),N/A,66.412,2025-07-04 21:26:41
"Yung Ho, Dharmahusada",Cumi Szechuan (F),N/A,66.412,2025-07-04 21:26:41
"Yung Ho, Dharmahusada",Udang Telur Asin (F),N/A,65.780,2025-07-04 21:26:41
"Yung Ho, Dharmahusada",Udang Pete,N/A,48.070,2025-07-04 21:26:41
"Yung Ho, Dharmahusada",Udang Pete (F),Porsi Lebih Besar,66.413,2025-07-04 21:26:41
"Yung Ho, Dharmahusada",Gurame Tahu Tausi ( 7-8 ons ),N/A,90.850,2025-07-04 21:26:41
"Yung Ho, Dharmahusada",Gurami Telor Asin ( 7-8 Ons ),N/A,90.850,2025-07-04 21:26:41
"Yung Ho, Dharmahusada",Gurame 3 Rasa ( 7-8 Ons ),N/A,90.850,2025-07-04 21:26:41
"Yung Ho, Dharmahusada",Udang Mayones ( F),N/A,71.472,2025-07-04 21:26:41
"Yung Ho, Dharmahusada",Scalop,N/A,44.908,2025-07-04 21:26:41
"Yung Ho, Dharmahusada",Scalop (F),Porsi Lebih Besar,61.353,2025-07-04 21:26:41
"Yung Ho, Dharmahusada",Keong Macan,N/A,46.173,2025-07-04 21:26:41
"Yung Ho, Dharmahusada",Keong Macan (F),Porsi Lebih Besar,61.353,2025-07-04 21:26:41
"Yung Ho, Dharmahusada",Keong Macan Kupas (F),Porsi Lebih Besar,72.358,2025-07-04 21:26:41
"Yung Ho, Dharmahusada",Kerang Batik,N/A,43.643,2025-07-04 21:26:41
"Yung Ho, Dharmahusada",Kerang Batik (F),Porsi Lebih Banyak,57.558,2025-07-04 21:26:41
"Yung Ho, Dharmahusada",Kul Nenek,N/A,40.480,2025-07-04 21:26:41
"Yung Ho, Dharmahusada",Kul Nenek (F),Porsi Lebih Besar,61.352,2025-07-04 21:26:41
"Yung Ho, Dharmahusada",Udang Sechuan ( F ),Porsi Lebih Besar,61.353,2025-07-04 21:26:41
"Yung Ho, Dharmahusada",Gurami Legian ( 7-8 Ons ),N/A,90.850,2025-07-04 21:26:41
"Yung Ho, Dharmahusada",Tahu Kucay,N/A,26.565,2025-07-04 21:26:41
"Yung Ho, Dharmahusada",Tahu Kucay (F),Porsi Lebih Besar,44.907,2025-07-04 21:26:41
"Yung Ho, Dharmahusada",Telur Asin,N/A,13.915,2025-07-04 21:26:41
"Yung Ho, Dharmahusada",Telur Caipo,N/A,30.992,2025-07-04 21:26:41
"Yung Ho, Dharmahusada",Telur Phitan,N/A,18.975,2025-07-04 21:26:41
"Yung Ho, Dharmahusada",Tahu Tauge (F),Porsi Lebih besar,40.480,2025-07-04 21:26:41
"Yung Ho, Dharmahusada",Muntahu (f),N/A,49.398,2025-07-04 21:26:41
"Yung Ho, Dharmahusada",Mapo Tahu (f),N/A,49.398,2025-07-04 21:26:41
"Yung Ho, Dharmahusada",Tahu Kecap (F),Porsi Lebih Besar,44.907,2025-07-04 21:26:41
"Yung Ho, Dharmahusada",Tahu Telur Asin (F),Porsi Lebih Besar,54.395,2025-07-04 21:26:41
"Yung Ho, Dharmahusada",Telur Tomat,N/A,30.992,2025-07-04 21:26:41
"Yung Ho, Dharmahusada",Sosis Gr Telur (F),N/A,37.950,2025-07-04 21:26:41
"Yung Ho, Dharmahusada",Tahu Seafood,N/A,39.848,2025-07-04 21:26:41
"Yung Ho, Dharmahusada",Tahu Seafood (F),Porsi Lebih Banyak,61.226,2025-07-04 21:26:41
"Yung Ho, Dharmahusada",Tahu Kecap,N/A,27.134,2025-07-04 21:26:41
"Yung Ho, Dharmahusada",Taoge Ikan Asin,N/A,34.787,2025-07-04 21:26:41
"Yung Ho, Dharmahusada",Buncis Sapi (F),N/A,38.582,2025-07-04 21:26:41
"Yung Ho, Dharmahusada",Buncis Szechuan (F),N/A,40.480,2025-07-04 21:26:41
"Yung Ho, Dharmahusada",Pare Udang (f),N/A,47.437,2025-07-04 21:26:41
"Yung Ho, Dharmahusada",Pare Szechuan (F),N/A,37.950,2025-07-04 21:26:41
"Yung Ho, Dharmahusada",Sayur Asin Polos,N/A,26.565,2025-07-04 21:26:41
"Yung Ho, Dharmahusada",Sayur Asin Polos (F),Porsi Lebih Besar,41.745,2025-07-04 21:26:41
"Yung Ho, Dharmahusada",Sayur Asin Pedas,N/A,26.565,2025-07-04 21:26:41
"Yung Ho, Dharmahusada",Sayur Asin Pedas (F),Porsi Lebih Besar,41.745,2025-07-04 21:26:41
"Yung Ho, Dharmahusada",Terong Balado (F),Ada tambahan teri sebagai pelengkap,32.257,2025-07-04 21:26:41
"Yung Ho, Dharmahusada",Terong Bawang Putih,N/A,24.667,2025-07-04 21:26:41
"Yung Ho, Dharmahusada",Tauge Bawang Putih,N/A,26.565,2025-07-04 21:26:41
"Yung Ho, Dharmahusada",Pare Bawang Putih ( F ),N/A,33.523,2025-07-04 21:26:41
"Yung Ho, Dharmahusada",Teri Kacang,N/A,31.625,2025-07-04 21:26:41
"Yung Ho, Dharmahusada",Teri Kacang (F),Porsi Lebih Besar,46.172,2025-07-04 21:26:41
"Yung Ho, Dharmahusada",Cakue Polos,N/A,14.610,2025-07-04 21:26:41
"Yung Ho, Dharmahusada",Cakue Isi Udang Mayones (F),Isi 5 potong,52.180,2025-07-04 21:26:41
"Yung Ho, Dharmahusada",Cakue Crispy,N/A,12.520,2025-07-04 21:26:41
"Yung Ho, Dharmahusada",Siomay Goreng,N/A,37.950,2025-07-04 21:26:41
"Yung Ho, Dharmahusada",Bakcang Babi Polos,N/A,36.800,2025-07-04 21:26:41
"Yung Ho, Dharmahusada",Bakcang Babi Telur,N/A,39.000,2025-07-04 21:26:41
"Yung Ho, Dharmahusada",Bakwan Goreng,N/A,48.300,2025-07-04 21:26:41
"Yung Ho, Dharmahusada",Cakue Isi Udang Mayones,Isi 3 potong,39.650,2025-07-04 21:26:41
"Yung Ho, Dharmahusada",Gurami Asam Manis ( 7-8 Ons ),N/A,90.850,2025-07-04 21:26:41
"Yung Ho, Dharmahusada",Gurami Tahu Tausi ( 7-8 Ons ),N/A,90.850,2025-07-04 21:26:41
"Yung Ho, Dharmahusada",Gurami Tauco ( 7-8 Ons ),N/A,90.850,2025-07-04 21:26:41
"Yung Ho, Dharmahusada",Gurami Stem Bp ( 7-8 Ons ),N/A,90.850,2025-07-04 21:26:41
"Yung Ho, Dharmahusada",Gurami Steam Kecap ( 7-8 Ons ),N/A,90.850,2025-07-04 21:26:41
"Yung Ho, Dharmahusada",Gurami Sc 3 Rasa ( 7-8 Ons ),N/A,90.850,2025-07-04 21:26:41
"Yung Ho, Dharmahusada",Tengiri Tausi F,N/A,44.907,2025-07-04 21:26:41
"Yung Ho, Dharmahusada",Tengiri Sechuan F,N/A,41.745,2025-07-04 21:26:41
"Yung Ho, Dharmahusada",Tengiri Tahu Tausi F,N/A,48.070,2025-07-04 21:26:41
"Yung Ho, Dharmahusada",Tengiri Tauco ( F ),N/A,44.907,2025-07-04 21:26:41
"Yung Ho, Dharmahusada",Susu Kacang Manis,Dingin/Hangat,10.752,2025-07-04 21:26:41
"Yung Ho, Dharmahusada",Susu Kacang Tawar,Dingin/Hangat,10.752,2025-07-04 21:26:41
"Yung Ho, Dharmahusada",Air Mineral Cleo,N/A,5.175,2025-07-04 21:26:41
"Yung Ho, Dharmahusada",Es Teh Manis,N/A,10.120,2025-07-04 21:26:41
"Yung Ho, Dharmahusada",Es Teh Tawar,N/A,10.120,2025-07-04 21:26:41
"Yung Ho, Dharmahusada",Es Jeruk Manis,N/A,22.137,2025-07-04 21:26:41
"Yung Ho, Dharmahusada",Es Jeruk Nipis,N/A,10.752,2025-07-04 21:26:41
"Yung Ho, Dharmahusada",Kacang Kuah,N/A,30.000,2025-07-04 21:26:41
"Yung Ho, Dharmahusada",Ronde,N/A,30.000,2025-07-04 21:26:41
"Yung Ho, Dharmahusada",Teh Labu,(Dingin/Panas) (Manis/Tawar),16.445,2025-07-04 21:26:41
"Yung Ho, Dharmahusada",Kantong,N/A,4.347,2025-07-04 21:26:41
"Yung Ho, Dharmahusada",Nasi Ayam Telur Asin,N/A,35.000,2025-07-04 21:26:41
"Pizza Hut Delivery - PHD, Dharmahusada",Double Box Ultimate,Dua Pizza Topping Ultimate yang nikmat bikin kumpul makin seru. Pesan sekarang!,131.501,2025-07-04 21:27:10
"Pizza Hut Delivery - PHD, Dharmahusada",Double Box Ultimate Favourite,Bebas Pilih 1 Pizza Topping Ultimate dan 1 Pizza Topping Favourite yang nikmat bikin kumpul makin seru. Pesan sekarang!,115.001,2025-07-04 21:27:10
"Pizza Hut Delivery - PHD, Dharmahusada",Double Box Signature & Coke,Dua topping Signature yang nikmat bikin kumpul makin seru dengan Gratis Coca Cola 1 Liter. Pesan sekarang!,153.000,2025-07-04 21:27:10
"Pizza Hut Delivery - PHD, Dharmahusada",My Box Pizza,Bisa pilih Pizza dengan 1 Snack dan 1 Minuman. Tersedia kombinasi menu untukmu. Pesan sekarang!,50.001,2025-07-04 21:27:10
"Pizza Hut Delivery - PHD, Dharmahusada",My Box Pasta,Bisa pilih Pasta dengan 1 Snack dan 1 Minuman. Tersedia kombinasi menu untukmu. Pesan sekarang!,50.001,2025-07-04 21:27:10
"Pizza Hut Delivery - PHD, Dharmahusada",My Box Special Pizza,Bisa pilih Pizza Signature dengan 1 Snack dan 1 Minuman. Tersedia kombinasi menu untukmu. Pesan sekarang!,65.000,2025-07-04 21:27:10
"Pizza Hut Delivery - PHD, Dharmahusada",My Box Healthy Pizza,"Bisa pilih 1 Pizza Signature dengan 1 Snack, 1 Salad dan 1 Minuman. Tersedia kombinasi menu untukmu. Pesan sekarang!",75.000,2025-07-04 21:27:10
"Pizza Hut Delivery - PHD, Dharmahusada",My Box Duo Pizza,Bisa pilih 2 Pizza dengan 2 Snack dan 2 Minuman. Tersedia kombinasi menu untukmu. Pesan sekarang!,77.000,2025-07-04 21:27:10
"Pizza Hut Delivery - PHD, Dharmahusada",Paket MaMa 1,Original Personal Beef/Chicken Aloha + Cheesy Dough Ball + Lemon Tea Cup,45.001,2025-07-04 21:27:10
"Pizza Hut Delivery - PHD, Dharmahusada",Paket MaMa 2,Makin Mantap dengan Pizza Regular Beef/Chicken Aloha dan Cheesy Dough Ball. Pesan sekarang!,70.001,2025-07-04 21:27:10
"Pizza Hut Delivery - PHD, Dharmahusada",Paket MaMa 3,Makin Mantap dengan 5 Personal Pizza. Pesan sekarang!,93.001,2025-07-04 21:27:10
"Pizza Hut Delivery - PHD, Dharmahusada",Nasi + Ayam (Wingstreet),"Temukan rasa yang tersembunyi dengan pilihan WingStreet dan Nasi yang beragam. Yuk, pesan",25.001,2025-07-04 21:27:10
"Pizza Hut Delivery - PHD, Dharmahusada",Melts Pizza,"Cheesy, Crispy, Loaded. Pizza Baru topping Seru Langsung Melts and Go! Pesan sekarang.",60.001,2025-07-04 21:27:10
"Pizza Hut Delivery - PHD, Dharmahusada",QU4RTZA,"1 Pizza-nya, 4 Topping-nya, Banyak cuan-nya! Pesan sekarang!",156.000,2025-07-04 21:27:10
"Pizza Hut Delivery - PHD, Dharmahusada",Pizza Heart,Ungkapin sayang bisa kapan saja dengan Pizza Heart. Pesan untuk dinikmati bersama orang tersayangmu.,140.000,2025-07-04 21:27:10
"Pizza Hut Delivery - PHD, Dharmahusada",L1MO Pizza,"L1MO Pizza dengan Topping Tuna Melt, Meat Lovers dan Super Supreme. Pesan sekarang!",335.001,2025-07-04 21:27:10
"Pizza Hut Delivery - PHD, Dharmahusada",L1MO 6 Topping,"Baru! L1MO Pizza 1 Meter kini lebih berlimpah kejunya. Yuk, Pesan sekarang!",345.000,2025-07-04 21:27:10
"Pizza Hut Delivery - PHD, Dharmahusada",Combo Ayam in Love,Combo Ayam in Love dan 1 Minum,37.000,2025-07-04 21:27:10
"Pizza Hut Delivery - PHD, Dharmahusada",Sweet Melts,"Heavenly, Crispy, Loaded. Pizza Baru dengan Topping Manis, Langsung Melts and Go! Pesan Sekarang!",39.001,2025-07-04 21:27:10
"Pizza Hut Delivery - PHD, Dharmahusada",COFFEE BY PHD,Mulai harimu dengan pilihan ‘Coffee by PHD’ yang bikin semangatmu auto maksimal! Makin lengkap dengan tambahan Butter Cookies gratis! Atur juga level manis dan dinginnya pilihan kopi favoritmu dengan menambahkan informasi di notes.,24.001,2025-07-04 21:27:10
"Pizza Hut Delivery - PHD, Dharmahusada",Big Box Superman,"Spesial Box Superman dengan isi Pizza Signature, French Fries, Chicken Sticks, Cheesy Dough Balls, Beef Sausage Bites, Choco Puff, dan GRATIS 1 Liter Coca Cola. Pesan sekarang!",179.001,2025-07-04 21:27:10
"Pizza Hut Delivery - PHD, Dharmahusada",FRIDAY IS A Big Box Day,Bebas pilih topping Signature dan dapat 5 varian Snack asin manisnya. Pesan sekarang!,160.001,2025-07-04 21:27:10
"Pizza Hut Delivery - PHD, Dharmahusada",Big Box,Bebas pilih topping Signature dan dapat 5 varian Snack asin manisnya. Pesan sekarang!,179.001,2025-07-04 21:27:10
"Pizza Hut Delivery - PHD, Dharmahusada",Cheese Rizz Personal Pizza,"Real Cheese inside, outside, top side, on the side, on all sides!",75.000,2025-07-04 21:27:10
"Pizza Hut Delivery - PHD, Dharmahusada",Cheese Rizz Regular Pizza,"Real Cheese inside, outside, top side, on the side, on all sides!",170.001,2025-07-04 21:27:10
"Pizza Hut Delivery - PHD, Dharmahusada",Cheese Rizz Double Box Regular,Bisa pilih 1 Regular Pizza Cheese Rizz dengan 1 Original Pizza Regular. Pesan sekarang!,240.000,2025-07-04 21:27:10
"Pizza Hut Delivery - PHD, Dharmahusada",Cheese Rizz QU4RTZA,"1 Pizza-nya, 4 Topping-nya, Banyak cuan-nya, Luber Kejunya, Pecah Rasanya. Pesan Sekarang!",231.000,2025-07-04 21:27:10
"Pizza Hut Delivery - PHD, Dharmahusada",Value Bundles Cheese Rizz,1 Personal Pizza Cheese Rizz + 1 Drink,71.001,2025-07-04 21:27:10
"Pizza Hut Delivery - PHD, Dharmahusada",Cheese Overflow Personal Pizza,"Personal Pizza Cheese Overflow. Luber Kejunya, Pecah Rasanya. Pesan Sekarang!",61.001,2025-07-04 21:27:10
"Pizza Hut Delivery - PHD, Dharmahusada",Cheese Overflow Regular Pizza,"Regular Pizza Cheese Overflow. Luber Kejunya, Pecah Rasanya. Pesan Sekarang!",145.001,2025-07-04 21:27:10
"Pizza Hut Delivery - PHD, Dharmahusada",Cheese Overflow Pasta,"Pasta Cheese Overflow. Luber Kejunya, Pecah Rasanya. Pesan Sekarang!",55.000,2025-07-04 21:27:10
"Pizza Hut Delivery - PHD, Dharmahusada",Cheese Overflow Double Box,"Bisa Pilih 1 Pizza Regular Cheese Overflow dengan 1 Original Regular Pizza. Luber Kejunya, Pecah Rasanya. Pesan Sekarang!",215.001,2025-07-04 21:27:10
"Pizza Hut Delivery - PHD, Dharmahusada",Value Bundles Cheese Overflow,Bisa pilih 1 Original Personal Pizza Cheese Overflow dengan 1 Minuman. Pesan sekarang!,71.001,2025-07-04 21:27:10
"Pizza Hut Delivery - PHD, Dharmahusada",Fun Personal Pizza,1-2 pax,21.000,2025-07-04 21:27:10
"Pizza Hut Delivery - PHD, Dharmahusada",Favorite Regular Pizza,3-4 pax,60.000,2025-07-04 21:27:10
"Pizza Hut Delivery - PHD, Dharmahusada",Ultimate Regular Pizza,3-4 pax,95.000,2025-07-04 21:27:10
"Pizza Hut Delivery - PHD, Dharmahusada",Signature Regular Pizza,3-4 pax,120.000,2025-07-04 21:27:10
"Pizza Hut Delivery - PHD, Dharmahusada",ChocoCheese Personal Pizza,1-2 pax,33.000,2025-07-04 21:27:10
"Pizza Hut Delivery - PHD, Dharmahusada",Mom's Spaghetti Bolognese,"Spaghetti, Daging Sapi Cincang, Tomato Sauce, Keju Cheddar, Parsley.",44.000,2025-07-04 21:27:10
"Pizza Hut Delivery - PHD, Dharmahusada",Cheese Please Fusilli,"Fusilli, Pepperoni, Keju Cheddar, Keju Mozzarella, Beef Bits, Parsley.",50.001,2025-07-04 21:27:10
"Pizza Hut Delivery - PHD, Dharmahusada",Carbonara Beef No Drama,"Fettuccine, Daging Sapi Asap, Jamur, Beef Bits, Crème Sauce, Parsley.",44.000,2025-07-04 21:27:10
"Pizza Hut Delivery - PHD, Dharmahusada",Carbonara Chicken No Drama,"Fettuccine, Daging Ayam Asap, Jamur, Beef Bits, Crème Sauce, Parsley.",44.000,2025-07-04 21:27:10
"Pizza Hut Delivery - PHD, Dharmahusada",Spaghetti O-Senk,"Spaghetti, BBQ Sosis berbalut telur, Onion, Daun Bawang, Bawang Goreng, Cabai Merah, Parsley",44.000,2025-07-04 21:27:10
"Pizza Hut Delivery - PHD, Dharmahusada",Mac Crunchy Chiz,"Macaroni, Daging Sapi Asap, Keju Cheddar, Keju Mozzarella, Chili Mayo, Bechamel Sauce, Parsley, Crunchy Crumb.",44.000,2025-07-04 21:27:10
"Pizza Hut Delivery - PHD, Dharmahusada",Lasagna's Love Layers,"Lasagna, Daging Sapi Cincang, Tomato Sauce, Keju Mozzarella, Crème Sauce, Parsley.",50.001,2025-07-04 21:27:10
"Pizza Hut Delivery - PHD, Dharmahusada",Nasgo Let's Go Beef,"Nasi, Meatball, Sosis Sapi, Sosis Ayam, Telur, Onion, Daun Bawang, Bawang Goreng, Cabai Merah.",44.000,2025-07-04 21:27:10
"Pizza Hut Delivery - PHD, Dharmahusada",Nasgo Let's Go Chicken,"Nasi, Chicken Luncheon, Chicken Stick, Sosis Ayam, Telur, Onion, Daun Bawang, Bawang Goreng, Cabai Merah.",44.000,2025-07-04 21:27:10
"Pizza Hut Delivery - PHD, Dharmahusada",Gyudon Curry On,"Spaghetti, Beef Gyudon, Paprika Hijau, Onion, Jamur, Curry Sauce, Wijen, Parsley.",50.001,2025-07-04 21:27:10
"Pizza Hut Delivery - PHD, Dharmahusada",Katsu Curry Me With You,"Nasi, Chicken Katsu, Onion, Curry Sauce, Parsley.",44.000,2025-07-04 21:27:10
"Pizza Hut Delivery - PHD, Dharmahusada",Gyu Don't Worry,"Nasi, Beef Gyudon, Paprika Hijau, Onion, Jamur, Wijen.",44.000,2025-07-04 21:27:10
"Pizza Hut Delivery - PHD, Dharmahusada",Wingstreet 6 Pcs,Tersedia dengan 4 pilihan sauce Spesial,54.000,2025-07-04 21:27:10
"Pizza Hut Delivery - PHD, Dharmahusada",Beef Sausage Bites 5 Pcs,Sosis Sapi Panggang dan Saus Barbeque,36.000,2025-07-04 21:27:10
"Pizza Hut Delivery - PHD, Dharmahusada",Chicken Sticks 10 pcs,Olahan Daging Ayam,36.000,2025-07-04 21:27:10
"Pizza Hut Delivery - PHD, Dharmahusada",Mac n Cheese 6 Pcs,"Pasta Makaroni, Daging Sapi Asap, Beef Bits dan Keju Mozzarella",33.000,2025-07-04 21:27:10
"Pizza Hut Delivery - PHD, Dharmahusada",Cheesy Dough Balls 6 Pcs,Roti dengan Pepperoni dan Keju,30.000,2025-07-04 21:27:10
"Pizza Hut Delivery - PHD, Dharmahusada",Cheese Rolls 6 Pcs,Roti dengan Keju Mozzarella,36.001,2025-07-04 21:27:10
"Pizza Hut Delivery - PHD, Dharmahusada",Fresh Salad,"Selada, Tomat , Jeli, Jagung, Kentang , Edamame, Telur dan Saus Thousand Island",46.001,2025-07-04 21:27:10
"Pizza Hut Delivery - PHD, Dharmahusada",Choco Puff,"Puff Pastry, Cokelat",30.000,2025-07-04 21:27:10
"Pizza Hut Delivery - PHD, Dharmahusada",Tuna Puff,"Puff Pastry, Tuna dan Saus Mayonnaise",33.000,2025-07-04 21:27:10
"Pizza Hut Delivery - PHD, Dharmahusada",Aqua 330 ml,Aqua 330 ml,8.000,2025-07-04 21:27:10
"Pizza Hut Delivery - PHD, Dharmahusada",Coca Cola 250 ml,Coca Cola PET 250 ml,12.000,2025-07-04 21:27:10
"Pizza Hut Delivery - PHD, Dharmahusada",Lemonade,Minuman segar rasa lemon dengan jeruk nipis,18.000,2025-07-04 21:27:10
"Pizza Hut Delivery - PHD, Dharmahusada",Coca Cola 1 Liter,Coca Cola 1lt,29.000,2025-07-04 21:27:10
"Pizza Hut Delivery - PHD, Dharmahusada",Earl Grey Milk Tea,Teh Earl Grey dengan Fresh Milk dan Gula Aren,23.001,2025-07-04 21:27:10
"Pizza Hut Delivery - PHD, Dharmahusada",Melon Lemonade Cup,"Minuman rasa melon, selasih dan jelly melon.",18.000,2025-07-04 21:27:10
"Sour Sally, Galaxy Mall",Take Home Pack Black Sakura 250 gram,"Frozen yogurt black sakura 250 gram  + 3 toppings (1 crunchies, 1 fruit, 1 sauce). segera simpan yogurt dan topping di kulkas",124.000,2025-07-04 21:27:44
"Sour Sally, Galaxy Mall",Take Home Pack White Zero 250 Gram,"Frozen yogurt white zero 250 gram + 3 topping (1 crunchies, 1 fruit, 1 sauce). segera simpan yogurt dan topping di kulkas dan konsumsi dalam 12 jam.",124.000,2025-07-04 21:27:44
"Sour Sally, Galaxy Mall",Take Home Pack Black Sakura 500 gram,"Frozen yogurt black sakura 500 gram  + 6 toppings (2 crunchies, 2 fruits, 2 sauces). segera simpan yogurt dan topping di kulkas",204.000,2025-07-04 21:27:44
"Sour Sally, Galaxy Mall",Take Home Pack White Zero 500 Gram,"Frozen yogurt white zero 500 gram + 6 topping (2 crunchies, 2 fruit, 2 sauce). segera simpan yogurt dan topping di kulkas dan konsumsi dalam 12 jam.",204.000,2025-07-04 21:27:44
"Sour Sally, Galaxy Mall",Strawberry Smoothie,"Fresh Strawberry mixed with Sour Sally’s signature premium yogurt, served with aloe vera, chia seeds, goji berry & caviar",50.000,2025-07-04 21:27:44
"Sour Sally, Galaxy Mall",Peach Smoothie,"Fresh peach mixed with sour sally’s signature premium yogurt, served with aloe vera, chia seeds, goji berry & caviar jelly. segera simpan di kulkas dan konsumi dalam 12 jam.",50.000,2025-07-04 21:27:44
"Sour Sally, Galaxy Mall",Collagen Dragon,"Minuman smoothie berbahan dasar collagen dengan perpaduan dragon fruit, light cream collagen, ice crush, white zero & aloevera. segera simpan di kulkas dan konsumsi dalam 12 jam.",50.000,2025-07-04 21:27:44
"Sour Sally, Galaxy Mall",Collagen KiWee,"Minuman smoothie berbahan dasar collagen dengan perpaduan  kiwee fruit, light cream collagen, ice crush, white zero & aloevera. segera simpan di kulkas dan konsumsi dalam 12 jam.",50.000,2025-07-04 21:27:44
"Sour Sally, Galaxy Mall",Collagen KiWee Longan,"Minuman smoothie berbahan dasar collagen dengan perpaduan kiwee fruit, light cream collagen, ice crush, white zero & longan. segera simpan di kulkas dan konsumsi dalam 12 jam.",50.000,2025-07-04 21:27:44
"Sour Sally, Galaxy Mall",Collagen ManGo,"Minuman smoothie berbahan dasar collagen dengan perpaduan mango fruit, light cream collagen, ice crush, white zero & aloevera. segera simpan di kulkas dan konsumsi dalam 12 jam.",50.000,2025-07-04 21:27:44
"Sour Sally, Galaxy Mall",Collagen ManGo-LingOn,"Minuman smoothie berbahan dasar collagen dengan perpaduan mango fruit, light cream collagen, ice crush, white zero & longan. segera simpan di kulkas dan konsumsi dalam 12 jam.",50.000,2025-07-04 21:27:44
"Sour Sally, Galaxy Mall",Mango Yogushot,Sour Sally Greek Yogurt Mixed with Mango Chunck.,39.000,2025-07-04 21:27:44
"Sour Sally, Galaxy Mall",Strawberry Yogushot,Sour Sally Greek Yogurt Mixed with Strawberry.,39.000,2025-07-04 21:27:44
"Sour Sally, Galaxy Mall",Peach Yogushot,Sour sally greek yogurt mixed with peach.,39.000,2025-07-04 21:27:44
"Kebab Turki Baba Rafi, Wiratno",Kebab Sapi Original,N/A,27.000,2025-07-04 21:28:11
"Kebab Turki Baba Rafi, Wiratno",Signature Smoked Kebab,N/A,35.000,2025-07-04 21:28:11
"Kebab Turki Baba Rafi, Wiratno",Baba Hemat 1,Paket 1 Kebab Sapi Ori + 1 Canai Coklat Keju + 1 Air Mineral/Teh Kemasan (Teh Pucuk Harum/Javana),54.000,2025-07-04 21:28:11
"Kebab Turki Baba Rafi, Wiratno",Baba Hemat 2,Paket 1 Kebab Sapi Ori + 1 Kebab Sapi Ori/Kebab Chijeu + 2 Air Mineral/Teh Kemasan (Teh Pucuk Harum/Javana),83.000,2025-07-04 21:28:11
"Kebab Turki Baba Rafi, Wiratno",Baba Hemat 3,Paket 2 Kebab Sapi Ori + 1 Kebab Chijeu/Kebab Sapi Ori + 2 Air Mineral/Teh Kemasan (Teh Pucuk Harum/Javana),94.000,2025-07-04 21:28:11
"Kebab Turki Baba Rafi, Wiratno",Kebab Sapi Ori Klasik,Porsi pas kebab daging sapi olahan & lettuce segar dan dipadukan dengan bumbu rahasia yang lezat,23.000,2025-07-04 21:28:11
"Kebab Turki Baba Rafi, Wiratno",Kebab Sapi Black Klasik,Porsi pas kebab daging sapi olahan & lettuce segar dan dipadukan dengan bumbu rahasia yang lezat,23.000,2025-07-04 21:28:11
"Kebab Turki Baba Rafi, Wiratno",Canai Cokelat Keju,Lembutnya roti canai dipadukan dengan coklat dan parutan keju,20.000,2025-07-04 21:28:11
"Kebab Turki Baba Rafi, Wiratno",Kebab Chijeu,Kebab sapi ekstra keju tanpa sayur dibungkus dengan tortilla original yang lembut & lezat,27.000,2025-07-04 21:28:11
"Kebab Turki Baba Rafi, Wiratno",Kebab Sosis Sapi,Kebab dengan isian sosis sapi dibungkus dengan tortilla original yang lembut & lezat,25.000,2025-07-04 21:28:11
"Kebab Turki Baba Rafi, Wiratno",Kebab Sapi Original,Kebab daging sapi olahan & lettuce segar dibungkus dengan tortilla original yang lembut dan dipadukan dengan bumbu rahasia yang lezat,27.000,2025-07-04 21:28:11
"Kebab Turki Baba Rafi, Wiratno",Kebab Sapi Black,Kebab daging sapi olahan & lettuce segar dibungkus dengan tortilla hitam yang lembut dan dipadukan dengan bumbu rahasia yang lezat,27.000,2025-07-04 21:28:11
"Kebab Turki Baba Rafi, Wiratno",Syawarma,"Daging sapi olahan, lettuce, potongan tomat, onion dibungkus dalam long bread dengan topping saus mayonnaise",25.000,2025-07-04 21:28:11
"Kebab Turki Baba Rafi, Wiratno",Roti Canai,"Roti canai dengan pilihan rasa khas yang gurih variant original, oreo dan cokelat keju",16.000,2025-07-04 21:28:11
"Kebab Turki Baba Rafi, Wiratno",Burger,"Daging burger variant ayam,crispy dan patty dengan potongan kyuri dan tomat, daun lettuce segar, onion & saus mayonnaise",25.000,2025-07-04 21:28:11
"Kebab Turki Baba Rafi, Wiratno",Teh Dalam Kemasan,Teh segar dalam kemasan merk Teh Pucuk Harum/ Teh Javana 350ml,7.000,2025-07-04 21:28:11
"Kebab Turki Baba Rafi, Wiratno",Air Mineral,Air Mineral segar dalam kemasan merk Le Mineralle/Cheers 600ml,7.000,2025-07-04 21:28:11
"Kebab Turki Baba Rafi, Wiratno",Signature Smoked Kebab,"Kebab spesial dengan daging sapi asap, telur, dan lelehan saus khas yang lezat. Dijamin puas!",35.000,2025-07-04 21:28:11
"Kebab Turki Baba Rafi, Wiratno",Meiriah 2,Paket 1 Kebab Sapi Ori+ 1 Kebab Chijeu,59.000,2025-07-04 21:28:11
"Kebab Turki Baba Rafi, Wiratno",Meiriah 3,Paket 1 Kebab Sapi Ori Klasik + 1 Canai Coklat Keju,45.000,2025-07-04 21:28:11
"Excelso Coffee, Galaxy Extension Timur",Salted Egg Chicken Rice Bowl,"The perfect combination of crispy chicken in creamy salted egg sauce, fluffy white rice, mixed vegetables, and kari leaf.",30.000,2025-07-04 21:28:37
"Excelso Coffee, Galaxy Extension Timur",Lava Chicken Rice Bowl,"Crispy fried chicken tossed in hot and spicy sauce, served on steamed rice with mixed vegetables.",30.000,2025-07-04 21:28:37
"Excelso Coffee, Galaxy Extension Timur",Chicken Pop Original Rice Bowl,Crispy chicken pops on steamed rice with mixed vegetables—a perfect blend of crunch and savory delight.,30.000,2025-07-04 21:28:37
"Excelso Coffee, Galaxy Extension Timur",Dory Sambal Sereh Rice Bowl,Crispy dory fillet served with Sambal Sereh—homemade Indonesian traditional mouth-watering spices and mixed vegetables.,30.000,2025-07-04 21:28:37
"Excelso Coffee, Galaxy Extension Timur",Dory Sambal Mbe Rice Bowl,"Crispy dory fillet glazed with spicy sambal mbe, served on steamed rice with a side of mixed vegetables.",30.000,2025-07-04 21:28:37
"Excelso Coffee, Galaxy Extension Timur",Dory Original Rice Bowl,Juicy and crispy dory fillet served on steamed rice with a side of mixed vegetables.,30.000,2025-07-04 21:28:37
"Excelso Coffee, Galaxy Extension Timur",Cappuccino,"Espresso with frothed milk, topped with choco granule.",51.000,2025-07-04 21:28:37
"Excelso Coffee, Galaxy Extension Timur",Hot Café Latte,"Light, smooth, and creamy coffee to be served in hot",51.000,2025-07-04 21:28:37
"Excelso Coffee, Galaxy Extension Timur",Iced Café Latte,"Light, smooth, and creamy coffee to be served in cold.",51.000,2025-07-04 21:28:37
"Excelso Coffee, Galaxy Extension Timur",Cappuccino On The Rock,"A refreshing twist on espresso, creamy steamed milk, and froth over ice.",51.000,2025-07-04 21:28:37
"Excelso Coffee, Galaxy Extension Timur",Iced Americano,"Excelso's house blend coffee, chilled and served on ice.",42.000,2025-07-04 21:28:37
"Excelso Coffee, Galaxy Extension Timur",Iced Teburicano,A refreshing twist of espresso infused with the natural sweetness of sugarcane,38.500,2025-07-04 21:28:37
"Excelso Coffee, Galaxy Extension Timur",Hot Tebu Latte,A bold hot espresso infused with creamy homemade milk tebu for a natural sweet,41.800,2025-07-04 21:28:37
"Excelso Coffee, Galaxy Extension Timur",Avocado Milk,"Our specialty fantasy coffee drink made from fresh avocado, premium vanilla ice cream, coffee, and sprinkled with shaved chocolate.",65.000,2025-07-04 21:28:37
"Excelso Coffee, Galaxy Extension Timur",Durian Coffee Milk,"Irresistible combination of the finest Indonesian coffee and real durian fruit, topped with sweet vanilla ice cream and grated chocolate.",70.000,2025-07-04 21:28:37
"Excelso Coffee, Galaxy Extension Timur",Avocado Coffee,"Our specialty fantasy coffee drink made from fresh avocado, premium vanilla ice cream, coffee, and sprinkled with shaved chocolate.",65.000,2025-07-04 21:28:37
"Excelso Coffee, Galaxy Extension Timur",Mocha Jelly Shake,"Refreshing chilled coffee, mixed with mocha ice cream and coffee jelly.",63.000,2025-07-04 21:28:37
"Excelso Coffee, Galaxy Extension Timur",Rante Karua Latte,Aren latte with kalosi toraja single origin coffee.,55.000,2025-07-04 21:28:37
"Excelso Coffee, Galaxy Extension Timur",Original Durian Coffee,"Our specialty fantasy coffee drink made from fresh avocado, premium vanilla ice cream, coffee, and sprinkled with shaved chocolate.",70.000,2025-07-04 21:28:37
"Excelso Coffee, Galaxy Extension Timur",Avocado Almond,Fresh avocado combined with almond milk and sweet brown sugar,60.500,2025-07-04 21:28:37
"Excelso Coffee, Galaxy Extension Timur",Choco Almond,"Ice chocolate blend with almond milk and sweet cheesecake syrup, topped with sliced almond",60.500,2025-07-04 21:28:37
"Excelso Coffee, Galaxy Extension Timur",Caramel Jelly,Ice blended coffee mixed with caramel syrup and jelly inside.,64.000,2025-07-04 21:28:37
"Excelso Coffee, Galaxy Extension Timur",Choco Chip,"Perfect ice blended coffee with vanilla creamer, mixed with real chocolate chips.",63.000,2025-07-04 21:28:37
"Excelso Coffee, Galaxy Extension Timur",Nutty,Go nuts with this peanuts blended ice coffee.,63.000,2025-07-04 21:28:37
"Excelso Coffee, Galaxy Extension Timur",Cookies And Cream,Delicious ice blended coffee with savory taste of cookies and cream.,63.000,2025-07-04 21:28:37
"Excelso Coffee, Galaxy Extension Timur",Thai Tea Pearl,Full bodied black tea with sweet licorice and citrus notes blended with ice,63.000,2025-07-04 21:28:37
"Excelso Coffee, Galaxy Extension Timur",Matcha Pearl,"A lightly sweetened japanese green tea ice blended with milk. rich and sophisticated, great for your afternoon treat",63.000,2025-07-04 21:28:37
"Excelso Coffee, Galaxy Extension Timur",Summer Over Snow,Non coffee drink with a fresh orange taste with bubble topping that pops in your mouth,63.000,2025-07-04 21:28:37
"Excelso Coffee, Galaxy Extension Timur",Melba,Freshly smooth flavored fruit freeze with a peachy taste,62.000,2025-07-04 21:28:37
"Excelso Coffee, Galaxy Extension Timur",Passion Iced Tea,Iced tea with tangerine flavour served with bits of mandarin orange.,51.000,2025-07-04 21:28:37
"Excelso Coffee, Galaxy Extension Timur",Peach,N/A,45.000,2025-07-04 21:28:37
"Excelso Coffee, Galaxy Extension Timur",Classic Ice Tea,"Based tea, pandan syrup, gula cair, ice cube",41.000,2025-07-04 21:28:37
"Excelso Coffee, Galaxy Extension Timur",Lychee,N/A,45.000,2025-07-04 21:28:37
"Excelso Coffee, Galaxy Extension Timur",Lemon Tea,N/A,45.000,2025-07-04 21:28:37
"Excelso Coffee, Galaxy Extension Timur",Iced Chocolate,N/A,56.000,2025-07-04 21:28:37
"Excelso Coffee, Galaxy Extension Timur",Cheese Crust,"Unique thin crust with delicious cheese, oven-baked evenly so you get cheese until the very last bite.",69.000,2025-07-04 21:28:37
"Excelso Coffee, Galaxy Extension Timur",Crispy Cassava,"A simple dessert made from fried cassava. perfect for an afternoon snack. served with cheese, chocolate and cashew topping.",57.000,2025-07-04 21:28:37
"Excelso Coffee, Galaxy Extension Timur",Banana Wrap,"Highly acclaimed wrapped golden brown fried bananas. served with grated cheese, chocolate sprinkles and cashew nuts topping.",56.000,2025-07-04 21:28:37
"Excelso Coffee, Galaxy Extension Timur",Golden Fried Mini Wonton,Chicken mini wonton served with thai sweet chili sauce.,81.000,2025-07-04 21:28:37
"Excelso Coffee, Galaxy Extension Timur",Excelso Sampler Mixed Sampler,"Chicken strips, cuttlefish ball, chicken sausages, and freedom fries in a basket.",87.000,2025-07-04 21:28:37
"Excelso Coffee, Galaxy Extension Timur",Tahu Walik,Banyuwangi crispy tofu served with honey mustard and sambal kacang dip.,64.000,2025-07-04 21:28:37
"Excelso Coffee, Galaxy Extension Timur",Signature Club Sandwich,"A big and healthy sandwich to fill you up ; with tender grilled chicken slices, smoked beef, sliced hardboiled egg, thick-cut onion, juicy tomato slices and crispy lettuce.",86.000,2025-07-04 21:28:37
"Excelso Coffee, Galaxy Extension Timur",Carbonara,"Freshly-made pasta tossed with beef bacon, in a rich creamy sauce and grated parmesan cheese.",81.000,2025-07-04 21:28:37
"Excelso Coffee, Galaxy Extension Timur",Bolognese,"Classic Italian sauce, prepared with tomato sauce flavored with a rich combination of minced beef, vegetables, and herbs.",81.000,2025-07-04 21:28:37
"Excelso Coffee, Galaxy Extension Timur",Dory En Oats With French Fries,Fresh dory fillets coated in crushed oats and fried to a crunchy crispy finish. served with sautéed potatoes or freedom fries.,89.000,2025-07-04 21:28:37
"Excelso Coffee, Galaxy Extension Timur",Crispy Dory Sambal Sereh,Crispy dory fillets served with homemade Indonesian traditional mouth-watering spicy spices.,86.000,2025-07-04 21:28:37
"Excelso Coffee, Galaxy Extension Timur",Dory Rice Sambal Sereh,Crispy dory fillets with a drizzle of Indonesian lemongrass sambal. served on buttered rice with sautéed corn peas.,86.000,2025-07-04 21:28:37
"Excelso Coffee, Galaxy Extension Timur",Dory En Oats With Mix Green Salad & Butter Rice,Fresh dory fillets coated in crushed oats and deep fried to a crunchy-crispy finish. served with mix green salad and buttered rice.,89.000,2025-07-04 21:28:37
"Excelso Coffee, Galaxy Extension Timur",Chicken Betutu,"Half chicken cooked with balinese heritage spices served with steam rice, sambal matah, sambal terasi, anda sambal taichan.",135.000,2025-07-04 21:28:37
"Excelso Coffee, Galaxy Extension Timur",Seared Duck Breast Taichan,"Pan seared duck breast served with nasi kecombrang, sambal taichan, and grilled baby corn.",116.000,2025-07-04 21:28:37
"Excelso Coffee, Galaxy Extension Timur",Spicy Mango Chicken,"Crispy buttered boneless chicken leg, topped with sambal mangga served with steam rice.",94.000,2025-07-04 21:28:37
"Excelso Coffee, Galaxy Extension Timur",Quarter Chicken Betutu,"Quarter chicken cooked with balinese heritage spices served with steam rice, sambal matah, sambal terasi, anda sambal taichan.",97.000,2025-07-04 21:28:37
"Excelso Coffee, Galaxy Extension Timur",Nasi Goreng Kampoeng,Indonesian style fried rice with chicken satay and fried egg.,92.000,2025-07-04 21:28:37
"Excelso Coffee, Galaxy Extension Timur",Mie Goreng Tek-Tek,"Traditional Indonesian stir-fried noodle with chicken, vegetables, and chicken satay.",92.000,2025-07-04 21:28:37
"Excelso Coffee, Galaxy Extension Timur",Bean Arabica Gold (200 Gr),"Enjoy a pleasant cup of smooth coffee with tingling sensation of citrus kick, sweet floral and teasing spices aroma",66.000,2025-07-04 21:28:37
"Excelso Coffee, Galaxy Extension Timur",Powder Brazillian Santos (200 gr),"Experience original taste from one of well known coffee in the world. Strong body with dried fruit and good smoky fininsh, Available : Powder only",72.000,2025-07-04 21:28:37
"Excelso Coffee, Galaxy Extension Timur",Bean Classic (200 Gr),"A long-time favorite blends with awakening kick of citrus fruit, with sweet caramel and a hint of refreshing floral note.",64.000,2025-07-04 21:28:37
"Excelso Coffee, Galaxy Extension Timur",Bean House Blend (200 Gr),"For those who love balance coffee. Spicy, floral and tantalizing dried fruit in harmony, Simply enjoyable",68.000,2025-07-04 21:28:37
"Excelso Coffee, Galaxy Extension Timur",Bean Java Arabica (200 Gr),For those who seek full-bodied coffe with intense dark chocolate note. A bittersweet finish with nutty undertone,75.000,2025-07-04 21:28:37
"Excelso Coffee, Galaxy Extension Timur",Bean Kalosi Toraja (200 Gr),"Proudest beans from our plantation. Indulge with crispy-fruity bite at the side of tounge, and hint of sweetnees towards the end",101.000,2025-07-04 21:28:37
"Excelso Coffee, Galaxy Extension Timur",Powder Luwak Toraja (200 gr),"This specially cared Luwak from our plantation produced full-bodied coffee. Aromatic spice, fruity sensations and unique notes of exotic Luwak coffee. Available. Powder only",434.000,2025-07-04 21:28:37
"Excelso Coffee, Galaxy Extension Timur",Bean Robusta Gold (200 Gr),"A mild-bodied coffee starts with peanut and cereal note, ends with a nice cocoa note that makes you looking for more",52.000,2025-07-04 21:28:37
"Excelso Coffee, Galaxy Extension Timur",Bean Sumatera Mandheling (200 Gr),"One of Indonesia proudest coffee with boldness of refreshing citrus fruit, spices, earthy note and velvety body",82.700,2025-07-04 21:28:37
"Excelso Coffee, Galaxy Extension Timur",Bean Jamaican Blue Mountain (200 Gr),"One of the world's most expensive and highly-regarded coffee, known as being carefully hand-picked and hand-washed, Crips, floral, light-bodied with tangy after taste",335.000,2025-07-04 21:28:37
"Excelso Coffee, Galaxy Extension Timur",Fruit Frappio Melba (1L),Freshly Smooth Flavored Fruit with A Peachy Taste,95.000,2025-07-04 21:28:37
"Excelso Coffee, Galaxy Extension Timur",Charcoal Coffee (1L),Special Black & White Layered Latte with Activated Charcoal,95.000,2025-07-04 21:28:37
"Excelso Coffee, Galaxy Extension Timur",Summer Iced Tea (1L),Refreshing Raspberry drink mixed with Lychee and Tea,95.000,2025-07-04 21:28:37
"Excelso Coffee, Galaxy Extension Timur",Capsule Arabica Gold,N/A,93.000,2025-07-04 21:28:37
"Excelso Coffee, Galaxy Extension Timur",Capsule Cafetiero,N/A,93.000,2025-07-04 21:28:37
"Excelso Coffee, Galaxy Extension Timur",Capsule Espresso,N/A,93.000,2025-07-04 21:28:37
"Excelso Coffee, Galaxy Extension Timur",Capsule Flores,N/A,93.000,2025-07-04 21:28:37
"Excelso Coffee, Galaxy Extension Timur",Capsule Luwak,N/A,198.000,2025-07-04 21:28:37
"Excelso Coffee, Galaxy Extension Timur",Capsule Mandheling,N/A,93.000,2025-07-04 21:28:37
"Excelso Coffee, Galaxy Extension Timur",Capsule Robusta,N/A,70.000,2025-07-04 21:28:37
"Excelso Coffee, Galaxy Extension Timur",Capsule Toraja,N/A,93.000,2025-07-04 21:28:37
"Excelso Coffee, Galaxy Extension Timur",Caramel Cappucino (1L),Modern style espresso sweetened with caramel syrup.,95.000,2025-07-04 21:28:37
"Excelso Coffee, Galaxy Extension Timur",Café Mocha (1L ),Your choice of delicious coffee with chocolate syrup to be served hot or cold.,95.000,2025-07-04 21:28:37
"Excelso Coffee, Galaxy Extension Timur",Chocolate (1L),Your Choice of Delicious Signature Chocolate,95.000,2025-07-04 21:28:37
"Excelso Coffee, Galaxy Extension Timur",Matcha Tea Frappio (1L),"A lightly sweetened Japanese Green Tea ice blended with milk. Rich and sophisticated, great for your afternoon treat.",95.000,2025-07-04 21:28:37
"Excelso Coffee, Galaxy Extension Timur",Taro Coffee (1L),Excelso Iced Coffee mixed with Sweet Taro,95.000,2025-07-04 21:28:37
"Excelso Coffee, Galaxy Extension Timur",Capsule Nespresso Compatible Sumatra Arabica,N/A,87.000,2025-07-04 21:28:37
"Excelso Coffee, Galaxy Extension Timur",Capsule Nespresso Compatible Espresso,N/A,87.000,2025-07-04 21:28:37
"Excelso Coffee, Galaxy Extension Timur",Capsule Nespresso Compatible Java Robusta,N/A,87.000,2025-07-04 21:28:37
"Excelso Coffee, Galaxy Extension Timur",Capsule Nespresso Compatible Toraja,N/A,87.000,2025-07-04 21:28:37
"Quali, Galaxy Mall",Soy Garlic Chicken Wings,N/A,74.000,2025-07-04 21:29:00
"Quali, Galaxy Mall",Nasi Gr Ayam,N/A,51.000,2025-07-04 21:29:00
"Quali, Galaxy Mall",Nasi Putih,N/A,16.000,2025-07-04 21:29:00
"Quali, Galaxy Mall",Kuey Teow Gr Spc Qua-li,N/A,82.000,2025-07-04 21:29:00
"Quali, Galaxy Mall",Nasi Salted Egg Chicken,N/A,36.000,2025-07-04 21:29:00
"Quali, Galaxy Mall",Nasgor Bundle 1,Nasi Gr Ayam + Ayam Spc Quali,120.000,2025-07-04 21:29:00
"Quali, Galaxy Mall",Hungry Cup Duo,HC Nasi Japanese Mayo + HC Nasi Ikan Asam Pedas,67.000,2025-07-04 21:29:00
"Quali, Galaxy Mall",Nasgor Bundle 2,Nasi Gr. Yang Chow + Ayam Kungpao,130.000,2025-07-04 21:29:00
"Quali, Galaxy Mall",Hungry Cup Trio,HC Nasi Japanese Mayo Chicken + HC Nasi Salted Egg Chicken + HC Nasi Ikan Asam Pedas,98.000,2025-07-04 21:29:00
"Quali, Galaxy Mall",Nasgor Bundle 3,Nasi Gr Ikan Asin + Ayam Spc Quali,128.000,2025-07-04 21:29:00
"Quali, Galaxy Mall",Nasgor Bundle 4,Nasi Gr Hongkong + Ayam Kungpao,130.000,2025-07-04 21:29:00
"Quali, Galaxy Mall",Kuey Teow Gr Spc Qua-li,N/A,82.000,2025-07-04 21:29:00
"Quali, Galaxy Mall",Nasi Gr Sambal Petai,N/A,61.000,2025-07-04 21:29:00
"Quali, Galaxy Mall",Misoa Seafood Tomyum,Misoa Dengan Kuah Pedas Asam,77.000,2025-07-04 21:29:00
"Quali, Galaxy Mall",Creamy Misoa,Misoa Dengan Kuah Pedas Creamy,72.000,2025-07-04 21:29:00
"Quali, Galaxy Mall",Chicken Misoa,Misoa Dengan Kuah Kaldu,52.000,2025-07-04 21:29:00
"Quali, Galaxy Mall",Hokkian Mie,Campuran Mie Dan Bihun Dengan Bumbu Asin Gurih,65.000,2025-07-04 21:29:00
"Quali, Galaxy Mall",Nasi Ayam Balacan,Nasi Ayam Dengan Bumbu Balacan Pedas,53.000,2025-07-04 21:29:00
"Quali, Galaxy Mall",Nasi Ayam Kuluyuk Pedas,Nasi Ayam Dengan Bumbu Asam Pedas,57.000,2025-07-04 21:29:00
"Quali, Galaxy Mall",Nasi Sapi Kuluyuk Pedas,Nasi Daging Sapi Dengan Bumbu Asam Pedas,77.000,2025-07-04 21:29:00
"Quali, Galaxy Mall",Sapi Kuluyuk Pedas,Daging Sapi Dengan Bumbu Asam Pedas,85.000,2025-07-04 21:29:00
"Quali, Galaxy Mall",Kuey Teow Gr Spc Qua-li,N/A,82.000,2025-07-04 21:29:00
"Quali, Galaxy Mall",Kuey Teow Gr Penang,N/A,62.000,2025-07-04 21:29:00
"Quali, Galaxy Mall",Kuey Teow Gr Malaysia,N/A,75.000,2025-07-04 21:29:00
"Quali, Galaxy Mall",Kuey Teow Gr Singapore,N/A,62.000,2025-07-04 21:29:00
"Quali, Galaxy Mall",Kuey Soup Singapore,N/A,72.000,2025-07-04 21:29:00
"Quali, Galaxy Mall",Kuey Teow Siram Ayam,N/A,62.000,2025-07-04 21:29:00
"Quali, Galaxy Mall",Kueyteow Siram Sapi,N/A,81.000,2025-07-04 21:29:00
"Quali, Galaxy Mall",Kuet Teow Siram Seafood,N/A,75.000,2025-07-04 21:29:00
"Quali, Galaxy Mall",Kuey Teow Siram Seafood Egg,N/A,81.000,2025-07-04 21:29:00
"Quali, Galaxy Mall",Nasi Gr Yang Chow,Lauk Ayam Charsiu Dan Udang,56.000,2025-07-04 21:29:00
"Quali, Galaxy Mall",Nasi Gr Sambal Petai,N/A,61.000,2025-07-04 21:29:00
"Quali, Galaxy Mall",Nasi Gr Xo,N/A,61.000,2025-07-04 21:29:00
"Quali, Galaxy Mall",Nasi Gr Sambal Seafood,N/A,67.000,2025-07-04 21:29:00
"Quali, Galaxy Mall",Nasi Gr Ayam,N/A,51.000,2025-07-04 21:29:00
"Quali, Galaxy Mall",Nasi Gr Paradise,Lauk Ayam Marinade Dan Udang,56.000,2025-07-04 21:29:00
"Quali, Galaxy Mall",Nasi Gr Seafood,N/A,67.000,2025-07-04 21:29:00
"Quali, Galaxy Mall",Nasi Gr Ikan Asin,N/A,54.000,2025-07-04 21:29:00
"Quali, Galaxy Mall",Nasi Goreng Hongkong,N/A,56.000,2025-07-04 21:29:00
"Quali, Galaxy Mall",Nasi Siram Ayam,N/A,57.000,2025-07-04 21:29:00
"Quali, Galaxy Mall",Nasi Siram Seafood,N/A,70.000,2025-07-04 21:29:00
"Quali, Galaxy Mall",Nasi Sapi Lada Hitam,N/A,85.000,2025-07-04 21:29:00
"Quali, Galaxy Mall",Nasi Ayam Kungpao,N/A,61.000,2025-07-04 21:29:00
"Quali, Galaxy Mall",Nasi Ayam Lada Garam,N/A,65.000,2025-07-04 21:29:00
"Quali, Galaxy Mall",Lemongrass Chicken Rice,N/A,62.000,2025-07-04 21:29:00
"Quali, Galaxy Mall",Mie Pangsit Ayam,N/A,62.000,2025-07-04 21:29:00
"Quali, Galaxy Mall",Mie Sui Kiaw,N/A,62.000,2025-07-04 21:29:00
"Quali, Galaxy Mall",Pangsit Crispy Asam Manis,"Pangsit Isi Udang , Ayam Dan Jamur Digoreng Crispy Dan Dibaluri Saus Asam Manis Khas Quali",64.000,2025-07-04 21:29:00
"Quali, Galaxy Mall",Pangsit Rebus Goreng Quali,"Pangsit Isi Udang , Ayam Dan Jamur Yang Dimasak Dengan Bumbu Khas Quali Yang Rasanya Manis Gurih",60.000,2025-07-04 21:29:00
"Quali, Galaxy Mall",Pangsit Rebus Goreng Sambal Penang,"Pangsit Isi Udang , Ayam Dan Jamur Dimasak Dengan Bumbu Penang Yang Pedas Gurih",60.000,2025-07-04 21:29:00
"Quali, Galaxy Mall",Lamian Spicy Chicken,Lamian+Ayam+Kailan+Telur+Sc Chili Oil,60.000,2025-07-04 21:29:00
"Quali, Galaxy Mall",Lamian Spicy Beef,N/A,72.000,2025-07-04 21:29:00
"Quali, Galaxy Mall",Cream Soup Noodle,"Rasa : pedas gurih ( kuah susu ) isi : bihun , udang , kakap , fish cake",86.000,2025-07-04 21:29:00
"Quali, Galaxy Mall",Mie Seafood Tomyum,N/A,90.000,2025-07-04 21:29:00
"Quali, Galaxy Mall",Mie Siram Hongkong,N/A,76.000,2025-07-04 21:29:00
"Quali, Galaxy Mall",Hongkong Lamian Spicy Chicken,Lamian+Ayam Katsu+Ayam Kecap+Telur+Kailan+Sc Chili Oil,62.000,2025-07-04 21:29:00
"Quali, Galaxy Mall",Mie Hongkong Ayam Kungpao,N/A,62.000,2025-07-04 21:29:00
"Quali, Galaxy Mall",Mie Hk Sapi Lada Hitam,N/A,78.000,2025-07-04 21:29:00
"Quali, Galaxy Mall",Mie Wonton Sauce XO,"Rasa : Pedas Gurih pakai bumbu XO ( Sambal Ebi )
Isian : Pangsit Rebus ( Udang dan ayam ) dan Kailan",62.000,2025-07-04 21:29:00
"Quali, Galaxy Mall",Mie Gr Malaysia,N/A,72.000,2025-07-04 21:29:00
"Quali, Galaxy Mall",Mie Gr Seafood,N/A,72.000,2025-07-04 21:29:00
"Quali, Galaxy Mall",Mie Gr Ayam,N/A,61.000,2025-07-04 21:29:00
"Quali, Galaxy Mall",Mie Gr Hongkong,N/A,72.000,2025-07-04 21:29:00
"Quali, Galaxy Mall",Bihun Gr Ayam,N/A,60.000,2025-07-04 21:29:00
"Quali, Galaxy Mall",Bihun Gr Seafood,N/A,72.000,2025-07-04 21:29:00
"Quali, Galaxy Mall",Wonton Goreng,N/A,50.000,2025-07-04 21:29:00
"Quali, Galaxy Mall",Lumpia Mayonaise,N/A,59.000,2025-07-04 21:29:00
"Quali, Galaxy Mall",Quali Chicken Wings,N/A,74.000,2025-07-04 21:29:00
"Quali, Galaxy Mall",Chili Oil Chicken Wings,Chicken wing 4 pcs+sc chili oil,69.000,2025-07-04 21:29:00
"Quali, Galaxy Mall",Soy Garlic Chicken Wings,N/A,74.000,2025-07-04 21:29:00
"Quali, Galaxy Mall",Golden Garlic Chicken Wing,N/A,66.000,2025-07-04 21:29:00
"Quali, Galaxy Mall",Cabe Garam Chicken Wings,N/A,66.000,2025-07-04 21:29:00
"Quali, Galaxy Mall",Cakue Udang w/ Thousand Island,N/A,72.000,2025-07-04 21:29:00
"Quali, Galaxy Mall",Cakue Udang w/ Mayonaise,N/A,72.000,2025-07-04 21:29:00
"Quali, Galaxy Mall",Bubur Ayam,N/A,44.000,2025-07-04 21:29:00
"Quali, Galaxy Mall",Bubur Ikan Kakap,N/A,44.000,2025-07-04 21:29:00
"Quali, Galaxy Mall",Bubur Seafood,N/A,48.000,2025-07-04 21:29:00
"Quali, Galaxy Mall",Sup Jagung Asparagus,N/A,64.000,2025-07-04 21:29:00
"Quali, Galaxy Mall",Sui Kiaw Soup,N/A,55.000,2025-07-04 21:29:00
"Quali, Galaxy Mall",Soup Bakso Ikan,N/A,59.000,2025-07-04 21:29:00
"Quali, Galaxy Mall",Soup Wonton Chili Oil,Wonton rebus 5 pcs+chili oil,57.000,2025-07-04 21:29:00
"Quali, Galaxy Mall",Soup Bakso Tomyum,N/A,84.000,2025-07-04 21:29:00
"Quali, Galaxy Mall",Capcay Ayam,N/A,75.000,2025-07-04 21:29:00
"Quali, Galaxy Mall",Buncis Cah Saus XO,N/A,66.000,2025-07-04 21:29:00
"Quali, Galaxy Mall",Cah Kailan Muda,N/A,49.000,2025-07-04 21:29:00
"Quali, Galaxy Mall",Kailan Muda Sambal Terasi,N/A,49.000,2025-07-04 21:29:00
"Quali, Galaxy Mall",Cah Tauge & Ikan Asin,N/A,48.000,2025-07-04 21:29:00
"Quali, Galaxy Mall",Sapo Tahu Seafood,N/A,83.000,2025-07-04 21:29:00
"Quali, Galaxy Mall",Cap Cay Seafood,N/A,83.000,2025-07-04 21:29:00
"Quali, Galaxy Mall",Gurami Asam Manis,N/A,120.000,2025-07-04 21:29:00
"Quali, Galaxy Mall",Gurami Asam Pedas,N/A,120.000,2025-07-04 21:29:00
"Quali, Galaxy Mall",Gurami Telur Asin,N/A,125.000,2025-07-04 21:29:00
"Quali, Galaxy Mall",Kakap Gr Asam Manis,N/A,83.000,2025-07-04 21:29:00
"Quali, Galaxy Mall",Kakap Gr Xo,N/A,88.000,2025-07-04 21:29:00
"Quali, Galaxy Mall",Kakap Sc Telur Asin,N/A,87.000,2025-07-04 21:29:00
"Quali, Galaxy Mall",Sapi Lada Hitam,N/A,93.000,2025-07-04 21:29:00
"Quali, Galaxy Mall",Udang Gr Mayonaise,N/A,95.000,2025-07-04 21:29:00
"Quali, Galaxy Mall",Udang Sc Telur Asin,N/A,98.000,2025-07-04 21:29:00
"Quali, Galaxy Mall",Udang Cabe Kering,N/A,95.000,2025-07-04 21:29:00
"Quali, Galaxy Mall",Ayam Sc Hongkong,N/A,78.000,2025-07-04 21:29:00
"Quali, Galaxy Mall",Ayam Kung Pao,N/A,75.000,2025-07-04 21:29:00
"Quali, Galaxy Mall",Ayam Gr Spesial Quali,N/A,75.000,2025-07-04 21:29:00
"Quali, Galaxy Mall",Ayam Gr Asam Manis,N/A,75.000,2025-07-04 21:29:00
"Quali, Galaxy Mall",Ceker Ayam,N/A,36.000,2025-07-04 21:29:00
"Quali, Galaxy Mall",Onde-onde,N/A,40.000,2025-07-04 21:29:00
"Quali, Galaxy Mall",Siomay Udang,N/A,43.000,2025-07-04 21:29:00
"Quali, Galaxy Mall",Telor Mata Sapi,N/A,14.000,2025-07-04 21:29:00
"Quali, Galaxy Mall",Nasi Putih,N/A,16.000,2025-07-04 21:29:00
"Quali, Galaxy Mall",Mineral Water - 330 Ml,N/A,15.000,2025-07-04 21:29:00
"Quali, Galaxy Mall",Es Teh Manis,N/A,15.000,2025-07-04 21:29:00
"Quali, Galaxy Mall",Es Teh Tawar,N/A,14.000,2025-07-04 21:29:00
"Quali, Galaxy Mall",Teh Manis,N/A,15.000,2025-07-04 21:29:00
"Quali, Galaxy Mall",Teh Tawar,N/A,14.000,2025-07-04 21:29:00
"Quali, Galaxy Mall",Ice Bandung W/Slasih,N/A,42.000,2025-07-04 21:29:00
"Quali, Galaxy Mall",Sweet Rose Syrup W/Slasih,N/A,38.000,2025-07-04 21:29:00
"Quali, Galaxy Mall",Nescafe Cappucino,N/A,31.000,2025-07-04 21:29:00
"Quali, Galaxy Mall",Nestea Teh Tarik,N/A,38.000,2025-07-04 21:29:00
"Quali, Galaxy Mall",Nestea Green Tea,N/A,29.000,2025-07-04 21:29:00
"Quali, Galaxy Mall",Nestea Lemon Tea,N/A,29.000,2025-07-04 21:29:00
"Quali, Galaxy Mall",Nestle Blackcurrant,N/A,29.000,2025-07-04 21:29:00
"Quali, Galaxy Mall",Nestle Lemonade,N/A,29.000,2025-07-04 21:29:00
"Quali, Galaxy Mall",Nestle Milo,N/A,31.000,2025-07-04 21:29:00
"Quali, Galaxy Mall",Nasi Kolokee,N/A,36.000,2025-07-04 21:29:00
"Quali, Galaxy Mall",Nasi Kungpao Chicken,N/A,36.000,2025-07-04 21:29:00
"Quali, Galaxy Mall",Nasi Japanese Mayo Chicken,N/A,36.000,2025-07-04 21:29:00
"Quali, Galaxy Mall",Nasi Salted Egg Chicken,N/A,36.000,2025-07-04 21:29:00
"Quali, Galaxy Mall",Nasi Ikan Asam Pedas,N/A,36.000,2025-07-04 21:29:00
"Quali, Galaxy Mall",Catering Senin,"Nasi Putih, Kailan Muda Sambal Trasi, Ayam Sc. Telur Asin",51.000,2025-07-04 21:29:00
"Quali, Galaxy Mall",Catering Selasa,"Nasi Goreng, Cah Taugeh, Ayam Asam Manis",51.000,2025-07-04 21:29:00
"Quali, Galaxy Mall",Catering Rabu,"Nasi Putih, Cap Cay, Ayam Asam Pedas",51.000,2025-07-04 21:29:00
"Quali, Galaxy Mall",Catering Kamis,"Nasi putih, sapo tofu, ayam kung pao",51.000,2025-07-04 21:29:00
"Quali, Galaxy Mall",Catering Jum'at,"Nasi Goreng, Cah Kailan Muda, Ayam Lada Hitam",51.000,2025-07-04 21:29:00
"Quali, Galaxy Mall",Catering Sabtu,"Nasi Putih, Cap Cay, Ayam Sc. XO",51.000,2025-07-04 21:29:00
"Quali, Galaxy Mall",Catering Minggu,"Nasi Goreng, Cah Taugeh, Ayam Spc. Quali",51.000,2025-07-04 21:29:00
"Quali, Galaxy Mall",Makan Mewah - Nasgor Mewah Ber-2,N/A,155.000,2025-07-04 21:29:00
"Quali, Galaxy Mall",Makan Mewah - Nasgor Mewah Ber-3,N/A,165.000,2025-07-04 21:29:00
"Quali, Galaxy Mall",Makan Mewah - Nasgor Mewah Ber-4,N/A,180.000,2025-07-04 21:29:00
"Quali, Galaxy Mall",Nasgor Bundle 1,Nasi Gr Ayam + Ayam Spc Quali,120.000,2025-07-04 21:29:00
"Quali, Galaxy Mall",Nasgor Bundle 2,Nasi Gr. Yang Chow + Ayam Kungpao,130.000,2025-07-04 21:29:00
"Quali, Galaxy Mall",Nasgor Bundle 3,Nasi Gr Ikan Asin + Ayam Spc Quali,128.000,2025-07-04 21:29:00
"Quali, Galaxy Mall",Nasgor Bundle 4,Nasi Gr Hongkong + Ayam Kungpao,130.000,2025-07-04 21:29:00
"Quali, Galaxy Mall",Hungry Cup Duo,HC Nasi Japanese Mayo + HC Nasi Ikan Asam Pedas,67.000,2025-07-04 21:29:00
"Quali, Galaxy Mall",Hungry Cup Trio,HC Nasi Japanese Mayo Chicken + HC Nasi Salted Egg Chicken + HC Nasi Ikan Asam Pedas,98.000,2025-07-04 21:29:00
"Shihlin Taiwan Street Snack, Galaxy Mall",XXL Crispy Chicken,Xxl crispy chicken spicy level & varian flavour,48.000,2025-07-04 21:29:28
"Shihlin Taiwan Street Snack, Galaxy Mall",Seafood Tempura,Seafood tempura spicy level & varian flavour,47.000,2025-07-04 21:29:28
"Shihlin Taiwan Street Snack, Galaxy Mall",Sweet Plum Potato Fries,N/A,37.000,2025-07-04 21:29:28
"Shihlin Taiwan Street Snack, Galaxy Mall",Holiday Treats 1,2 XXL Crispy Chicken + 2 Pocari,106.000,2025-07-04 21:29:28
"Shihlin Taiwan Street Snack, Galaxy Mall",Holiday Treats 2,1 XXL Crispy Chicken + 1 Popcorn Chicken + 2 Pocari,109.000,2025-07-04 21:29:28
"Shihlin Taiwan Street Snack, Galaxy Mall",Holiday Treats 3,1 XXL Crispy Chicken + 1 Seafood Tempura + 2 Pocari,105.000,2025-07-04 21:29:28
"Shihlin Taiwan Street Snack, Galaxy Mall",Holiday Treats 4,1 XXL Crispy Chicken + 1 Sweet Plum Potato + 2 Pocari,95.000,2025-07-04 21:29:28
"Shihlin Taiwan Street Snack, Galaxy Mall",Double Snack 1,2 XXL,91.000,2025-07-04 21:29:28
"Shihlin Taiwan Street Snack, Galaxy Mall",Double Snack 2,1 XXL + 1 tempura,90.000,2025-07-04 21:29:28
"Shihlin Taiwan Street Snack, Galaxy Mall",Double Snack 3,1 XXL + 1 sweet plum,82.000,2025-07-04 21:29:28
"Shihlin Taiwan Street Snack, Galaxy Mall",Double Snack 4,1 XXL + 1 popcorn,94.000,2025-07-04 21:29:28
"Shihlin Taiwan Street Snack, Galaxy Mall",Triple Combo 1,3 XXL,139.000,2025-07-04 21:29:28
"Shihlin Taiwan Street Snack, Galaxy Mall",Triple Combo 2,2 XXL + 1 popcorn,139.000,2025-07-04 21:29:28
"Shihlin Taiwan Street Snack, Galaxy Mall",Triple Combo 3,1 XXL + 2 popcorn,139.000,2025-07-04 21:29:28
"Shihlin Taiwan Street Snack, Galaxy Mall",Quad Combo 1,4 XXL,189.000,2025-07-04 21:29:28
"Shihlin Taiwan Street Snack, Galaxy Mall",Quad Combo 2,2 XXL + 2 popcorn,189.000,2025-07-04 21:29:28
"Shihlin Taiwan Street Snack, Galaxy Mall",Quad Combo 3,3 XXL + 1 popcorn,189.000,2025-07-04 21:29:28
"Shihlin Taiwan Street Snack, Galaxy Mall",Quad Combo 4,3 XXL + 1 tempura,189.000,2025-07-04 21:29:28
"Shihlin Taiwan Street Snack, Galaxy Mall",Quad Combo 5,3 XXL + 1 sweet plum,189.000,2025-07-04 21:29:28
"Shihlin Taiwan Street Snack, Galaxy Mall",Box of Happiness 1,4 XXL Crispy Chicken,203.000,2025-07-04 21:29:28
"Shihlin Taiwan Street Snack, Galaxy Mall",Box of Happiness 2,2 XXL Crispy Chicken + 1 Tempura + 1 Popcorn Chicken,203.000,2025-07-04 21:29:28
"Shihlin Taiwan Street Snack, Galaxy Mall",Box of Happiness 3,2 XXL Crispy Chicken + 1 Sweet Plum Potato  + 1 Tempura,203.000,2025-07-04 21:29:28
"Shihlin Taiwan Street Snack, Galaxy Mall",Box Of Happiness 4,2 XXL Crispy Chicken + 1 Sweet Plum Potato + 1 Popcorn Chicken,203.000,2025-07-04 21:29:28
"Shihlin Taiwan Street Snack, Galaxy Mall",XXL Crispy Chicken,Xxl crispy chicken spicy level & varian flavour,48.000,2025-07-04 21:29:28
"Shihlin Taiwan Street Snack, Galaxy Mall",Seafood Tempura,Seafood tempura spicy level & varian flavour,47.000,2025-07-04 21:29:28
"Shihlin Taiwan Street Snack, Galaxy Mall",Crispy Salt Pepper Mushroom,Crispy salt pepper mushroom spicy level & varian flavour,39.000,2025-07-04 21:29:28
"Shihlin Taiwan Street Snack, Galaxy Mall",Popcorn Chicken,Popcorn chicken spicy level spicy level & varian flavour,51.000,2025-07-04 21:29:28
"Shihlin Taiwan Street Snack, Galaxy Mall",Sweet Plum Potato Fries,N/A,37.000,2025-07-04 21:29:28
"Shihlin Taiwan Street Snack, Galaxy Mall",Rice,N/A,10.000,2025-07-04 21:29:28
"Shihlin Taiwan Street Snack, Galaxy Mall",Teh Pucuk,N/A,12.000,2025-07-04 21:29:28
"Shihlin Taiwan Street Snack, Galaxy Mall",Air Mineral,N/A,10.000,2025-07-04 21:29:28
"Shihlin Taiwan Street Snack, Galaxy Mall",Pocari Sweat 330 mL,N/A,16.000,2025-07-04 21:29:28
"Shihlin Taiwan Street Snack, Galaxy Mall",Duolicious 1,1 XXL crispy chicken + 1 crispy chicken pizza,79.000,2025-07-04 21:29:28
"Shihlin Taiwan Street Snack, Galaxy Mall",Duolicious 2,1 popcorn chicken + 1 crispy chicken pizza,79.000,2025-07-04 21:29:28
"Shihlin Taiwan Street Snack, Galaxy Mall",SurpRice! Bowl - Barbeque,"Menu ricebowl berisikan nasi, chicken chop, telur berprotein tinggi, sayuran, dan dilengkapi dengan pilihan sauce Barbeque",41.000,2025-07-04 21:29:28
"Shihlin Taiwan Street Snack, Galaxy Mall",Crispy Chick N' Roll,Crispy chicken dengan isian keju dan tamagoyaki. Dilengkapi dengan sayuran dan nasi,41.000,2025-07-04 21:29:28
"Shihlin Taiwan Street Snack, Galaxy Mall",XXL Crispy Chicken Blackpepper,XXL Crispy Chicken yang ditambahkan dengan seasoning blackpepper,48.000,2025-07-04 21:29:28
"Shihlin Taiwan Street Snack, Galaxy Mall",Crispy Chicken Salad Wrap,Varian XXL Crispy Chicken yang disajikan dengan fresh salad yang dicampur dengan sauce special dan dibalut dengan crepe skin,41.000,2025-07-04 21:29:28
"Shihlin Taiwan Street Snack, Galaxy Mall",SurpRice! Bowl - Blackpepper,"Menu ricebowl berisikan nasi, chicken chop, telur berprotein tinggi, sayuran, dan dilengkapi dengan pilihan sauce Blackpepper",41.000,2025-07-04 21:29:28
"Shihlin Taiwan Street Snack, Galaxy Mall",Crispy Chicken Pizza,Crispy chicken dengan topping paprika dan dilapisi keju mozarella spesial,42.000,2025-07-04 21:29:28
"Top Yammie, Galaxy Mall",Bubur Ayam,N/A,42.000,2025-07-04 21:30:04
"Top Yammie, Galaxy Mall",Bakpao Telur Asin ( Lao Sa Pao ),Isi 3 Pcs,32.000,2025-07-04 21:30:04
"Top Yammie, Galaxy Mall",Yammie Polos,N/A,36.000,2025-07-04 21:30:04
"Top Yammie, Galaxy Mall",Bihun Kuah,N/A,63.000,2025-07-04 21:30:04
"Top Yammie, Galaxy Mall",Yammie Ayam Jamur,N/A,46.000,2025-07-04 21:30:04
"Top Yammie, Galaxy Mall",Mapo Tahu Ala Sichuan,N/A,73.000,2025-07-04 21:30:04
"Top Yammie, Galaxy Mall",Tim Lumpia Kulit Tahu Frozen,N/A,70.000,2025-07-04 21:30:04
"Top Yammie, Galaxy Mall",Ayam Saus Telur Asin (Alacarte),N/A,78.000,2025-07-04 21:30:04
"Top Yammie, Galaxy Mall",Nasi Ayam Saus Telur Asin,N/A,62.000,2025-07-04 21:30:04
"Top Yammie, Galaxy Mall",Udang Saus Telur Asin (Alacarte),N/A,100.000,2025-07-04 21:30:04
"Top Yammie, Galaxy Mall",Nasi Udang Saus Telur Asin,N/A,71.000,2025-07-04 21:30:04
"Top Yammie, Galaxy Mall",Cumi Saus Telur Asin (Alacarte),N/A,100.000,2025-07-04 21:30:04
"Top Yammie, Galaxy Mall",Nasi Cumi Saus Telur Asin,N/A,71.000,2025-07-04 21:30:04
"Top Yammie, Galaxy Mall",Tahu Saus Telur Asin (Alacarte),N/A,63.000,2025-07-04 21:30:04
"Top Yammie, Galaxy Mall",Yammie Ayam Jamur,N/A,46.000,2025-07-04 21:30:04
"Top Yammie, Galaxy Mall",Yammie Polos,N/A,36.000,2025-07-04 21:30:04
"Top Yammie, Galaxy Mall",Yammie Pangsit Special,Yammie dgn Topping Ayam jamur + Pangsit Rebus / Pangsit Goreng,53.000,2025-07-04 21:30:04
"Top Yammie, Galaxy Mall",Yammie Ayam Special,N/A,65.000,2025-07-04 21:30:04
"Top Yammie, Galaxy Mall",Yammie Babi Hong,N/A,98.000,2025-07-04 21:30:04
"Top Yammie, Galaxy Mall",Yammie Casiew,N/A,65.000,2025-07-04 21:30:04
"Top Yammie, Galaxy Mall",Yammie Siobak,N/A,77.000,2025-07-04 21:30:04
"Top Yammie, Galaxy Mall",Yammie casiew + Siobak,N/A,77.000,2025-07-04 21:30:04
"Top Yammie, Galaxy Mall",Mie Pok SIngapore,N/A,59.000,2025-07-04 21:30:04
"Top Yammie, Galaxy Mall",Mie Pok Polos,N/A,36.000,2025-07-04 21:30:04
"Top Yammie, Galaxy Mall",Mie Pok  Singapore Special,N/A,78.000,2025-07-04 21:30:04
"Top Yammie, Galaxy Mall",Mie Pok Ala Singapore With Siobak,N/A,78.000,2025-07-04 21:30:04
"Top Yammie, Galaxy Mall",Yammie Bakso Spesial,N/A,59.000,2025-07-04 21:30:04
"Top Yammie, Galaxy Mall",Yammie Ayam Kung Pao,N/A,57.000,2025-07-04 21:30:04
"Top Yammie, Galaxy Mall",Yammie Spicy Garlic,N/A,57.000,2025-07-04 21:30:04
"Top Yammie, Galaxy Mall",Mie Pok Polos Pedas,N/A,38.000,2025-07-04 21:30:04
"Top Yammie, Galaxy Mall",Yammie Bebek Panggang,N/A,65.000,2025-07-04 21:30:04
"Top Yammie, Galaxy Mall",Siomay Ayam,Isi 4 Pcs,34.000,2025-07-04 21:30:04
"Top Yammie, Galaxy Mall",Kuotie Ayam,Isi 5 pcs,34.000,2025-07-04 21:30:04
"Top Yammie, Galaxy Mall",Kuotie Babi,Isi 5 Pcs,34.000,2025-07-04 21:30:04
"Top Yammie, Galaxy Mall",Bakpao Tausa (Kacang Hitam),Isi 3 Pcs,32.000,2025-07-04 21:30:04
"Top Yammie, Galaxy Mall",Bakpao Telur Asin ( Lao Sa Pao ),Isi 3 Pcs,32.000,2025-07-04 21:30:04
"Top Yammie, Galaxy Mall",Bakpao Casiew Ayam,N/A,32.000,2025-07-04 21:30:04
"Top Yammie, Galaxy Mall",Bakpao Coklat,N/A,33.000,2025-07-04 21:30:04
"Top Yammie, Galaxy Mall",Bakpao Cream-cheese,N/A,32.000,2025-07-04 21:30:04
"Top Yammie, Galaxy Mall",Bakpao Talas,N/A,32.000,2025-07-04 21:30:04
"Top Yammie, Galaxy Mall",Mantau Goreng,Isi 5 Pcs,29.000,2025-07-04 21:30:04
"Top Yammie, Galaxy Mall",Lumpia Goreng Ayam,Isi 4 Pcs,32.000,2025-07-04 21:30:04
"Top Yammie, Galaxy Mall",Cakwe Goreng Isi Udang,Isi 3 Pcs,32.000,2025-07-04 21:30:04
"Top Yammie, Galaxy Mall",Tim Lumpia Kulit Tahu,Isi 3 Pcs,32.000,2025-07-04 21:30:04
"Top Yammie, Galaxy Mall",Lumpia Kulit Tahu Goreng,N/A,32.000,2025-07-04 21:30:04
"Top Yammie, Galaxy Mall",Pangsit Udang,Isi 4 Pcs,32.000,2025-07-04 21:30:04
"Top Yammie, Galaxy Mall",Tim Kaki Ayam,Isi 3 Pcs,30.000,2025-07-04 21:30:04
"Top Yammie, Galaxy Mall",Stick Lumpia Krispi,N/A,32.000,2025-07-04 21:30:04
"Top Yammie, Galaxy Mall",Siomay Babi,Isi 4 Pcs,34.000,2025-07-04 21:30:04
"Top Yammie, Galaxy Mall",Babi Hong Ala Khee (isi 4 Pcs),Olahan bagian terlezat babi + mantau hangat,143.000,2025-07-04 21:30:04
"Top Yammie, Galaxy Mall",Siobak Panggang,N/A,83.000,2025-07-04 21:30:04
"Top Yammie, Galaxy Mall",Casiew,N/A,78.000,2025-07-04 21:30:04
"Top Yammie, Galaxy Mall","3 kingdom BBQ (casiew, siobak, dan bebek)",N/A,143.000,2025-07-04 21:30:04
"Top Yammie, Galaxy Mall",BBQ Twin Combo (2 Kombinasi casiew/ siobak/ bebek),N/A,83.000,2025-07-04 21:30:04
"Top Yammie, Galaxy Mall",Bebek Panggang,N/A,81.000,2025-07-04 21:30:04
"Top Yammie, Galaxy Mall",Bubur Polos,N/A,37.000,2025-07-04 21:30:04
"Top Yammie, Galaxy Mall",Bubur Ayam,N/A,42.000,2025-07-04 21:30:04
"Top Yammie, Galaxy Mall",Bubur Bakso babi,N/A,44.000,2025-07-04 21:30:04
"Top Yammie, Galaxy Mall",Bubur Babi,N/A,44.000,2025-07-04 21:30:04
"Top Yammie, Galaxy Mall",Bubur Pitan,N/A,42.000,2025-07-04 21:30:04
"Top Yammie, Galaxy Mall",Ayam Koloke,Ayam saus asam manis,57.000,2025-07-04 21:30:04
"Top Yammie, Galaxy Mall",Ayam Cabai Garam,Ayam goreng dengan bumbu cabai garam,57.000,2025-07-04 21:30:04
"Top Yammie, Galaxy Mall",Ayam Goreng Katsu,Ayam dengan olahan katsu khas Jepang,58.000,2025-07-04 21:30:04
"Top Yammie, Galaxy Mall",Ayam Kungpao,Ayam saus Kungpao,58.000,2025-07-04 21:30:04
"Top Yammie, Galaxy Mall",Ayam Goreng Wangi,Ayam goreng dengan campuran bumbu terasi ala Top Noodle,61.000,2025-07-04 21:30:04
"Top Yammie, Galaxy Mall",Ayam Teriyaki,Ayam saus Teriyaki khas Jepang,61.000,2025-07-04 21:30:04
"Top Yammie, Galaxy Mall",Ayam Lemon Madu,N/A,61.000,2025-07-04 21:30:04
"Top Yammie, Galaxy Mall",Sapi Lada Hitam,Olahan daging sapi yang dimasak dengan lada hitam,78.000,2025-07-04 21:30:04
"Top Yammie, Galaxy Mall",Steak Sapi Ala Kanton,Olahan daging sapi yang dimasak dengan khas masakan Hingkong dengan citra rasa asam manis,78.000,2025-07-04 21:30:04
"Top Yammie, Galaxy Mall",Cumi Cabai Garam,Cumi goreng dengan bumbu cabai garam,65.000,2025-07-04 21:30:04
"Top Yammie, Galaxy Mall",Udang Mayonnaise,Isi 8 Pcs,99.000,2025-07-04 21:30:04
"Top Yammie, Galaxy Mall",Kolobak,Babi potong Crispy disiram Saus Asam Manis yang gurih dan lezat,65.000,2025-07-04 21:30:04
"Top Yammie, Galaxy Mall",Rambak Telur Asin,Rambak Kulit Babi Dengan Saus Telur Asin,65.000,2025-07-04 21:30:04
"Top Yammie, Galaxy Mall",Lumpia Udang,N/A,99.000,2025-07-04 21:30:04
"Top Yammie, Galaxy Mall",Pangsit Chow,"Pangsit, Bakso Sapi, Sayur, Chilli Oil",59.000,2025-07-04 21:30:04
"Top Yammie, Galaxy Mall",Cah Sawi Daging,N/A,46.000,2025-07-04 21:30:04
"Top Yammie, Galaxy Mall",Baby Kailan,N/A,51.000,2025-07-04 21:30:04
"Top Yammie, Galaxy Mall",Baby Kailan Cah Sapi,N/A,84.000,2025-07-04 21:30:04
"Top Yammie, Galaxy Mall",Capcay Goreng Ayam,N/A,62.000,2025-07-04 21:30:04
"Top Yammie, Galaxy Mall",Capcay Goreng Seafood,N/A,66.000,2025-07-04 21:30:04
"Top Yammie, Galaxy Mall",Cap Cay Goreng Babi,N/A,63.000,2025-07-04 21:30:04
"Top Yammie, Galaxy Mall",Angsio Tahu Jepang Ayam,N/A,67.000,2025-07-04 21:30:04
"Top Yammie, Galaxy Mall",Angsio Tahu Jepang Seafood,N/A,71.000,2025-07-04 21:30:04
"Top Yammie, Galaxy Mall",Angsio Tahu Jepang Babi,N/A,71.000,2025-07-04 21:30:04
"Top Yammie, Galaxy Mall",Baby Buncis Ala Tsechuan Ayam,N/A,70.000,2025-07-04 21:30:04
"Top Yammie, Galaxy Mall",Baby Buncis Ala Tsecuan Sapi,N/A,79.000,2025-07-04 21:30:04
"Top Yammie, Galaxy Mall",Mapo Tahu Ala Sichuan,N/A,73.000,2025-07-04 21:30:04
"Top Yammie, Galaxy Mall",Tahu Cabai Garam,N/A,55.000,2025-07-04 21:30:04
"Top Yammie, Galaxy Mall",Tahu Telur Asin,N/A,63.000,2025-07-04 21:30:04
"Top Yammie, Galaxy Mall",Bakmie Goreng Ayam,Bakmi dimasak dan digoreng sangat cocok dengan topping pilihan kami yang manis dan gurih,57.000,2025-07-04 21:30:04
"Top Yammie, Galaxy Mall",Bakmie Goreng Seafood,N/A,61.000,2025-07-04 21:30:04
"Top Yammie, Galaxy Mall",Bakmie Goreng Babi,N/A,59.000,2025-07-04 21:30:04
"Top Yammie, Galaxy Mall",Bakmi Goreng Jepang,N/A,61.000,2025-07-04 21:30:04
"Top Yammie, Galaxy Mall",Kwetiau Goreng Ayam,Kwetiau dimasak dan digoreng sangat cocok dengan topping pilihan kami yang manis dan gurih,57.000,2025-07-04 21:30:04
"Top Yammie, Galaxy Mall",Kwetiaw Goreng Seafood,N/A,67.000,2025-07-04 21:30:04
"Top Yammie, Galaxy Mall",Kwetiaw Goreng Babi,N/A,65.000,2025-07-04 21:30:04
"Top Yammie, Galaxy Mall",Kwetiaw Goreng Sapi,N/A,70.000,2025-07-04 21:30:04
"Top Yammie, Galaxy Mall",Kwetiau Siram Capcay,Kwetiau dengan kuah Cap Cay yang sangat gurih,63.000,2025-07-04 21:30:04
"Top Yammie, Galaxy Mall",Kwetiaw Siram Sapi Telur,N/A,71.000,2025-07-04 21:30:04
"Top Yammie, Galaxy Mall",Tamie Capcay Ayam,Mie Kering dengan topping Cap Cay yang basah menjadikan kombinasi yang sangat enak,63.000,2025-07-04 21:30:04
"Top Yammie, Galaxy Mall",Tamie Cap Cay Seafood,N/A,70.000,2025-07-04 21:30:04
"Top Yammie, Galaxy Mall",Tamie Cap Cay Babi,N/A,69.000,2025-07-04 21:30:04
"Top Yammie, Galaxy Mall",Bihun Goreng,N/A,63.000,2025-07-04 21:30:04
"Top Yammie, Galaxy Mall",Bihun Kuah,N/A,63.000,2025-07-04 21:30:04
"Top Yammie, Galaxy Mall",Bihun Goreng Singapore,N/A,69.000,2025-07-04 21:30:04
"Top Yammie, Galaxy Mall",Nasi Goreng Ayam,N/A,55.000,2025-07-04 21:30:04
"Top Yammie, Galaxy Mall",Nasi Goreng Tek-tek,N/A,62.000,2025-07-04 21:30:04
"Top Yammie, Galaxy Mall",Nasi Goreng Yang Chow,N/A,59.000,2025-07-04 21:30:04
"Top Yammie, Galaxy Mall",Nasi Siram Ayam Jamur,N/A,58.000,2025-07-04 21:30:04
"Top Yammie, Galaxy Mall",Nasi Siram Udang Telur,N/A,65.000,2025-07-04 21:30:04
"Top Yammie, Galaxy Mall",Siomay Babi Frozen,8 pcs,76.000,2025-07-04 21:30:04
"Top Yammie, Galaxy Mall",Siomay Ayam Frozen,8 pcs,76.000,2025-07-04 21:30:04
"Top Yammie, Galaxy Mall",Bakpao Casiew Ayam Frozen,6 pcs,70.000,2025-07-04 21:30:04
"Top Yammie, Galaxy Mall",Bakpao Kacang Hitam Frozen,6 pcs,70.000,2025-07-04 21:30:04
"Top Yammie, Galaxy Mall",Bakpao Telur Asin Frozen,6 pcs,70.000,2025-07-04 21:30:04
"Top Yammie, Galaxy Mall",Tim Kaki Ayam Frozen,2 porsi,70.000,2025-07-04 21:30:04
"Top Yammie, Galaxy Mall",Yammie Polos Frozen,2 porsi,76.000,2025-07-04 21:30:04
"Top Yammie, Galaxy Mall",Yammie Ayam Jamur Frozen,2 porsi,102.000,2025-07-04 21:30:04
"Top Yammie, Galaxy Mall",Ayam Goreng Mentega Frozen,Porsi 2 Orang,86.000,2025-07-04 21:30:04
"Top Yammie, Galaxy Mall",Steak Sapi Ala Canton Frozen,Porsi 2 Orang,124.000,2025-07-04 21:30:04
"Top Yammie, Galaxy Mall",Sapi Lada Hitam Frozen,Porsi 2 Orang,124.000,2025-07-04 21:30:04
"Top Yammie, Galaxy Mall",Babi Hong Ala Khee Frozen,Porsi 5 Orang,202.000,2025-07-04 21:30:04
"Top Yammie, Galaxy Mall",Lumpia Udang Frozen,7 pcs,109.000,2025-07-04 21:30:04
"Top Yammie, Galaxy Mall",Tim Lumpia Kulit Tahu Frozen,2 Porsi,70.000,2025-07-04 21:30:04
"Top Yammie, Galaxy Mall",Bakpao Coklat Frz,6pcs,76.000,2025-07-04 21:30:04
"Top Yammie, Galaxy Mall",Yammie Pok Ala Singapore Frz,2porsi,130.000,2025-07-04 21:30:04
"Top Yammie, Galaxy Mall",Ramen Sup Iga Babi Frozen,2 porsi,193.000,2025-07-04 21:30:04
"Top Yammie, Galaxy Mall",Gyoza Ayam Frozen,N/A,117.000,2025-07-04 21:30:04
"Top Yammie, Galaxy Mall",Gyoza Babi Frozen,N/A,117.000,2025-07-04 21:30:04
"Top Yammie, Galaxy Mall",Frozen Original Chicken Collagen Ramen,N/A,193.000,2025-07-04 21:30:04
"Top Yammie, Galaxy Mall",Yammie Bakso Spesial Frz,N/A,126.000,2025-07-04 21:30:04
"Top Yammie, Galaxy Mall",Nasi Putih,N/A,13.000,2025-07-04 21:30:04
"Top Yammie, Galaxy Mall",Nasi Hainam,N/A,16.000,2025-07-04 21:30:04
"Bentoya, Galaxy Mall 2",Chicken Tandoori Bento,N/A,78.000,2025-07-04 21:30:39
"Bentoya, Galaxy Mall 2",Chicken Katsu Curry,N/A,78.000,2025-07-04 21:30:39
"Bentoya, Galaxy Mall 2",Chicken Katsu Don,N/A,64.000,2025-07-04 21:30:39
"Bentoya, Galaxy Mall 2",Chicken Teriyaki Bento,N/A,78.000,2025-07-04 21:30:39
"Bentoya, Galaxy Mall 2",Chicken Katsu Bento,N/A,78.000,2025-07-04 21:30:39
"Bentoya, Galaxy Mall 2",Sasami Katsu Bento,N/A,78.000,2025-07-04 21:30:39
"Bentoya, Galaxy Mall 2",Chicken Karaage Bento,N/A,78.000,2025-07-04 21:30:39
"Bentoya, Galaxy Mall 2",Salmon Teriyaki Bento,N/A,116.000,2025-07-04 21:30:39
"Bentoya, Galaxy Mall 2",Chicken Tandoori Bento,Chicken Tandoori + Acar + Side Dishes + Rice,78.000,2025-07-04 21:30:39
"Bentoya, Galaxy Mall 2",Chicken Teriyaki Bento,Chicken Teriyaki + Acar + Side Dishes + Rice,78.000,2025-07-04 21:30:39
"Bentoya, Galaxy Mall 2",Chicken Gomadare Bento,Chicken gomadare + acar + side dishes + rice,78.000,2025-07-04 21:30:39
"Bentoya, Galaxy Mall 2",Chicken Katsu Bento,Chicken Katsu + Acar + Side Dishes + Rice,78.000,2025-07-04 21:30:39
"Bentoya, Galaxy Mall 2",Sasami Katsu Bento,Sasami (Chicken Tenderloin) Katsu + Acar + Side Dishes + Rice,78.000,2025-07-04 21:30:39
"Bentoya, Galaxy Mall 2",Chicken Karaage Bento,Chicken Karaage + Acar + Side Dishes + Rice,78.000,2025-07-04 21:30:39
"Bentoya, Galaxy Mall 2",Salmon Teriyaki Bento,Salmon Teriyaki + Acar + Side Dishes + Rice,116.000,2025-07-04 21:30:39
"Bentoya, Galaxy Mall 2",Beef Teriyaki Bento,Beef Teriyaki + Acar + Side Dishes + Rice,103.000,2025-07-04 21:30:39
"Bentoya, Galaxy Mall 2",Beef Hambagu Bento,Beef Hambagu + Butter + Acar + Side Dishes + Rice,103.000,2025-07-04 21:30:39
"Bentoya, Galaxy Mall 2",Beef Yakiniku Calbee Bento,Beef Yakiniku Calbee + Acar + Side Dishes + Rice,103.000,2025-07-04 21:30:39
"Bentoya, Galaxy Mall 2",Ebi Furai Bento,Ebi Furai + Acar + Side Dishes + Rice,103.000,2025-07-04 21:30:39
"Bentoya, Galaxy Mall 2",Ebi Mayo Karaage Bento,Ebi Karaage + Mayonnaise + Acar + Side Dishes + Rice,103.000,2025-07-04 21:30:39
"Bentoya, Galaxy Mall 2",Beef Stamina Bento,Beef Stamina + Acar + Side Dishes + Rice,103.000,2025-07-04 21:30:39
"Bentoya, Galaxy Mall 2",Dori Katsu Bento,Dori katsu + tartar sauce + acar + side dishes + rice,89.000,2025-07-04 21:30:39
"Bentoya, Galaxy Mall 2",Dori Karaage Bento,Dori Karaage + Tar-Tar Sauce + Acar + Side Dishes + Rice,89.000,2025-07-04 21:30:39
"Bentoya, Galaxy Mall 2",Kids Bento A - Chicken Karaage,Chicken Karaage + Crab Claw + Ebi Shumai + Tamagoyaki + Edamame + Rice,70.000,2025-07-04 21:30:39
"Bentoya, Galaxy Mall 2",Kids Bento B - Sasami Katsu,Sasami Katsu + Crab Claw + Ebi Shumai + Tamagoyaki + Edamame + Rice,70.000,2025-07-04 21:30:39
"Bentoya, Galaxy Mall 2",Kids Bento C - Ebi Furai,Ebi Furai + Crab Claw + Ebi Shumai + Tamagoyaki + Edamame + Rice,78.000,2025-07-04 21:30:39
"Bentoya, Galaxy Mall 2",Kids Bento D - Salmon Teriyaki,Salmon Teriyaki + Crab Claw + Ebi Shumai + Tamagoyaki + Edamame + Rice,78.000,2025-07-04 21:30:39
"Bentoya, Galaxy Mall 2",Combi Kids Bento 1 - Chicken Karaage & Ebi Furai,Chicken Karaage + Ebi Furai + Crab Claw + Ebi Shumai + Tamagoyaki + Edamame + Rice,78.000,2025-07-04 21:30:39
"Bentoya, Galaxy Mall 2",Combi Kids Bento 2 - Sasami Katsu & Ebi Furai,Sasami Katsu + Ebu Furai + Crab Claw + Ebi Shumai + Tamagoyaki + Edamame + Rice,78.000,2025-07-04 21:30:39
"Bentoya, Galaxy Mall 2",Combi Kids Bento 3 - Salmon Teriyaki & Ebi Furai,Salmon Teriyaki + Ebi Furai + Crab Claw + Ebi Shumai + Tamagoyaki + Edamame + Rice,89.000,2025-07-04 21:30:39
"Bentoya, Galaxy Mall 2",Chicken Teriyaki Don,Chicken Teriyaki + Ajitama + Rice,64.000,2025-07-04 21:30:39
"Bentoya, Galaxy Mall 2",Chicken Katsu Don,Chicken Katsu + 1 Beaten Egg + Rice,64.000,2025-07-04 21:30:39
"Bentoya, Galaxy Mall 2",Chicken Karaage Don,Chicken karaage + beaten egg + rice,64.000,2025-07-04 21:30:39
"Bentoya, Galaxy Mall 2",Beef Calbee Don,Beef Calbee + Rice,89.000,2025-07-04 21:30:39
"Bentoya, Galaxy Mall 2",Una Don,Unagi + Tamagoyaki + Rice,154.000,2025-07-04 21:30:39
"Bentoya, Galaxy Mall 2",Beef Stamina Don,Beef stamina + bawang bombay + rice,89.000,2025-07-04 21:30:39
"Bentoya, Galaxy Mall 2",Gyu Don,Gyu + Bawang Bombay + Rice,89.000,2025-07-04 21:30:39
"Bentoya, Galaxy Mall 2",Chicken Teriyaki Paitan Ramen,Chicken Teriyaki + Ajitama + Corn + Paitan Ramen,76.000,2025-07-04 21:30:39
"Bentoya, Galaxy Mall 2",Chicken Karaage Paitan Ramen,Chicken Karaage + Ajitama + Corn + Paitan Ramen,76.000,2025-07-04 21:30:39
"Bentoya, Galaxy Mall 2",Beef Calbee Paitan Ramen,Beef calbee + ajitama + corn + paitan ramen,96.000,2025-07-04 21:30:39
"Bentoya, Galaxy Mall 2",Chicken Teriyaki Miso Ramen,Chicken Teriyaki + Ajitama + Corn + Miso Ramen,76.000,2025-07-04 21:30:39
"Bentoya, Galaxy Mall 2",Chicken Karaage Miso Ramen,Chicken Karaage + Ajitama + Corn + Miso Ramen,76.000,2025-07-04 21:30:39
"Bentoya, Galaxy Mall 2",Beef Calbee Miso Ramen,Beef Calbee + Ajitama + Corn + Miso Ramen,96.000,2025-07-04 21:30:39
"Bentoya, Galaxy Mall 2",Chicken Teriyaki Spicy Miso Ramen,Chicken Teriyaki + Ajitama + Corn + Spicy Miso Ramen,76.000,2025-07-04 21:30:39
"Bentoya, Galaxy Mall 2",Chicken Karaage Spicy Miso Ramen,Chicken Karaage + Ajitama + Corn + Spicy Miso Ramen,76.000,2025-07-04 21:30:39
"Bentoya, Galaxy Mall 2",Beef Calbee Spicy Miso Ramen,Beef Calbee + Ajitama + Corn + Spicy Miso Ramen,96.000,2025-07-04 21:30:39
"Bentoya, Galaxy Mall 2",Yakisoba - No topping,Japanese stir-fried noodles,58.000,2025-07-04 21:30:39
"Bentoya, Galaxy Mall 2",Chicken Teriyaki Yakisoba,Chicken Teriyaki + Japanese stir-fried noodles,64.000,2025-07-04 21:30:39
"Bentoya, Galaxy Mall 2",Chikuwa Yakisoba,Chikuwa + Japanese stir-fried noodles,64.000,2025-07-04 21:30:39
"Bentoya, Galaxy Mall 2",Ebi Yakisoba,Ebi + Japanese stir-fried noodles,78.000,2025-07-04 21:30:39
"Bentoya, Galaxy Mall 2",Yakimeshi - No topping,Japanese Fried Rice + Acar,58.000,2025-07-04 21:30:39
"Bentoya, Galaxy Mall 2",Chicken Teriyaki Yakimeshi,Chicken Teriyaki + Japanese Fried Rice + Acar,64.000,2025-07-04 21:30:39
"Bentoya, Galaxy Mall 2",Salmon Yakimeshi,Salmon + Japanese Fried Rice + Acar,78.000,2025-07-04 21:30:39
"Bentoya, Galaxy Mall 2",Ebi Yakimeshi,Ebi + Japanese Fried Rice + Acar,78.000,2025-07-04 21:30:39
"Bentoya, Galaxy Mall 2",Chicken Katsu Curry,Chicken Katsu + Curry Rice,78.000,2025-07-04 21:30:39
"Bentoya, Galaxy Mall 2",Sasami Katsu Curry,Sasami (tenderloin chicken) katsu + curry rice,78.000,2025-07-04 21:30:39
"Bentoya, Galaxy Mall 2",Chicken Karaage Curry,Chicken Karaage + Curry Rice,78.000,2025-07-04 21:30:39
"Bentoya, Galaxy Mall 2",Chicken Teriyaki Curry,Chicken Teriyaki + Curry Rice,78.000,2025-07-04 21:30:39
"Bentoya, Galaxy Mall 2",Chicken Tandoori Curry,Chicken Tandoori + Curry Rice,78.000,2025-07-04 21:30:39
"Bentoya, Galaxy Mall 2",Dori Katsu Curry,Dori Katsu + Curry Rice,89.000,2025-07-04 21:30:39
"Bentoya, Galaxy Mall 2",Dori Karaage Curry,Dori Karaage + Curry Rice,89.000,2025-07-04 21:30:39
"Bentoya, Galaxy Mall 2",Ebi Furai Curry,Ebi Furai + Curry Rice,89.000,2025-07-04 21:30:39
"Bentoya, Galaxy Mall 2",Beef Hambagu Curry,Beef Hambagu + Curry Rice,103.000,2025-07-04 21:30:39
"Bentoya, Galaxy Mall 2",Inari Zushi (1 Pc),N/A,15.000,2025-07-04 21:30:39
"Bentoya, Galaxy Mall 2",Kanikama Mentai Inari (1 Pc),N/A,25.000,2025-07-04 21:30:39
"Bentoya, Galaxy Mall 2",Salmon Mentai Inari (1 Pc),N/A,29.000,2025-07-04 21:30:39
"Bentoya, Galaxy Mall 2",Aburi Salmon Roll (4 Rolls),N/A,59.000,2025-07-04 21:30:39
"Bentoya, Galaxy Mall 2",Aburi Salmon Roll (8 Rolls),N/A,116.000,2025-07-04 21:30:39
"Bentoya, Galaxy Mall 2",Chicken Tandoori (1 pc),N/A,19.000,2025-07-04 21:30:39
"Bentoya, Galaxy Mall 2",Chicken Teriyaki,N/A,59.000,2025-07-04 21:30:39
"Bentoya, Galaxy Mall 2",Chicken Gomadare,N/A,59.000,2025-07-04 21:30:39
"Bentoya, Galaxy Mall 2",Chicken Katsu,N/A,59.000,2025-07-04 21:30:39
"Bentoya, Galaxy Mall 2",Sasami Katsu (3 pcs),N/A,59.000,2025-07-04 21:30:39
"Bentoya, Galaxy Mall 2",Chicken Karaage (2 pcs),N/A,27.000,2025-07-04 21:30:39
"Bentoya, Galaxy Mall 2",Chicken Karaage (5 pcs),N/A,59.000,2025-07-04 21:30:39
"Bentoya, Galaxy Mall 2",Chicken Karaage (8 pcs),N/A,83.000,2025-07-04 21:30:39
"Bentoya, Galaxy Mall 2",Beef Teriyaki,N/A,84.000,2025-07-04 21:30:39
"Bentoya, Galaxy Mall 2",Beef Hambagu,N/A,84.000,2025-07-04 21:30:39
"Bentoya, Galaxy Mall 2",Beef Yakiniku Calbee,N/A,84.000,2025-07-04 21:30:39
"Bentoya, Galaxy Mall 2",Beef Stamina,N/A,84.000,2025-07-04 21:30:39
"Bentoya, Galaxy Mall 2",Salmon Teriyaki,N/A,97.000,2025-07-04 21:30:39
"Bentoya, Galaxy Mall 2",Unagi Kabayaki,N/A,137.000,2025-07-04 21:30:39
"Bentoya, Galaxy Mall 2",Dori Karaage (4 pcs),N/A,71.000,2025-07-04 21:30:39
"Bentoya, Galaxy Mall 2",Dori Katsu,N/A,71.000,2025-07-04 21:30:39
"Bentoya, Galaxy Mall 2",Ebi Mayo Karaage,N/A,84.000,2025-07-04 21:30:39
"Bentoya, Galaxy Mall 2",Ebi Furai (3 pcs),N/A,84.000,2025-07-04 21:30:39
"Bentoya, Galaxy Mall 2",Age Gyoza,N/A,46.000,2025-07-04 21:30:39
"Bentoya, Galaxy Mall 2",Yaki Gyoza,N/A,46.000,2025-07-04 21:30:39
"Bentoya, Galaxy Mall 2",Ajitama (1 Pc),Marinated boiled egg,19.000,2025-07-04 21:30:39
"Bentoya, Galaxy Mall 2",Ebi Shumai,N/A,46.000,2025-07-04 21:30:39
"Bentoya, Galaxy Mall 2",Isobe Age,Chikuwa,46.000,2025-07-04 21:30:39
"Bentoya, Galaxy Mall 2",Edamame,N/A,38.000,2025-07-04 21:30:39
"Bentoya, Galaxy Mall 2",Miso Soup,N/A,19.000,2025-07-04 21:30:39
"Bentoya, Galaxy Mall 2",Tamagoyaki,N/A,42.000,2025-07-04 21:30:39
"Bentoya, Galaxy Mall 2",Aonori Tamagoyaki,N/A,46.000,2025-07-04 21:30:39
"Bentoya, Galaxy Mall 2",Rice,N/A,19.000,2025-07-04 21:30:39
"Bentoya, Galaxy Mall 2",Corn Salad,Corn + cabbage + purple cabbage + carrot + cucumber,38.000,2025-07-04 21:30:39
"Bentoya, Galaxy Mall 2",Kanikama Mentai Corn Salad,Kanikama + mentai sauce + corn + cabbage + purple cabbage + carrot + cucumber,42.000,2025-07-04 21:30:39
"Bentoya, Galaxy Mall 2",Salmon Mentai Corn Salad,Salmon + mentai sauce + corn + cabbage + purple cabbage + carrot + cucumber,46.000,2025-07-04 21:30:39
"Bentoya, Galaxy Mall 2",Kanikama Chawan Mushi,Chawan mushi with kanikama,38.000,2025-07-04 21:30:39
"Bentoya, Galaxy Mall 2",Ebi Chawan Mushi,N/A,42.000,2025-07-04 21:30:39
"Bentoya, Galaxy Mall 2",Lime Mojito,N/A,38.000,2025-07-04 21:30:39
"Bentoya, Galaxy Mall 2",Mango Mojito,N/A,38.000,2025-07-04 21:30:39
"Bentoya, Galaxy Mall 2",Strawberry Mojito,N/A,38.000,2025-07-04 21:30:39
"Bentoya, Galaxy Mall 2",Lychee Mojito,N/A,38.000,2025-07-04 21:30:39
"Bentoya, Galaxy Mall 2",Yuzu Mojito,N/A,38.000,2025-07-04 21:30:39
"Bentoya, Galaxy Mall 2",Avocado Cheezu,N/A,51.000,2025-07-04 21:30:39
"Bentoya, Galaxy Mall 2",Mango Cheezu,N/A,51.000,2025-07-04 21:30:39
"Bentoya, Galaxy Mall 2",Red Velvet Cheezu,N/A,51.000,2025-07-04 21:30:39
"Bentoya, Galaxy Mall 2",Choco Cheezu,N/A,51.000,2025-07-04 21:30:39
"Bentoya, Galaxy Mall 2",Taro Cheezu,N/A,51.000,2025-07-04 21:30:39
"Bentoya, Galaxy Mall 2",Sencha,N/A,23.000,2025-07-04 21:30:39
"Bentoya, Galaxy Mall 2",Tea,N/A,23.000,2025-07-04 21:30:39
"Bentoya, Galaxy Mall 2",Lemon Tea,N/A,23.000,2025-07-04 21:30:39
"Bentoya, Galaxy Mall 2",Red Tea,N/A,23.000,2025-07-04 21:30:39
"Bentoya, Galaxy Mall 2",Matcha,Original Japanese Tea,33.000,2025-07-04 21:30:39
"Bentoya, Galaxy Mall 2",Yuzu Tea,N/A,33.000,2025-07-04 21:30:39
"Bentoya, Galaxy Mall 2",Lychee Tea,N/A,33.000,2025-07-04 21:30:39
"Bentoya, Galaxy Mall 2",Strawberry Tea,N/A,33.000,2025-07-04 21:30:39
"Bentoya, Galaxy Mall 2",Mineral Water (330 ml),N/A,19.000,2025-07-04 21:30:39
"Dcrepes, Galaxy Mall",Paper Bag,WAJIB untuk pemesanan lebih dari 3 Crepes,1.000,2025-07-04 21:31:02
"Dcrepes, Galaxy Mall",Double Cheese,Perpaduan antara keju yang berlimpah dengan manisnya madu,25.300,2025-07-04 21:31:02
"Dcrepes, Galaxy Mall",Smoked Beef Truffle,Smoked Beef dengan potongan jamur yang lembut serta saus truffle yang menggoda,29.200,2025-07-04 21:31:02
"Dcrepes, Galaxy Mall",Choco Cheese with Coca Cola,Dengan pilihan minuman coca cola,29.500,2025-07-04 21:31:02
"Dcrepes, Galaxy Mall",Banana Choco Cheese with Coca Cola,Dengan pilihan minuman coca cola,31.600,2025-07-04 21:31:02
"Dcrepes, Galaxy Mall",Smoked Beef and Cheese with Coca Cola,Dengan pilihan minuman coca cola,34.850,2025-07-04 21:31:02
"Dcrepes, Galaxy Mall",Chili Doc with Coca Cola,Dengan pilihan minuman coca cola,35.900,2025-07-04 21:31:02
"Dcrepes, Galaxy Mall",Banana Choco Cheese Aqua,Dengan pilihan minuman Aqua,28.600,2025-07-04 21:31:02
"Dcrepes, Galaxy Mall",Choco Cheese Aqua,Dengan pilihan minuman Aqua,26.500,2025-07-04 21:31:02
"Dcrepes, Galaxy Mall",Crispy Chicken BBQ Aqua,Dengan pilihan minuman Aqua,36.200,2025-07-04 21:31:02
"Dcrepes, Galaxy Mall",Chili Doc Aqua,Dengan pilihan minuman Aqua,32.900,2025-07-04 21:31:02
"Dcrepes, Galaxy Mall",Premium Beef Burger Aqua,Dengan pilihan minuman Aqua,37.200,2025-07-04 21:31:02
"Dcrepes, Galaxy Mall",Smoked Beef and Cheese Aqua,Dengan pilihan minuman Aqua,31.850,2025-07-04 21:31:02
"Dcrepes, Galaxy Mall",Spicy Tuna Aqua,Dengan pilihan minuman Aqua,32.900,2025-07-04 21:31:02
"Dcrepes, Galaxy Mall",Banana Choco Cheese With Nu Tea,Dengan pilihan minuman Nu Tea Green Tea / Nu Tea Honey,28.600,2025-07-04 21:31:02
"Dcrepes, Galaxy Mall",Choco Cheese With Nu Tea,Dengan pilihan minuman Nu Tea Green Tea / Nu Tea Honey,26.500,2025-07-04 21:31:02
"Dcrepes, Galaxy Mall",Crispy Chicken BBQ with Nu Tea,Dengan pilihan minuman Nu Tea Green Tea / Nu Tea Honey,36.200,2025-07-04 21:31:02
"Dcrepes, Galaxy Mall",Chili Doc With  Nu Tea,Dengan pilihan minuman Nu Tea Green Tea / Nu Tea Honey,32.900,2025-07-04 21:31:02
"Dcrepes, Galaxy Mall",Premium Beef Burger With Nu Tea,Dengan pilihan minuman Nu Tea Green Tea / Nu Tea Honey,37.200,2025-07-04 21:31:02
"Dcrepes, Galaxy Mall",Smoked Beef and Cheese With Nu Tea,Dengan pilihan minuman Nu Tea Green Tea / Nu Tea Honey,31.850,2025-07-04 21:31:02
"Dcrepes, Galaxy Mall",Spicy Tuna With Nu Tea,Dengan pilihan minuman Nu Tea Green Tea / Nu Tea Honey,32.900,2025-07-04 21:31:02
"Dcrepes, Galaxy Mall",Banana Choco Cheese,N/A,21.600,2025-07-04 21:31:02
"Dcrepes, Galaxy Mall",Choco Cheese,N/A,19.500,2025-07-04 21:31:02
"Dcrepes, Galaxy Mall",Choco Peanut,N/A,17.200,2025-07-04 21:31:02
"Dcrepes, Galaxy Mall",Choco Custard,N/A,25.900,2025-07-04 21:31:02
"Dcrepes, Galaxy Mall",Banana Vanilla Custard,N/A,23.750,2025-07-04 21:31:02
"Dcrepes, Galaxy Mall",Cookies 'n Cream,N/A,26.450,2025-07-04 21:31:02
"Dcrepes, Galaxy Mall",Nutella Cheese,N/A,37.800,2025-07-04 21:31:02
"Dcrepes, Galaxy Mall",Cookies Vanilla Custard,N/A,27.000,2025-07-04 21:31:02
"Dcrepes, Galaxy Mall",Peanut and Cheese,N/A,19.500,2025-07-04 21:31:02
"Dcrepes, Galaxy Mall",Double Choco,N/A,24.850,2025-07-04 21:31:02
"Dcrepes, Galaxy Mall",Banana Choco Melt,N/A,25.900,2025-07-04 21:31:02
"Dcrepes, Galaxy Mall",Silverqueen,Potongan coklat silverqueen dibalut dengan crepes yang lembut dan tidak renyah,36.750,2025-07-04 21:31:02
"Dcrepes, Galaxy Mall",Ovomaltine Only,Crepes lembut (tidak renyah) dengan olesan selai Ovomaltine dan renyahnya biskuit oreo,35.650,2025-07-04 21:31:02
"Dcrepes, Galaxy Mall",Ovomaltine Cheese,Perpaduan manisnya ovomaltine dengan gurihnya taburan keju dalam balutan kulit crepes yang lembut,35.650,2025-07-04 21:31:02
"Dcrepes, Galaxy Mall",Ovomaltine Cookies,Ovomaltine dilengkapi dengan renyahnya cookies dalam balutan kulit crepes yang lembut,35.650,2025-07-04 21:31:02
"Dcrepes, Galaxy Mall",Crispy Chicken BBQ,kelezatan crepes dengan potongan daging ayam dan saus barbekyu yang tak tertandingi,29.200,2025-07-04 21:31:02
"Dcrepes, Galaxy Mall",Chili Doc,N/A,25.900,2025-07-04 21:31:02
"Dcrepes, Galaxy Mall",Steak and Cheese,"Potongan daging sapi pilihan dipadukan dengan saus keju yang lezat, bikin kamu ketagihan",33.450,2025-07-04 21:31:02
"Dcrepes, Galaxy Mall",Premium Beef Burger,N/A,30.200,2025-07-04 21:31:02
"Dcrepes, Galaxy Mall",Smoked Beef And Cheese,N/A,24.850,2025-07-04 21:31:02
"Dcrepes, Galaxy Mall",Spicy Tuna,N/A,25.900,2025-07-04 21:31:02
"Dcrepes, Galaxy Mall",Chicken Honey Mustard,Nikmatnya potongan ayam dalam balutan saus honey mustard dalam kerenyahan crepes savory,29.200,2025-07-04 21:31:02
"Dcrepes, Galaxy Mall",Triple Choco,N/A,39.950,2025-07-04 21:31:02
"Dcrepes, Galaxy Mall",Smoked Beef And Egg,N/A,28.000,2025-07-04 21:31:02
"Dcrepes, Galaxy Mall",Premium Sausage And Egg,N/A,28.000,2025-07-04 21:31:02
"Dcrepes, Galaxy Mall",American Breakfast,N/A,29.200,2025-07-04 21:31:02
"Igor's Pastry, Ranch Market Galaxy Mall",Cheese Stick Bun Set,N/A,65.000,2025-07-04 21:31:28
"Igor's Pastry, Ranch Market Galaxy Mall",Salted Egg Abon Bun Set,N/A,65.000,2025-07-04 21:31:28
"Igor's Pastry, Ranch Market Galaxy Mall",Banana Cheese Bun Set,N/A,65.000,2025-07-04 21:31:28
"Igor's Pastry, Ranch Market Galaxy Mall",Almond Longan Pudding,N/A,29.000,2025-07-04 21:31:28
"Igor's Pastry, Ranch Market Galaxy Mall",Green Tea Pudding,N/A,29.000,2025-07-04 21:31:28
"Igor's Pastry, Ranch Market Galaxy Mall",Parfait Mochi Gula Aren,N/A,29.000,2025-07-04 21:31:28
"Igor's Pastry, Ranch Market Galaxy Mall",Chinese Mango Sf Pudding,N/A,32.000,2025-07-04 21:31:28
"Igor's Pastry, Ranch Market Galaxy Mall",Avocado Coffee Latte,N/A,29.000,2025-07-04 21:31:28
"Igor's Pastry, Ranch Market Galaxy Mall",Parfait Salted Cream Caramel Souffle Cake,N/A,29.000,2025-07-04 21:31:28
"Igor's Pastry, Ranch Market Galaxy Mall",Parfait Mango,N/A,29.000,2025-07-04 21:31:28
"Igor's Pastry, Ranch Market Galaxy Mall",Parfait Ichigo Jelly Strawberry,N/A,29.000,2025-07-04 21:31:28
"Igor's Pastry, Ranch Market Galaxy Mall",Parfait Yaki Imo,N/A,29.000,2025-07-04 21:31:28
"Igor's Pastry, Ranch Market Galaxy Mall",Mix Fruit Puff,N/A,45.000,2025-07-04 21:31:28
"Igor's Pastry, Ranch Market Galaxy Mall",Tuna Takoyaki,N/A,45.000,2025-07-04 21:31:28
"Igor's Pastry, Ranch Market Galaxy Mall",Club Sabwich,N/A,27.000,2025-07-04 21:31:28
"Igor's Pastry, Ranch Market Galaxy Mall",Sf Spikuk Ori,N/A,20.000,2025-07-04 21:31:28
"Igor's Pastry, Ranch Market Galaxy Mall",Sf Spikuk Mocha,N/A,20.000,2025-07-04 21:31:28
"Igor's Pastry, Ranch Market Galaxy Mall",Banana Pizza,N/A,29.000,2025-07-04 21:31:28
"Igor's Pastry, Ranch Market Galaxy Mall",Japanese Chicken Curry Bun,N/A,29.000,2025-07-04 21:31:28
"Igor's Pastry, Ranch Market Galaxy Mall",Beef Scalion,N/A,29.000,2025-07-04 21:31:28
"Igor's Pastry, Ranch Market Galaxy Mall",Abon Ayam Bun,N/A,29.000,2025-07-04 21:31:28
"Igor's Pastry, Ranch Market Galaxy Mall",Double Choco Sobek,N/A,69.000,2025-07-04 21:31:28
"Igor's Pastry, Ranch Market Galaxy Mall",Donut Bite Choco Meses,N/A,13.500,2025-07-04 21:31:28
"Igor's Pastry, Ranch Market Galaxy Mall",Roti Semir Cheese Choco Jadoel,N/A,29.000,2025-07-04 21:31:28
"Igor's Pastry, Ranch Market Galaxy Mall",Pizza Bread,N/A,29.000,2025-07-04 21:31:28
"Igor's Pastry, Ranch Market Galaxy Mall",Chicken Teriyaki Mentai,N/A,29.000,2025-07-04 21:31:28
"Igor's Pastry, Ranch Market Galaxy Mall",Salted Egg Abon Bun,N/A,29.000,2025-07-04 21:31:28
"Igor's Pastry, Ranch Market Galaxy Mall",Garlic Bread,N/A,25.000,2025-07-04 21:31:28
"Igor's Pastry, Ranch Market Galaxy Mall",Marble Choco Babka Loaf,N/A,69.000,2025-07-04 21:31:28
"Igor's Pastry, Ranch Market Galaxy Mall",Twistamisu Tiramisu Cake Slice,N/A,69.000,2025-07-04 21:31:28
"Igor's Pastry, Ranch Market Galaxy Mall",Cheese Choco Sf Tube,N/A,185.000,2025-07-04 21:31:28
"Igor's Pastry, Ranch Market Galaxy Mall",Cheese Stick Sf Tube,N/A,185.000,2025-07-04 21:31:28
"Igor's Pastry, Ranch Market Galaxy Mall",Chrispy Sago Cheese Tube,N/A,185.000,2025-07-04 21:31:28
"Igor's Pastry, Ranch Market Galaxy Mall",Cheese Choco Sf,N/A,215.000,2025-07-04 21:31:28
"Igor's Pastry, Ranch Market Galaxy Mall",Cheese Stick,N/A,215.000,2025-07-04 21:31:28
"Igor's Pastry, Ranch Market Galaxy Mall",Crispy Sago,N/A,215.000,2025-07-04 21:31:28
"Igor's Pastry, Ranch Market Galaxy Mall",Mini Rose Merengue,N/A,85.000,2025-07-04 21:31:28
"Igor's Pastry, Ranch Market Galaxy Mall",Almond Choco Puff M-Segi 4,-Egg Free,240.000,2025-07-04 21:31:28
"Igor's Pastry, Ranch Market Galaxy Mall",Sugar Almond Puff M-Segi 4,-Egg Free,240.000,2025-07-04 21:31:28
"Igor's Pastry, Ranch Market Galaxy Mall",Coconut Macaroon M-Segi 4,-Gluten Free,240.000,2025-07-04 21:31:28
"Igor's Pastry, Ranch Market Galaxy Mall",Choco Schempjes M-Segi 4,-Gluten Free,240.000,2025-07-04 21:31:28
"Igor's Pastry, Ranch Market Galaxy Mall",Dutch Meringue M-Segi 4,-Gluten Free,240.000,2025-07-04 21:31:28
"Igor's Pastry, Ranch Market Galaxy Mall",Cheese Puff M-Segi 4,-sugar free -egg free,240.000,2025-07-04 21:31:28
"Igor's Pastry, Ranch Market Galaxy Mall",Sour Dough,-sugar free -egg free -dairy free,42.000,2025-07-04 21:31:28
"Igor's Pastry, Ranch Market Galaxy Mall",French Baquette Long,-sugar free -egg free -dairy free,25.000,2025-07-04 21:31:28
"Igor's Pastry, Ranch Market Galaxy Mall",Black Pepper Beef,-Sugar Free,28.000,2025-07-04 21:31:28
"Igor's Pastry, Ranch Market Galaxy Mall",Ciabatta,-sugar free -egg free,13.000,2025-07-04 21:31:28
"Igor's Pastry, Ranch Market Galaxy Mall",Cheese Ball,-Sugar Free -Egg Free,25.000,2025-07-04 21:31:28
"Igor's Pastry, Ranch Market Galaxy Mall",Herb Focacia,-sugar free -olive oil -egg free,25.000,2025-07-04 21:31:28
"Igor's Pastry, Ranch Market Galaxy Mall",Cheese Stick Bun Set,Cheese Stick Bun,65.000,2025-07-04 21:31:28
"Igor's Pastry, Ranch Market Galaxy Mall",Salted Egg Abon Bun Set,N/A,65.000,2025-07-04 21:31:28
"Igor's Pastry, Ranch Market Galaxy Mall",Banana Cheese Bun Set,Banana Cheese Bun,65.000,2025-07-04 21:31:28
"Igor's Pastry, Ranch Market Galaxy Mall",Brown Bread Toast,N/A,42.000,2025-07-04 21:31:28
"Ta Wan, Galaxy Mall",Bubur Special Ta Wan 3 Kombinasi,N/A,42.000,2025-07-04 21:31:54
"Ta Wan, Galaxy Mall",Nasi Goreng Seafood,N/A,57.200,2025-07-04 21:31:54
"Ta Wan, Galaxy Mall",Nikmat Ceria Ber 2,Bebas Pilih 2 Menu Pilihan,44.000,2025-07-04 21:31:54
"Ta Wan, Galaxy Mall",Nikmat Ceria Ber 3,Bebas Pilih 3 Menu Pilihan,63.800,2025-07-04 21:31:54
"Ta Wan, Galaxy Mall",Nikmat Ceria Ber 5,Bebas Pilih 5 Menu Pilihan,107.800,2025-07-04 21:31:54
"Ta Wan, Galaxy Mall",Kopi Bucin A,Brown Sugar Coffee + Earl Grey Tea,27.500,2025-07-04 21:31:54
"Ta Wan, Galaxy Mall",Kopi Bucin B,Avocado Coffee + Iced Black Coffee,33.000,2025-07-04 21:31:54
"Ta Wan, Galaxy Mall",Bundling A,Rice Bowl Ayam Goreng Pedas + Brown Sugar Coffee,52.800,2025-07-04 21:31:54
"Ta Wan, Galaxy Mall",Bundling B,Rice Bowl Ayam Kungpao + Lemon Tea,44.000,2025-07-04 21:31:54
"Ta Wan, Galaxy Mall",Bundling C,Rice Bowl Ayam Telur Asin + Rice Bowl Ayam Goreng Pedas,64.900,2025-07-04 21:31:54
"Ta Wan, Galaxy Mall",Bihun Goreng Sapi,N/A,67.900,2025-07-04 21:31:54
"Ta Wan, Galaxy Mall",Bihun Goreng Seafood,N/A,71.500,2025-07-04 21:31:54
"Ta Wan, Galaxy Mall",Bihun Singapore,N/A,63.800,2025-07-04 21:31:54
"Ta Wan, Galaxy Mall",Bihun Goreng Ayam,N/A,58.900,2025-07-04 21:31:54
"Ta Wan, Galaxy Mall",Rice Bowl Ayam Kungpao,N/A,42.900,2025-07-04 21:31:54
"Ta Wan, Galaxy Mall",Rice Bowl Ayam Lada Hitam,N/A,40.700,2025-07-04 21:31:54
"Ta Wan, Galaxy Mall",Rice Bowl Dori Saus Thai,N/A,39.600,2025-07-04 21:31:54
"Ta Wan, Galaxy Mall",Rice Bowl Ayam Telur Asin,N/A,42.900,2025-07-04 21:31:54
"Ta Wan, Galaxy Mall",Rice Bowl Ayam Goreng Pedas,N/A,38.500,2025-07-04 21:31:54
"Ta Wan, Galaxy Mall",Platinum 1A + Teabotol Sosro Kotak,Nasi + Sapi Lada Hitam + Kailan BP + Terong Telur Asin + Pangsit + Sambal + Tehbotol Kotak Sosro,69.000,2025-07-04 21:31:54
"Ta Wan, Galaxy Mall",Platinum 1B + Teabotol Sosro Kotak,Nasi + Sapi Mongolia + Kailan BP + Terong Lada Garam + Pangsit + Sambal + Tehbotol Kotak Sosro,69.000,2025-07-04 21:31:54
"Ta Wan, Galaxy Mall",Platinum 2A + Teabotol Sosro Kotak,Nasi + Dori Saus Thai + Kulit ayam goreng lada garam +Poh Chai BP + Pangsit + Sambal  + Tehbotol Kotak Sosro,67.000,2025-07-04 21:31:54
"Ta Wan, Galaxy Mall",Platinum 2B + Teabotol Sosro Kotak,Nasi + Dori Telur Asin + Lumpia Ayam + Poh Chai BP + Pangsit + Sambal + Tehbotol Kotak Sosro,67.000,2025-07-04 21:31:54
"Ta Wan, Galaxy Mall",Platinum 3A + Teabotol Sosro Kotak,Nasi + Udang Bawang Putih + Pangsit Ayam + Camiau BP + Pangsit + Sambal + Tehbotol Kotak Sosro,69.000,2025-07-04 21:31:54
"Ta Wan, Galaxy Mall",Platinum 3B + Teabotol Sosro Kotak,Nasi + Udang Mentega + Pangsit Ayam + Camiau BP + Pangsit + Sambal + Tehbotol Kotak Sosro,69.000,2025-07-04 21:31:54
"Ta Wan, Galaxy Mall",Platinum 4A + Teabotol Sosro Kotak,Nasi + Ayam Saus Madu + Tahu telur asin + Buncis BP + Pangsit + Sambal + Tehbotol Kotak Sosro,60.000,2025-07-04 21:31:54
"Ta Wan, Galaxy Mall",Platinum 4B + Teabotol Sosro Kotak,Nasi + Ayam asam manis + Tahu telur asin + Buncis BP + Pangsit + Sambal + Tehbotol Kotak Sosro,60.000,2025-07-04 21:31:54
"Ta Wan, Galaxy Mall",Platinum 1A,Nasi + Sapi Lada Hitam + Kailan BP + Terong Telur Asin + Pangsit + Sambal,63.000,2025-07-04 21:31:54
"Ta Wan, Galaxy Mall",Platinum 1B,Nasi + Sapi Mongolia + Kailan BP + Terong Lada Garam + Pangsit + Sambal,63.000,2025-07-04 21:31:54
"Ta Wan, Galaxy Mall",Platinum 2A,Nasi + Dori Saus Thai + Kulit ayam goreng lada garam +Poh Chai BP + Pangsit + Sambal,52.000,2025-07-04 21:31:54
"Ta Wan, Galaxy Mall",Platinum 2B,Nasi + Dori Telur Asin + Lumpia Ayam + Poh Chai BP + Pangsit + Sambal,52.000,2025-07-04 21:31:54
"Ta Wan, Galaxy Mall",Platinum 3A,Nasi + Udang Bawang Putih + Pangsit Ayam + Camiau BP + Pangsit + Sambal,57.000,2025-07-04 21:31:54
"Ta Wan, Galaxy Mall",Platinum 3B,Nasi + Udang Mentega + Pangsit Ayam + Camiau BP + Pangsit + Sambal,57.000,2025-07-04 21:31:54
"Ta Wan, Galaxy Mall",Platinum 4A,Nasi + Ayam Saus Madu + Tahu telur asin + Buncis BP + Pangsit + Sambal,57.000,2025-07-04 21:31:54
"Ta Wan, Galaxy Mall",Platinum 4B,Nasi + Ayam asam manis + Tahu telur asin + Buncis BP + Pangsit + Sambal + Tehbotol Kotak Sosro,57.000,2025-07-04 21:31:54
"Ta Wan, Galaxy Mall",Gold A,Nasi Ayam Telur Asin + Lemon Tea,55.000,2025-07-04 21:31:54
"Ta Wan, Galaxy Mall",Gold B,Nasi Ayam Lada Hitam + Lemon Tea,55.000,2025-07-04 21:31:54
"Ta Wan, Galaxy Mall",Gold C,Nasi Dori Asam Manis + Lemon Tea,57.200,2025-07-04 21:31:54
"Ta Wan, Galaxy Mall",Gold D,Nasi Dori Saus Mentega + Lemon Tea,57.200,2025-07-04 21:31:54
"Ta Wan, Galaxy Mall",Gold E,Nasi Sapi Lada Hitam + Lemon Tea,63.800,2025-07-04 21:31:54
"Ta Wan, Galaxy Mall",Gold F,Nasi Sapi Mongolia + Lemon Tea,63.800,2025-07-04 21:31:54
"Ta Wan, Galaxy Mall",Mie Goreng Ayam,N/A,48.400,2025-07-04 21:31:54
"Ta Wan, Galaxy Mall",Mie Goreng Seafood,N/A,58.300,2025-07-04 21:31:54
"Ta Wan, Galaxy Mall",Mie Goreng Spesial Ulang Tahun,N/A,55.000,2025-07-04 21:31:54
"Ta Wan, Galaxy Mall",Mie Hong Kong Ayam Chasiu,N/A,52.800,2025-07-04 21:31:54
"Ta Wan, Galaxy Mall",Mie Hong Kong Ayam Rebus,N/A,52.800,2025-07-04 21:31:54
"Ta Wan, Galaxy Mall",Mie Hong Kong Bebek Panggang,N/A,55.000,2025-07-04 21:31:54
"Ta Wan, Galaxy Mall",Mie Hong Kong Pangsit Ayam,N/A,52.800,2025-07-04 21:31:54
"Ta Wan, Galaxy Mall",Mie Kuah Sapi Sengkel,N/A,66.000,2025-07-04 21:31:54
"Ta Wan, Galaxy Mall",Kwetiaw Goreng Sapi,N/A,57.200,2025-07-04 21:31:54
"Ta Wan, Galaxy Mall",Kwetiaw Siram Seafood,N/A,52.800,2025-07-04 21:31:54
"Ta Wan, Galaxy Mall",Kwetiaw Goreng dengan Jamur Shimeji,N/A,65.000,2025-07-04 21:31:54
"Ta Wan, Galaxy Mall",Kwetiaw Chili Oil,N/A,65.000,2025-07-04 21:31:54
"Ta Wan, Galaxy Mall",Nasi Goreng Ikan Asin Jambal,N/A,52.800,2025-07-04 21:31:54
"Ta Wan, Galaxy Mall",Nasi Goreng Ayam Dengan Nanas Manis,N/A,52.800,2025-07-04 21:31:54
"Ta Wan, Galaxy Mall",Nasi Goreng Seafood,N/A,57.200,2025-07-04 21:31:54
"Ta Wan, Galaxy Mall",Nasi Goreng Xo Seafood,N/A,57.200,2025-07-04 21:31:54
"Ta Wan, Galaxy Mall",Nasi Goreng Ala Yang Chow,N/A,57.600,2025-07-04 21:31:54
"Ta Wan, Galaxy Mall",Baby Buncis Cah Sapi Cincang,N/A,51.700,2025-07-04 21:31:54
"Ta Wan, Galaxy Mall",Bayam Jepang Bawang Putih,N/A,41.800,2025-07-04 21:31:54
"Ta Wan, Galaxy Mall",Bayam Jepang Tiga Telur,N/A,72.600,2025-07-04 21:31:54
"Ta Wan, Galaxy Mall",Brokoli Cah Sapi Iris,N/A,61.600,2025-07-04 21:31:54
"Ta Wan, Galaxy Mall",Brokoli Udang & Saus Xo,N/A,79.000,2025-07-04 21:31:54
"Ta Wan, Galaxy Mall",Cai Miau Ikan Asin,N/A,40.700,2025-07-04 21:31:54
"Ta Wan, Galaxy Mall",Cai Miau Bawang Putih,N/A,47.300,2025-07-04 21:31:54
"Ta Wan, Galaxy Mall",Jamur Enoki Goreng Garing,N/A,51.700,2025-07-04 21:31:54
"Ta Wan, Galaxy Mall",Kailan Spesial Dua Rasa,N/A,51.700,2025-07-04 21:31:54
"Ta Wan, Galaxy Mall",Kailan Bawang Putih,N/A,40.700,2025-07-04 21:31:54
"Ta Wan, Galaxy Mall",Kailan Jamur Shiitake,N/A,50.600,2025-07-04 21:31:54
"Ta Wan, Galaxy Mall",Tauge Ikan Asin,N/A,47.300,2025-07-04 21:31:54
"Ta Wan, Galaxy Mall",Terong Goreng Lada Garam,N/A,47.300,2025-07-04 21:31:54
"Ta Wan, Galaxy Mall",Labu Jepang Telur Asin,N/A,54.000,2025-07-04 21:31:54
"Ta Wan, Galaxy Mall",Kangkung Cah Tauco,N/A,41.900,2025-07-04 21:31:54
"Ta Wan, Galaxy Mall",Sup Asam Pedas Szechuan,N/A,58.600,2025-07-04 21:31:54
"Ta Wan, Galaxy Mall",Sup Ayam Gingseng,N/A,61.900,2025-07-04 21:31:54
"Ta Wan, Galaxy Mall",Sup Jagung Daging Kepiting,N/A,60.500,2025-07-04 21:31:54
"Ta Wan, Galaxy Mall",Sup Kepala Ikan A La Hakka,N/A,85.800,2025-07-04 21:31:54
"Ta Wan, Galaxy Mall",Sup Seafood Tahu Kombinasi,N/A,57.500,2025-07-04 21:31:54
"Ta Wan, Galaxy Mall",Angsio Tahu,N/A,57.500,2025-07-04 21:31:54
"Ta Wan, Galaxy Mall",Mapo Tofu,N/A,64.900,2025-07-04 21:31:54
"Ta Wan, Galaxy Mall",Sapo Tahu Seafood,N/A,72.600,2025-07-04 21:31:54
"Ta Wan, Galaxy Mall",Tahu Sutra Goreng Telur Asin,N/A,53.900,2025-07-04 21:31:54
"Ta Wan, Galaxy Mall",Tahu Sutra Goreng Lada Garam,N/A,48.500,2025-07-04 21:31:54
"Ta Wan, Galaxy Mall",Ayam Chasiu,N/A,61.600,2025-07-04 21:31:54
"Ta Wan, Galaxy Mall",Ayam Gandum Crispy,N/A,61.600,2025-07-04 21:31:54
"Ta Wan, Galaxy Mall",Ayam Goreng Asam Manis,N/A,61.600,2025-07-04 21:31:54
"Ta Wan, Galaxy Mall",Ayam Goreng Pedas,N/A,59.400,2025-07-04 21:31:54
"Ta Wan, Galaxy Mall",Ayam Goreng Saus Madu,N/A,61.600,2025-07-04 21:31:54
"Ta Wan, Galaxy Mall",Ayam Goreng Saus Mentega,N/A,61.600,2025-07-04 21:31:54
"Ta Wan, Galaxy Mall",Ayam Goreng Spesial Ta Wan,N/A,72.600,2025-07-04 21:31:54
"Ta Wan, Galaxy Mall",Ayam Krispi Sauce Orange Dengan Labu Jepang,N/A,69.300,2025-07-04 21:31:54
"Ta Wan, Galaxy Mall",Ayam Kung Pao,N/A,61.600,2025-07-04 21:31:54
"Ta Wan, Galaxy Mall",Ayam Rebus A La Hainan 1 Ekor,N/A,143.000,2025-07-04 21:31:54
"Ta Wan, Galaxy Mall",Ayam Rebus A La Hainan 1/2 Ekor,N/A,83.600,2025-07-04 21:31:54
"Ta Wan, Galaxy Mall",Ayam Saus Lemon,N/A,61.600,2025-07-04 21:31:54
"Ta Wan, Galaxy Mall",Ayam Soya 1 Ekor,N/A,144.900,2025-07-04 21:31:54
"Ta Wan, Galaxy Mall",Ayam Soya 1/2 Ekor,N/A,89.400,2025-07-04 21:31:54
"Ta Wan, Galaxy Mall",Kulit Ayam Goreng Lada Garam,N/A,46.600,2025-07-04 21:31:54
"Ta Wan, Galaxy Mall",Sapi Lada Hitam,N/A,79.600,2025-07-04 21:31:54
"Ta Wan, Galaxy Mall",Sapi Mongolia,N/A,77.000,2025-07-04 21:31:54
"Ta Wan, Galaxy Mall",Cumi Goreng Lada Garam,N/A,68.200,2025-07-04 21:31:54
"Ta Wan, Galaxy Mall",Cumi Goreng Saus Mentega,N/A,68.200,2025-07-04 21:31:54
"Ta Wan, Galaxy Mall",Cumi Goreng Telur Asin,N/A,68.200,2025-07-04 21:31:54
"Ta Wan, Galaxy Mall",Cumi Goreng Thailand,N/A,67.650,2025-07-04 21:31:54
"Ta Wan, Galaxy Mall",Dori Goreng Telur Krispi,N/A,62.000,2025-07-04 21:31:54
"Ta Wan, Galaxy Mall",Hotplate Seafood Ala Szechuan,N/A,69.300,2025-07-04 21:31:54
"Ta Wan, Galaxy Mall",Hotplate Seafood Lada Hitam,N/A,73.700,2025-07-04 21:31:54
"Ta Wan, Galaxy Mall",Ikan Dori Goreng Thailand,N/A,69.300,2025-07-04 21:31:54
"Ta Wan, Galaxy Mall",Ikan Dori Saus Xo,N/A,69.300,2025-07-04 21:31:54
"Ta Wan, Galaxy Mall",Ikan Dori Telur Asin,N/A,69.300,2025-07-04 21:31:54
"Ta Wan, Galaxy Mall",Ikan Dori Tim Bawang Putih,N/A,69.300,2025-07-04 21:31:54
"Ta Wan, Galaxy Mall",Ikan Gurame Goreng Telur Asin,N/A,108.900,2025-07-04 21:31:54
"Ta Wan, Galaxy Mall",Ikan Gurame Saus Asam Manis,N/A,111.100,2025-07-04 21:31:54
"Ta Wan, Galaxy Mall",Ikan Kakap Goreng Saus Asam Manis,N/A,111.100,2025-07-04 21:31:54
"Ta Wan, Galaxy Mall",Kepiting Soka Lada Garam,N/A,86.600,2025-07-04 21:31:54
"Ta Wan, Galaxy Mall",Kepiting Soka Saus Mentega,N/A,86.900,2025-07-04 21:31:54
"Ta Wan, Galaxy Mall",Kepiting Soka Telur Asin,N/A,86.600,2025-07-04 21:31:54
"Ta Wan, Galaxy Mall",Lumpia Lie Hong Kie,N/A,67.900,2025-07-04 21:31:54
"Ta Wan, Galaxy Mall",Lumpia Udang,N/A,66.000,2025-07-04 21:31:54
"Ta Wan, Galaxy Mall",Udang Goreng Bawang Putih Garing,N/A,78.900,2025-07-04 21:31:54
"Ta Wan, Galaxy Mall",Udang Goreng Mayonais,N/A,77.000,2025-07-04 21:31:54
"Ta Wan, Galaxy Mall",Udang Goreng Saus Mentega,N/A,77.000,2025-07-04 21:31:54
"Ta Wan, Galaxy Mall",Udang Goreng Telur Asin,N/A,80.300,2025-07-04 21:31:54
"Ta Wan, Galaxy Mall",Udang Krispi Sambal Kemangi Dengan Kulit Ayam,N/A,96.800,2025-07-04 21:31:54
"Ta Wan, Galaxy Mall",Bubur Polos,N/A,29.700,2025-07-04 21:31:54
"Ta Wan, Galaxy Mall",Bubur 1 Topping,N/A,35.200,2025-07-04 21:31:54
"Ta Wan, Galaxy Mall",Bubur 2 Topping,N/A,39.600,2025-07-04 21:31:54
"Ta Wan, Galaxy Mall",Bubur 3 Topping,N/A,41.800,2025-07-04 21:31:54
"Ta Wan, Galaxy Mall",Bubur Special Ta Wan 3 Kombinasi,N/A,42.000,2025-07-04 21:31:54
"Ta Wan, Galaxy Mall",Bapao Ayam Chasiu,N/A,35.200,2025-07-04 21:31:54
"Ta Wan, Galaxy Mall",Bapao Custard,N/A,35.600,2025-07-04 21:31:54
"Ta Wan, Galaxy Mall",Bapao Telur Asin,N/A,35.600,2025-07-04 21:31:54
"Ta Wan, Galaxy Mall",Bapao Wijen Hitam,N/A,35.600,2025-07-04 21:31:54
"Ta Wan, Galaxy Mall",Bola Rambutan,N/A,35.600,2025-07-04 21:31:54
"Ta Wan, Galaxy Mall",Cakue Goreng Isi Udang Ayam,N/A,35.600,2025-07-04 21:31:54
"Ta Wan, Galaxy Mall",Cheong Fun Ayam Chasiu,N/A,34.500,2025-07-04 21:31:54
"Ta Wan, Galaxy Mall",Cheong Fun Polos,N/A,28.600,2025-07-04 21:31:54
"Ta Wan, Galaxy Mall",Hakau,N/A,35.000,2025-07-04 21:31:54
"Ta Wan, Galaxy Mall",Kaki Ayam Tim Lada Hitam,N/A,33.800,2025-07-04 21:31:54
"Ta Wan, Galaxy Mall",Kuo Tie Goreng,N/A,35.200,2025-07-04 21:31:54
"Ta Wan, Galaxy Mall",Lumpia Goreng Ayam,N/A,35.200,2025-07-04 21:31:54
"Ta Wan, Galaxy Mall",Lumpia Lumpia Kulit Tahu Goreng,N/A,35.200,2025-07-04 21:31:54
"Ta Wan, Galaxy Mall",Mantau Goreng,N/A,35.200,2025-07-04 21:31:54
"Ta Wan, Galaxy Mall",Mantau Kukus,N/A,34.100,2025-07-04 21:31:54
"Ta Wan, Galaxy Mall",Onde Onde Telur Asin,N/A,35.200,2025-07-04 21:31:54
"Ta Wan, Galaxy Mall",Onde Onde Wijen Hitam,N/A,35.200,2025-07-04 21:31:54
"Ta Wan, Galaxy Mall",Pangsit Goreng Udang Mayonais,N/A,34.900,2025-07-04 21:31:54
"Ta Wan, Galaxy Mall",Pangsit Udang Cuka Hitam,N/A,34.900,2025-07-04 21:31:54
"Ta Wan, Galaxy Mall",Pangsit Udang Tim Saus Xo,N/A,34.900,2025-07-04 21:31:54
"Ta Wan, Galaxy Mall",Siomay Hong Kong Ayam,N/A,33.000,2025-07-04 21:31:54
"Ta Wan, Galaxy Mall",Sup Pangsit Udang,N/A,42.900,2025-07-04 21:31:54
"Ta Wan, Galaxy Mall",Tim Bakso Sapi,N/A,33.600,2025-07-04 21:31:54
"Ta Wan, Galaxy Mall",Udang Goreng Roti Wijen,N/A,35.800,2025-07-04 21:31:54
"Ta Wan, Galaxy Mall",Cheong Fun Udang,N/A,35.600,2025-07-04 21:31:54
"Ta Wan, Galaxy Mall",Lo Ma Gai (Nasi Ketan Ayam Kecap),N/A,33.000,2025-07-04 21:31:54
"Ta Wan, Galaxy Mall",Bebek Panggang 1 Ekor,N/A,325.600,2025-07-04 21:31:54
"Ta Wan, Galaxy Mall",Bebek Panggang 1/2 Ekor,N/A,177.400,2025-07-04 21:31:54
"Ta Wan, Galaxy Mall",Nasi Putih,N/A,14.000,2025-07-04 21:31:54
"Ta Wan, Galaxy Mall",Nasi Hainan,N/A,16.000,2025-07-04 21:31:54
"Ta Wan, Galaxy Mall",Cakue,N/A,15.000,2025-07-04 21:31:54
"Ta Wan, Galaxy Mall",Teh Ginseng Dengan Goji Berry,N/A,53.500,2025-07-04 21:31:54
"Ta Wan, Galaxy Mall",Teh Madu Dengan Goji Berry Dan Lemon,N/A,53.500,2025-07-04 21:31:54
"Ta Wan, Galaxy Mall",Teh Bunga Krisan Dengan Goji Berry,N/A,42.500,2025-07-04 21:31:54
"Ta Wan, Galaxy Mall",Es Teh Lemon,N/A,20.500,2025-07-04 21:31:54
"Ta Wan, Galaxy Mall",Chinese Tea - Oolong,N/A,33.000,2025-07-04 21:31:54
"Ta Wan, Galaxy Mall",Chinese Tea - Jasmine,N/A,33.000,2025-07-04 21:31:54
"Ta Wan, Galaxy Mall",Chinese Tea - Chrysanthemum,N/A,33.000,2025-07-04 21:31:54
"Ta Wan, Galaxy Mall",Es Teh,N/A,15.400,2025-07-04 21:31:54
"Ta Wan, Galaxy Mall",Teh Hangat,N/A,15.500,2025-07-04 21:31:54
"Ta Wan, Galaxy Mall",Air Mineral,N/A,15.500,2025-07-04 21:31:54
"Ta Wan, Galaxy Mall",Jus Melon,N/A,26.400,2025-07-04 21:31:54
"Ta Wan, Galaxy Mall",Jus Semangka,N/A,26.400,2025-07-04 21:31:54
"Ta Wan, Galaxy Mall",Tehbotol Sosro Kotak,N/A,19.000,2025-07-04 21:31:54
"Ta Wan, Galaxy Mall",Es Jeruk Peras,N/A,25.600,2025-07-04 21:31:54
"Ta Wan, Galaxy Mall",Es Teh Apel Hijau,N/A,28.600,2025-07-04 21:31:54
"Ta Wan, Galaxy Mall",Es Teh Lemon Hijau,N/A,28.600,2025-07-04 21:31:54
"Ta Wan, Galaxy Mall",Es Teh Leci,N/A,29.300,2025-07-04 21:31:54
"Ta Wan, Galaxy Mall",Es Lemon Madu dengan Goji Berry,N/A,28.600,2025-07-04 21:31:54
"Ta Wan, Galaxy Mall",Teh Jasmine,N/A,32.500,2025-07-04 21:31:54
"Ta Wan, Galaxy Mall",Thai Tea,N/A,29.900,2025-07-04 21:31:54
"Ta Wan, Galaxy Mall",Green Tea,N/A,34.400,2025-07-04 21:31:54
"Ta Wan, Galaxy Mall",Earl Grey Tea,N/A,34.400,2025-07-04 21:31:54
"Ta Wan, Galaxy Mall",Earl Grey Milk Tea,N/A,37.500,2025-07-04 21:31:54
"Ta Wan, Galaxy Mall",Vietnam Drip,N/A,38.200,2025-07-04 21:31:54
"Ta Wan, Galaxy Mall",Brown Sugar Coffee,N/A,37.500,2025-07-04 21:31:54
"Ta Wan, Galaxy Mall",Iced Black Coffee,N/A,34.400,2025-07-04 21:31:54
"Ta Wan, Galaxy Mall",Hot Black Coffee,N/A,27.600,2025-07-04 21:31:54
"Ta Wan, Galaxy Mall",Avocado Coffee,N/A,46.500,2025-07-04 21:31:54
"Ta Wan, Galaxy Mall",Coffee Caramel,N/A,36.500,2025-07-04 21:31:54
"Coffee Bean & Tea Leaf, Galaxy Mall",BOGO Aerocano Mix,1 orange aerocano reguler + 1 classic aerocano reguler,51.000,2025-07-04 21:32:28
"Coffee Bean & Tea Leaf, Galaxy Mall",BOGO Orange Aerocano,2 orange aerocano reguler,51.000,2025-07-04 21:32:28
"Coffee Bean & Tea Leaf, Galaxy Mall",BOGO Classic Aerocano,2 classic aerocano reguler,33.000,2025-07-04 21:32:28
"Coffee Bean & Tea Leaf, Galaxy Mall",Duo Latte 1,1 iced vanilla latte small + 1 iced hazelnut latte small,50.000,2025-07-04 21:32:28
"Coffee Bean & Tea Leaf, Galaxy Mall",Duo Latte 2,1 iced mocha latte + 1 iced vanilla latte small,50.000,2025-07-04 21:32:28
"Coffee Bean & Tea Leaf, Galaxy Mall",Ultimate Aren Latte + Iced Cafe Latte + Iced Vietnam Coffee (B2G1 1),Iced ultimate aren latte small + iced cafe latte small + iced vietnam coffee small,60.000,2025-07-04 21:32:28
"Coffee Bean & Tea Leaf, Galaxy Mall",Iced Double Chocolate + Iced Ultimate Aren Latte + Iced Vanilla Latte (B2G1 2),Iced double chocolate small + iced ultimate aren latte small + iced vanilla latte small,60.000,2025-07-04 21:32:28
"Coffee Bean & Tea Leaf, Galaxy Mall",Coffee Break A,1 almond banana tart + 1 iced vietnam coffee,50.000,2025-07-04 21:32:28
"Coffee Bean & Tea Leaf, Galaxy Mall",Coffee Break B,1 chicago cheese cake + 1 iced vietnam coffee,50.000,2025-07-04 21:32:28
"Coffee Bean & Tea Leaf, Galaxy Mall",Coffee Break C,1 chocolate fudge cake + 1 iced vietnam coffee,50.000,2025-07-04 21:32:28
"Coffee Bean & Tea Leaf, Galaxy Mall",Coffee Break D,1 oreo cheese cake + 1 iced vietnam coffee,50.000,2025-07-04 21:32:28
"Coffee Bean & Tea Leaf, Galaxy Mall",Coffee Break E,1 dark chocolate cheese cake + 1 iced vietnam coffee,50.000,2025-07-04 21:32:28
"Coffee Bean & Tea Leaf, Galaxy Mall",Shopping Bag,Eco friendly shopping bag,2.000,2025-07-04 21:32:28
"Coffee Bean & Tea Leaf, Galaxy Mall",Chicken Fried Rice,Chicken Fried Rice,66.000,2025-07-04 21:32:28
"Coffee Bean & Tea Leaf, Galaxy Mall",Fried Noodle,Fried Noodle,66.000,2025-07-04 21:32:28
"Coffee Bean & Tea Leaf, Galaxy Mall",Mie Godog,Mie Godog,66.000,2025-07-04 21:32:28
"Coffee Bean & Tea Leaf, Galaxy Mall",Dory & Chips,Dory & Chips,79.200,2025-07-04 21:32:28
"Coffee Bean & Tea Leaf, Galaxy Mall",Fettucini Carbonara,Fettucini Carbonara,85.200,2025-07-04 21:32:28
"Coffee Bean & Tea Leaf, Galaxy Mall",Chicken Parmigiana,Chicken Parmigiana,85.200,2025-07-04 21:32:28
"Coffee Bean & Tea Leaf, Galaxy Mall",Aglio Oilio,Aglio Oilio,85.200,2025-07-04 21:32:28
"Coffee Bean & Tea Leaf, Galaxy Mall",Spaghetti Bolognaise,Spaghetti Bolognaise,85.200,2025-07-04 21:32:28
"Coffee Bean & Tea Leaf, Galaxy Mall",Beef Brisket Open Sandwich,Beef Brisket Open Sandwich,91.200,2025-07-04 21:32:28
"Coffee Bean & Tea Leaf, Galaxy Mall",Long John Gyu Teriyaki,Long John Gyu Teriyaki,85.200,2025-07-04 21:32:28
"Coffee Bean & Tea Leaf, Galaxy Mall",Teriyaki Tori Burger,Teriyaki Tori Burger,85.200,2025-07-04 21:32:28
"Coffee Bean & Tea Leaf, Galaxy Mall",Oxtail Fried Rice,Oxtail Fried Rice,115.000,2025-07-04 21:32:28
"Coffee Bean & Tea Leaf, Galaxy Mall",Mix Platter,Mix Platter,102.000,2025-07-04 21:32:28
"Coffee Bean & Tea Leaf, Galaxy Mall",Steak Sandwich,Steak Sandwich,139.200,2025-07-04 21:32:28
"Coffee Bean & Tea Leaf, Galaxy Mall",Mushroom Pizza,Mushroom Pizza,73.200,2025-07-04 21:32:28
"Coffee Bean & Tea Leaf, Galaxy Mall",Oxtail Soup,"Slices of oxtail, served with rice, and vegetables in a rich beef broth.",210.000,2025-07-04 21:32:28
"Coffee Bean & Tea Leaf, Galaxy Mall",Grilled Oxtail,"Slices of grilled oxtail, served with rice, and vegetables in a rich beef broth.",228.000,2025-07-04 21:32:28
"Coffee Bean & Tea Leaf, Galaxy Mall",Swiss Mocha Latte,Swiss Mocha Latte,67.200,2025-07-04 21:32:28
"Coffee Bean & Tea Leaf, Galaxy Mall",Mocha Iced Blended,Mocha Iced Blended,74.400,2025-07-04 21:32:28
"Coffee Bean & Tea Leaf, Galaxy Mall",Vanilla Latte,Vanilla Latte,67.200,2025-07-04 21:32:28
"Coffee Bean & Tea Leaf, Galaxy Mall",Hazelnut Latte,Hazelnut Latte,67.200,2025-07-04 21:32:28
"Coffee Bean & Tea Leaf, Galaxy Mall",Hazelnut Iced Blended,Hazelnut Iced Blended,74.400,2025-07-04 21:32:28
"Coffee Bean & Tea Leaf, Galaxy Mall",Iced Ultimate Aren Latte (S),Iced Ultimate Aren Latte (S),39.600,2025-07-04 21:32:28
"Coffee Bean & Tea Leaf, Galaxy Mall",Vietnamese Iced Coffee (S),Vietnamese Iced Coffee (S),45.000,2025-07-04 21:32:28
"Coffee Bean & Tea Leaf, Galaxy Mall",Iced Royal Pandan Latte (S),Iced Royal Pandan Latte (S),39.600,2025-07-04 21:32:28
"Coffee Bean & Tea Leaf, Galaxy Mall",Caramel Latte,Caramel Latte,70.800,2025-07-04 21:32:28
"Coffee Bean & Tea Leaf, Galaxy Mall",Caramel Iced Blended,Caramel Iced Blended,78.000,2025-07-04 21:32:28
"Coffee Bean & Tea Leaf, Galaxy Mall",Caramel Machiato,Caramel Machiato,70.800,2025-07-04 21:32:28
"Coffee Bean & Tea Leaf, Galaxy Mall",Iced Vanilla Macchiato (S),Iced Vanilla Macchiato (S),48.000,2025-07-04 21:32:28
"Coffee Bean & Tea Leaf, Galaxy Mall",Double Chocolate,Double Chocolate,72.000,2025-07-04 21:32:28
"Coffee Bean & Tea Leaf, Galaxy Mall",Pure Double Chocolate,Pure Double Chocolate,81.600,2025-07-04 21:32:28
"Coffee Bean & Tea Leaf, Galaxy Mall",Cookies & Cream Iced Blended,Cookies & Cream Iced Blended,78.000,2025-07-04 21:32:28
"Coffee Bean & Tea Leaf, Galaxy Mall",Pure Chocolate Iced Blended,Pure Chocolate Iced Blended,78.000,2025-07-04 21:32:28
"Coffee Bean & Tea Leaf, Galaxy Mall",Pure Vanilla Iced Blended,Pure Vanilla Iced Blended,78.000,2025-07-04 21:32:28
"Coffee Bean & Tea Leaf, Galaxy Mall",Iced Tea,Iced Tea,39.600,2025-07-04 21:32:28
"Coffee Bean & Tea Leaf, Galaxy Mall",Lemon Iced Tea (R),Lemon Iced Tea (R),52.800,2025-07-04 21:32:28
"Coffee Bean & Tea Leaf, Galaxy Mall",Lychee Iced Tea (R),Lychee Iced Tea (R),52.800,2025-07-04 21:32:28
"Coffee Bean & Tea Leaf, Galaxy Mall",Mango Iced Tea (S),Mango Iced Tea (S),42.000,2025-07-04 21:32:28
"Coffee Bean & Tea Leaf, Galaxy Mall",Beef Lasagna,Beef Lasagna,87.600,2025-07-04 21:32:28
"Coffee Bean & Tea Leaf, Galaxy Mall",Almond Croissant,Almond Croissant,52.000,2025-07-04 21:32:28
"Coffee Bean & Tea Leaf, Galaxy Mall",Beef Croissant,Beef Croissant,52.000,2025-07-04 21:32:28
"Coffee Bean & Tea Leaf, Galaxy Mall",Butter Croissant,Butter Croissant,52.000,2025-07-04 21:32:28
"Coffee Bean & Tea Leaf, Galaxy Mall",Cheese Croissant,Cheese Croissant,52.000,2025-07-04 21:32:28
"Coffee Bean & Tea Leaf, Galaxy Mall",Chicken Croissant,Chicken Croissant,52.000,2025-07-04 21:32:28
"Coffee Bean & Tea Leaf, Galaxy Mall",Chocolate Croissant,Chocolate Croissant,52.000,2025-07-04 21:32:28
"Coffee Bean & Tea Leaf, Galaxy Mall",Raisin Roll,Raisin Roll,45.000,2025-07-04 21:32:28
"Coffee Bean & Tea Leaf, Galaxy Mall",Swiss Danish,Swiss Danish,45.000,2025-07-04 21:32:28
"Coffee Bean & Tea Leaf, Galaxy Mall",Sausage Puff,Sausage Puff,42.000,2025-07-04 21:32:28
"Coffee Bean & Tea Leaf, Galaxy Mall",Macaroni Schotel,Macaroni Schotel,62.400,2025-07-04 21:32:28
"Coffee Bean & Tea Leaf, Galaxy Mall",Almond Cookies,Almond Cookies,118.800,2025-07-04 21:32:28
"Coffee Bean & Tea Leaf, Galaxy Mall",Chocolate Chip Cookies,Chocolate Chip Cookies,118.800,2025-07-04 21:32:28
"Coffee Bean & Tea Leaf, Galaxy Mall",Triple Chocolate Chips Cookies,Triple Chocolate Chips Cookies,124.800,2025-07-04 21:32:28
"Coffee Bean & Tea Leaf, Galaxy Mall",Cookies Gift Set,Almond Cookies (B) + Choc Chip Cookies (B) + Triple Choc Chips Cookies (B),336.000,2025-07-04 21:32:28
"Coffee Bean & Tea Leaf, Galaxy Mall",Banana Muffin,Banana Muffin,48.000,2025-07-04 21:32:28
"Coffee Bean & Tea Leaf, Galaxy Mall",Blueberry Muffin,Blueberry Muffin,48.000,2025-07-04 21:32:28
"Coffee Bean & Tea Leaf, Galaxy Mall",Chocolate Chip Muffin,Chocolate Chip Muffin,48.000,2025-07-04 21:32:28
"Coffee Bean & Tea Leaf, Galaxy Mall",Low Fat Orange Muffin,Low Fat Orange Muffin,48.000,2025-07-04 21:32:28
"Coffee Bean & Tea Leaf, Galaxy Mall",Warm Chocolate Muffin,Warm Chocolate Muffin,52.800,2025-07-04 21:32:28
"Coffee Bean & Tea Leaf, Galaxy Mall",Almond Banana Tart,Almond Banana Tart,54.000,2025-07-04 21:32:28
"Coffee Bean & Tea Leaf, Galaxy Mall",Chicago Cheese Cake,Chicago Cheese Cake,54.000,2025-07-04 21:32:28
"Coffee Bean & Tea Leaf, Galaxy Mall",Chocolate Fudge Cake,Chocolate Fudge Cake,54.000,2025-07-04 21:32:28
"Coffee Bean & Tea Leaf, Galaxy Mall",Oreo Cheese Cake,Oreo Cheese Cake,54.000,2025-07-04 21:32:28
"Coffee Bean & Tea Leaf, Galaxy Mall",Dark Chocolate Cheese Cake,Dark Chocolate Cheese Cake,54.000,2025-07-04 21:32:28
"Coffee Bean & Tea Leaf, Galaxy Mall",Strawberry Iced Tea,Strawberry Iced Tea with Fresh Sliced Strawberry (S),44.000,2025-07-04 21:32:28
"Coffee Bean & Tea Leaf, Galaxy Mall",Crookie - Croissant Choco Chips Crunch,Crookie - Croissant Choco Chips Crunch,50.000,2025-07-04 21:32:28
"Coffee Bean & Tea Leaf, Galaxy Mall",Crookie - Crunch,Crookie - Crunch,50.000,2025-07-04 21:32:28
"Wok Noodle, Galaxy Mall",Makan Mewah - Nasi Goreng Ikan Asin + Mie Goreng,N/A,153.000,2025-07-04 21:32:51
"Wok Noodle, Galaxy Mall",Wok Tote Bag,N/A,7.000,2025-07-04 21:32:51
"Wok Noodle, Galaxy Mall",Nasi Siram Babi,N/A,80.000,2025-07-04 21:32:51
"Wok Noodle, Galaxy Mall",Tahu Tausi,N/A,81.000,2025-07-04 21:32:51
"Wok Noodle, Galaxy Mall",Wok Tote Bag,N/A,7.000,2025-07-04 21:32:51
"Wok Noodle, Galaxy Mall",Babi Crispy Cabe Garam,"Babi Crispy, Bumbu Cabe Garam",110.000,2025-07-04 21:32:51
"Wok Noodle, Galaxy Mall",Baby Crispy Saus Telur Asin,Baby crispy pakai saus telur asin,110.000,2025-07-04 21:32:51
"Wok Noodle, Galaxy Mall",Babi Crispy Saos Hoisin,"Babi Crispy, Rasanya Manis Gurih",110.000,2025-07-04 21:32:51
"Wok Noodle, Galaxy Mall",Babi Kecap,Babi kecap rasanya manis dan gurih,155.000,2025-07-04 21:32:51
"Wok Noodle, Galaxy Mall",Kepala Udang Crispy Cabe Garam,N/A,40.000,2025-07-04 21:32:51
"Wok Noodle, Galaxy Mall",Kepala Udang Crispy Telur Asin,N/A,40.000,2025-07-04 21:32:51
"Wok Noodle, Galaxy Mall",Tahu Crispy Saus Telur Asin,N/A,60.000,2025-07-04 21:32:51
"Wok Noodle, Galaxy Mall",Ayam  Saus Jeruk,N/A,90.000,2025-07-04 21:32:51
"Wok Noodle, Galaxy Mall",Brocoly Cajun,N/A,80.000,2025-07-04 21:32:51
"Wok Noodle, Galaxy Mall",TELOR TOMAT,Cita Rasa Tomat Dengan Tumis Telor,70.000,2025-07-04 21:32:51
"Wok Noodle, Galaxy Mall",Tumis Kembang Tahu,N/A,65.000,2025-07-04 21:32:51
"Wok Noodle, Galaxy Mall",Angsio Tito Babi,N/A,80.000,2025-07-04 21:32:51
"Wok Noodle, Galaxy Mall",Yuci Kecap,N/A,95.000,2025-07-04 21:32:51
"Wok Noodle, Galaxy Mall",Brocolly Saos Garlic,N/A,75.000,2025-07-04 21:32:51
"Wok Noodle, Galaxy Mall",Nasi Goreng Makarel,N/A,90.000,2025-07-04 21:32:51
"Wok Noodle, Galaxy Mall",Nasi Siram Makarel,N/A,80.000,2025-07-04 21:32:51
"Wok Noodle, Galaxy Mall",Telur Dadar Makarel Asam Manis,N/A,75.000,2025-07-04 21:32:51
"Wok Noodle, Galaxy Mall",Crispy Makarel Asam Manis,N/A,85.000,2025-07-04 21:32:51
"Wok Noodle, Galaxy Mall",Nasi Goreng Finna,Special wok red fried rice with shrimp,85.000,2025-07-04 21:32:51
"Wok Noodle, Galaxy Mall",Nasi Goreng Canton,Fried rice with shrimp and green peas canton style,85.000,2025-07-04 21:32:51
"Wok Noodle, Galaxy Mall",Nasi Siram Babi,N/A,80.000,2025-07-04 21:32:51
"Wok Noodle, Galaxy Mall",Nasi Goreng Jawa,"Javanese flavored fried rice with shreaded chicken, noodle, and vegetable",90.000,2025-07-04 21:32:51
"Wok Noodle, Galaxy Mall",Nasi Goreng Daging Sapi,Beef fried rice,85.000,2025-07-04 21:32:51
"Wok Noodle, Galaxy Mall",Nasi Goreng Ikan Asin,Fried rice with salted fish,85.000,2025-07-04 21:32:51
"Wok Noodle, Galaxy Mall",Nasi Cap Cay,Fried rice with stir fried mixed vegetables and shrimp,85.000,2025-07-04 21:32:51
"Wok Noodle, Galaxy Mall",Nasi Goreng Wok,N/A,85.000,2025-07-04 21:32:51
"Wok Noodle, Galaxy Mall",Nasi Putih,N/A,12.000,2025-07-04 21:32:51
"Wok Noodle, Galaxy Mall",Nasi Goreng Rawon,N/A,90.000,2025-07-04 21:32:51
"Wok Noodle, Galaxy Mall",Nasi Goreng Rumput Laut,N/A,85.000,2025-07-04 21:32:51
"Wok Noodle, Galaxy Mall",Nasi Goreng Bawang Putih,N/A,85.000,2025-07-04 21:32:51
"Wok Noodle, Galaxy Mall",Nasi Goreng Rempah Rendang,N/A,90.000,2025-07-04 21:32:51
"Wok Noodle, Galaxy Mall",Mie Kwang Tung,Deep fried noodle with stir fried caisim ujung pandang style,90.000,2025-07-04 21:32:51
"Wok Noodle, Galaxy Mall",Mie Goreng /Kuah,Fried noodle with caisim and shrimp,90.000,2025-07-04 21:32:51
"Wok Noodle, Galaxy Mall",Kwetiau Goreng/Siram,N/A,90.000,2025-07-04 21:32:51
"Wok Noodle, Galaxy Mall",Kwetiau Siram Daging Sapi,N/A,90.000,2025-07-04 21:32:51
"Wok Noodle, Galaxy Mall",Tamie Cap Cay,Cruspy noodle topped with Cantonese style fried vegetables,90.000,2025-07-04 21:32:51
"Wok Noodle, Galaxy Mall",Tanghun Special,Fried glass noodle with caisim and shrimp,90.000,2025-07-04 21:32:51
"Wok Noodle, Galaxy Mall",Bihun Goreng/Kuah,Fried vermicelli in the hot wok with green cabbage and shrimp,90.000,2025-07-04 21:32:51
"Wok Noodle, Galaxy Mall",Mie Hokkian Goreng,Stir fried Hokkien noodle with shrimp and bean sprout,90.000,2025-07-04 21:32:51
"Wok Noodle, Galaxy Mall",Mie Hokkian Basah,"Braised hokian noodle served with shrimp, chicken, fishball, and vegetable",90.000,2025-07-04 21:32:51
"Wok Noodle, Galaxy Mall",I Fu Mie,Traditional chinese noodle,90.000,2025-07-04 21:32:51
"Wok Noodle, Galaxy Mall",Daging Sapi Lada Hitam,Stir fried beef with black pepper sauce,110.000,2025-07-04 21:32:51
"Wok Noodle, Galaxy Mall",Ko Lo Kee,Sweet and sour fried chicken,90.000,2025-07-04 21:32:51
"Wok Noodle, Galaxy Mall",Ko Lo Bak,Sweet and sour fried pork,105.000,2025-07-04 21:32:51
"Wok Noodle, Galaxy Mall",Ayam Cabe Kering,Stir fried chicken fillet with dry chili,94.500,2025-07-04 21:32:51
"Wok Noodle, Galaxy Mall",Ayam Teriyaki,Deep fried fillet chicken served with teriyaki sauce,90.000,2025-07-04 21:32:51
"Wok Noodle, Galaxy Mall",Ayam Goreng WOK,WOK fried chicken with special sauce,100.000,2025-07-04 21:32:51
"Wok Noodle, Galaxy Mall",Ayam Saos Inggris,Stir fried chicken worchestershire sauce,105.000,2025-07-04 21:32:51
"Wok Noodle, Galaxy Mall",Ayam Renyah Ala WOK,WOK special crispy chicken,100.000,2025-07-04 21:32:51
"Wok Noodle, Galaxy Mall",Udang Gandum,Oatmeal fried shrimp with pandanese leaf,110.000,2025-07-04 21:32:51
"Wok Noodle, Galaxy Mall",Udang Telur Asin,Salted egg shrimp,110.000,2025-07-04 21:32:51
"Wok Noodle, Galaxy Mall",Udang Goreng Tepung Mayonaise,Fried shrimp serve with mayonaise,110.000,2025-07-04 21:32:51
"Wok Noodle, Galaxy Mall",Dori Mayonaise,Deep fried fillet of dorry fish served with mayonaise,85.000,2025-07-04 21:32:51
"Wok Noodle, Galaxy Mall",Dori Telur Asin,Deep fried fillet of dorry fish served with salted egg,85.000,2025-07-04 21:32:51
"Wok Noodle, Galaxy Mall",Dori Asam Manis,Deep fried fillet of dorry fish served with sweet and sour sauce,85.000,2025-07-04 21:32:51
"Wok Noodle, Galaxy Mall",Dori Cabe Garam,Salted chili fried dorry,85.000,2025-07-04 21:32:51
"Wok Noodle, Galaxy Mall",Gurami Saus Asam Manis,Deep fried girame fish served with sweet and sour sauce,180.000,2025-07-04 21:32:51
"Wok Noodle, Galaxy Mall",Fu Yung Hai,"Mixed ommelette of egg, shrimp, chicken and onion served with sweet and sour sauce",80.000,2025-07-04 21:32:51
"Wok Noodle, Galaxy Mall",Telur,Fried Egg,20.000,2025-07-04 21:32:51
"Wok Noodle, Galaxy Mall",Gurami Saus Spesial,N/A,180.000,2025-07-04 21:32:51
"Wok Noodle, Galaxy Mall",Udang Saus Spesial,N/A,110.000,2025-07-04 21:32:51
"Wok Noodle, Galaxy Mall",Cumi Saus Spesial,N/A,115.000,2025-07-04 21:32:51
"Wok Noodle, Galaxy Mall",Dori Saus Orange,N/A,85.000,2025-07-04 21:32:51
"Wok Noodle, Galaxy Mall",Sapi Crispy Saus Szechuan,N/A,110.000,2025-07-04 21:32:51
"Wok Noodle, Galaxy Mall",Sapi Saus Hoisin,N/A,110.000,2025-07-04 21:32:51
"Wok Noodle, Galaxy Mall",Angsio Kuping Babi,N/A,105.000,2025-07-04 21:32:51
"Wok Noodle, Galaxy Mall",Ayam Saus Jeruk,N/A,90.000,2025-07-04 21:32:51
"Wok Noodle, Galaxy Mall",Gurami Lada Hitam,N/A,200.000,2025-07-04 21:32:51
"Wok Noodle, Galaxy Mall",Gurami Saus Telur Asin,N/A,200.000,2025-07-04 21:32:51
"Wok Noodle, Galaxy Mall",Cumi Goreng Tepung,N/A,115.000,2025-07-04 21:32:51
"Wok Noodle, Galaxy Mall",Cumi Saus Telur Asin,N/A,120.000,2025-07-04 21:32:51
"Wok Noodle, Galaxy Mall",Yuci Kecap,N/A,95.000,2025-07-04 21:32:51
"Wok Noodle, Galaxy Mall",Angsio Tito,N/A,80.000,2025-07-04 21:32:51
"Wok Noodle, Galaxy Mall",Cap Cay Goreng/Kuah,"Mixed Vegetables served with chicken, meatball and shrimp",80.000,2025-07-04 21:32:51
"Wok Noodle, Galaxy Mall",Sapo Tofu,"Claypot stir fried vegetables with oyster sauce, shrimp and tofu",100.000,2025-07-04 21:32:51
"Wok Noodle, Galaxy Mall",Tahu Tausi,Sapo Tofu dengan irisan jamur dan disiram dengan Saus Tausi,81.000,2025-07-04 21:32:51
"Wok Noodle, Galaxy Mall",Buncis Cah Teri,Sauteed green baby bean with anchovy,65.000,2025-07-04 21:32:51
"Wok Noodle, Galaxy Mall",Buncis Cah Bawang Putih,Sauteed green baby bean with garlic,60.000,2025-07-04 21:32:51
"Wok Noodle, Galaxy Mall",Brokoli Cah Sapi,Sauteed broccoli with beef,85.000,2025-07-04 21:32:51
"Wok Noodle, Galaxy Mall",Brokoli Cah Bawang Putih,Sauteed broccoli with gralic,75.000,2025-07-04 21:32:51
"Wok Noodle, Galaxy Mall",Baby Kailan Saus Tiram,Stir fried baby chinese gabbage with onion and oyster sauce (cuchiwis),70.000,2025-07-04 21:32:51
"Wok Noodle, Galaxy Mall",Baby Kailan Cah Bawang Putih,Sauteed baby chinese gabbage with garlic,60.000,2025-07-04 21:32:51
"Wok Noodle, Galaxy Mall",Tauge Ikan Asin,Stri fried beansprout served with salted fish,50.000,2025-07-04 21:32:51
"Wok Noodle, Galaxy Mall",Buncis Goreng Madu,N/A,65.000,2025-07-04 21:32:51
"Wok Noodle, Galaxy Mall",Pangsit Goreng,Fried wonton filled with mixed chicken and shrimp,70.000,2025-07-04 21:32:51
"Wok Noodle, Galaxy Mall",Jamur Teriyaki,Deep fried oyster mushroom served with teriyaki sauce,60.000,2025-07-04 21:32:51
"Wok Noodle, Galaxy Mall",Jamur Mayonaise,Deep fried oyster mushroom served with mayonaise,60.000,2025-07-04 21:32:51
"Wok Noodle, Galaxy Mall",Tahu Cabe Garam,Salted chili silken tofu,50.000,2025-07-04 21:32:51
"Wok Noodle, Galaxy Mall",Tahu Telur Asin,N/A,60.000,2025-07-04 21:32:51
"Wok Noodle, Galaxy Mall",Hot/Ice Wintermelon,N/A,30.000,2025-07-04 21:32:51
"Wok Noodle, Galaxy Mall",Cookies N Cream,N/A,55.000,2025-07-04 21:32:51
"Wok Noodle, Galaxy Mall",Fresh Orange,N/A,45.000,2025-07-04 21:32:51
"Wok Noodle, Galaxy Mall",Es Teler,N/A,60.000,2025-07-04 21:32:51
"Wok Noodle, Galaxy Mall",Es Kelapa,N/A,60.000,2025-07-04 21:32:51
"Wok Noodle, Galaxy Mall",Es Doger,N/A,60.000,2025-07-04 21:32:51
"Wok Noodle, Galaxy Mall",Es Kelapa Muda Kacang Merah,N/A,60.000,2025-07-04 21:32:51
"Wok Noodle, Galaxy Mall",Makan Mewah - Nasi Goreng Ikan Asin + Mie Goreng,N/A,153.000,2025-07-04 21:32:51
"Baskin Robbins, Galaxy Mall",Buy 2 Get 2 Single Scoop,4 flavors,130.000,2025-07-04 21:33:22
"Baskin Robbins, Galaxy Mall",B1G1 Best Deal - 2 Value Scoop,Exclusive at Gofood,95.000,2025-07-04 21:33:22
"Baskin Robbins, Galaxy Mall",Only Friday - Sunday,2 flavors,170.000,2025-07-04 21:33:22
"Baskin Robbins, Galaxy Mall",Fabulous Deal Quart,3 flavors,330.000,2025-07-04 21:33:22
"Baskin Robbins, Galaxy Mall",Double Scoop 5 Oz,"Chocolate, Vanilla, Very Berry Strawberry, Mint Chocolate Chip, Jamoca Almond Fudge, Cookies 'n Cream, Strawberry Cheesecake.
Berlaku dari Senin – Jumat dari jam 12.00 – 18.00",90.000,2025-07-04 21:33:22
"Baskin Robbins, Galaxy Mall",Triple Scoop 7.5 Oz,"Chocolate, Vanilla, Very Berry Strawberry, Mint Chocolate Chip, Jamoca Almond Fudge, Cookies 'n Cream, Strawberry Cheesecake.",110.000,2025-07-04 21:33:22
"Baskin Robbins, Galaxy Mall",Value Scoop 4 Oz,"Chocolate, Vanilla, Very Berry Strawberry, Mint Chocolate Chip, Jamoca Almond Fudge, Cookies 'n Cream, Strawberry Cheesecake.
Berlaku dari Senin – Jumat dari jam 12.00 – 18.00",85.000,2025-07-04 21:33:22
"Baskin Robbins, Galaxy Mall",Single Scoop 2.5 Oz,"Chocolate, Vanilla, Very Berry Strawberry, Mint Chocolate Chip, Jamoca Almond Fudge, Cookies 'n Cream, Strawberry Cheesecake.",65.000,2025-07-04 21:33:22
"Baskin Robbins, Galaxy Mall",Macaroon Ice Cake Cup,"Single scoop 2,5 oz dengan topping macaroon",60.000,2025-07-04 21:33:22
"Baskin Robbins, Galaxy Mall",Pint 12 Oz,12 oz maksimal 2 rasa,325.000,2025-07-04 21:33:22
"Baskin Robbins, Galaxy Mall",Quart 24 Oz,24 oz maksimal 3 rasa,450.000,2025-07-04 21:33:22
"Baskin Robbins, Galaxy Mall",Half Gallon 48 Oz,48 oz maksimal 4 rasa,795.000,2025-07-04 21:33:22
"Baskin Robbins, Galaxy Mall",Totebag Canvas A4,Totebag Canvas A4,7.000,2025-07-04 21:33:22
"Baskin Robbins, Galaxy Mall",Totebag Canvas A3,Totebag Canvas A3,10.000,2025-07-04 21:33:22
"Baskin Robbins, Galaxy Mall",Rabbit Ice Cake,Diameter 12 cm perpaduan brownis & ice cream Baskin Robbins,145.000,2025-07-04 21:33:22
"Baskin Robbins, Galaxy Mall",Red Fortune Ice Cake,Diameter 12 cm perpaduan brownis & ice cream Baskin Robbins,145.000,2025-07-04 21:33:22
"Baskin Robbins, Galaxy Mall",Heart Cake Mini,N/A,365.000,2025-07-04 21:33:22
"Baskin Robbins, Galaxy Mall",Fudge Nut,N/A,700.000,2025-07-04 21:33:22
"Baskin Robbins, Galaxy Mall",Round Cake,N/A,750.000,2025-07-04 21:33:22
"Baskin Robbins, Galaxy Mall",Full Sheet Cake,N/A,950.000,2025-07-04 21:33:22
"Baskin Robbins, Galaxy Mall",Half Sheet Cake,N/A,570.000,2025-07-04 21:33:22
"Baskin Robbins, Galaxy Mall",Round Cake Mini,N/A,465.000,2025-07-04 21:33:22
"Baskin Robbins, Galaxy Mall",2 Scoop Sundae,"Chocolate, Vanilla, Very Berry Strawberry, Mint Chocolate Chip, Jamoca Almond Fudge, Cookies 'n Cream, Strawberry Cheesecake.",99.000,2025-07-04 21:33:22
"Baskin Robbins, Galaxy Mall",3 Scoop Sundae,"Chocolate, Vanilla, Very Berry Strawberry, Mint Chocolate Chip, Jamoca Almond Fudge, Cookies 'n Cream, Strawberry Cheesecake.",120.000,2025-07-04 21:33:22
"Baskin Robbins, Galaxy Mall",Fun Value Sundae,"Chocolate, Vanilla, Very Berry Strawberry, Mint Chocolate Chip, Jamoca Almond Fudge, Cookies 'n Cream, Strawberry Cheesecake.",95.000,2025-07-04 21:33:22
"Baskin Robbins, Galaxy Mall",Snowboy,N/A,85.000,2025-07-04 21:33:22
"Baskin Robbins, Galaxy Mall",Snowman,N/A,105.000,2025-07-04 21:33:22
"Baskin Robbins, Galaxy Mall",Float Medium 12 Oz,"Avocado, Chocolate, Strawberry, Green Tea, Coffee, Mocha",68.000,2025-07-04 21:33:22
"Baskin Robbins, Galaxy Mall",Float Large 16 Oz,"Avocado, Chocolate, Strawberry, Green Tea, Coffee, Mocha",75.000,2025-07-04 21:33:22
"Baskin Robbins, Galaxy Mall",Milk Shake - Medium 12 Oz,Choose your favorite flavor,83.000,2025-07-04 21:33:22
"Baskin Robbins, Galaxy Mall",Milk Shake - Large 16 Oz,Choose your favorite flavor,110.000,2025-07-04 21:33:22
"Baskin Robbins, Galaxy Mall",Blast - Medium 12 Oz,"Chocolate, Cappucino, Mocha",73.000,2025-07-04 21:33:22
"Baskin Robbins, Galaxy Mall",Blast - Large 16 Oz,"Chocolate, Cappucino, Mocha",85.000,2025-07-04 21:33:22
"Baskin Robbins, Galaxy Mall",Creamy Mango Shake Series,Shake Series - Medium 12 Oz,35.000,2025-07-04 21:33:22
"Baskin Robbins, Galaxy Mall",Strawberry Cheesecake Shake,Shake Series - Medium 12 Oz,35.000,2025-07-04 21:33:22
"Baskin Robbins, Galaxy Mall",Cappucino Malt Shake,Shake Series - Medium 12 Oz,35.000,2025-07-04 21:33:22
"Baskin Robbins, Galaxy Mall",Milky Lovers,Minuman dengan kandungan susu dan varian rasa yang kamu suka.,25.000,2025-07-04 21:33:22
"Baskin Robbins, Galaxy Mall",Dream Milk Cereal Bar,Minuman dengan kandungan susu dan varian rasa yang kamu suka ditambah topping cereal.,60.000,2025-07-04 21:33:22
A&W Mall Galaxy,AWESOME - 6 Aroma Chicken & FREE! Cheese Burger + Chic Chunks,6 Golden/Spicy Aroma Chicken + FREE! 1 Cheese Burger & 4pcs Chic Chunks.,153.000,2025-07-04 21:33:45
A&W Mall Galaxy,AWESOME - 4 Aroma Chicken & Fries,4 Golden/Spicy Aroma Chicken + 1 Fries (Curly/French).,105.000,2025-07-04 21:33:45
A&W Mall Galaxy,AWESOME - RB,1 Reg RB.,10.500,2025-07-04 21:33:45
A&W Mall Galaxy,NEW! Polar Swirls - Peanut Butter,A&W® vanilla soft serve swirled with creamy peanut butter! Try it now!,20.500,2025-07-04 21:33:45
A&W Mall Galaxy,NEW! Polar Swirls - Cookies,A&W® chocolate soft serve swirled with bite sized cookie crumbs. An all-time-favorite reimagined! Try it now!,19.500,2025-07-04 21:33:45
A&W Mall Galaxy,NEW! Bibimbap Chicken & RB,NEW! 1 Bibimbap Chicken + 1 Reg RB. Upsize drink +4.000 only!,68.000,2025-07-04 21:33:45
A&W Mall Galaxy,NEW! Bibimbap Beef & RB,NEW! 1 Bibimbap Beef + 1 Reg RB. Upsize drink +4.000 only!,68.000,2025-07-04 21:33:45
A&W Mall Galaxy,NEW! Bibimbap Prawn & RB,NEW! 1 Bibimbap Prawn + 1 Reg RB. Upsize drink +4.000 only!,71.000,2025-07-04 21:33:45
A&W Mall Galaxy,NEW! Crispy Prawn 3pcs,NEW! 3pcs Crispy Prawn,30.500,2025-07-04 21:33:45
A&W Mall Galaxy,NEW! Spicy Chicken Chunks 4/8/12pcs,NEW! Fiery HOT Spicy Chicken Chunks 4pcs / 8pcs / 12pcs.,30.500,2025-07-04 21:33:45
A&W Mall Galaxy,"NEW! 4pc Spicy Chic Chunks, Aroma Chic & Rice",NEW! 4pcs Spicy Chicken Chunks + 1 Aroma Chicken (Golden/Spicy) + 1 Rice.,58.500,2025-07-04 21:33:45
A&W Mall Galaxy,NEW! 4pc Spicy Chic Chunks & Fries,NEW! 4pcs Spicy Chicken Chunks + 1 Fries (Curly/French).,54.500,2025-07-04 21:33:45
A&W Mall Galaxy,A&W Tote Bag,1 Limited Edition Tote Bag (Orange/Brown/Blue). Eco-friendly Carrier - We will pack your order into the tote bag. Collect them all! While stocks last!,5.500,2025-07-04 21:33:45
A&W Mall Galaxy,SUPER FriDeals - Spicy Jumbo Chic Sandwich & FREE! Spicy Jumbo Chic Sandwich,1 Spicy Jumbo Chicken Sandwich + FREE! 1 Spicy Jumbo Chicken Sandwich. (HANYA BERLAKU HARI JUMAT),48.500,2025-07-04 21:33:45
A&W Mall Galaxy,"SUPER - 2 Aroma Chicken, Chic Sandwich & Rice",2 Golden/Spicy Aroma Chicken + 1 Jumbo Chicken Sandwich + 1 Rice.,89.000,2025-07-04 21:33:45
A&W Mall Galaxy,"SUPER - 2 Aroma Chicken, Mozza Burger & Rice",2 Golden/Spicy Aroma Chicken + 1 Mozza Burger + 1 Rice.,91.500,2025-07-04 21:33:45
A&W Mall Galaxy,"SUPER - 2 Aroma Chicken, Cheese Burger & Fries",2 Golden/Spicy Aroma Chicken + 1 Cheese Burger + 1 Fries (Curly/French).,96.000,2025-07-04 21:33:45
A&W Mall Galaxy,"SUPER - 3 Aroma Chicken, Rice, Soup & Fries",3 Golden/Spicy Aroma Chicken + 2 Rice + 1 Chicken Soup + 1 Fries (Curly/French).,123.500,2025-07-04 21:33:45
A&W Mall Galaxy,"SUPER - 4 Aroma Chicken, Fries & RB",4 Golden/Spicy Aroma Chicken + 2 Fries (Curly/French) + 2 Reg RB.,154.000,2025-07-04 21:33:45
A&W Mall Galaxy,"SUPER - 5 Aroma Chicken, Fries, Rice & RB",5 Golden/Spicy Aroma Chicken + 1 Fries (Curly/French) + 3 Rice + 2 Reg RB.,180.500,2025-07-04 21:33:45
A&W Mall Galaxy,"SUPER - 6 Aroma Chicken, Fries, Rice & RB",6 Golden/Spicy Aroma Chicken + 1 Fries (Curly/French) + 3 Rice + 2 Reg RB.,200.000,2025-07-04 21:33:45
A&W Mall Galaxy,SUPER - 8pcs Chic Chunks,8pcs Chicken Chunks (Original/Spicy).,46.500,2025-07-04 21:33:45
A&W Mall Galaxy,SUPER - Buy 1 Get 1 50% OFF! Fries,1 Fries (Curly/French) + 50% OFF 1 Fries (Curly/French).,46.250,2025-07-04 21:33:45
A&W Mall Galaxy,SUPER - Buy 2 Get 1 FREE Polar Swirls,BUY 2 GET 1 FREE! Polar Swirls (Choco Cookie / Peanut Butter).,39.000,2025-07-04 21:33:45
A&W Mall Galaxy,SUPER - RB Float,1 Regular RB Float.,16.000,2025-07-04 21:33:45
A&W Mall Galaxy,NEW! KETO Triple Beef Burger Combo,NEW! KETO Triple Beef Burger + 4pcs Chicken Chunks + 1 Aqua.,98.000,2025-07-04 21:33:45
A&W Mall Galaxy,NEW! KETO Double Spicy Chic Burger Combo,NEW! KETO Double Spicy Chicken Burger + 4pcs Chicken Chunks + 1 Aqua.,99.000,2025-07-04 21:33:45
A&W Mall Galaxy,NEW! KETO 2 Aroma Chicken Combo,NEW! 2 Golden/Spicy Aroma Chicken + 4pcs Chicken Chunks + 1 Aqua.,80.500,2025-07-04 21:33:45
A&W Mall Galaxy,NEW! KETO Triple Beef Burger,"NEW! 3 Beef Patties, 2 Cheese, Chicken Bacon, Tomatoes, Pickles, Lettuce and our Signature Mozza Sauce. Keto burgers doesn't get any better than this! ADD a Sunny Egg or Beef patties and Cheese to personalise your ULTIMATE KETO BURGER.",71.000,2025-07-04 21:33:45
A&W Mall Galaxy,NEW! KETO Double Spicy Chicken Burger,"NEW! 2 Spicy Chicken Thighs, 2 Cheese, Lettuce and our unique Spicy Sauce. This will definitely SPICE your day up! ADD a Sunny Egg or Cheese for an added punch.",72.000,2025-07-04 21:33:45
A&W Mall Galaxy,Paket Gratis 1 - Chicken,2 Golden/Spicy Aroma Chicken + 1 Side (Rice/Soup/Egg/Sundae) + Reg RB. Upsize drink +4.000 only!,65.500,2025-07-04 21:33:45
A&W Mall Galaxy,Paket Gratis 2 - Chicken & Soup,Golden/Spicy Aroma Chicken + Chicken Soup + 1 Side (Rice/Soup/Egg/Sundae) + Reg RB. Upsize drink +4.000 only!,53.500,2025-07-04 21:33:45
A&W Mall Galaxy,Paket Gratis 3 - Chicken Chunks & Chicken,4pcs Chicken Chunks + Golden/Spicy Aroma Chicken + 1 Side (Rice/Soup/Egg/Sundae) + Reg RB. Upsize drink +4.000 only!,63.000,2025-07-04 21:33:45
A&W Mall Galaxy,Paket Gratis 4 - Deluxe Burger & Chicken,Deluxe Burger + Golden/Spicy Aroma Chicken + 1 Side (Rice/Soup/Egg/Sundae) + Reg RB. Upsize drink +4.000 only!,74.500,2025-07-04 21:33:45
A&W Mall Galaxy,Paket Gratis 5 - Chicken Sandwich & Chicken,Chicken Sandwich + Golden/Spicy Aroma Chicken + 1 Side (Rice/Soup/Egg/Sundae) + Reg RB. Upsize drink +4.000 only!,79.500,2025-07-04 21:33:45
A&W Mall Galaxy,Paket Gratis 6 - Blackpepper Mixbowl & Chicken,Blackpepper Mixbowl + Golden/Spicy Aroma Chicken + 1 Side (Rice/Soup/Egg/Sundae) + Reg RB. Upsize drink +4.000 only!,73.000,2025-07-04 21:33:45
A&W Mall Galaxy,Paket Gratis 7 - Chicken Chunks 8pcs,8pcs Chicken Chunks + 1 Side (Rice/Soup/Egg/Sundae) + Reg RB. Upsize drink +4.000 only!,66.000,2025-07-04 21:33:45
A&W Mall Galaxy,Paket Kentang A - Mozza Burger,Mozza Burger + Fries (Curly/French) + Reg RB. Upsize drink +4.000 only!,80.500,2025-07-04 21:33:45
A&W Mall Galaxy,Paket Kentang B - Deluxe Burger,Deluxe Burger + Fries (Curly/French) + Reg RB. Upsize drink +4.000 only!,73.000,2025-07-04 21:33:45
A&W Mall Galaxy,Paket Kentang C - Fish Sandwich,Fish Sandwich + Fries (Curly/French) + Reg RB. Upsize drink +4.000 only!,75.500,2025-07-04 21:33:45
A&W Mall Galaxy,Paket Kentang D - Duo Aroma Chicken,2 Golden/Spicy Aroma Chicken + Fries (Curly/French) + Reg RB. Upsize drink +4.000 only!,80.500,2025-07-04 21:33:45
A&W Mall Galaxy,Paket Kentang E - Chicken Sandwich,Chicken Sandwich + Fries (Curly/French) + Reg RB. Upsize drink +4.000 only!,76.500,2025-07-04 21:33:45
A&W Mall Galaxy,Paket Kentang F - Mango Chicken Pocket,Mango Chicken Pocket + Fries (Curly/French) + Reg RB. Upsize drink +4.000 only!,70.000,2025-07-04 21:33:45
A&W Mall Galaxy,Paket Kentang G - Chicken Chunks 8pcs,8pcs Chicken Chunks + Fries (Curly/French) + Reg RB. Upsize drink +4.000 only!,84.000,2025-07-04 21:33:45
A&W Mall Galaxy,Paket Kentang H - Spicy Jumbo Chicken Sandwich,Spicy Jumbo Chicken Sandwich + Fries (Curly/French) + Reg RB. Upsize drink +4.000 only!,81.000,2025-07-04 21:33:45
A&W Mall Galaxy,Paket Kentang J -  Double Cheese Burger,Double Cheese Burger + Fries (Curly/French) + Reg RB. Upsize drink +4.000 only!,76.500,2025-07-04 21:33:45
A&W Mall Galaxy,Spicy Jumbo Chicken Sandwich & RB,1 Spicy Jumbo Chicken Sandwich + Reg RB. Upsize drink +4.000 only!,56.000,2025-07-04 21:33:45
A&W Mall Galaxy,Double Cheese Burger & RB,1 Double Cheese Burger + Reg RB. Upsize drink +4.000 only!,51.500,2025-07-04 21:33:45
A&W Mall Galaxy,Picnic Barrel 1 - Chicken & Burger,2 Golden/Spicy Aroma Chicken + Beef Burger + 4 Chicken Chunks™ + Rice + 2 Reg RB + Free Barrel. Upsize drink +4.000 only!,125.500,2025-07-04 21:33:45
A&W Mall Galaxy,Picnic Barrel 2 - Chicken & Chicken Chunks™,4 Golden/Spicy Aroma Chicken + 4 Chicken Chunks + 2 Rice + 2 Reg RB + Free Barrel. Upsize drink +4.000 only!,153.000,2025-07-04 21:33:45
A&W Mall Galaxy,Picnic Barrel 3 - Duo Aroma Chicken,6 Golden/Spicy Aroma Chicken + Free Barrel.,134.000,2025-07-04 21:33:45
A&W Mall Galaxy,Good Friends - Chicken & Soup,6 Golden/Spicy Aroma Chicken + 2 Chicken Soup + 4 Rice + 4 Reg RB. Upsize drink +4.000 only!,237.000,2025-07-04 21:33:45
A&W Mall Galaxy,Good Family - Duo Aroma Chicken,9 Golden/Spicy Aroma Chicken.,191.000,2025-07-04 21:33:45
A&W Mall Galaxy,Golden Aroma Chicken,"All-time favorite. Fresh, not frozen!",25.500,2025-07-04 21:33:45
A&W Mall Galaxy,Spicy Aroma Chicken,Turn up the heat!,25.500,2025-07-04 21:33:45
A&W Mall Galaxy,Mozza Burger,"Double beef, double-licious.",47.500,2025-07-04 21:33:45
A&W Mall Galaxy,Single Deluxe Burger,Everything you need in a burger.,40.500,2025-07-04 21:33:45
A&W Mall Galaxy,NEW! Double Cheese Burger,NEW! Double Cheese Burger. Double the yums!,44.500,2025-07-04 21:33:45
A&W Mall Galaxy,Cheese Burger,"Nothing too fancy, just tasty.",34.500,2025-07-04 21:33:45
A&W Mall Galaxy,Beef Burger,Simply delicious!,25.500,2025-07-04 21:33:45
A&W Mall Galaxy,Fish Sandwich,100% Fish 100% Taste!,41.500,2025-07-04 21:33:45
A&W Mall Galaxy,Jumbo Chicken Sandwich,You can't go wrong with classics.,44.500,2025-07-04 21:33:45
A&W Mall Galaxy,NEW! Spicy Jumbo Chicken Sandwich,NEW! 100% thigh meat marinated with our signature spicy seasoning.,48.500,2025-07-04 21:33:45
A&W Mall Galaxy,Mango Chicken Pocket,AWesome in a pocket.,34.500,2025-07-04 21:33:45
A&W Mall Galaxy,Veggie Burger,Calling all veggie lovers.,46.500,2025-07-04 21:33:45
A&W Mall Galaxy,Blackpepper Mixbowl Chicken,Irresistible taste. Incredible value.,35.500,2025-07-04 21:33:45
A&W Mall Galaxy,Rice White,Indonesia's favourite!,13.500,2025-07-04 21:33:45
A&W Mall Galaxy,Chicken Soup,The only soup you'll ever need.,15.500,2025-07-04 21:33:45
A&W Mall Galaxy,Perkedel,"Homemade potato cake, just like mom's.",12.000,2025-07-04 21:33:45
A&W Mall Galaxy,Scrambled Eggs,Fluffy eggs. Perfect with everything.,17.500,2025-07-04 21:33:45
A&W Mall Galaxy,Sunny Egg,Egg-cellent choice!,12.000,2025-07-04 21:33:45
A&W Mall Galaxy,NEW! Spicy Chicken Chunks 4/8/12pcs,NEW! Fiery HOT Spicy Chicken Chunks 4pcs / 8pcs / 12pcs.,30.500,2025-07-04 21:33:45
A&W Mall Galaxy,NEW! Chicken Chunks 4/8/12pcs,Tender-lovin' Chicken Chunks 4pcs / 8pcs / 12pcs,28.500,2025-07-04 21:33:45
A&W Mall Galaxy,Chicken Strips (3pcs),100% Premium Chicken Breast.,32.500,2025-07-04 21:33:45
A&W Mall Galaxy,Curly Fries,A&W's signature fries. Made of 100% USDA potatoes.,31.000,2025-07-04 21:33:45
A&W Mall Galaxy,French Fries,Premium coated fries. Made of 100% USDA potatoes.,31.000,2025-07-04 21:33:45
A&W Mall Galaxy,Duo Fries,Double the fun! Made of 100% USDA potatoes.,59.000,2025-07-04 21:33:45
A&W Mall Galaxy,Chunks & Fries,Instant satisfaction!,33.500,2025-07-04 21:33:45
A&W Mall Galaxy,Chunks & Curly Fries,Instant satisfaction!,33.500,2025-07-04 21:33:45
A&W Mall Galaxy,Waffle & Chicken Strip,"Great taste, great value.",17.500,2025-07-04 21:33:45
A&W Mall Galaxy,Cheese Sauce,Cheese makes everything taste better!,4.500,2025-07-04 21:33:45
A&W Mall Galaxy,Mayo Sauce,Creamy classic goodness!,4.500,2025-07-04 21:33:45
A&W Mall Galaxy,Spicy Mayo Sauce,Mayo made hot with an addictive kick!,4.500,2025-07-04 21:33:45
A&W Mall Galaxy,Sesame Sauce,"Fragrant, flavorful, and savory.",4.500,2025-07-04 21:33:45
A&W Mall Galaxy,Sour Cream Sauce,"Tangy, fresh and balanced.",4.500,2025-07-04 21:33:45
A&W Mall Galaxy,Mango Sauce,Sweet and savory!,4.500,2025-07-04 21:33:45
A&W Mall Galaxy,RB,A&W's signature drink. Freshly made everyday! Taste the difference!,14.000,2025-07-04 21:33:45
A&W Mall Galaxy,RB Float,Signature RB topped with creamy vanilla soft serve.,21.000,2025-07-04 21:33:45
A&W Mall Galaxy,Lemon Tea,Made fresh in store daily. Refreshing till the last drop!,14.000,2025-07-04 21:33:45
A&W Mall Galaxy,Orange Juice,Goodness in a cup.,18.000,2025-07-04 21:33:45
A&W Mall Galaxy,Coke,N/A,14.000,2025-07-04 21:33:45
A&W Mall Galaxy,Fanta Strawberry,N/A,14.000,2025-07-04 21:33:45
A&W Mall Galaxy,Aqua,N/A,11.500,2025-07-04 21:33:45
A&W Mall Galaxy,ICED Hazelnut Macchiato 16,The perfect pick me up on a hot summer day! A rich and creamy coffee blended with aromatic notes of roasted hazelnut. Try it now!,32.500,2025-07-04 21:33:45
A&W Mall Galaxy,Iced Matcha Latte 16,Chilled. Smooth. Creamy. Matcha.,32.500,2025-07-04 21:33:45
A&W Mall Galaxy,Iced Chocolate 16,Take one for an instant pick-me-up!,32.500,2025-07-04 21:33:45
A&W Mall Galaxy,Premium Hot Tea 12,"Choice of: Green Tea, Jasmine or English Breakfast.",16.500,2025-07-04 21:33:45
A&W Mall Galaxy,Premium Hot Coffee 12,Premium special blend drip coffee.,24.500,2025-07-04 21:33:45
A&W Mall Galaxy,HOT Hazelnut Macchiato 12,A soul warming blend of rich and creamy coffee with aromatic notes of roasted hazelnut. Try it now!,24.500,2025-07-04 21:33:45
A&W Mall Galaxy,Hot Matcha Latte 12,Steamy. Smooth. Creamy. Matcha.,24.500,2025-07-04 21:33:45
A&W Mall Galaxy,Hot Chocolate 12,A balanced chocolate experience made to warm your soul.,24.500,2025-07-04 21:33:45
A&W Mall Galaxy,Waffle Regular - Ice Cream,"Crispy on the outside, fluffy on the inside. Served with a generous dose of vanilla softserve and chocolate/strawberry sauce",44.500,2025-07-04 21:33:45
A&W Mall Galaxy,Waffle Regular - Butter,"Crispy on the outside, fluffy on the inside. Served with premium butter and waffle syrup.",44.500,2025-07-04 21:33:45
A&W Mall Galaxy,Sundae,Choice of: Chocolate or Strawberry topping,16.500,2025-07-04 21:33:45
A&W Mall Galaxy,Mountain Sundae,Bigger is always better.,24.500,2025-07-04 21:33:45
A&W Mall Galaxy,Durian Balls Mountain Sundae,Extra Large Sundae with 2 Durian Balls. (Chocolate/Strawberry/Vanilla),32.500,2025-07-04 21:33:45
A&W Mall Galaxy,Durian Balls,4pcs Durian Balls. MUST TRY!,31.500,2025-07-04 21:33:45
A&W Mall Galaxy,Milkshake,"Choice of: Chocolate, Strawberry or Vanilla",26.500,2025-07-04 21:33:45
"Pizza Hut Ristorante, Galaxy Mall Dua",Garlic Bread,Roti Panggang dengan Mentega Beraroma Bawang Putih,35.000,2025-07-04 21:34:13
"Pizza Hut Ristorante, Galaxy Mall Dua",Cheese Rolls,Roti dengan Keju Mozzarella,42.000,2025-07-04 21:34:13
"Pizza Hut Ristorante, Galaxy Mall Dua",PAN Personal Pizza,1-2 pax,59.000,2025-07-04 21:34:13
"Pizza Hut Ristorante, Galaxy Mall Dua",Beef Lasagna,N/A,80.000,2025-07-04 21:34:13
"Pizza Hut Ristorante, Galaxy Mall Dua",Big Box,N/A,270.001,2025-07-04 21:34:13
"Pizza Hut Ristorante, Galaxy Mall Dua",Paket Special 1,"1 Pizza Personal Cheesy Bites, 1 Cheese Rolls 6 pcs dan 1 Coca Cola Cup. Pesan sekarang!",100.001,2025-07-04 21:34:13
"Pizza Hut Ristorante, Galaxy Mall Dua",Paket Special 2,"1 Pizza Personal Cheesy Bites, 1 Beef Lasagna dan 1 Coca Cola Cup. Pesan sekarang!",130.000,2025-07-04 21:34:13
"Pizza Hut Ristorante, Galaxy Mall Dua",My Box Pizza,Bisa pilih Pizza dengan 1 Snack dan 1 Minuman. Tersedia kombinasi menu untukmu. Pesan sekarang!,55.000,2025-07-04 21:34:13
"Pizza Hut Ristorante, Galaxy Mall Dua",My Box Pasta,Bisa pilih Pasta dengan 1 Snack dan 1 Minuman. Tersedia kombinasi menu untukmu. Pesan sekarang!,55.000,2025-07-04 21:34:13
"Pizza Hut Ristorante, Galaxy Mall Dua",My Box Special Pizza,Bisa pilih Pizza dengan 1 Snack dan 1 Minuman. Tersedia kombinasi menu untukmu. Pesan sekarang!,70.001,2025-07-04 21:34:13
"Pizza Hut Ristorante, Galaxy Mall Dua",My Box Healthy Pizza,"Bisa pilih Pizza dengan 1 Snack, 1 Salad dan 1 Minuman. Tersedia kombinasi menu untukmu. Pesan sekarang!",80.001,2025-07-04 21:34:13
"Pizza Hut Ristorante, Galaxy Mall Dua",My Box Duo Pizza,Bisa pilih 2 Pizza dengan 2 Snack dan 2 Minuman. Tersedia kombinasi menu untukmu. Pesan sekarang!,84.000,2025-07-04 21:34:13
"Pizza Hut Ristorante, Galaxy Mall Dua",My Box Duo Pasta,Bisa pilih 2 Pasta dengan 2 Snack dan 2 Minuman. Tersedia kombinasi menu untukmu. Pesan sekarang!,84.000,2025-07-04 21:34:13
"Pizza Hut Ristorante, Galaxy Mall Dua",My Box Duo Special Pizza,Bisa pilih 2 Pizza dengan 2 Snack dan 2 Minuman. Tersedia kombinasi menu untukmu. Pesan sekarang!,114.000,2025-07-04 21:34:13
"Pizza Hut Ristorante, Galaxy Mall Dua",My Box Duo Healthy Pizza,"Bisa pilih 2 Pizza dengan 2 Snack, 2 Salad dan 2 Minuman. Tersedia kombinasi menu untukmu. Pesan sekarang!",135.001,2025-07-04 21:34:13
"Pizza Hut Ristorante, Galaxy Mall Dua",Melts Pizza,"Cheesy, Crispy, Loaded. Pizza Baru topping Seru Langsung Melts and Go! Pesan sekarang.",66.000,2025-07-04 21:34:13
"Pizza Hut Ristorante, Galaxy Mall Dua",Big Box,"Makin puas buat rame-rame dengan menu lengkap Pizza, Pasta, dan Appetizer. Pesan sekarang!",270.001,2025-07-04 21:34:13
"Pizza Hut Ristorante, Galaxy Mall Dua",QU4RTZA,"1 Pizza-nya, 4 Topping-nya, Banyak cuan-nya! Pesan sekarang.",159.001,2025-07-04 21:34:13
"Pizza Hut Ristorante, Galaxy Mall Dua",L1MO Pizza,"L1MO Pizza dengan Topping Tuna Melt, Meat Lovers dan Super Supreme. Pesan sekarang!",342.001,2025-07-04 21:34:13
"Pizza Hut Ristorante, Galaxy Mall Dua",L1MO 6 Topping,L1mo baru lebih seru bisa dinikmati hingga 10 orang. Pesan sekarang!,362.000,2025-07-04 21:34:13
"Pizza Hut Ristorante, Galaxy Mall Dua",Double Box Regular,Selalu Lebih Hemat. Bisa pilih 2 pizza dengan topping kesukaanmu. Beli sekarang!,211.000,2025-07-04 21:34:13
"Pizza Hut Ristorante, Galaxy Mall Dua",Double Box Large,Pizza kesukaanmu tersedia ukuran Large dengan 8 potongan yang lebih mengenyangkan. Ayo pesan sekarang!,273.000,2025-07-04 21:34:13
"Pizza Hut Ristorante, Galaxy Mall Dua",Sweet Melts,"Heavenly, Crispy, Loaded. Pizza Baru dengan Topping Manis, Langsung Melts and Go! Pesan Sekarang!",45.001,2025-07-04 21:34:13
"Pizza Hut Ristorante, Galaxy Mall Dua",Big Box Bites Superman,Spesial Box Superman. Menu lengkap dengan regular pizza topping favorit lengkap dengan 5 snack asin manis yang nikmat Gratis Coca Cola 1 Liter. Pesan sekarang!,207.000,2025-07-04 21:34:13
"Pizza Hut Ristorante, Galaxy Mall Dua",Cheese Rizz Personal Pizza,"Real Cheese inside, outside, top side, on the side, on all sides!",85.000,2025-07-04 21:34:13
"Pizza Hut Ristorante, Galaxy Mall Dua",Cheese Rizz Regular Pizza,"Real Cheese inside, outside, top side, on the side, on all sides!",184.000,2025-07-04 21:34:13
"Pizza Hut Ristorante, Galaxy Mall Dua",Cheese Rizz Large Pizza,"Real Cheese inside, outside, top side, on the side, on all sides!",246.001,2025-07-04 21:34:13
"Pizza Hut Ristorante, Galaxy Mall Dua",Cheese Rizz Double Box Regular,Bisa pilih 1 Regular Pizza Cheese Rizz dengan 1 Pan Pizza Regular. Pesan sekarang!,261.000,2025-07-04 21:34:13
"Pizza Hut Ristorante, Galaxy Mall Dua",Cheese Rizz QU4RTZA,"1 Pizza-nya, 4 Topping-nya, Banyak cuan-nya, Luber Kejunya, Pecah Rasanya. Pesan Sekarang!",234.001,2025-07-04 21:34:13
"Pizza Hut Ristorante, Galaxy Mall Dua",Value Bundle Cheese Rizz,1 Personal Pizza Cheese Rizz + 1 Drink,77.000,2025-07-04 21:34:13
"Pizza Hut Ristorante, Galaxy Mall Dua",Cheese Overflow Personal Pizza,"Personal Pizza Cheese Overflow. Luber Kejunya, Pecah Rasanya. Pesan Sekarang!",69.001,2025-07-04 21:34:13
"Pizza Hut Ristorante, Galaxy Mall Dua",Cheese Overflow Regular Pizza,"Regular Pizza Cheese Overflow. Luber Kejunya, Pecah Rasanya. Pesan Sekarang!",157.001,2025-07-04 21:34:13
"Pizza Hut Ristorante, Galaxy Mall Dua",Cheese Overflow Large Pizza,"Large Pizza Cheese Overflow. Luber Kejunya, Pecah Rasanya. Pesan Sekarang!",207.000,2025-07-04 21:34:13
"Pizza Hut Ristorante, Galaxy Mall Dua",Cheese Overflow Pasta,"Pasta Cheese Overflow. Luber Kejunya, Pecah Rasanya. Pesan Sekarang!",85.000,2025-07-04 21:34:13
"Pizza Hut Ristorante, Galaxy Mall Dua",Cheese Overflow Double Box Regular,Bisa pilih 1 Pizza Regular Cheese Overflow dengan 1 Pan Pizza Regular. Pesan sekarang!,236.001,2025-07-04 21:34:13
"Pizza Hut Ristorante, Galaxy Mall Dua",HandcraftedArtisan Regular Pizza,3-4 pax,158.000,2025-07-04 21:34:13
"Pizza Hut Ristorante, Galaxy Mall Dua",PAN Regular Pizza,3-4 pax,129.000,2025-07-04 21:34:13
"Pizza Hut Ristorante, Galaxy Mall Dua",PAN Personal Pizza,1-2 pax,59.000,2025-07-04 21:34:13
"Pizza Hut Ristorante, Galaxy Mall Dua",PAN Large Pizza,4-5 pax,170.000,2025-07-04 21:34:13
"Pizza Hut Ristorante, Galaxy Mall Dua",Creamy Truffle,"Pasta Penne, Sosis Beef Chorizo, Bayam, Saus Alfredo dan Truffle Oil",87.000,2025-07-04 21:34:13
"Pizza Hut Ristorante, Galaxy Mall Dua",Salmon Aglio Olio,"Pasta Spaghetti, Cabai, Paprika Hijau, Bawang Putih dengan Salmon Panggang",95.000,2025-07-04 21:34:13
"Pizza Hut Ristorante, Galaxy Mall Dua",Beef Spaghetti,"Pasta Spaghetti, Daging Sapi Cincang, Saus Tomat dan Keju Cheddar",77.000,2025-07-04 21:34:13
"Pizza Hut Ristorante, Galaxy Mall Dua",Creamy Beef Classic Fettuccine,"Pasta Fettuccine, Daging Sapi Asap, Jamur dan Saus Krim",77.000,2025-07-04 21:34:13
"Pizza Hut Ristorante, Galaxy Mall Dua",Creamy Chicken Classic Fettuccine,"Pasta Fettuccine, Daging Ayam Asap, Jamur dan Saus Krim",77.000,2025-07-04 21:34:13
"Pizza Hut Ristorante, Galaxy Mall Dua",Beef Lasagna,"Pasta Lasagna Panggang, Daging Sapi Cincang dan Saus Krim Putih",80.000,2025-07-04 21:34:13
"Pizza Hut Ristorante, Galaxy Mall Dua",Cheese Beef Fusilli,"Pasta Fusilli Panggang, Saus Keju Cheddar dan Beef Bits",77.000,2025-07-04 21:34:13
"Pizza Hut Ristorante, Galaxy Mall Dua",Oriental Chicken Rice,"Nasi, Ayam Panggang, Saus Oriental",64.000,2025-07-04 21:34:13
"Pizza Hut Ristorante, Galaxy Mall Dua",Meatballs Beef Mushroom Sauce,"Nasi, Bola Daging Sapi, Saus Daging Sapi Cincang, Jamur",64.000,2025-07-04 21:34:13
"Pizza Hut Ristorante, Galaxy Mall Dua",Puff Pastry Mushroom Cream Soup,Sup Krim Jamur dan Puff Pastry,39.001,2025-07-04 21:34:13
"Pizza Hut Ristorante, Galaxy Mall Dua",Wingstreet,Sayap Original Ayam berbalut tepung Krispi,57.000,2025-07-04 21:34:13
"Pizza Hut Ristorante, Galaxy Mall Dua",New Orleans Chicken Wings,Sayap Ayam Panggang dengan Bumbu khas New Orleans,53.000,2025-07-04 21:34:13
"Pizza Hut Ristorante, Galaxy Mall Dua",Chicken Royale,"Chicken Stick,Chicken Popcorn,Potato Wedges dan Garlic Bread",52.000,2025-07-04 21:34:13
"Pizza Hut Ristorante, Galaxy Mall Dua",Chicken Dip,Daging Ayam berbalut Tepung Krispi dan Saus Celup Garlic Butter,53.000,2025-07-04 21:34:13
"Pizza Hut Ristorante, Galaxy Mall Dua",Deluxe Beef Bruschetta,"Daging Sapi Asap, Jagung, Onion dan Saus Thousand Island",37.000,2025-07-04 21:34:13
"Pizza Hut Ristorante, Galaxy Mall Dua",Cheese Rolls,Roti dengan Keju Mozzarella,42.000,2025-07-04 21:34:13
"Pizza Hut Ristorante, Galaxy Mall Dua",Garlicheese Bread,Roti Panggang dengan Bumbu Bawang Putih dan Keju Mozzarella,37.000,2025-07-04 21:34:13
"Pizza Hut Ristorante, Galaxy Mall Dua",Potato Wedges,Kentang Panggang dengan Bumbu Special,35.000,2025-07-04 21:34:13
"Pizza Hut Ristorante, Galaxy Mall Dua",Garlic Bread,Roti Panggang dengan Mentega Beraroma Bawang Putih,35.000,2025-07-04 21:34:13
"Pizza Hut Ristorante, Galaxy Mall Dua",Fresh Salad,Pilihan Sayuran dan Buah-Buahan Segar Setiap Hari dengan Saus Pilihan Sebagai Pendampingnya,60.000,2025-07-04 21:34:13
"Pizza Hut Ristorante, Galaxy Mall Dua",2 Fresh Juice 500ml,Pilihan Juice Segar. Pesan Sekarang !,72.001,2025-07-04 21:34:13
"Pizza Hut Ristorante, Galaxy Mall Dua",Orange Juice,Orange Juice,40.000,2025-07-04 21:34:13
"Pizza Hut Ristorante, Galaxy Mall Dua",Coca Cola,Coca Cola,34.000,2025-07-04 21:34:13
"Pizza Hut Ristorante, Galaxy Mall Dua",Sprite,Sprite,34.000,2025-07-04 21:34:13
"Pizza Hut Ristorante, Galaxy Mall Dua",Frestea,Frestea,34.000,2025-07-04 21:34:13
"Pizza Hut Ristorante, Galaxy Mall Dua",Blue Ocean,"Soda Bluberi, Sirup Mangga dan Biji Selasih",45.000,2025-07-04 21:34:13
"Pizza Hut Ristorante, Galaxy Mall Dua",Winter Punch,"Buah Leci, Nata de Coco, Biji Selasih, Sirup Leci dan Lemon Tea",48.000,2025-07-04 21:34:13
"Pizza Hut Ristorante, Galaxy Mall Dua",Tropical Punch,"Buah Peach, Nata de Coco, Semangka, Biji Selasih, Sirup Mangga dan Lemon Tea",48.000,2025-07-04 21:34:13
"Pizza Hut Ristorante, Galaxy Mall Dua",Lychee Spring,"Yakult, Sirup Leci dan Potongan Buah Leci",44.000,2025-07-04 21:34:13
"Pizza Hut Ristorante, Galaxy Mall Dua",Coca Cola 1 Liter,Coca-Cola 1 Liter,38.000,2025-07-04 21:34:13
"Pizza Hut Ristorante, Galaxy Mall Dua",Vanilla Milkshake,Susu Segar dan Es Krim Vanila,43.000,2025-07-04 21:34:13
"Pizza Hut Ristorante, Galaxy Mall Dua",Chocolate Milkshake,Susu Segar dan Es Krim Cokelat,43.000,2025-07-04 21:34:13
"Pizza Hut Ristorante, Galaxy Mall Dua",Strawberry Milkshake,Susu Segar dan Es Krim Stroberi,43.000,2025-07-04 21:34:13
"Pizza Hut Ristorante, Galaxy Mall Dua",Aqua Bottle,Aqua Botol,21.000,2025-07-04 21:34:13
"Pizza Hut Ristorante, Galaxy Mall Dua",Paket Meeting 1,"Terdiri dari 1 L1MO 6 Topping, 1 Pasta Beef Spaghetti, 1 Oriental Chicken Rice, 1 New Orleans Chicken Wings, 1 Cheese Rolls, 1 Beef Bruschetta, 1 Garlic Bread dan 1 Coca Cola 1L",595.001,2025-07-04 21:34:13
"Pizza Hut Ristorante, Galaxy Mall Dua",Paket Meeting 2,"Terdiri dari 1 L1MO Pizza, 1 Cheesy Bites Pizza Regular, 1 New Orleans Chicken Wings, 1 Chicken Royale, 2 Garlic Bread, 1 Beef Bruschetta, 1 Cheese Roll dan 1 Coca-Cola 1L",705.001,2025-07-04 21:34:13
"Pizza Hut Ristorante, Galaxy Mall Dua",Paket Resign,"Terdiri dari 2 L1MO 6 Topping, 1 New Orleans Chicken Wings, 1 Beef Bruschetta, 3 Garlic Bread, 1 Cheese Roll dan 1 Coca-Cola 1L",815.001,2025-07-04 21:34:13
"Spesial Belut Surabaya, Kapas Krampung",Nasi + Belut + Tahu/Tempe,N/A,48.000,2025-07-04 21:34:44
"Spesial Belut Surabaya, Kapas Krampung",Ayam Penyet,N/A,34.000,2025-07-04 21:34:44
"Spesial Belut Surabaya, Kapas Krampung",Nasi + Ayam Kampung + Tahu/Tempe,N/A,40.000,2025-07-04 21:34:44
"Spesial Belut Surabaya, Kapas Krampung",Pecel Belut Biasa,N/A,39.000,2025-07-04 21:34:44
"Spesial Belut Surabaya, Kapas Krampung",Pecel Belut Kering,N/A,39.000,2025-07-04 21:34:44
"Spesial Belut Surabaya, Kapas Krampung",Nasi + Bebek + Tahu/Tempe,N/A,45.000,2025-07-04 21:34:44
"Spesial Belut Surabaya, Kapas Krampung",Es Jeruk Manis,Es Jeruk Manis,8.000,2025-07-04 21:34:44
"Spesial Belut Surabaya, Kapas Krampung",Promo Ber 3,3 PENYETAN BELUT + 3 PILIH NASI / MINUMAN,125.000,2025-07-04 21:34:44
"Spesial Belut Surabaya, Kapas Krampung",Nasi + Belut + Tahu/Tempe,Nasi + Belut + Tahu/Tempe + Sambal + Lalapan,48.000,2025-07-04 21:34:44
"Spesial Belut Surabaya, Kapas Krampung",Nasi + Ayam Kampung + Tahu/Tempe,Nasi + Ayam Kampung + Tahu/Tempe + Sambal + Lalapan,40.000,2025-07-04 21:34:44
"Spesial Belut Surabaya, Kapas Krampung",Nasi + Lele + Tahu/Tempe,Nasi + Lele 2pcs + Tahu/Tempe + Sambal + Lalapan,34.000,2025-07-04 21:34:44
"Spesial Belut Surabaya, Kapas Krampung",Nasi + Bebek + Tahu/Tempe,Nasi + Bebek + Tahu/Tempe + Sambal + Lalapan,45.000,2025-07-04 21:34:44
"Spesial Belut Surabaya, Kapas Krampung",Pecel Belut Elek Basah,"Belut digoreng basah, dimasak dengan bumbu spesial dan disajikan dengan sambal terasi, bawang putih goreng dan lalapan",39.000,2025-07-04 21:34:44
"Spesial Belut Surabaya, Kapas Krampung",Pecel Belut Elek Biasa,"Belut digoreng biasa, dimasak dengan bumbu spesial dan disajikan dengan sambal terasi, bawang putih goreng dan lalapan",39.000,2025-07-04 21:34:44
"Spesial Belut Surabaya, Kapas Krampung",Pecel Belut Elek Kering,"Belut digoreng kering, dimasak dengan bumbu spesial dan disajikan dengan sambal terasi, bawang putih goreng dan lalapan",39.000,2025-07-04 21:34:44
"Spesial Belut Surabaya, Kapas Krampung",Pecel Belut Basah,"Belut digoreng basah, disajikan dengan sambal terasi, bawang putih goreng dan lalapan",39.000,2025-07-04 21:34:44
"Spesial Belut Surabaya, Kapas Krampung",Pecel Belut Biasa,"Belut digoreng biasa, disajikan dengan sambal terasi, bawang putih goreng dan lalapan",39.000,2025-07-04 21:34:44
"Spesial Belut Surabaya, Kapas Krampung",Pecel Belut Kering,"Belut digoreng kering, disajikan dengan sambal terasi, bawang putih goreng dan lalapan",39.000,2025-07-04 21:34:44
"Spesial Belut Surabaya, Kapas Krampung",Belut Saos Inggris,Belut goreng disiram dengan saos inggris,41.000,2025-07-04 21:34:44
"Spesial Belut Surabaya, Kapas Krampung",Belut Asam Manis,Belut Dimasak Dengan Saos Asam Manis,41.000,2025-07-04 21:34:44
"Spesial Belut Surabaya, Kapas Krampung",Belut Saos Lada Hitam,Belut goreng disiram dengan saos lada hitam,41.000,2025-07-04 21:34:44
"Spesial Belut Surabaya, Kapas Krampung",Pecel Belut Basah Tanpa Cobek,N/A,38.000,2025-07-04 21:34:44
"Spesial Belut Surabaya, Kapas Krampung",Pecel Belut Biasa Tanpa Cobek,N/A,38.000,2025-07-04 21:34:44
"Spesial Belut Surabaya, Kapas Krampung",Pecel Belut Kering Tanpa Cobek,N/A,38.000,2025-07-04 21:34:44
"Spesial Belut Surabaya, Kapas Krampung",Pecel Belut Elek Basah Tanpa Cobek,N/A,38.000,2025-07-04 21:34:44
"Spesial Belut Surabaya, Kapas Krampung",Pecel Belut Elek Biasa Tanpa Cobek,N/A,38.000,2025-07-04 21:34:44
"Spesial Belut Surabaya, Kapas Krampung",Pecel Belut Elek Kering Tanpa Cobek,N/A,38.000,2025-07-04 21:34:44
"Spesial Belut Surabaya, Kapas Krampung",Ayam Penyet,Ayam kampung goreng disajikan dengan sambal terasi dan lalapan,34.000,2025-07-04 21:34:44
"Spesial Belut Surabaya, Kapas Krampung",Bebek Goreng,Bebek goreng disajikan dengan sambal terasi dan lalapan,39.000,2025-07-04 21:34:44
"Spesial Belut Surabaya, Kapas Krampung",Nasi Putih,N/A,8.000,2025-07-04 21:34:44
"Spesial Belut Surabaya, Kapas Krampung",Lele Penyet,Lele goreng 2pcs  disajikan dengan sambal terasi dan lalapan,30.000,2025-07-04 21:34:44
"Spesial Belut Surabaya, Kapas Krampung",Tahu Penyet,Tahu goreng disajikan dengan sambal terasi dan lalapan,16.000,2025-07-04 21:34:44
"Spesial Belut Surabaya, Kapas Krampung",Tempe Penyet,Tempe goreng disajikan dengan sambal terasi dan lalapan,16.000,2025-07-04 21:34:44
"Spesial Belut Surabaya, Kapas Krampung",Telur Penyet,Telur goreng disajikan dengan sambal terasi dan lalapan,23.000,2025-07-04 21:34:44
"Spesial Belut Surabaya, Kapas Krampung",Terong Penyet,Terong goreng disajikan dengan sambal terasi dan lalapan,16.000,2025-07-04 21:34:44
"Spesial Belut Surabaya, Kapas Krampung",Bawang Putih Goreng,Bawang Puting digoreng kering,17.000,2025-07-04 21:34:44
"Spesial Belut Surabaya, Kapas Krampung",Cah Kangkung,N/A,16.000,2025-07-04 21:34:44
"Spesial Belut Surabaya, Kapas Krampung",Kerupuk Putih,Kerupuk Putih 4pcs,7.000,2025-07-04 21:34:44
"Spesial Belut Surabaya, Kapas Krampung",Es Sinom,N/A,12.000,2025-07-04 21:34:44
"Spesial Belut Surabaya, Kapas Krampung",Es Beras Kencur,N/A,12.000,2025-07-04 21:34:44
"Spesial Belut Surabaya, Kapas Krampung",Air Mineral 600ml,N/A,8.000,2025-07-04 21:34:44
"Spesial Belut Surabaya, Kapas Krampung",Teh Manis,N/A,8.000,2025-07-04 21:34:44
"Spesial Belut Surabaya, Kapas Krampung",Es Teh Manis,N/A,9.000,2025-07-04 21:34:44
"Spesial Belut Surabaya, Kapas Krampung",Teh Tawar Hangat,N/A,7.000,2025-07-04 21:34:44
"Spesial Belut Surabaya, Kapas Krampung",Es Teh Tawar,N/A,8.000,2025-07-04 21:34:44
"Spesial Belut Surabaya, Kapas Krampung",Jeruk Manis hangat,N/A,11.000,2025-07-04 21:34:44
"Spesial Belut Surabaya, Kapas Krampung",Es Jeruk Manis,N/A,12.000,2025-07-04 21:34:44
"Spesial Belut Surabaya, Kapas Krampung",Jeruk Nipis Hangat,N/A,11.000,2025-07-04 21:34:44
"Spesial Belut Surabaya, Kapas Krampung",Es Jeruk Nipis,N/A,12.000,2025-07-04 21:34:44
"Warung Sasak, Mulyosari",Nasi Ayam Plecing Super Pedas,N/A,26.000,2025-07-04 21:35:15
"Warung Sasak, Mulyosari",Nasi Ayam Plecing Campur Ayam Level Sedang,N/A,26.000,2025-07-04 21:35:15
"Warung Sasak, Mulyosari",Ayam Plecing Campur Puyung+Es Teh Jumbo,N/A,30.000,2025-07-04 21:35:15
"Warung Sasak, Mulyosari",Nasi Ayam Plecing Super Pedas,"Nasi, Ayam suwir, Ebi, Telor dadar, Mentimun",26.000,2025-07-04 21:35:15
"Warung Sasak, Mulyosari",Nasi Puyung Level Sedang,"Nasi, Ayam suwir, Ebi, Telor dadar, Mentimun",25.000,2025-07-04 21:35:15
"Warung Sasak, Mulyosari",Nasi Ayam Plecing Campur Ayam Level Sedang,"Nasi, Ayam suwir, Ebi, Telor dadar, Mentimun",26.000,2025-07-04 21:35:15
"Warung Sasak, Mulyosari",Nasi Ayam Plecing Special Telor Mata Sapi,"Nasi putih, ayam plecing suwir, telor mata sapi, udang ebi dan timun",28.000,2025-07-04 21:35:15
"Warung Sasak, Mulyosari",Nasi Balap Puyung Special Telor Mata Sapi,"Nasi putih, ayam suwir sedang / biasa, telor mata sapi, udang ebi dan timun",27.000,2025-07-04 21:35:15
"Warung Sasak, Mulyosari",Ayam Plecing Campur Puyung+Es Teh Jumbo,N/A,30.000,2025-07-04 21:35:15
"Warung Sasak, Mulyosari",kulit ayam crispy,kriyuuuk tidak pedas,24.000,2025-07-04 21:35:15
"Warung Sasak, Mulyosari",Krupuk Amplang Kuku Macan,N/A,26.000,2025-07-04 21:35:15
"Kebab Turki Baba Rafi, Mulyosari",Kebab Sapi Original,Kebab daging sapi olahan & lettuce segar dibungkus dengan tortilla original yang lembut dan dipadukan dengan bumbu rahasia yang lezat,27.000,2025-07-04 21:35:42
"Kebab Turki Baba Rafi, Mulyosari",Kebab Sapi Black,Kebab daging sapi olahan & lettuce segar dibungkus dengan tortilla hitam yang lembut dan dipadukan dengan bumbu rahasia yang lezat,27.000,2025-07-04 21:35:42
"Kebab Turki Baba Rafi, Mulyosari",Signature Smoked Kebab,"Kebab spesial dengan daging sapi asap, telur, dan lelehan saus khas yang lezat. Dijamin puas!",35.000,2025-07-04 21:35:42
"Kebab Turki Baba Rafi, Mulyosari",Kebab Sapi Original,N/A,27.000,2025-07-04 21:35:42
"Kebab Turki Baba Rafi, Mulyosari",Signature Smoked Kebab,N/A,35.000,2025-07-04 21:35:42
"Kebab Turki Baba Rafi, Mulyosari",Kebab Sapi Ori Klasik,Porsi pas kebab daging sapi olahan & lettuce segar dan dipadukan dengan bumbu rahasia yang lezat,23.000,2025-07-04 21:35:42
"Kebab Turki Baba Rafi, Mulyosari",Kebab Sapi Black Klasik,Porsi pas kebab daging sapi olahan & lettuce segar dan dipadukan dengan bumbu rahasia yang lezat,23.000,2025-07-04 21:35:42
"Kebab Turki Baba Rafi, Mulyosari",Canai Cokelat Keju,Lembutnya roti canai dipadukan dengan coklat dan parutan keju,20.000,2025-07-04 21:35:42
"Kebab Turki Baba Rafi, Mulyosari",Kebab Sosis Sapi,Kebab dengan isian sosis sapi dibungkus dengan tortilla original yang lembut & lezat,25.000,2025-07-04 21:35:42
"Kebab Turki Baba Rafi, Mulyosari",Kebab Chijeu,Kebab sapi ekstra keju tanpa sayur dibungkus dengan tortilla original yang lembut & lezat,27.000,2025-07-04 21:35:42
"Kebab Turki Baba Rafi, Mulyosari",Kebab Sapi Original,Kebab daging sapi olahan & lettuce segar dibungkus dengan tortilla original yang lembut dan dipadukan dengan bumbu rahasia yang lezat,27.000,2025-07-04 21:35:42
"Kebab Turki Baba Rafi, Mulyosari",Kebab Sapi Black,Kebab daging sapi olahan & lettuce segar dibungkus dengan tortilla hitam yang lembut dan dipadukan dengan bumbu rahasia yang lezat,27.000,2025-07-04 21:35:42
"Kebab Turki Baba Rafi, Mulyosari",Syawarma,"Daging sapi olahan, lettuce, potongan tomat, onion dibungkus dalam long bread dengan topping saus mayonnaise",25.000,2025-07-04 21:35:42
"Kebab Turki Baba Rafi, Mulyosari",Roti Canai,"Roti canai dengan pilihan rasa khas yang gurih variant original, oreo dan cokelat keju",16.000,2025-07-04 21:35:42
"Kebab Turki Baba Rafi, Mulyosari",Burger,"Daging burger variant ayam,crispy dan patty dengan potongan kyuri dan tomat, daun lettuce segar, onion & saus mayonnaise",25.000,2025-07-04 21:35:42
"Kebab Turki Baba Rafi, Mulyosari",Signature Smoked Kebab,"Kebab spesial dengan daging sapi asap, telur, dan lelehan saus khas yang lezat. Dijamin puas!",35.000,2025-07-04 21:35:42
"Kebab Turki Baba Rafi, Mulyosari",Meiriah 2,Paket 1 Kebab Sapi Ori+ 1 Kebab Chijeu,59.000,2025-07-04 21:35:42
"Kebab Turki Baba Rafi, Mulyosari",Meiriah 3,Paket 1 Kebab Sapi Ori Klasik + 1 Canai Coklat Keju,45.000,2025-07-04 21:35:42
"Kebab Turki Baba Rafi, Mulyosari",Baba Hemat 1,Paket 1 Kebab Sapi Ori + 1 Canai Coklat Keju + 1 Air Mineral/Teh Kemasan (Teh Pucuk Harum/Javana),54.000,2025-07-04 21:35:42
"Kebab Turki Baba Rafi, Mulyosari",Baba Hemat 2,Paket 1 Kebab Sapi Ori + 1 Kebab Sapi Ori/Kebab Chijeu + 2 Air Mineral/Teh Kemasan (Teh Pucuk Harum/Javana),83.000,2025-07-04 21:35:42
"Kebab Turki Baba Rafi, Mulyosari",Baba Hemat 3,Paket 2 Kebab Sapi Ori + 1 Kebab Chijeu/Kebab Sapi Ori + 2 Air Mineral/Teh Kemasan (Teh Pucuk Harum/Javana),94.000,2025-07-04 21:35:42
"Kebab Turki Baba Rafi, Mulyosari",Teh Dalam Kemasan,Teh segar dalam kemasan merk Teh Pucuk Harum/ Teh Javana 350ml,7.000,2025-07-04 21:35:42
"Kebab Turki Baba Rafi, Mulyosari",Air Mineral,Air Mineral segar dalam kemasan merk Le Mineralle/Cheers 600ml,7.000,2025-07-04 21:35:42
"Tahu & Ronde Kitty, Mulyosari",Tahu Telor,N/A,29.000,2025-07-04 21:36:09
"Tahu & Ronde Kitty, Mulyosari",Tahu Crispy,N/A,17.000,2025-07-04 21:36:09
"Tahu & Ronde Kitty, Mulyosari",Ronde Taiwan,N/A,28.000,2025-07-04 21:36:09
"Tahu & Ronde Kitty, Mulyosari",Tahu Pong,N/A,17.000,2025-07-04 21:36:09
"Tahu & Ronde Kitty, Mulyosari",Angsle,N/A,28.000,2025-07-04 21:36:09
"Tahu & Ronde Kitty, Mulyosari",Tahu Telor,Tahu tek plus telor,29.000,2025-07-04 21:36:09
"Tahu & Ronde Kitty, Mulyosari",Tahu Kipas,Tahu goreng polos bentuk kipas dengan bumbu petis,17.000,2025-07-04 21:36:09
"Tahu & Ronde Kitty, Mulyosari",Tahu Tek,"Lontong, kentang,  Tahu goreng setengah matang disajikan dengan bumbu ulek kacang petis plus krupuk",29.000,2025-07-04 21:36:09
"Tahu & Ronde Kitty, Mulyosari",Tahu Crispy,Tahu goreng tepung gurih dan renyah Plus bumbu petis,17.000,2025-07-04 21:36:09
"Tahu & Ronde Kitty, Mulyosari",Tahu Pong,Tahu polos goreng biasa tanpa tepung plus bumbu petis,17.000,2025-07-04 21:36:09
"Tahu & Ronde Kitty, Mulyosari",Tahu Popcorn,Tahu dipotong dadu kecil digoreng tepung renyah dan gurih plus bumbu sambel,17.000,2025-07-04 21:36:09
"Tahu & Ronde Kitty, Mulyosari",Tahu Gejrot,Tahu digoreng dihidangkan dengan disiram kuah asin manis dan gurih. Dengan tingkat kepedasan bisa diatur.,22.000,2025-07-04 21:36:09
"Tahu & Ronde Kitty, Mulyosari",Krupuk Tahu Telor / Tek,Krupuk tambahan buat tahu telor / tek bagi yang mau beli,5.000,2025-07-04 21:36:09
"Tahu & Ronde Kitty, Mulyosari",Tau Wa,Kembang tahu dengan kuah jahe disajikan hangat,20.000,2025-07-04 21:36:09
"Tahu & Ronde Kitty, Mulyosari",Kacang Kuah,Kacang presto disajikan dengan kacang hijau kupas + cakue dengan kuah manis.,20.000,2025-07-04 21:36:09
"Tahu & Ronde Kitty, Mulyosari",Ronde Taiwan,Ronde isi 5 biji disajikan dengan kuah jahe hangat,28.000,2025-07-04 21:36:09
"Tahu & Ronde Kitty, Mulyosari",Ronde Campur Tauwa,Ronde 2 biji plus tauwa dan jahe hangat,28.000,2025-07-04 21:36:09
"Tahu & Ronde Kitty, Mulyosari",Ronde Campur,"Ronde isi 3 biji plus degan, kolang kaling dan kacang disajikan dengan kuah jahe hangat",28.000,2025-07-04 21:36:09
"Tahu & Ronde Kitty, Mulyosari",Angsle,"Degan,  kolang kaling,  kacang ijo,  kacang,  petulo,  ketan,  roti dengan kuah santan disajikan hangat",28.000,2025-07-04 21:36:09
"HokBen, Galaxy Mall",Promo 4 Hoka Hemat,Hoka Hemat 2 + Hoka Hemat 2 + Hoka Hemat 3 + Hoka Hemat 4,109.000,2025-07-04 21:36:45
"HokBen, Galaxy Mall",Promo 4 Simple Set Teriyaki,Simple Set Teriyaki 1 + Simple Set Teriyaki 2 + Simple Set Yakiniku 1 + Simple Set Yakiniku 2,168.500,2025-07-04 21:36:45
"HokBen, Galaxy Mall",MPL Hot Deals 1,1 pc HokBen fried chicken (paha/sayap) + nasi,27.500,2025-07-04 21:36:45
"HokBen, Galaxy Mall",MPL Hot Deals 2,1 pc HokBen fried chicken (paha/sayap) + nasi + lemon tea,40.500,2025-07-04 21:36:45
"HokBen, Galaxy Mall",MPL Hoka Hemat 2 + Lemon Tea,Hoka hemat 2 + lemon tea,31.000,2025-07-04 21:36:45
"HokBen, Galaxy Mall",MPL Hoka Hemat 3 + Lemon Tea,Hoka hemat 3 + lemon tea,31.000,2025-07-04 21:36:45
"HokBen, Galaxy Mall",MPL Hoka Hemat 4 + Lemon Tea,Hoka hemat 4 + lemon tea,31.000,2025-07-04 21:36:45
"HokBen, Galaxy Mall",MPL Hoka Hemat 1 + Lemon Tea,Hoka hemat 1 + lemon tea,31.000,2025-07-04 21:36:45
"HokBen, Galaxy Mall",Paket Bundling Ber-2,1 porsi hoka hemat 2 + 1 porsi hoka hemat 3 + 1 porsi beef teriyaki + 2 ocha,96.000,2025-07-04 21:36:45
"HokBen, Galaxy Mall",Paket Bundling Ber-3,1 porsi egg chicken roll + 1 porsi chicken teriyaki + 1 porsi beef yakiniku + 3 pcs fried dumpling + 3 nasi + 3 ocha,125.500,2025-07-04 21:36:45
"HokBen, Galaxy Mall",Paket Bundling Ber-4,1 porsi hoka hemat 2 + 1 porsi hoka hemat 3 + 1 porsi simple set teriyaki 1 + 1 porsi simple set teriyaki 2 + 2 clear soup + 4 ocha,147.500,2025-07-04 21:36:45
"HokBen, Galaxy Mall",Bundling HokBen Fried Chicken Ber-2,2 pcs HokBen fried chicken (besar + kecil) + 2 nasi + 2 cold ocha,60.000,2025-07-04 21:36:45
"HokBen, Galaxy Mall",Bundling HokBen Fried Chicken Ber-3,3 pcs HokBen fried chicken (1 besar + 2 kecil) + 3 nasi + 3 cold ocha,85.500,2025-07-04 21:36:45
"HokBen, Galaxy Mall",Bundling HokBen Fried Chicken Ber-4,4 pcs HokBen fried chicken (2 besar + 2 kecil) + 4 nasi + 4 cold ocha,107.000,2025-07-04 21:36:45
"HokBen, Galaxy Mall",Super Bowl Beef + Egg Chicken Roll,Beef teriyaki/beef yakiniku + 2 pcs egg chicken roll + 1 nasi + egg,41.500,2025-07-04 21:36:45
"HokBen, Galaxy Mall",Super Bowl Beef + Shrimp Roll,Beef teriyaki/beef yakiniku + 2 pcs shrimp roll + 1 nasi + egg,41.500,2025-07-04 21:36:45
"HokBen, Galaxy Mall",Super Bowl Beef + Tori Ball + Nasi + Egg,Beef teriyaki/beef yakiniku + 2 pcs tori ball + 1 nasi + egg,41.500,2025-07-04 21:36:45
"HokBen, Galaxy Mall",Super Bowl Chicken Teriyaki,Chicken teriyaki + 3 pcs mini shrimp roll + nasi + egg,36.000,2025-07-04 21:36:45
"HokBen, Galaxy Mall",Super Bowl Chicken Yakiniku,Chicken yakiniku + 3 pcs mini shrimp roll + nasi + egg,36.000,2025-07-04 21:36:45
"HokBen, Galaxy Mall",Irodori Bento 1,"New bento dengan 9 sekat kompartemen yang berisi nasi, egg chicken roll, ekkado, chicken karaage, chicken teriyaki, mayotamayaki, mie aurora dan acar.",61.500,2025-07-04 21:36:45
"HokBen, Galaxy Mall",Irodori Bento 2,"New bento dengan 9 sekat kompartemen yang berisi nasi, egg chicken roll, soboro creamy korokke, chicken karaage dengan sauce umakara, beef yakiniku, mayotamayaki, mie aurora dan acar.",65.500,2025-07-04 21:36:45
"HokBen, Galaxy Mall",Irodori Bento 3,"New bento dengan 9 sekat kompartemen yang berisi nasi, shrimp roll, ebi fried, tori ball, chicken curryaki, mayotamayaki, mie aurora dan acar.",61.500,2025-07-04 21:36:45
"HokBen, Galaxy Mall",Katsu Sando Mayo Sauce,"Roti tawar lembut dengan isi Chicken Katsu, Sayuran, Mayonaise Original khas HokBen dan Sauce Spesial",21.000,2025-07-04 21:36:45
"HokBen, Galaxy Mall",Katsu Sando Spicy Mayo Sauce,"Roti tawar lembut dengan isi Chicken Katsu, Sayuran, Spicy Mayonaise khas HokBen dan Sauce Spesial",21.000,2025-07-04 21:36:45
"HokBen, Galaxy Mall",Okayu Ni Tamago,Bubur dengan rasa gurih khas HokBen yang disajikan dengan topping Ni Tamago (telur rebus khas Jepang),12.000,2025-07-04 21:36:45
"HokBen, Galaxy Mall",Yakimeshi,Menu Nasi goreng dengan rasa pedas manis yang disajikan dengan topping telur,12.000,2025-07-04 21:36:45
"HokBen, Galaxy Mall",Gyu Soboro Don,"Menu Donburi yang terdiri dari Nasi, Daging sapi cincang dengan saus Teriyaki, dengan topping telur dadar, kacang polong dan sayuran selada",24.000,2025-07-04 21:36:45
"HokBen, Galaxy Mall",Wafu Yakisoba,"Menu dry Ramen dengan saus Wafu yang disajikan dalam mangkok dengan topping Daging sapi cincang teriyaki, Telur dadar dan Pakcoy",24.000,2025-07-04 21:36:45
"HokBen, Galaxy Mall",Mini Shrimp Roll,Nasi + Scramble Egg + Mini Shrimp Roll 2 pcs,18.000,2025-07-04 21:36:45
"HokBen, Galaxy Mall",Mini Tori Ball,Nasi + Scramble Egg + Mini Tori Ball 3 pcs,18.000,2025-07-04 21:36:45
"HokBen, Galaxy Mall",Curry Minche Ball,Nasi + Scramble Egg + Curry Minche Ball 2 pcs,18.000,2025-07-04 21:36:45
"HokBen, Galaxy Mall",Harumaki Beef,Nasi + Scramble Egg + Harumaki Beef 1 pc,18.000,2025-07-04 21:36:45
"HokBen, Galaxy Mall",Paket 1 Hokben Fried Chicken,"1 pc Ayam Goreng khas HokBen yang disajikan dalam menu Paket termasuk Nasi, Ice Lemon Tea & Acar",46.001,2025-07-04 21:36:45
"HokBen, Galaxy Mall",Paket 2 Hokben Fried Chicken,"2 pcs Ayam Goreng khas HokBen yang disajikan dalam menu Paket termasuk Nasi, Ice Lemon Tea & Acar",61.500,2025-07-04 21:36:45
"HokBen, Galaxy Mall",A La Carte Hokben Fried Chicken 2 Pcs,2 pcs Ayam Goreng khas HokBen,46.001,2025-07-04 21:36:45
"HokBen, Galaxy Mall",Paket HokBen Fried Chicken 1 pc,"HokBen Fried Chicken 1 pc, Nasi, Ice Lemon Tea",40.500,2025-07-04 21:36:45
"HokBen, Galaxy Mall",Paket HokBen Fried Chicken 3 pcs,"HokBen Fried Chicken 3 pcs, 3 porsi Nasi, 3 Ice Lemon Tea",97.500,2025-07-04 21:36:45
"HokBen, Galaxy Mall",Paket HokBen Fried Chicken 5 pcs,"HokBen Fried Chicken 5 pcs, 3 porsi Nasi, 3 Ice Lemon Tea",147.500,2025-07-04 21:36:45
"HokBen, Galaxy Mall",Paket HokBen Fried Chicken 7 pcs,"HokBen Fried Chicken 7 pcs, 5 porsi Nasi, 5 Ice Lemon Tea",206.500,2025-07-04 21:36:45
"HokBen, Galaxy Mall",Chicken Curryaki,Daging ayam tanpa tulang yang dimasak dengan potongan bawang bombay dan saus curry khas Jepang,33.500,2025-07-04 21:36:45
"HokBen, Galaxy Mall",Hokkaido Miso Ramen Large,"Ramen dengan kuah Miso dalam porsi besar yang dilengkapi dengan topping Ayam Chasiu, Tori Soboro, Ni Tamago, Pakcoy, Jagung dan butter unsalted.",49.501,2025-07-04 21:36:45
"HokBen, Galaxy Mall",Tori Paitan Ramen Large,"Ramen dengan kuah kaldu ayam dalam porsi besar yang dilengkapi dengan topping Ayam Chasiu, Ni Tamago, Pakcoy, daun bawang dan nori.",49.501,2025-07-04 21:36:45
"HokBen, Galaxy Mall",Hokkaido Miso Ramen Reguler,"Ramen dengan kuah Miso dalam porsi reguler yang dilengkapi dengan topping Ayam Chasiu, Tori Soboro, Ni Tamago, Pakcoy, Jagung dan butter unsalted.",38.501,2025-07-04 21:36:45
"HokBen, Galaxy Mall",Tori Paitan Ramen Reguler,"Ramen dengan kuah kaldu ayam dalam porsi reguler yang dilengkapi dengan topping Ayam Chasiu, Ni Tamago, Pakcoy, daun bawang dan nori.",38.501,2025-07-04 21:36:45
"HokBen, Galaxy Mall",Spicy Ramen Reguler,"Ramen dengan kuah kaldu ayam pedas dalam porsi reguler yang dilengkapi dengan topping Ayam Chasiu, Ni Tamago, Pakcoy, daun bawang dan irisan jamur",41.500,2025-07-04 21:36:45
"HokBen, Galaxy Mall",Spicy Ramen Large,"Ramen dengan kuah kaldu ayam pedas dalam porsi besar yang dilengkapi dengan topping Ayam Chasiu, Ni Tamago, Pakcoy, daun bawang dan irisan jamur.",52.500,2025-07-04 21:36:45
"HokBen, Galaxy Mall",Bento  Special 4,"Nasi, Acar, Beef Teriyaki, 1 Tori no Teba, 1 Ebi Furai, 1 Ebi Fried",70.500,2025-07-04 21:36:45
"HokBen, Galaxy Mall",Bento Special 3,"Nasi, Acar, Beef Yakiniku, 1 Tori no Teba, 1 Ebi Furai, 1 Ebi Fried",70.500,2025-07-04 21:36:45
"HokBen, Galaxy Mall",Bento  Special 2,"Nasi, Acar, Beef Yakiniku, 1 Tori no Teba dan 1 Kani Roll",70.500,2025-07-04 21:36:45
"HokBen, Galaxy Mall",Bento Special 1,"Nasi, Acar, Chicken Teriyaki, 1 Tori No Teba dan 1 Ebi Furai",65.000,2025-07-04 21:36:45
"HokBen, Galaxy Mall",Paket A,"Nasi, Acar, Beef Yakiniku, 1 Tori Ball, 2 Shrimp Roll",62.000,2025-07-04 21:36:45
"HokBen, Galaxy Mall",Paket B,"Nasi, Acar, Chicken Yakiniku, 2 Egg Chicken Roll, 1 Ebi Furai",54.501,2025-07-04 21:36:45
"HokBen, Galaxy Mall",Paket C,"Nasi, Acar, Beef Teriyaki, 1 Tori Ball, 2 Shrimp Roll",62.000,2025-07-04 21:36:45
"HokBen, Galaxy Mall",Paket D,"Nasi, Acar, Chicken Teriyaki, 2 Egg Chicken Roll, 1 Ebi Furai",54.501,2025-07-04 21:36:45
"HokBen, Galaxy Mall",Simple Set Beef Teriyaki 1,"Nasi, Beef Teriyaki, 2 Egg Chicken Roll, Acar",61.002,2025-07-04 21:36:45
"HokBen, Galaxy Mall",Simple Set Beef Teriyaki 2,"Nasi, Beef Teriyaki, 2 Shrimp Roll, Acar",61.002,2025-07-04 21:36:45
"HokBen, Galaxy Mall",Simple Set Beef Yakiniku 1,"Nasi, Beef Yakiniku, 2 Egg Chicken Roll, Acar",61.002,2025-07-04 21:36:45
"HokBen, Galaxy Mall",Simple Set Beef Yakiniku 2,"Nasi, Beef Yakiniku, 2 Shrimp Roll, Acar",61.002,2025-07-04 21:36:45
"HokBen, Galaxy Mall",Simple Set Chicken Teriyaki 1,"Nasi, Chicken Teriyaki, 2 Egg Chicken Roll, Acar",46.001,2025-07-04 21:36:45
"HokBen, Galaxy Mall",Simple Set Chicken Teriyaki 2,"Nasi, Chicken Teriyaki, 2 Shrimp Roll, Acar",46.001,2025-07-04 21:36:45
"HokBen, Galaxy Mall",Simple Set Chicken Yakiniku 1,"Nasi, Chicken Yakiniku, 2 Egg Chicken Roll, Acar",46.001,2025-07-04 21:36:45
"HokBen, Galaxy Mall",Simple Set Chicken Yakiniku 2,"Nasi, Chicken Yakiniku, 2 Shrimp Roll, Acar",46.001,2025-07-04 21:36:45
"HokBen, Galaxy Mall",Paket Blackpepper Miso Chicken,Blackpepper Miso Chicken + Nasi + Minum,43.001,2025-07-04 21:36:45
"HokBen, Galaxy Mall",Simple Set Teriyaki 1 upgrade Blackpepper Miso Chicken,"Nasi, Blackpepper Miso Chicken, 2 Egg Chicken Roll, Acar",46.001,2025-07-04 21:36:45
"HokBen, Galaxy Mall",Simple Set Teriyaki 2 upgrade Blackpepper Miso Chicken,"Nasi, Blackpepper Miso Chicken, 2 Shrimp Roll, Acar.",46.001,2025-07-04 21:36:45
"HokBen, Galaxy Mall",Kidzu Bento 1,"Nasi, 3 Egg Chicken Roll, Scramble Egg, Kacang Polong dengan minuman Milo + Toys* (Toys sesuai dengan persediaan yang ada di Store)",46.001,2025-07-04 21:36:45
"HokBen, Galaxy Mall",Kidzu Bento 2,"Nasi, 3 Tori Ball, Scramble Egg, Kacang Polong dengan minuman Milo + Toys* (Toys sesuai dengan persediaan yang ada di Store)",46.001,2025-07-04 21:36:45
"HokBen, Galaxy Mall",Kidzu Bento 3,"Nasi, 1 Ebi Furai, 1 Crispy Chicken Karaage, Scramble Egg, Kacang Polong dengan minuman Milo + Toys* (Toys sesuai dengan persediaan yang ada di Store)",46.001,2025-07-04 21:36:45
"HokBen, Galaxy Mall",Kidzu Bento 4,"Nasi, 1 HokBen Fried Chicken, Scramble Egg, Kacang Polong dengan minuman Milo + Toys* (Toys sesuai dengan persediaan yang ada di Store)",46.001,2025-07-04 21:36:45
"HokBen, Galaxy Mall",Premium Set Beef,"Nasi, acar, beef teriyaki, 1 pc ebi furai, 1 pc ekkado, 1 pc shrimp roll dan 1 ocha.",71.500,2025-07-04 21:36:45
"HokBen, Galaxy Mall",Premium Set Chicken (Favorite Set),"Nasi, acar, chicken teriyaki, 1 pc egg chicken roll, 1 pc tori ball, 1 pc shrimp roll dan 1 ocha.",59.000,2025-07-04 21:36:45
"HokBen, Galaxy Mall",Value Set 1,"Nasi, 1 Ekkado, 3 Egg Chicken Roll, Acar dan Cold Ocha.",38.001,2025-07-04 21:36:45
"HokBen, Galaxy Mall",Value Set 2,"Nasi, 2 Tori Ball, 2 Egg Chicken Roll, Acar dan Cold Ocha.",38.001,2025-07-04 21:36:45
"HokBen, Galaxy Mall",Value Set 3,"Nasi, 2 Egg Chicken Roll, 2 Shrimp Roll, Acar dan Cold Ocha.",38.001,2025-07-04 21:36:45
"HokBen, Galaxy Mall",Value Set 4,"Nasi, 4 Shrimp Roll, Acar dan Cold Ocha.",38.001,2025-07-04 21:36:45
"HokBen, Galaxy Mall",Hoka Hemat 1,"Nasi, Acar, Mayo, 1 Ekkado dan 3 Egg Chicken Roll.",31.000,2025-07-04 21:36:45
"HokBen, Galaxy Mall",Hoka Hemat 2,"Nasi, Acar, Mayo, 2 Tori Ball dan 2 Egg Chicken Roll.",31.000,2025-07-04 21:36:45
"HokBen, Galaxy Mall",Hoka Hemat 3,"Nasi, Acar, Mayo, 2 Egg Chicken Roll, 2 Shrimp Roll.",31.000,2025-07-04 21:36:45
"HokBen, Galaxy Mall",Hoka Hemat 4,"Nasi, Acar, Mayo, 4 Shrimp Roll.",31.000,2025-07-04 21:36:45
"HokBen, Galaxy Mall",Beef Teriyaki,Daging sapi premium yang dimasak dengan potongan bawang bombay dan menggunakan saus teriyaki khas HokBen,47.501,2025-07-04 21:36:45
"HokBen, Galaxy Mall",Beef Yakiniku,Daging sapi premium yang dimasak dengan potongan bawang bombay dan paprika hijau menggunakan saus yakiniku khas HokBen,47.501,2025-07-04 21:36:45
"HokBen, Galaxy Mall",Chicken Teriyaki,Daging ayam tanpa tulang yang dimasak dengan potongan bawang bombay dan saus teriyaki khas HokBen,37.001,2025-07-04 21:36:45
"HokBen, Galaxy Mall",Chicken Yakiniku,Daging ayam tanpa tulang yang dimasak dengan potongan bawang bombay dan paprika hijau menggunakan saus yakiniku khas HokBen,37.001,2025-07-04 21:36:45
"HokBen, Galaxy Mall",Blackpepper Miso Chicken,Daging ayam panggang tanpa tulang yang dibumbui dengan saus Blackpepper & Miso,39.001,2025-07-04 21:36:45
"HokBen, Galaxy Mall",Hot & Spicy Beef Teriyaki,Daging sapi premium yang dimasak dengan potongan bawang bombay dan irisan cabai yang dibumbui menggunakan saus teriyaki khas HokBen dengan citarasa pedas,53.001,2025-07-04 21:36:45
"HokBen, Galaxy Mall",Hot & Spicy Chicken Teriyaki,Daging ayam tanpa tulang yang dimasak dengan potongan bawang bombay dan irisan cabai yang dibumbui menggunakan saus teriyaki khas HokBen dengan citarasa pedas,42.001,2025-07-04 21:36:45
"HokBen, Galaxy Mall",Egg Chicken Roll (6 pcs),Produk olahan daging ayam yang digulung dengan telur dadar dan dimasak dengan metode Deep Frying Oil,38.001,2025-07-04 21:36:45
"HokBen, Galaxy Mall",Ekkado (5 pcs),"Produk spesial HokBen yang dibuat dari telur puyuh berlapis olahan daging udang, dibungkus dengan kulit tahu dan dimasak dengan metode Deep Frying Oil.",44.501,2025-07-04 21:36:45
"HokBen, Galaxy Mall",Shrimp Roll (5 pcs),"Dihasilkan dari olahan udang dibungkus dengan telur dan tepung roti, dimasak dengan metode Deep Frying Oil.",37.001,2025-07-04 21:36:45
"HokBen, Galaxy Mall",Chicken Katsu (1 pc),"Dada ayam tanpa tulang berlapis tepung roti dan bumbu khas HokBen yang dimasak dengan metode Deep Frying Oil sehingga renyah di luar, empuk di dalam",37.001,2025-07-04 21:36:45
"HokBen, Galaxy Mall",Tori No Teba (2 pcs),"Produk Spesial HokBen yang dibuat dari sayap ayam berisi daging ayam olahan, dimasak dengan metode Deep Frying Oil",34.000,2025-07-04 21:36:45
"HokBen, Galaxy Mall",Kani Roll (2 pcs),Dihasilkan dari olahan rajungan yang dibungkus dengan kulit tahu dan dimasak dengan metode Deep Frying Oil,37.001,2025-07-04 21:36:45
"HokBen, Galaxy Mall",Ebi Furai (4 pcs),"Produk olahan udang yang dilapisi tepung roti, dimasak dengan metode Deep Frying Oil",44.501,2025-07-04 21:36:45
"HokBen, Galaxy Mall",Tori Ball (5 pcs),Dihasilkan dari olahan daging dada ayam yang dilapis oleh tepung roti dan dimasak dengan metode Deep Frying Oil,38.001,2025-07-04 21:36:45
"HokBen, Galaxy Mall",Sukiyaki,"Dibuat dari daging sapi premium, tahu sutra jepang, shiratake, sawi putih, daun bawang, bawang bombay dan dimasak dengan saus sukiyaki khas HokBen",65.500,2025-07-04 21:36:45
"HokBen, Galaxy Mall",Chicken Tofu (2 pcs),Dibuat dari tahu pilihan yang dilapisi daging ayam olahan dan disajikan dengan daun bawang serta kuah kaldu ayam khas HokBen,23.000,2025-07-04 21:36:45
"HokBen, Galaxy Mall",Shrimp Ball (3 pcs),Dibuat dari olahan udang yang dibungkus dengan kulit pangsit dan disajikan dengan daun bawang serta kuah kaldu khas HokBen.,27.000,2025-07-04 21:36:45
"HokBen, Galaxy Mall",Shrimp Dumpling (3 pcs),Dibuat dari olahan udang yang dibungkus dengan kulit pangsit dan disajikan dengan daun bawang serta kuah kaldu khas HokBen.,23.000,2025-07-04 21:36:45
"HokBen, Galaxy Mall",Clear Soup,Soup dengan kuah kaldu Ayam bening yang gurih yang dicampur dengan potongan tahu sutra (tofu) dan topping daun bawang,11.001,2025-07-04 21:36:45
"HokBen, Galaxy Mall",Shirataki Soup,Soup dengan kuah kaldu Ayam bening yang gurih yang dicampur dengan mi Shirataki dan topping daun bawang,19.001,2025-07-04 21:36:45
"HokBen, Galaxy Mall",Crispy Chicken Karaage (4 pcs),4 pcs Crispy Chicken Karaage,32.500,2025-07-04 21:36:45
"HokBen, Galaxy Mall",Takoyaki 5 pcs,Makanan kecil berbentuk bola-bola kecil dengan isian potongan bayi gurita,26.000,2025-07-04 21:36:45
"HokBen, Galaxy Mall",Shumay Steam 5 pcs,Produk olahan udang dan ayam yang dibungkus dengan kulit pangsit dan dimasak dengan metode kukus,29.000,2025-07-04 21:36:45
"HokBen, Galaxy Mall",Shumay Furai 5 pcs,Produk olahan udang dan ayam yang dibungkus dengan kulit pangsit dan dimasak dengan metode Deep Frying Oil,29.000,2025-07-04 21:36:45
"HokBen, Galaxy Mall",Takoyaki Mentai,Takoyaki yang disiram dengan saus mentai khas HokBen dengan topping hana katsuoboshi dan nori,44.001,2025-07-04 21:36:45
"HokBen, Galaxy Mall",Es Merah Delima,"Menu dessert seperti biji delima yang terbuat dari buah bengkoang yang dipotong kecil dan diberi pewarna merah, disajikan dengan es batu dan kuah santan.",22.000,2025-07-04 21:36:45
"HokBen, Galaxy Mall",Es Ogura,"Kacang merah yang disajikan dengan air gula, santan dan es serut sebagai makanan penutup",15.501,2025-07-04 21:36:45
"HokBen, Galaxy Mall",Es Sarang Burung,Agar-agar dan buah kelengkeng yang disajikan dengan air gula serta es serut sebagai makanan penutup,23.000,2025-07-04 21:36:45
"HokBen, Galaxy Mall",Kori Konyaku Strawberry,Minuman khas HokBen dengan rasa Strawberry dan tambahan jelly strawberry,25.500,2025-07-04 21:36:45
"HokBen, Galaxy Mall",Kori Konyaku Lychee,Minuman khas HokBen dengan rasa Leci dan tambahan jelly rasa leci,25.500,2025-07-04 21:36:45
"HokBen, Galaxy Mall",Ocha,Teh hijau khas Jepang yang dingin dan segar,11.001,2025-07-04 21:36:45
"HokBen, Galaxy Mall",Ocha Lychee Tea,"Minuman Teh Leci yang dihasilkan dari Ocha (teh hijau) yang ditambahkan flavour leci dari sirup Leci, dengan tambahan buah leci dan Nata de Coco Crispy yang menghasilkan minuman Lychee Tea khas HokBen yang manis dan menyegarkan",21.000,2025-07-04 21:36:45
"HokBen, Galaxy Mall",Teh Botol Kotak Sosro,N/A,11.501,2025-07-04 21:36:45
"HokBen, Galaxy Mall",Milo With Ice,N/A,13.001,2025-07-04 21:36:45
"HokBen, Galaxy Mall",Aqua,N/A,10.501,2025-07-04 21:36:45
"HokBen, Galaxy Mall",Melon Juice,Sari buah asli yang dibuat dari melon segar pilihan.,21.000,2025-07-04 21:36:45
"HokBen, Galaxy Mall",Orange Juice,Sari buah asli yang dibuat dari jeruk segar pilihan.,21.000,2025-07-04 21:36:45
"HokBen, Galaxy Mall",Matcha Milk Berry 250 ml,Minuman Matcha yang dibuat dengan campuran Fresh Milk dan sirup Strawberry yang dikemas dalam botol 250 ml,22.000,2025-07-04 21:36:45
"HokBen, Galaxy Mall",Iced Coffee Ganbatte 250 ml,Minuman dari biji kopi Premium yang dibuat dengan campuran Fresh Milk dan Gula Aren yang dikemas dalam botol 250 ml,20.001,2025-07-04 21:36:45
"HokBen, Galaxy Mall",Nasi HokBen,Dimasak menggunakan beras spesial HokBen,11.001,2025-07-04 21:36:45
"HokBen, Galaxy Mall",Salad HokBen,"Terdiri dari acar, kol serut, salad mayonaise khas HokBen yang disajikan dalam cup",19.001,2025-07-04 21:36:45
"HokBen, Galaxy Mall",HokBen Sambal Extra Pedas,HokBen Extra Hot Chili Sauce sebagai pelengkap menu HokBen,14.501,2025-07-04 21:36:45
"HokBen, Galaxy Mall",Coffee Latte 250 ml,"Minuman dari biji kopi premium yang dicampur dengan Fresh Milk, creamer dan gula aren yang dikemas dalam botol 250 ml",22.000,2025-07-04 21:36:45
"HokBen, Galaxy Mall",Hazelnut Latte 250 ml,"Minuman dari biji kopi premium yang dicampur dengan Fresh Milk, creamer dan sirup hazelnut yang dikemas dalam botol 250 ml",22.000,2025-07-04 21:36:45
"HokBen, Galaxy Mall",Royale Chocolate 250 ml,Minuman Coklat yang dicampur dengan creamer yang dikemas dalam botol 250 ml,22.000,2025-07-04 21:36:45
"HokBen, Galaxy Mall",Hojicha Latte 250 ml,Minuman teh sangrai yang dibuat dengan campuran creamer yang dikemas dalam botol 250 ml,22.000,2025-07-04 21:36:45
"HokBen, Galaxy Mall",Hoka Suka 1,"Nasi, Acar, 2 pcs Curry Minche Ball dan 3 pcs Mini Shrimp Roll.",31.000,2025-07-04 21:36:45
"HokBen, Galaxy Mall",Hoka Suka 2,"Nasi, Acar, 5 pcs Mini Shrimp Roll.",31.000,2025-07-04 21:36:45
"HokBen, Galaxy Mall",Hoka Suka 3,"Nasi, Acar, 1 Porsi Chicken Teriyaki, 2 pcs Mini Shrimp Roll, 1 pc Curry Minche Balll.",46.000,2025-07-04 21:36:45
"HokBen, Galaxy Mall",Hoka Suka 4,"Nasi, Acar, 1 Porsi Chicken Yakiniku, 2 pcs Mini Shrimp Roll, 1 pc Curry Minche Balll.",46.000,2025-07-04 21:36:45
"Anugrah Penyetan Sambel Uleg, Karang Menjangan",Nasi Ayam Goreng T3 Sambel Ijo Spr Pedas,Nasi + Ayam goreng + Tahu tempe terong + B. kuning + lalapan + sambel ijo,23.500,2025-07-04 21:37:20
"Anugrah Penyetan Sambel Uleg, Karang Menjangan",Nasi Ayam Mangap T3 Sambel Bawang Spr Pedas,Nasi + Ayam goreng + T3 + lalapan + B. kuning + sambel bawang,23.500,2025-07-04 21:37:20
"Anugrah Penyetan Sambel Uleg, Karang Menjangan",Sambelan Bandeng Presto,N/A,27.500,2025-07-04 21:37:20
"Anugrah Penyetan Sambel Uleg, Karang Menjangan",Nasi Ayam Mangap T3 Sambel Bawang Spr Pedas,N/A,23.500,2025-07-04 21:37:20
"Anugrah Penyetan Sambel Uleg, Karang Menjangan",Nasi Ayam Goreng T3 Sambel Ijo Spr Pedas,N/A,23.500,2025-07-04 21:37:20
"Anugrah Penyetan Sambel Uleg, Karang Menjangan",Paket Nasi Udang Kremes,N/A,22.500,2025-07-04 21:37:20
"Anugrah Penyetan Sambel Uleg, Karang Menjangan",Sambelan  Lele Kremes,N/A,22.500,2025-07-04 21:37:20
"Anugrah Penyetan Sambel Uleg, Karang Menjangan",Nasi Udang Kremes + Telur T3 Sambel Terasi Muantep,N/A,24.500,2025-07-04 21:37:20
"Anugrah Penyetan Sambel Uleg, Karang Menjangan",Nasi Babat Udang Spesial,N/A,24.500,2025-07-04 21:37:20
"Anugrah Penyetan Sambel Uleg, Karang Menjangan",Nasi Babat Ori,N/A,24.500,2025-07-04 21:37:20
"Anugrah Penyetan Sambel Uleg, Karang Menjangan",Nasi Babat Usus,N/A,24.500,2025-07-04 21:37:20
"Anugrah Penyetan Sambel Uleg, Karang Menjangan",Nasi Bebek Sambel Ijo Super Pedas,N/A,26.000,2025-07-04 21:37:20
"Anugrah Penyetan Sambel Uleg, Karang Menjangan",Paket Nasi Lele Dhower,"Nasi, lele, T3, lalapan, Sambel.",22.500,2025-07-04 21:37:20
"Anugrah Penyetan Sambel Uleg, Karang Menjangan",Paket Mantul Lele,"Nasi, 1 lele Gor, T3, lalapan, sambel",22.500,2025-07-04 21:37:20
"Anugrah Penyetan Sambel Uleg, Karang Menjangan",Paket Mantul 3 (ayam),"Nasi, Ayam, T3, bumbu kuning, lalapan, sambal",23.500,2025-07-04 21:37:20
"Anugrah Penyetan Sambel Uleg, Karang Menjangan",Paket Mantul 4 (mujair),"Nasi, Mujair , T3, lalapan, Sambel",23.500,2025-07-04 21:37:20
"Anugrah Penyetan Sambel Uleg, Karang Menjangan",Sambelan  Lele Kremes,Nasi + Lele Kremes + T3 + Lalapan + Sambel,22.500,2025-07-04 21:37:20
"Anugrah Penyetan Sambel Uleg, Karang Menjangan",Penyetan Panggangan,"Nasi+panggangan +tahu+tempe+sambal(terasi, bawang, ijo) +lalapan",23.500,2025-07-04 21:37:20
"Anugrah Penyetan Sambel Uleg, Karang Menjangan",Sego Sambel Ayam Sayap,Nasi+ayam sayap+tahutempeterong+lalapan+sambel,23.500,2025-07-04 21:37:20
"Anugrah Penyetan Sambel Uleg, Karang Menjangan",Paket Mantul 1 (bebek),"Nasi, Bebek, Tahu tempe terong, lalapan, sambel",26.000,2025-07-04 21:37:20
"Anugrah Penyetan Sambel Uleg, Karang Menjangan",Nasi Ayam Mangap T3 Sambel Bawang Spr Pedas,Nasi + Ayam goreng + T3 + lalapan + B. kuning + sambel bawang,23.500,2025-07-04 21:37:20
"Anugrah Penyetan Sambel Uleg, Karang Menjangan",Nasi Ayam Goreng T3 Sambel Ijo Spr Pedas,Nasi + Ayam goreng + Tahu tempe terong + B. kuning + lalapan + sambel ijo,23.500,2025-07-04 21:37:20
"Anugrah Penyetan Sambel Uleg, Karang Menjangan",Nasi Ayam Mangap T3 Sambel Terasi,Nasi + Ayam goreng + Bum. kuning + Tahu tempe terong + lalapan + sambel terasi,23.500,2025-07-04 21:37:20
"Anugrah Penyetan Sambel Uleg, Karang Menjangan",Nasi Ayam Mangap T3 Sambel Pencit Mak Nyuss,Nasi + Ayam goreng + Bum. kuning + Tahu tempe terong + lalapan + sambel pencit,23.500,2025-07-04 21:37:20
"Anugrah Penyetan Sambel Uleg, Karang Menjangan",Nasi Ayam Mangap T3 Sambel Teri,Nasi + Ayam goreng + Tahu tempe terong + Bum. kuning + lalapan + sambel teri,23.500,2025-07-04 21:37:20
"Anugrah Penyetan Sambel Uleg, Karang Menjangan",Nasi Ayam Goreng + Telur Komplit Special,"Nasi + ayam goreng + Telur dadar / ceplok + B. kuning gurih + Tahu + Tempe + Terong + lalapan + sambal + (sambel terasi, pencit, teri, ijo, bawang)",25.500,2025-07-04 21:37:20
"Anugrah Penyetan Sambel Uleg, Karang Menjangan",Nasi Ayam Goreng Serundeng T3,"Nasi Putih, Ayam Gor, Tahu Tempe Terong, Sambel, Lalapan",23.500,2025-07-04 21:37:20
"Anugrah Penyetan Sambel Uleg, Karang Menjangan",Nasi Indomie Ayam Goreng,Nasi+ indomie goreng+ ayam Goreng,23.500,2025-07-04 21:37:20
"Anugrah Penyetan Sambel Uleg, Karang Menjangan",Paket Nasi Udang Kremes,"Nasi, udang kremes, T3, lalapan, Sambel",22.500,2025-07-04 21:37:20
"Anugrah Penyetan Sambel Uleg, Karang Menjangan",Nasi Udang Kremes T3 + Telur Sbl Bawang S. Pedas,"Nasi, Udang kremes, Telur dadar / ceplok, T3 , lalapan. Sambel.",24.500,2025-07-04 21:37:20
"Anugrah Penyetan Sambel Uleg, Karang Menjangan",Nasi Udang Kremes + Telur T3 Sambel Terasi Muantep,"Nasi, Udang kremes, Telur dadar / ceplok, T3, Lalapan, Sambel.",24.500,2025-07-04 21:37:20
"Anugrah Penyetan Sambel Uleg, Karang Menjangan",Nasi Udang Kremes + Telur T3 Sambel Ijo,"Nasi, udang kremes, Telur dadar / ceplok, T3, Lalapan, Sambal.",24.500,2025-07-04 21:37:20
"Anugrah Penyetan Sambel Uleg, Karang Menjangan",Nasi Udang Kremes + Telur T3 Sambel Pencit,"Nasi, Udang kremes, Telur dadar / ceplok, T3, Lalapan, Sambel pencit.",24.500,2025-07-04 21:37:20
"Anugrah Penyetan Sambel Uleg, Karang Menjangan",Nasi Udang Kremes + Telur T3 Sambel Teri,"Naai putih + Udang kremes + Telur dadar / ceplok + Tahu, terong, tempe + lalapan + sambal.",24.500,2025-07-04 21:37:20
"Anugrah Penyetan Sambel Uleg, Karang Menjangan",Sambelan Bandeng Presto,Nasi + bandeng Presto + tahu tempe terong + lalapan + sambel.,27.500,2025-07-04 21:37:20
"Anugrah Penyetan Sambel Uleg, Karang Menjangan",Nasi Ati Ampela T3,"Nasi, ati ampela, T3, Bumbu kuning, lalapan, Sambel.",22.500,2025-07-04 21:37:20
"Anugrah Penyetan Sambel Uleg, Karang Menjangan",Nasi Tahu Tempe Terong,"Nasi, tahu, tempe, terong, sambel, lalapan.",18.500,2025-07-04 21:37:20
"Anugrah Penyetan Sambel Uleg, Karang Menjangan",Nasi Telor Ceplok,"Nasi,  telur, tahu, tempe, terong, lalapan, sambal",19.500,2025-07-04 21:37:20
"Anugrah Penyetan Sambel Uleg, Karang Menjangan",Nasi Mujair T3,"Nasi, mujair , T3, lalapan, Sambel.",23.500,2025-07-04 21:37:20
"Anugrah Penyetan Sambel Uleg, Karang Menjangan",Penyetan Wader,"Nasi, Ikan wader, tahu, tempe terong, Sambel.",23.000,2025-07-04 21:37:20
"Anugrah Penyetan Sambel Uleg, Karang Menjangan",Nasi Putih,N/A,7.500,2025-07-04 21:37:20
"Anugrah Penyetan Sambel Uleg, Karang Menjangan",Telur Mata Sapi / Dadar,N/A,7.000,2025-07-04 21:37:20
"Anugrah Penyetan Sambel Uleg, Karang Menjangan",Tambah Sambel,N/A,7.000,2025-07-04 21:37:20
"Anugrah Penyetan Sambel Uleg, Karang Menjangan",Tahu / Tempe,N/A,1.000,2025-07-04 21:37:20
"Anugrah Penyetan Sambel Uleg, Karang Menjangan",1 Terong Utuh,N/A,7.000,2025-07-04 21:37:20
"Anugrah Penyetan Sambel Uleg, Karang Menjangan",Ayam Goreng Paha/ Dada,1 Pot Ayam Tanpa Sambel,15.000,2025-07-04 21:37:20
"Anugrah Penyetan Sambel Uleg, Karang Menjangan",Bandeng Presto,1 ekor bandeng presto,20.000,2025-07-04 21:37:20
"Anugrah Penyetan Sambel Uleg, Karang Menjangan",Mujair,1 Ikan Mujair,15.000,2025-07-04 21:37:20
"Anugrah Penyetan Sambel Uleg, Karang Menjangan",Lele Goreng,1 ekor,10.000,2025-07-04 21:37:20
"Anugrah Penyetan Sambel Uleg, Karang Menjangan",Nasi Telor Dadar,"Nasi, Telor, Tahu, Tempe, Lalapam",19.500,2025-07-04 21:37:20
"Anugrah Penyetan Sambel Uleg, Karang Menjangan",Bebek Paha/ Dada,1 Pot Bebek Tanpa Sambel,20.000,2025-07-04 21:37:20
"Anugrah Penyetan Sambel Uleg, Karang Menjangan",Nasi Ayam Kremes T3 Sambel Terasi,Nasi + Ayam kremes + Tahu Tempe Terong + lalapan + sambal.,23.750,2025-07-04 21:37:20
"Anugrah Penyetan Sambel Uleg, Karang Menjangan",Nasi Ayam Kremes T3 Sambel Bawang,Nasi + Ayam Kremes + Tahu Tempe Terong + lalapan + sambal.,23.750,2025-07-04 21:37:20
"Anugrah Penyetan Sambel Uleg, Karang Menjangan",Nasi Ayam Kremes Sambel Teri,Nasi + Ayam kremes + Tahu tempe terong + lalapan + sambal.,23.750,2025-07-04 21:37:20
"Anugrah Penyetan Sambel Uleg, Karang Menjangan",Nasi Ayam Kremes Sambel Pencit,Nasi + Ayam Kremes + Tahu Tempe Terong + lalapan + sambal.,23.750,2025-07-04 21:37:20
"Anugrah Penyetan Sambel Uleg, Karang Menjangan",Nasi Ayam Kremes T3 Sambel Ijo,Nasi + Ayam + kremes + T3 + Lalapan + Sambel ijo + sambal.,23.750,2025-07-04 21:37:20
"Anugrah Penyetan Sambel Uleg, Karang Menjangan",Nasi Penyet Ikan Asin,"Nasi, ikan asin, tahu tempe terong, sambel, lalapan",19.000,2025-07-04 21:37:20
"Anugrah Penyetan Sambel Uleg, Karang Menjangan",Nasi Ikan Asin + Telur Dadar,Nasi+ikan asin+telur+tahu tempe+sambel+lalapan,21.000,2025-07-04 21:37:20
"Anugrah Penyetan Sambel Uleg, Karang Menjangan",Nasi Ikan Asin + Telur Ceplok,Nasi+ikan asin+telur ceplok+tahu tempe+sambel+lalapan,21.000,2025-07-04 21:37:20
"Anugrah Penyetan Sambel Uleg, Karang Menjangan",Club Gelas,1 Gls,2.000,2025-07-04 21:37:20
"Anugrah Penyetan Sambel Uleg, Karang Menjangan",Rujak Manis,Buah2an+sambel,23.500,2025-07-04 21:37:20
"Anugrah Penyetan Sambel Uleg, Karang Menjangan",Es Teh Manis/Tawar,N/A,7.000,2025-07-04 21:37:20
"Anugrah Penyetan Sambel Uleg, Karang Menjangan",Teh Panas Manis/Tawar,N/A,7.000,2025-07-04 21:37:20
"Anugrah Penyetan Sambel Uleg, Karang Menjangan",Es Nutrisari Jeruk,N/A,8.000,2025-07-04 21:37:20
"Anugrah Penyetan Sambel Uleg, Karang Menjangan",Es Nutrisari Anggur,N/A,8.000,2025-07-04 21:37:20
"Anugrah Penyetan Sambel Uleg, Karang Menjangan",Es Milo,N/A,9.000,2025-07-04 21:37:20
"Anugrah Penyetan Sambel Uleg, Karang Menjangan",Es Good Day Freeze,N/A,9.000,2025-07-04 21:37:20
"Anugrah Penyetan Sambel Uleg, Karang Menjangan",Es Extraa Joss,N/A,9.000,2025-07-04 21:37:20
"Anugrah Penyetan Sambel Uleg, Karang Menjangan",Es Hemafiton Jrenk,N/A,9.000,2025-07-04 21:37:20
"Anugrah Penyetan Sambel Uleg, Karang Menjangan",Es Susu Kental Manis Coklat,Susu Kental Manis Indomilk Coklat,9.000,2025-07-04 21:37:20
"Anugrah Penyetan Sambel Uleg, Karang Menjangan",Es Susu Kental Manis Putih,Susu Kental Manis Indomilk Putih,9.000,2025-07-04 21:37:20
"Anugrah Penyetan Sambel Uleg, Karang Menjangan",Es Nutrisari Jambu,N/A,8.000,2025-07-04 21:37:20
"Anugrah Penyetan Sambel Uleg, Karang Menjangan",Le Minerale 600 Ml,I Btl,8.000,2025-07-04 21:37:20
"Anugrah Penyetan Sambel Uleg, Karang Menjangan",AQUA  600 Ml,1 Btl,8.000,2025-07-04 21:37:20
"Anugrah Penyetan Sambel Uleg, Karang Menjangan",Teh Pucuk Harum 350 ml,N/A,8.000,2025-07-04 21:37:20
"Anugrah Penyetan Sambel Uleg, Karang Menjangan",Indomie Goreng Orginal,N/A,13.500,2025-07-04 21:37:20
"Anugrah Penyetan Sambel Uleg, Karang Menjangan",Nasi Indomie Grg Orginal,N/A,16.500,2025-07-04 21:37:20
"Anugrah Penyetan Sambel Uleg, Karang Menjangan",Paket Indomie Grg Orginal,Nasi+indomie+telor ceplok,19.500,2025-07-04 21:37:20
"Anugrah Penyetan Sambel Uleg, Karang Menjangan",Indomie Rasa Ayam Geprek,Indomie Geprek,13.500,2025-07-04 21:37:20
"Anugrah Penyetan Sambel Uleg, Karang Menjangan",Nasi Indomie Geprek,Nasi+indomie Rasa Ayam Geprek,16.500,2025-07-04 21:37:20
"Anugrah Penyetan Sambel Uleg, Karang Menjangan",Paket Indomie Geprek,Nasi+indomie+telor ceplok,19.500,2025-07-04 21:37:20
"Anugrah Penyetan Sambel Uleg, Karang Menjangan",Indomie Rasa Sambel Rica Rica,N/A,13.500,2025-07-04 21:37:20
"Anugrah Penyetan Sambel Uleg, Karang Menjangan",Nasi Indomie Rica Rica,N/A,16.500,2025-07-04 21:37:20
"Anugrah Penyetan Sambel Uleg, Karang Menjangan",Paket Indomie Rica,Nasi+indomie+telor ceplok,19.500,2025-07-04 21:37:20
"Anugrah Penyetan Sambel Uleg, Karang Menjangan",Indomie Grg Rasa Rendang,N/A,13.500,2025-07-04 21:37:20
"Anugrah Penyetan Sambel Uleg, Karang Menjangan",Nasi Indomie Rendang,N/A,16.500,2025-07-04 21:37:20
"Anugrah Penyetan Sambel Uleg, Karang Menjangan",Paket Indomie Rendang,Nasi+indomie rendang+telur ceplok,19.500,2025-07-04 21:37:20
"Anugrah Penyetan Sambel Uleg, Karang Menjangan",Indomie Goreng Orginal+Telur Ceplok,Indomi+telur,16.500,2025-07-04 21:37:20
"Anugrah Penyetan Sambel Uleg, Karang Menjangan",Indomie Geprek Telur Ceplok,Indomi+telur,16.500,2025-07-04 21:37:20
"Anugrah Penyetan Sambel Uleg, Karang Menjangan",Indomie Rica Telor Ceplok,Indomi+telur,16.500,2025-07-04 21:37:20
"Anugrah Penyetan Sambel Uleg, Karang Menjangan",Indomie Rendang Telor Ceplok,N/A,16.500,2025-07-04 21:37:20
"Anugrah Penyetan Sambel Uleg, Karang Menjangan",Indomie Goreng Orginal Double,N/A,20.500,2025-07-04 21:37:20
"Anugrah Penyetan Sambel Uleg, Karang Menjangan",Indomie Goreng Rendang Double,N/A,20.500,2025-07-04 21:37:20
"Anugrah Penyetan Sambel Uleg, Karang Menjangan",Indomie Goreng Geprek Double,N/A,20.500,2025-07-04 21:37:20
"Anugrah Penyetan Sambel Uleg, Karang Menjangan",Indomie Goreng Rica Rica Double,N/A,20.500,2025-07-04 21:37:20
"Anugrah Penyetan Sambel Uleg, Karang Menjangan",Indomie Goreng Orginal Double+ Telur Ceplok,N/A,23.000,2025-07-04 21:37:20
"Anugrah Penyetan Sambel Uleg, Karang Menjangan",Indomie Goreng Rendang Double+ Telur Ceplok,N/A,23.000,2025-07-04 21:37:20
"Anugrah Penyetan Sambel Uleg, Karang Menjangan",Indomie Goreng Geprek Double+ Telur Ceplok,N/A,23.000,2025-07-04 21:37:20
"Anugrah Penyetan Sambel Uleg, Karang Menjangan",Indomie Goreng Rica Rica Double +Telur Ceplok,N/A,23.000,2025-07-04 21:37:20
"Anugrah Penyetan Sambel Uleg, Karang Menjangan",Indomi Goreng JUMBO,N/A,16.000,2025-07-04 21:37:20
"Anugrah Penyetan Sambel Uleg, Karang Menjangan",JUMBO CEPLOK,N/A,19.000,2025-07-04 21:37:20
"Anugrah Penyetan Sambel Uleg, Karang Menjangan",Nasi JUMBO Ceplok,N/A,22.000,2025-07-04 21:37:20
"Anugrah Penyetan Sambel Uleg, Karang Menjangan",Nasi JUMBO Dadar,N/A,22.000,2025-07-04 21:37:20
"Anugrah Penyetan Sambel Uleg, Karang Menjangan",JUMBO DADAR,N/A,19.000,2025-07-04 21:37:20
"Anugrah Penyetan Sambel Uleg, Karang Menjangan",Nasi Babat Udang Spesial,Nasi + Babat +Udang + lalapan +sambel,24.500,2025-07-04 21:37:20
"Anugrah Penyetan Sambel Uleg, Karang Menjangan",Nasi Babat Ori,Nasi + Babat + Sambel + Lalapan,24.500,2025-07-04 21:37:20
"Anugrah Penyetan Sambel Uleg, Karang Menjangan",Nasi Babat Usus,Nasi + Babat + Usus + Sambel + Lalapan,24.500,2025-07-04 21:37:20
"Anugrah Penyetan Sambel Uleg, Karang Menjangan",Nasi Babat Paru T2,Nasi + Babat + Paru + Tahu Tempe + Sambel + Lalapan,24.500,2025-07-04 21:37:20
"Anugrah Penyetan Sambel Uleg, Karang Menjangan",Nasi Babat Campur T2,Nasi + Babat + Usus + Paru,26.000,2025-07-04 21:37:20
"Anugrah Penyetan Sambel Uleg, Karang Menjangan",Nasi Bebek Kremes,Nasi+bebek goreng+tahu tempe terong+sambel+lalapan+kremesan,26.500,2025-07-04 21:37:20
"Anugrah Penyetan Sambel Uleg, Karang Menjangan",Nasi Bebek Sambel Ijo Super Pedas,Nasi + Bebek+ Tahu tempe terong + Sambel ijo pedas + lalapan.,26.000,2025-07-04 21:37:20
"Anugrah Penyetan Sambel Uleg, Karang Menjangan",Bebek Goreng Special Sambel Ijo (Tanpa Nasi),"Bebek, T3, Sambel ijo super pedas, lalapan.(tanpa nasi)",23.000,2025-07-04 21:37:20
"Bebek Hitam Bu Farida, Pacar Keling",Bebek 1 Ekor,N/A,142.000,2025-07-04 21:37:53
"Bebek Hitam Bu Farida, Pacar Keling",Nasi Bebek Bumbu Hitam,N/A,39.000,2025-07-04 21:37:53
"Bebek Hitam Bu Farida, Pacar Keling",Bebek Bumbu Hitam,N/A,34.000,2025-07-04 21:37:53
"Bebek Hitam Bu Farida, Pacar Keling",Nasi Bebek Krengseng,N/A,39.000,2025-07-04 21:37:53
"Bebek Hitam Bu Farida, Pacar Keling",Nasi Bebek Bumbu Hitam,Nasi+ Bebek+ Bumbu+ Sambal+lalapan,39.000,2025-07-04 21:37:53
"Bebek Hitam Bu Farida, Pacar Keling",Nasi Bebek Bumbu Kuning,Nasi+ Bebek+ Bumbu Kuning+ Sambal+ Lalapan,39.000,2025-07-04 21:37:53
"Bebek Hitam Bu Farida, Pacar Keling",Nasi Bebek Krengseng,Nasi+ Bebek Krenseng+ Sambal+ Lalapan,39.000,2025-07-04 21:37:53
"Bebek Hitam Bu Farida, Pacar Keling",Nasi Bebek Kecil,Nasi+Bebek Kecil+bumbu+sambel+lalapan,19.000,2025-07-04 21:37:53
"Bebek Hitam Bu Farida, Pacar Keling",Nasi Putih,Nasi + Sambel + Bumbu + Lalapan,7.000,2025-07-04 21:37:53
"Bebek Hitam Bu Farida, Pacar Keling",Nasi Ayam,Nasi+Ayam+Bumbu +Sambel+Lalapan,26.000,2025-07-04 21:37:53
"Bebek Hitam Bu Farida, Pacar Keling",Bebek 1 Ekor,4 Bebek + 1 Kepala + 1 Rempelo Ati + Bumbu + Sambel + Lalapan,142.000,2025-07-04 21:37:53
"Bebek Hitam Bu Farida, Pacar Keling",Bebek Bumbu Hitam,1 Bebek+ Bumbu + Sambel + Lalapan,34.000,2025-07-04 21:37:53
"Bebek Hitam Bu Farida, Pacar Keling",Bebek Bumbu Kuning,1 Bebek  + Bumbu Kuning + Sambel + Lalapan,34.000,2025-07-04 21:37:53
"Bebek Hitam Bu Farida, Pacar Keling",Bebek Krengseng,1 Bebek Krengseng + Sambel + Lalapan,34.000,2025-07-04 21:37:53
"Bebek Hitam Bu Farida, Pacar Keling",Bebek Kecil,1 Bebek Kecil + Bumbu + Sambel + Lalapan,15.000,2025-07-04 21:37:53
"Bebek Hitam Bu Farida, Pacar Keling",Tahu Goreng,1Tahu,1.000,2025-07-04 21:37:53
"Bebek Hitam Bu Farida, Pacar Keling",Ayam,1 Ayam+Bumbu+Sambel+lalapan,22.000,2025-07-04 21:37:53
"Bebek Hitam Bu Farida, Pacar Keling",Es Teh,N/A,6.000,2025-07-04 21:37:53
"Bebek Hitam Bu Farida, Pacar Keling",Es Nutrisari,N/A,6.000,2025-07-04 21:37:53
"Bebek Hitam Bu Farida, Pacar Keling",Es Good Day Freeze,N/A,7.000,2025-07-04 21:37:53
"Bebek Hitam Bu Farida, Pacar Keling",Teh Hangat,N/A,6.000,2025-07-04 21:37:53
"Bebek Hitam Bu Farida, Pacar Keling",Tahu Bakso,1 Porsi Isi 2,9.000,2025-07-04 21:37:53
"Pizza Hut Delivery - PHD, Kapas Krampung",Double Box Ultimate,Dua Pizza Topping Ultimate yang nikmat bikin kumpul makin seru. Pesan sekarang!,131.501,2025-07-04 21:38:23
"Pizza Hut Delivery - PHD, Kapas Krampung",Double Box Ultimate Favourite,Bebas Pilih 1 Pizza Topping Ultimate dan 1 Pizza Topping Favourite yang nikmat bikin kumpul makin seru. Pesan sekarang!,115.001,2025-07-04 21:38:23
"Pizza Hut Delivery - PHD, Kapas Krampung",Double Box Signature & Coke,Dua topping Signature yang nikmat bikin kumpul makin seru dengan Gratis Coca Cola 1 Liter. Pesan sekarang!,153.000,2025-07-04 21:38:23
"Pizza Hut Delivery - PHD, Kapas Krampung",My Box Pizza,Bisa pilih Pizza dengan 1 Snack dan 1 Minuman. Tersedia kombinasi menu untukmu. Pesan sekarang!,50.001,2025-07-04 21:38:23
"Pizza Hut Delivery - PHD, Kapas Krampung",My Box Pasta,Bisa pilih Pasta dengan 1 Snack dan 1 Minuman. Tersedia kombinasi menu untukmu. Pesan sekarang!,50.001,2025-07-04 21:38:23
"Pizza Hut Delivery - PHD, Kapas Krampung",My Box Special Pizza,Bisa pilih Pizza Signature dengan 1 Snack dan 1 Minuman. Tersedia kombinasi menu untukmu. Pesan sekarang!,65.000,2025-07-04 21:38:23
"Pizza Hut Delivery - PHD, Kapas Krampung",My Box Healthy Pizza,"Bisa pilih 1 Pizza Signature dengan 1 Snack, 1 Salad dan 1 Minuman. Tersedia kombinasi menu untukmu. Pesan sekarang!",75.000,2025-07-04 21:38:23
"Pizza Hut Delivery - PHD, Kapas Krampung",My Box Duo Pizza,Bisa pilih 2 Pizza dengan 2 Snack dan 2 Minuman. Tersedia kombinasi menu untukmu. Pesan sekarang!,77.000,2025-07-04 21:38:23
"Pizza Hut Delivery - PHD, Kapas Krampung",Paket MaMa 1,Original Personal Beef/Chicken Aloha + Cheesy Dough Ball + Lemon Tea Cup,45.001,2025-07-04 21:38:23
"Pizza Hut Delivery - PHD, Kapas Krampung",Paket MaMa 2,Makin Mantap dengan Pizza Regular Beef/Chicken Aloha dan Cheesy Dough Ball. Pesan sekarang!,70.001,2025-07-04 21:38:23
"Pizza Hut Delivery - PHD, Kapas Krampung",Paket MaMa 3,Makin Mantap dengan 5 Personal Pizza. Pesan sekarang!,93.001,2025-07-04 21:38:23
"Pizza Hut Delivery - PHD, Kapas Krampung",FRIDAY IS A Big Box Day,Bebas pilih topping Signature dan dapat 5 varian Snack asin manisnya. Pesan sekarang!,160.001,2025-07-04 21:38:23
"Pizza Hut Delivery - PHD, Kapas Krampung",Melts Pizza,"Cheesy, Crispy, Loaded. Pizza Baru topping Seru Langsung Melts and Go! Pesan sekarang.",60.001,2025-07-04 21:38:23
"Pizza Hut Delivery - PHD, Kapas Krampung",QU4RTZA,"1 Pizza-nya, 4 Topping-nya, Banyak cuan-nya! Pesan sekarang!",156.000,2025-07-04 21:38:23
"Pizza Hut Delivery - PHD, Kapas Krampung",Pizza Heart,Ungkapin sayang bisa kapan saja dengan Pizza Heart. Pesan untuk dinikmati bersama orang tersayangmu.,140.000,2025-07-04 21:38:23
"Pizza Hut Delivery - PHD, Kapas Krampung",L1MO Pizza,"L1MO Pizza dengan Topping Tuna Melt, Meat Lovers dan Super Supreme. Pesan sekarang!",335.001,2025-07-04 21:38:23
"Pizza Hut Delivery - PHD, Kapas Krampung",L1MO 6 Topping,"Baru! L1MO Pizza 1 Meter kini lebih berlimpah kejunya. Yuk, Pesan sekarang!",345.000,2025-07-04 21:38:23
"Pizza Hut Delivery - PHD, Kapas Krampung",Combo Ayam in Love,Combo Ayam in Love dan 1 Minum,37.000,2025-07-04 21:38:23
"Pizza Hut Delivery - PHD, Kapas Krampung",Sweet Melts,"Heavenly, Crispy, Loaded. Pizza Baru dengan Topping Manis, Langsung Melts and Go! Pesan Sekarang!",39.001,2025-07-04 21:38:23
"Pizza Hut Delivery - PHD, Kapas Krampung",COFFEE BY PHD,Mulai harimu dengan pilihan ‘Coffee by PHD’ yang bikin semangatmu auto maksimal! Makin lengkap dengan tambahan Butter Cookies gratis! Atur juga level manis dan dinginnya pilihan kopi favoritmu dengan menambahkan informasi di notes.,24.001,2025-07-04 21:38:23
"Pizza Hut Delivery - PHD, Kapas Krampung",Big Box Superman,"Spesial Box Superman dengan isi Pizza Signature, French Fries, Chicken Sticks, Cheesy Dough Balls, Beef Sausage Bites, Choco Puff, dan GRATIS 1 Liter Coca Cola. Pesan sekarang!",179.001,2025-07-04 21:38:23
"Pizza Hut Delivery - PHD, Kapas Krampung",Nasi + Ayam (Wingstreet),"Temukan rasa yang tersembunyi dengan pilihan WingStreet dan Nasi yang beragam. Yuk, pesan",25.001,2025-07-04 21:38:23
"Pizza Hut Delivery - PHD, Kapas Krampung",Big Box,Bebas pilih topping Signature dan dapat 5 varian Snack asin manisnya. Pesan sekarang!,179.001,2025-07-04 21:38:23
"Pizza Hut Delivery - PHD, Kapas Krampung",Cheese Rizz Personal Pizza,"Real Cheese inside, outside, top side, on the side, on all sides!",75.000,2025-07-04 21:38:23
"Pizza Hut Delivery - PHD, Kapas Krampung",Cheese Rizz Regular Pizza,"Real Cheese inside, outside, top side, on the side, on all sides!",170.001,2025-07-04 21:38:24
"Pizza Hut Delivery - PHD, Kapas Krampung",Cheese Rizz Double Box Regular,Bisa pilih 1 Regular Pizza Cheese Rizz dengan 1 Original Pizza Regular. Pesan sekarang!,240.000,2025-07-04 21:38:24
"Pizza Hut Delivery - PHD, Kapas Krampung",Cheese Rizz QU4RTZA,"1 Pizza-nya, 4 Topping-nya, Banyak cuan-nya, Luber Kejunya, Pecah Rasanya. Pesan Sekarang!",231.000,2025-07-04 21:38:24
"Pizza Hut Delivery - PHD, Kapas Krampung",Value Bundles Cheese Rizz,1 Personal Pizza Cheese Rizz + 1 Drink,71.001,2025-07-04 21:38:24
"Pizza Hut Delivery - PHD, Kapas Krampung",Cheese Overflow Personal Pizza,"Personal Pizza Cheese Overflow. Luber Kejunya, Pecah Rasanya. Pesan Sekarang!",61.001,2025-07-04 21:38:24
"Pizza Hut Delivery - PHD, Kapas Krampung",Cheese Overflow Regular Pizza,"Regular Pizza Cheese Overflow. Luber Kejunya, Pecah Rasanya. Pesan Sekarang!",145.001,2025-07-04 21:38:24
"Pizza Hut Delivery - PHD, Kapas Krampung",Cheese Overflow Pasta,"Pasta Cheese Overflow. Luber Kejunya, Pecah Rasanya. Pesan Sekarang!",55.000,2025-07-04 21:38:24
"Pizza Hut Delivery - PHD, Kapas Krampung",Cheese Overflow Double Box,"Bisa Pilih 1 Pizza Regular Cheese Overflow dengan 1 Original Regular Pizza. Luber Kejunya, Pecah Rasanya. Pesan Sekarang!",215.001,2025-07-04 21:38:24
"Pizza Hut Delivery - PHD, Kapas Krampung",Value Bundles Cheese Overflow,Bisa pilih 1 Original Personal Pizza Cheese Overflow dengan 1 Minuman. Pesan sekarang!,71.001,2025-07-04 21:38:24
"Pizza Hut Delivery - PHD, Kapas Krampung",Fun Personal Pizza,1-2 pax,21.000,2025-07-04 21:38:24
"Pizza Hut Delivery - PHD, Kapas Krampung",Favorite Regular Pizza,3-4 pax,60.000,2025-07-04 21:38:24
"Pizza Hut Delivery - PHD, Kapas Krampung",Ultimate Regular Pizza,3-4 pax,95.000,2025-07-04 21:38:24
"Pizza Hut Delivery - PHD, Kapas Krampung",Signature Regular Pizza,3-4 pax,120.000,2025-07-04 21:38:24
"Pizza Hut Delivery - PHD, Kapas Krampung",ChocoCheese Personal Pizza,1-2 pax,33.000,2025-07-04 21:38:24
"Pizza Hut Delivery - PHD, Kapas Krampung",Mom's Spaghetti Bolognese,"Spaghetti, Daging Sapi Cincang, Tomato Sauce, Keju Cheddar, Parsley.",44.000,2025-07-04 21:38:24
"Pizza Hut Delivery - PHD, Kapas Krampung",Cheese Please Fusilli,"Fusilli, Pepperoni, Keju Cheddar, Keju Mozzarella, Beef Bits, Parsley.",50.001,2025-07-04 21:38:24
"Pizza Hut Delivery - PHD, Kapas Krampung",Carbonara Beef No Drama,"Fettuccine, Daging Sapi Asap, Jamur, Beef Bits, Crème Sauce, Parsley.",44.000,2025-07-04 21:38:24
"Pizza Hut Delivery - PHD, Kapas Krampung",Carbonara Chicken No Drama,"Fettuccine, Daging Ayam Asap, Jamur, Beef Bits, Crème Sauce, Parsley.",44.000,2025-07-04 21:38:24
"Pizza Hut Delivery - PHD, Kapas Krampung",Spaghetti O-Senk,"Spaghetti, BBQ Sosis berbalut telur, Onion, Daun Bawang, Bawang Goreng, Cabai Merah, Parsley",44.000,2025-07-04 21:38:24
"Pizza Hut Delivery - PHD, Kapas Krampung",Lasagna's Love Layers,"Lasagna, Daging Sapi Cincang, Tomato Sauce, Keju Mozzarella, Crème Sauce, Parsley.",50.001,2025-07-04 21:38:24
"Pizza Hut Delivery - PHD, Kapas Krampung",Katsu Curry Me With You,"Nasi, Chicken Katsu, Onion, Curry Sauce, Parsley.",44.000,2025-07-04 21:38:24
"Pizza Hut Delivery - PHD, Kapas Krampung",Mac Crunchy Chiz,"Macaroni, Daging Sapi Asap, Keju Cheddar, Keju Mozzarella, Chili Mayo, Bechamel Sauce, Parsley, Crunchy Crumb.",44.000,2025-07-04 21:38:24
"Pizza Hut Delivery - PHD, Kapas Krampung",Gyudon Curry On,"Spaghetti, Beef Gyudon, Paprika Hijau, Onion, Jamur, Curry Sauce, Wijen, Parsley.",50.001,2025-07-04 21:38:24
"Pizza Hut Delivery - PHD, Kapas Krampung",Nasgo Let's Go Beef,"Nasi, Meatball, Sosis Sapi, Sosis Ayam, Telur, Onion, Daun Bawang, Bawang Goreng, Cabai Merah.",44.000,2025-07-04 21:38:24
"Pizza Hut Delivery - PHD, Kapas Krampung",Nasgo Let's Go Chicken,"Nasi, Chicken Luncheon, Chicken Stick, Sosis Ayam, Telur, Onion, Daun Bawang, Bawang Goreng, Cabai Merah.",44.000,2025-07-04 21:38:24
"Pizza Hut Delivery - PHD, Kapas Krampung",Gyu Don't Worry,"Nasi, Beef Gyudon, Paprika Hijau, Onion, Jamur, Wijen.",44.000,2025-07-04 21:38:24
"Pizza Hut Delivery - PHD, Kapas Krampung",Beef Sausage Bites 5 Pcs,Sosis Sapi Panggang dan Saus Barbeque,36.000,2025-07-04 21:38:24
"Pizza Hut Delivery - PHD, Kapas Krampung",Chicken Sticks 10 pcs,Olahan Daging Ayam,36.000,2025-07-04 21:38:24
"Pizza Hut Delivery - PHD, Kapas Krampung",Cheesy Dough Balls 6 Pcs,Roti dengan Pepperoni dan Keju,30.000,2025-07-04 21:38:24
"Pizza Hut Delivery - PHD, Kapas Krampung",Cheese Rolls 6 Pcs,Roti dengan Keju Mozzarella,36.001,2025-07-04 21:38:24
"Pizza Hut Delivery - PHD, Kapas Krampung",Fresh Salad,"Selada, Tomat , Jeli, Jagung, Kentang , Edamame, Telur dan Saus Thousand Island",46.001,2025-07-04 21:38:24
"Pizza Hut Delivery - PHD, Kapas Krampung",Choco Puff,"Puff Pastry, Cokelat",30.000,2025-07-04 21:38:24
"Pizza Hut Delivery - PHD, Kapas Krampung",Wingstreet 6 Pcs,Tersedia dengan 4 pilihan sauce Spesial,54.000,2025-07-04 21:38:24
"Pizza Hut Delivery - PHD, Kapas Krampung",Tuna Puff,"Puff Pastry, Tuna dan Saus Mayonnaise",33.000,2025-07-04 21:38:24
"Pizza Hut Delivery - PHD, Kapas Krampung",Mac n Cheese 6 Pcs,"Pasta Makaroni, Daging Sapi Asap, Beef Bits dan Keju Mozzarella",33.000,2025-07-04 21:38:24
"Pizza Hut Delivery - PHD, Kapas Krampung",Aqua 330 ml,Aqua 330 ml,8.000,2025-07-04 21:38:24
"Pizza Hut Delivery - PHD, Kapas Krampung",Coca Cola 250 ml,Coca Cola PET 250 ml,12.000,2025-07-04 21:38:24
"Pizza Hut Delivery - PHD, Kapas Krampung",Lemonade,Minuman segar rasa lemon dengan jeruk nipis,18.000,2025-07-04 21:38:24
"Pizza Hut Delivery - PHD, Kapas Krampung",Coca Cola 1 Liter,Coca Cola 1lt,29.000,2025-07-04 21:38:24
"Pizza Hut Delivery - PHD, Kapas Krampung",Earl Grey Milk Tea,Teh Earl Grey dengan Fresh Milk dan Gula Aren,23.001,2025-07-04 21:38:24
"Pizza Hut Delivery - PHD, Kapas Krampung",Melon Lemonade Cup,"Minuman rasa melon, selasih dan jelly melon.",18.000,2025-07-04 21:38:24
"Dcrepes, Ruko Mulyosari",Takeaway Bag,WAJIB untuk pemesanan lebih dari 3 Crepes,1.000,2025-07-04 21:38:58
"Dcrepes, Ruko Mulyosari",Double Cheese,Perpaduan antara keju yang berlimpah dengan manisnya madu,25.300,2025-07-04 21:38:58
"Dcrepes, Ruko Mulyosari",Smoked Beef Truffle,Smoked Beef dengan potongan jamur yang lembut serta saus truffle yang menggoda,29.200,2025-07-04 21:38:58
"Dcrepes, Ruko Mulyosari",Choco Cheese with Coca Cola,Dengan pilihan minuman coca cola,29.500,2025-07-04 21:38:58
"Dcrepes, Ruko Mulyosari",Banana Choco Cheese with Coca Cola,Dengan pilihan minuman coca cola,31.600,2025-07-04 21:38:58
"Dcrepes, Ruko Mulyosari",Smoked Beef and Cheese with Coca Cola,Dengan pilihan minuman coca cola,34.850,2025-07-04 21:38:58
"Dcrepes, Ruko Mulyosari",Chili Doc with Coca Cola,Dengan pilihan minuman coca cola,35.900,2025-07-04 21:38:58
"Dcrepes, Ruko Mulyosari",Banana Choco Cheese Aqua,Dengan pilihan minuman Aqua,28.600,2025-07-04 21:38:58
"Dcrepes, Ruko Mulyosari",Choco Cheese Aqua,Dengan pilihan minuman Aqua,26.500,2025-07-04 21:38:58
"Dcrepes, Ruko Mulyosari",Chili Doc Aqua,Dengan pilihan minuman Aqua,32.900,2025-07-04 21:38:58
"Dcrepes, Ruko Mulyosari",Premium Beef Burger Aqua,Dengan pilihan minuman Aqua,37.200,2025-07-04 21:38:58
"Dcrepes, Ruko Mulyosari",Smoked Beef and Cheese Aqua,Dengan pilihan minuman Aqua,31.850,2025-07-04 21:38:58
"Dcrepes, Ruko Mulyosari",Spicy Tuna Aqua,Dengan pilihan minuman Aqua,32.900,2025-07-04 21:38:58
"Dcrepes, Ruko Mulyosari",Crispy Chicken BBQ Aqua,Dengan pilihan minuman Aqua,36.200,2025-07-04 21:38:58
"Dcrepes, Ruko Mulyosari",Banana Choco Cheese With Nu Tea,Dengan pilihan minuman Nu Tea Green Tea / Nu Tea Honey,28.600,2025-07-04 21:38:58
"Dcrepes, Ruko Mulyosari",Choco Cheese With Nu Tea,Dengan pilihan minuman Nu Tea Green Tea / Nu Tea Honey,26.500,2025-07-04 21:38:58
"Dcrepes, Ruko Mulyosari",Chili Doc With  Nu Tea,Dengan pilihan minuman Nu Tea Green Tea / Nu Tea Honey,32.900,2025-07-04 21:38:58
"Dcrepes, Ruko Mulyosari",Premium Beef Burger With Nu Tea,Dengan pilihan minuman Nu Tea Green Tea / Nu Tea Honey,37.200,2025-07-04 21:38:58
"Dcrepes, Ruko Mulyosari",Smoked Beef and Cheese With Nu Tea,Dengan pilihan minuman Nu Tea Green Tea / Nu Tea Honey,31.850,2025-07-04 21:38:58
"Dcrepes, Ruko Mulyosari",Spicy Tuna With Nu Tea,Dengan pilihan minuman Nu Tea Green Tea / Nu Tea Honey,32.900,2025-07-04 21:38:58
"Dcrepes, Ruko Mulyosari",Crispy Chicken BBQ with Nu Tea,Dengan pilihan minuman Nu Tea Green Tea / Nu Tea Honey,36.200,2025-07-04 21:38:58
"Dcrepes, Ruko Mulyosari",Banana Choco Cheese,N/A,21.600,2025-07-04 21:38:58
"Dcrepes, Ruko Mulyosari",Choco Cheese,N/A,19.500,2025-07-04 21:38:58
"Dcrepes, Ruko Mulyosari",Choco Peanut,N/A,17.200,2025-07-04 21:38:58
"Dcrepes, Ruko Mulyosari",Choco Custard,N/A,25.900,2025-07-04 21:38:58
"Dcrepes, Ruko Mulyosari",Banana Vanilla Custard,N/A,23.750,2025-07-04 21:38:58
"Dcrepes, Ruko Mulyosari",Cookies 'n Cream,N/A,26.450,2025-07-04 21:38:58
"Dcrepes, Ruko Mulyosari",Nutella Cheese,N/A,37.800,2025-07-04 21:38:58
"Dcrepes, Ruko Mulyosari",Cookies Vanilla Custard,N/A,27.000,2025-07-04 21:38:58
"Dcrepes, Ruko Mulyosari",Peanut and Cheese,N/A,19.500,2025-07-04 21:38:58
"Dcrepes, Ruko Mulyosari",Double Choco,N/A,24.850,2025-07-04 21:38:58
"Dcrepes, Ruko Mulyosari",Banana Choco Melt,N/A,25.900,2025-07-04 21:38:58
"Dcrepes, Ruko Mulyosari",Silverqueen,Potongan coklat silverqueen dibalut dengan crepes yang lembut dan tidak renyah,36.750,2025-07-04 21:38:58
"Dcrepes, Ruko Mulyosari",Ovomaltine Only,Crepes lembut (tidak renyah) dengan olesan selai Ovomaltine dan renyahnya biskuit oreo,35.650,2025-07-04 21:38:58
"Dcrepes, Ruko Mulyosari",Ovomaltine Cheese,Perpaduan manisnya ovomaltine dengan gurihnya taburan keju dalam balutan kulit crepes yang lembut,35.650,2025-07-04 21:38:58
"Dcrepes, Ruko Mulyosari",Ovomaltine Cookies,Ovomaltine dilengkapi dengan renyahnya cookies dalam balutan kulit crepes yang lembut,35.650,2025-07-04 21:38:58
"Dcrepes, Ruko Mulyosari",Chili Doc,N/A,25.900,2025-07-04 21:38:58
"Dcrepes, Ruko Mulyosari",Premium Beef Burger,N/A,30.200,2025-07-04 21:38:58
"Dcrepes, Ruko Mulyosari",Steak and Cheese,"Potongan daging sapi pilihan dipadukan dengan saus keju yang lezat, bikin kamu ketagihan",33.450,2025-07-04 21:38:58
"Dcrepes, Ruko Mulyosari",Smoked Beef And Cheese,N/A,24.850,2025-07-04 21:38:58
"Dcrepes, Ruko Mulyosari",Chicken Honey Mustard,Nikmatnya potongan ayam dalam balutan saus honey mustard dalam kerenyahan crepes savory,29.200,2025-07-04 21:38:58
"Dcrepes, Ruko Mulyosari",Spicy Tuna,N/A,25.900,2025-07-04 21:38:58
"Dcrepes, Ruko Mulyosari",Crispy Chicken BBQ,Kelezatan crepes dengan potongan daging ayam dan saus barbekyu yang tak tertandingi,29.200,2025-07-04 21:38:58
"Ayam Goreng Bakar Gokar Kencana, Mulyorejo",Ayam Gokar Ekoran /Ekor,"Ayam Kampung : Paha 2, Dada 2, Kepala, Hati, Rempela dilengkapi Sambal Lalapan",115.000,2025-07-04 21:39:32
"Ayam Goreng Bakar Gokar Kencana, Mulyorejo",Paket 1 : Paha/Dada Goreng + Nasi + Sambal + Lalapan + Cheers Gelas,N/A,42.800,2025-07-04 21:39:32
"Ayam Goreng Bakar Gokar Kencana, Mulyorejo",Paket 2 : Paha/Dada Bakar Madu + Nasi + Sambal + Lalapan + Cheers Gelas,N/A,42.800,2025-07-04 21:39:32
"Ayam Goreng Bakar Gokar Kencana, Mulyorejo","Paket 3: Paha/Dada Gokar, Tahu, Tempe, Terung Penyet + Nasi + Sambal Lalapan + Cheers Gelas",N/A,52.300,2025-07-04 21:39:32
"Ayam Goreng Bakar Gokar Kencana, Mulyorejo",Sego Cup Ayam Kampung Geprek,"Nasi, ayam goreng, sambal geprekan, lalapan. Sambal Tidak Bisa Dipisah.",32.300,2025-07-04 21:39:32
"Ayam Goreng Bakar Gokar Kencana, Mulyorejo",Paket 4 Gurami Bakar Madu + Nasi 2 + Es Teh 2,N/A,95.000,2025-07-04 21:39:32
"Ayam Goreng Bakar Gokar Kencana, Mulyorejo",Buncis Crispy,N/A,20.900,2025-07-04 21:39:32
"Ayam Goreng Bakar Gokar Kencana, Mulyorejo",Tahu Tempe Terung Penyet,Tahu 2 Tempe 2 Terung 2,21.400,2025-07-04 21:39:32
"Ayam Goreng Bakar Gokar Kencana, Mulyorejo",Ayam Paha / Dada Goreng,N/A,30.000,2025-07-04 21:39:32
"Ayam Goreng Bakar Gokar Kencana, Mulyorejo",Paha / Dada Bakar Madu,N/A,30.000,2025-07-04 21:39:32
"Ayam Goreng Bakar Gokar Kencana, Mulyorejo","Ayam Goreng, Tahu, Tempe, Terung Penyet",N/A,39.500,2025-07-04 21:39:32
"Ayam Goreng Bakar Gokar Kencana, Mulyorejo",Bandeng Bakar Madu Tanpa Duri,N/A,69.500,2025-07-04 21:39:32
"Ayam Goreng Bakar Gokar Kencana, Mulyorejo",Patin Bakar Madu,N/A,63.000,2025-07-04 21:39:32
"Ayam Goreng Bakar Gokar Kencana, Mulyorejo",Tahu Tempe Terung Penyet,N/A,21.400,2025-07-04 21:39:32
"Ayam Goreng Bakar Gokar Kencana, Mulyorejo",Ayam Goreng Frozen,N/A,110.000,2025-07-04 21:39:32
"Ayam Goreng Bakar Gokar Kencana, Mulyorejo",Ayam Bakar Madu Frozen,N/A,110.000,2025-07-04 21:39:32
"Ayam Goreng Bakar Gokar Kencana, Mulyorejo",Ayam Gokar Frozen,N/A,118.000,2025-07-04 21:39:32
"Ayam Goreng Bakar Gokar Kencana, Mulyorejo",Empal Goreng Frozen,N/A,64.500,2025-07-04 21:39:32
"Ayam Goreng Bakar Gokar Kencana, Mulyorejo",Pepes Bandeng Pedas Tanpa Duri Frozen,N/A,89.000,2025-07-04 21:39:32
"Ayam Goreng Bakar Gokar Kencana, Mulyorejo",Asem - Asem Iga Frozen,N/A,60.000,2025-07-04 21:39:32
"Ayam Goreng Bakar Gokar Kencana, Mulyorejo",Empal Suwir Frozen,N/A,81.500,2025-07-04 21:39:32
"Ayam Goreng Bakar Gokar Kencana, Mulyorejo",Asem Asem Daging Sapi Frozen,N/A,56.000,2025-07-04 21:39:32
"Ayam Goreng Bakar Gokar Kencana, Mulyorejo",Rawon Frozen,N/A,56.000,2025-07-04 21:39:32
"Ayam Goreng Bakar Gokar Kencana, Mulyorejo",Oseng Daging Suwir Pedas Frozen,N/A,81.500,2025-07-04 21:39:32
"Ayam Goreng Bakar Gokar Kencana, Mulyorejo",Plecing Ayam Frozen,Ayam Suwir Pedas Sedang Tanpa Tulang,63.000,2025-07-04 21:39:32
"Ayam Goreng Bakar Gokar Kencana, Mulyorejo",Iga Penyet Frozen,N/A,60.000,2025-07-04 21:39:32
"Ayam Goreng Bakar Gokar Kencana, Mulyorejo",Iga Bakar Madu Penyet Frozen,N/A,63.000,2025-07-04 21:39:32
"Ayam Goreng Bakar Gokar Kencana, Mulyorejo",Sop Buntut Frozen,N/A,66.500,2025-07-04 21:39:32
"Ayam Goreng Bakar Gokar Kencana, Mulyorejo",Soto Betawi Frozen,N/A,60.500,2025-07-04 21:39:32
"Ayam Goreng Bakar Gokar Kencana, Mulyorejo",Perkedel Kentang Frozen,N/A,45.000,2025-07-04 21:39:32
"Ayam Goreng Bakar Gokar Kencana, Mulyorejo",Cumi Asin Frozen,N/A,73.000,2025-07-04 21:39:32
"Ayam Goreng Bakar Gokar Kencana, Mulyorejo",Asem-asem Iga,Kuah sup asam dengan Iga,63.000,2025-07-04 21:39:32
"Ayam Goreng Bakar Gokar Kencana, Mulyorejo",Iga penyet,Iga goreng dengan sambal penyetan,63.000,2025-07-04 21:39:32
"Ayam Goreng Bakar Gokar Kencana, Mulyorejo",Iga bakar madu penyet,Iga bakar madu dengan sambal penyetan,66.000,2025-07-04 21:39:32
"Ayam Goreng Bakar Gokar Kencana, Mulyorejo",Pepes Bandeng Pedas Tanpa Duri,N/A,89.000,2025-07-04 21:39:32
"Ayam Goreng Bakar Gokar Kencana, Mulyorejo",Bandeng Bakar Madu Tanpa Duri,N/A,69.500,2025-07-04 21:39:32
"Ayam Goreng Bakar Gokar Kencana, Mulyorejo",Bandeng Goreng Tanpa Duri,N/A,63.000,2025-07-04 21:39:32
"Ayam Goreng Bakar Gokar Kencana, Mulyorejo",Gurami Goreng,N/A,63.000,2025-07-04 21:39:32
"Ayam Goreng Bakar Gokar Kencana, Mulyorejo",Gurami Bakar Madu,N/A,66.000,2025-07-04 21:39:32
"Ayam Goreng Bakar Gokar Kencana, Mulyorejo",Patin Bakar Madu,"Ikan Patin Bakar Madu, Sambal, Lalapan",63.000,2025-07-04 21:39:32
"Ayam Goreng Bakar Gokar Kencana, Mulyorejo",Patin Goreng,"Ikan Patin Goreng, Sambal, Lalapan",60.000,2025-07-04 21:39:32
"Ayam Goreng Bakar Gokar Kencana, Mulyorejo",Bandeng Goreng Uk. Besar,Bandeng Goreng Tanpa Duri,88.500,2025-07-04 21:39:32
"Ayam Goreng Bakar Gokar Kencana, Mulyorejo",Bandeng Bakar Madu Uk. Besar,Bandeng Bakar Madu Tanpa Duri,96.000,2025-07-04 21:39:32
"Ayam Goreng Bakar Gokar Kencana, Mulyorejo",Nila Goreng,N/A,45.000,2025-07-04 21:39:32
"Ayam Goreng Bakar Gokar Kencana, Mulyorejo",Nila Bakar Madu,N/A,48.000,2025-07-04 21:39:32
"Ayam Goreng Bakar Gokar Kencana, Mulyorejo",Patin Goreng Uk Besar,N/A,85.000,2025-07-04 21:39:32
"Ayam Goreng Bakar Gokar Kencana, Mulyorejo",Patin Bakar Madu Uk Besar,N/A,88.000,2025-07-04 21:39:32
"Ayam Goreng Bakar Gokar Kencana, Mulyorejo",Ayam Goreng Ekoran /Ekor,"Ayam Kampung : Paha 2, Dada 2, Kepala, Hati, Rempela dilengkapi Sambal Lalapan",113.000,2025-07-04 21:39:32
"Ayam Goreng Bakar Gokar Kencana, Mulyorejo",Kepala Bakar Madu /Potong,N/A,5.500,2025-07-04 21:39:32
"Ayam Goreng Bakar Gokar Kencana, Mulyorejo",Ayam Bakar Madu Ekoran /Ekor,"Ayam Kampung : Paha 2, Dada 2, Kepala, Hati, Rempela dilengkapi Sambal Lalapan",113.000,2025-07-04 21:39:32
"Ayam Goreng Bakar Gokar Kencana, Mulyorejo",Kepala Goreng /Potong,N/A,5.000,2025-07-04 21:39:32
"Ayam Goreng Bakar Gokar Kencana, Mulyorejo",Ayam Paha / Dada Goreng,N/A,30.000,2025-07-04 21:39:32
"Ayam Goreng Bakar Gokar Kencana, Mulyorejo",Paha / Dada Bakar Madu,N/A,30.000,2025-07-04 21:39:32
"Ayam Goreng Bakar Gokar Kencana, Mulyorejo",Ayam Gokar Ekoran /Ekor,"Ayam Kampung : Paha 2, Dada 2, Kepala, Hati, Rempela dilengkapi Sambal Lalapan",115.000,2025-07-04 21:39:32
"Ayam Goreng Bakar Gokar Kencana, Mulyorejo",Paha / Dada Gokar,N/A,31.500,2025-07-04 21:39:32
"Ayam Goreng Bakar Gokar Kencana, Mulyorejo",Hati/Rempela Goreng,1 Tusuk Isi 3 Potong,9.800,2025-07-04 21:39:32
"Ayam Goreng Bakar Gokar Kencana, Mulyorejo",Hati/Rempela Bakar Madu,1 Tusuk Isi 3 Potong,10.000,2025-07-04 21:39:32
"Ayam Goreng Bakar Gokar Kencana, Mulyorejo",Kepala Gokar,N/A,6.500,2025-07-04 21:39:32
"Ayam Goreng Bakar Gokar Kencana, Mulyorejo",Hati/Rempela Gokar,1 Tusuk Isi 3 Potong,11.000,2025-07-04 21:39:32
"Ayam Goreng Bakar Gokar Kencana, Mulyorejo",Teh Hangat Manis / Es Teh Manis,N/A,8.500,2025-07-04 21:39:32
"Ayam Goreng Bakar Gokar Kencana, Mulyorejo",Es Teh Tarik/ Teh Tarik Hangat,N/A,14.000,2025-07-04 21:39:32
"Ayam Goreng Bakar Gokar Kencana, Mulyorejo",Teh Hangat Tawar / Es Teh Tawar,N/A,5.000,2025-07-04 21:39:32
"Ayam Goreng Bakar Gokar Kencana, Mulyorejo",Es Jeruk / Jeruk Hangat,N/A,13.000,2025-07-04 21:39:32
"Ayam Goreng Bakar Gokar Kencana, Mulyorejo",Es Coklat/ Coklat Hangat,N/A,14.000,2025-07-04 21:39:32
"Ayam Goreng Bakar Gokar Kencana, Mulyorejo",Cheers Gelas,N/A,2.500,2025-07-04 21:39:32
"Ayam Goreng Bakar Gokar Kencana, Mulyorejo",Cheers botol 600ml,N/A,5.000,2025-07-04 21:39:32
"Ayam Goreng Bakar Gokar Kencana, Mulyorejo",Paket 1 : Paha/Dada Goreng + Nasi + Sambal + Lalapan + Cheers Gelas,N/A,42.800,2025-07-04 21:39:32
"Ayam Goreng Bakar Gokar Kencana, Mulyorejo",Paket 2 : Paha/Dada Bakar Madu + Nasi + Sambal + Lalapan + Cheers Gelas,N/A,42.800,2025-07-04 21:39:32
"Ayam Goreng Bakar Gokar Kencana, Mulyorejo","Paket 3: Paha/Dada Gokar, Tahu, Tempe, Terung Penyet + Nasi + Sambal Lalapan + Cheers Gelas",N/A,52.300,2025-07-04 21:39:32
"Ayam Goreng Bakar Gokar Kencana, Mulyorejo",Paket 4 Gurami Bakar Madu + Nasi 2 + Es Teh 2,N/A,95.000,2025-07-04 21:39:32
"Ayam Goreng Bakar Gokar Kencana, Mulyorejo",Empal Goreng,N/A,35.000,2025-07-04 21:39:32
"Ayam Goreng Bakar Gokar Kencana, Mulyorejo",Empal Gokar,N/A,38.000,2025-07-04 21:39:32
"Ayam Goreng Bakar Gokar Kencana, Mulyorejo","Ayam Goreng, Tahu, Tempe, Terung Penyet",N/A,39.500,2025-07-04 21:39:32
"Ayam Goreng Bakar Gokar Kencana, Mulyorejo",Ayam Gokar (Paha/Dada) Penyet,N/A,37.000,2025-07-04 21:39:32
"Ayam Goreng Bakar Gokar Kencana, Mulyorejo",Sambal Lalapan,N/A,14.000,2025-07-04 21:39:32
"Ayam Goreng Bakar Gokar Kencana, Mulyorejo","Ayam Bakar Madu, Tahu, Tempe, Terung Penyet",N/A,42.000,2025-07-04 21:39:32
"Ayam Goreng Bakar Gokar Kencana, Mulyorejo",Tempe Bakar Madu Penyet,N/A,24.000,2025-07-04 21:39:32
"Ayam Goreng Bakar Gokar Kencana, Mulyorejo",Terung Goreng Penyet,N/A,20.000,2025-07-04 21:39:32
"Ayam Goreng Bakar Gokar Kencana, Mulyorejo",Bakwan Goreng Penyet,N/A,32.000,2025-07-04 21:39:32
"Ayam Goreng Bakar Gokar Kencana, Mulyorejo",Telur Dadar Penyet,N/A,14.000,2025-07-04 21:39:32
"Ayam Goreng Bakar Gokar Kencana, Mulyorejo",Paha/Dada Goreng Penyet,N/A,36.000,2025-07-04 21:39:32
"Ayam Goreng Bakar Gokar Kencana, Mulyorejo",Paha/Dada Bakar Madu Penyet,N/A,36.000,2025-07-04 21:39:32
"Ayam Goreng Bakar Gokar Kencana, Mulyorejo",Empal Goreng Penyet,N/A,39.500,2025-07-04 21:39:32
"Ayam Goreng Bakar Gokar Kencana, Mulyorejo",Empal Gokar Penyet,N/A,42.500,2025-07-04 21:39:32
"Ayam Goreng Bakar Gokar Kencana, Mulyorejo",Tahu Goreng Penyet,N/A,20.000,2025-07-04 21:39:32
"Ayam Goreng Bakar Gokar Kencana, Mulyorejo",Tempe Goreng Penyet,N/A,20.000,2025-07-04 21:39:32
"Ayam Goreng Bakar Gokar Kencana, Mulyorejo","Ayam Gokar, Tahu, Tempe, Terung Penye",N/A,43.500,2025-07-04 21:39:32
"Ayam Goreng Bakar Gokar Kencana, Mulyorejo","Hati/Rempela Goreng, Tahu, Tempe Penyet",N/A,19.500,2025-07-04 21:39:32
"Ayam Goreng Bakar Gokar Kencana, Mulyorejo","Kepala Goreng2, Tahu, Tempe, Penyet",N/A,19.500,2025-07-04 21:39:32
"Ayam Goreng Bakar Gokar Kencana, Mulyorejo","Hati/Rempela Bakar Madu, Tahu, Tempe Penyet",N/A,21.000,2025-07-04 21:39:32
"Ayam Goreng Bakar Gokar Kencana, Mulyorejo","Kepala Bakar Madu 2, Tahu, Tempe, Penyet",N/A,21.000,2025-07-04 21:39:32
"Ayam Goreng Bakar Gokar Kencana, Mulyorejo","Hati/Rempela Gokar, Tahu, Tempe Penyet",N/A,22.000,2025-07-04 21:39:32
"Ayam Goreng Bakar Gokar Kencana, Mulyorejo","Kepala Gokar 2, Tahu, Tempe, Penyet",N/A,22.000,2025-07-04 21:39:32
"Ayam Goreng Bakar Gokar Kencana, Mulyorejo",Telur Dadar Tahu Tempe Penyet,N/A,20.000,2025-07-04 21:39:32
"Ayam Goreng Bakar Gokar Kencana, Mulyorejo","Empal Goreng, Tahu, Tempe Terung Penyet",N/A,46.500,2025-07-04 21:39:32
"Ayam Goreng Bakar Gokar Kencana, Mulyorejo","Empal Gokar ,Tahu, Tempe, Terung Penyet",N/A,48.000,2025-07-04 21:39:32
"Ayam Goreng Bakar Gokar Kencana, Mulyorejo",Bakwan Goreng Tahu Tempe Terung Penyet,N/A,38.000,2025-07-04 21:39:32
"Ayam Goreng Bakar Gokar Kencana, Mulyorejo",Penyetan Goreng Komplit,"Ayam, Empal, Hati/Rempela, Kepala 2, Telur Dada",101.000,2025-07-04 21:39:32
"Ayam Goreng Bakar Gokar Kencana, Mulyorejo",Tahu Tempe Terung Penyet,Tahu 2 Tempe 2 Terung 2,21.400,2025-07-04 21:39:32
"Ayam Goreng Bakar Gokar Kencana, Mulyorejo","Ayam Gokar, Tahu, Tempe, Terung Penyet",N/A,40.500,2025-07-04 21:39:32
"Ayam Goreng Bakar Gokar Kencana, Mulyorejo",Sayur Asem,N/A,12.500,2025-07-04 21:39:32
"Ayam Goreng Bakar Gokar Kencana, Mulyorejo",Nasi Putih,N/A,9.000,2025-07-04 21:39:32
"Ayam Goreng Bakar Gokar Kencana, Mulyorejo",Udang Crispy,N/A,22.000,2025-07-04 21:39:32
"Ayam Goreng Bakar Gokar Kencana, Mulyorejo",Tahu Goreng,N/A,20.000,2025-07-04 21:39:32
"Ayam Goreng Bakar Gokar Kencana, Mulyorejo",Jamur Geprek,Jamur Goreng + Sambal Geprekan ( Sambal Dibungkus Terpisah ),22.500,2025-07-04 21:39:32
"Ayam Goreng Bakar Gokar Kencana, Mulyorejo",Plecing Kangkung,N/A,20.000,2025-07-04 21:39:32
"Ayam Goreng Bakar Gokar Kencana, Mulyorejo",Terung Balado,N/A,20.000,2025-07-04 21:39:32
"Ayam Goreng Bakar Gokar Kencana, Mulyorejo",Buncis Crispy,N/A,20.900,2025-07-04 21:39:32
"Ayam Goreng Bakar Gokar Kencana, Mulyorejo",Wader Crispy,N/A,22.000,2025-07-04 21:39:32
"Ayam Goreng Bakar Gokar Kencana, Mulyorejo",Pete Goreng,N/A,18.000,2025-07-04 21:39:32
"Ayam Goreng Bakar Gokar Kencana, Mulyorejo",Ikan Asin,N/A,19.500,2025-07-04 21:39:32
"Ayam Goreng Bakar Gokar Kencana, Mulyorejo",Krupuk Mawar,N/A,6.000,2025-07-04 21:39:32
"Ayam Goreng Bakar Gokar Kencana, Mulyorejo",Krupuk Ikan,N/A,6.000,2025-07-04 21:39:32
"Ayam Goreng Bakar Gokar Kencana, Mulyorejo",Sego Cup Empal Goreng Udang Crispy,"nasi, empal goreng, udang crispy, serundeng kelapa, sambal, lalapan",38.000,2025-07-04 21:39:32
"Ayam Goreng Bakar Gokar Kencana, Mulyorejo",Sego Cup Empal Gokar Udang Crispy,"nasi, empal gokar ( goreng-bakar ), udang crispy, serundeng kelapa, sambal lalapan",41.000,2025-07-04 21:39:32
"Ayam Goreng Bakar Gokar Kencana, Mulyorejo",Sego Cup Terung Penyet,"Nasi, terung goreng siram sambal penyetan + lalapan",21.000,2025-07-04 21:39:32
"Ayam Goreng Bakar Gokar Kencana, Mulyorejo",Sego Cup Ayam Kampung Geprek,"Nasi, ayam goreng, sambal geprekan, lalapan. Sambal Tidak Bisa Dipisah.",32.300,2025-07-04 21:39:32
"Ayam Goreng Bakar Gokar Kencana, Mulyorejo",Sego Cup Jamur Geprek,"Nasi, Jamur goreng, sambal geprekan, lalapan. Sambal Tidak Bisa Dipisah",21.000,2025-07-04 21:39:32
"Ayam Goreng Bakar Gokar Kencana, Mulyorejo",Sego Cup Telur Crispy,"Nasi + Telur Crispy gurih , Serundeng, Sambal, Lalapan",22.000,2025-07-04 21:39:32
"Ayam Goreng Bakar Gokar Kencana, Mulyorejo",Sego Cup Telur Dadar Ayam Suwir,"Nasi, Telur Dadar Ayam Suwir",27.000,2025-07-04 21:39:32
"Ayam Goreng Bakar Gokar Kencana, Mulyorejo",Sego Cup Telur Dadar Wader Crispy,"Nadi, Telur Dadar, Wader Crispy, Kangkung, Sambel, Timun",30.000,2025-07-04 21:39:32
"KFC, Mulyosari Surabaya",Cream Soup,1 Porsi Cream Soup,12.500,2025-07-04 21:40:01
"KFC, Mulyosari Surabaya",Spaghetti deluxe,1 Porsi Spaghetti Deluxe,12.500,2025-07-04 21:40:01
"KFC, Mulyosari Surabaya",Spaghetti Supreme,1 Porsi Spaghetti Supreme,23.000,2025-07-04 21:40:01
"KFC, Mulyosari Surabaya",Snack Bucket BBQ 1,1 Porsi French Fries Large + 4 pcs Chicken Strips + 1 KFC Winger + 6 pcs Chicken Balls + Bumbu BBQ,92.500,2025-07-04 21:40:01
"KFC, Mulyosari Surabaya",KFC Winger,KFC Winger,28.000,2025-07-04 21:40:01
"KFC, Mulyosari Surabaya",KFC Puas Burger,Crispy Burger + Softdrink Reguler,15.000,2025-07-04 21:40:01
"KFC, Mulyosari Surabaya",KFC Puas Noodle,Noodle + Softdrink Reguler,15.000,2025-07-04 21:40:01
"KFC, Mulyosari Surabaya",KFC Puas Nasi Uduk,Nasi Uduk + Softdrink Reguler,15.000,2025-07-04 21:40:01
"KFC, Mulyosari Surabaya",LDR Package,1Pc Chicken + 1Rice + 1 Coke Zero Reg,26.500,2025-07-04 21:40:01
"KFC, Mulyosari Surabaya",Winger Barbeque Fest 1,1 ½ Winger (3 Drumette & 3 Wingette) Barbeque,37.500,2025-07-04 21:40:01
"KFC, Mulyosari Surabaya",Winger Barbeque Fest 2,2 ½ Winger (5 Drumette & 5 Wingette) Barbeque,59.000,2025-07-04 21:40:01
"KFC, Mulyosari Surabaya",Triple Treat,3Pc Chicken + 3Rice + 3 Fanta Reguler,69.000,2025-07-04 21:40:01
"KFC, Mulyosari Surabaya",Combo Latte 1,1 Pc Chicken + 1 Rice + 1 Spaghetti Deluxe New + 1 Ice Latte Nescafe,50.000,2025-07-04 21:40:01
"KFC, Mulyosari Surabaya",Combo Latte 2,1 Pc Chicken + 1 Crispy Burger + 1 Ice Latte Nescafe,42.500,2025-07-04 21:40:01
"KFC, Mulyosari Surabaya",KFC Noodle,1 porsi KFC Noodle,16.000,2025-07-04 21:40:01
"KFC, Mulyosari Surabaya",Don Series With Egg,1 porsi Don Series  + 1 Egg,26.000,2025-07-04 21:40:01
"KFC, Mulyosari Surabaya",Hot Chocolate Nescafe,Hot Chocolate Nescafe,15.500,2025-07-04 21:40:01
"KFC, Mulyosari Surabaya",Iced Chocolate Float Nescafe,Iced Chocolate Float Nescafe,19.500,2025-07-04 21:40:01
"KFC, Mulyosari Surabaya",Nasi Uduk,Nasi Uduk,20.500,2025-07-04 21:40:01
"KFC, Mulyosari Surabaya",Nasi Uduk+Telur Dadar,1 Nasi Uduk + 1 Telur Dadar,26.500,2025-07-04 21:40:01
"KFC, Mulyosari Surabaya",Sup Tahu Bakso,2 Tahu Bakso,16.000,2025-07-04 21:40:01
"KFC, Mulyosari Surabaya",Add On Sambal Bawang,1 Sambal Bawang Sachet,3.000,2025-07-04 21:40:01
"KFC, Mulyosari Surabaya",Avocado Float,Avocado Float,17.500,2025-07-04 21:40:01
"KFC, Mulyosari Surabaya",Super Komplit 1,1 Crispy Burger + Half Winger + 1 French Fries Reg + 1 Fanta Reguler,55.000,2025-07-04 21:40:01
"KFC, Mulyosari Surabaya",Super Komplit 2,1 Pc Chicken + 1 Rice + 1 Cream Soup + 1 Mocha Float,49.000,2025-07-04 21:40:01
"KFC, Mulyosari Surabaya",Super Komplit 3,1 Pc Chicken + 1 Rice  + 1 porsi Chicken Strips + 1 Mocha Float,54.500,2025-07-04 21:40:01
"KFC, Mulyosari Surabaya",Super Komplit 4,1 Pc Chicken + 1 Rice + 1 Colonel Burger + 1 Mocha Float,64.000,2025-07-04 21:40:01
"KFC, Mulyosari Surabaya",Super Family,5 Pcs Chicken + 3 Pcs Rice + 3 Fanta Medium,139.000,2025-07-04 21:40:01
"KFC, Mulyosari Surabaya",Super Besar 1,1 pc Chicken + 1 Rice + 1 Coca-Cola Medium,40.500,2025-07-04 21:40:01
"KFC, Mulyosari Surabaya",Super Besar 2,2 pc Chicken + 1 Rice + 1 Coca-Cola Medium,53.500,2025-07-04 21:40:01
"KFC, Mulyosari Surabaya",Breakfast Combo 1,1 Original Porridge + Hot Tea / Hot Coffee,15.000,2025-07-04 21:40:01
"KFC, Mulyosari Surabaya",Breakfast Combo 2,1 Chicken Porridge + Hot Tea / Hot Coffee,23.500,2025-07-04 21:40:01
"KFC, Mulyosari Surabaya",Kombo Colonel Burger,1  Colonel Burger  + 1 French Fries Reguler + 1 Fanta Reguler,58.000,2025-07-04 21:40:01
"KFC, Mulyosari Surabaya",Kombo Crispy Burger,1  Crispy Burger + 1 French Fries Reguler + 1 Fanta Reguler,44.500,2025-07-04 21:40:01
"KFC, Mulyosari Surabaya",Kombo Single SuperStar,1 Pc Chicken + 1 Rice + 1 Fanta Reguler + 1 CD / CD Digital,71.000,2025-07-04 21:40:01
"KFC, Mulyosari Surabaya",Kombo Duo SuperStar,2 pcs Chicken + 2 Rice + 1 Fanta Reguler + 1 Fun Fries BBQ + 1 Mocha Float + 1 CD,106.500,2025-07-04 21:40:01
"KFC, Mulyosari Surabaya",Kombo Triple SuperStar,4 Chicken + 3 Rice + 3 Fanta Reguler + 3 KFC Soup + 1 CD,172.500,2025-07-04 21:40:01
"KFC, Mulyosari Surabaya",9 Pcs Chicken Bucket,9 Potong Ayam,179.000,2025-07-04 21:40:01
"KFC, Mulyosari Surabaya",Winger Bucket,7 Pcs Half winger,106.000,2025-07-04 21:40:01
"KFC, Mulyosari Surabaya",Snack Bucket BBQ 1,1 Porsi French Fries Large + 4 pcs Chicken Strips + 1 KFC Winger + 6 pcs Chicken Balls + Bumbu BBQ,92.500,2025-07-04 21:40:01
"KFC, Mulyosari Surabaya",Snack Bucket BBQ 2,1 Porsi French Fries Large + 2 pcs Chicken Strips + 1 KFC Winger + 6 pcs Chicken Balls + Bumbu BBQ,78.500,2025-07-04 21:40:01
"KFC, Mulyosari Surabaya",1 Pc Chicken,1pc Chicken,23.500,2025-07-04 21:40:01
"KFC, Mulyosari Surabaya",3 Pcs Chicken,3 Pcs Chicken,68.500,2025-07-04 21:40:01
"KFC, Mulyosari Surabaya",5 Pcs Chicken,5 Pcs Chicken,112.500,2025-07-04 21:40:01
"KFC, Mulyosari Surabaya",KFC Winger,KFC Winger,28.000,2025-07-04 21:40:01
"KFC, Mulyosari Surabaya",Crispy Strips,2pcs Chicken Strips,21.000,2025-07-04 21:40:01
"KFC, Mulyosari Surabaya",Winger BBQ,Winger BBQ,32.000,2025-07-04 21:40:01
"KFC, Mulyosari Surabaya",Perkedel,1pc Perkedel,11.000,2025-07-04 21:40:01
"KFC, Mulyosari Surabaya",Telur Dadar,Telur Dadar,12.000,2025-07-04 21:40:01
"KFC, Mulyosari Surabaya",Colonel Burger,1pc Colonel Burger,33.500,2025-07-04 21:40:01
"KFC, Mulyosari Surabaya",Rice,Rice,11.000,2025-07-04 21:40:01
"KFC, Mulyosari Surabaya",Chick Ball BBQ,6pcs Chicken Balls Barbeque,17.000,2025-07-04 21:40:01
"KFC, Mulyosari Surabaya",Twisty,1pc Twisty,21.000,2025-07-04 21:40:01
"KFC, Mulyosari Surabaya",Fun Fries,Fun Fries,29.000,2025-07-04 21:40:01
"KFC, Mulyosari Surabaya",French Fries Reguler,French Fries Reguler,22.500,2025-07-04 21:40:01
"KFC, Mulyosari Surabaya",French Fries Large,French Fries Large,28.000,2025-07-04 21:40:01
"KFC, Mulyosari Surabaya",Yakiniku Don,1 Porsi Yakiniku Don,20.500,2025-07-04 21:40:01
"KFC, Mulyosari Surabaya",Pudding,Pudding,9.500,2025-07-04 21:40:01
"KFC, Mulyosari Surabaya",Tote Bag,1 pc Tote Bag/Kantong Ramah Lingkungan Cukup untuk 2 Bucket Besar KFC,5.000,2025-07-04 21:40:01
"KFC, Mulyosari Surabaya",Spaghetti Supreme,1 Porsi Spaghetti Supreme,23.000,2025-07-04 21:40:01
"KFC, Mulyosari Surabaya",Kolak Alacarte,1 Pcs Kolak Alacarte,9.500,2025-07-04 21:40:01
"KFC, Mulyosari Surabaya",Spaghetti deluxe,1 Porsi Spaghetti Deluxe,12.500,2025-07-04 21:40:01
"KFC, Mulyosari Surabaya",KFC Soup,1 Prosi KFC Soup,12.500,2025-07-04 21:40:01
"KFC, Mulyosari Surabaya",Cream Soup,1 Porsi Cream Soup,12.500,2025-07-04 21:40:01
"KFC, Mulyosari Surabaya",Mango Float,Mango Float,13.000,2025-07-04 21:40:01
"KFC, Mulyosari Surabaya",Mocha Float,Mocha Float,17.500,2025-07-04 21:40:01
"KFC, Mulyosari Surabaya",Crispy Burger,1pc Crispy Burger,18.500,2025-07-04 21:40:01
"KFC, Mulyosari Surabaya",Oriental Don,1 Porsi Oriental Don,20.500,2025-07-04 21:40:01
"KFC, Mulyosari Surabaya",Cola Float,Cola Float,11.500,2025-07-04 21:40:01
"KFC, Mulyosari Surabaya",Fanta Float,Fanta Float,11.500,2025-07-04 21:40:01
"KFC, Mulyosari Surabaya",Sprite Float,Sprite Float,11.500,2025-07-04 21:40:01
"KFC, Mulyosari Surabaya",Ice Cappuccino Float,Ice Cappuccino Float,23.500,2025-07-04 21:40:01
"KFC, Mulyosari Surabaya",Ice Coffee Nescafe,Ice Coffee Nescafe,15.000,2025-07-04 21:40:01
"KFC, Mulyosari Surabaya",Ice Latte Nescafe,Ice Latte Nescafe,21.500,2025-07-04 21:40:01
"KFC, Mulyosari Surabaya",Ice Cappucino Nescafe,Ice Cappucino Nescafe,20.500,2025-07-04 21:40:01
"KFC, Mulyosari Surabaya",Coca Cola Zero Medium,Coca – Cola Zero Medium,13.500,2025-07-04 21:40:01
"KFC, Mulyosari Surabaya",Coca Cola,Coca-Cola,13.500,2025-07-04 21:40:01
"KFC, Mulyosari Surabaya",Sprite,Sprite,13.500,2025-07-04 21:40:01
"KFC, Mulyosari Surabaya",Fanta,Fanta,13.500,2025-07-04 21:40:01
"KFC, Mulyosari Surabaya",Mineral Water,Mineral Water,10.000,2025-07-04 21:40:01
"KFC, Mulyosari Surabaya",Klepon Coffe Float,1 Klepon Coffe Float,19.500,2025-07-04 21:40:01
"KFC, Mulyosari Surabaya",Klepon Float,1 Klepon Float,19.500,2025-07-04 21:40:01
"McDonald's, Mulyosari Surabaya",McFlurry Feat. OREO,N/A,14.000,2025-07-04 21:40:41
"McDonald's, Mulyosari Surabaya",Choco Sundae,N/A,12.000,2025-07-04 21:40:41
"McDonald's, Mulyosari Surabaya",McFlurry Choco,N/A,14.000,2025-07-04 21:40:41
"McDonald's, Mulyosari Surabaya",French Fries Medium,N/A,21.000,2025-07-04 21:40:41
"McDonald's, Mulyosari Surabaya",Strawberry Sundae,N/A,12.000,2025-07-04 21:40:41
"McDonald's, Mulyosari Surabaya",Greetings Card,N/A,1.000,2025-07-04 21:40:41
"McDonald's, Mulyosari Surabaya",Love Card,N/A,1.000,2025-07-04 21:40:41
"McDonald's, Mulyosari Surabaya",Birthday Card,N/A,1.000,2025-07-04 21:40:41
"McDonald's, Mulyosari Surabaya",Hello Kitty Plush Bag Tag + McFlurry feat Oreo,N/A,42.500,2025-07-04 21:40:41
"McDonald's, Mulyosari Surabaya","Spicy Chicken Yakiniku Burger, A la carte",N/A,51.500,2025-07-04 21:40:41
"McDonald's, Mulyosari Surabaya","Paket Spicy Chicken Yakiniku Burger, large",N/A,80.000,2025-07-04 21:40:41
"McDonald's, Mulyosari Surabaya","Beef Yakiniku Tamago Burger, A la carte",N/A,43.500,2025-07-04 21:40:41
"McDonald's, Mulyosari Surabaya",Double Choco Pie A la Mode Chocolate,N/A,24.000,2025-07-04 21:40:41
"McDonald's, Mulyosari Surabaya",Double Choco Pie,N/A,17.500,2025-07-04 21:40:41
"McDonald's, Mulyosari Surabaya","Red Skin-on Fries, Large",N/A,30.500,2025-07-04 21:40:41
"McDonald's, Mulyosari Surabaya",Iced Chocolate Float,N/A,18.500,2025-07-04 21:40:41
"McDonald's, Mulyosari Surabaya","Share a Coke, Share a Meal - Spicy",N/A,110.500,2025-07-04 21:40:41
"McDonald's, Mulyosari Surabaya","Paket Beef Yakiniku Tamago Burger, Large",N/A,72.000,2025-07-04 21:40:41
"McDonald's, Mulyosari Surabaya","Paket Spicy Chicken Yakiniku Burger, medium",N/A,72.000,2025-07-04 21:40:41
"McDonald's, Mulyosari Surabaya",Double Choco Pie A la Mode Strawberry,N/A,24.000,2025-07-04 21:40:41
"McDonald's, Mulyosari Surabaya",Hello Kitty Plush Bag Tag + PaNas 1 Ayam McD Krispy,N/A,59.500,2025-07-04 21:40:41
"McDonald's, Mulyosari Surabaya","Fish Fillet Yakiniku Burger, A la carte",N/A,39.500,2025-07-04 21:40:41
"McDonald's, Mulyosari Surabaya","Paket HeBat McSpaghetti Ayam McD, Spicy",N/A,30.500,2025-07-04 21:40:41
"McDonald's, Mulyosari Surabaya","Paket HeBat McSpaghetti Ayam McD, Krispy",N/A,30.500,2025-07-04 21:40:41
"McDonald's, Mulyosari Surabaya","Paket Beef Yakiniku Tamago Burger, Medium",N/A,64.000,2025-07-04 21:40:41
"McDonald's, Mulyosari Surabaya",Sweet Surprise Gift,N/A,45.000,2025-07-04 21:40:41
"McDonald's, Mulyosari Surabaya","Paket Fish Fillet Yakiniku Burger, Large",N/A,65.000,2025-07-04 21:40:41
"McDonald's, Mulyosari Surabaya",Hello Kitty Plush Bag Tag + PaNas 1 Ayam McD Spicy,N/A,59.500,2025-07-04 21:40:41
"McDonald's, Mulyosari Surabaya","Share a Coke, Share a Meal - Krispy",N/A,110.500,2025-07-04 21:40:41
"McDonald's, Mulyosari Surabaya","Red Skin-on Fries, Medium",N/A,25.500,2025-07-04 21:40:41
"McDonald's, Mulyosari Surabaya","Paket Fish Fillet Yakiniku Burger, Medium",N/A,57.000,2025-07-04 21:40:41
"McDonald's, Mulyosari Surabaya",McHappy Socks  - Anak-anak,N/A,50.000,2025-07-04 21:40:41
"McDonald's, Mulyosari Surabaya",McHappy Socks - Dewasa,N/A,50.000,2025-07-04 21:40:41
"McDonald's, Mulyosari Surabaya","Paket Kenyang, Spicy",N/A,150.000,2025-07-04 21:40:41
"McDonald's, Mulyosari Surabaya","PROMO - 2x Paket Hemat Beef Yakiniku Tamago Burger, Med + 2x McFlurry feat. OREO",N/A,137.000,2025-07-04 21:40:41
"McDonald's, Mulyosari Surabaya",Paket Manis,N/A,71.500,2025-07-04 21:40:41
"McDonald's, Mulyosari Surabaya","Paket Berbagi - 25pax Ayam McD+ Rice, Med+ Mineral Water Cup",N/A,587.500,2025-07-04 21:40:41
"McDonald's, Mulyosari Surabaya","Share a Coke, Share a Meal - Spicy",N/A,110.500,2025-07-04 21:40:41
"McDonald's, Mulyosari Surabaya",Paket Ngemil,N/A,110.000,2025-07-04 21:40:41
"McDonald's, Mulyosari Surabaya","Paket Kenyang, Krispy",N/A,150.000,2025-07-04 21:40:41
"McDonald's, Mulyosari Surabaya","Share a Coke, Share a Meal - Krispy",N/A,110.500,2025-07-04 21:40:41
"McDonald's, Mulyosari Surabaya","PROMO - Paket Hemat Beef Yakiniku Tamago Bgr, M & Spicy Chicken Yakiniku Bgr, M +2x McFlurry ft OREO",N/A,137.000,2025-07-04 21:40:41
"McDonald's, Mulyosari Surabaya",McSpicy,N/A,43.000,2025-07-04 21:40:41
"McDonald's, Mulyosari Surabaya","Paket Hemat McSpicy, Large",N/A,65.500,2025-07-04 21:40:41
"McDonald's, Mulyosari Surabaya","Paket Beef Yakiniku Tamago Burger, Medium",N/A,64.000,2025-07-04 21:40:41
"McDonald's, Mulyosari Surabaya",McChicken,N/A,33.500,2025-07-04 21:40:41
"McDonald's, Mulyosari Surabaya",Chicken Burger Deluxe,N/A,28.000,2025-07-04 21:40:41
"McDonald's, Mulyosari Surabaya","Paket Hemat Fish Fillet Burger, Medium",N/A,48.000,2025-07-04 21:40:41
"McDonald's, Mulyosari Surabaya",Double Cheese Burger,N/A,43.000,2025-07-04 21:40:41
"McDonald's, Mulyosari Surabaya",McNuggets 4 pcs,N/A,27.500,2025-07-04 21:40:41
"McDonald's, Mulyosari Surabaya","Paket Hemat Cheeseburger, Large",N/A,57.000,2025-07-04 21:40:41
"McDonald's, Mulyosari Surabaya",Fish Fillet Burger,N/A,33.500,2025-07-04 21:40:41
"McDonald's, Mulyosari Surabaya",Beef Burger Deluxe,N/A,28.000,2025-07-04 21:40:41
"McDonald's, Mulyosari Surabaya","Paket Hemat Cheeseburger Deluxe, Medium",N/A,50.500,2025-07-04 21:40:41
"McDonald's, Mulyosari Surabaya","Paket Hemat Chicken Burger Deluxe, Medium",N/A,44.000,2025-07-04 21:40:41
"McDonald's, Mulyosari Surabaya",Big Mac,N/A,45.500,2025-07-04 21:40:41
"McDonald's, Mulyosari Surabaya","Paket Hemat Beef Burger Deluxe, Medium",N/A,44.000,2025-07-04 21:40:41
"McDonald's, Mulyosari Surabaya",McNuggets 9 pcs,N/A,55.500,2025-07-04 21:40:41
"McDonald's, Mulyosari Surabaya","Beef Yakiniku Tamago Burger, A la carte",N/A,43.500,2025-07-04 21:40:41
"McDonald's, Mulyosari Surabaya","Paket Beef Yakiniku Tamago Burger, Large",N/A,72.000,2025-07-04 21:40:41
"McDonald's, Mulyosari Surabaya","Paket Hemat Triple Cheeseburger, Large",N/A,85.500,2025-07-04 21:40:41
"McDonald's, Mulyosari Surabaya",Cheeseburger Deluxe,N/A,35.500,2025-07-04 21:40:41
"McDonald's, Mulyosari Surabaya","Paket Spicy Chicken Yakiniku Burger, large",N/A,80.000,2025-07-04 21:40:41
"McDonald's, Mulyosari Surabaya","Paket Hemat Cheeseburger Deluxe, Large",N/A,59.000,2025-07-04 21:40:41
"McDonald's, Mulyosari Surabaya","Paket Hemat McSpicy, Medium",N/A,57.000,2025-07-04 21:40:41
"McDonald's, Mulyosari Surabaya","Paket Hemat Big Mac, Medium",N/A,59.500,2025-07-04 21:40:41
"McDonald's, Mulyosari Surabaya","Fish Fillet Yakiniku Burger, A la carte",N/A,39.500,2025-07-04 21:40:41
"McDonald's, Mulyosari Surabaya",McNuggets 6 pcs,N/A,40.500,2025-07-04 21:40:41
"McDonald's, Mulyosari Surabaya","Paket Hemat McChicken, Large",N/A,56.500,2025-07-04 21:40:41
"McDonald's, Mulyosari Surabaya","Paket Hemat McNuggets 6 pcs, Medium",N/A,52.500,2025-07-04 21:40:41
"McDonald's, Mulyosari Surabaya","Paket Hemat Beef Burger Deluxe, Large",N/A,52.500,2025-07-04 21:40:41
"McDonald's, Mulyosari Surabaya",Cheeseburger,N/A,33.500,2025-07-04 21:40:41
"McDonald's, Mulyosari Surabaya","Paket Hemat McNuggets 6 pcs, Large",N/A,61.000,2025-07-04 21:40:41
"McDonald's, Mulyosari Surabaya",Triple Cheeseburger,N/A,64.000,2025-07-04 21:40:41
"McDonald's, Mulyosari Surabaya","Paket Hemat Chicken Burger Deluxe, Large",N/A,52.500,2025-07-04 21:40:41
"McDonald's, Mulyosari Surabaya","Paket Hemat Cheeseburger, Medium",N/A,48.500,2025-07-04 21:40:41
"McDonald's, Mulyosari Surabaya","Paket Hemat Double Cheeseburger, Medium",N/A,58.500,2025-07-04 21:40:41
"McDonald's, Mulyosari Surabaya","Paket Fish Fillet Yakiniku Burger, Large",N/A,65.000,2025-07-04 21:40:41
"McDonald's, Mulyosari Surabaya","Paket Hemat Big Mac, Large",N/A,68.000,2025-07-04 21:40:41
"McDonald's, Mulyosari Surabaya","Paket Hemat Fish Fillet Burger, Large",N/A,56.500,2025-07-04 21:40:41
"McDonald's, Mulyosari Surabaya","Paket Hemat Double Cheeseburger, Large",N/A,67.000,2025-07-04 21:40:41
"McDonald's, Mulyosari Surabaya","Paket Spicy Chicken Yakiniku Burger, medium",N/A,72.000,2025-07-04 21:40:41
"McDonald's, Mulyosari Surabaya","Paket Hemat Triple Cheeseburger, Medium",N/A,77.000,2025-07-04 21:40:41
"McDonald's, Mulyosari Surabaya","Paket Fish Fillet Yakiniku Burger, Medium",N/A,57.000,2025-07-04 21:40:41
"McDonald's, Mulyosari Surabaya","Paket Hemat McChicken, Medium",N/A,48.000,2025-07-04 21:40:41
"McDonald's, Mulyosari Surabaya","Spicy Chicken Yakiniku Burger, A la carte",N/A,51.500,2025-07-04 21:40:41
"McDonald's, Mulyosari Surabaya","PaNas Special Krispy, Medium",N/A,47.500,2025-07-04 21:40:41
"McDonald's, Mulyosari Surabaya",PaMer 5 Krispy,N/A,97.500,2025-07-04 21:40:41
"McDonald's, Mulyosari Surabaya","PaNas 2  Krispy with Fries, Large",N/A,63.000,2025-07-04 21:40:41
"McDonald's, Mulyosari Surabaya",2 pcs Krispy Chicken McD,N/A,45.000,2025-07-04 21:40:41
"McDonald's, Mulyosari Surabaya","PaNas 2  Krispy, Large",N/A,58.500,2025-07-04 21:40:41
"McDonald's, Mulyosari Surabaya","PaNas Special Krispy, Large",N/A,54.000,2025-07-04 21:40:41
"McDonald's, Mulyosari Surabaya",PaMer 7 Krispy,N/A,125.500,2025-07-04 21:40:41
"McDonald's, Mulyosari Surabaya","PaNas 2  Krispy, Medium",N/A,52.000,2025-07-04 21:40:41
"McDonald's, Mulyosari Surabaya",1pc Krispy Chicken,N/A,24.500,2025-07-04 21:40:41
"McDonald's, Mulyosari Surabaya","PaNas 1 Krispy, Medium",N/A,39.500,2025-07-04 21:40:41
"McDonald's, Mulyosari Surabaya",PaNas Wings Korean Soy Garlic,N/A,45.000,2025-07-04 21:40:41
"McDonald's, Mulyosari Surabaya",PaMer 7 Mix,N/A,125.500,2025-07-04 21:40:41
"McDonald's, Mulyosari Surabaya","PaNas 1 Krispy, Large",N/A,46.000,2025-07-04 21:40:41
"McDonald's, Mulyosari Surabaya","PaNas 2  Krispy with Fries, Medium",N/A,54.500,2025-07-04 21:40:41
"McDonald's, Mulyosari Surabaya",PaMer 5 Mix,N/A,97.500,2025-07-04 21:40:41
"McDonald's, Mulyosari Surabaya",PaMer 5 Mix,N/A,97.500,2025-07-04 21:40:41
"McDonald's, Mulyosari Surabaya","PaNas 1 Spicy, Large",N/A,46.000,2025-07-04 21:40:41
"McDonald's, Mulyosari Surabaya","PaNas Special Spicy, Medium",N/A,47.500,2025-07-04 21:40:41
"McDonald's, Mulyosari Surabaya","PaNas 2  Spicy, Large",N/A,58.500,2025-07-04 21:40:41
"McDonald's, Mulyosari Surabaya",PaMer 5 Spicy,N/A,97.500,2025-07-04 21:40:41
"McDonald's, Mulyosari Surabaya",1pc Spicy Chicken,N/A,24.500,2025-07-04 21:40:41
"McDonald's, Mulyosari Surabaya",2 pcs Spicy Chicken McD,N/A,45.000,2025-07-04 21:40:41
"McDonald's, Mulyosari Surabaya","PaNas Special Spicy, Large",N/A,54.000,2025-07-04 21:40:41
"McDonald's, Mulyosari Surabaya","PaNas 2  Spicy with Fries, Large",N/A,63.000,2025-07-04 21:40:41
"McDonald's, Mulyosari Surabaya","PaNas 2  Spicy with Fries, Medium",N/A,54.500,2025-07-04 21:40:41
"McDonald's, Mulyosari Surabaya","PaNas 1 Spicy, Medium",N/A,39.500,2025-07-04 21:40:41
"McDonald's, Mulyosari Surabaya",PaMer 7 Spicy,N/A,125.500,2025-07-04 21:40:41
"McDonald's, Mulyosari Surabaya",PaMer 7 Mix,N/A,125.500,2025-07-04 21:40:41
"McDonald's, Mulyosari Surabaya","PaNas 2  Spicy, Medium",N/A,52.000,2025-07-04 21:40:41
"McDonald's, Mulyosari Surabaya",PaMer 5 Mix Medium,N/A,133.500,2025-07-04 21:40:41
"McDonald's, Mulyosari Surabaya",PaMer 5 Spicy Medium,N/A,133.500,2025-07-04 21:40:41
"McDonald's, Mulyosari Surabaya",PaMer 7 Mix Medium,N/A,186.000,2025-07-04 21:40:41
"McDonald's, Mulyosari Surabaya",PaMer 7 Spicy Medium,N/A,186.000,2025-07-04 21:40:41
"McDonald's, Mulyosari Surabaya",PaMer 5 Krispy Medium,N/A,133.500,2025-07-04 21:40:41
"McDonald's, Mulyosari Surabaya","Paket Keluarga Seru - McFlurry Feat. OREO, Dengan Mainan",N/A,94.000,2025-07-04 21:40:41
"McDonald's, Mulyosari Surabaya","Paket Keluarga Seru - McFlurry Feat. OREO, Tanpa Mainan",N/A,75.500,2025-07-04 21:40:41
"McDonald's, Mulyosari Surabaya",PaMer 7 Krispy Medium,N/A,186.000,2025-07-04 21:40:41
"McDonald's, Mulyosari Surabaya",Delivery Ulang Tahun - Ayam McD,N/A,200.000,2025-07-04 21:40:41
"McDonald's, Mulyosari Surabaya",Delivery Ulang Tahun - Beef Burger Deluxe,N/A,227.500,2025-07-04 21:40:41
"McDonald's, Mulyosari Surabaya",Happy Meal McNuggets,N/A,45.000,2025-07-04 21:40:41
"McDonald's, Mulyosari Surabaya",Happy Meal Ayam McD,N/A,45.000,2025-07-04 21:40:41
"McDonald's, Mulyosari Surabaya",Happy Meal Beef Burger,N/A,45.000,2025-07-04 21:40:41
"McDonald's, Mulyosari Surabaya",Paket HeBat McSpaghetti,N/A,20.000,2025-07-04 21:40:41
"McDonald's, Mulyosari Surabaya","Paket HeBat McSpaghetti Ayam McD, Spicy",N/A,30.500,2025-07-04 21:40:41
"McDonald's, Mulyosari Surabaya","Paket HeBat McSpaghetti Ayam McD, Krispy",N/A,30.500,2025-07-04 21:40:41
"McDonald's, Mulyosari Surabaya",Paket HeBat Korean Soy Garlic Wings,N/A,30.500,2025-07-04 21:40:41
"McDonald's, Mulyosari Surabaya",Paket HeBat Beef Burger Deluxe,N/A,33.000,2025-07-04 21:40:41
"McDonald's, Mulyosari Surabaya",Beef Burger,N/A,22.500,2025-07-04 21:40:41
"McDonald's, Mulyosari Surabaya",2 pcs Korean Soy Garlic Wings,N/A,16.500,2025-07-04 21:40:41
"McDonald's, Mulyosari Surabaya",Choco Sundae,N/A,12.000,2025-07-04 21:40:41
"McDonald's, Mulyosari Surabaya",Chicken Burger,N/A,22.500,2025-07-04 21:40:41
"McDonald's, Mulyosari Surabaya","Milo, Small",N/A,12.000,2025-07-04 21:40:41
"McDonald's, Mulyosari Surabaya",French Fries Regular,N/A,12.000,2025-07-04 21:40:41
"McDonald's, Mulyosari Surabaya",Spicy Chicken Bites,N/A,13.000,2025-07-04 21:40:41
"McDonald's, Mulyosari Surabaya",McFloat Fanta,N/A,12.000,2025-07-04 21:40:41
"McDonald's, Mulyosari Surabaya",Coke Float,N/A,12.000,2025-07-04 21:40:41
"McDonald's, Mulyosari Surabaya",Strawberry Sundae,N/A,12.000,2025-07-04 21:40:41
"McDonald's, Mulyosari Surabaya",Apple Pie,N/A,12.500,2025-07-04 21:40:41
"McDonald's, Mulyosari Surabaya",Iced Coffee,N/A,13.500,2025-07-04 21:40:41
"McDonald's, Mulyosari Surabaya",Nasi Uduk McD,N/A,21.500,2025-07-04 21:40:41
"McDonald's, Mulyosari Surabaya",McFlurry Choco,N/A,14.000,2025-07-04 21:40:41
"McDonald's, Mulyosari Surabaya",McFlurry Feat. OREO,N/A,14.000,2025-07-04 21:40:41
"McDonald's, Mulyosari Surabaya",Chicken Snack Wrap,N/A,17.500,2025-07-04 21:40:41
"McDonald's, Mulyosari Surabaya",French Fries Large,N/A,27.500,2025-07-04 21:40:41
"McDonald's, Mulyosari Surabaya",Apple Pie,N/A,12.500,2025-07-04 21:40:41
"McDonald's, Mulyosari Surabaya","Red Skin-on Fries, Large",N/A,30.500,2025-07-04 21:40:41
"McDonald's, Mulyosari Surabaya",Jasuke,N/A,15.000,2025-07-04 21:40:41
"McDonald's, Mulyosari Surabaya",Sweet Corn,N/A,13.000,2025-07-04 21:40:41
"McDonald's, Mulyosari Surabaya",McNuggets 6 pcs,N/A,40.500,2025-07-04 21:40:41
"McDonald's, Mulyosari Surabaya",McSpaghetti,N/A,15.000,2025-07-04 21:40:41
"McDonald's, Mulyosari Surabaya",Chicken Snack Wrap,N/A,17.500,2025-07-04 21:40:41
"McDonald's, Mulyosari Surabaya","Red Skin-on Fries, Medium",N/A,25.500,2025-07-04 21:40:41
"McDonald's, Mulyosari Surabaya",6 pcs Korean Soy Garlic Wings,N/A,49.500,2025-07-04 21:40:41
"McDonald's, Mulyosari Surabaya",French Fries Medium,N/A,21.000,2025-07-04 21:40:41
"McDonald's, Mulyosari Surabaya",McNuggets 4 pcs,N/A,27.500,2025-07-04 21:40:41
"McDonald's, Mulyosari Surabaya",Spicy Chicken Bites,N/A,13.000,2025-07-04 21:40:41
"McDonald's, Mulyosari Surabaya",McNuggets 9 pcs,N/A,55.500,2025-07-04 21:40:41
"McDonald's, Mulyosari Surabaya",Strawberry Sundae,N/A,12.000,2025-07-04 21:40:41
"McDonald's, Mulyosari Surabaya",Double Choco Pie A la Mode Chocolate,N/A,24.000,2025-07-04 21:40:41
"McDonald's, Mulyosari Surabaya",McFlurry Feat. OREO,N/A,14.000,2025-07-04 21:40:41
"McDonald's, Mulyosari Surabaya",McFlurry Choco,N/A,14.000,2025-07-04 21:40:41
"McDonald's, Mulyosari Surabaya",Choco Sundae,N/A,12.000,2025-07-04 21:40:41
"McDonald's, Mulyosari Surabaya",Dinosaur McFlurry Dark Choco with OREO,N/A,18.000,2025-07-04 21:40:41
"McDonald's, Mulyosari Surabaya",Double Choco Pie A la Mode Strawberry,N/A,24.000,2025-07-04 21:40:41
"McDonald's, Mulyosari Surabaya",Double Choco Pie,N/A,17.500,2025-07-04 21:40:41
"McDonald's, Mulyosari Surabaya",Dinosaur McFlurry with MILO Choco Balls,N/A,18.000,2025-07-04 21:40:41
"McDonald's, Mulyosari Surabaya",Hot Tea,N/A,12.000,2025-07-04 21:40:41
"McDonald's, Mulyosari Surabaya","Milo, Medium",N/A,20.000,2025-07-04 21:40:41
"McDonald's, Mulyosari Surabaya",Hot Coffee,N/A,12.000,2025-07-04 21:40:41
"McDonald's, Mulyosari Surabaya",Tehbotol Tawar,N/A,12.000,2025-07-04 21:40:41
"McDonald's, Mulyosari Surabaya",Fruit Tea Blackcurrant,N/A,12.000,2025-07-04 21:40:41
"McDonald's, Mulyosari Surabaya",Iced Coffee Jelly,N/A,16.000,2025-07-04 21:40:41
"McDonald's, Mulyosari Surabaya",Iced Coffee Jelly Float,N/A,23.000,2025-07-04 21:40:41
"McDonald's, Mulyosari Surabaya",Bottled Mineral Water,N/A,10.000,2025-07-04 21:40:41
"McDonald's, Mulyosari Surabaya",Iced Coffee Float,N/A,21.000,2025-07-04 21:40:41
"McDonald's, Mulyosari Surabaya",Iced Lychee Tea,N/A,20.000,2025-07-04 21:40:41
"McDonald's, Mulyosari Surabaya","Sprite, Large",N/A,14.500,2025-07-04 21:40:41
"McDonald's, Mulyosari Surabaya",Tehbotol Kotak,N/A,12.000,2025-07-04 21:40:41
"McDonald's, Mulyosari Surabaya","Fanta, Large",N/A,14.500,2025-07-04 21:40:41
"McDonald's, Mulyosari Surabaya",Iced Coffee,N/A,13.500,2025-07-04 21:40:41
"McDonald's, Mulyosari Surabaya",McFloat Fanta,N/A,12.000,2025-07-04 21:40:41
"McDonald's, Mulyosari Surabaya",Coke Float,N/A,12.000,2025-07-04 21:40:41
"McDonald's, Mulyosari Surabaya","Coca-Cola, Large",N/A,14.500,2025-07-04 21:40:41
"McDonald's, Mulyosari Surabaya","Fruit Tea Lemon, Large",N/A,14.500,2025-07-04 21:40:41
"McDonald's, Mulyosari Surabaya",Large Rice,N/A,13.000,2025-07-04 21:40:41
"McDonald's, Mulyosari Surabaya",Nasi Uduk McD,N/A,21.500,2025-07-04 21:40:41
"McDonald's, Mulyosari Surabaya",50th Hello Kitty Limited Edition Plush Bag Toy,N/A,37.500,2025-07-04 21:40:41
"McDonald's, Mulyosari Surabaya",McHappy Socks - Dewasa,N/A,50.000,2025-07-04 21:40:41
"McDonald's, Mulyosari Surabaya",McHappy Socks  - Anak-anak,N/A,50.000,2025-07-04 21:40:41
"Martabak & Terang Bulan ""Aliung"" Asli Bangka, Mulyosari Raya",Martabak Ayam Biasa,N/A,77.000,2025-07-04 21:41:17
"Martabak & Terang Bulan ""Aliung"" Asli Bangka, Mulyosari Raya",Martabak Ayam Special,N/A,80.000,2025-07-04 21:41:17
"Martabak & Terang Bulan ""Aliung"" Asli Bangka, Mulyosari Raya",Martabak Sapi Biasa,N/A,77.000,2025-07-04 21:41:17
"Martabak & Terang Bulan ""Aliung"" Asli Bangka, Mulyosari Raya",Martabak Sapi Special,N/A,80.000,2025-07-04 21:41:17
"Martabak & Terang Bulan ""Aliung"" Asli Bangka, Mulyosari Raya",Martabak Ayam Sosis Biasa,N/A,91.000,2025-07-04 21:41:17
"Martabak & Terang Bulan ""Aliung"" Asli Bangka, Mulyosari Raya",Martabak Sapi Sosis Biasa,N/A,91.000,2025-07-04 21:41:17
"Martabak & Terang Bulan ""Aliung"" Asli Bangka, Mulyosari Raya",Terang Bulan Tipis Kering Kacang Coklat Wijen,N/A,48.000,2025-07-04 21:41:17
"Martabak & Terang Bulan ""Aliung"" Asli Bangka, Mulyosari Raya",Terang Bulan Tipis Kering Keju Campur,"keju, coklat, kacang, wijen",50.000,2025-07-04 21:41:17
"Martabak & Terang Bulan ""Aliung"" Asli Bangka, Mulyosari Raya",Terang Bulan Tipis Kering Keju Polos,N/A,49.000,2025-07-04 21:41:17
"Martabak & Terang Bulan ""Aliung"" Asli Bangka, Mulyosari Raya",Terang Bulan Tipis Kering Ovomaltine,N/A,79.000,2025-07-04 21:41:17
"Martabak & Terang Bulan ""Aliung"" Asli Bangka, Mulyosari Raya",Terang Bulan Tipis Kering Ovomaltine Keju,N/A,81.000,2025-07-04 21:41:17
"Martabak & Terang Bulan ""Aliung"" Asli Bangka, Mulyosari Raya",Terang Bulan Tipis Kering Silverqueen,N/A,72.000,2025-07-04 21:41:17
"Martabak & Terang Bulan ""Aliung"" Asli Bangka, Mulyosari Raya",Terang Bulan Tipis Kering Keju Silverqueen,N/A,75.000,2025-07-04 21:41:17
"Martabak & Terang Bulan ""Aliung"" Asli Bangka, Mulyosari Raya",Terang Bulan Tipis Kering Toblerone,N/A,94.000,2025-07-04 21:41:17
"Martabak & Terang Bulan ""Aliung"" Asli Bangka, Mulyosari Raya",Terang Bulan Tipis Kering Keju Toblerone,N/A,96.000,2025-07-04 21:41:17
"Martabak & Terang Bulan ""Aliung"" Asli Bangka, Mulyosari Raya",Terang Bulan Tipis Kering Nutella,N/A,64.000,2025-07-04 21:41:17
"Martabak & Terang Bulan ""Aliung"" Asli Bangka, Mulyosari Raya",Terang Bulan Tipis Kering Nutella Keju,N/A,67.000,2025-07-04 21:41:17
"Martabak & Terang Bulan ""Aliung"" Asli Bangka, Mulyosari Raya",Martabak Ayam Biasa,N/A,77.000,2025-07-04 21:41:17
"Martabak & Terang Bulan ""Aliung"" Asli Bangka, Mulyosari Raya",Martabak Sapi Biasa,N/A,77.000,2025-07-04 21:41:17
"Martabak & Terang Bulan ""Aliung"" Asli Bangka, Mulyosari Raya",Martabak Ayam Jamur Biasa,N/A,91.000,2025-07-04 21:41:17
"Martabak & Terang Bulan ""Aliung"" Asli Bangka, Mulyosari Raya",Martabak Sapi Jamur  Biasa,N/A,91.000,2025-07-04 21:41:17
"Martabak & Terang Bulan ""Aliung"" Asli Bangka, Mulyosari Raya",Martabak Ayam Sosis Biasa,N/A,91.000,2025-07-04 21:41:17
"Martabak & Terang Bulan ""Aliung"" Asli Bangka, Mulyosari Raya",Martabak Sapi Sosis Biasa,N/A,91.000,2025-07-04 21:41:17
"Martabak & Terang Bulan ""Aliung"" Asli Bangka, Mulyosari Raya",Martabak Ayam Jamur Sosis Biasa,N/A,100.000,2025-07-04 21:41:17
"Martabak & Terang Bulan ""Aliung"" Asli Bangka, Mulyosari Raya",Martabak Sapi Jamur Sosis Biasa,N/A,100.000,2025-07-04 21:41:17
"Martabak & Terang Bulan ""Aliung"" Asli Bangka, Mulyosari Raya",Martabak Ayam Special,N/A,80.000,2025-07-04 21:41:17
"Martabak & Terang Bulan ""Aliung"" Asli Bangka, Mulyosari Raya",Martabak Sapi Special,N/A,80.000,2025-07-04 21:41:17
"Martabak & Terang Bulan ""Aliung"" Asli Bangka, Mulyosari Raya",Martabak Ayam Jamur  Special,N/A,94.000,2025-07-04 21:41:17
"Martabak & Terang Bulan ""Aliung"" Asli Bangka, Mulyosari Raya",Martabak Sapi Jamur Special,N/A,94.000,2025-07-04 21:41:17
"Martabak & Terang Bulan ""Aliung"" Asli Bangka, Mulyosari Raya",Martabak Ayam Sosis Spesial,N/A,94.000,2025-07-04 21:41:17
"Martabak & Terang Bulan ""Aliung"" Asli Bangka, Mulyosari Raya",Martabak Sapi Sosis Special,N/A,94.000,2025-07-04 21:41:17
"Martabak & Terang Bulan ""Aliung"" Asli Bangka, Mulyosari Raya",Martabak Ayam Jamur Sosis Special,N/A,105.000,2025-07-04 21:41:17
"Martabak & Terang Bulan ""Aliung"" Asli Bangka, Mulyosari Raya",Martabak Sapi Jamur Sosis Special,N/A,105.000,2025-07-04 21:41:17
"Martabak & Terang Bulan ""Aliung"" Asli Bangka, Mulyosari Raya",Martabak Ayam Super,N/A,91.000,2025-07-04 21:41:17
"Martabak & Terang Bulan ""Aliung"" Asli Bangka, Mulyosari Raya",Martabak Sapi Super,N/A,91.000,2025-07-04 21:41:17
"Martabak & Terang Bulan ""Aliung"" Asli Bangka, Mulyosari Raya",Martabak Ayam Jamur Super,N/A,103.000,2025-07-04 21:41:17
"Martabak & Terang Bulan ""Aliung"" Asli Bangka, Mulyosari Raya",Martabak Sapi Jamur  Super,N/A,103.000,2025-07-04 21:41:17
"Martabak & Terang Bulan ""Aliung"" Asli Bangka, Mulyosari Raya",Martabak Ayam Sosis Super,N/A,103.000,2025-07-04 21:41:17
"Martabak & Terang Bulan ""Aliung"" Asli Bangka, Mulyosari Raya",Martabak Sapi Sosis Super,N/A,103.000,2025-07-04 21:41:17
"Martabak & Terang Bulan ""Aliung"" Asli Bangka, Mulyosari Raya",Martabak Ayam Jamur Sosis Super,N/A,115.000,2025-07-04 21:41:17
"Martabak & Terang Bulan ""Aliung"" Asli Bangka, Mulyosari Raya",Martabak Sapi Jamur Sosis Super,N/A,115.000,2025-07-04 21:41:17
"Martabak & Terang Bulan ""Aliung"" Asli Bangka, Mulyosari Raya",Terang Bulan Biasa Coklat Kacang Wijen,N/A,76.000,2025-07-04 21:41:17
"Martabak & Terang Bulan ""Aliung"" Asli Bangka, Mulyosari Raya",Terang Bulan Biasa Keju Campur,"keju, coklat, kacang, wijen",81.000,2025-07-04 21:41:17
"Martabak & Terang Bulan ""Aliung"" Asli Bangka, Mulyosari Raya",Terang Bulan Biasa Keju Kismis,N/A,87.000,2025-07-04 21:41:17
"Martabak & Terang Bulan ""Aliung"" Asli Bangka, Mulyosari Raya",Terang Bulan Biasa Keju Polos,N/A,79.000,2025-07-04 21:41:17
"Martabak & Terang Bulan ""Aliung"" Asli Bangka, Mulyosari Raya",Terang Bulan Biasa Nutella,N/A,99.000,2025-07-04 21:41:17
"Martabak & Terang Bulan ""Aliung"" Asli Bangka, Mulyosari Raya",Terang Bulan Biasa Nutella Keju,N/A,104.000,2025-07-04 21:41:17
"Martabak & Terang Bulan ""Aliung"" Asli Bangka, Mulyosari Raya",Terang Bulan Biasa Ovomaltine,N/A,117.000,2025-07-04 21:41:17
"Martabak & Terang Bulan ""Aliung"" Asli Bangka, Mulyosari Raya",Terang Bulan Biasa Ovomaltine Keju,N/A,131.000,2025-07-04 21:41:17
"Martabak & Terang Bulan ""Aliung"" Asli Bangka, Mulyosari Raya",Terang Bulan Biasa Silverqueen,N/A,104.000,2025-07-04 21:41:17
"Martabak & Terang Bulan ""Aliung"" Asli Bangka, Mulyosari Raya",Terang Bulan Biasa Silverqueen Keju,N/A,110.000,2025-07-04 21:41:17
"Martabak & Terang Bulan ""Aliung"" Asli Bangka, Mulyosari Raya",Terang Bulan Biasa Toblerone,N/A,121.000,2025-07-04 21:41:17
"Martabak & Terang Bulan ""Aliung"" Asli Bangka, Mulyosari Raya",Terang Bulan Biasa Toblerone Keju,N/A,126.000,2025-07-04 21:41:17
"Martabak & Terang Bulan ""Aliung"" Asli Bangka, Mulyosari Raya",Terang Bulan Spesial Coklat Kacang Wijen,N/A,121.000,2025-07-04 21:41:17
"Martabak & Terang Bulan ""Aliung"" Asli Bangka, Mulyosari Raya",Terang Bulan Spesial Keju Campur,"keju, coklat, kacang, wijen",126.000,2025-07-04 21:41:17
"Martabak & Terang Bulan ""Aliung"" Asli Bangka, Mulyosari Raya",Terang Bulan Spesial Keju Kismis,N/A,127.000,2025-07-04 21:41:17
"Martabak & Terang Bulan ""Aliung"" Asli Bangka, Mulyosari Raya",Terang Bulan Spesial Keju Polos,N/A,123.000,2025-07-04 21:41:17
"Martabak & Terang Bulan ""Aliung"" Asli Bangka, Mulyosari Raya",Terang Bulan Spesial Nutella,N/A,146.000,2025-07-04 21:41:17
"Martabak & Terang Bulan ""Aliung"" Asli Bangka, Mulyosari Raya",Terang Bulan Spesial Nutella Keju,N/A,154.000,2025-07-04 21:41:17
"Martabak & Terang Bulan ""Aliung"" Asli Bangka, Mulyosari Raya",Terang Bulan Spesial Ovomaltine,N/A,167.000,2025-07-04 21:41:17
"Martabak & Terang Bulan ""Aliung"" Asli Bangka, Mulyosari Raya",Terang Bulan Spesial Ovomaltine Keju,N/A,181.000,2025-07-04 21:41:17
"Martabak & Terang Bulan ""Aliung"" Asli Bangka, Mulyosari Raya",Terang Bulan Spesial Silverqueen,N/A,152.000,2025-07-04 21:41:17
"Martabak & Terang Bulan ""Aliung"" Asli Bangka, Mulyosari Raya",Terang Bulan Spesial Silverqueen Keju,N/A,157.000,2025-07-04 21:41:17
"Martabak & Terang Bulan ""Aliung"" Asli Bangka, Mulyosari Raya",Terang Bulan Spesial Toblerone,N/A,173.000,2025-07-04 21:41:17
"Martabak & Terang Bulan ""Aliung"" Asli Bangka, Mulyosari Raya",Terang Bulan Spesial Toblerone Keju,N/A,180.000,2025-07-04 21:41:17
"Dapur Laut Gobar, Mulyorejo",Ikan Patin,Tanpa Nasi (Pilih Bakar / Goreng),44.000,2025-07-04 21:41:52
"Dapur Laut Gobar, Mulyorejo",Teh Manis,Es/hangat,5.000,2025-07-04 21:41:52
"Dapur Laut Gobar, Mulyorejo",Jeruk Manis,Es/hangat,10.000,2025-07-04 21:41:52
"Dapur Laut Gobar, Mulyorejo",Teh Tawar,Es/hangat,5.000,2025-07-04 21:41:52
"Dapur Laut Gobar, Mulyorejo",Cah Kangkung,N/A,12.500,2025-07-04 21:41:52
"Dapur Laut Gobar, Mulyorejo",Gurame Besar,Tanpa Nasi (Pilih Bakar / Goreng),73.900,2025-07-04 21:41:52
"Dapur Laut Gobar, Mulyorejo",Gurame Kecil,Tanpa Nasi (Pilih Bakar / Goreng),49.000,2025-07-04 21:41:52
"Dapur Laut Gobar, Mulyorejo",Ikan Patin,Tanpa Nasi (Pilih Bakar / Goreng),44.000,2025-07-04 21:41:52
"Dapur Laut Gobar, Mulyorejo",Lele,Tanpa Nasi (Pilih Bakar / Goreng),13.800,2025-07-04 21:41:52
"Dapur Laut Gobar, Mulyorejo",Ayam,Tanpa Nasi (Pilih Bakar / Goreng),22.500,2025-07-04 21:41:52
"Dapur Laut Gobar, Mulyorejo",Nasi Putih,N/A,6.500,2025-07-04 21:41:52
"Dapur Laut Gobar, Mulyorejo",Ikan Kakap Merah Sedang,Tanpa nasi(pilih bakar / goreng),45.500,2025-07-04 21:41:52
"Dapur Laut Gobar, Mulyorejo",Ikan Kerapu Super,N/A,47.500,2025-07-04 21:41:52
"Dapur Laut Gobar, Mulyorejo",Ikan Barracuda Kecil 1,Tanpa nasi(pilih bakar / goreng),45.500,2025-07-04 21:41:52
"Dapur Laut Gobar, Mulyorejo",Ikan Dorang Small,Goreng/ bakar (tanpa nasi),69.000,2025-07-04 21:41:52
"Dapur Laut Gobar, Mulyorejo",Ikan Bubara,Tanpa Nasi (Pilih Bakar / Goreng),47.500,2025-07-04 21:41:52
"Dapur Laut Gobar, Mulyorejo",Ikan Gt / Bubara,Tanpa Nasi (pilih Bakar/ Goreng),35.500,2025-07-04 21:41:52
"Dapur Laut Gobar, Mulyorejo",Ikan Kerapu Jumbo,tanpa nasi(pilih bakar/goreng),55.000,2025-07-04 21:41:52
"Dapur Laut Gobar, Mulyorejo",Ikan Kakap Merah S,Tanpa nasi (pilih bakar / goreng),60.000,2025-07-04 21:41:52
"Dapur Laut Gobar, Mulyorejo",Kakap Merah S1,Tanpa Nasi (pilih Bakar/goreng),67.500,2025-07-04 21:41:52
"Dapur Laut Gobar, Mulyorejo",Ikan Kakap Merah Super,Tanpa nasi(pilih bakar / goreng),91.500,2025-07-04 21:41:52
"Dapur Laut Gobar, Mulyorejo",Kakap Merah Besar 1,Tanpa Nasi (Pilih Bakar /goreng),79.500,2025-07-04 21:41:52
"Dapur Laut Gobar, Mulyorejo",Ikan Kakap Merah Besar 2,Tsnpa Nasi (pilih Bakar/goreng),73.500,2025-07-04 21:41:52
"Dapur Laut Gobar, Mulyorejo",Ikan Kakap M B,Tanpa nasi(pilih bakar / goreng),55.000,2025-07-04 21:41:52
"Dapur Laut Gobar, Mulyorejo",Ikan Kakap Merah Besar,Tanpa Nasi (Pilih Bakar / Goreng),47.500,2025-07-04 21:41:52
"Dapur Laut Gobar, Mulyorejo",Ikan Kakap Small 1,Tanpa nasi(pilih bakar / goreng),33.000,2025-07-04 21:41:52
"Dapur Laut Gobar, Mulyorejo",Kakap Merah Sedang 1,Tanpa Nasi (pilih Bakar/goreng),43.000,2025-07-04 21:41:52
"Dapur Laut Gobar, Mulyorejo",Ikan Kakap Merah,N/A,35.500,2025-07-04 21:41:52
"Dapur Laut Gobar, Mulyorejo",Ikan Kakap M Small,Tanpa nasi (pilih bakar / goreng),40.000,2025-07-04 21:41:52
"Dapur Laut Gobar, Mulyorejo",Kakap Merah Kecil 1,Tanpa Nasi (pilih Bakar/goreng),30.500,2025-07-04 21:41:52
"Dapur Laut Gobar, Mulyorejo",Ikan Kakap Merah Kecil,Tanpa Nasi (Pilih Bakar / Goreng),27.000,2025-07-04 21:41:52
"Dapur Laut Gobar, Mulyorejo",Ikan Mata Sebelah Besar,Tanpa Nasi(pilih Bakar/goreng),79.500,2025-07-04 21:41:52
"Dapur Laut Gobar, Mulyorejo",Ikan Mata Sebelah Besar 1,Tanpa Nasi (pilih Bakar/goreng),67.500,2025-07-04 21:41:52
"Dapur Laut Gobar, Mulyorejo",Ikan Mata Sebelah,Tanpa Nasi(pilih Bakar/goreng),60.000,2025-07-04 21:41:52
"Dapur Laut Gobar, Mulyorejo",Ikan Sebelah Small,Tanpa Nasi (Pilih Bakar / Goreng),55.000,2025-07-04 21:41:52
"Dapur Laut Gobar, Mulyorejo",Ikan Sebelah Small 1,Tanpa Nasi (pilih Bakar/goreng),51.500,2025-07-04 21:41:52
"Dapur Laut Gobar, Mulyorejo",Ikan Sebelah Kecil 1,Tanpa Nasi (pilih Bakar/goreng),47.500,2025-07-04 21:41:52
"Dapur Laut Gobar, Mulyorejo",Ikan Sebelah Kecil,Tanpa Nasi(pilih Bakar/goreng),39.000,2025-07-04 21:41:52
"Dapur Laut Gobar, Mulyorejo",Ikan Barracuda B,Tanpa nasi(pilih bakar / goreng),60.000,2025-07-04 21:41:52
"Dapur Laut Gobar, Mulyorejo",Ikan Dorang B,Tanpa nasi(pilih bakar / goreng),55.000,2025-07-04 21:41:52
"Dapur Laut Gobar, Mulyorejo",Ikan Dorang Small 1,Tanpa Nasi(pilih Bakar/goreng),45.500,2025-07-04 21:41:52
"Dapur Laut Gobar, Mulyorejo",Ikan Dorang S,Tanpa nasi (pilih bakar / goreng),47.500,2025-07-04 21:41:52
"Dapur Laut Gobar, Mulyorejo",Ikan Barracuda,Tanpa nasi(pilih bakar / goreng),39.000,2025-07-04 21:41:52
"Dapur Laut Gobar, Mulyorejo",Ikan Nila Besar,Tanpa Nasi (Pilih Bakar / Goreng),39.000,2025-07-04 21:41:52
"Dapur Laut Gobar, Mulyorejo",Ikan Nila S,Tanpa Nasi (pilih Bakar/goreng),30.500,2025-07-04 21:41:52
"Dapur Laut Gobar, Mulyorejo",Ikan Kerapu S,Tanpa nasi(pilih bakar / goreng),39.000,2025-07-04 21:41:52
"Dapur Laut Gobar, Mulyorejo",Ikan Kerapu Sedang,Tanpa nasi(pilih bakar / goreng),33.000,2025-07-04 21:41:52
"Dapur Laut Gobar, Mulyorejo",Ikan Kerapu Sedang 1,Tanpa nasi(pilih bakar / goreng),35.500,2025-07-04 21:41:52
"Dapur Laut Gobar, Mulyorejo",Ikan Kerapu Sedang 2,Tanpa Nasi(pilih Bakar/goreng),45.500,2025-07-04 21:41:52
"Dapur Laut Gobar, Mulyorejo",Ikan Barracuda Super,Tanpa nasi(pilih goreng / bakar),67.500,2025-07-04 21:41:52
"Dapur Laut Gobar, Mulyorejo",Ikan Barracuda Jumbo,Tanpa nasi(pilih bakar / goreng),94.000,2025-07-04 21:41:52
"Dapur Laut Gobar, Mulyorejo",Ikan Bubara Kecil,Tanpa nasi(pilih bakar / goreng),35.500,2025-07-04 21:41:52
"Dapur Laut Gobar, Mulyorejo",Ikan Barracuda Besar,Pilih Bakar / Goreng,55.000,2025-07-04 21:41:52
"Dapur Laut Gobar, Mulyorejo",Ikan Barracuda Besar 1,Tanpa Nasi (pilih Bakar/goreng),60.000,2025-07-04 21:41:52
"Dapur Laut Gobar, Mulyorejo",Ikan Barracuda Super 1,Tanpa nasi(pilih bakar / goreng),79.500,2025-07-04 21:41:52
"Dapur Laut Gobar, Mulyorejo",Ikan Barracuda K,Tanpa nasi(pilih bakar / goreng),43.000,2025-07-04 21:41:52
"Dapur Laut Gobar, Mulyorejo",Ikan Barracuda K 1,Tanps Nssi(pilih Bakar/goreng),33.000,2025-07-04 21:41:52
"Dapur Laut Gobar, Mulyorejo",Barracuda Sedang,Tanpa nasi (pilih bakar / goreng),35.500,2025-07-04 21:41:52
"Dapur Laut Gobar, Mulyorejo",Ikan Barracuda Sedang 2,Tanpa Nasi (pilih Bakar/goreng),47.500,2025-07-04 21:41:52
"Dapur Laut Gobar, Mulyorejo",Barracuda Jumbo 1,Tanpa Nasi(pilih Bakar/goreng),116.000,2025-07-04 21:41:52
"Dapur Laut Gobar, Mulyorejo",Ikan Barracuda Sedang 1,Tanpa Nasi(pilih Bakar/goreng),51.500,2025-07-04 21:41:52
"Dapur Laut Gobar, Mulyorejo",Ikan Baronang Sedang,Tanpa Nasi (pilih Bakar/goreng),55.000,2025-07-04 21:41:52
"Dapur Laut Gobar, Mulyorejo",Ikan Bronang Sedang 1,Tanpa Nasi (pilih Bakar/goreng),45.500,2025-07-04 21:41:52
"Dapur Laut Gobar, Mulyorejo",Ikan Baronang B,Tanpa Nasi (pilih Bakar/goreng),47.500,2025-07-04 21:41:52
"Dapur Laut Gobar, Mulyorejo",Nila Small,Tanpa Nasi (pilih Bakar / Goreng),33.000,2025-07-04 21:41:52
"Dapur Laut Gobar, Mulyorejo",Dorang,Tanpa nasi (goreng/bakar),73.500,2025-07-04 21:41:52
"Dapur Laut Gobar, Mulyorejo",Gt / Bubara,Tanpa nasi (pilih bakar/goreng),44.000,2025-07-04 21:41:52
"Dapur Laut Gobar, Mulyorejo",Kerapu Small,Tanpa Nasi(Pilih Bakar/Goreng),44.000,2025-07-04 21:41:52
"Dapur Laut Gobar, Mulyorejo",Gt/ Bubara Small,Tanpa nasi (pilih bakar/goreng),40.000,2025-07-04 21:41:52
"Dapur Laut Gobar, Mulyorejo",Dorang Super,Tanpa nasi (pilih bakar/goreng),81.500,2025-07-04 21:41:52
"Angsle Ronde Bondowoso Bp. Suhartono, Jl. Raya Dharmahusada",Ronde Isi Kacang Gula Putih,N/A,21.500,2025-07-04 21:42:15
"Angsle Ronde Bondowoso Bp. Suhartono, Jl. Raya Dharmahusada",Angsle,N/A,21.250,2025-07-04 21:42:15
"Angsle Ronde Bondowoso Bp. Suhartono, Jl. Raya Dharmahusada",Tahwa Biasa Gula Putih,N/A,17.500,2025-07-04 21:42:15
"Angsle Ronde Bondowoso Bp. Suhartono, Jl. Raya Dharmahusada",Tauwa Kacang Kuah Komplit,N/A,21.250,2025-07-04 21:42:15
"Angsle Ronde Bondowoso Bp. Suhartono, Jl. Raya Dharmahusada",Kacang Kuah Komplit,N/A,18.750,2025-07-04 21:42:15
"Angsle Ronde Bondowoso Bp. Suhartono, Jl. Raya Dharmahusada",Paperbowl+Sendok Plastik,"Tulis di note,kuahnya langsung tuang dlm paperbowl atau dibungkus plastik dulu",1.500,2025-07-04 21:42:15
"Angsle Ronde Bondowoso Bp. Suhartono, Jl. Raya Dharmahusada",Ronde Isi Kacang Gula Putih,"5 butir bola bola ronde isi kacang tanah tumbuk, mutiara, degan serut, kacang tanah taburan dengan kuah jahe panas",21.500,2025-07-04 21:42:15
"Angsle Ronde Bondowoso Bp. Suhartono, Jl. Raya Dharmahusada",Ronde Isi Kacang Gula Merah,"5 Bola Rinde Isi Kacang,mutiar,degan,kacang Sangrai Tabur,kuah Jahe Asli,dengan Gula Merah/aren Yang Khas Dan Lezat",22.000,2025-07-04 21:42:15
"Angsle Ronde Bondowoso Bp. Suhartono, Jl. Raya Dharmahusada",Angsle,"Mutiara, kacang hijau, roti tawar, ketan, kacang tanah, melinjo dengan kuah santan panas asli",21.250,2025-07-04 21:42:15
"Angsle Ronde Bondowoso Bp. Suhartono, Jl. Raya Dharmahusada",Ronde Tanpa Isi,"12 butir bola ronde tanpa isi, mutiara, kacang tanah, degan serut, dengan kuah jahe panas. Pilihan rasa : original putih",19.000,2025-07-04 21:42:15
"Angsle Ronde Bondowoso Bp. Suhartono, Jl. Raya Dharmahusada",Ronde Kering Kacang Wijen,"5 Bola Ronde Isi Kacang,tanpa Kuah,dengan Baluran Kacang Tanah Tumbuk,gula,dan Wijen",21.250,2025-07-04 21:42:15
"Angsle Ronde Bondowoso Bp. Suhartono, Jl. Raya Dharmahusada",Ronde Kering Kacang Saja,"5 Bola Ronde Isi Kacang,tanpa Kuah,dengan Baluran Kacang Tanah Tumbuk",21.250,2025-07-04 21:42:15
"Angsle Ronde Bondowoso Bp. Suhartono, Jl. Raya Dharmahusada",Ronde Kering Milo,"5 Bola Ronde Isi Kacang Dengan Baluran Bubuk Milo,tanpa Kuah",21.250,2025-07-04 21:42:15
"Angsle Ronde Bondowoso Bp. Suhartono, Jl. Raya Dharmahusada",Tahwa Biasa Gula Putih,"Tahwa lembut, kacang tanah tabur, kuah jahe asli dengan Gula Putih",17.500,2025-07-04 21:42:15
"Angsle Ronde Bondowoso Bp. Suhartono, Jl. Raya Dharmahusada",Tauwa Biasa Gula Merah,"Tauwa Lembut,kacang Tabur,kuah Jahe Asli Dengan Gula Merah.",18.000,2025-07-04 21:42:15
"Angsle Ronde Bondowoso Bp. Suhartono, Jl. Raya Dharmahusada",Tauwa Kacang Kuah Komplit,"Tauwa,kacang Tanah Presto,kacang Ijo Kupas ,cakue.Opsi Kuah:jahe Atau Kuahnya Kacang Kuah.",21.250,2025-07-04 21:42:15
"Angsle Ronde Bondowoso Bp. Suhartono, Jl. Raya Dharmahusada",Kacang Kuah Komplit,"Kacang tanah dipresto empuk, berkuah sedikit manis, dilengkapi irisan cakue goreng, kacang ijo kupas, dan siraman santan kental gurih.",18.750,2025-07-04 21:42:15
"Angsle Ronde Bondowoso Bp. Suhartono, Jl. Raya Dharmahusada",Kacang Kuah Biasa,"Kacang tanah dipresto empuk berkuah sedikit manis, dilengkapi irisan cakue goreng.",17.750,2025-07-04 21:42:15
"Angsle Ronde Bondowoso Bp. Suhartono, Jl. Raya Dharmahusada","Kuah Jahe,mutiara,degan,kacang(Sekoteng)",N/A,15.000,2025-07-04 21:42:15
"Angsle Ronde Bondowoso Bp. Suhartono, Jl. Raya Dharmahusada",Kuah Jahe Asli,N/A,11.000,2025-07-04 21:42:15
"Penyetan Cok, Kaza Mall",Paket Ayam Bakar,Ayam Bakar Spesial dengan Sambal Pedas dan Saus Kecap + Nasi Putih,65.000,2025-07-04 21:42:49
"Penyetan Cok, Kaza Mall",Paket Bebek Bakar,Bebek Bakar Spesial dengan Sambal Pedas dan Saus Kecap + Nasi Putih,75.000,2025-07-04 21:42:49
"Penyetan Cok, Kaza Mall",Paket Lele Bakar,Lele Bakar Spesial dengan Sambal Pedas dan Saus Kecap + Nasi Putih,61.000,2025-07-04 21:42:49
"Penyetan Cok, Kaza Mall",Paket Ayam Betutu,Paket betutu khas penyetan cok yang gurih & pedas (menu sudah termasuk nasi putih),61.000,2025-07-04 21:42:49
"Penyetan Cok, Kaza Mall",Paket Sei Tumis Sambal Bawang,Paket nasi tumis sei sapi khas nusantara pedas,63.000,2025-07-04 21:42:49
"Penyetan Cok, Kaza Mall",Paket Sei Sapi Raja Rempah,Paket nasi sei sapi dengan berbagai macam rempah,64.000,2025-07-04 21:42:49
"Penyetan Cok, Kaza Mall",Paket Nasi Kulit Rakyat,"Nasi Kulit Ayam, Telur Mata Sapi, Serundeng, Sambal Bawang, Bumbu Kuning, Lalapan, Es Teh",50.000,2025-07-04 21:42:49
"Penyetan Cok, Kaza Mall",Paket Sei Sapi Original,Paket nasi sei sapi khas nusantara pedas dengan sambal bawang,63.000,2025-07-04 21:42:49
"Penyetan Cok, Kaza Mall",Paket Ayam Crispy Saus Rendang,"Paket nasi ayam crispy dengan saus rendang, telur dadar, sambal bawang  sambal hijau.",45.000,2025-07-04 21:42:49
"Penyetan Cok, Kaza Mall",Sego Sambel Mak Yoyok,"Nasi dengan lauk aneka macam (ikan panggang, telur dadar, tahu, telur & sambal)",49.000,2025-07-04 21:42:49
"Penyetan Cok, Kaza Mall",Paket Cobek Ayam Goreng,"Paket nasi, ayam, goreng tradisional, tahu, tempe, sambal pedas",64.000,2025-07-04 21:42:49
"Penyetan Cok, Kaza Mall",Paket Cobek Bakso Goreng,"Paket nasi, bakso goreng, tahu, tempe, sambal pedas",60.000,2025-07-04 21:42:49
"Penyetan Cok, Kaza Mall",Paket Cobek Lele Goreng,"Paket nasi, ikan lele goreng, tahu, tempe, sambal pedas",60.000,2025-07-04 21:42:49
"Penyetan Cok, Kaza Mall",Paket Empal Suwir,"Paket Nasi, Empal Suwir, Tahu, Tempe, Sambal Pedas & Es Teh",79.000,2025-07-04 21:42:49
"Penyetan Cok, Kaza Mall",Paket Bebek Kremez Sambal Ijo,"Paket Nasi Bebek Kremes Sambal Ijo, Tahu, Tempe, Lalapan, Es Teh",69.000,2025-07-04 21:42:49
"Penyetan Cok, Kaza Mall",Paket Bebek Kremez Sambal Cok,"Paket Nasi Bebek Kremez Sambal Cok, Tahu, Tempe, Lalapan, Es Teh",69.000,2025-07-04 21:42:49
"Penyetan Cok, Kaza Mall",Paket Ayam Geprek,"Paket nasi, ayam geprek dengan jancok",51.000,2025-07-04 21:42:49
"Penyetan Cok, Kaza Mall",Paket Jamur Geprek,"Paket Nasi, Jamur crispy , Sambal Pedas & Es Teh",42.000,2025-07-04 21:42:49
"Penyetan Cok, Kaza Mall",Paket Ayam Geprek Special,"Paket nasi, ayam geprek dengan sambal jancok, orak arik telur",63.000,2025-07-04 21:42:49
"Penyetan Cok, Kaza Mall",Paket Nasi Goreng Cok,Nasi goreng pedas khas penyetan cok,50.000,2025-07-04 21:42:49
"Penyetan Cok, Kaza Mall",Paket Ayam Geprek Sambal Matah,"Paket nasi, ayam geprek dengan sambal matah",58.000,2025-07-04 21:42:49
"Penyetan Cok, Kaza Mall",Paket Nasi Goreng Sei,"Paket Nasi Goreng Yang Dipadukan Dengan Daging Sei, Lalapan, Es Teh",53.000,2025-07-04 21:42:49
"Penyetan Cok, Kaza Mall",Paket Ayam Geprek Telur Asin,"Paket nasi, ayam geprek dengan saus telur asin asli",63.000,2025-07-04 21:42:49
"Penyetan Cok, Kaza Mall",Paket Rawon Empal,Spesial Rawon Empal dari Penyetan Cok,67.000,2025-07-04 21:42:49
"Penyetan Cok, Kaza Mall",Paket Ayam Geprek Mozza,"Paket nasi, ayam geprek dengan sambal jancok, mozzarella",63.000,2025-07-04 21:42:49
"Penyetan Cok, Kaza Mall",Paket Nasi Telur Ponti,"Paket Nasi Dengan Telur Mata Sapi, Bumbu Rempah Bawang Putih, Kecap Asin, Tahu, Tempe, Lalapan, Es Teh.",42.000,2025-07-04 21:42:49
"Penyetan Cok, Kaza Mall",Paket Nasi Goreng Geprek,Nasi goreng pedas dengan ayam geprek,50.000,2025-07-04 21:42:49
"Penyetan Cok, Kaza Mall",Paket Bebek Kremes Sambal Pencit,"Nasi Dengan Bebek Goreng , Tahu ,Tempe , Lalapan , Kremesan , Sambal Pencit, Es Teh Manis",69.000,2025-07-04 21:42:49
"Penyetan Cok, Kaza Mall",Paket Cobek Bandeng Usuh,"Nasi Dengan Bandeng Usuh Goreng , Tahu ,Tempe , Lalapan , Kremesan , Es Teh Manis",63.000,2025-07-04 21:42:49
"Penyetan Cok, Kaza Mall",Paket Cobek Usus,"Nasi Dengan Usus Goreng , Tahu ,Tempe , Lalapan , Kremesan , Es Teh Manis",50.000,2025-07-04 21:42:49
"Penyetan Cok, Kaza Mall",Paket Cobek Ati Ampela,"Nasi Dengan Ati Ampela Goreng , Tahu ,Tempe , Lalapan , Kremesan , Es Teh Manis",50.000,2025-07-04 21:42:49
"Penyetan Cok, Kaza Mall",Paket Cobek Ikan Panggang,"Nasi Dengan Ikan Panggang Goreng , Tahu ,Tempe , Lalapan , Kremesan , Es Teh Manis",57.000,2025-07-04 21:42:49
"Penyetan Cok, Kaza Mall",Paket Cobek Udang,"Nasi Dengan Udang Goreng , Tahu ,Tempe , Lalapan , Kremesan , Es Teh Manis",65.000,2025-07-04 21:42:49
"Penyetan Cok, Kaza Mall",Nasi Tempong Ayam,"Nasi Dengan Ayam Goreng, Sambal Tempong, Kremesan, Tahu Tempe, Lalapan Dan Es Teh",63.000,2025-07-04 21:42:49
"Penyetan Cok, Kaza Mall",Nasi Tempong Bebek,"Nasi Dengan Bebek Goreng, Sambal Tempong, Kremesan, Tahu Tempe, Lalapan Dan Es Teh",69.000,2025-07-04 21:42:49
"Penyetan Cok, Kaza Mall",Nasi Tempong Empal,"Nasi Dengan Empal Goreng, Sambal Tempong, Kremesan, Tahu Tempe, Lalapan Dan Es Teh",69.000,2025-07-04 21:42:49
"Penyetan Cok, Kaza Mall",Paket Kids,N/A,25.000,2025-07-04 21:42:49
"Penyetan Cok, Kaza Mall",Mie Goreng Ayam,N/A,56.000,2025-07-04 21:42:49
"Penyetan Cok, Kaza Mall",Mie Goreng Sei,N/A,63.000,2025-07-04 21:42:49
"Penyetan Cok, Kaza Mall",Nasi Mangut Ikan Asap,"Nasi Dengan Kuah Mangut Ikan Asap, Lalapan Dan Es Teh",53.000,2025-07-04 21:42:49
"Penyetan Cok, Kaza Mall",Paket Roman 1,"Cocok Untuk Ber-2 Dengan Menu Lele Goreng, Ayam Geprek, Tahu, Tempe, Lalapan, 2 Sambal Cobek, 2 Nasi Putih Dan 2 Es Teh",111.000,2025-07-04 21:42:49
"Penyetan Cok, Kaza Mall",Paket Roman 2,"Cocok Untuk Ber-2 Dengan Menu Rempelo Ati, Mujaer, Tahu, Tempe, Lalapan, 2 Sambal Cobek, 2 Nasi  Dan 2 Es Teh",111.000,2025-07-04 21:42:49
"Penyetan Cok, Kaza Mall",Paket Roman 3,"Cocok Untuk Ber-2 Dengan Menu Endhog, Daging Asap, Tahu, Tempe, Lalapan, 2 Sambal Cobek, 2 Nasi  Dan 2 Es Teh",111.000,2025-07-04 21:42:49
"Penyetan Cok, Kaza Mall",Paket Roman 4,"Cocok Untuk Ber-2 Dengan Menu Ayam Goreng, Wader Goreng, Tahu, Tempe, Lalapan, 2 Sambal Cobek, 2 Nasi  Dan 2 Es Teh",111.000,2025-07-04 21:42:49
"Penyetan Cok, Kaza Mall",Baru!! Sambal Dadak,Perpaduan sambal pedas dengan jeruk nipis segar,12.000,2025-07-04 21:42:49
"Penyetan Cok, Kaza Mall",Sambal Cok,N/A,13.000,2025-07-04 21:42:49
"Penyetan Cok, Kaza Mall",Sambal Bawang,N/A,12.000,2025-07-04 21:42:49
"Penyetan Cok, Kaza Mall",Sambal Pencit,N/A,13.000,2025-07-04 21:42:49
"Penyetan Cok, Kaza Mall",Sambal Ijo,N/A,10.000,2025-07-04 21:42:49
"Penyetan Cok, Kaza Mall",Sambal Rempah Pedas (Rekomendasi),N/A,12.000,2025-07-04 21:42:49
"Penyetan Cok, Kaza Mall",Sambal Teri,N/A,14.000,2025-07-04 21:42:49
"Penyetan Cok, Kaza Mall",Sambal Terasi,N/A,10.000,2025-07-04 21:42:49
"Penyetan Cok, Kaza Mall",Sambal Terong,N/A,12.000,2025-07-04 21:42:49
"Penyetan Cok, Kaza Mall",Sambal Tomat,N/A,10.000,2025-07-04 21:42:49
"Penyetan Cok, Kaza Mall",Sambal Kemangi,N/A,10.000,2025-07-04 21:42:49
"Penyetan Cok, Kaza Mall",Sambal Matah,N/A,13.000,2025-07-04 21:42:49
"Penyetan Cok, Kaza Mall",Sambal Ikan Asap,N/A,13.000,2025-07-04 21:42:49
"Penyetan Cok, Kaza Mall",Sambal Teri Ijo,N/A,14.000,2025-07-04 21:42:49
"Penyetan Cok, Kaza Mall",Sambal Limau,N/A,12.000,2025-07-04 21:42:49
"Penyetan Cok, Kaza Mall",Sambal Tahu,N/A,10.000,2025-07-04 21:42:49
"Penyetan Cok, Kaza Mall",Sambal Tempe,N/A,10.000,2025-07-04 21:42:49
"Penyetan Cok, Kaza Mall",Sambal Bajak,N/A,12.000,2025-07-04 21:42:49
"Penyetan Cok, Kaza Mall",Sambal Loro Ati,N/A,14.000,2025-07-04 21:42:49
"Penyetan Cok, Kaza Mall",Sambal Kecap,N/A,10.000,2025-07-04 21:42:49
"Penyetan Cok, Kaza Mall",Sambal Korek,N/A,12.000,2025-07-04 21:42:49
"Penyetan Cok, Kaza Mall",Sambal Bandeng,N/A,14.000,2025-07-04 21:42:49
"Penyetan Cok, Kaza Mall",Sambal Tempong,N/A,12.000,2025-07-04 21:42:49
"Penyetan Cok, Kaza Mall",Sambal Cumi,N/A,14.000,2025-07-04 21:42:49
"Penyetan Cok, Kaza Mall",Sambal Pete,N/A,14.000,2025-07-04 21:42:49
"Penyetan Cok, Kaza Mall",Dadar Jagung,"Dadar Jagung Khas Penyetan Cok yang Lezat dengan campuran jagung empuk, daun bawang dan telur ayam yang digoreng kriuk",12.000,2025-07-04 21:42:49
"Penyetan Cok, Kaza Mall",Bebek Bakar,(BARU!) Bebek Bakar Spesial,56.000,2025-07-04 21:42:49
"Penyetan Cok, Kaza Mall",Ayam Bakar,Ayam Bakar Spesial,43.000,2025-07-04 21:42:49
"Penyetan Cok, Kaza Mall",Bebek Kremez,N/A,50.000,2025-07-04 21:42:49
"Penyetan Cok, Kaza Mall",Ayam Goreng,N/A,34.000,2025-07-04 21:42:49
"Penyetan Cok, Kaza Mall",Ayam Geprek,N/A,39.000,2025-07-04 21:42:49
"Penyetan Cok, Kaza Mall",Ayam Geprek Sambal Matah,N/A,39.000,2025-07-04 21:42:49
"Penyetan Cok, Kaza Mall",Ayam Geprek Saus Telur Asin,N/A,43.000,2025-07-04 21:42:49
"Penyetan Cok, Kaza Mall",Ayam Goreng Komplit,N/A,42.000,2025-07-04 21:42:49
"Penyetan Cok, Kaza Mall",Ayam Fillet Crispy,N/A,35.000,2025-07-04 21:42:49
"Penyetan Cok, Kaza Mall",Bakso Goreng,N/A,35.000,2025-07-04 21:42:49
"Penyetan Cok, Kaza Mall",Bandeng Usuh Manuk,N/A,39.000,2025-07-04 21:42:49
"Penyetan Cok, Kaza Mall",Telur Crispy,N/A,23.000,2025-07-04 21:42:49
"Penyetan Cok, Kaza Mall",Endhog Goreng (Telur),N/A,17.000,2025-07-04 21:42:49
"Penyetan Cok, Kaza Mall",Ikan Panggang,N/A,28.000,2025-07-04 21:42:49
"Penyetan Cok, Kaza Mall",Lele Goreng,N/A,25.000,2025-07-04 21:42:49
"Penyetan Cok, Kaza Mall",Lele Tanpa Duri,N/A,27.000,2025-07-04 21:42:49
"Penyetan Cok, Kaza Mall",Kulit Ayam Goreng,N/A,42.000,2025-07-04 21:42:49
"Penyetan Cok, Kaza Mall",Empal Goreng Suwir,N/A,61.000,2025-07-04 21:42:49
"Penyetan Cok, Kaza Mall",Rempelo Ati,N/A,25.000,2025-07-04 21:42:49
"Penyetan Cok, Kaza Mall",Tahu Goreng,N/A,14.000,2025-07-04 21:42:49
"Penyetan Cok, Kaza Mall",Tempe Goreng,N/A,14.000,2025-07-04 21:42:49
"Penyetan Cok, Kaza Mall",Usus Goreng,N/A,25.000,2025-07-04 21:42:49
"Penyetan Cok, Kaza Mall",Rawon Empal,N/A,57.000,2025-07-04 21:42:49
"Penyetan Cok, Kaza Mall",Kepala Bebek Goreng,N/A,21.000,2025-07-04 21:42:49
"Penyetan Cok, Kaza Mall",Sayur Asem,"Sayur asam khas Penyetan Cok dengan isi kangkung, jagung manis, kacang tanah, kacang panjang, kubis dan kuah yang gurih yang menyegarkan",14.000,2025-07-04 21:42:49
"Penyetan Cok, Kaza Mall",Lalapan Segar,N/A,13.000,2025-07-04 21:42:49
"Penyetan Cok, Kaza Mall",Terong Goreng Sambal Teri,N/A,35.000,2025-07-04 21:42:49
"Penyetan Cok, Kaza Mall",Terong Goreng Mozzarella,N/A,35.000,2025-07-04 21:42:49
"Penyetan Cok, Kaza Mall",Nasi Putih,N/A,10.000,2025-07-04 21:42:49
"Penyetan Cok, Kaza Mall",Nasi Jeruk,Nasi dengan aroma dan rasa daun jeruk yang gurih,16.000,2025-07-04 21:42:49
"Penyetan Cok, Kaza Mall",Es Teh Manis,N/A,10.000,2025-07-04 21:42:49
"Penyetan Cok, Kaza Mall",Teh Tawar Hangat,N/A,9.000,2025-07-04 21:42:49
"Penyetan Cok, Kaza Mall",Es Jeruk,N/A,21.000,2025-07-04 21:42:49
"Penyetan Cok, Kaza Mall",Mineral water,N/A,9.000,2025-07-04 21:42:49
"Penyetan Cok, Kaza Mall",Es Lidah Buaya,N/A,21.000,2025-07-04 21:42:49
"Penyetan Cok, Kaza Mall",Es Lemon Tea,N/A,17.000,2025-07-04 21:42:49
"Penyetan Cok, Kaza Mall",Teh Manis Hangat,N/A,10.000,2025-07-04 21:42:49
"Penyetan Cok, Kaza Mall",Es Teh Susu,N/A,16.000,2025-07-04 21:42:49
"Penyetan Cok, Kaza Mall",Es Degan Jeruk,N/A,17.000,2025-07-04 21:42:49
"Penyetan Cok, Kaza Mall",Es Teh Leci,N/A,17.000,2025-07-04 21:42:49
"Penyetan Cok, Kaza Mall",Es Green Tea,N/A,16.000,2025-07-04 21:42:49
"Penyetan Cok, Kaza Mall",Sinom,N/A,14.000,2025-07-04 21:42:49
"Penyetan Cok, Kaza Mall",Beras Kencur,N/A,14.000,2025-07-04 21:42:49
"Penyetan Cok, Kaza Mall",Soup Buah,N/A,29.000,2025-07-04 21:42:49
"Penyetan Cok, Kaza Mall",Jus Jambu,N/A,25.000,2025-07-04 21:42:49
"Penyetan Cok, Kaza Mall",Jus Melon,N/A,25.000,2025-07-04 21:42:49
"Penyetan Cok, Kaza Mall",Krupuk Finna,N/A,5.000,2025-07-04 21:42:49
"Gepruk Geprek, Gubeng",Ayam Geprek Original,N/A,19.000,2025-07-04 21:43:15
"Gepruk Geprek, Gubeng",Ayam Geprek Saos Telor Asin,N/A,28.500,2025-07-04 21:43:15
"Gepruk Geprek, Gubeng",Ayam Geprek Mozzarella,N/A,27.000,2025-07-04 21:43:15
"Gepruk Geprek, Gubeng","Ayam Geprek Komplit (Ayam, Kulit, Telor)",N/A,28.500,2025-07-04 21:43:15
"Gepruk Geprek, Gubeng",Ayam Geprek Ekstra Ayam,N/A,27.000,2025-07-04 21:43:15
"Gepruk Geprek, Gubeng",Ayam Geprek Mozzarella + Nasi Nugget Sambal Bom Atom/Cabe Ijo (isi 5),N/A,37.000,2025-07-04 21:43:15
"Gepruk Geprek, Gubeng",Ayam Geprek Bakar + Nasi Nugget Sambal Bom Atom/Cabe Ijo (isi 5),N/A,35.000,2025-07-04 21:43:15
"Gepruk Geprek, Gubeng",Ayam Geprek Mozzarella + Nasi Nugget Sambal Bom Atom/Cabe Ijo (isi 5),N/A,37.000,2025-07-04 21:43:15
"Gepruk Geprek, Gubeng",Ayam Geprek Original + Nasi Nugget Sambal Bom Atom/Cabe Ijo (isi 5),N/A,32.000,2025-07-04 21:43:15
"Gepruk Geprek, Gubeng",2 Ayam Geprek Bakar + 2 Es Teh,N/A,53.500,2025-07-04 21:43:15
"Gepruk Geprek, Gubeng",2 Ayam Geprek Original + 2 Es Teh,N/A,47.000,2025-07-04 21:43:15
"Gepruk Geprek, Gubeng",Ayam Geprek Mozzarella + Es Teh,N/A,32.000,2025-07-04 21:43:15
"Gepruk Geprek, Gubeng",Ayam Geprek Saos Black Pepper + Es Teh,N/A,26.000,2025-07-04 21:43:15
"Gepruk Geprek, Gubeng",Ayam Geprek Saos Fire Spicy + Es Teh,N/A,26.000,2025-07-04 21:43:15
"Gepruk Geprek, Gubeng",Ayam Geprek Saos Mentai + Bakso (Isi 3),N/A,29.000,2025-07-04 21:43:15
"Gepruk Geprek, Gubeng",Ayam Geprek Saos Mentai + Es Teh,N/A,32.000,2025-07-04 21:43:15
"Gepruk Geprek, Gubeng",Ayam Geprek Saos Mentai + Nugget (Isi 3),N/A,29.000,2025-07-04 21:43:15
"Gepruk Geprek, Gubeng",Ayam Geprek Saos Smoke BBQ + Es Teh,N/A,29.000,2025-07-04 21:43:15
"Gepruk Geprek, Gubeng",Ayam Geprek Bakar,N/A,20.000,2025-07-04 21:43:15
"Gepruk Geprek, Gubeng",Ayam Geprek Bakar Ekstra Ayam,N/A,30.000,2025-07-04 21:43:15
"Gepruk Geprek, Gubeng",Ayam Geprek Ekstra Ayam,N/A,27.000,2025-07-04 21:43:15
"Gepruk Geprek, Gubeng","Ayam Geprek Komplit (Ayam, Kulit, Telor)",N/A,28.500,2025-07-04 21:43:15
"Gepruk Geprek, Gubeng","Ayam Geprek Komplit Bakar (Ayam, Kulit, Telor)",N/A,29.500,2025-07-04 21:43:15
"Gepruk Geprek, Gubeng",Ayam Geprek Mozzarella,N/A,27.000,2025-07-04 21:43:15
"Gepruk Geprek, Gubeng",Ayam Geprek Original,N/A,19.000,2025-07-04 21:43:15
"Gepruk Geprek, Gubeng",Ayam Geprek Topping Indomie,N/A,28.500,2025-07-04 21:43:15
"Gepruk Geprek, Gubeng",Nasi Kulit Geprek,N/A,20.000,2025-07-04 21:43:15
"Gepruk Geprek, Gubeng",Nasi Nugget Sambal Bom Atom/Cabe Ijo,N/A,19.000,2025-07-04 21:43:15
"Gepruk Geprek, Gubeng",Ayam Geprek Saos Black Pepper,N/A,26.000,2025-07-04 21:43:15
"Gepruk Geprek, Gubeng",Ayam Geprek Saos Cajun Mayo,N/A,27.000,2025-07-04 21:43:15
"Gepruk Geprek, Gubeng",Ayam Geprek Saos Fire Spicy,N/A,26.000,2025-07-04 21:43:15
"Gepruk Geprek, Gubeng",Ayam Geprek Saos Keju,N/A,27.000,2025-07-04 21:43:15
"Gepruk Geprek, Gubeng",Ayam Geprek Saos Mentai,N/A,27.000,2025-07-04 21:43:15
"Gepruk Geprek, Gubeng",Ayam Geprek Saos Smoke BBQ,N/A,27.000,2025-07-04 21:43:15
"Gepruk Geprek, Gubeng",Ayam Geprek Saos Tartar,N/A,28.500,2025-07-04 21:43:15
"Gepruk Geprek, Gubeng",Ayam Geprek Saos Telor Asin,N/A,28.500,2025-07-04 21:43:15
"Gepruk Geprek, Gubeng",Ayam Geprek Mix Bakso,N/A,28.500,2025-07-04 21:43:15
"Gepruk Geprek, Gubeng",Ayam Geprek Sambal Bom Atom,N/A,21.000,2025-07-04 21:43:15
"Gepruk Geprek, Gubeng",Ayam Geprek Sambal Cabe Ijo,N/A,21.000,2025-07-04 21:43:15
"Gepruk Geprek, Gubeng",Ayam Geprek Sambal Cabe Ijo Topping Indomie,N/A,32.000,2025-07-04 21:43:15
"Gepruk Geprek, Gubeng",Ayam Geprek Saos Mentai Topping Indomie + Sosis Jumbo,N/A,40.000,2025-07-04 21:43:15
"Gepruk Geprek, Gubeng",Ayam Geprek Saos Mentai Topping Sosis Jumbo,N/A,32.000,2025-07-04 21:43:15
"Gepruk Geprek, Gubeng",Ayam Geprek Topping Pete,N/A,27.000,2025-07-04 21:43:15
"Gepruk Geprek, Gubeng",Ayam Geprek Topping Sosis Jumbo,N/A,28.500,2025-07-04 21:43:15
"Gepruk Geprek, Gubeng",Nasi Bakso Sambal Bom Atom + Telor Ceplok,N/A,27.000,2025-07-04 21:43:15
"Gepruk Geprek, Gubeng",Nasi Bakso Sambal Cabe Ijo + Telor Ceplok,N/A,27.000,2025-07-04 21:43:15
"Gepruk Geprek, Gubeng","Paket Komplit Nasi Bakso (Bakso, Kulit, Telor, Sambal Bom Atom)",N/A,33.600,2025-07-04 21:43:15
"Gepruk Geprek, Gubeng",Cireng Bumbu Rujak (Isi 8),N/A,17.000,2025-07-04 21:43:15
"Gepruk Geprek, Gubeng",Donat Icing Sugar (Isi 3),N/A,26.000,2025-07-04 21:43:15
"Gepruk Geprek, Gubeng",Air Mineral,N/A,6.000,2025-07-04 21:43:15
"Gepruk Geprek, Gubeng",Es Good Day Freeze,N/A,10.000,2025-07-04 21:43:15
"Gepruk Geprek, Gubeng",Es Nutrisari Jeruk,N/A,8.000,2025-07-04 21:43:15
"Gepruk Geprek, Gubeng",Es Susu Coklat,N/A,10.000,2025-07-04 21:43:15
"Gepruk Geprek, Gubeng",Es Susu Putih,N/A,10.000,2025-07-04 21:43:15
"Gepruk Geprek, Gubeng",Es Teh,N/A,7.000,2025-07-04 21:43:15
"Gepruk Geprek, Gubeng",Es Teh Tarik,N/A,12.000,2025-07-04 21:43:15
"Gepruk Geprek, Gubeng",Teh Pucuk,N/A,7.000,2025-07-04 21:43:15
"Gepruk Geprek, Gubeng",Indomie (Kemasan Thinwall),N/A,13.000,2025-07-04 21:43:15
"Gepruk Geprek, Gubeng",Mozzarella,N/A,9.000,2025-07-04 21:43:15
"Gepruk Geprek, Gubeng",Nasi Putih,N/A,8.000,2025-07-04 21:43:15
"Gepruk Geprek, Gubeng",Nugget (6 Biji),N/A,10.000,2025-07-04 21:43:15
"Gepruk Geprek, Gubeng",Pentol Bakso (5 Biji),N/A,12.000,2025-07-04 21:43:15
"Gepruk Geprek, Gubeng",Pete Goreng,N/A,10.000,2025-07-04 21:43:15
"Gepruk Geprek, Gubeng",Sambal Bom Atom,N/A,5.000,2025-07-04 21:43:15
"Gepruk Geprek, Gubeng",Sambal Cabe Ijo,N/A,5.000,2025-07-04 21:43:15
"Gepruk Geprek, Gubeng",Saos BBQ,N/A,8.000,2025-07-04 21:43:15
"Gepruk Geprek, Gubeng",Saos Black Pepper,N/A,8.000,2025-07-04 21:43:15
"Gepruk Geprek, Gubeng",Saos Cajun Mayo,N/A,10.000,2025-07-04 21:43:15
"Gepruk Geprek, Gubeng",Saos Fire Spicy,N/A,8.000,2025-07-04 21:43:15
"Gepruk Geprek, Gubeng",Saos Keju,N/A,10.000,2025-07-04 21:43:15
"Gepruk Geprek, Gubeng",Saos Mentai,N/A,12.000,2025-07-04 21:43:15
"Gepruk Geprek, Gubeng",Saos Tartar,N/A,12.000,2025-07-04 21:43:15
"Gepruk Geprek, Gubeng",Saos Telor Asin,N/A,13.000,2025-07-04 21:43:15
"Gepruk Geprek, Gubeng",Sosis Jumbo,N/A,12.000,2025-07-04 21:43:15
"Gepruk Geprek, Gubeng",Telor Ceplok,N/A,8.000,2025-07-04 21:43:15
"Gepruk Geprek, Gubeng",Tambah Bawang Putih,N/A,2.000,2025-07-04 21:43:15
"Gepruk Geprek, Gubeng",Tambah Cabe +10,N/A,4.000,2025-07-04 21:43:15
"Gepruk Geprek, Gubeng",Tambah Cabe +5,N/A,2.000,2025-07-04 21:43:15
"369 Shanghai, Manyar Kertoarjo",Nasi Goreng 369 (Pork),N/A,81.000,2025-07-04 21:43:46
"369 Shanghai, Manyar Kertoarjo",Bestdeal Soup,N/A,157.000,2025-07-04 21:43:46
"369 Shanghai, Manyar Kertoarjo",Soup Shanghai Home Pack,N/A,76.000,2025-07-04 21:43:46
"369 Shanghai, Manyar Kertoarjo",Nasi Cap Jay,N/A,78.000,2025-07-04 21:43:46
"369 Shanghai, Manyar Kertoarjo",Bestdeal Nasi Goreng,N/A,144.000,2025-07-04 21:43:46
"369 Shanghai, Manyar Kertoarjo",Bestdeal Mie,N/A,158.000,2025-07-04 21:43:46
"369 Shanghai, Manyar Kertoarjo",Mie Samcam Babi Kuah Kolagen,N/A,116.000,2025-07-04 21:43:46
"369 Shanghai, Manyar Kertoarjo",Tami Cap Cay,N/A,72.000,2025-07-04 21:43:46
"369 Shanghai, Manyar Kertoarjo",Bestdeal Soup,Soup + Dumpling Small + Mineral,157.000,2025-07-04 21:43:46
"369 Shanghai, Manyar Kertoarjo",Bestdeal Nasi Goreng,NASI GRG + DUMPLING SMALL +MINERAL,144.000,2025-07-04 21:43:46
"369 Shanghai, Manyar Kertoarjo",Bestdeal Mie,Noodle + DUMPLING SMALL+MINERAL,158.000,2025-07-04 21:43:46
"369 Shanghai, Manyar Kertoarjo",Soup Shanghai Home Pack,Praktis tinggal panasi,76.000,2025-07-04 21:43:46
"369 Shanghai, Manyar Kertoarjo",XIAO LONG BAO PORK,8 Pcs,78.000,2025-07-04 21:43:46
"369 Shanghai, Manyar Kertoarjo",Guo Tie (8),Guo Tie PORK Isi 8 Pcs,78.000,2025-07-04 21:43:46
"369 Shanghai, Manyar Kertoarjo",Bakpao Goreng Babi Lada Hitam,N/A,42.000,2025-07-04 21:43:46
"369 Shanghai, Manyar Kertoarjo",Babat HITAM,N/A,64.000,2025-07-04 21:43:46
"369 Shanghai, Manyar Kertoarjo",Kuping Babi,N/A,64.000,2025-07-04 21:43:46
"369 Shanghai, Manyar Kertoarjo",Ubur Ubur,Jely Fish,46.000,2025-07-04 21:43:46
"369 Shanghai, Manyar Kertoarjo",Jamur HITAM dengan Cuka,N/A,46.000,2025-07-04 21:43:46
"369 Shanghai, Manyar Kertoarjo",Sandwich Tiongkok/ Bakpao Lipat Isi KOU ROU,1 Porsi,42.000,2025-07-04 21:43:46
"369 Shanghai, Manyar Kertoarjo",Bakpao Lipat Isi CHAR SIU,N/A,42.000,2025-07-04 21:43:46
"369 Shanghai, Manyar Kertoarjo",Bakpao Lipat Isi Babi PANGGANG,N/A,42.000,2025-07-04 21:43:46
"369 Shanghai, Manyar Kertoarjo",SOUP SHANGHAI,"Ayam , Baikut ,ham",95.000,2025-07-04 21:43:46
"369 Shanghai, Manyar Kertoarjo",Tim Obat Ayam Hitam,N/A,153.000,2025-07-04 21:43:46
"369 Shanghai, Manyar Kertoarjo",Tim Obat Ayam Kampung,N/A,106.000,2025-07-04 21:43:46
"369 Shanghai, Manyar Kertoarjo",Soup Kolagen Pangsit Babi Udang,Isi 4 Pcs,53.000,2025-07-04 21:43:46
"369 Shanghai, Manyar Kertoarjo",3 Kombinasi,"(chasiu, babi crispy dan sam cam goreng )",117.000,2025-07-04 21:43:46
"369 Shanghai, Manyar Kertoarjo",Iga Babi Gr Bawang Putih,N/A,106.000,2025-07-04 21:43:46
"369 Shanghai, Manyar Kertoarjo",Baikut Gr,N/A,69.000,2025-07-04 21:43:46
"369 Shanghai, Manyar Kertoarjo",Kou Rou / Pork Belly,N/A,54.000,2025-07-04 21:43:46
"369 Shanghai, Manyar Kertoarjo",Kaki Babi,N/A,52.000,2025-07-04 21:43:46
"369 Shanghai, Manyar Kertoarjo",Chasiu Pork,N/A,61.000,2025-07-04 21:43:46
"369 Shanghai, Manyar Kertoarjo",Ayam Shanghai REBUS Shezuan,N/A,78.000,2025-07-04 21:43:46
"369 Shanghai, Manyar Kertoarjo",Kombinasi Ayam Rebus Dan Canton,N/A,74.000,2025-07-04 21:43:46
"369 Shanghai, Manyar Kertoarjo",Ayam Grg Asam Manis,Koloke,64.000,2025-07-04 21:43:46
"369 Shanghai, Manyar Kertoarjo",Ayam Goreng Szechuan,N/A,64.000,2025-07-04 21:43:46
"369 Shanghai, Manyar Kertoarjo",Mie Babi Kecap,N/A,81.000,2025-07-04 21:43:46
"369 Shanghai, Manyar Kertoarjo",Mie Baikut Spesial,N/A,70.000,2025-07-04 21:43:46
"369 Shanghai, Manyar Kertoarjo",Mie Samcam Babi Kuah Kolagen,disajikan Menggunakan Mie Hongkong,116.000,2025-07-04 21:43:46
"369 Shanghai, Manyar Kertoarjo",Mie Braise Beef Brisket Soup,Disajikan menggunakan mie hongkong,116.000,2025-07-04 21:43:46
"369 Shanghai, Manyar Kertoarjo",Tami Cap Cay,N/A,72.000,2025-07-04 21:43:46
"369 Shanghai, Manyar Kertoarjo",Lomie,N/A,64.000,2025-07-04 21:43:46
"369 Shanghai, Manyar Kertoarjo",Song Mi,"Pilihan mie (kuning, putih, sayur)",57.000,2025-07-04 21:43:46
"369 Shanghai, Manyar Kertoarjo",Mie Kou Rou,Mie kuning/putih/sayur/bihun,74.000,2025-07-04 21:43:46
"369 Shanghai, Manyar Kertoarjo",Mie Zhajiang,Mie kuning/putih/sayur/bihun,58.000,2025-07-04 21:43:46
"369 Shanghai, Manyar Kertoarjo",Mie Gr 369 Pork/ Ck,N/A,66.000,2025-07-04 21:43:46
"369 Shanghai, Manyar Kertoarjo",Bihun Gr 369 Pork/ Ck,N/A,59.000,2025-07-04 21:43:46
"369 Shanghai, Manyar Kertoarjo",Mie Ayam,N/A,52.000,2025-07-04 21:43:46
"369 Shanghai, Manyar Kertoarjo",MIE POLOS,N/A,29.000,2025-07-04 21:43:46
"369 Shanghai, Manyar Kertoarjo",Nasi Claypot Babi Panggang,N/A,107.000,2025-07-04 21:43:46
"369 Shanghai, Manyar Kertoarjo",Nasi Claypot Babi Kecap,N/A,104.000,2025-07-04 21:43:46
"369 Shanghai, Manyar Kertoarjo",Nasi Claypot Baikut Spesial,N/A,104.000,2025-07-04 21:43:46
"369 Shanghai, Manyar Kertoarjo",Nasi Claypot Babi Samcam,N/A,104.000,2025-07-04 21:43:46
"369 Shanghai, Manyar Kertoarjo",Nasi Claypot Babi & Ayam Combo,N/A,104.000,2025-07-04 21:43:46
"369 Shanghai, Manyar Kertoarjo",Nasi Goreng 369 (Pork),N/A,81.000,2025-07-04 21:43:46
"369 Shanghai, Manyar Kertoarjo",Nasi Cap Jay,N/A,78.000,2025-07-04 21:43:46
"369 Shanghai, Manyar Kertoarjo",Nasi Grg Telur Hongkong Baikut,Dgn udang dan baikut grg,72.000,2025-07-04 21:43:46
"369 Shanghai, Manyar Kertoarjo",Nasi Goreng Yang Zhou,"Smoke ham babi, udang, telur , daging babi",72.000,2025-07-04 21:43:46
"369 Shanghai, Manyar Kertoarjo",Nasi Grg Telur Hongkong,"Isi udang , chasiu dan babi crispy",72.000,2025-07-04 21:43:46
"369 Shanghai, Manyar Kertoarjo",Nasi Goreng Merah,Babi/ayam,64.000,2025-07-04 21:43:46
"369 Shanghai, Manyar Kertoarjo",Nasi Putih,N/A,11.000,2025-07-04 21:43:46
"369 Shanghai, Manyar Kertoarjo",Sapo Tahu,Tahu jepang di masak angsio dgn isi udang dan daging babi cincang,53.000,2025-07-04 21:43:46
"369 Shanghai, Manyar Kertoarjo",Telur Masak Tomato,N/A,45.000,2025-07-04 21:43:46
"369 Shanghai, Manyar Kertoarjo",Cah PokCoy,N/A,45.000,2025-07-04 21:43:46
"369 Shanghai, Manyar Kertoarjo",Telur Masak Ham,N/A,56.000,2025-07-04 21:43:46
"369 Shanghai, Manyar Kertoarjo",Cah Aneka Sayur,N/A,40.000,2025-07-04 21:43:46
"369 Shanghai, Manyar Kertoarjo",Telur Masak Sayur Asin,N/A,53.000,2025-07-04 21:43:46
"369 Shanghai, Manyar Kertoarjo",Telur Mata Sapi,N/A,13.000,2025-07-04 21:43:46
"369 Shanghai, Manyar Kertoarjo",Ronde Kacang Tanah,N/A,35.000,2025-07-04 21:43:46
"369 Shanghai, Manyar Kertoarjo",Ronde Kacang Merah,N/A,35.000,2025-07-04 21:43:46
"369 Shanghai, Manyar Kertoarjo",Ubi Ungu Manis,N/A,35.000,2025-07-04 21:43:46
"369 Shanghai, Manyar Kertoarjo",Air Mineral Cleo,N/A,16.000,2025-07-04 21:43:46
"Pangsit Mie Ayam dan Bakwan Saudara Malang Cak Wie, Srikana Timur",Pangsit Mie Ayam Jumbo Khas Cak Wie Spesial,N/A,28.000,2025-07-04 21:44:11
"Pangsit Mie Ayam dan Bakwan Saudara Malang Cak Wie, Srikana Timur",Pangsit Mie Ayam Khas Cak Wie Biasa,N/A,17.000,2025-07-04 21:44:11
"Pangsit Mie Ayam dan Bakwan Saudara Malang Cak Wie, Srikana Timur",Pangsit Mie Ayam Khas Cak Wie Spesial,N/A,20.000,2025-07-04 21:44:11
"Pangsit Mie Ayam dan Bakwan Saudara Malang Cak Wie, Srikana Timur",Telur,N/A,5.000,2025-07-04 21:44:11
"Pangsit Mie Ayam dan Bakwan Saudara Malang Cak Wie, Srikana Timur",Kerupuk Tahu Telor,N/A,3.000,2025-07-04 21:44:11
"Pangsit Mie Ayam dan Bakwan Saudara Malang Cak Wie, Srikana Timur",Tahu Telor Jumbo,N/A,24.000,2025-07-04 21:44:11
"Pangsit Mie Ayam dan Bakwan Saudara Malang Cak Wie, Srikana Timur",Tahu Tek(telor) Khas Cak Wie,N/A,17.000,2025-07-04 21:44:11
"Pangsit Mie Ayam dan Bakwan Saudara Malang Cak Wie, Srikana Timur",Bakwan saudara malang Khas Cak Wie,N/A,15.000,2025-07-04 21:44:11
"Pangsit Mie Ayam dan Bakwan Saudara Malang Cak Wie, Srikana Timur",Pentol,N/A,3.000,2025-07-04 21:44:11
"Pangsit Mie Ayam dan Bakwan Saudara Malang Cak Wie, Srikana Timur",Bakwan saudara malang Khas Cak Wie,per porsi isi 5 biji (Tersedia PENTOL Saja) (Halal),15.000,2025-07-04 21:44:11
"Pangsit Mie Ayam dan Bakwan Saudara Malang Cak Wie, Srikana Timur",Lontong,N/A,5.000,2025-07-04 21:44:11
"Pangsit Mie Ayam dan Bakwan Saudara Malang Cak Wie, Srikana Timur",Kerupuk Pangsit,N/A,6.000,2025-07-04 21:44:11
"Pangsit Mie Ayam dan Bakwan Saudara Malang Cak Wie, Srikana Timur",Es Teh,Menghilangkan Haus Dan Membuat Badan Segar (Gula Asli),5.000,2025-07-04 21:44:11
"Pangsit Mie Ayam dan Bakwan Saudara Malang Cak Wie, Srikana Timur",Teh Anget,N/A,5.000,2025-07-04 21:44:11
"Pangsit Mie Ayam dan Bakwan Saudara Malang Cak Wie, Srikana Timur",Es Jeruk,Menghilangkan Haus Dan Membuat Badan Segar (Gula + Jeruk Asli),7.000,2025-07-04 21:44:11
"Pangsit Mie Ayam dan Bakwan Saudara Malang Cak Wie, Srikana Timur",Jeruk Hangat,N/A,7.000,2025-07-04 21:44:11
"Pangsit Mie Ayam dan Bakwan Saudara Malang Cak Wie, Srikana Timur",Pangsit Mie Ayam Khas Cak Wie Spesial,Dijamin Rasa Dan Porsi Tidak Mengecewakan (halal),20.000,2025-07-04 21:44:11
"Pangsit Mie Ayam dan Bakwan Saudara Malang Cak Wie, Srikana Timur",Pangsit Mie Ayam Jumbo Khas Cak Wie Spesial,"Halal Dan Di Jamin Porsi Jumbo Ngenyangkan Dengan Tambahan Porsi Mie , Ayam , Dan Pentol (2)",28.000,2025-07-04 21:44:11
"Pangsit Mie Ayam dan Bakwan Saudara Malang Cak Wie, Srikana Timur",Pangsit Mie Ayam Khas Cak Wie Biasa,Dijamin Porsi Dan Rasa Tidak Mengecewakan,17.000,2025-07-04 21:44:11
"Pangsit Mie Ayam dan Bakwan Saudara Malang Cak Wie, Srikana Timur",Telur,N/A,5.000,2025-07-04 21:44:11
"Pangsit Mie Ayam dan Bakwan Saudara Malang Cak Wie, Srikana Timur",Tahu (Tahunya Tahu Tek),N/A,3.000,2025-07-04 21:44:11
"Pangsit Mie Ayam dan Bakwan Saudara Malang Cak Wie, Srikana Timur",Kentang,N/A,3.000,2025-07-04 21:44:11
"Pangsit Mie Ayam dan Bakwan Saudara Malang Cak Wie, Srikana Timur",Kerupuk Tahu Telor,N/A,3.000,2025-07-04 21:44:11
"Pangsit Mie Ayam dan Bakwan Saudara Malang Cak Wie, Srikana Timur",Tahu Tek(telor) Khas Cak Wie,Dijamin Rasa Dan Porsi Tidak Mengecewakan (Halal),17.000,2025-07-04 21:44:11
"Pangsit Mie Ayam dan Bakwan Saudara Malang Cak Wie, Srikana Timur",Tahu Telor Jumbo,"Tahu Telor Versi Jumbo Dengan Double Telor Dan Tambahan Porsi Tahu , Lontong , Dan Kentang",24.000,2025-07-04 21:44:11
"KFC, Manyar Kertoarjo",Cream Soup,1 Porsi Cream Soup,12.500,2025-07-04 21:44:45
"KFC, Manyar Kertoarjo",Crispy Burger,1pc Crispy Burger,18.500,2025-07-04 21:44:45
"KFC, Manyar Kertoarjo",Crispy Strips,2pcs Chicken Strips,21.000,2025-07-04 21:44:45
"KFC, Manyar Kertoarjo",KFC Winger,KFC Winger,28.000,2025-07-04 21:44:45
"KFC, Manyar Kertoarjo",Twisty,1pc Twisty,21.000,2025-07-04 21:44:45
"KFC, Manyar Kertoarjo",KFC Puas Burger,Crispy Burger + Softdrink Reguler,15.000,2025-07-04 21:44:45
"KFC, Manyar Kertoarjo",KFC Puas Noodle,Noodle + Softdrink Reguler,15.000,2025-07-04 21:44:45
"KFC, Manyar Kertoarjo",KFC Puas Nasi Uduk,Nasi Uduk + Softdrink Reguler,15.000,2025-07-04 21:44:45
"KFC, Manyar Kertoarjo",LDR Package,1Pc Chicken + 1Rice + 1 Coke Zero Reg,26.500,2025-07-04 21:44:45
"KFC, Manyar Kertoarjo",Winger Barbeque Fest 1,1 ½ Winger (3 Drumette & 3 Wingette) Barbeque,37.500,2025-07-04 21:44:45
"KFC, Manyar Kertoarjo",Winger Barbeque Fest 2,2 ½ Winger (5 Drumette & 5 Wingette) Barbeque,59.000,2025-07-04 21:44:45
"KFC, Manyar Kertoarjo",Triple Treat,3Pc Chicken + 3Rice + 3 Fanta Reguler,69.000,2025-07-04 21:44:45
"KFC, Manyar Kertoarjo",Combo Latte 2,1 Pc Chicken + 1 Crispy Burger + 1 Ice Latte Nescafe,42.500,2025-07-04 21:44:45
"KFC, Manyar Kertoarjo",Combo Latte 1,1 Pc Chicken + 1 Rice + 1 Spaghetti Deluxe New + 1 Ice Latte Nescafe,50.000,2025-07-04 21:44:45
"KFC, Manyar Kertoarjo",Add On Sambal Bawang,1 Sambal Bawang Sachet,3.000,2025-07-04 21:44:45
"KFC, Manyar Kertoarjo",Hot Chocolate Nescafe,Hot Chocolate Nescafe,15.500,2025-07-04 21:44:45
"KFC, Manyar Kertoarjo",Iced Chocolate Float Nescafe,Iced Chocolate Float Nescafe,19.500,2025-07-04 21:44:45
"KFC, Manyar Kertoarjo",Nasi Uduk,Nasi Uduk,20.500,2025-07-04 21:44:45
"KFC, Manyar Kertoarjo",Nasi Uduk+Telur Dadar,1 Nasi Uduk + 1 Telur Dadar,26.500,2025-07-04 21:44:45
"KFC, Manyar Kertoarjo",Sup Tahu Bakso,2 Tahu Bakso,16.000,2025-07-04 21:44:45
"KFC, Manyar Kertoarjo",KFC Noodle,1 porsi KFC Noodle,16.000,2025-07-04 21:44:45
"KFC, Manyar Kertoarjo",Don Series With Egg,1 porsi Don Series  + 1 Egg,26.000,2025-07-04 21:44:45
"KFC, Manyar Kertoarjo",Avocado Float,Avocado Float,17.500,2025-07-04 21:44:45
"KFC, Manyar Kertoarjo",Super Komplit 1,1 Crispy Burger + Half Winger + 1 French Fries Reg + 1 Fanta Reguler,55.000,2025-07-04 21:44:45
"KFC, Manyar Kertoarjo",Super Komplit 2,1 Pc Chicken + 1 Rice + 1 Cream Soup + 1 Mocha Float,49.000,2025-07-04 21:44:45
"KFC, Manyar Kertoarjo",Super Komplit 3,1 Pc Chicken + 1 Rice  + 1 porsi Chicken Strips + 1 Mocha Float,54.500,2025-07-04 21:44:45
"KFC, Manyar Kertoarjo",Super Family,5 Pcs Chicken + 3 Pcs Rice + 3 Fanta Medium,139.000,2025-07-04 21:44:45
"KFC, Manyar Kertoarjo",Super Besar 1,1 pc Chicken + 1 Rice + 1 Coca-Cola Medium,40.500,2025-07-04 21:44:45
"KFC, Manyar Kertoarjo",Super Besar 2,2 pc Chicken + 1 Rice + 1 Coca-Cola Medium,53.500,2025-07-04 21:44:45
"KFC, Manyar Kertoarjo",Kombo Crispy Burger,1  Crispy Burger + 1 French Fries Reguler + 1 Fanta Reguler,44.500,2025-07-04 21:44:45
"KFC, Manyar Kertoarjo",Super Komplit 4,1 Pc Chicken + 1 Rice + 1 Colonel Burger + 1 Mocha Float,64.000,2025-07-04 21:44:45
"KFC, Manyar Kertoarjo",Breakfast Combo 1,1 Original Porridge + Hot Tea / Hot Coffee,15.000,2025-07-04 21:44:45
"KFC, Manyar Kertoarjo",Breakfast Combo 2,1 Chicken Porridge + Hot Tea / Hot Coffee,23.500,2025-07-04 21:44:45
"KFC, Manyar Kertoarjo",Kombo Colonel Burger,1  Colonel Burger  + 1 French Fries Reguler + 1 Fanta Reguler,58.000,2025-07-04 21:44:45
"KFC, Manyar Kertoarjo",Kombo Single SuperStar,1 Pc Chicken + 1 Rice + 1 Fanta Reguler + 1 CD / CD Digital,71.000,2025-07-04 21:44:45
"KFC, Manyar Kertoarjo",Kombo Duo SuperStar,2 pcs Chicken + 2 Rice + 1 Fanta Reguler + 1 Fun Fries BBQ + 1 Mocha Float + 1 CD,106.500,2025-07-04 21:44:45
"KFC, Manyar Kertoarjo",Kombo Triple SuperStar,4 Chicken + 3 Rice + 3 Fanta Reguler + 3 KFC Soup + 1 CD,172.500,2025-07-04 21:44:45
"KFC, Manyar Kertoarjo",9 Pcs Chicken Bucket,9 Potong Ayam,179.000,2025-07-04 21:44:45
"KFC, Manyar Kertoarjo",Winger Bucket,7 Pcs Half winger,106.000,2025-07-04 21:44:45
"KFC, Manyar Kertoarjo",Snack Bucket BBQ 1,1 Porsi French Fries Large + 4 pcs Chicken Strips + 1 KFC Winger + 6 pcs Chicken Balls + Bumbu BBQ,92.500,2025-07-04 21:44:45
"KFC, Manyar Kertoarjo",Snack Bucket BBQ 2,1 Porsi French Fries Large + 2 pcs Chicken Strips + 1 KFC Winger + 6 pcs Chicken Balls + Bumbu BBQ,78.500,2025-07-04 21:44:45
"KFC, Manyar Kertoarjo",1 Pc Chicken,1pc Chicken,23.500,2025-07-04 21:44:45
"KFC, Manyar Kertoarjo",3 Pcs Chicken,3 Pcs Chicken,68.500,2025-07-04 21:44:45
"KFC, Manyar Kertoarjo",5 Pcs Chicken,5 Pcs Chicken,112.500,2025-07-04 21:44:45
"KFC, Manyar Kertoarjo",KFC Winger,KFC Winger,28.000,2025-07-04 21:44:45
"KFC, Manyar Kertoarjo",Crispy Strips,2pcs Chicken Strips,21.000,2025-07-04 21:44:45
"KFC, Manyar Kertoarjo",Winger BBQ,Winger BBQ,32.000,2025-07-04 21:44:45
"KFC, Manyar Kertoarjo",Perkedel,1pc Perkedel,11.000,2025-07-04 21:44:45
"KFC, Manyar Kertoarjo",Rice,Rice,11.000,2025-07-04 21:44:45
"KFC, Manyar Kertoarjo",Twisty,1pc Twisty,21.000,2025-07-04 21:44:45
"KFC, Manyar Kertoarjo",Fun Fries,Fun Fries,29.000,2025-07-04 21:44:45
"KFC, Manyar Kertoarjo",French Fries Reguler,French Fries Reguler,22.500,2025-07-04 21:44:45
"KFC, Manyar Kertoarjo",French Fries Large,French Fries Large,28.000,2025-07-04 21:44:45
"KFC, Manyar Kertoarjo",Pudding,Pudding,9.500,2025-07-04 21:44:45
"KFC, Manyar Kertoarjo",Tote Bag,1 pc Tote Bag/Kantong Ramah Lingkungan Cukup untuk 2 Bucket Besar KFC,5.000,2025-07-04 21:44:45
"KFC, Manyar Kertoarjo",Kolak Alacarte,1 Pcs Kolak Alacarte,9.500,2025-07-04 21:44:45
"KFC, Manyar Kertoarjo",Telur Dadar,Telur Dadar,12.000,2025-07-04 21:44:45
"KFC, Manyar Kertoarjo",Colonel Burger,1pc Colonel Burger,33.500,2025-07-04 21:44:45
"KFC, Manyar Kertoarjo",Chick Ball BBQ,6pcs Chicken Balls Barbeque,17.000,2025-07-04 21:44:45
"KFC, Manyar Kertoarjo",Yakiniku Don,1 Porsi Yakiniku Don,20.500,2025-07-04 21:44:45
"KFC, Manyar Kertoarjo",Spaghetti Supreme,1 Porsi Spaghetti Supreme,23.000,2025-07-04 21:44:45
"KFC, Manyar Kertoarjo",KFC Soup,1 Prosi KFC Soup,12.500,2025-07-04 21:44:45
"KFC, Manyar Kertoarjo",Cream Soup,1 Porsi Cream Soup,12.500,2025-07-04 21:44:45
"KFC, Manyar Kertoarjo",Mango Float,Mango Float,13.000,2025-07-04 21:44:45
"KFC, Manyar Kertoarjo",Spaghetti deluxe,1 Porsi Spaghetti Deluxe,12.500,2025-07-04 21:44:45
"KFC, Manyar Kertoarjo",Mocha Float,Mocha Float,17.500,2025-07-04 21:44:45
"KFC, Manyar Kertoarjo",Crispy Burger,1pc Crispy Burger,18.500,2025-07-04 21:44:45
"KFC, Manyar Kertoarjo",Oriental Don,1 Porsi Oriental Don,20.500,2025-07-04 21:44:45
"KFC, Manyar Kertoarjo",Klepon Coffe Float,1 Klepon Coffe Float,19.500,2025-07-04 21:44:45
"KFC, Manyar Kertoarjo",Cola Float,Cola Float,11.500,2025-07-04 21:44:45
"KFC, Manyar Kertoarjo",Fanta Float,Fanta Float,11.500,2025-07-04 21:44:45
"KFC, Manyar Kertoarjo",Sprite Float,Sprite Float,11.500,2025-07-04 21:44:45
"KFC, Manyar Kertoarjo",Coca Cola Zero Medium,Coca – Cola Zero Medium,13.500,2025-07-04 21:44:45
"KFC, Manyar Kertoarjo",Coca Cola,Coca-Cola,13.500,2025-07-04 21:44:45
"KFC, Manyar Kertoarjo",Sprite,Sprite,13.500,2025-07-04 21:44:45
"KFC, Manyar Kertoarjo",Fanta,Fanta,13.500,2025-07-04 21:44:45
"KFC, Manyar Kertoarjo",Mineral Water,Mineral Water,10.000,2025-07-04 21:44:45
"KFC, Manyar Kertoarjo",Klepon Float,1 Klepon Float,19.500,2025-07-04 21:44:45
"Ikan Bakar Cianjur, Manyar Kertoarjo",Nila Goreng,N/A,162.500,2025-07-04 21:45:20
"Ikan Bakar Cianjur, Manyar Kertoarjo",Nila Asem Manis,N/A,162.500,2025-07-04 21:45:20
"Ikan Bakar Cianjur, Manyar Kertoarjo",Nila Sop,N/A,162.500,2025-07-04 21:45:20
"Ikan Bakar Cianjur, Manyar Kertoarjo",Nila Pesmol,N/A,162.500,2025-07-04 21:45:20
"Ikan Bakar Cianjur, Manyar Kertoarjo",Nila Goreng Merah Putih,N/A,162.500,2025-07-04 21:45:20
"Ikan Bakar Cianjur, Manyar Kertoarjo",Nila Bakar,N/A,162.500,2025-07-04 21:45:20
"Ikan Bakar Cianjur, Manyar Kertoarjo",Nila Pepes,N/A,162.500,2025-07-04 21:45:20
"Ikan Bakar Cianjur, Manyar Kertoarjo",Gurame Sop,N/A,162.500,2025-07-04 21:45:20
"Ikan Bakar Cianjur, Manyar Kertoarjo",Gurame Pesmol,N/A,162.500,2025-07-04 21:45:20
"Ikan Bakar Cianjur, Manyar Kertoarjo",Gurame Asem Manis,N/A,162.500,2025-07-04 21:45:20
"Ikan Bakar Cianjur, Manyar Kertoarjo",Gurami Goreng Merah Putih,N/A,162.500,2025-07-04 21:45:20
"Ikan Bakar Cianjur, Manyar Kertoarjo",Gurame Geprek,N/A,162.500,2025-07-04 21:45:20
"Ikan Bakar Cianjur, Manyar Kertoarjo",Gurami Goreng,N/A,162.500,2025-07-04 21:45:20
"Ikan Bakar Cianjur, Manyar Kertoarjo",Gurami Bakar,N/A,162.500,2025-07-04 21:45:20
"Ikan Bakar Cianjur, Manyar Kertoarjo",Lele Bakar,N/A,112.500,2025-07-04 21:45:20
"Ikan Bakar Cianjur, Manyar Kertoarjo",Lele Penyet,N/A,112.500,2025-07-04 21:45:20
"Ikan Bakar Cianjur, Manyar Kertoarjo",Lalapan Segar + Sambal,N/A,22.500,2025-07-04 21:45:20
"Ikan Bakar Cianjur, Manyar Kertoarjo",Pete Goreng,N/A,22.500,2025-07-04 21:45:20
"Ikan Bakar Cianjur, Manyar Kertoarjo",Nasi Goreng IBC,N/A,60.000,2025-07-04 21:45:20
"Ikan Bakar Cianjur, Manyar Kertoarjo",Nasi Goreng Pete,N/A,65.000,2025-07-04 21:45:20
"Ikan Bakar Cianjur, Manyar Kertoarjo",Nasi Goreng IBC Special,N/A,67.500,2025-07-04 21:45:20
"Ikan Bakar Cianjur, Manyar Kertoarjo",Nasi Putih,N/A,12.500,2025-07-04 21:45:20
"Ikan Bakar Cianjur, Manyar Kertoarjo",Sayur Asem,N/A,31.250,2025-07-04 21:45:20
"Ikan Bakar Cianjur, Manyar Kertoarjo",Tumis Pucuk Kailan,N/A,37.500,2025-07-04 21:45:20
"Ikan Bakar Cianjur, Manyar Kertoarjo",Tumis Pucuk Labu,N/A,37.500,2025-07-04 21:45:20
"Ikan Bakar Cianjur, Manyar Kertoarjo",Tumis Slada Wangi,N/A,37.500,2025-07-04 21:45:20
"Ikan Bakar Cianjur, Manyar Kertoarjo",Karedok,N/A,31.250,2025-07-04 21:45:20
"Ikan Bakar Cianjur, Manyar Kertoarjo",Tahu Goreng,N/A,22.500,2025-07-04 21:45:20
"Ikan Bakar Cianjur, Manyar Kertoarjo",Nasi Liwet,N/A,52.500,2025-07-04 21:45:20
"Ikan Bakar Cianjur, Manyar Kertoarjo",Tahu Tausi,N/A,62.500,2025-07-04 21:45:20
"Ikan Bakar Cianjur, Manyar Kertoarjo",Nasi Uduk,N/A,18.750,2025-07-04 21:45:20
"Ikan Bakar Cianjur, Manyar Kertoarjo",Tumis Sawi Hijau,N/A,37.500,2025-07-04 21:45:20
"Ikan Bakar Cianjur, Manyar Kertoarjo",Juice Semangka,N/A,40.000,2025-07-04 21:45:20
"Ikan Bakar Cianjur, Manyar Kertoarjo",Teh Manis / Tawar,N/A,15.000,2025-07-04 21:45:20
"Ikan Bakar Cianjur, Manyar Kertoarjo",Es Jeruk kelapa Muda,N/A,40.000,2025-07-04 21:45:20
"Ikan Bakar Cianjur, Manyar Kertoarjo",Es Teh Manis / Tawar,N/A,15.000,2025-07-04 21:45:20
"Ikan Bakar Cianjur, Manyar Kertoarjo",Air Mineral Sedang,N/A,12.500,2025-07-04 21:45:20
"Ikan Bakar Cianjur, Manyar Kertoarjo",Orange Juice,N/A,40.000,2025-07-04 21:45:20
"Ikan Bakar Cianjur, Manyar Kertoarjo",Es Jeruk Murni,N/A,47.500,2025-07-04 21:45:20
"Ikan Bakar Cianjur, Manyar Kertoarjo",Es Shanghai,N/A,47.500,2025-07-04 21:45:20
"Ikan Bakar Cianjur, Manyar Kertoarjo",Es Cianjur,N/A,47.500,2025-07-04 21:45:20
"Ikan Bakar Cianjur, Manyar Kertoarjo",Es Campur Tempo Doeloe,N/A,47.500,2025-07-04 21:45:20
"Ikan Bakar Cianjur, Manyar Kertoarjo",Es Kelapa Muda,N/A,40.000,2025-07-04 21:45:20
"Ikan Bakar Cianjur, Manyar Kertoarjo",Juice Wortel IBC,N/A,47.500,2025-07-04 21:45:20
"Ikan Bakar Cianjur, Manyar Kertoarjo",Juice Strawberry,N/A,47.500,2025-07-04 21:45:20
"Ikan Bakar Cianjur, Manyar Kertoarjo",Es Kopi,N/A,40.000,2025-07-04 21:45:20
"Ikan Bakar Cianjur, Manyar Kertoarjo",Es Lemon Tea,N/A,40.000,2025-07-04 21:45:20
"Ikan Bakar Cianjur, Manyar Kertoarjo",Juice Terong Belanda,N/A,47.500,2025-07-04 21:45:20
"Ikan Bakar Cianjur, Manyar Kertoarjo",Rujak Cingur,N/A,81.250,2025-07-04 21:45:20
"Ikan Bakar Cianjur, Manyar Kertoarjo",Nasi Goreng Jawa,N/A,65.000,2025-07-04 21:45:20
"Ikan Bakar Cianjur, Manyar Kertoarjo",Tahu Tek,N/A,62.500,2025-07-04 21:45:20
"Ikan Bakar Cianjur, Manyar Kertoarjo",Mie Goreng Jawa,N/A,65.000,2025-07-04 21:45:20
"Ikan Bakar Cianjur, Manyar Kertoarjo",Sop Iga,N/A,112.500,2025-07-04 21:45:20
"Ikan Bakar Cianjur, Manyar Kertoarjo",Nasi Goreng Kambing,N/A,72.500,2025-07-04 21:45:20
"Ikan Bakar Cianjur, Manyar Kertoarjo",Lontong,N/A,12.500,2025-07-04 21:45:20
"Ikan Bakar Cianjur, Manyar Kertoarjo",Soto Ayam,N/A,87.500,2025-07-04 21:45:20
"Ikan Bakar Cianjur, Manyar Kertoarjo",Kambing Oven,N/A,131.250,2025-07-04 21:45:20
"Ikan Bakar Cianjur, Manyar Kertoarjo",Udang Goreng Tepung,N/A,125.000,2025-07-04 21:45:20
"Ikan Bakar Cianjur, Manyar Kertoarjo",Udang Tumis Pete,N/A,131.250,2025-07-04 21:45:20
"Ikan Bakar Cianjur, Manyar Kertoarjo",Ayam Dada Bakar,N/A,40.000,2025-07-04 21:45:20
"Ikan Bakar Cianjur, Manyar Kertoarjo",Ayam Paha Goreng,N/A,40.000,2025-07-04 21:45:20
"Ikan Bakar Cianjur, Manyar Kertoarjo",Ayam Dada Goreng,N/A,40.000,2025-07-04 21:45:20
"Ikan Bakar Cianjur, Manyar Kertoarjo",Ayam Paha Bakar,N/A,40.000,2025-07-04 21:45:20
"Fajar Chinese Restaurant, Manyar",Frozen Pork-Bone Soup Ala Yamagoya Ramen,N/A,193.000,2025-07-04 21:45:52
"Fajar Chinese Restaurant, Manyar",Frozen Tim Lumpia Kulit Tahu,N/A,70.000,2025-07-04 21:45:52
"Fajar Chinese Restaurant, Manyar",Kepiting Soka Goreng Telur  Asin,N/A,182.000,2025-07-04 21:45:52
"Fajar Chinese Restaurant, Manyar",Lumpia Udang ( isi 6 ),N/A,156.000,2025-07-04 21:45:52
"Fajar Chinese Restaurant, Manyar",Angsio Tahu Jepang (Ayam / Babi / Seafood),N/A,125.000,2025-07-04 21:45:52
"Fajar Chinese Restaurant, Manyar",Tim Gurami Bawang Putih ( M ),N/A,182.000,2025-07-04 21:45:52
"Fajar Chinese Restaurant, Manyar",Gurami Masak Bawang Kecap (M),N/A,182.000,2025-07-04 21:45:52
"Fajar Chinese Restaurant, Manyar",Cakwe Goreng isi Udang,N/A,35.000,2025-07-04 21:45:52
"Fajar Chinese Restaurant, Manyar",Lumpia Kulit Tahu Goreng,N/A,35.000,2025-07-04 21:45:52
"Fajar Chinese Restaurant, Manyar",Lumpia Kulit Tahu Tim,N/A,35.000,2025-07-04 21:45:52
"Fajar Chinese Restaurant, Manyar",Yammie Ayam Jamur,N/A,50.000,2025-07-04 21:45:52
"Fajar Chinese Restaurant, Manyar",Yammie Polos,N/A,37.000,2025-07-04 21:45:52
"Fajar Chinese Restaurant, Manyar",Yammie Ayam Special,Ayam Jamur+Ayam Kecap,65.000,2025-07-04 21:45:52
"Fajar Chinese Restaurant, Manyar",Yammie Pangsit,N/A,56.000,2025-07-04 21:45:52
"Fajar Chinese Restaurant, Manyar",Yammie Siram Hipio (Ayam / Babi / Seafood),N/A,143.000,2025-07-04 21:45:52
"Fajar Chinese Restaurant, Manyar",Mie Pok ala Singapore,Pedas / Pedas Sedang / No Pedas,64.000,2025-07-04 21:45:52
"Fajar Chinese Restaurant, Manyar",Yammie Bebek panggang,N/A,70.000,2025-07-04 21:45:52
"Fajar Chinese Restaurant, Manyar",Yammie Siobak,N/A,86.000,2025-07-04 21:45:52
"Fajar Chinese Restaurant, Manyar",Mie Pok Polos,No Pedas,37.000,2025-07-04 21:45:52
"Fajar Chinese Restaurant, Manyar",Mie Pok Polos Pedas,N/A,43.000,2025-07-04 21:45:52
"Fajar Chinese Restaurant, Manyar",Mie Pok Singapore Siobak,N/A,85.000,2025-07-04 21:45:52
"Fajar Chinese Restaurant, Manyar",Yammie Casiew Siobak,N/A,86.000,2025-07-04 21:45:52
"Fajar Chinese Restaurant, Manyar",Lao Sa Bao Telur Asin,N/A,34.000,2025-07-04 21:45:52
"Fajar Chinese Restaurant, Manyar",Bakpao Tausa Tim,N/A,35.000,2025-07-04 21:45:52
"Fajar Chinese Restaurant, Manyar",Siomay Tim,N/A,36.000,2025-07-04 21:45:52
"Fajar Chinese Restaurant, Manyar",Tim Kaki Ayam,N/A,35.000,2025-07-04 21:45:52
"Fajar Chinese Restaurant, Manyar",Kuotie,Isi 5 Pcs,40.000,2025-07-04 21:45:52
"Fajar Chinese Restaurant, Manyar",Bakpao Casiew,N/A,35.000,2025-07-04 21:45:52
"Fajar Chinese Restaurant, Manyar",Lumpia Ayam,N/A,35.000,2025-07-04 21:45:52
"Fajar Chinese Restaurant, Manyar",Pangsit Udang,N/A,35.000,2025-07-04 21:45:52
"Fajar Chinese Restaurant, Manyar",Tim Hakau Udang,N/A,40.000,2025-07-04 21:45:52
"Fajar Chinese Restaurant, Manyar",Mantau Lipat Ala Carte 5pcs,Mantau kotak goreng,34.000,2025-07-04 21:45:52
"Fajar Chinese Restaurant, Manyar",Siomay Ayam/Babi,N/A,36.000,2025-07-04 21:45:52
"Fajar Chinese Restaurant, Manyar",Bakpao Coklat,N/A,36.000,2025-07-04 21:45:52
"Fajar Chinese Restaurant, Manyar",Frozen Steak Sapi Ala Canton,Porsi 2 Orang,124.000,2025-07-04 21:45:52
"Fajar Chinese Restaurant, Manyar",Frozen Bakpao Casiew,6 pcs,70.000,2025-07-04 21:45:52
"Fajar Chinese Restaurant, Manyar",Frozen Bakpao Lao Sa Telur Asin,6 pcs Bakpao,70.000,2025-07-04 21:45:52
"Fajar Chinese Restaurant, Manyar",Frozen Sapi Lada Hitam,Porsi 2 Orang,124.000,2025-07-04 21:45:52
"Fajar Chinese Restaurant, Manyar",Frozen Bakpao Tausa Tim,6 pcs Bakpao,70.000,2025-07-04 21:45:52
"Fajar Chinese Restaurant, Manyar",Frozen Siomay Tim Ayam,8 pcs Siomay,76.000,2025-07-04 21:45:52
"Fajar Chinese Restaurant, Manyar",Frozen Ayam Saus Mentega,Porsi 2 Orang,86.000,2025-07-04 21:45:52
"Fajar Chinese Restaurant, Manyar",Frozen Tim Kaki Ayam,2 Porsi,70.000,2025-07-04 21:45:52
"Fajar Chinese Restaurant, Manyar",Frozen Yammie Polos,2 Porsi,76.000,2025-07-04 21:45:52
"Fajar Chinese Restaurant, Manyar",Frozen Mie Pok Singapore,2 porsi,130.000,2025-07-04 21:45:52
"Fajar Chinese Restaurant, Manyar",Frozen Yammie Ayam Jamur,2 Porsi,102.000,2025-07-04 21:45:52
"Fajar Chinese Restaurant, Manyar",Frozen Siomay Tim Babi,8 pcs,76.000,2025-07-04 21:45:52
"Fajar Chinese Restaurant, Manyar",Frozen Babi Hong Ala Khee,N/A,202.000,2025-07-04 21:45:52
"Fajar Chinese Restaurant, Manyar",Frozen Pork-Bone Soup Ala Yamagoya Ramen,2 porsi,193.000,2025-07-04 21:45:52
"Fajar Chinese Restaurant, Manyar",Frozen Tim Lumpia Kulit Tahu,2 Porsi,70.000,2025-07-04 21:45:52
"Fajar Chinese Restaurant, Manyar",Frozen Chicken Collagen Ramen,N/A,193.000,2025-07-04 21:45:52
"Fajar Chinese Restaurant, Manyar",Frozen Lumpia Udang,7pcs,109.000,2025-07-04 21:45:52
"Fajar Chinese Restaurant, Manyar",Air Mineral Cheers 330ml,N/A,20.000,2025-07-04 21:45:52
"Fajar Chinese Restaurant, Manyar",Softdrink Can,N/A,18.000,2025-07-04 21:45:52
"Fajar Chinese Restaurant, Manyar",Yeos Can,N/A,16.000,2025-07-04 21:45:52
"Fajar Chinese Restaurant, Manyar",Bubur Polos,N/A,53.000,2025-07-04 21:45:52
"Fajar Chinese Restaurant, Manyar",Bubur Ayam,N/A,58.000,2025-07-04 21:45:52
"Fajar Chinese Restaurant, Manyar",Bubur Bakso Babi,N/A,58.000,2025-07-04 21:45:52
"Fajar Chinese Restaurant, Manyar",Bubur Babi,N/A,58.000,2025-07-04 21:45:52
"Fajar Chinese Restaurant, Manyar",Bubur Ikan,N/A,58.000,2025-07-04 21:45:52
"Fajar Chinese Restaurant, Manyar",Bubur Sapi,N/A,58.000,2025-07-04 21:45:52
"Fajar Chinese Restaurant, Manyar",Bubur Pitan,N/A,58.000,2025-07-04 21:45:52
"Fajar Chinese Restaurant, Manyar",Topping Ayam Kampung,N/A,26.000,2025-07-04 21:45:52
"Fajar Chinese Restaurant, Manyar",Topping Daging Sapi,N/A,26.000,2025-07-04 21:45:52
"Fajar Chinese Restaurant, Manyar",Topping Bakso Babi,N/A,26.000,2025-07-04 21:45:52
"Fajar Chinese Restaurant, Manyar",Topping Ikan Gurami,N/A,26.000,2025-07-04 21:45:52
"Fajar Chinese Restaurant, Manyar",Topping Babi Pien,N/A,26.000,2025-07-04 21:45:52
"Fajar Chinese Restaurant, Manyar",Topping Telur Pitan,N/A,26.000,2025-07-04 21:45:52
"Fajar Chinese Restaurant, Manyar",Topping Cakwe Goreng,N/A,13.000,2025-07-04 21:45:52
"Fajar Chinese Restaurant, Manyar",Babi Hong Ala Khee,N/A,185.000,2025-07-04 21:45:52
"Fajar Chinese Restaurant, Manyar",Sapo Kaki Babi,N/A,129.000,2025-07-04 21:45:52
"Fajar Chinese Restaurant, Manyar",Kolobak,N/A,129.000,2025-07-04 21:45:52
"Fajar Chinese Restaurant, Manyar",Baikut Cabe Garam,N/A,143.000,2025-07-04 21:45:52
"Fajar Chinese Restaurant, Manyar",Baikut Goreng Madu,N/A,143.000,2025-07-04 21:45:52
"Fajar Chinese Restaurant, Manyar",Cingtu Baikut,N/A,143.000,2025-07-04 21:45:52
"Fajar Chinese Restaurant, Manyar",Champagne Baikut,N/A,143.000,2025-07-04 21:45:52
"Fajar Chinese Restaurant, Manyar",Bebek Panggang Per 1/2 Ekor,N/A,261.000,2025-07-04 21:45:52
"Fajar Chinese Restaurant, Manyar",Bebek Panggang Per Porsi,N/A,124.000,2025-07-04 21:45:52
"Fajar Chinese Restaurant, Manyar",Casiew 1/2 Kg,N/A,327.000,2025-07-04 21:45:52
"Fajar Chinese Restaurant, Manyar",Casiew Per Porsi,N/A,131.000,2025-07-04 21:45:52
"Fajar Chinese Restaurant, Manyar",Siobak 1/2 Kg,N/A,380.000,2025-07-04 21:45:52
"Fajar Chinese Restaurant, Manyar",Siobak Per Porsi,N/A,145.000,2025-07-04 21:45:52
"Fajar Chinese Restaurant, Manyar",Panggangan Campur ( S ),N/A,370.000,2025-07-04 21:45:52
"Fajar Chinese Restaurant, Manyar",Cap Cay Kuah,N/A,125.000,2025-07-04 21:45:52
"Fajar Chinese Restaurant, Manyar",Hippio Kuah Baso Ikan,N/A,139.000,2025-07-04 21:45:52
"Fajar Chinese Restaurant, Manyar",Sup Asparagus Telur Kepiting ( Porsi Individu ),N/A,63.000,2025-07-04 21:45:52
"Fajar Chinese Restaurant, Manyar",Sup Asparagus Sari Ayam ( Porsi Individu ),N/A,50.000,2025-07-04 21:45:52
"Fajar Chinese Restaurant, Manyar",Sup Bibir Ikan (Porsi Individu),N/A,55.000,2025-07-04 21:45:52
"Fajar Chinese Restaurant, Manyar",Kakap Tahu Sayur Asin Kuah,N/A,139.000,2025-07-04 21:45:52
"Fajar Chinese Restaurant, Manyar",Sup Jagung Telur Kepiting ( Porsi Individu ),N/A,63.000,2025-07-04 21:45:52
"Fajar Chinese Restaurant, Manyar",Angsio Haisom Ala Khee,N/A,618.000,2025-07-04 21:45:52
"Fajar Chinese Restaurant, Manyar",Nasi Haisom,N/A,327.000,2025-07-04 21:45:52
"Fajar Chinese Restaurant, Manyar",Kakap Asam Manis,N/A,131.000,2025-07-04 21:45:52
"Fajar Chinese Restaurant, Manyar",Gurami Asam Manis,N/A,182.000,2025-07-04 21:45:52
"Fajar Chinese Restaurant, Manyar",Gurami ala Khe,N/A,182.000,2025-07-04 21:45:52
"Fajar Chinese Restaurant, Manyar",Gurami Ala Sze,N/A,182.000,2025-07-04 21:45:52
"Fajar Chinese Restaurant, Manyar",Kakap Tahu Tausi,N/A,131.000,2025-07-04 21:45:52
"Fajar Chinese Restaurant, Manyar",Gurami Tahu Tausi,N/A,182.000,2025-07-04 21:45:52
"Fajar Chinese Restaurant, Manyar",Tim Gurami Bawang Putih ( M ),N/A,182.000,2025-07-04 21:45:52
"Fajar Chinese Restaurant, Manyar",Gurami Masak Bawang Kecap (M),N/A,182.000,2025-07-04 21:45:52
"Fajar Chinese Restaurant, Manyar",Lumpia Udang ( isi 6 ),N/A,156.000,2025-07-04 21:45:52
"Fajar Chinese Restaurant, Manyar",Udang Cabe Garam,N/A,156.000,2025-07-04 21:45:52
"Fajar Chinese Restaurant, Manyar",Udang Mayonaise,N/A,156.000,2025-07-04 21:45:52
"Fajar Chinese Restaurant, Manyar",Fu Yung Hai,N/A,125.000,2025-07-04 21:45:52
"Fajar Chinese Restaurant, Manyar",Udang Seledri Cah Mente,N/A,139.000,2025-07-04 21:45:52
"Fajar Chinese Restaurant, Manyar",Kepiting Soka Goreng Telur  Asin,N/A,182.000,2025-07-04 21:45:52
"Fajar Chinese Restaurant, Manyar",Kepiting Soka Goreng Kering,N/A,182.000,2025-07-04 21:45:52
"Fajar Chinese Restaurant, Manyar",Kepiting Soka Cabe Garam,N/A,182.000,2025-07-04 21:45:52
"Fajar Chinese Restaurant, Manyar",Cumi Goreng Mentega,N/A,143.000,2025-07-04 21:45:52
"Fajar Chinese Restaurant, Manyar",Cumi Cabe Garam,N/A,143.000,2025-07-04 21:45:52
"Fajar Chinese Restaurant, Manyar",Cumi Goreng Tepung,N/A,143.000,2025-07-04 21:45:52
"Fajar Chinese Restaurant, Manyar",Sapi Ala Kanton,N/A,157.000,2025-07-04 21:45:52
"Fajar Chinese Restaurant, Manyar",Sapi Lada Hitam,N/A,157.000,2025-07-04 21:45:52
"Fajar Chinese Restaurant, Manyar",Sapi Vietnam,N/A,157.000,2025-07-04 21:45:52
"Fajar Chinese Restaurant, Manyar",Ayam Rebus Hainan Per 1/2 Ekor,N/A,195.000,2025-07-04 21:45:52
"Fajar Chinese Restaurant, Manyar",Ayam Goreng Wangi Per 1/2 Ekor,N/A,169.000,2025-07-04 21:45:52
"Fajar Chinese Restaurant, Manyar",Ayam Goreng Asam Garam 1/2  Ekor,N/A,169.000,2025-07-04 21:45:52
"Fajar Chinese Restaurant, Manyar",Ayam Goreng Mentega 1/2 Ekor,N/A,169.000,2025-07-04 21:45:52
"Fajar Chinese Restaurant, Manyar",Koloke,N/A,129.000,2025-07-04 21:45:52
"Fajar Chinese Restaurant, Manyar",Ayam Kungpao,N/A,129.000,2025-07-04 21:45:52
"Fajar Chinese Restaurant, Manyar",Ayam Goreng Kanton 1/2 Ekor,N/A,169.000,2025-07-04 21:45:52
"Fajar Chinese Restaurant, Manyar",Ayam Cabai Garam 1/2 Ekor,N/A,169.000,2025-07-04 21:45:52
"Fajar Chinese Restaurant, Manyar",Burung Dara Goreng Mentega Per Ekor,N/A,82.000,2025-07-04 21:45:52
"Fajar Chinese Restaurant, Manyar",Hotplate Tahu Jepang,N/A,125.000,2025-07-04 21:45:52
"Fajar Chinese Restaurant, Manyar",Sapo Tahu,N/A,125.000,2025-07-04 21:45:52
"Fajar Chinese Restaurant, Manyar",Mapo Tahu,N/A,125.000,2025-07-04 21:45:52
"Fajar Chinese Restaurant, Manyar",Mun Tahu,N/A,125.000,2025-07-04 21:45:52
"Fajar Chinese Restaurant, Manyar",Yong Tahu Ala Khe,N/A,125.000,2025-07-04 21:45:52
"Fajar Chinese Restaurant, Manyar",Angsio Tahu Jepang (Ayam / Babi / Seafood),N/A,125.000,2025-07-04 21:45:52
"Fajar Chinese Restaurant, Manyar",Angsio Tahu Biasa (Ayam / Babi / Seafood),N/A,125.000,2025-07-04 21:45:52
"Fajar Chinese Restaurant, Manyar",Angsio Kembang Tahu Dengan Siobak,N/A,125.000,2025-07-04 21:45:52
"Fajar Chinese Restaurant, Manyar",Sapo Soun Kembang Tahu,N/A,125.000,2025-07-04 21:45:52
"Fajar Chinese Restaurant, Manyar",Kembang Tahu Goreng Telur Asin,N/A,84.000,2025-07-04 21:45:52
"Fajar Chinese Restaurant, Manyar",Kembang Tahu Goreng Cabai Garam,N/A,84.000,2025-07-04 21:45:52
"Fajar Chinese Restaurant, Manyar",Brokoli Sapi Masak Saus XO,N/A,169.000,2025-07-04 21:45:52
"Fajar Chinese Restaurant, Manyar",Kailan Lokal Cah Sapi,N/A,139.000,2025-07-04 21:45:52
"Fajar Chinese Restaurant, Manyar",Baby Buncis Ala Szechuan,N/A,129.000,2025-07-04 21:45:52
"Fajar Chinese Restaurant, Manyar",Cah Siongmak,Bawang Putih / Cah Anco,110.000,2025-07-04 21:45:52
"Fajar Chinese Restaurant, Manyar",Cap Cay Goreng (Ayam / Babi ),N/A,116.000,2025-07-04 21:45:52
"Fajar Chinese Restaurant, Manyar",Brokoli Cah Bawang Putih,N/A,103.000,2025-07-04 21:45:52
"Fajar Chinese Restaurant, Manyar",Siongmak HK Cah Belut,N/A,143.000,2025-07-04 21:45:52
"Fajar Chinese Restaurant, Manyar",Baby Buncis Cah Bawang Putih,N/A,98.000,2025-07-04 21:45:52
"Fajar Chinese Restaurant, Manyar",Kailan Lokal Cah Bawang Putih,N/A,112.000,2025-07-04 21:45:52
"Fajar Chinese Restaurant, Manyar",Pocai Polos,N/A,95.000,2025-07-04 21:45:52
"Fajar Chinese Restaurant, Manyar",Cap Cay Goreng (Seafood),N/A,116.000,2025-07-04 21:45:52
"Fajar Chinese Restaurant, Manyar",Caisim Cah Bawang Putih,N/A,99.000,2025-07-04 21:45:52
"Fajar Chinese Restaurant, Manyar",Tauge Cah Ikan Asin,N/A,119.000,2025-07-04 21:45:52
"Fajar Chinese Restaurant, Manyar",Pocay 2 Telur,N/A,125.000,2025-07-04 21:45:52
"Fajar Chinese Restaurant, Manyar",Bihun Goreng (Ayam / Babi / Seafood ),N/A,103.000,2025-07-04 21:45:52
"Fajar Chinese Restaurant, Manyar",Bihun Kuah (Ayam / Babi / Seafood),N/A,103.000,2025-07-04 21:45:52
"Fajar Chinese Restaurant, Manyar",I Fu Mie Basah (Ayam / Babi / Seafood),N/A,103.000,2025-07-04 21:45:52
"Fajar Chinese Restaurant, Manyar",Nasi Goreng Seafood,N/A,103.000,2025-07-04 21:45:52
"Fajar Chinese Restaurant, Manyar",Nasi Goreng Yang Chow,N/A,103.000,2025-07-04 21:45:52
"Fajar Chinese Restaurant, Manyar",Kwetiaw Goreng (Seafood / Sapi / Ayam / Babi),N/A,103.000,2025-07-04 21:45:52
"Fajar Chinese Restaurant, Manyar",Kwetiaw Siram (Seafood/ Sapi / Ayam / Babi),N/A,103.000,2025-07-04 21:45:52
"Fajar Chinese Restaurant, Manyar",Tamie Cap Cay (Ayam / Babi / Seafood),N/A,110.000,2025-07-04 21:45:52
"Fajar Chinese Restaurant, Manyar",Bakmie Goreng (Seafood / Ayam / Yang Chow),N/A,103.000,2025-07-04 21:45:52
"Fajar Chinese Restaurant, Manyar",Nasi Cap Cay (Seafood / Ayam/ Babi),N/A,116.000,2025-07-04 21:45:52
"Fajar Chinese Restaurant, Manyar",Nasi Hainam Ayam Rebus,N/A,79.000,2025-07-04 21:45:52
"Fajar Chinese Restaurant, Manyar",Nasi Hainam Bebek Pg,N/A,82.000,2025-07-04 21:45:52
"Fajar Chinese Restaurant, Manyar",Nasi Hainam Casiew Pg,N/A,82.000,2025-07-04 21:45:52
"Fajar Chinese Restaurant, Manyar",Nasi Hainam Siobak Pg,N/A,95.000,2025-07-04 21:45:52
"Fajar Chinese Restaurant, Manyar",Nasi Putih Bebek Pg,N/A,82.000,2025-07-04 21:45:52
"Fajar Chinese Restaurant, Manyar",Nasi Putih Casiew,N/A,82.000,2025-07-04 21:45:52
"Fajar Chinese Restaurant, Manyar",Nasi Putih Siobak,N/A,95.000,2025-07-04 21:45:52
"Fajar Chinese Restaurant, Manyar",Nasi Putih,N/A,18.000,2025-07-04 21:45:52
"Fajar Chinese Restaurant, Manyar",Nasi Hainam,N/A,24.000,2025-07-04 21:45:52
"Fajar Chinese Restaurant, Manyar",Bakmi Goreng Special,N/A,110.000,2025-07-04 21:45:52
"Fajar Chinese Restaurant, Manyar",Nasi Putih Ayam Rebus,N/A,73.000,2025-07-04 21:45:52
"Fajar Chinese Restaurant, Manyar",Nasi Hokkian,N/A,110.000,2025-07-04 21:45:52
"Fajar Chinese Restaurant, Manyar",Siobak Cabai Garam,N/A,158.000,2025-07-04 21:45:52
"Fajar Chinese Restaurant, Manyar",Siobak Bebek Masak Bawang Jahe,N/A,185.000,2025-07-04 21:45:52
"Fajar Chinese Restaurant, Manyar",Siobak Cah Bawang Bombay,N/A,158.000,2025-07-04 21:45:52
"Fajar Chinese Restaurant, Manyar",Bebek Masak Bawang Jahe,N/A,231.000,2025-07-04 21:45:52
"Steak Hut, Mulyorejo",Red Salmon Steak,Steak ikan salmon dibakar dengan brandy,195.555,2025-07-04 21:46:25
"Steak Hut, Mulyorejo",Tenderloin Steak,Steak lulur dalam original / spicy / Blackpepper / Cordon Bleu,131.111,2025-07-04 21:46:25
"Steak Hut, Mulyorejo",Fruity Cocktail Salad,Salad bermacam buah dengan siraman mayonaise dan keju,56.296,2025-07-04 21:46:25
"Steak Hut, Mulyorejo",Sirloin Steak,Steak lulur luar,123.333,2025-07-04 21:46:25
"Steak Hut, Mulyorejo",NZ Grilled Sirloin ST,Steak lulur luar dengan daging sapi import,161.111,2025-07-04 21:46:25
"Steak Hut, Mulyorejo",Snow Fish Steak Original grilled,Steak fillet ikan dory,118.518,2025-07-04 21:46:25
"Steak Hut, Mulyorejo",Red Salmon Steak,Steak ikan salmon dibakar dengan brandy,195.555,2025-07-04 21:46:25
"Steak Hut, Mulyorejo",Snow Fish Steak Crispy grilled,Steak fillet ikan dory,118.518,2025-07-04 21:46:25
"Steak Hut, Mulyorejo",Snow Fish Steak Spicy grilled,Steak fillet ikan dory,122.963,2025-07-04 21:46:25
"Steak Hut, Mulyorejo",Mixed Grill BBQ,"Steak kombinasi daging sapi, ayam dan sosis",128.888,2025-07-04 21:46:25
"Steak Hut, Mulyorejo",Persian Kebab BBQ 1 porsi,"Tusukan BBQ kombinasi daging sapi, ayam, ham, dan sosis",128.888,2025-07-04 21:46:25
"Steak Hut, Mulyorejo",Persian Kebab BBQ 1/2 porsi,"Tusukan BBQ kombinasi daging sapi, ayam, ham, dan sosis",80.000,2025-07-04 21:46:25
"Steak Hut, Mulyorejo",Chicken Cordon Bleu,Steak ayam digoreng dengan tepung roti dan keju,118.518,2025-07-04 21:46:25
"Steak Hut, Mulyorejo",Chicken Cheese,Steak ayam cincang dengan sosis ayam digulung dengan keju,103.703,2025-07-04 21:46:25
"Steak Hut, Mulyorejo",Chicken Steak Original,Steak ayam yang empuk,106.629,2025-07-04 21:46:25
"Steak Hut, Mulyorejo",Mozarella Crispy Chicken,Steak ayam digoreng dengan tepung roti dan keju,103.703,2025-07-04 21:46:25
"Steak Hut, Mulyorejo",Chicken Steak Spicy,Steak ayam yang empuk. Original / spicy / with / Crispy,112.592,2025-07-04 21:46:25
"Steak Hut, Mulyorejo",Chicken Steak With Ham,Steak ayam yang empuk. Original / spicy / with / crispy,112.592,2025-07-04 21:46:25
"Steak Hut, Mulyorejo",Chicken Steak Crispy,Steak ayam yang empuk. Original / spicy / with / Crispy,109.629,2025-07-04 21:46:25
"Steak Hut, Mulyorejo",Spring Chicken 1 ekor,Ayam muda,170.370,2025-07-04 21:46:25
"Steak Hut, Mulyorejo",Spring Chicken 1/2 ekor,Ayam muda,99.259,2025-07-04 21:46:25
"Steak Hut, Mulyorejo",Mozarella Tenderloin Roll,Steak lulur dalam diisi dengan smoked beef dan disiram dengan lelehan keju mozarella,163.333,2025-07-04 21:46:25
"Steak Hut, Mulyorejo",Ribeye Yuu Steak,N/A,222.222,2025-07-04 21:46:25
"Steak Hut, Mulyorejo",Beef Tongue Steak,Steak lidah sapi original / spicy,127.778,2025-07-04 21:46:25
"Steak Hut, Mulyorejo",Beef Roll,Beef lulur dalam original beef roll / mozarella beef roll,136.667,2025-07-04 21:46:25
"Steak Hut, Mulyorejo",Africana Sunrise ST,Steak daging cincang dengan saus merica hitam.,110.000,2025-07-04 21:46:25
"Steak Hut, Mulyorejo",Sirloin Steak,Steak lulur luar,123.333,2025-07-04 21:46:25
"Steak Hut, Mulyorejo",T-Bone Steak,Steak tulang paha original / spicy,222.222,2025-07-04 21:46:25
"Steak Hut, Mulyorejo",Tenderloin Steak,Steak lulur dalam original / spicy / Blackpepper / Cordon Bleu,131.111,2025-07-04 21:46:25
"Steak Hut, Mulyorejo",NZ Grilled Sirloin ST,Steak lulur luar dengan daging sapi import,161.111,2025-07-04 21:46:25
"Steak Hut, Mulyorejo",Hawaian Hamburger ST,"Steak daging cincang digoreng dengan tepung roti, ditambahkan telur mata sapi diatasnya",110.000,2025-07-04 21:46:25
"Steak Hut, Mulyorejo",NS Beef Ribs,Steak iga sapi premium New Zealand,235.556,2025-07-04 21:46:25
"Steak Hut, Mulyorejo",Cordon Bleu,"Steak lulur dalam isi keju mozarella dan Ham, digoreng dengan tepung roti",140.000,2025-07-04 21:46:25
"Steak Hut, Mulyorejo",Macaroni Spiral Soup,"Sup bening isi makaroi, daging ayam, lidah,sosis, wortel dan kacang polong",45.926,2025-07-04 21:46:25
"Steak Hut, Mulyorejo",Chicken Cream Soup,Sup krim Steak Hut isi sweet corn / Asparagus / Chicken / Mushroom,47.407,2025-07-04 21:46:25
"Steak Hut, Mulyorejo",Crabmeat Soup with Egg,"Sup kepiting isi telur kepiting, asparagus dan jagung",56.296,2025-07-04 21:46:25
"Steak Hut, Mulyorejo",Red Tomato Soup,"Sup tomat isi daging ayam, lidah, sosis, wortel dan kacang polong",47.407,2025-07-04 21:46:25
"Steak Hut, Mulyorejo",Erwten Soup,"Resep dari nenek sup krim ala Belanda isi sosis ayam, sosis sapi dan daging ayam",47.407,2025-07-04 21:46:25
"Steak Hut, Mulyorejo",Spaghetty Bolognese,Spaghetti dengan daging sapi cincang disiram dengan saus tiram,77.037,2025-07-04 21:46:25
"Steak Hut, Mulyorejo",Mountain Burger Complete,"Roti burger komplit daging cincang, ham, telur, keju, tomat, selada, timun dengan kentang goreng",77.036,2025-07-04 21:46:25
"Steak Hut, Mulyorejo",Galantine,Daging cincang roll lapis telur,106.666,2025-07-04 21:46:25
"Steak Hut, Mulyorejo",Fried Rice Chicken,Fried rice by steak hut - beef / seafood / chicken / vegetarian,69.630,2025-07-04 21:46:25
"Steak Hut, Mulyorejo",Steak Hut Omelette,"Telur dadar isi ham, sosis, jamur, keju, bawang bombay",68.148,2025-07-04 21:46:25
"Steak Hut, Mulyorejo",Hot Dog,N/A,59.259,2025-07-04 21:46:25
"Steak Hut, Mulyorejo",Steamed Rice,Nasi Putih,17.778,2025-07-04 21:46:25
"Steak Hut, Mulyorejo",Garlic Bread,Roti mentega dengan bawang putih,26.667,2025-07-04 21:46:25
"Steak Hut, Mulyorejo",Soft Roll,Roti steak yang empuk,11.852,2025-07-04 21:46:25
"Steak Hut, Mulyorejo",Spaghetti Bolognese,Spaghetti dengan daging sapi cincang disiram dengan saus tiram,64.444,2025-07-04 21:46:25
"Steak Hut, Mulyorejo",Spaghetti Carbonara,"Spaghetti dengan daging sapi panggang, jamur dan keju, disiram saus creamy",77.037,2025-07-04 21:46:25
"Steak Hut, Mulyorejo",Fried Rice Beef,N/A,69.630,2025-07-04 21:46:25
"Steak Hut, Mulyorejo",Fried Rice Seafood,N/A,71.111,2025-07-04 21:46:25
"Steak Hut, Mulyorejo",Fried Rice vegetarian,N/A,62.222,2025-07-04 21:46:25
"Steak Hut, Mulyorejo",Tuna Sandwich,"Roti tawar isi ikan tuna, keju, tomat, selada, dan timun",59.259,2025-07-04 21:46:25
"Steak Hut, Mulyorejo",Smoked Beef Sandwich,"Roti tawar isi daging sapi panggang, keju, tomat, selada, dan timun",62.222,2025-07-04 21:46:25
"Steak Hut, Mulyorejo",Fruity Cocktail Salad,Salad bermacam buah dengan siraman mayonaise dan keju,56.296,2025-07-04 21:46:25
"Steak Hut, Mulyorejo",Steak Hut Salad,"Salad isi daging sapi, ayam, sosis, udang, kol ungu, wortel dan selada",77.037,2025-07-04 21:46:25
"Steak Hut, Mulyorejo",Potato Salad,Salad kentang dengan daging sapi panggang dan makaroni,54.815,2025-07-04 21:46:25
"Steak Hut, Mulyorejo",Huzarenzia Salad,"Salad buah nanas, apel, pir, wortel, kentang, kacang polong , lidah asin dan sosis",57.778,2025-07-04 21:46:25
"Steak Hut, Mulyorejo",Tuna Salad,"Salad isi ikan tuna, kol ungu, wortel dan selada",62.222,2025-07-04 21:46:25
"Steak Hut, Mulyorejo",Peach Tea,N/A,22.222,2025-07-04 21:46:25
"Steak Hut, Mulyorejo",Passion Tea,N/A,22.222,2025-07-04 21:46:25
"Steak Hut, Mulyorejo",Blended,Blended Chocolate / Dalmation / Caramel Mocca / Double Mocca Cookies / Strawberry Coffe / Coffe Toffe,40.000,2025-07-04 21:46:25
"Steak Hut, Mulyorejo",Steak Hut Fruity Tea,N/A,22.222,2025-07-04 21:46:25
"Steak Hut, Mulyorejo",Citrus Lychee Tea,Dengan potongan buah leci,40.000,2025-07-04 21:46:25
"Steak Hut, Mulyorejo",Lychee Tea,N/A,22.222,2025-07-04 21:46:25
"Steak Hut, Mulyorejo",Angel Nutty,N/A,40.000,2025-07-04 21:46:25
"Steak Hut, Mulyorejo",Healthy Pink Smoothies,"Mixed strawberry cavendish banana, pineapple",37.778,2025-07-04 21:46:25
"Steak Hut, Mulyorejo",Pumpkin Smoothies,"Pumpkin juice, Panen dari kebun sendiri tanpa Pestisida",29.333,2025-07-04 21:46:25
"Steak Hut, Mulyorejo",Hot Chocolate,Coklat bubuk disiram dengan susu panas,40.000,2025-07-04 21:46:25
"Steak Hut, Mulyorejo",Espresso,N/A,40.000,2025-07-04 21:46:25
"Steak Hut, Mulyorejo",Iced Chocolate,Susu coklat manis dengan es,40.000,2025-07-04 21:46:25
"Steak Hut, Mulyorejo",Caramel Macchiato,N/A,48.889,2025-07-04 21:46:25
"Steak Hut, Mulyorejo",Cappucino,N/A,40.000,2025-07-04 21:46:25
"Steak Hut, Mulyorejo",Hot Royal Irish Coffee,N/A,53.333,2025-07-04 21:46:25
"Steak Hut, Mulyorejo",Hot Mexican Royal Coffee,N/A,53.333,2025-07-04 21:46:25
"Steak Hut, Mulyorejo",Café Latte,Cafe Latte Original / Caramel / Hazelnut / Irish / Vanila,40.000,2025-07-04 21:46:25
"Steak Hut, Mulyorejo",Orange Juice,N/A,35.556,2025-07-04 21:46:25
"Steak Hut, Mulyorejo",Kopyor Juice,N/A,48.889,2025-07-04 21:46:25
"Steak Hut, Mulyorejo",Tomato Juice,N/A,28.889,2025-07-04 21:46:25
"Steak Hut, Mulyorejo",Dragon Juice,N/A,40.000,2025-07-04 21:46:25
"Steak Hut, Mulyorejo",Strawberry Splash,Jus strawbery dengan potong leci,40.000,2025-07-04 21:46:25
"Steak Hut, Mulyorejo",Melon Juice,N/A,28.889,2025-07-04 21:46:25
"Steak Hut, Mulyorejo",Guava Juice,N/A,33.333,2025-07-04 21:46:25
"Steak Hut, Mulyorejo",Strawberry Juice,N/A,35.556,2025-07-04 21:46:25
"Steak Hut, Mulyorejo",Apple Juice,N/A,31.111,2025-07-04 21:46:25
"Steak Hut, Mulyorejo",Durian Juice,N/A,42.222,2025-07-04 21:46:25
"Steak Hut, Mulyorejo",Lychee Juice,N/A,37.778,2025-07-04 21:46:25
"Steak Hut, Mulyorejo",Kiwi Juice,N/A,40.000,2025-07-04 21:46:25
"Steak Hut, Mulyorejo",Pineapple Juice,N/A,28.889,2025-07-04 21:46:25
"Steak Hut, Mulyorejo",Soursop Juice,Jus sirsat,35.556,2025-07-04 21:46:25
"Steak Hut, Mulyorejo",Sunshine Splash,Jus jeruk dengan kelapa muda,44.444,2025-07-04 21:46:25
"Steak Hut, Mulyorejo",Kopyor Durian Juice,N/A,62.222,2025-07-04 21:46:25
"Steak Hut, Mulyorejo",Avocado Durian Juice,N/A,53.333,2025-07-04 21:46:25
"Steak Hut, Mulyorejo",Mix Juice,N/A,40.000,2025-07-04 21:46:25
"Steak Hut, Mulyorejo",Avocado Juice,N/A,40.000,2025-07-04 21:46:25
"Steak Hut, Mulyorejo",Mango Juice,N/A,35.556,2025-07-04 21:46:25
"Steak Hut, Mulyorejo",Virgin Mojito,Kombinasi jeruk nipis dan mint dengan air soda,37.778,2025-07-04 21:46:25
"Steak Hut, Mulyorejo",Milk Shake,N/A,42.222,2025-07-04 21:46:25
"Steak Hut, Mulyorejo",Ice Cream Soda,N/A,40.000,2025-07-04 21:46:25
"Steak Hut, Mulyorejo",Strawberry Passion Punch,N/A,37.778,2025-07-04 21:46:25
"Steak Hut, Mulyorejo",Strawberry Delight,N/A,37.778,2025-07-04 21:46:25
"Steak Hut, Mulyorejo",Fruit Punch,N/A,37.778,2025-07-04 21:46:25
"Steak Hut, Mulyorejo",Strawberry Minty,"Kombinasi strawberry, mint dan jeruk dengan air soda",37.778,2025-07-04 21:46:25
"Steak Hut, Mulyorejo",Peach Melba Punch,"Kombinasi peach, apel dan jeruk nipis dengan air soda",37.778,2025-07-04 21:46:25
"Steak Hut, Mulyorejo",Steak Hut Punch,N/A,37.778,2025-07-04 21:46:25
"Steak Hut, Mulyorejo",Float Variation,N/A,40.000,2025-07-04 21:46:25
"Steak Hut, Mulyorejo",Peach Lemon Pie,N/A,37.778,2025-07-04 21:46:25
"Steak Hut, Mulyorejo",Es Campur,"Mutiara, kolang kaling, cao, nanas, kelapa muda, buah coctail",35.556,2025-07-04 21:46:25
"Steak Hut, Mulyorejo",Es Jagung,"Jagung, krim dan susu",35.556,2025-07-04 21:46:25
"Steak Hut, Mulyorejo",Avocado Coffe,N/A,44.444,2025-07-04 21:46:25
"Steak Hut, Mulyorejo",Es Alpukat Susu,N/A,40.000,2025-07-04 21:46:25
"Steak Hut, Mulyorejo",Fresh Fruit,N/A,35.556,2025-07-04 21:46:25
"Steak Hut, Mulyorejo",Es Teler,"Kelapa muda, alpukat, nangka, kolang kaling, melon, agar-agar, durian",35.556,2025-07-04 21:46:25
"Steak Hut, Mulyorejo",Corn With Butter & Cheese,Jagung goreng mentega dengan taburan keju,41.481,2025-07-04 21:46:25
"Steak Hut, Mulyorejo",Mayo Shrimp,N/A,80.000,2025-07-04 21:46:25
"Steak Hut, Mulyorejo",Crunchy Snowfish,Snack fillet ikan dori yang renyah,57.778,2025-07-04 21:46:25
"Steak Hut, Mulyorejo",Spring Roll,Lumpia basah,41.481,2025-07-04 21:46:25
"Steak Hut, Mulyorejo",Onion Ring,N/A,41.481,2025-07-04 21:46:25
"Steak Hut, Mulyorejo",Steak Hut Sampler,"Ikan dory, udang, bawang bombai, digoreng tepung dengan mayonaise",77.037,2025-07-04 21:46:25
"Steak Hut, Mulyorejo",Crispy Spring Roll,Lumpia kecil goreng,48.889,2025-07-04 21:46:25
"Steak Hut, Mulyorejo",Crispy Chicken Skin,Kulit ayam goreng,51.852,2025-07-04 21:46:25
"Steak Hut, Mulyorejo",French Fries,Kentang goreng,38.518,2025-07-04 21:46:25
"Steak Hut, Mulyorejo",Potato Croquettes,Kroket kentang isi 5 biji,31.111,2025-07-04 21:46:25
"Steak Hut, Mulyorejo",Bird Nest,"Resep dari nenek sup krim ala Belanda isi sosis ayam, sosis sapi dan daging ayam",41.481,2025-07-04 21:46:25
"Steak Hut, Mulyorejo",Chicken Risoles,N/A,41.481,2025-07-04 21:46:25
"Steak Hut, Mulyorejo",Es Kelapa Muda Syrup,N/A,26.667,2025-07-04 21:46:25
"Steak Hut, Mulyorejo",Es Lychee,N/A,40.000,2025-07-04 21:46:25
"Steak Hut, Mulyorejo",Soft Drinks,N/A,13.333,2025-07-04 21:46:25
"Steak Hut, Mulyorejo",Es Soda Gembira,N/A,35.556,2025-07-04 21:46:25
"Steak Hut, Mulyorejo",Es Lemon Squash,N/A,20.000,2025-07-04 21:46:25
"Steak Hut, Mulyorejo",Jeruk Nipis,N/A,20.000,2025-07-04 21:46:25
"Steak Hut, Mulyorejo",Es Kelapa Muda Susu,N/A,31.111,2025-07-04 21:46:25
"Steak Hut, Mulyorejo",Es Dawet,N/A,24.444,2025-07-04 21:46:25
"Steak Hut, Mulyorejo",Es Telasih Sirup,N/A,20.000,2025-07-04 21:46:25
"Steak Hut, Mulyorejo",Air Mineral,N/A,15.000,2025-07-04 21:46:25
"Steak Hut, Mulyorejo",Teh Tawar/Manis,N/A,16.667,2025-07-04 21:46:25
"Steak Hut, Mulyorejo",Lemon Tea,N/A,24.444,2025-07-04 21:46:25
"Steak Hut, Mulyorejo",Es Kelapa Muda,N/A,26.667,2025-07-04 21:46:25
"Steak Hut, Mulyorejo",Es Kopyor,N/A,35.556,2025-07-04 21:46:25
"Steak Hut, Mulyorejo",Pink Lady Tea,N/A,40.000,2025-07-04 21:46:25
"Steak Hut, Mulyorejo",Jeruk manis,N/A,40.000,2025-07-04 21:46:25
"Steak Hut, Mulyorejo",Wedang Jahe + Sereh,N/A,33.336,2025-07-04 21:46:25
"Steak Hut, Mulyorejo",Kopi tubruk,N/A,27.780,2025-07-04 21:46:25
"Steak Hut, Mulyorejo",Teh tubruk,N/A,22.224,2025-07-04 21:46:25
"Steak Hut, Mulyorejo",Es Lengkeng,N/A,40.000,2025-07-04 21:46:25
"Steak Hut, Mulyorejo",Green Sands,N/A,24.444,2025-07-04 21:46:25
"Steak Hut, Mulyorejo",Teh nenek,N/A,36.670,2025-07-04 21:46:25
"Steak Hut, Mulyorejo",Grill Beef Bento,"Slice Grilled Beef, sosis sapi, rice, veggie",43.333,2025-07-04 21:46:25
"Steak Hut, Mulyorejo",Grill Chicken Bento,"Grilled chicken, sosis ayam, rice, veggie",41.111,2025-07-04 21:46:25
"Steak Hut, Mulyorejo",Grill Beef Tongue Bento,"Slice Grill Beef Tongue, Rice+salad",43.333,2025-07-04 21:46:25
"Steak Hut, Mulyorejo",Mayo Shrimp Bento,"Mayo shrimp, samosa, chicken nugget, salad, rice",43.333,2025-07-04 21:46:25
"Steak Hut, Mulyorejo",Chicken Crunchy Bento,Chicken crunchy + crispy seafood + potato nugget + rice,43.333,2025-07-04 21:46:25
"Steak Hut, Mulyorejo",Chicken Katsu Bento,Chicken katsu + fish nugget+ samosa + rice,43.333,2025-07-04 21:46:25
"Steak Hut, Mulyorejo",Fried Chicken Bento,"Fried chicken, potato nugget, rice,  tomato sauce,  chili sauce",41.111,2025-07-04 21:46:25
"Steak Hut, Mulyorejo",Fried Rice Seafood Bento,"Seafood fried rice, egg, cucumber",28.889,2025-07-04 21:46:25
"Steak Hut, Mulyorejo",Chicken Teriyaki Bento,"Chicken teriyaki, samosa",35.556,2025-07-04 21:46:25
"Steak Hut, Mulyorejo",Beef Teriyaki Bento,"Beef Teriyaki, Crispy Seafood, Fish Nugget, Salad. rice",41.111,2025-07-04 21:46:25
"Steak Hut, Mulyorejo",Plater,"Corn Fritters, Milk Tofu, Perkedel Potatoes, Mini Spring Rols",66.667,2025-07-04 21:46:25
"Steak Hut, Mulyorejo",Dadar Jagung,Corn Omelette,35.556,2025-07-04 21:46:25
"Steak Hut, Mulyorejo",Lumpia Basah,"2 pcs, Sauce, Scallions, Chili",31.111,2025-07-04 21:46:25
"Steak Hut, Mulyorejo",Lumpia Goreng,Fried Spring Rolls,35.556,2025-07-04 21:46:25
"Steak Hut, Mulyorejo",Risoles,Rissole,31.111,2025-07-04 21:46:25
"Steak Hut, Mulyorejo",Kulit Ayam,Crispy-fried Chicken Skin,33.333,2025-07-04 21:46:25
"Steak Hut, Mulyorejo",Charcoal Truffle Cheese,Fried Chicken Ball coated with Charcoal and Truffle Cheese Sauce,66.667,2025-07-04 21:46:25
"Steak Hut, Mulyorejo",Tahu Susu,Milk Tofu,31.111,2025-07-04 21:46:25
"Steak Hut, Mulyorejo",Nasi Bakar Tuna / Ayam Set,"Grilled Rice, Tuna / Chicken, Lalapan (cucumber & tomatoes) Tofu, Tempeh, Jambrong Fish and Tamarind Vegetables",66.667,2025-07-04 21:46:25
"Steak Hut, Mulyorejo",Nasi Kuning Set,"Yellow Rice, Fried Chicken, Perkedel Potatoes, Shredded Rice, Dried Tempe, Omelet Slices, Lettuce, Cucumber, Potato Fried Sambal",74.075,2025-07-04 21:46:25
"Steak Hut, Mulyorejo",Nasi Kacang Hijau Set,"Green Bean Rice, Fried Chicken, Stir-fried Squid, Shredded, Eggs, Stir-Fried Vegetables, Omelet & Crackers",74.075,2025-07-04 21:46:25
"Steak Hut, Mulyorejo",Nasi Daun Jeruk Set,"Nasi daun jeruk,ayam goreng,dadar jagung,tahu,kering tempe,terong balado,sate lilit,telur asin,sambal matah",74.075,2025-07-04 21:46:25
"Steak Hut, Mulyorejo",Gado-Gado,"Curly Lettuce, Boiled Bean Sprouts, Boiled Cabbage, Boiled Potatoes, Cucumber, Tofu, Tempeh, Boiled Eggs, Belinjo Crackers, Peanut Sauce, Chili Sauce",46.667,2025-07-04 21:46:25
"Steak Hut, Mulyorejo",Sate Lilit,Balinese-style Chicken Satay with Herbs,83.333,2025-07-04 21:46:25
"Steak Hut, Mulyorejo",Tumis Cumi Cabe Ijo,Sauteed Green Chili Squid,94.444,2025-07-04 21:46:25
"Steak Hut, Mulyorejo",Cah Kangkung Bunga Pepaya,Sauteed Water Spinach with Papaya Flowers,66.667,2025-07-04 21:46:25
"Steak Hut, Mulyorejo",Tumis Buncis,Sauteed Green Beans,53.333,2025-07-04 21:46:25
"Steak Hut, Mulyorejo",Tumis Daun Singkong,Sauteed casasava leaves,44.444,2025-07-04 21:46:25
"Steak Hut, Mulyorejo",Gulai Daun Singkong,Casasava leaves curry,53.333,2025-07-04 21:46:25
"Steak Hut, Mulyorejo",Nasi Kacang Ijo,Steamed Mung Bean Rice,17.778,2025-07-04 21:46:25
"Steak Hut, Mulyorejo",Nasi Daun Jeruk,Steamed kaffir-lime leave rice,17.778,2025-07-04 21:46:25
"Steak Hut, Mulyorejo",Single Scoop,N/A,22.222,2025-07-04 21:46:25
"Steak Hut, Mulyorejo",Two Scoop,N/A,33.333,2025-07-04 21:46:25
"Steak Hut, Mulyorejo",Three Scoop Ice Cream,N/A,44.444,2025-07-04 21:46:25
"Steak Hut, Mulyorejo",Es puter Betawi,N/A,48.889,2025-07-04 21:46:25
"Steak Hut, Mulyorejo",Cleopatra,N/A,48.889,2025-07-04 21:46:25
"Steak Hut, Mulyorejo",Banana Boat,N/A,48.889,2025-07-04 21:46:25
"Steak Hut, Mulyorejo",Black Angel,N/A,46.667,2025-07-04 21:46:25
"Steak Hut, Mulyorejo",Kahlua Avocado Blended,N/A,60.000,2025-07-04 21:46:25
"Steak Hut, Mulyorejo",Combination Avocado,N/A,57.778,2025-07-04 21:46:25
"Steak Hut, Mulyorejo",Macedonia,N/A,57.778,2025-07-04 21:46:25
"Steak Hut, Mulyorejo",Kahlua  Ice Cream,N/A,60.000,2025-07-04 21:46:25
"Steak Hut, Mulyorejo",Cinnamon Expresso,N/A,71.111,2025-07-04 21:46:25
"Steak Hut, Mulyorejo",Mochachino Martini,N/A,71.111,2025-07-04 21:46:25
"Steak Hut, Mulyorejo",Coconut Crème Pie,N/A,71.111,2025-07-04 21:46:25
"Steak Hut, Mulyorejo",Ice Spirit,N/A,71.111,2025-07-04 21:46:25
"Steak Hut, Mulyorejo",Vanila Ice Cream Spirit,N/A,71.111,2025-07-04 21:46:25
"Steak Hut, Mulyorejo",Café Cream Delight,N/A,71.111,2025-07-04 21:46:25
"Bakso Kepala Sapi dan Mie Ayam Juara, Klampis Jaya",Bakso Original Kecil,N/A,32.500,2025-07-04 21:46:48
"Bakso Kepala Sapi dan Mie Ayam Juara, Klampis Jaya",Bakso Original Kecil,Per porsi isi 10,32.500,2025-07-04 21:46:48
"Bakso Kepala Sapi dan Mie Ayam Juara, Klampis Jaya",Bakso Original Besar,Per porsi isi 5,30.500,2025-07-04 21:46:48
"Bakso Kepala Sapi dan Mie Ayam Juara, Klampis Jaya",Bakso Varian Tahu,Per porsi isi 5,32.500,2025-07-04 21:46:48
"Bakso Kepala Sapi dan Mie Ayam Juara, Klampis Jaya",Bakso Varian Daging,Per porsi isi 5,32.500,2025-07-04 21:46:48
"Bakso Kepala Sapi dan Mie Ayam Juara, Klampis Jaya",Bakso Varian Jamur,Per porsi isi 5,32.500,2025-07-04 21:46:48
"Bakso Kepala Sapi dan Mie Ayam Juara, Klampis Jaya",Bakso Varian Keju,Per porsi isi 5,32.500,2025-07-04 21:46:48
"Bakso Kepala Sapi dan Mie Ayam Juara, Klampis Jaya",Bakso Varian Puyuh,Per porsi isi 5,30.500,2025-07-04 21:46:48
"Bakso Kepala Sapi dan Mie Ayam Juara, Klampis Jaya",Bakso Varian Mix,Per porsi isi 5,32.500,2025-07-04 21:46:48
"Bakso Kepala Sapi dan Mie Ayam Juara, Klampis Jaya",Bakso Komplit,"Pentol Kecil 2, Pentol Besar 2, Somay 1,  Gorengan 1",32.500,2025-07-04 21:46:48
"Bakso Kepala Sapi dan Mie Ayam Juara, Klampis Jaya",Bakso Hemat,"Pentol Kecil 2, Tahu1, Gorengan1, Somay1",23.500,2025-07-04 21:46:48
"Bakso Kepala Sapi dan Mie Ayam Juara, Klampis Jaya",Bakso Potongan Daging,Bakso isi 5 dengan potongan daging,32.500,2025-07-04 21:46:48
"Bakso Kepala Sapi dan Mie Ayam Juara, Klampis Jaya",Potongan Daging,N/A,15.500,2025-07-04 21:46:48
"Bakso Kepala Sapi dan Mie Ayam Juara, Klampis Jaya",Bakso Varian Puyuh Isi 5,N/A,32.500,2025-07-04 21:46:48
"Bakso Kepala Sapi dan Mie Ayam Juara, Klampis Jaya",Nasi Putih,N/A,6.500,2025-07-04 21:46:48
"Bakso Kepala Sapi dan Mie Ayam Juara, Klampis Jaya",Lontong,N/A,5.500,2025-07-04 21:46:48
"Bakso Kepala Sapi dan Mie Ayam Juara, Klampis Jaya",Kerupuk Uyel,N/A,4.500,2025-07-04 21:46:48
"Bakso Kepala Sapi dan Mie Ayam Juara, Klampis Jaya",Kuah Bakso,1 Plastik Ukuran 2kg,7.500,2025-07-04 21:46:48
"Bakso Kepala Sapi dan Mie Ayam Juara, Klampis Jaya",Gorengan,N/A,8.500,2025-07-04 21:46:48
"Bakso Kepala Sapi dan Mie Ayam Juara, Klampis Jaya",Jus Durian,N/A,23.500,2025-07-04 21:46:48
"Bakso Kepala Sapi dan Mie Ayam Juara, Klampis Jaya",Jus Alpukat,N/A,23.500,2025-07-04 21:46:48
"Bakso Kepala Sapi dan Mie Ayam Juara, Klampis Jaya",Jus Jeruk,N/A,20.500,2025-07-04 21:46:48
"Bakso Kepala Sapi dan Mie Ayam Juara, Klampis Jaya",Jus Tomat,N/A,20.500,2025-07-04 21:46:48
"Bakso Kepala Sapi dan Mie Ayam Juara, Klampis Jaya",Jus Wortel,N/A,20.500,2025-07-04 21:46:48
"Bakso Kepala Sapi dan Mie Ayam Juara, Klampis Jaya",Jus Sirsak,N/A,20.500,2025-07-04 21:46:48
"Bakso Kepala Sapi dan Mie Ayam Juara, Klampis Jaya",Es Teh Biasa,N/A,6.500,2025-07-04 21:46:48
"Bakso Kepala Sapi dan Mie Ayam Juara, Klampis Jaya",Es Teh Jumbo,N/A,10.500,2025-07-04 21:46:48
"Bakso Kepala Sapi dan Mie Ayam Juara, Klampis Jaya",Teh Hangat Biasa,N/A,6.500,2025-07-04 21:46:48
"Bakso Kepala Sapi dan Mie Ayam Juara, Klampis Jaya",️Teh Hangat Jumbo,N/A,10.500,2025-07-04 21:46:48
"Bakso Kepala Sapi dan Mie Ayam Juara, Klampis Jaya",Es Jeruk Biasa,N/A,8.500,2025-07-04 21:46:48
"Bakso Kepala Sapi dan Mie Ayam Juara, Klampis Jaya",Jeruk Hangat Biasa,N/A,8.500,2025-07-04 21:46:48
"Bakso Kepala Sapi dan Mie Ayam Juara, Klampis Jaya",Jeruk Hangat Jumbo,N/A,12.500,2025-07-04 21:46:48
"Bakso Kepala Sapi dan Mie Ayam Juara, Klampis Jaya",Air Mineral,N/A,7.500,2025-07-04 21:46:48
"Bakso Kepala Sapi dan Mie Ayam Juara, Klampis Jaya",Es Jeruk Jumbo,N/A,12.500,2025-07-04 21:46:48
"Bakso Kepala Sapi dan Mie Ayam Juara, Klampis Jaya",ES TELER,N/A,23.500,2025-07-04 21:46:48
"Panties Pizza, Klampis",Say Cheese,"Pizza dengan isian double keju mozarella yang creamy dan gurih serta jamur, dibalut dengan kulit pizza yang super renyah!",42.500,2025-07-04 21:47:25
"Panties Pizza, Klampis",Spaghecheese,Spaghetti Pasta Dengan Ayam Cincang Berbumbu Keju Cheddar Dan Keju Creamy Yang Sangat Lezat,33.000,2025-07-04 21:47:25
"Panties Pizza, Klampis",Choco Cheese,Pizza dengan isian Cokelat dan Keju Mozarella yang creamy dan dibalut dengan kulit pizza yang super renyah!,44.000,2025-07-04 21:47:25
"Panties Pizza, Klampis",Broadway Pizza,"Pizza dengan isian Smoked Beef, Jamur dan Keju Mozarella yang creamy dan dibalut dengan kulit pizza yang super renyah!",44.500,2025-07-04 21:47:25
"Panties Pizza, Klampis",Pizza Landing On You,Saranghaeyo Garlic-nim!,34.000,2025-07-04 21:47:25
"Panties Pizza, Klampis",University Pizza,N/A,47.500,2025-07-04 21:47:25
"Panties Pizza, Klampis",University Pizza In And Out,N/A,56.500,2025-07-04 21:47:25
"Panties Pizza, Klampis",Spaghecheese,N/A,33.000,2025-07-04 21:47:25
"Panties Pizza, Klampis",Pizzaderman,N/A,47.500,2025-07-04 21:47:25
"Panties Pizza, Klampis",Chick-O-Cheese,N/A,47.500,2025-07-04 21:47:25
"Panties Pizza, Klampis",Say Cheese,N/A,42.500,2025-07-04 21:47:25
"Panties Pizza, Klampis",Rush Hour Pizza,N/A,41.500,2025-07-04 21:47:25
"Panties Pizza, Klampis",Karale Sambalalado,N/A,26.000,2025-07-04 21:47:25
"Panties Pizza, Klampis",Karale Sambal Bonek,N/A,26.000,2025-07-04 21:47:25
"Panties Pizza, Klampis",Choco Cheese Pizza FREE Ice Chocozilla,N/A,70.000,2025-07-04 21:47:25
"Panties Pizza, Klampis",Dr. BBQ - The Multiverse Of Grilled Chicken,Pizza dengan isian Daging Ayam Cincang berbumbu BBQ Special dan Keju Mozarella Creamy dan dibalut dengan kulit pizza renyah,42.000,2025-07-04 21:47:25
"Panties Pizza, Klampis",University Pizza,"Pizza dengan 6 varian isi, yakni Beef Salami, Smoked Beef, Sosis Ayam, Sosis Sapi, Bakso Sapi, Bawang Bombay dan Keju Mozarella yang creamy dan dibalut dengan kulit pizza yang super renyah!",47.500,2025-07-04 21:47:25
"Panties Pizza, Klampis",Pizzaderman,Pizza dengan isian daging sapi cincang yang dimasak dengan saus barbeque dan keju mozarella yang creamy dan dibalut dengan kulit pizza yang super renyah!,47.500,2025-07-04 21:47:25
"Panties Pizza, Klampis",Pizza To Remember,Pizza dengan isian Daging Sapi Cincang dimasak dengan Korean Bulgogi dan Keju Mozarella yang creamy dan dibalut dengan kulit pizza yang super renyah!,47.500,2025-07-04 21:47:25
"Panties Pizza, Klampis",Chick-O-Cheese,Pizza dengan isian Potongan Ayam Cincang yang dimasak dengan Keju Cheddar dan Keju Mozarella yang creamy dan dibalut dengan kulit pizza yang super renyah!,47.500,2025-07-04 21:47:25
"Panties Pizza, Klampis",Tuna Maya,Pizza dengan isian Daging Tuna Cincang dan Keju Mozarella yang creamy dan dibalut dengan kulit pizza yang super renyah!,47.500,2025-07-04 21:47:25
"Panties Pizza, Klampis",Broadway Pizza,"Pizza dengan isian Smoked Beef, Jamur dan Keju Mozarella yang creamy dan dibalut dengan kulit pizza yang super renyah!",44.500,2025-07-04 21:47:25
"Panties Pizza, Klampis",Choco Cheese,Pizza dengan isian Cokelat dan Keju Mozarella yang creamy dan dibalut dengan kulit pizza yang super renyah!,44.000,2025-07-04 21:47:25
"Panties Pizza, Klampis",Banana Milo,"Pizza dengan isian Pisang yang dipadu dengan Milo, Cokelat dan Keju Mozarella yang creamy dan dibalut dengan kulit pizza yang super renyah!",42.500,2025-07-04 21:47:25
"Panties Pizza, Klampis",Say Cheese,"Pizza dengan isian double keju mozarella yang creamy dan gurih serta jamur, dibalut dengan kulit pizza yang super renyah!",42.500,2025-07-04 21:47:25
"Panties Pizza, Klampis",President Pizza,"Pizza dengan isian Beef Salami, Jamur dan Keju Mozarella yang creamy dan dibalut dengan kulit pizza yang super renyah!",42.000,2025-07-04 21:47:25
"Panties Pizza, Klampis",Mission Im-PIZZA-ble,Pizza dengan isian Sosis Sapi yang melimpah dan Keju Mozarella yang creamy dan dibalut dengan kulit pizza yang super renyah!,42.000,2025-07-04 21:47:25
"Panties Pizza, Klampis",Rush Hour Pizza,Pizza dengan isian Beef Rasher dan Keju Mozarella yang creamy dan dibalut dengan kulit pizza yang super renyah!,41.500,2025-07-04 21:47:25
"Panties Pizza, Klampis",Dr. Meatball,Pizza dengan isian Bakso Sapi dan Keju Mozarella yang creamy dan dibalut dengan kulit pizza yang super renyah!,40.000,2025-07-04 21:47:25
"Panties Pizza, Klampis",Reality Pizza,Pizza dengan isian Sosis Ayam dan Keju Mozarella yang creamy dan dibalut dengan kulit pizza yang super renyah!,40.000,2025-07-04 21:47:25
"Panties Pizza, Klampis",Banana Pizza,Pizza dengan isian Pisang dan Keju Mozarella yang creamy dan dibalut dengan kulit pizza yang super renyah!,35.000,2025-07-04 21:47:25
"Panties Pizza, Klampis",Pizza Landing On You,Saranghaeyo Garlic-nim!,34.000,2025-07-04 21:47:25
"Panties Pizza, Klampis",University Pizza In And Out,"University pizza dengan topping sosis ayam, sosis sapi, bakso sapi, beef salami, smoked beef, jamur dan keju mozarella creamy di atasnya yang membuat isian dan kejunya makin melimpah!",56.500,2025-07-04 21:47:25
"Panties Pizza, Klampis",Pizza To Remember In And Out,Pizza To Remember dengan topping Korean Beef Bulgogi Daging Cincang dan Keju Mozarella Creamy di atasnya yang membuat isian dan kejunya makin melimpah!,56.500,2025-07-04 21:47:25
"Panties Pizza, Klampis",Pizzaderman In And Out,Pizzaderman dengan topping Daging Cincang yang dimasak dengan Saus Barbeque dan Keju Mozarella Creamy di atasnya yang membuat isian dan kejunya makin melimpah!,56.500,2025-07-04 21:47:25
"Panties Pizza, Klampis",Chick-O-Cheese In And Out,Chick-O-Cheese dengan topping Potongan Ayam Cincang yang dimasak dengan Keju Cheddar dan Keju Mozarella Creamy di atasnya yang membuat isian dan kejunya makin melimpah!,56.500,2025-07-04 21:47:25
"Panties Pizza, Klampis",Tuna Maya In And Out,Tuna Maya dengan topping Tuna Cincang yang melimpah dan Keju Mozarella Creamy di atasnya yang membuat isian dan kejunya makin melimpah!,56.500,2025-07-04 21:47:25
"Panties Pizza, Klampis",Broadway Pizza In And Out,Broadway Pizza dengan topping Smoked Beef dan Keju Mozarella Creamy di atasnya yang membuat isian dan kejunya makin melimpah!,52.000,2025-07-04 21:47:25
"Panties Pizza, Klampis",Choco Cheese In And Out,Choco Cheese dengan topping Cokelat dan Keju Mozarella Creamy di atasnya yang membuat isian dan kejunya makin melimpah!,51.500,2025-07-04 21:47:25
"Panties Pizza, Klampis",Say Cheese In & Out,Say Cheese dengan topping double keju mozarella Creamy di atasnya yang membuat isian dan kejunya makin melimpah!,51.500,2025-07-04 21:47:25
"Panties Pizza, Klampis",President Pizza In And Out,President Pizza dengan topping Beef Salami dan Keju Mozarella Creamy di atasnya yang membuat isian dan kejunya makin melimpah!,49.500,2025-07-04 21:47:25
"Panties Pizza, Klampis",Mission Im-PIZZA-ble In And Out,Mission Im-PIZZA-ble dengan topping Sosis Sapi dan Keju Mozarella Creamy di atasnya yang membuat isian dan kejunya makin melimpah!,49.500,2025-07-04 21:47:25
"Panties Pizza, Klampis",Dr. Meatball In And Out,Dr. Meatball dengan topping Bakso Sapi dan Keju Mozarella Creamy di atasnya yang membuat isian dan kejunya makin melimpah!,49.500,2025-07-04 21:47:25
"Panties Pizza, Klampis",Reality Pizza In And Out,Reality Pizza dengan topping Sosis Ayam dan Keju Mozarella Creamy di atasnya yang membuat isian dan kejunya makin melimpah!,49.500,2025-07-04 21:47:25
"Panties Pizza, Klampis",Banana Pizza In And Out,Banana Pizza dengan topping Pisang dan Keju Mozarella Creamy di atasnya yang membuat isian dan kejunya makin melimpah!,44.000,2025-07-04 21:47:25
"Panties Pizza, Klampis",Spaghecheese,Spaghetti Pasta Dengan Ayam Cincang Berbumbu Keju Cheddar Dan Keju Creamy Yang Sangat Lezat,33.000,2025-07-04 21:47:25
"Panties Pizza, Klampis",Beef Rendang Spagheti,Sajian Spaghetti Yang Dimasak Dengan Daging Sapi Cincang Yang Diberi Bumbu Rendang,25.500,2025-07-04 21:47:25
"Panties Pizza, Klampis",French Fries Ori,Kentang Goreng Potongan Tipis Dengan Rasa Original,16.500,2025-07-04 21:47:25
"Panties Pizza, Klampis",Soda Cola,N/A,7.500,2025-07-04 21:47:25
"Panties Pizza, Klampis",Soda Strawbery,Minuman Soda Dengan Rasa Strawbery,7.500,2025-07-04 21:47:25
"Panties Pizza, Klampis",Mineral Water,N/A,7.500,2025-07-04 21:47:25
"Panties Pizza, Klampis",Chocozilla,N/A,18.000,2025-07-04 21:47:25
"Panties Pizza, Klampis",Choco Wild,N/A,18.000,2025-07-04 21:47:25
"Panties Pizza, Klampis",Choco Mate,N/A,18.000,2025-07-04 21:47:25
"Panties Pizza, Klampis",Cappuccino,N/A,16.000,2025-07-04 21:47:25
"Panties Pizza, Klampis",Latte,N/A,16.000,2025-07-04 21:47:25
"Panties Pizza, Klampis",Tea,N/A,9.500,2025-07-04 21:47:25
"Panties Pizza, Klampis",Choco Cheese Pizza FREE Ice Chocozilla,"Pizza lipat dengan perpaduan cokelat dan keju mozarella yang lumer dan lezat, beserta Free Ice Chocozilla!",70.000,2025-07-04 21:47:25
"Panties Pizza, Klampis",Curry Omelette Rice,Sajian Nasi Dengan Telur Dadar Lembut Yang Disiram Dengan Kuah Kari,15.500,2025-07-04 21:47:25
"Panties Pizza, Klampis",Black Sauced Egg Rice,Sajian Nasi Dengan Telur Mata Sapi Yang Dimasak Bersama Bumbu Kecap Dan Bawang,13.500,2025-07-04 21:47:25
"Panties Pizza, Klampis",Karale Sambalalado,Nasi dengan lele fillet goreng tepung yang diolah dengan bumbu khusus dan sambal balado special yang pastinya wuenak banget!,26.000,2025-07-04 21:47:25
"Panties Pizza, Klampis",Karale Sambal Bonek,Nasi dengan lele fillet goreng tepung yang diolah dengan bumbu khusus dan sambel ijo special yang pastinya wuenak banget!,26.000,2025-07-04 21:47:25
"Panties Pizza, Klampis",Karale Japanese Curry,Nasi dengan lele fillet goreng tepung yang diolah dengan bumbu khusus dan perpaduan kare jepang yang pastinya wuenak banget!,26.000,2025-07-04 21:47:25
"Panties Pizza, Klampis",Karale Special Sauce,"Nasi dengan lele fillet goreng tepung yang diolah dengan bumbu khusus dan saus special khas ""Pak Le"" yang pastinya wuenak banget!",26.000,2025-07-04 21:47:25
"Martabak & Terang Bulan Holland, Manyar Kertoarjo",Garing,Terang bulan tipis kering  dengan susu kental manis,75.000,2025-07-04 21:47:57
"Martabak & Terang Bulan Holland, Manyar Kertoarjo",Biasa,Martabak telor dengan isi bawang prey dan bombay,135.000,2025-07-04 21:47:57
"Martabak & Terang Bulan Holland, Manyar Kertoarjo",Biasa Loyang Kecil,Terang bulan dengan susu kental manis dan mentega,100.000,2025-07-04 21:47:57
"Martabak & Terang Bulan Holland, Manyar Kertoarjo",Spesial Loyang Kecil,Terang bulan dengan susu kental manis dan butter,135.000,2025-07-04 21:47:57
"Martabak & Terang Bulan Holland, Manyar Kertoarjo",Biasa Loyang Besar,Terang bulan dengan susu kental manis dan mentega,135.000,2025-07-04 21:47:57
"Martabak & Terang Bulan Holland, Manyar Kertoarjo",Maniestabak Keju Susu,N/A,45.000,2025-07-04 21:47:57
"Martabak & Terang Bulan Holland, Manyar Kertoarjo",Maniestabak - Banella,N/A,60.000,2025-07-04 21:47:57
"Martabak & Terang Bulan Holland, Manyar Kertoarjo",Maniestabak KitKat,N/A,60.000,2025-07-04 21:47:57
"Martabak & Terang Bulan Holland, Manyar Kertoarjo",Spesial Loyang Kecil,Terang bulan dengan susu kental manis dan butter,135.000,2025-07-04 21:47:57
"Martabak & Terang Bulan Holland, Manyar Kertoarjo",Spesial Loyang Besar,Terang bulan dengan susu kental manis dan butter,170.000,2025-07-04 21:47:57
"Martabak & Terang Bulan Holland, Manyar Kertoarjo",Biasa Loyang Kecil,Terang bulan dengan susu kental manis dan mentega,100.000,2025-07-04 21:47:57
"Martabak & Terang Bulan Holland, Manyar Kertoarjo",Biasa Loyang Besar,Terang bulan dengan susu kental manis dan mentega,135.000,2025-07-04 21:47:57
"Martabak & Terang Bulan Holland, Manyar Kertoarjo",Garing,Terang bulan tipis kering  dengan susu kental manis,75.000,2025-07-04 21:47:57
"Martabak & Terang Bulan Holland, Manyar Kertoarjo",Terang Bulan Biasa Kecil - Kitkat,Terang bulan original ukuran kecil di isi dengan isian kitkat,140.000,2025-07-04 21:47:57
"Martabak & Terang Bulan Holland, Manyar Kertoarjo",Garing KitKat,Terang bulan garing dengan isian kitkat,100.000,2025-07-04 21:47:57
"Martabak & Terang Bulan Holland, Manyar Kertoarjo",Super ( Porsi Lebih Banyak ),Martabak telor dengan isi bawang prey dan bombay,200.000,2025-07-04 21:47:57
"Martabak & Terang Bulan Holland, Manyar Kertoarjo",Biasa,Martabak telor dengan isi bawang prey dan bombay,135.000,2025-07-04 21:47:57
"Martabak & Terang Bulan Holland, Manyar Kertoarjo",Tipker Ori (Susu),N/A,40.000,2025-07-04 21:47:57
"Martabak & Terang Bulan Holland, Manyar Kertoarjo",Tipker Choco Runz (Coklat),N/A,43.000,2025-07-04 21:47:57
"Martabak & Terang Bulan Holland, Manyar Kertoarjo",Tipker Cheezy (Keju),N/A,45.000,2025-07-04 21:47:57
"Martabak & Terang Bulan Holland, Manyar Kertoarjo",Tipker Cozy (Coklat Keju),N/A,48.000,2025-07-04 21:47:57
"Martabak & Terang Bulan Holland, Manyar Kertoarjo",Martabak Tipker Pack,"Isi 3 (coklat, keju, coklat keju)",120.000,2025-07-04 21:47:57
"Martabak & Terang Bulan Holland, Manyar Kertoarjo",Super Sayur / Vegetarian,N/A,170.000,2025-07-04 21:47:57
"Martabak & Terang Bulan Holland, Manyar Kertoarjo",Biasa Sayur / Vegetarian,N/A,110.000,2025-07-04 21:47:57
"Martabak & Terang Bulan Holland, Manyar Kertoarjo",Tipker Hampers,"5 pieces all variant (susu, coklat, keju, coklat keju, biscoff), free popsocket",200.000,2025-07-04 21:47:57
"Martabak & Terang Bulan Holland, Manyar Kertoarjo",Pandan Spesial Loyang Kecil,terang bulan dengan susu kental manis dan butter,150.000,2025-07-04 21:47:57
"Martabak & Terang Bulan Holland, Manyar Kertoarjo",Pandan Spesial Loyang Besar,terang bulan dengan susu kental manis dan butter,170.000,2025-07-04 21:47:57
"Martabak & Terang Bulan Holland, Manyar Kertoarjo",Pandan Biasa Loyang Kecil,terang bulan dengan susu kental manis dan mentega,115.000,2025-07-04 21:47:57
"Martabak & Terang Bulan Holland, Manyar Kertoarjo",Pandan Biasa Loyang Besar,terang bulan dengan susu kental manis dan mentega,135.000,2025-07-04 21:47:57
"Martabak & Terang Bulan Holland, Manyar Kertoarjo",Pandan Garing,terang bulan tipis kering  dengan susu kental manis,80.000,2025-07-04 21:47:57
"Martabak & Terang Bulan Holland, Manyar Kertoarjo",Maniestabak - Tiramisu Keju,Perpaduan antara Kulit Martabak Asin dengan isian manis tiramisu dan keju :),55.000,2025-07-04 21:47:57
"Martabak & Terang Bulan Holland, Manyar Kertoarjo",Maniestabak - Nutella,Perpaduan antara Kulit Martabak Asin dengan isian manis nutella :),55.000,2025-07-04 21:47:57
"Martabak & Terang Bulan Holland, Manyar Kertoarjo",Maniestabak Keju Susu,Kulit martabak telur bertemu dengan isian Keju Susu. Yum!,45.000,2025-07-04 21:47:57
"Martabak & Terang Bulan Holland, Manyar Kertoarjo",Maniestabak - Banella,Kulit martabak asin dengan toping pisang & nutella,60.000,2025-07-04 21:47:57
"Martabak & Terang Bulan Holland, Manyar Kertoarjo",Maniestabak Coklat Keju,Kulit Martabak Asin dengan Topping meses Coklat dan Keju dan sedikit SKM,50.000,2025-07-04 21:47:57
"Martabak & Terang Bulan Holland, Manyar Kertoarjo",Maniestabak KitKat,"Maniestabak kitkat, perpaduan dari kulit martabak goreng dengan isian kitkat",60.000,2025-07-04 21:47:57
"Martabak & Terang Bulan Holland, Manyar Kertoarjo",Paket Box Isi 5 Kue Pukis,"Kue pukis dengan varian ori, coklat, keju, coklat keju",40.000,2025-07-04 21:47:57
"Ayam Bakar Primarasa, Manyar Kertoarjo",Sayur Asem,"Fresh, Tasty Assorted Vegetable In Tamarind-Infused Soup. Your Daily Dose Of Salad But With Soup.",21.429,2025-07-04 21:48:30
"Ayam Bakar Primarasa, Manyar Kertoarjo",Nasi Ayam Special Komplit (Bakar / Goreng),"Nasi, 1 pot ayam bakar/goreng, terong balado, tahu tempe bacem, bihun, lalapan, sambal",54.286,2025-07-04 21:48:30
"Ayam Bakar Primarasa, Manyar Kertoarjo",Ikan Gurami (Hidup) Bakar / Goreng 1 ekor,"Free sambal, size large, dimasak dari ikan hidup (grilled / fried live gourami fish)",122.858,2025-07-04 21:48:30
"Ayam Bakar Primarasa, Manyar Kertoarjo",Nasi Ayam + Lalapan (Bakar / Goreng),"Nasi ayam kampung 1 potong + lalapan, sambal, kecap",42.857,2025-07-04 21:48:30
"Ayam Bakar Primarasa, Manyar Kertoarjo",Kue Lumpur Madu 1 biji,Dibuat Fresh Dari Labu Dan Madu Yang Baik Bagi Kesehatan Tubuh (Pumpkin Honey Cake 1 Piece). Cocok Untuk Melengkapi Break/Tea Time Anda. Tahan Hari Ini Saja.,8.571,2025-07-04 21:48:30
"Ayam Bakar Primarasa, Manyar Kertoarjo",Ikan Gurami (Hidup) Rica Rica 1 Ekor,N/A,145.715,2025-07-04 21:48:30
"Ayam Bakar Primarasa, Manyar Kertoarjo",Kue Lumpur Madu 1 biji,N/A,8.571,2025-07-04 21:48:30
"Ayam Bakar Primarasa, Manyar Kertoarjo",Pepes Bandeng Cabut Duri 1 Ekor,N/A,137.144,2025-07-04 21:48:30
"Ayam Bakar Primarasa, Manyar Kertoarjo",ROTI BOLEN,N/A,68.000,2025-07-04 21:48:30
"Ayam Bakar Primarasa, Manyar Kertoarjo",Ayam (Kampung) 1 Potong (Bakar / Goreng),"Chicken kampung 1/4 part, free sambal",37.143,2025-07-04 21:48:30
"Ayam Bakar Primarasa, Manyar Kertoarjo",Sate Ayam 1 Porsi (10 tusuk),"Chicken satay tanpa kulit dan lemak, without skin nor fat (10 sticks)",60.715,2025-07-04 21:48:30
"Ayam Bakar Primarasa, Manyar Kertoarjo",Ayam Kampung 1Ekor ( Bakar/goreng),N/A,142.858,2025-07-04 21:48:30
"Ayam Bakar Primarasa, Manyar Kertoarjo",Ayam (Kampung) Penyet 1potong,"Chiken Kampung 1/4 Part, Smashed In Fresh Chilli",41.429,2025-07-04 21:48:30
"Ayam Bakar Primarasa, Manyar Kertoarjo",Ikan Gurami (Hidup) Bakar / Goreng 1 ekor,"Free sambal, size large, dimasak dari ikan hidup (grilled / fried live gourami fish)",122.858,2025-07-04 21:48:30
"Ayam Bakar Primarasa, Manyar Kertoarjo",Ikan Gurami Asam Manis 1 Ekor,"Size large, dimasak dari ikan hidup (sweet and sour live gourami fish)",125.715,2025-07-04 21:48:30
"Ayam Bakar Primarasa, Manyar Kertoarjo",Ikan Gurami (Hidup) Pesmol 1 Ekor Ala Primarasa (Heritage),"Size large, dimasak dari ikan hidup (fresh, tangy cooked Pesmol-style live gourami fish)",125.715,2025-07-04 21:48:30
"Ayam Bakar Primarasa, Manyar Kertoarjo",Ikan Gurami (Hidup) Rica Rica 1 Ekor,"Size large, dimasak dari ikan hidup (spicy rica-rica live gourami fish)",145.715,2025-07-04 21:48:30
"Ayam Bakar Primarasa, Manyar Kertoarjo",Udang,Deep-Fried Fresh Shrimp / With Mayonaise / Sweet & Sour,100.000,2025-07-04 21:48:30
"Ayam Bakar Primarasa, Manyar Kertoarjo",Cumi,Deep-Fried Fresh Calamari / With Mayonaise / Sweet & Sour,97.143,2025-07-04 21:48:30
"Ayam Bakar Primarasa, Manyar Kertoarjo",Udang Saos Inggris,Fresh Shrimp Sauteed In Worchester-Style Sauce,105.715,2025-07-04 21:48:30
"Ayam Bakar Primarasa, Manyar Kertoarjo",Bandeng Cabut Duri 1 Ekor,"Free Sambal, Size Large (Boneless Milkfish Grilled / Fried)",114.286,2025-07-04 21:48:30
"Ayam Bakar Primarasa, Manyar Kertoarjo",Pepes Bandeng Cabut Duri 1 Ekor,Boneless Milkfish Steamed Spicy In Banana Leaves Boneless,137.144,2025-07-04 21:48:30
"Ayam Bakar Primarasa, Manyar Kertoarjo",Udang Renyah,"Udang Kecil Digoreng Crispy, Free Sambal Rica (Small-Sized Shrimp Crispy-Fried)",91.429,2025-07-04 21:48:30
"Ayam Bakar Primarasa, Manyar Kertoarjo","Soup Seafood (Isi Udang, Cumi, Ikan, Jamur)","Rasa Gurih Asam Segar. With Fresh Shrimps, Calamari, Fish Fillet, And Mushroom. Fresh, Savoury, Sour.",60.000,2025-07-04 21:48:30
"Ayam Bakar Primarasa, Manyar Kertoarjo",Udang Bakar Madu,N/A,137.100,2025-07-04 21:48:30
"Ayam Bakar Primarasa, Manyar Kertoarjo",Kerapu 1 Ekor (Ikan Laut),"Masak Bakar / Goreng / Kuah Kuning / Asam Manis. Style Grilled / Fried / Yellow Soup / Sweet & Sour, Deep-Sea Fish",158.572,2025-07-04 21:48:30
"Ayam Bakar Primarasa, Manyar Kertoarjo",Nasi Ayam Special Komplit (Bakar / Goreng),"Nasi, 1 pot ayam bakar/goreng, terong balado, tahu tempe bacem, bihun, lalapan, sambal",54.286,2025-07-04 21:48:30
"Ayam Bakar Primarasa, Manyar Kertoarjo",Nasi Ayam + Lalapan (Bakar / Goreng),"Nasi ayam kampung 1 potong + lalapan, sambal, kecap",42.857,2025-07-04 21:48:30
"Ayam Bakar Primarasa, Manyar Kertoarjo",Nasi Ayam Special Komplit + Pia,"Pia 1 bj. nasi,1 pot ayam bkr/grng, terong balado, tahu tempe bacem, bihun, sambal, kecap, kremes",60.000,2025-07-04 21:48:30
"Ayam Bakar Primarasa, Manyar Kertoarjo",Dua Kotak Nasi Gurami Setengah Ekor (Bakar / Goreng),"+ cah kangkung + fresh sambal. 2 boxes of grilled / fried gourami rice meals w/ sauteed kangkong veggie,",151.430,2025-07-04 21:48:30
"Ayam Bakar Primarasa, Manyar Kertoarjo",Nasi Ayam Penyet 1 potong,Nasi ayam kampung penyet + lalap (Rice w/ Smashed kampong chicken in fresh chili),48.001,2025-07-04 21:48:30
"Ayam Bakar Primarasa, Manyar Kertoarjo",Nasi Cumi Hitam Special + Ayam Kampung Komplit,"Nasi Putih, Cumi Hitam, Ayam 1 Potong, Tahu Tempe Bacem, Bihun, Terong Balado, Lalapan",62.858,2025-07-04 21:48:30
"Ayam Bakar Primarasa, Manyar Kertoarjo",Nasi Ayam Kampung Setengah Ekor(bakar/goreng),Nasi+sambal+lalapan+kecap+1/2 Ayam,80.000,2025-07-04 21:48:30
"Ayam Bakar Primarasa, Manyar Kertoarjo",Cah Tauge Ikan Asin,Sauteed Beansprout With Salted Fish,47.143,2025-07-04 21:48:30
"Ayam Bakar Primarasa, Manyar Kertoarjo",Cah Ginseng,Sauteed Ginseng Vegetable,42.857,2025-07-04 21:48:30
"Ayam Bakar Primarasa, Manyar Kertoarjo",Cah Selada Wangi,Sauteed Siomak Vegetable,42.857,2025-07-04 21:48:30
"Ayam Bakar Primarasa, Manyar Kertoarjo",Cah Sayur Asin Tahu,Sauteed Salt-Cured Vegetable With Tofu,47.143,2025-07-04 21:48:30
"Ayam Bakar Primarasa, Manyar Kertoarjo",Sayur Asem,"Fresh, Tasty Assorted Vegetable In Tamarind-Infused Soup. Your Daily Dose Of Salad But With Soup.",21.429,2025-07-04 21:48:30
"Ayam Bakar Primarasa, Manyar Kertoarjo",Lalapan Sayur,Fresh Assorted Raw Vegetable,20.000,2025-07-04 21:48:30
"Ayam Bakar Primarasa, Manyar Kertoarjo",Cah Kangkung,Sauteed Morning Glory / Kangkong Veggie With Chicken Bits,38.572,2025-07-04 21:48:30
"Ayam Bakar Primarasa, Manyar Kertoarjo",Bakmie Goreng (Fried Noodle),"Isi Ayam, Sayur, Telur + (Sauteed noodles with chicken bits, veggies, and eggs)",57.143,2025-07-04 21:48:30
"Ayam Bakar Primarasa, Manyar Kertoarjo",Nasi Goreng Merah/ Putih (Fried Rice),Free 1 telor ceplok/ egg +,45.715,2025-07-04 21:48:30
"Ayam Bakar Primarasa, Manyar Kertoarjo",Nasi Putih,Steamed Rice,12.857,2025-07-04 21:48:30
"Ayam Bakar Primarasa, Manyar Kertoarjo",Tahu / Tempe Goreng,Isi 3 potong/pcs (Tofu / Tempeh),21.429,2025-07-04 21:48:30
"Ayam Bakar Primarasa, Manyar Kertoarjo",Telur,Sunny-Side Up / Omelette Egg,8.572,2025-07-04 21:48:30
"Ayam Bakar Primarasa, Manyar Kertoarjo",Telur Gulung Isi 2,Tahu Tempe Telur,21.429,2025-07-04 21:48:30
"Ayam Bakar Primarasa, Manyar Kertoarjo",Tahu /Tempe Penyet,Isi 3 Potong Tahu/ 4 Potong Tempe,28.572,2025-07-04 21:48:30
"Ayam Bakar Primarasa, Manyar Kertoarjo",Sambal Terong,Smashed Eggplant With Fresh Chili Sambal,24.286,2025-07-04 21:48:30
"Ayam Bakar Primarasa, Manyar Kertoarjo",Sambal Terasi,Fresh Shrimp-Paste Chili Sambal,10.714,2025-07-04 21:48:30
"Ayam Bakar Primarasa, Manyar Kertoarjo",Sambal Mangga Muda (Pencit),Fresh Chili Sambal With Shaved Young Mango,28.572,2025-07-04 21:48:30
"Ayam Bakar Primarasa, Manyar Kertoarjo",Sambal Poco Poco,"Sambal Irisan Tomat, Bawang Merah, Dll (Fresh Raw Chili Sambal With Shaved Tomatoes, Shallots, Etc)",10.714,2025-07-04 21:48:30
"Ayam Bakar Primarasa, Manyar Kertoarjo",Sambal Lalap,Fresh Assorted Raw Vegetables With Chilli Sambal,25.714,2025-07-04 21:48:30
"Ayam Bakar Primarasa, Manyar Kertoarjo",Pia Rasa Kuno 1 Box Isi 10 Biji,"Isi 10 pcs mix kacang hijau, coklat, keju. Resep turun temurun sejak 1900. Packing premium exclusive. Cocok untuk break/tea-time.",71.429,2025-07-04 21:48:30
"Ayam Bakar Primarasa, Manyar Kertoarjo",Sambal Tradisional Primarasa (sedang),"Tanpa pengawet, dengan olive oil. Per botol isi 150 ml (No preservatives, with olive oil)",31.429,2025-07-04 21:48:30
"Ayam Bakar Primarasa, Manyar Kertoarjo",Sambal Tradisional Primarasa (pedas),"Tanpa pengawet, dengan olive oil. Per botol isi 150 ml (No preservatives, with olive oil)",31.429,2025-07-04 21:48:30
"Ayam Bakar Primarasa, Manyar Kertoarjo",Paket Kue Lumpur Madu isi 6 biji,Dibuat Fresh Dari Labu Dan Madu Yang Baik Bagi Kesehatan Tubuh (Pumpkin Honey Cake 6 Pieces). Cocok Untuk Melengkapi Break/Tea Time Anda. Tahan Hari Ini Saja.,51.429,2025-07-04 21:48:30
"Ayam Bakar Primarasa, Manyar Kertoarjo",Kue Lumpur Madu 1 biji,Dibuat Fresh Dari Labu Dan Madu Yang Baik Bagi Kesehatan Tubuh (Pumpkin Honey Cake 1 Piece). Cocok Untuk Melengkapi Break/Tea Time Anda. Tahan Hari Ini Saja.,8.571,2025-07-04 21:48:30
"Ayam Bakar Primarasa, Manyar Kertoarjo",Pop U Corn Original (300 gram) Popcorn,Best-Selling Pop Corn In Town! Sweet Caramel-Y. 300 Gram Per Toples. Tahan 1 Bulan.,46.429,2025-07-04 21:48:30
"Ayam Bakar Primarasa, Manyar Kertoarjo",Pop U Corn Coklat Chocolate (300 gram) Popcorn,Best-Selling Pop Corn In Town! Sweet Chocolate-Y. 300 Gram Per Toples. Tahan 1 Bulan.,53.572,2025-07-04 21:48:30
"Ayam Bakar Primarasa, Manyar Kertoarjo",Pop U Corn Keju Cheese (300 gram) Popcorn,Best-Selling Pop Corn In Town! Sweet And Cheese-Y. 300 Gram Per Toples. Tahan 1 Bulan.,57.143,2025-07-04 21:48:30
"Ayam Bakar Primarasa, Manyar Kertoarjo",Madu Hutan 100% Murni dari Nusa Tenggara Timur,Gross Weight 250 Grams (Authentic Raw Honey From Wild Forest In East Nusa Tenggara),142.858,2025-07-04 21:48:30
"Ayam Bakar Primarasa, Manyar Kertoarjo",ROTI BOLEN,N/A,68.000,2025-07-04 21:48:30
"Ayam Bakar Primarasa, Manyar Kertoarjo",Banana Cake,Banana Cake With Almond Slice And Chochote Chips,68.000,2025-07-04 21:48:30
"Ayam Bakar Primarasa, Manyar Kertoarjo",Pia Rasa Kuno 1 Biji,"Varian: Kacang Hijau/Mung Bean, Coklat/Chocolate, Keju/Cheese. Resep Turun Temurun Sejak 1900. Cocok Untuk Break/Tea Time",7.143,2025-07-04 21:48:30
"Ayam Bakar Primarasa, Manyar Kertoarjo",Kremesan Ayam,Cocok Sebagai Pelengkap Makanan Apa Saja,21.429,2025-07-04 21:48:30
"Ayam Bakar Primarasa, Manyar Kertoarjo",Nasi Campur,"Ayam Bumbu Rujak + Setengah Telur Asin, Kerirng Tempe, Cah sayunr, Bakmie. Khusus makan siang",44.286,2025-07-04 21:48:30
"Ayam Bakar Primarasa, Manyar Kertoarjo",Nasi Paket Hemat,"Telur Bumbu Rujak + Sambal Goreng Ati + Bakmie + Cah Buncis Wortel,  Khusus makan siang",35.175,2025-07-04 21:48:30
"Ayam Bakar Primarasa, Manyar Kertoarjo",Nasi Udang Renyah+ Ayam Suwir,Paket prima makan siang,42.857,2025-07-04 21:48:30
"Ayam Bakar Primarasa, Manyar Kertoarjo",Nasi  Ayam Suwir,Ayam Suwir Telur Gulung Cah Sayur,42.857,2025-07-04 21:48:30
"Ayam Bakar Primarasa, Manyar Kertoarjo",Es Susu Cao Gula Aren,Tasty Milk With Grass Jelly And Palm Sugar,28.572,2025-07-04 21:48:30
"Ayam Bakar Primarasa, Manyar Kertoarjo",Ice Tea Susu,Susu Terbaik Dicampur Dengan Teh Terbaik. Tasty Milk Blended With Brewed Tea.,21.429,2025-07-04 21:48:30
"Ayam Bakar Primarasa, Manyar Kertoarjo",Es Campur,"Indonesian Iced Dessert Of Sugar Palm (Kolang Kaling), Nata Decoco, Grass Jelly, Pandan Jelly, Pearls, Young Coconut, Pineapple, Jackfruit, Pudding",35.715,2025-07-04 21:48:30
"Ayam Bakar Primarasa, Manyar Kertoarjo",Chocolate / Mocha Blended,"Coklat Pilihan Dari Amerika, Diblend Dengan Susu Creamy",31.429,2025-07-04 21:48:30
"Ayam Bakar Primarasa, Manyar Kertoarjo",Jeruk Nipis (Es / Hangat),Lime Drink From Real Fruit. Not From Concentrate,21.429,2025-07-04 21:48:30
"Ayam Bakar Primarasa, Manyar Kertoarjo",Ice Tea Fruit,Sweet Tea Drink With Fruit Flavors,22.857,2025-07-04 21:48:30
"Ayam Bakar Primarasa, Manyar Kertoarjo",Lemon Tea,N/A,21.429,2025-07-04 21:48:30
"Ayam Bakar Primarasa, Manyar Kertoarjo",Teh Manis / Tawar,Sweet / Unsweetened Freshly Brewed Tea,10.715,2025-07-04 21:48:30
"Ayam Bakar Primarasa, Manyar Kertoarjo",Es Dawet,Iced Coconut Milk Drink With Pandan Jelly And Palm Sugar,22.857,2025-07-04 21:48:30
"Ayam Bakar Primarasa, Manyar Kertoarjo",Es Sirup,Syrup Iced Drink,14.286,2025-07-04 21:48:30
"Ayam Bakar Primarasa, Manyar Kertoarjo",Kopi Hitam Hangat / Es,Black Coffee Warm / Iced,22.857,2025-07-04 21:48:30
"Ayam Bakar Primarasa, Manyar Kertoarjo",Air Mineral Botol,Mineral Bottled Water,14.429,2025-07-04 21:48:30
"Ayam Bakar Primarasa, Manyar Kertoarjo",Es Batu,Ice Cubes,3.571,2025-07-04 21:48:30
"Ayam Bakar Primarasa, Manyar Kertoarjo",Soda Gembira / Susu Coca Cola / Susu Soda,Condensed Milk Mixed With Soda / Coca Cola,32.143,2025-07-04 21:48:30
"Ayam Bakar Primarasa, Manyar Kertoarjo",Coca Cola / Sprite / Fanta / Soda,N/A,14.286,2025-07-04 21:48:30
"Ayam Bakar Primarasa, Manyar Kertoarjo",Es Kelapa Muda,Iced young coconut drink,31.429,2025-07-04 21:48:30
"Ayam Bakar Primarasa, Manyar Kertoarjo",Jeruk Manis (Es/hangat),Orange drink from real fruit. not from concentrate,31.429,2025-07-04 21:48:30
"Ayam Bakar Primarasa, Manyar Kertoarjo",Lemon/markisa Squash,Lemon/passionfruit Squash,37.143,2025-07-04 21:48:30
"Ayam Bakar Primarasa, Manyar Kertoarjo",Es Cao,Iced grass jelly drink,21.429,2025-07-04 21:48:30
"Ayam Bakar Primarasa, Manyar Kertoarjo",Cappucino/iced Cappucino,Warm/iced Tradisional Cappucino,31.429,2025-07-04 21:48:30
"Ayam Bakar Primarasa, Manyar Kertoarjo",Juice Apokat,Real Fruit. Not From Concentrate. Avocado Juice,37.143,2025-07-04 21:48:30
"Ayam Bakar Primarasa, Manyar Kertoarjo",Juice Kopyor,Real Fruit. Not From Concentrate. Macapuno (Sport Coconut) Juice.,60.000,2025-07-04 21:48:30
"Ayam Bakar Primarasa, Manyar Kertoarjo",Juice Durian,Real Fruit. Not From Concentrate. Durian Juice.,40.000,2025-07-04 21:48:30
"Ayam Bakar Primarasa, Manyar Kertoarjo",Juice Apokat Durian,Real Fruit. Not From Concentrate. Avocado Durian Juice.,57.143,2025-07-04 21:48:30
"Ayam Bakar Primarasa, Manyar Kertoarjo",Juice Kopyor Durian,Real Fruit. Not From Concentrate. Macapuno (Sport Coconut) Durian Juice.,78.572,2025-07-04 21:48:30
"Ayam Bakar Primarasa, Manyar Kertoarjo",Juice Sirsak,Real Fruit. Not From Concentrate. Soursop Juice.,34.286,2025-07-04 21:48:30
"Ayam Bakar Primarasa, Manyar Kertoarjo",Juice Mangga,Real Fruit. Not From Concentrate. Mango Juice.,34.286,2025-07-04 21:48:30
"Ayam Bakar Primarasa, Manyar Kertoarjo",Juice Jambu Merah,Real Fruit. Not From Concentrate. Guava Juice.,34.286,2025-07-04 21:48:30
"Ayam Bakar Primarasa, Manyar Kertoarjo",Juice Strawberry,Real Fruit. Not From Concentrate.,34.286,2025-07-04 21:48:30
"Ayam Bakar Primarasa, Manyar Kertoarjo",Es Markisa,Real Fruit. Not From Concentrate. Passionfruit.,25.714,2025-07-04 21:48:30
"Ayam Bakar Primarasa, Manyar Kertoarjo",Juice Leci,Real Fruit. Not From Concentrate. Lychee Juice.,34.286,2025-07-04 21:48:30
"Ayam Bakar Primarasa, Manyar Kertoarjo",Juice Jeruk,Real Fruit. Not From Concentrate. Orange Juice,34.286,2025-07-04 21:48:30
"Ayam Bakar Primarasa, Manyar Kertoarjo",Juice Melon,Real Fruit. Not From Concentrate. Rock Melon Juice,31.429,2025-07-04 21:48:30
"Ayam Bakar Primarasa, Manyar Kertoarjo",Juice Apel,Real Fruit. Not From Concentrate. Apple Juice,31.429,2025-07-04 21:48:30
"Ayam Bakar Primarasa, Manyar Kertoarjo",Juice Campur (Mixed),Apel+melon+tomat. real fruit. Not from concentrate (apple+rock melon+tomato),42.857,2025-07-04 21:48:30
"Ayam Bakar Primarasa, Manyar Kertoarjo",Juice Markisa,Real Fruit. Not From Concentrate. Passonfruit Juice,31.429,2025-07-04 21:48:30
"Ayam Bakar Primarasa, Manyar Kertoarjo",Juice Tomat,Real Fruit. Not From Concentrate. Tomato Juice,31.429,2025-07-04 21:48:30
"Ayam Bakar Primarasa, Manyar Kertoarjo",Banana Cake,Banana Cake With Almond Slice And Chocolate Chips,68.000,2025-07-04 21:48:30
"Ayam Bakar Primarasa, Manyar Kertoarjo",Pisang Bolen,Pisang Bolen Hidangan Ringan Berbahan Baku Pisang Yang Dilapisi Gulungan Lembar Pastry Dan Kemudian Dilengkapi dengan Sepotong Keju Atau Coklat,68.000,2025-07-04 21:48:30
"Ayam Bakar Primarasa, Manyar Kertoarjo",Mahabbah Hampers,6 pcs pia rasa kuno dengan kartu ucapan lebaran dan kotak cantik disertai pita,84.286,2025-07-04 21:48:30
"Ayam Bakar Primarasa, Manyar Kertoarjo",Safa Hampers,"6 pcs pia rasa kuno, 1 toples kue sagu vanilla, kurma jelly dengan kartu ucapan lebaran dan kotak cantik disertai pita",127.143,2025-07-04 21:48:30
"Ayam Bakar Primarasa, Manyar Kertoarjo",Firdaus Hampers,"1 ekor ayam bakar/goreng primarasa, 3 pcs pia rasa kuno, kurma jelly dengan kartu ucapan lebaran dan tas serut batik cantik disetai pita",227.143,2025-07-04 21:48:30
"Pizza Hut, Manyar Kertoarjo",L1MO Pizza,"L1MO Pizza dengan Topping Tuna Melt, Meat Lovers dan Super Supreme. Pesan sekarang!",339.000,2025-07-04 21:49:04
"Pizza Hut, Manyar Kertoarjo",My Box Pizza,Bisa pilih Pizza dengan 1 Snack dan 1 Minuman. Tersedia kombinasi menu untukmu. Pesan sekarang!,50.001,2025-07-04 21:49:04
"Pizza Hut, Manyar Kertoarjo",Melts Pizza,"Cheesy, Crispy, Loaded. Pizza Baru topping Seru Langsung Melts and Go! Pesan sekarang.",62.000,2025-07-04 21:49:04
"Pizza Hut, Manyar Kertoarjo",Garlic Bread,Roti Panggang dengan Mentega Beraroma Bawang Putih,38.000,2025-07-04 21:49:04
"Pizza Hut, Manyar Kertoarjo",Beef Lasagna,"Pasta Lasagna Panggang, Daging Sapi Cincang dan Saus Krim Putih",79.000,2025-07-04 21:49:04
"Pizza Hut, Manyar Kertoarjo",Beef Lasagna,N/A,79.000,2025-07-04 21:49:04
"Pizza Hut, Manyar Kertoarjo",Big Box,N/A,258.001,2025-07-04 21:49:04
"Pizza Hut, Manyar Kertoarjo",Paket Special 1,"1 Pizza Personal Cheesy Bites, 1 Cheese Rolls 6 pcs dan 1 Coca Cola Cup. Pesan sekarang!",100.001,2025-07-04 21:49:04
"Pizza Hut, Manyar Kertoarjo",Paket Special 2,"1 Pizza Personal Cheesy Bites, 1 Beef Lasagna dan 1 Coca Cola Cup. Pesan sekarang!",130.000,2025-07-04 21:49:04
"Pizza Hut, Manyar Kertoarjo",My Box Pizza,Bisa pilih Pizza dengan 1 Snack dan 1 Minuman. Tersedia kombinasi menu untukmu. Pesan sekarang!,50.001,2025-07-04 21:49:04
"Pizza Hut, Manyar Kertoarjo",My Box Pasta,Bisa pilih Pasta dengan 1 Snack dan 1 Minuman. Tersedia kombinasi menu untukmu. Pesan sekarang!,50.001,2025-07-04 21:49:04
"Pizza Hut, Manyar Kertoarjo",My Box Special Pizza,Bisa pilih Pizza dengan 1 Snack dan 1 Minuman. Tersedia kombinasi menu untukmu. Pesan sekarang!,65.000,2025-07-04 21:49:04
"Pizza Hut, Manyar Kertoarjo",My Box Healthy Pizza,"Bisa pilih Pizza dengan 1 Snack, 1 Salad dan 1 Minuman. Tersedia kombinasi menu untukmu. Pesan sekarang!",75.000,2025-07-04 21:49:04
"Pizza Hut, Manyar Kertoarjo",My Box Duo Pizza,Bisa pilih 2 Pizza dengan 2 Snack dan 2 Minuman. Tersedia kombinasi menu untukmu. Pesan sekarang!,77.000,2025-07-04 21:49:04
"Pizza Hut, Manyar Kertoarjo",My Box Duo Pasta,Bisa pilih 2 Pasta dengan 2 Snack dan 2 Minuman. Tersedia kombinasi menu untukmu. Pesan sekarang!,77.000,2025-07-04 21:49:04
"Pizza Hut, Manyar Kertoarjo",My Box Duo Special Pizza,Bisa pilih 2 Pizza dengan 2 Snack dan 2 Minuman. Tersedia kombinasi menu untukmu. Pesan sekarang!,110.000,2025-07-04 21:49:04
"Pizza Hut, Manyar Kertoarjo",My Box Duo Healthy Pizza,"Bisa pilih 2 Pizza dengan 2 Snack, 2 Salad dan 2 Minuman. Tersedia kombinasi menu untukmu. Pesan sekarang!",130.000,2025-07-04 21:49:04
"Pizza Hut, Manyar Kertoarjo",Melts Pizza,"Cheesy, Crispy, Loaded. Pizza Baru topping Seru Langsung Melts and Go! Pesan sekarang.",62.000,2025-07-04 21:49:04
"Pizza Hut, Manyar Kertoarjo",QU4RTZA,"1 Pizza-nya, 4 Topping-nya, Banyak cuan-nya! Pesan sekarang.",156.001,2025-07-04 21:49:04
"Pizza Hut, Manyar Kertoarjo",Pizza Heart,Ungkapin sayang bisa kapan saja dengan Pizza Heart. Pesan untuk dinikmati bersama orang tersayangmu. Pesan sekarang!,146.000,2025-07-04 21:49:04
"Pizza Hut, Manyar Kertoarjo",L1MO Pizza,"L1MO Pizza dengan Topping Tuna Melt, Meat Lovers dan Super Supreme. Pesan sekarang!",339.000,2025-07-04 21:49:04
"Pizza Hut, Manyar Kertoarjo",L1MO 6 Topping,L1mo baru lebih seru bisa dinikmati hingga 10 orang. Pesan sekarang!,360.000,2025-07-04 21:49:04
"Pizza Hut, Manyar Kertoarjo",Double Box Regular,Selalu Lebih Hemat. Bisa pilih 2 pizza dengan topping kesukaanmu. Beli sekarang!,200.000,2025-07-04 21:49:04
"Pizza Hut, Manyar Kertoarjo",Double Box Large,Pizza kesukaanmu tersedia ukuran Large dengan 8 potongan yang lebih mengenyangkan. Ayo pesan sekarang!,255.001,2025-07-04 21:49:04
"Pizza Hut, Manyar Kertoarjo",Big Box Bites,Menu lengkap dengan regular pizza topping favorit lengkap dengan 5 snack asin manis yang nikmat. Pesan sekarang!,192.000,2025-07-04 21:49:04
"Pizza Hut, Manyar Kertoarjo",Big Box,"Makin puas buat rame-rame dengan menu lengkap Pizza, Pasta, dan Appetizer. Pesan sekarang!",258.001,2025-07-04 21:49:04
"Pizza Hut, Manyar Kertoarjo",Sweet Melts,"Heavenly, Crispy, Loaded. Pizza Baru dengan Topping Manis, Langsung Melts and Go! Pesan Sekarang!",45.001,2025-07-04 21:49:04
"Pizza Hut, Manyar Kertoarjo",Big Box Bites Superman,Spesial Box Superman. Menu lengkap dengan regular pizza topping favorit lengkap dengan 5 snack asin manis yang nikmat Gratis Coca Cola 1 Liter. Pesan sekarang!,192.000,2025-07-04 21:49:04
"Pizza Hut, Manyar Kertoarjo",Cheese Rizz Personal Pizza,"Real Cheese inside, outside, top side, on the side, on all sides!",80.001,2025-07-04 21:49:04
"Pizza Hut, Manyar Kertoarjo",Cheese Rizz Regular Pizza,"Real Cheese inside, outside, top side, on the side, on all sides!",174.000,2025-07-04 21:49:04
"Pizza Hut, Manyar Kertoarjo",Cheese Rizz Large Pizza,"Real Cheese inside, outside, top side, on the side, on all sides!",231.000,2025-07-04 21:49:04
"Pizza Hut, Manyar Kertoarjo",Cheese Rizz Double Box Regular,Bisa pilih 1 Regular Pizza Cheese Rizz dengan 1 Pan Pizza Regular. Pesan sekarang!,250.000,2025-07-04 21:49:04
"Pizza Hut, Manyar Kertoarjo",Cheese Rizz QU4RTZA,"1 Pizza-nya, 4 Topping-nya, Banyak cuan-nya, Luber Kejunya, Pecah Rasanya. Pesan Sekarang!",231.000,2025-07-04 21:49:04
"Pizza Hut, Manyar Kertoarjo",Value Bundle Cheese Overflow,Bisa pilih 1 Pan Personal Pizza Cheese Overflow dengan 1 Minuman. Pesan sekarang!,71.001,2025-07-04 21:49:04
"Pizza Hut, Manyar Kertoarjo",Value Bundle Cheese Rizz,1 Personal Pizza Cheese Rizz + 1 Drink,71.001,2025-07-04 21:49:04
"Pizza Hut, Manyar Kertoarjo",Cheese Overflow Personal Pizza,"Personal Pizza Cheese Overflow. Luber Kejunya, Pecah Rasanya. Pesan Sekarang!",66.000,2025-07-04 21:49:04
"Pizza Hut, Manyar Kertoarjo",Cheese Overflow Regular Pizza,"Regular Pizza Cheese Overflow. Luber Kejunya, Pecah Rasanya. Pesan Sekarang!",152.000,2025-07-04 21:49:04
"Pizza Hut, Manyar Kertoarjo",Cheese Overflow Large Pizza,"Large Pizza Cheese Overflow. Luber Kejunya, Pecah Rasanya. Pesan Sekarang!",200.001,2025-07-04 21:49:04
"Pizza Hut, Manyar Kertoarjo",Cheese Overflow Pasta,"Pasta Cheese Overflow. Luber Kejunya, Pecah Rasanya. Pesan Sekarang!",82.001,2025-07-04 21:49:04
"Pizza Hut, Manyar Kertoarjo",Cheese Overflow Double Box Regular,Bisa pilih 1 Pizza Regular Cheese Overflow dengan 1 Pan Pizza Regular. Pesan sekarang!,225.001,2025-07-04 21:49:04
"Pizza Hut, Manyar Kertoarjo",PAN Regular Pizza,3-4 pax,127.001,2025-07-04 21:49:04
"Pizza Hut, Manyar Kertoarjo",PAN Personal Pizza,1-2 pax,59.000,2025-07-04 21:49:04
"Pizza Hut, Manyar Kertoarjo",PAN Large Pizza,4-5 pax,166.000,2025-07-04 21:49:04
"Pizza Hut, Manyar Kertoarjo",Classic Fettuccine With Crispy Chicken,"Pasta Fettuccine, Daging Ayam Asap, Saus Creamy dengan Chicken Strip dibalur Cream Cheese Mayo dan Beef Bits",86.000,2025-07-04 21:49:04
"Pizza Hut, Manyar Kertoarjo",Creamy Truffle,"Pasta Penne, Sosis Beef Chorizo, Bayam, Saus Alfredo dan Truffle Oil",86.000,2025-07-04 21:49:04
"Pizza Hut, Manyar Kertoarjo",Creamy Beef Classic Fettuccine,"Pasta Fettuccine, Daging Sapi Asap, Jamur dan Saus Krim",77.000,2025-07-04 21:49:04
"Pizza Hut, Manyar Kertoarjo",Creamy Chicken Classic Fettuccine,"Pasta Fettuccine, Daging Ayam Asap, Jamur dan Saus Krim",77.000,2025-07-04 21:49:04
"Pizza Hut, Manyar Kertoarjo",Beef Spaghetti,"Pasta Spaghetti, Daging Sapi Cincang, Saus Tomat dan Keju Cheddar",77.000,2025-07-04 21:49:04
"Pizza Hut, Manyar Kertoarjo",Oriental Chicken Spaghetti,"Spaghetti dengan potongan ayam panggang, disiram saus oriental yang pas manisnya",77.000,2025-07-04 21:49:04
"Pizza Hut, Manyar Kertoarjo",Beef Lasagna,"Pasta Lasagna Panggang, Daging Sapi Cincang dan Saus Krim Putih",79.000,2025-07-04 21:49:04
"Pizza Hut, Manyar Kertoarjo",Cheese Beef Fusilli,"Pasta Fusilli Panggang, Saus Keju Cheddar dan Beef Bits",77.000,2025-07-04 21:49:04
"Pizza Hut, Manyar Kertoarjo",Oriental Chicken Rice,"Nasi, Ayam Panggang, Saus Oriental",63.000,2025-07-04 21:49:04
"Pizza Hut, Manyar Kertoarjo",Black Pepper Chicken Rice,"Nasi, Ayam Berbalut Tepung Roti, Saus Lada Hitam",63.000,2025-07-04 21:49:04
"Pizza Hut, Manyar Kertoarjo",New Orleans Chicken Wings,Sayap Ayam Panggang dengan Bumbu khas New Orleans,53.000,2025-07-04 21:49:04
"Pizza Hut, Manyar Kertoarjo",Cheese Rolls,Roti dengan Keju Mozzarella,43.000,2025-07-04 21:49:04
"Pizza Hut, Manyar Kertoarjo",Mushroom Soup,Sup Krim Jamur,25.000,2025-07-04 21:49:04
"Pizza Hut, Manyar Kertoarjo",Chicken Royale,"Chicken Stick,Chicken Popcorn,Potato Wedges dan Garlic Bread",53.000,2025-07-04 21:49:04
"Pizza Hut, Manyar Kertoarjo",Garlic Bread,Roti Panggang dengan Mentega Beraroma Bawang Putih,38.000,2025-07-04 21:49:04
"Pizza Hut, Manyar Kertoarjo",Puff Pastry Mushroom Cream Soup,Sup Krim Jamur dan Puff Pastry,42.000,2025-07-04 21:49:04
"Pizza Hut, Manyar Kertoarjo",Deluxe Beef Bruschetta,"Roti Panggang, Daging Sapi Asap, Jagung, Onion dan Saus Thousand Island",40.000,2025-07-04 21:49:04
"Pizza Hut, Manyar Kertoarjo",Garlicheese Bread,Roti Panggang dengan Bumbu Bawang Putih dan Keju Mozzarella,37.000,2025-07-04 21:49:04
"Pizza Hut, Manyar Kertoarjo",Choco Puff,"Puff Pastry, Cokelat dan Keju",38.000,2025-07-04 21:49:04
"Pizza Hut, Manyar Kertoarjo",Potato Wedges,Kentang Panggang dengan Bumbu Special,38.000,2025-07-04 21:49:04
"Pizza Hut, Manyar Kertoarjo",Wingstreet 6 pcs,Tersedia dengan 4 pilihan sauce baru,57.000,2025-07-04 21:49:04
"Pizza Hut, Manyar Kertoarjo",Green Salad,Green Salad,53.000,2025-07-04 21:49:04
"Pizza Hut, Manyar Kertoarjo",Fruit Salad,Fruit Salad,53.000,2025-07-04 21:49:04
"Pizza Hut, Manyar Kertoarjo",2 Fresh Juice 500ml,Pilihan Juice Segar. Pesan Sekarang !,72.001,2025-07-04 21:49:04
"Pizza Hut, Manyar Kertoarjo",Blue Ocean,"Soda Bluberi, Sirup Mangga dan Biji Selasih",39.001,2025-07-04 21:49:04
"Pizza Hut, Manyar Kertoarjo",Lychee Breeze,"Buah Leci, Sirup Leci, Soda dan Jeruk Nipis",43.000,2025-07-04 21:49:04
"Pizza Hut, Manyar Kertoarjo",Mixberry,"Soda Bluberi, Sirup Stroberi, Biji Selasih dan Jelly",39.001,2025-07-04 21:49:04
"Pizza Hut, Manyar Kertoarjo",Lychee Spring,"Yakult, Sirup Leci dan Potongan Buah Leci",39.001,2025-07-04 21:49:04
"Pizza Hut, Manyar Kertoarjo",Coca Cola 1 Liter,Coca-Cola 1 Liter,30.000,2025-07-04 21:49:04
"Pizza Hut, Manyar Kertoarjo",Vanilla Milkshake,Susu Segar dan Es Krim Vanila,39.001,2025-07-04 21:49:04
"Pizza Hut, Manyar Kertoarjo",Chocolate Milkshake,Susu Segar dan Es Krim Cokelat,39.001,2025-07-04 21:49:04
"Pizza Hut, Manyar Kertoarjo",Strawberry Milkshake,Susu Segar dan Es Krim Stroberi,39.001,2025-07-04 21:49:04
"Pizza Hut, Manyar Kertoarjo",Aqua Bottle,Aqua Botol,20.000,2025-07-04 21:49:04
"Pizza Hut, Manyar Kertoarjo",Orange Juice,Orange Juice,33.000,2025-07-04 21:49:04
"Pizza Hut, Manyar Kertoarjo",Coca Cola,Coca Cola,29.000,2025-07-04 21:49:04
"Pizza Hut, Manyar Kertoarjo",Sprite,Sprite,29.000,2025-07-04 21:49:04
"Pizza Hut, Manyar Kertoarjo",Lemon Tea,Frestea,29.000,2025-07-04 21:49:04
"Pizza Hut, Manyar Kertoarjo",Paket Meeting 1,"Terdiri dari 1 L1MO 6 Topping, 1 Pasta Beef Spaghetti, 1 Oriental Chicken Rice, 1 New Orleans Chicken Wings, 1 Cheese Rolls, 1 Beef Bruschetta, 1 Garlic Bread dan 1 Coca Cola 1L",595.001,2025-07-04 21:49:04
"Pizza Hut, Manyar Kertoarjo",Paket Meeting 2,"Terdiri dari 1 L1MO Pizza, 1 Cheesy Bites Pizza Regular, 1 New Orleans Chicken Wings, 1 Chicken Royale, 2 Garlic Bread, 1 Beef Bruschetta, 1 Cheese Roll dan 1 Coca-Cola 1L",705.001,2025-07-04 21:49:04
"Pizza Hut, Manyar Kertoarjo",Paket Resign,"Terdiri dari 2 L1MO 6 Topping, 1 New Orleans Chicken Wings, 1 Beef Bruschetta, 3 Garlic Bread, 1 Cheese Roll dan 1 Coca-Cola 1L",815.001,2025-07-04 21:49:04
"McDonald's, Manyar Kertoarjo Surabaya",McFlurry Feat. OREO,N/A,14.000,2025-07-04 21:49:44
"McDonald's, Manyar Kertoarjo Surabaya",McFlurry Choco,N/A,14.000,2025-07-04 21:49:44
"McDonald's, Manyar Kertoarjo Surabaya",Strawberry Sundae,N/A,12.000,2025-07-04 21:49:44
"McDonald's, Manyar Kertoarjo Surabaya",Choco Sundae,N/A,12.000,2025-07-04 21:49:44
"McDonald's, Manyar Kertoarjo Surabaya",French Fries Large,N/A,27.500,2025-07-04 21:49:44
"McDonald's, Manyar Kertoarjo Surabaya",Greetings Card,N/A,1.000,2025-07-04 21:49:44
"McDonald's, Manyar Kertoarjo Surabaya",Love Card,N/A,1.000,2025-07-04 21:49:44
"McDonald's, Manyar Kertoarjo Surabaya",Birthday Card,N/A,1.000,2025-07-04 21:49:44
"McDonald's, Manyar Kertoarjo Surabaya",Hello Kitty Plush Bag Tag + PaNas 1 Ayam McD Krispy,N/A,59.500,2025-07-04 21:49:44
"McDonald's, Manyar Kertoarjo Surabaya",McHappy Socks - Dewasa,N/A,50.000,2025-07-04 21:49:44
"McDonald's, Manyar Kertoarjo Surabaya",Hello Kitty Plush Bag Tag + McFlurry feat Oreo,N/A,42.500,2025-07-04 21:49:44
"McDonald's, Manyar Kertoarjo Surabaya","Red Skin-on Fries, Medium",N/A,25.500,2025-07-04 21:49:44
"McDonald's, Manyar Kertoarjo Surabaya","Paket Beef Yakiniku Tamago Burger, Large",N/A,72.000,2025-07-04 21:49:44
"McDonald's, Manyar Kertoarjo Surabaya",Sweet Surprise Gift,N/A,45.000,2025-07-04 21:49:44
"McDonald's, Manyar Kertoarjo Surabaya",Double Choco Pie A la Mode Chocolate,N/A,24.000,2025-07-04 21:49:44
"McDonald's, Manyar Kertoarjo Surabaya","Paket Spicy Chicken Yakiniku Burger, medium",N/A,72.000,2025-07-04 21:49:44
"McDonald's, Manyar Kertoarjo Surabaya","Paket Spicy Chicken Yakiniku Burger, large",N/A,80.000,2025-07-04 21:49:44
"McDonald's, Manyar Kertoarjo Surabaya","Paket Fish Fillet Yakiniku Burger, Large",N/A,65.000,2025-07-04 21:49:44
"McDonald's, Manyar Kertoarjo Surabaya","Paket HeBat McSpaghetti Ayam McD, Spicy",N/A,30.500,2025-07-04 21:49:44
"McDonald's, Manyar Kertoarjo Surabaya","Iced Café Matcha Fusion, small + Cheese Stick",N/A,43.000,2025-07-04 21:49:44
"McDonald's, Manyar Kertoarjo Surabaya",Iced Chocolate Float,N/A,18.500,2025-07-04 21:49:44
"McDonald's, Manyar Kertoarjo Surabaya",Double Choco Pie A la Mode Strawberry,N/A,24.000,2025-07-04 21:49:44
"McDonald's, Manyar Kertoarjo Surabaya","Share a Coke, Share a Meal - Spicy",N/A,110.500,2025-07-04 21:49:44
"McDonald's, Manyar Kertoarjo Surabaya","Paket Fish Fillet Yakiniku Burger, Medium",N/A,57.000,2025-07-04 21:49:44
"McDonald's, Manyar Kertoarjo Surabaya",Hello Kitty Plush Bag Tag + PaNas 1 Ayam McD Spicy,N/A,59.500,2025-07-04 21:49:44
"McDonald's, Manyar Kertoarjo Surabaya","Beef Yakiniku Tamago Burger, A la carte",N/A,43.500,2025-07-04 21:49:44
"McDonald's, Manyar Kertoarjo Surabaya","Paket HeBat McSpaghetti Ayam McD, Krispy",N/A,30.500,2025-07-04 21:49:44
"McDonald's, Manyar Kertoarjo Surabaya","Spicy Chicken Yakiniku Burger, A la carte",N/A,51.500,2025-07-04 21:49:44
"McDonald's, Manyar Kertoarjo Surabaya","Fish Fillet Yakiniku Burger, A la carte",N/A,39.500,2025-07-04 21:49:44
"McDonald's, Manyar Kertoarjo Surabaya","Share a Coke, Share a Meal - Krispy",N/A,110.500,2025-07-04 21:49:44
"McDonald's, Manyar Kertoarjo Surabaya","Paket Beef Yakiniku Tamago Burger, Medium",N/A,64.000,2025-07-04 21:49:44
"McDonald's, Manyar Kertoarjo Surabaya",Double Choco Pie,N/A,17.500,2025-07-04 21:49:44
"McDonald's, Manyar Kertoarjo Surabaya","Iced Matcha Latte, small + Cheese Stick",N/A,43.000,2025-07-04 21:49:44
"McDonald's, Manyar Kertoarjo Surabaya",McHappy Socks  - Anak-anak,N/A,50.000,2025-07-04 21:49:44
"McDonald's, Manyar Kertoarjo Surabaya","Red Skin-on Fries, Large",N/A,30.500,2025-07-04 21:49:44
"McDonald's, Manyar Kertoarjo Surabaya",Paket Manis,N/A,71.500,2025-07-04 21:49:44
"McDonald's, Manyar Kertoarjo Surabaya","Share a Coke, Share a Meal - Spicy",N/A,110.500,2025-07-04 21:49:44
"McDonald's, Manyar Kertoarjo Surabaya",Paket Ngemil,N/A,110.000,2025-07-04 21:49:44
"McDonald's, Manyar Kertoarjo Surabaya","Paket Kenyang, Krispy",N/A,150.000,2025-07-04 21:49:44
"McDonald's, Manyar Kertoarjo Surabaya","PROMO - 2x Paket Hemat Beef Yakiniku Tamago Burger, Med + 2x McFlurry feat. OREO",N/A,137.000,2025-07-04 21:49:44
"McDonald's, Manyar Kertoarjo Surabaya","Paket Berbagi - 25pax Ayam McD+ Rice, Med+ Mineral Water Cup",N/A,587.500,2025-07-04 21:49:44
"McDonald's, Manyar Kertoarjo Surabaya","Paket Kenyang, Spicy",N/A,150.000,2025-07-04 21:49:44
"McDonald's, Manyar Kertoarjo Surabaya","Share a Coke, Share a Meal - Krispy",N/A,110.500,2025-07-04 21:49:44
"McDonald's, Manyar Kertoarjo Surabaya","PROMO - Paket Hemat Beef Yakiniku Tamago Bgr, M & Spicy Chicken Yakiniku Bgr, M +2x McFlurry ft OREO",N/A,137.000,2025-07-04 21:49:44
"McDonald's, Manyar Kertoarjo Surabaya","Paket Hemat McChicken, Medium",N/A,48.000,2025-07-04 21:49:44
"McDonald's, Manyar Kertoarjo Surabaya","Paket Hemat Big Mac, Large",N/A,68.000,2025-07-04 21:49:44
"McDonald's, Manyar Kertoarjo Surabaya",McSpicy,N/A,43.000,2025-07-04 21:49:44
"McDonald's, Manyar Kertoarjo Surabaya","Paket Hemat Cheeseburger, Medium",N/A,48.500,2025-07-04 21:49:44
"McDonald's, Manyar Kertoarjo Surabaya","Paket Hemat McSpicy, Large",N/A,65.500,2025-07-04 21:49:44
"McDonald's, Manyar Kertoarjo Surabaya","Paket Fish Fillet Yakiniku Burger, Medium",N/A,57.000,2025-07-04 21:49:44
"McDonald's, Manyar Kertoarjo Surabaya",Cheeseburger Deluxe,N/A,35.500,2025-07-04 21:49:44
"McDonald's, Manyar Kertoarjo Surabaya","Paket Hemat Fish Fillet Burger, Medium",N/A,48.000,2025-07-04 21:49:44
"McDonald's, Manyar Kertoarjo Surabaya",Chicken Burger Deluxe,N/A,28.000,2025-07-04 21:49:44
"McDonald's, Manyar Kertoarjo Surabaya","Paket Hemat Chicken Burger Deluxe, Medium",N/A,44.000,2025-07-04 21:49:44
"McDonald's, Manyar Kertoarjo Surabaya",Beef Burger Deluxe,N/A,28.000,2025-07-04 21:49:44
"McDonald's, Manyar Kertoarjo Surabaya","Paket Hemat Beef Burger Deluxe, Large",N/A,52.500,2025-07-04 21:49:44
"McDonald's, Manyar Kertoarjo Surabaya","Paket Hemat McNuggets 6 pcs, Medium",N/A,52.500,2025-07-04 21:49:44
"McDonald's, Manyar Kertoarjo Surabaya","Paket Hemat McNuggets 6 pcs, Large",N/A,61.000,2025-07-04 21:49:44
"McDonald's, Manyar Kertoarjo Surabaya","Paket Hemat Double Cheeseburger, Medium",N/A,58.500,2025-07-04 21:49:44
"McDonald's, Manyar Kertoarjo Surabaya",Double Cheese Burger,N/A,43.000,2025-07-04 21:49:44
"McDonald's, Manyar Kertoarjo Surabaya","Spicy Chicken Yakiniku Burger, A la carte",N/A,51.500,2025-07-04 21:49:44
"McDonald's, Manyar Kertoarjo Surabaya","Paket Beef Yakiniku Tamago Burger, Medium",N/A,64.000,2025-07-04 21:49:44
"McDonald's, Manyar Kertoarjo Surabaya","Paket Hemat Cheeseburger, Large",N/A,57.000,2025-07-04 21:49:44
"McDonald's, Manyar Kertoarjo Surabaya","Paket Hemat McSpicy, Medium",N/A,57.000,2025-07-04 21:49:44
"McDonald's, Manyar Kertoarjo Surabaya","Paket Fish Fillet Yakiniku Burger, Large",N/A,65.000,2025-07-04 21:49:44
"McDonald's, Manyar Kertoarjo Surabaya","Paket Hemat Cheeseburger Deluxe, Large",N/A,59.000,2025-07-04 21:49:44
"McDonald's, Manyar Kertoarjo Surabaya","Paket Spicy Chicken Yakiniku Burger, medium",N/A,72.000,2025-07-04 21:49:44
"McDonald's, Manyar Kertoarjo Surabaya",McChicken,N/A,33.500,2025-07-04 21:49:44
"McDonald's, Manyar Kertoarjo Surabaya","Paket Hemat Chicken Burger Deluxe, Large",N/A,52.500,2025-07-04 21:49:44
"McDonald's, Manyar Kertoarjo Surabaya","Paket Hemat Cheeseburger Deluxe, Medium",N/A,50.500,2025-07-04 21:49:44
"McDonald's, Manyar Kertoarjo Surabaya",McNuggets 6 pcs,N/A,40.500,2025-07-04 21:49:44
"McDonald's, Manyar Kertoarjo Surabaya","Paket Hemat Double Cheeseburger, Large",N/A,67.000,2025-07-04 21:49:44
"McDonald's, Manyar Kertoarjo Surabaya",Triple Cheeseburger,N/A,64.000,2025-07-04 21:49:44
"McDonald's, Manyar Kertoarjo Surabaya",Big Mac,N/A,45.500,2025-07-04 21:49:44
"McDonald's, Manyar Kertoarjo Surabaya","Fish Fillet Yakiniku Burger, A la carte",N/A,39.500,2025-07-04 21:49:44
"McDonald's, Manyar Kertoarjo Surabaya",McNuggets 9 pcs,N/A,55.500,2025-07-04 21:49:44
"McDonald's, Manyar Kertoarjo Surabaya","Paket Hemat Triple Cheeseburger, Large",N/A,85.500,2025-07-04 21:49:44
"McDonald's, Manyar Kertoarjo Surabaya","Paket Hemat Big Mac, Medium",N/A,59.500,2025-07-04 21:49:44
"McDonald's, Manyar Kertoarjo Surabaya","Beef Yakiniku Tamago Burger, A la carte",N/A,43.500,2025-07-04 21:49:44
"McDonald's, Manyar Kertoarjo Surabaya",Fish Fillet Burger,N/A,33.500,2025-07-04 21:49:44
"McDonald's, Manyar Kertoarjo Surabaya","Paket Hemat Triple Cheeseburger, Medium",N/A,77.000,2025-07-04 21:49:44
"McDonald's, Manyar Kertoarjo Surabaya","Paket Hemat Beef Burger Deluxe, Medium",N/A,44.000,2025-07-04 21:49:44
"McDonald's, Manyar Kertoarjo Surabaya","Paket Hemat McChicken, Large",N/A,56.500,2025-07-04 21:49:44
"McDonald's, Manyar Kertoarjo Surabaya",Cheeseburger,N/A,33.500,2025-07-04 21:49:44
"McDonald's, Manyar Kertoarjo Surabaya","Paket Hemat Fish Fillet Burger, Large",N/A,56.500,2025-07-04 21:49:44
"McDonald's, Manyar Kertoarjo Surabaya",McNuggets 4 pcs,N/A,27.500,2025-07-04 21:49:44
"McDonald's, Manyar Kertoarjo Surabaya","Paket Beef Yakiniku Tamago Burger, Large",N/A,72.000,2025-07-04 21:49:44
"McDonald's, Manyar Kertoarjo Surabaya","Paket Spicy Chicken Yakiniku Burger, large",N/A,80.000,2025-07-04 21:49:44
"McDonald's, Manyar Kertoarjo Surabaya","PaNas Special Krispy, Large",N/A,54.000,2025-07-04 21:49:44
"McDonald's, Manyar Kertoarjo Surabaya","PaNas 2  Krispy with Fries, Medium",N/A,54.500,2025-07-04 21:49:44
"McDonald's, Manyar Kertoarjo Surabaya","PaNas 2  Krispy, Large",N/A,58.500,2025-07-04 21:49:44
"McDonald's, Manyar Kertoarjo Surabaya",PaMer 5 Mix,N/A,97.500,2025-07-04 21:49:44
"McDonald's, Manyar Kertoarjo Surabaya","PaNas 2  Krispy with Fries, Large",N/A,63.000,2025-07-04 21:49:44
"McDonald's, Manyar Kertoarjo Surabaya","PaNas 2  Krispy, Medium",N/A,52.000,2025-07-04 21:49:44
"McDonald's, Manyar Kertoarjo Surabaya","PaNas Special Krispy, Medium",N/A,47.500,2025-07-04 21:49:44
"McDonald's, Manyar Kertoarjo Surabaya",2 pcs Krispy Chicken McD,N/A,45.000,2025-07-04 21:49:44
"McDonald's, Manyar Kertoarjo Surabaya",PaMer 5 Krispy,N/A,97.500,2025-07-04 21:49:44
"McDonald's, Manyar Kertoarjo Surabaya","PaNas 1 Krispy, Large",N/A,46.000,2025-07-04 21:49:44
"McDonald's, Manyar Kertoarjo Surabaya","PaNas 1 Krispy, Medium",N/A,39.500,2025-07-04 21:49:44
"McDonald's, Manyar Kertoarjo Surabaya",PaMer 7 Krispy,N/A,125.500,2025-07-04 21:49:44
"McDonald's, Manyar Kertoarjo Surabaya",PaMer 7 Mix,N/A,125.500,2025-07-04 21:49:44
"McDonald's, Manyar Kertoarjo Surabaya",PaNas Wings Korean Soy Garlic,N/A,45.000,2025-07-04 21:49:44
"McDonald's, Manyar Kertoarjo Surabaya",1pc Krispy Chicken,N/A,24.500,2025-07-04 21:49:44
"McDonald's, Manyar Kertoarjo Surabaya","PaNas Special Spicy, Medium",N/A,47.500,2025-07-04 21:49:44
"McDonald's, Manyar Kertoarjo Surabaya","PaNas Special Spicy, Large",N/A,54.000,2025-07-04 21:49:44
"McDonald's, Manyar Kertoarjo Surabaya","PaNas 2  Spicy with Fries, Medium",N/A,54.500,2025-07-04 21:49:44
"McDonald's, Manyar Kertoarjo Surabaya","PaNas 2  Spicy, Large",N/A,58.500,2025-07-04 21:49:44
"McDonald's, Manyar Kertoarjo Surabaya","PaNas 1 Spicy, Large",N/A,46.000,2025-07-04 21:49:44
"McDonald's, Manyar Kertoarjo Surabaya","PaNas 2  Spicy, Medium",N/A,52.000,2025-07-04 21:49:44
"McDonald's, Manyar Kertoarjo Surabaya",PaMer 5 Spicy,N/A,97.500,2025-07-04 21:49:44
"McDonald's, Manyar Kertoarjo Surabaya",1pc Spicy Chicken,N/A,24.500,2025-07-04 21:49:44
"McDonald's, Manyar Kertoarjo Surabaya",2 pcs Spicy Chicken McD,N/A,45.000,2025-07-04 21:49:44
"McDonald's, Manyar Kertoarjo Surabaya","PaNas 1 Spicy, Medium",N/A,39.500,2025-07-04 21:49:44
"McDonald's, Manyar Kertoarjo Surabaya",PaMer 5 Mix,N/A,97.500,2025-07-04 21:49:44
"McDonald's, Manyar Kertoarjo Surabaya","PaNas 2  Spicy with Fries, Large",N/A,63.000,2025-07-04 21:49:44
"McDonald's, Manyar Kertoarjo Surabaya",PaMer 7 Spicy,N/A,125.500,2025-07-04 21:49:44
"McDonald's, Manyar Kertoarjo Surabaya",PaMer 7 Mix,N/A,125.500,2025-07-04 21:49:44
"McDonald's, Manyar Kertoarjo Surabaya",PaMer 5 Krispy Medium,N/A,133.500,2025-07-04 21:49:44
"McDonald's, Manyar Kertoarjo Surabaya","Paket Keluarga Seru - McFlurry Feat. OREO, Dengan Mainan",N/A,94.000,2025-07-04 21:49:44
"McDonald's, Manyar Kertoarjo Surabaya",PaMer 7 Spicy Medium,N/A,186.000,2025-07-04 21:49:44
"McDonald's, Manyar Kertoarjo Surabaya","Paket Keluarga Seru - McFlurry Feat. OREO, Tanpa Mainan",N/A,75.500,2025-07-04 21:49:44
"McDonald's, Manyar Kertoarjo Surabaya",PaMer 5 Spicy Medium,N/A,133.500,2025-07-04 21:49:44
"McDonald's, Manyar Kertoarjo Surabaya",PaMer 5 Mix Medium,N/A,133.500,2025-07-04 21:49:44
"McDonald's, Manyar Kertoarjo Surabaya",PaMer 7 Krispy Medium,N/A,186.000,2025-07-04 21:49:44
"McDonald's, Manyar Kertoarjo Surabaya",PaMer 7 Mix Medium,N/A,186.000,2025-07-04 21:49:44
"McDonald's, Manyar Kertoarjo Surabaya",Delivery Ulang Tahun - Ayam McD,N/A,200.000,2025-07-04 21:49:44
"McDonald's, Manyar Kertoarjo Surabaya",Delivery Ulang Tahun - Beef Burger Deluxe,N/A,227.500,2025-07-04 21:49:44
"McDonald's, Manyar Kertoarjo Surabaya",Happy Meal Ayam McD,N/A,45.000,2025-07-04 21:49:44
"McDonald's, Manyar Kertoarjo Surabaya",Happy Meal McNuggets,N/A,45.000,2025-07-04 21:49:44
"McDonald's, Manyar Kertoarjo Surabaya",Happy Meal Beef Burger,N/A,45.000,2025-07-04 21:49:44
"McDonald's, Manyar Kertoarjo Surabaya",Paket HeBat McSpaghetti,N/A,20.000,2025-07-04 21:49:44
"McDonald's, Manyar Kertoarjo Surabaya","Paket HeBat McSpaghetti Ayam McD, Krispy",N/A,30.500,2025-07-04 21:49:44
"McDonald's, Manyar Kertoarjo Surabaya","Paket HeBat McSpaghetti Ayam McD, Spicy",N/A,30.500,2025-07-04 21:49:44
"McDonald's, Manyar Kertoarjo Surabaya",Paket HeBat Korean Soy Garlic Wings,N/A,30.500,2025-07-04 21:49:44
"McDonald's, Manyar Kertoarjo Surabaya",Paket HeBat Beef Burger Deluxe,N/A,33.000,2025-07-04 21:49:44
"McDonald's, Manyar Kertoarjo Surabaya",Apple Pie,N/A,12.500,2025-07-04 21:49:44
"McDonald's, Manyar Kertoarjo Surabaya",2 pcs Korean Soy Garlic Wings,N/A,16.500,2025-07-04 21:49:44
"McDonald's, Manyar Kertoarjo Surabaya",Chicken Snack Wrap,N/A,17.500,2025-07-04 21:49:44
"McDonald's, Manyar Kertoarjo Surabaya",Chicken Burger,N/A,22.500,2025-07-04 21:49:44
"McDonald's, Manyar Kertoarjo Surabaya",McFloat Fanta,N/A,12.000,2025-07-04 21:49:44
"McDonald's, Manyar Kertoarjo Surabaya",McFlurry Choco,N/A,14.000,2025-07-04 21:49:44
"McDonald's, Manyar Kertoarjo Surabaya",French Fries Regular,N/A,12.000,2025-07-04 21:49:44
"McDonald's, Manyar Kertoarjo Surabaya",Coke Float,N/A,12.000,2025-07-04 21:49:44
"McDonald's, Manyar Kertoarjo Surabaya",Spicy Chicken Bites,N/A,13.000,2025-07-04 21:49:44
"McDonald's, Manyar Kertoarjo Surabaya",Nasi Uduk McD,N/A,21.500,2025-07-04 21:49:44
"McDonald's, Manyar Kertoarjo Surabaya",McFlurry Feat. OREO,N/A,14.000,2025-07-04 21:49:44
"McDonald's, Manyar Kertoarjo Surabaya",Choco Sundae,N/A,12.000,2025-07-04 21:49:44
"McDonald's, Manyar Kertoarjo Surabaya","Milo, Small",N/A,12.000,2025-07-04 21:49:44
"McDonald's, Manyar Kertoarjo Surabaya",Iced Coffee,N/A,13.500,2025-07-04 21:49:44
"McDonald's, Manyar Kertoarjo Surabaya",Strawberry Sundae,N/A,12.000,2025-07-04 21:49:44
"McDonald's, Manyar Kertoarjo Surabaya",Beef Burger,N/A,22.500,2025-07-04 21:49:44
"McDonald's, Manyar Kertoarjo Surabaya",Spicy Chicken Bites,N/A,13.000,2025-07-04 21:49:44
"McDonald's, Manyar Kertoarjo Surabaya",6 pcs Korean Soy Garlic Wings,N/A,49.500,2025-07-04 21:49:44
"McDonald's, Manyar Kertoarjo Surabaya",Jasuke,N/A,15.000,2025-07-04 21:49:44
"McDonald's, Manyar Kertoarjo Surabaya",McNuggets 6 pcs,N/A,40.500,2025-07-04 21:49:44
"McDonald's, Manyar Kertoarjo Surabaya",French Fries Large,N/A,27.500,2025-07-04 21:49:44
"McDonald's, Manyar Kertoarjo Surabaya",Sweet Corn,N/A,13.000,2025-07-04 21:49:44
"McDonald's, Manyar Kertoarjo Surabaya",Apple Pie,N/A,12.500,2025-07-04 21:49:44
"McDonald's, Manyar Kertoarjo Surabaya",McNuggets 4 pcs,N/A,27.500,2025-07-04 21:49:44
"McDonald's, Manyar Kertoarjo Surabaya",Chicken Snack Wrap,N/A,17.500,2025-07-04 21:49:44
"McDonald's, Manyar Kertoarjo Surabaya",McSpaghetti,N/A,15.000,2025-07-04 21:49:44
"McDonald's, Manyar Kertoarjo Surabaya",French Fries Medium,N/A,21.000,2025-07-04 21:49:44
"McDonald's, Manyar Kertoarjo Surabaya","Red Skin-on Fries, Medium",N/A,25.500,2025-07-04 21:49:44
"McDonald's, Manyar Kertoarjo Surabaya","Red Skin-on Fries, Large",N/A,30.500,2025-07-04 21:49:44
"McDonald's, Manyar Kertoarjo Surabaya",McNuggets 9 pcs,N/A,55.500,2025-07-04 21:49:44
"McDonald's, Manyar Kertoarjo Surabaya",McFlurry Choco,N/A,14.000,2025-07-04 21:49:44
"McDonald's, Manyar Kertoarjo Surabaya",1pc Hotcake Sundae Choco,N/A,24.000,2025-07-04 21:49:44
"McDonald's, Manyar Kertoarjo Surabaya",Strawberry Sundae,N/A,12.000,2025-07-04 21:49:44
"McDonald's, Manyar Kertoarjo Surabaya",Double Choco Pie A la Mode Chocolate,N/A,24.000,2025-07-04 21:49:44
"McDonald's, Manyar Kertoarjo Surabaya",Dinosaur McFlurry Dark Choco with OREO,N/A,18.000,2025-07-04 21:49:44
"McDonald's, Manyar Kertoarjo Surabaya",Double Choco Pie,N/A,17.500,2025-07-04 21:49:44
"McDonald's, Manyar Kertoarjo Surabaya",Double Choco Pie A la Mode Strawberry,N/A,24.000,2025-07-04 21:49:44
"McDonald's, Manyar Kertoarjo Surabaya",1pc Hotcake Sundae Strawberry,N/A,24.000,2025-07-04 21:49:44
"McDonald's, Manyar Kertoarjo Surabaya",2pcs Hotcakes Sundae Choco,N/A,31.500,2025-07-04 21:49:44
"McDonald's, Manyar Kertoarjo Surabaya",McFlurry Feat. OREO,N/A,14.000,2025-07-04 21:49:44
"McDonald's, Manyar Kertoarjo Surabaya",Choco Sundae,N/A,12.000,2025-07-04 21:49:44
"McDonald's, Manyar Kertoarjo Surabaya",2pcs Hotcakes Sundae Strawberry,N/A,31.500,2025-07-04 21:49:44
"McDonald's, Manyar Kertoarjo Surabaya",Dinosaur McFlurry with MILO Choco Balls,N/A,18.000,2025-07-04 21:49:44
"McDonald's, Manyar Kertoarjo Surabaya","Milo, Medium",N/A,20.000,2025-07-04 21:49:44
"McDonald's, Manyar Kertoarjo Surabaya",Iced Coffee Jelly Float,N/A,23.000,2025-07-04 21:49:44
"McDonald's, Manyar Kertoarjo Surabaya",Coke Float,N/A,12.000,2025-07-04 21:49:44
"McDonald's, Manyar Kertoarjo Surabaya",Hot Tea,N/A,12.000,2025-07-04 21:49:44
"McDonald's, Manyar Kertoarjo Surabaya","Sprite, Large",N/A,14.500,2025-07-04 21:49:44
"McDonald's, Manyar Kertoarjo Surabaya","Fanta, Large",N/A,14.500,2025-07-04 21:49:44
"McDonald's, Manyar Kertoarjo Surabaya",Iced Coffee Float,N/A,21.000,2025-07-04 21:49:44
"McDonald's, Manyar Kertoarjo Surabaya",McFloat Fanta,N/A,12.000,2025-07-04 21:49:44
"McDonald's, Manyar Kertoarjo Surabaya","Coca-Cola, Large",N/A,14.500,2025-07-04 21:49:44
"McDonald's, Manyar Kertoarjo Surabaya",Tehbotol Kotak,N/A,12.000,2025-07-04 21:49:44
"McDonald's, Manyar Kertoarjo Surabaya",Hot Coffee,N/A,12.000,2025-07-04 21:49:44
"McDonald's, Manyar Kertoarjo Surabaya","Fruit Tea Lemon, Large",N/A,14.500,2025-07-04 21:49:44
"McDonald's, Manyar Kertoarjo Surabaya",Iced Coffee Jelly,N/A,16.000,2025-07-04 21:49:44
"McDonald's, Manyar Kertoarjo Surabaya",Bottled Mineral Water,N/A,10.000,2025-07-04 21:49:44
"McDonald's, Manyar Kertoarjo Surabaya",Iced Lychee Tea,N/A,20.000,2025-07-04 21:49:44
"McDonald's, Manyar Kertoarjo Surabaya",Fruit Tea Blackcurrant,N/A,12.000,2025-07-04 21:49:44
"McDonald's, Manyar Kertoarjo Surabaya",Iced Coffee,N/A,13.500,2025-07-04 21:49:44
"McDonald's, Manyar Kertoarjo Surabaya",Tehbotol Tawar,N/A,12.000,2025-07-04 21:49:44
"McDonald's, Manyar Kertoarjo Surabaya",Latte Frappe Medium,N/A,39.000,2025-07-04 21:49:44
"McDonald's, Manyar Kertoarjo Surabaya",Iced Matcha Latte Medium,N/A,39.000,2025-07-04 21:49:44
"McDonald's, Manyar Kertoarjo Surabaya",Banana Muffin,N/A,26.000,2025-07-04 21:49:44
"McDonald's, Manyar Kertoarjo Surabaya",Hot Matcha Latte Medium,N/A,32.000,2025-07-04 21:49:44
"McDonald's, Manyar Kertoarjo Surabaya",Iced Chocolate Medium,N/A,36.000,2025-07-04 21:49:44
"McDonald's, Manyar Kertoarjo Surabaya",Iced Cafe Matcha Fusion Medium,N/A,40.000,2025-07-04 21:49:44
"McDonald's, Manyar Kertoarjo Surabaya",Hot Tea Tasseo Lemon Grass,N/A,23.500,2025-07-04 21:49:44
"McDonald's, Manyar Kertoarjo Surabaya",Iced Caramel Latte Medium,N/A,39.000,2025-07-04 21:49:44
"McDonald's, Manyar Kertoarjo Surabaya",Caramel Latte Frappe Medium,N/A,44.000,2025-07-04 21:49:44
"McDonald's, Manyar Kertoarjo Surabaya",Tuna Puff Pastry,N/A,34.000,2025-07-04 21:49:44
"McDonald's, Manyar Kertoarjo Surabaya",Mango Frappe Medium,N/A,35.000,2025-07-04 21:49:44
"McDonald's, Manyar Kertoarjo Surabaya",Matcha Frappe Medium,N/A,44.500,2025-07-04 21:49:44
"McDonald's, Manyar Kertoarjo Surabaya",Hot Taseo Java Jasmin Tea,N/A,23.500,2025-07-04 21:49:44
"McDonald's, Manyar Kertoarjo Surabaya",Hot Tasseo Pure Green Regular,N/A,23.500,2025-07-04 21:49:44
"McDonald's, Manyar Kertoarjo Surabaya","Hot Mocha, Medium",N/A,31.000,2025-07-04 21:49:44
"McDonald's, Manyar Kertoarjo Surabaya",Choco Chip Muffin,N/A,26.000,2025-07-04 21:49:44
"McDonald's, Manyar Kertoarjo Surabaya","Hot Café latte, Medium",N/A,29.000,2025-07-04 21:49:44
"McDonald's, Manyar Kertoarjo Surabaya","Iced Matcha Latte, small + Cheese Stick",N/A,43.000,2025-07-04 21:49:44
"McDonald's, Manyar Kertoarjo Surabaya",Iced Vanilla Latte Medium,N/A,39.000,2025-07-04 21:49:44
"McDonald's, Manyar Kertoarjo Surabaya",Butter Croissant,N/A,25.500,2025-07-04 21:49:44
"McDonald's, Manyar Kertoarjo Surabaya",Cheese Croissant,N/A,35.000,2025-07-04 21:49:44
"McDonald's, Manyar Kertoarjo Surabaya",Hot Hazelnut Latte Medium,N/A,32.000,2025-07-04 21:49:44
"McDonald's, Manyar Kertoarjo Surabaya","Hot Long Black, Medium",N/A,29.000,2025-07-04 21:49:44
"McDonald's, Manyar Kertoarjo Surabaya",Iced Cafe Latte Medium,N/A,34.000,2025-07-04 21:49:44
"McDonald's, Manyar Kertoarjo Surabaya",Iced Coffee Medium,N/A,31.000,2025-07-04 21:49:44
"McDonald's, Manyar Kertoarjo Surabaya",Choco Lover,N/A,36.000,2025-07-04 21:49:44
"McDonald's, Manyar Kertoarjo Surabaya",Cheese Stick,N/A,24.500,2025-07-04 21:49:44
"McDonald's, Manyar Kertoarjo Surabaya","Iced Café Matcha Fusion, small + Cheese Stick",N/A,43.000,2025-07-04 21:49:44
"McDonald's, Manyar Kertoarjo Surabaya","Iced Mocha, Medium",N/A,37.000,2025-07-04 21:49:44
"McDonald's, Manyar Kertoarjo Surabaya",Iced Hazelnut Latte Medium,N/A,39.000,2025-07-04 21:49:44
"McDonald's, Manyar Kertoarjo Surabaya","Hot Cappuccino, Medium",N/A,29.000,2025-07-04 21:49:44
"McDonald's, Manyar Kertoarjo Surabaya",Hot Chocolate Medium,N/A,31.000,2025-07-04 21:49:44
"McDonald's, Manyar Kertoarjo Surabaya","Hot Vanilla Latte, Medium",N/A,32.000,2025-07-04 21:49:44
"McDonald's, Manyar Kertoarjo Surabaya",Choco Frappe Medium,N/A,40.000,2025-07-04 21:49:44
"McDonald's, Manyar Kertoarjo Surabaya","Hot Caramel Latte, Medium",N/A,32.000,2025-07-04 21:49:44
"McDonald's, Manyar Kertoarjo Surabaya",Hot Flat White Medium,N/A,29.000,2025-07-04 21:49:44
"McDonald's, Manyar Kertoarjo Surabaya",Frappe Hazelnut Medium,N/A,44.000,2025-07-04 21:49:44
"McDonald's, Manyar Kertoarjo Surabaya",Mocha Frappe Medium,N/A,40.000,2025-07-04 21:49:44
"McDonald's, Manyar Kertoarjo Surabaya",Klepon Cake,N/A,36.000,2025-07-04 21:49:44
"McDonald's, Manyar Kertoarjo Surabaya",Iced Cappucino Medium,N/A,34.000,2025-07-04 21:49:44
"McDonald's, Manyar Kertoarjo Surabaya",Nasi Uduk McD,N/A,21.500,2025-07-04 21:49:44
"McDonald's, Manyar Kertoarjo Surabaya",Large Rice,N/A,13.000,2025-07-04 21:49:44
"McDonald's, Manyar Kertoarjo Surabaya",50th Hello Kitty Limited Edition Plush Bag Toy,N/A,37.500,2025-07-04 21:49:44
"McDonald's, Manyar Kertoarjo Surabaya",McHappy Socks - Dewasa,N/A,50.000,2025-07-04 21:49:44
"McDonald's, Manyar Kertoarjo Surabaya",McHappy Socks  - Anak-anak,N/A,50.000,2025-07-04 21:49:44
"Bekyu - Shao Kao & Malaxiangguo, Manyar Kertoarjo",(Bumbu Saja) Mala Xiang Guo Tumis Premium,N/A,23.375,2025-07-04 21:50:19
"Bekyu - Shao Kao & Malaxiangguo, Manyar Kertoarjo",Mie / Bihun Polos,N/A,9.625,2025-07-04 21:50:19
"Bekyu - Shao Kao & Malaxiangguo, Manyar Kertoarjo",(Bumbu Saja) Mala Xiang Guo Tumis Premium,"(Pesanlah isinya min 6 tusuk) lebih terasa malanya, asin dan lebih pedas",23.375,2025-07-04 21:50:19
"Bekyu - Shao Kao & Malaxiangguo, Manyar Kertoarjo",Kuah MalaTang,"Reguler max 8 tusuk, selebihnya ikut yang Jumbo (blm trmsk isinya)",30.250,2025-07-04 21:50:19
"Bekyu - Shao Kao & Malaxiangguo, Manyar Kertoarjo",Kuah Kaldu,"Reguler max 8 tusuk, selebihnya ikut yang Jumbo (blm trmsk isinya)",17.875,2025-07-04 21:50:19
"Bekyu - Shao Kao & Malaxiangguo, Manyar Kertoarjo",Mie / Bihun Polos,Harga per porsi,9.625,2025-07-04 21:50:19
"Bekyu - Shao Kao & Malaxiangguo, Manyar Kertoarjo",Kembang Tahu,Harga per lembar,6.875,2025-07-04 21:50:19
"Bekyu - Shao Kao & Malaxiangguo, Manyar Kertoarjo",Sawi Hijau,Harga per tusuk,7.560,2025-07-04 21:50:19
"Bekyu - Shao Kao & Malaxiangguo, Manyar Kertoarjo",Sawi Putih,Harga per tusuk,7.560,2025-07-04 21:50:19
"Bekyu - Shao Kao & Malaxiangguo, Manyar Kertoarjo",Kucai,Harga per tusuk,9.900,2025-07-04 21:50:19
"Bekyu - Shao Kao & Malaxiangguo, Manyar Kertoarjo",Sate Bawang Putih,Harga per tusuk,7.560,2025-07-04 21:50:19
"Bekyu - Shao Kao & Malaxiangguo, Manyar Kertoarjo",Enoki,Harga per tusuk,11.000,2025-07-04 21:50:19
"Bekyu - Shao Kao & Malaxiangguo, Manyar Kertoarjo",Beef Enoki,Harga per tusuk,21.312,2025-07-04 21:50:19
"Bekyu - Shao Kao & Malaxiangguo, Manyar Kertoarjo",Telur Gulung,Harga per tusuk,8.250,2025-07-04 21:50:19
"Bekyu - Shao Kao & Malaxiangguo, Manyar Kertoarjo",Jagung,Harga per biji,11.000,2025-07-04 21:50:19
"Bekyu - Shao Kao & Malaxiangguo, Manyar Kertoarjo",Sosis Sapi,harga per tusuk,12.375,2025-07-04 21:50:19
"Bekyu - Shao Kao & Malaxiangguo, Manyar Kertoarjo",Dumpling Cheese,Harga per tusuk,15.125,2025-07-04 21:50:19
"Bekyu - Shao Kao & Malaxiangguo, Manyar Kertoarjo",Sate Ayam,Harga per tusuk,9.625,2025-07-04 21:50:19
"Bekyu - Shao Kao & Malaxiangguo, Manyar Kertoarjo",Sate Kulit,Harga per tusuk,8.250,2025-07-04 21:50:19
"Bekyu - Shao Kao & Malaxiangguo, Manyar Kertoarjo",Yakitori,Harga per tusuk,13.750,2025-07-04 21:50:19
"Bekyu - Shao Kao & Malaxiangguo, Manyar Kertoarjo",Ham Ayam,Harga per tusuk,13.750,2025-07-04 21:50:19
"Bekyu - Shao Kao & Malaxiangguo, Manyar Kertoarjo",Sirloin Plate (tanpa lemak),Harga per porsi,17.875,2025-07-04 21:50:19
"Bekyu - Shao Kao & Malaxiangguo, Manyar Kertoarjo",Bacon Sapi,Harga per tusuk,15.125,2025-07-04 21:50:19
"Bekyu - Shao Kao & Malaxiangguo, Manyar Kertoarjo",Nasi Putih,N/A,9.625,2025-07-04 21:50:19
"Bekyu - Shao Kao & Malaxiangguo, Manyar Kertoarjo",Lotus,harga per 70g,15.125,2025-07-04 21:50:19
"Bekyu - Shao Kao & Malaxiangguo, Manyar Kertoarjo",Mien Cing,Harga per tusuk,8.937,2025-07-04 21:50:19
"Bekyu - Shao Kao & Malaxiangguo, Manyar Kertoarjo",Mantau Sate,(Bakar) Harga per tusuk,11.000,2025-07-04 21:50:19
"Bekyu - Shao Kao & Malaxiangguo, Manyar Kertoarjo",Brokoli,Harga per tusuk,11.000,2025-07-04 21:50:19
"Bekyu - Shao Kao & Malaxiangguo, Manyar Kertoarjo",Tomat,Harga per biji,8.250,2025-07-04 21:50:19
"Bekyu - Shao Kao & Malaxiangguo, Manyar Kertoarjo",Terong Sate,Harga per tusuk,7.865,2025-07-04 21:50:19
"Bekyu - Shao Kao & Malaxiangguo, Manyar Kertoarjo",Shimeji,Harga per tusuk,11.000,2025-07-04 21:50:19
"Bekyu - Shao Kao & Malaxiangguo, Manyar Kertoarjo",Chikuwa Enoki,Harga per tusuk,22.000,2025-07-04 21:50:19
"Bekyu - Shao Kao & Malaxiangguo, Manyar Kertoarjo",Baso Ikan,Harga per tusuk,12.375,2025-07-04 21:50:19
"Bekyu - Shao Kao & Malaxiangguo, Manyar Kertoarjo",Baso Salmon,Harga per tusuk,12.375,2025-07-04 21:50:19
"Bekyu - Shao Kao & Malaxiangguo, Manyar Kertoarjo",Tahu Seafood,Harga per tusuk,12.375,2025-07-04 21:50:19
"Bekyu - Shao Kao & Malaxiangguo, Manyar Kertoarjo",Chikuwa,Harga per tusuk,13.750,2025-07-04 21:50:19
"Bekyu - Shao Kao & Malaxiangguo, Manyar Kertoarjo",Crab Stick,Harga per tusuk,11.000,2025-07-04 21:50:19
"Bekyu - Shao Kao & Malaxiangguo, Manyar Kertoarjo",Scallop,Harga per tusuk,12.375,2025-07-04 21:50:19
"Bekyu - Shao Kao & Malaxiangguo, Manyar Kertoarjo",Gyoza,Harga per tusuk,16.500,2025-07-04 21:50:19
"Bekyu - Shao Kao & Malaxiangguo, Manyar Kertoarjo",Siomay Ayam (sate),Harga per tusuk,12.375,2025-07-04 21:50:19
"Bekyu - Shao Kao & Malaxiangguo, Manyar Kertoarjo",Crab Claw,Harga per tusuk,16.500,2025-07-04 21:50:19
"Bekyu - Shao Kao & Malaxiangguo, Manyar Kertoarjo",Dumpling Chicken,Harga per tusuk,15.125,2025-07-04 21:50:19
"Bekyu - Shao Kao & Malaxiangguo, Manyar Kertoarjo",Sate Nugget,Harga per tusuk,12.375,2025-07-04 21:50:19
"Bekyu - Shao Kao & Malaxiangguo, Manyar Kertoarjo",Sosis Ayam,Harga per tusuk,9.625,2025-07-04 21:50:19
"Bekyu - Shao Kao & Malaxiangguo, Manyar Kertoarjo",Sate Sapi,Harga per tusuk,12.375,2025-07-04 21:50:19
"Bekyu - Shao Kao & Malaxiangguo, Manyar Kertoarjo",Karubi (berlemak),Harga per porsi,16.500,2025-07-04 21:50:19
"Bekyu - Shao Kao & Malaxiangguo, Manyar Kertoarjo",Espresso,Hot,20.625,2025-07-04 21:50:19
"Bekyu - Shao Kao & Malaxiangguo, Manyar Kertoarjo",Americano,Hot/ice,26.125,2025-07-04 21:50:19
"Bekyu - Shao Kao & Malaxiangguo, Manyar Kertoarjo",Piccolo,Hot,26.125,2025-07-04 21:50:19
"Bekyu - Shao Kao & Malaxiangguo, Manyar Kertoarjo",Cappucino,Hot/ice,28.875,2025-07-04 21:50:19
"Bekyu - Shao Kao & Malaxiangguo, Manyar Kertoarjo",Coffee Latte,Hot/Ice,28.875,2025-07-04 21:50:19
"Bekyu - Shao Kao & Malaxiangguo, Manyar Kertoarjo",Mochaccino,Hot/Ice,30.250,2025-07-04 21:50:19
"Bekyu - Shao Kao & Malaxiangguo, Manyar Kertoarjo",Brown Sugar Coffee,Hot/Ice,24.750,2025-07-04 21:50:19
"Bekyu - Shao Kao & Malaxiangguo, Manyar Kertoarjo",Vanilla Coffee,Hot/Ice,30.250,2025-07-04 21:50:19
"Bekyu - Shao Kao & Malaxiangguo, Manyar Kertoarjo",Hazelnut Coffee,Hot/Ice,30.250,2025-07-04 21:50:19
"Bekyu - Shao Kao & Malaxiangguo, Manyar Kertoarjo",Salted Caramel Macchiato,Hot/Ice,30.250,2025-07-04 21:50:19
"Bekyu - Shao Kao & Malaxiangguo, Manyar Kertoarjo",Rum Creme Brulee Coffee,Hot/Ice,30.250,2025-07-04 21:50:19
"Bekyu - Shao Kao & Malaxiangguo, Manyar Kertoarjo",Red Velvet Coffee,Hot/Ice,30.250,2025-07-04 21:50:19
"Bekyu - Shao Kao & Malaxiangguo, Manyar Kertoarjo",Red Velvet Latte,Hot/Ice,30.250,2025-07-04 21:50:19
"Bekyu - Shao Kao & Malaxiangguo, Manyar Kertoarjo",Taro Latte,Hot/Ice,30.250,2025-07-04 21:50:19
"Bekyu - Shao Kao & Malaxiangguo, Manyar Kertoarjo",Chocolate,Hot/Ice,30.250,2025-07-04 21:50:19
"Bekyu - Shao Kao & Malaxiangguo, Manyar Kertoarjo",Black Tea,Hot/Ice,20.625,2025-07-04 21:50:19
"Bekyu - Shao Kao & Malaxiangguo, Manyar Kertoarjo",Vanilla Tea,Hot/Ice,24.750,2025-07-04 21:50:19
"Bekyu - Shao Kao & Malaxiangguo, Manyar Kertoarjo",Lychee Tea,Hot/Ice,24.750,2025-07-04 21:50:19
"Bekyu - Shao Kao & Malaxiangguo, Manyar Kertoarjo",Peach Tea,Hot/Ice,24.750,2025-07-04 21:50:19
"Bekyu - Shao Kao & Malaxiangguo, Manyar Kertoarjo",Lemon Tea,Hot/Ice,24.750,2025-07-04 21:50:19
"Bekyu - Shao Kao & Malaxiangguo, Manyar Kertoarjo",Honey Lemon,Hot/Ice,24.750,2025-07-04 21:50:19
"Bekyu - Shao Kao & Malaxiangguo, Manyar Kertoarjo",Honey Lemon Coffee,Hot/Ice,30.250,2025-07-04 21:50:19
"Bekyu - Shao Kao & Malaxiangguo, Manyar Kertoarjo",French Fries,N/A,20.625,2025-07-04 21:50:19
"Bekyu - Shao Kao & Malaxiangguo, Manyar Kertoarjo",Green Tea Coffee,Hot/Ice,30.250,2025-07-04 21:50:19
"Bekyu - Shao Kao & Malaxiangguo, Manyar Kertoarjo",Choco-Banana Coffee,Hot/Ice,33.000,2025-07-04 21:50:19
"Bekyu - Shao Kao & Malaxiangguo, Manyar Kertoarjo",Choco-Banana,Hot/Ice,30.250,2025-07-04 21:50:19
"Bekyu - Shao Kao & Malaxiangguo, Manyar Kertoarjo",Avocado Latte,Hot/Ice,30.250,2025-07-04 21:50:19
"Bekyu - Shao Kao & Malaxiangguo, Manyar Kertoarjo",Green Tea Latte,Hot/Ice,30.250,2025-07-04 21:50:19
"Bekyu - Shao Kao & Malaxiangguo, Manyar Kertoarjo",Ice Cream,Ice,27.500,2025-07-04 21:50:19
"Bekyu - Shao Kao & Malaxiangguo, Manyar Kertoarjo",Croissant Stick,Chesee/Sweet,20.625,2025-07-04 21:50:19
"Bekyu - Shao Kao & Malaxiangguo, Manyar Kertoarjo",Mix Platter,"Kentang,sosis,nugget,bincurd",61.875,2025-07-04 21:50:19
"Kebab Bosman, Gubeng",Kebab Jumbo Buy 1 Get 1,N/A,37.900,2025-07-04 21:50:45
"Kebab Bosman, Gubeng",Special Kebab Keju,Tak kan komplit harimu tanpa lumeran saus kejunya kebab bosman,21.480,2025-07-04 21:50:45
"Kebab Bosman, Gubeng",Spesial Burger Buy 1 Get 1,N/A,36.900,2025-07-04 21:50:45
"Kebab Bosman, Gubeng",Spesial Kebab Buy 1 Get 1,N/A,35.300,2025-07-04 21:50:45
"Kebab Bosman, Gubeng",Pelajar 2 (Kebab Jumbo Buy 1 Get 1 + Free Varian),N/A,40.040,2025-07-04 21:50:45
"Kebab Bosman, Gubeng",3 Kebab Jumbo,N/A,46.900,2025-07-04 21:50:45
"Kebab Bosman, Gubeng",Spesial Kebab Tanpa Sayur,N/A,16.000,2025-07-04 21:50:45
"Kebab Bosman, Gubeng",Pelajar 1 (Spesial Kebab Keju Buy 1 Get 1 + Free Varian),N/A,41.625,2025-07-04 21:50:45
"Kebab Bosman, Gubeng",Special Kebab,Menggoyang lidahmu tak terkira isiannya,20.900,2025-07-04 21:50:45
"Kebab Bosman, Gubeng","Buy One Get One Kebab Free 2 Cleo, Maryam",N/A,37.500,2025-07-04 21:50:45
"Kebab Bosman, Gubeng",Spesial Kebab Buy 1 Get 1,N/A,35.300,2025-07-04 21:50:45
"Kebab Bosman, Gubeng",3 Spesial Burger,N/A,48.300,2025-07-04 21:50:45
"Kebab Bosman, Gubeng",Special Kebab Keju,Tak kan komplit harimu tanpa lumeran saus kejunya kebab bosman,21.480,2025-07-04 21:50:45
"Kebab Bosman, Gubeng",Kebab Jumbo Tanpa Sayur,N/A,18.000,2025-07-04 21:50:45
"Kebab Bosman, Gubeng",Kebab Share It (6 Kebab Mini),3 kebab dipotong menjadi 6 pcs,41.600,2025-07-04 21:50:45
"Kebab Bosman, Gubeng",Kebab Jumbo Buy 1 Get 1,N/A,37.900,2025-07-04 21:50:45
"Kebab Bosman, Gubeng",Pelajar 2 (Kebab Jumbo Buy 1 Get 1 + Free Varian),N/A,40.040,2025-07-04 21:50:45
"Kebab Bosman, Gubeng",Promo Siomay,4 Pcs,7.980,2025-07-04 21:50:45
"Kebab Bosman, Gubeng","Buy One Get One Burger Free 2 Cleo, Piscok",N/A,37.500,2025-07-04 21:50:45
"Kebab Bosman, Gubeng",Special Burger Keju,"Daripada jadi cepu, mending makan special burger keju",21.480,2025-07-04 21:50:45
"Kebab Bosman, Gubeng",Pelajar 3 (Spesial Kebab Buy 1 Get 1 + Free Varian),N/A,41.250,2025-07-04 21:50:45
"Kebab Bosman, Gubeng",Spesial Burger Buy 1 Get 1,N/A,36.900,2025-07-04 21:50:45
"Kebab Bosman, Gubeng",Kebab Mini,N/A,10.450,2025-07-04 21:50:45
"Kebab Bosman, Gubeng","Spesial Kebab Free Kebab Medium, 2 Cleo, Maryam",N/A,29.300,2025-07-04 21:50:45
"Kebab Bosman, Gubeng",Pelajar 4 (Kebab Komplit Buy 1 Get 1 + Free Varian),N/A,43.540,2025-07-04 21:50:45
"Kebab Bosman, Gubeng",Special Kebab Komplit Extra Keju,Harimu super komplit dengan kebab komplit plus lumeran saos keju,23.500,2025-07-04 21:50:45
"Kebab Bosman, Gubeng",Kebab Original Jumbo Extra Keju,"Jika porsi jumbo dan citarasa keju menggugah seleramu, pilih ini!",26.100,2025-07-04 21:50:45
"Kebab Bosman, Gubeng",Kebab Chicken Karage,N/A,24.000,2025-07-04 21:50:45
"Kebab Bosman, Gubeng",Canai Coklat,N/A,16.000,2025-07-04 21:50:45
"Kebab Bosman, Gubeng",Kebab Medium + Canai Glaze + Free Cleo,N/A,18.000,2025-07-04 21:50:45
"Kebab Bosman, Gubeng",Spesial Burger + Canai Glaze + Free Cleo + Free Tahu Walik,N/A,29.100,2025-07-04 21:50:45
"Kebab Bosman, Gubeng","Burger, Kebab, Maryam Free 2 Cleo",N/A,29.300,2025-07-04 21:50:45
"Kebab Bosman, Gubeng",Black Kebab Jumbo Buy 1 Get 1,N/A,39.800,2025-07-04 21:50:45
"Kebab Bosman, Gubeng",Pelajar 5 (Canai Kebab + Burger Ori + Free Varian),N/A,40.450,2025-07-04 21:50:45
"Kebab Bosman, Gubeng",Canai Glaze,N/A,16.000,2025-07-04 21:50:45
"Kebab Bosman, Gubeng",Black Kebab Jumbo Extra Keju,"Gurihnya black kebab, porsian jumbo, disertai tambahan saos keju yang nampol",28.104,2025-07-04 21:50:45
"Kebab Bosman, Gubeng",Kebab Jumbo,N/A,22.000,2025-07-04 21:50:45
"Kebab Bosman, Gubeng",3 Kebab Jumbo,N/A,46.900,2025-07-04 21:50:45
"Kebab Bosman, Gubeng",3 Spesial Burger,N/A,48.300,2025-07-04 21:50:45
"Kebab Bosman, Gubeng",Kebab Jumbo,N/A,22.000,2025-07-04 21:50:45
"Kebab Bosman, Gubeng",Spesial Kebab Buy 1 Get 1,N/A,35.300,2025-07-04 21:50:45
"Kebab Bosman, Gubeng",Kebab Jumbo Buy 1 Get 1,N/A,37.900,2025-07-04 21:50:45
"Kebab Bosman, Gubeng",Spesial Burger Buy 1 Get 1,N/A,36.900,2025-07-04 21:50:45
"Kebab Bosman, Gubeng",Black Kebab Jumbo Buy 1 Get 1,N/A,39.800,2025-07-04 21:50:45
"Kebab Bosman, Gubeng",3 Kebab Jumbo,N/A,46.900,2025-07-04 21:50:45
"Kebab Bosman, Gubeng",3 Spesial Burger,N/A,48.300,2025-07-04 21:50:45
"Kebab Bosman, Gubeng",Promo Siomay,4 Pcs,7.980,2025-07-04 21:50:45
"Kebab Bosman, Gubeng",Promo Cireng Isi,4 Pcs,11.280,2025-07-04 21:50:45
"Kebab Bosman, Gubeng",Promo Pisang Cokelat,3 Pcs,10.500,2025-07-04 21:50:45
"Kebab Bosman, Gubeng",Promo Tahu Walik,4 Pcs,10.500,2025-07-04 21:50:45
"Kebab Bosman, Gubeng","Buy One Get One Kebab Free 2 Cleo, Maryam",N/A,37.500,2025-07-04 21:50:45
"Kebab Bosman, Gubeng","Buy One Get One Burger Free 2 Cleo, Piscok",N/A,37.500,2025-07-04 21:50:45
"Kebab Bosman, Gubeng","Spesial Kebab Free Kebab Medium, 2 Cleo, Maryam",N/A,29.300,2025-07-04 21:50:45
"Kebab Bosman, Gubeng",Kebab Medium + Canai Glaze + Free Cleo,N/A,18.000,2025-07-04 21:50:45
"Kebab Bosman, Gubeng","Burger, Kebab, Maryam Free 2 Cleo",N/A,29.300,2025-07-04 21:50:45
"Kebab Bosman, Gubeng",Spesial Burger + Canai Glaze + Free Cleo + Free Tahu Walik,N/A,29.100,2025-07-04 21:50:45
"Kebab Bosman, Gubeng",Kebab Share It (6 Kebab Mini),3 kebab dipotong menjadi 6 pcs,41.600,2025-07-04 21:50:45
"Kebab Bosman, Gubeng",Kebab Mini,N/A,10.450,2025-07-04 21:50:45
"Kebab Bosman, Gubeng",Kebab Chicken Karage,N/A,24.000,2025-07-04 21:50:45
"Kebab Bosman, Gubeng",Canai Coklat,N/A,16.000,2025-07-04 21:50:45
"Kebab Bosman, Gubeng",Pelajar 1 (Spesial Kebab Keju Buy 1 Get 1 + Free Varian),N/A,41.625,2025-07-04 21:50:45
"Kebab Bosman, Gubeng",Pelajar 2 (Kebab Jumbo Buy 1 Get 1 + Free Varian),N/A,40.040,2025-07-04 21:50:45
"Kebab Bosman, Gubeng",Pelajar 3 (Spesial Kebab Buy 1 Get 1 + Free Varian),N/A,41.250,2025-07-04 21:50:45
"Kebab Bosman, Gubeng",Pelajar 4 (Kebab Komplit Buy 1 Get 1 + Free Varian),N/A,43.540,2025-07-04 21:50:45
"Kebab Bosman, Gubeng",Pelajar 5 (Canai Kebab + Burger Ori + Free Varian),N/A,40.450,2025-07-04 21:50:45
"Kebab Bosman, Gubeng",Special Kebab,Menggoyang lidahmu tak terkira isiannya,20.900,2025-07-04 21:50:45
"Kebab Bosman, Gubeng",Special Kebab Keju,Tak kan komplit harimu tanpa lumeran saus kejunya kebab bosman,21.480,2025-07-04 21:50:45
"Kebab Bosman, Gubeng",Special Burger Keju,"Daripada jadi cepu, mending makan special burger keju",21.480,2025-07-04 21:50:45
"Kebab Bosman, Gubeng",Special Kebab Komplit Extra Keju,Harimu super komplit dengan kebab komplit plus lumeran saos keju,23.500,2025-07-04 21:50:45
"Kebab Bosman, Gubeng",Kebab Original Jumbo Extra Keju,"Jika porsi jumbo dan citarasa keju menggugah seleramu, pilih ini!",26.100,2025-07-04 21:50:45
"Kebab Bosman, Gubeng",Black Kebab Jumbo Extra Keju,"Gurihnya black kebab, porsian jumbo, disertai tambahan saos keju yang nampol",28.104,2025-07-04 21:50:45
"Kebab Bosman, Gubeng",Special Kebab Extra Keju,Tak kan komplit harimu tanpa lumeran saus kejunya kebab bosman,25.940,2025-07-04 21:50:45
"Kebab Bosman, Gubeng",Special Burger Extra Keju,"Daripada jadi cepu, mending makan special burger keju",25.940,2025-07-04 21:50:45
"Kebab Bosman, Gubeng",Special Kebab,"Spesial untukmu tapi bukan tambah telor, ini kebab premium spesial",26.000,2025-07-04 21:50:45
"Kebab Bosman, Gubeng",Special Kebab Komplit,Melengkapi harimu komplit kebab dengan kentang,26.288,2025-07-04 21:50:45
"Kebab Bosman, Gubeng",Original Burger,"Rasa asli original burger, officially bikin kblenger",21.880,2025-07-04 21:50:45
"Kebab Bosman, Gubeng",Chicken Burger,"Chicken burger, variasi lain selain beef, nikmati rasa ayam endeusnya",21.880,2025-07-04 21:50:45
"Kebab Bosman, Gubeng",Pisang Cokelat Lumer,"Lumer cokelatnya meledak saat dikunyah, bagai rindu menggebu untuk dirinya",18.400,2025-07-04 21:50:45
"Kebab Bosman, Gubeng",Canai Original,"Canai kebab bosman! aduhai canainya, cocok camilannya",16.080,2025-07-04 21:50:45
"Kebab Bosman, Gubeng",French Fries Mini,Ngakunya diet tapi tetap nyemil (sedikit-sedikit),15.500,2025-07-04 21:50:45
"Kebab Bosman, Gubeng",Tahu Walik,Isi 4 Pcs,15.500,2025-07-04 21:50:45
"Kebab Bosman, Gubeng",Rujak Cireng,1 Porsi Isi 10 Pcs,16.500,2025-07-04 21:50:45
"Kebab Bosman, Gubeng",Kebab Original Jumbo,Menggoyang lidahmu tak terkira isiannya,30.000,2025-07-04 21:50:45
"Kebab Bosman, Gubeng",Special Canai Kebab,"Canai kebab bosman! aduhai canainya, cocok camilannya",30.580,2025-07-04 21:50:45
"Kebab Bosman, Gubeng",Original Burger Jumbo,"Daripada kasih makan ego, mending makan original burger jumbo",30.000,2025-07-04 21:50:45
"Kebab Bosman, Gubeng",French Fries Jumbo,Gagal diet santap porsi jumbonya french fries kebab bosman,26.520,2025-07-04 21:50:45
"Kebab Bosman, Gubeng",Siomay,6 Pcs Siomay,17.500,2025-07-04 21:50:45
"Kebab Bosman, Gubeng",Cireng Isi,5 pcs,18.400,2025-07-04 21:50:45
"Kebab Bosman, Gubeng",Black Kebab Jumbo,"Rekomendasi bagimu ""makan 1 kurang, makan 2 kelebihan""",33.480,2025-07-04 21:50:45
"Kebab Bosman, Gubeng",Canai Glaze,N/A,16.000,2025-07-04 21:50:45
"Kebab Bosman, Gubeng",Spesial Kebab Tanpa Sayur,N/A,16.000,2025-07-04 21:50:45
"Kebab Bosman, Gubeng",Kebab Jumbo Tanpa Sayur,N/A,18.000,2025-07-04 21:50:45
"Kebab Bosman, Gubeng",Kripik Tortilla,N/A,15.000,2025-07-04 21:50:45
"Toby's, Kusuma Bangsa",Ayam Lima,Ayam Crispy 3 Dada/Paha Atas dan 2 Sayap/Paha Bawah,85.000,2025-07-04 21:51:18
"Toby's, Kusuma Bangsa",Mujur Hemat 1,Ayam Crispy Dada/Paha Atas + Nasi Putih,28.000,2025-07-04 21:51:18
"Toby's, Kusuma Bangsa",Ayam Duo,1 Ayam Dada/Paha atas dan 1 Ayam Sayap/Paha Bawah,35.000,2025-07-04 21:51:18
"Toby's, Kusuma Bangsa",Chicken Spaghetty,N/A,21.500,2025-07-04 21:51:18
"Toby's, Kusuma Bangsa",Ayam Dada,Ayam Crispy Dada Khas Toby's,21.000,2025-07-04 21:51:18
"Toby's, Kusuma Bangsa",Mujur Milo 1,Ayam Crispy Dada/Paha Atas + Nasi Putih + Ice Milo,38.500,2025-07-04 21:51:18
"Toby's, Kusuma Bangsa",Mujur Milo 2,Ayam crispy sayap/paha bawah + nasi putih + ice milo,34.000,2025-07-04 21:51:18
"Toby's, Kusuma Bangsa",Mujur Thai Tea 1,Ayam Crispy Dada/Paha Atas + Nasi Putih + Ice Thai Tea,38.500,2025-07-04 21:51:18
"Toby's, Kusuma Bangsa",Mujur Thai Tea 2,Ayam crispy sayap/paha bawah + nasi putih + ice thai tea,34.000,2025-07-04 21:51:18
"Toby's, Kusuma Bangsa",Mujur Jeruk 1,Ayam Crispy Dada/Paha Atas + Nasi Putih + Es Jeruk,35.000,2025-07-04 21:51:18
"Toby's, Kusuma Bangsa",Mujur Jeruk 2,Ayam crispy sayap/paha bawah + nasi putih + es jeruk,30.500,2025-07-04 21:51:18
"Toby's, Kusuma Bangsa",T-Bowl Sambel Geprek,Chicken fillet yang di geprek bersama dengan sambel geprek khas Tobys,21.000,2025-07-04 21:51:18
"Toby's, Kusuma Bangsa",Happy Box 1,Ayam crispy 2 dada/paha atas + 3 sayap/paha bawah + t-wingz 6 pcs + 3 nasi pputih + 1 t-snack ff + 2 saos lava + 1 saos cheese,148.000,2025-07-04 21:51:18
"Toby's, Kusuma Bangsa",Happy Box 2,Ayam crispy 2 dada/paha atas + 2 sayap/paha bawah + twingz 6 pcs + 3 nasi putih + 1 t-snack ff +  1 t-snack corn ribs +2 saos lava,139.500,2025-07-04 21:51:18
"Toby's, Kusuma Bangsa",Happy Box 4,Ayam crispy 3 dada/paha atas + 3 sayap/paha bawah + twingz 6 pcs + 4 nasi putih + 1 t-snack corn ribs +2 sambel geprek,163.000,2025-07-04 21:51:18
"Toby's, Kusuma Bangsa",Mujur Combo 1,N/A,42.500,2025-07-04 21:51:18
"Toby's, Kusuma Bangsa",Mujur Hemat 1,N/A,28.000,2025-07-04 21:51:18
"Toby's, Kusuma Bangsa",Happy Box 1,N/A,148.000,2025-07-04 21:51:18
"Toby's, Kusuma Bangsa",Happy Box 2,N/A,139.500,2025-07-04 21:51:18
"Toby's, Kusuma Bangsa",Happy Box 3,N/A,230.000,2025-07-04 21:51:18
"Toby's, Kusuma Bangsa",Ayam Dada,N/A,21.000,2025-07-04 21:51:18
"Toby's, Kusuma Bangsa",Happy Box 4,N/A,163.000,2025-07-04 21:51:18
"Toby's, Kusuma Bangsa",Toru Ice (Milk Tea Green Tea Ice),N/A,13.500,2025-07-04 21:51:18
"Toby's, Kusuma Bangsa",Ayam Duo,N/A,35.000,2025-07-04 21:51:18
"Toby's, Kusuma Bangsa",Ayam Lima,N/A,85.000,2025-07-04 21:51:18
"Toby's, Kusuma Bangsa",Mujur Milo 1,Ayam Crispy Dada/Paha Atas + Nasi Putih + Ice Milo,38.500,2025-07-04 21:51:18
"Toby's, Kusuma Bangsa",Mujur Milo 2,Ayam crispy sayap/paha bawah + nasi putih + ice milo,34.000,2025-07-04 21:51:18
"Toby's, Kusuma Bangsa",Mujur Thai Tea 1,Ayam Crispy Dada/Paha Atas + Nasi Putih + Ice Thai Tea,38.500,2025-07-04 21:51:18
"Toby's, Kusuma Bangsa",Mujur Thai Tea 2,Ayam crispy sayap/paha bawah + nasi putih + ice thai tea,34.000,2025-07-04 21:51:18
"Toby's, Kusuma Bangsa",Mujur Jeruk 1,Ayam Crispy Dada/Paha Atas + Nasi Putih + Es Jeruk,35.000,2025-07-04 21:51:18
"Toby's, Kusuma Bangsa",Mujur Jeruk 2,Ayam crispy sayap/paha bawah + nasi putih + es jeruk,30.500,2025-07-04 21:51:18
"Toby's, Kusuma Bangsa",T-Bowl Sambel Geprek,Chicken fillet yang di geprek bersama dengan sambel geprek khas Tobys,21.000,2025-07-04 21:51:18
"Toby's, Kusuma Bangsa",Happy Box 1,Ayam crispy 2 dada/paha atas + 3 sayap/paha bawah + t-wingz 6 pcs + 3 nasi pputih + 1 t-snack ff + 2 saos lava + 1 saos cheese,148.000,2025-07-04 21:51:18
"Toby's, Kusuma Bangsa",Happy Box 2,Ayam crispy 2 dada/paha atas + 2 sayap/paha bawah + twingz 6 pcs + 3 nasi putih + 1 t-snack ff +  1 t-snack corn ribs +2 saos lava,139.500,2025-07-04 21:51:18
"Toby's, Kusuma Bangsa",Happy Box 3,Ayam crispy 5 dada/paha atas + 5 sayap/paha bawah+ 3 saos hot lava+ 2 saos cheese,230.000,2025-07-04 21:51:18
"Toby's, Kusuma Bangsa",Happy Box 4,Ayam crispy 3 dada/paha atas + 3 sayap/paha bawah + twingz 6 pcs + 4 nasi putih + 1 t-snack corn ribs +2 sambel geprek,163.000,2025-07-04 21:51:18
"Toby's, Kusuma Bangsa",Mujur Combo 1,Ayam Crispy Dada/Paha Atas + Sayap/Paha Bawah + Nasi Putih +  Air Mineral Prim-A,42.500,2025-07-04 21:51:18
"Toby's, Kusuma Bangsa",Mujur Combo 2,Ayam crispy sayap + paha bawah + nasi putih + air mineral prim-a,38.500,2025-07-04 21:51:18
"Toby's, Kusuma Bangsa",Mujur Hemat Cheese 1,Ayam Crispy Dada/Paha Atas + Nasi Putih + Sauce Cheese,33.500,2025-07-04 21:51:18
"Toby's, Kusuma Bangsa",Mujur Hemat Cheese 2,Ayam Crispy Sayap/Paha Bawah + Nasi Putih + Sauce Cheese,29.500,2025-07-04 21:51:18
"Toby's, Kusuma Bangsa",Mujur 1,Ayam Crispy Dada/Paha Atas + Nasi Putih + Air mineral Prim-A,31.000,2025-07-04 21:51:18
"Toby's, Kusuma Bangsa",Mujur 2,Ayam Crispy Sayap/Paha Bawah + Nasi Putih +  Air mineral Prim-A,26.500,2025-07-04 21:51:18
"Toby's, Kusuma Bangsa",Chicken Spaghetty,N/A,21.500,2025-07-04 21:51:18
"Toby's, Kusuma Bangsa",Mujur Hemat 1,Ayam Crispy Dada/Paha Atas + Nasi Putih,28.000,2025-07-04 21:51:18
"Toby's, Kusuma Bangsa",Mujur Hemat 2,Ayam crispy sayap/Paha Bawah + nasi putih,24.000,2025-07-04 21:51:18
"Toby's, Kusuma Bangsa",Ayam Paha Atas,Ayam Crispy  Paha Atas Khas Toby's,21.000,2025-07-04 21:51:18
"Toby's, Kusuma Bangsa",Ayam Dada,Ayam Crispy Dada Khas Toby's,21.000,2025-07-04 21:51:18
"Toby's, Kusuma Bangsa",Ayam Paha Bawah,Ayam Crispy Paha Bawah Khas Toby's,17.500,2025-07-04 21:51:18
"Toby's, Kusuma Bangsa",Ayam Sayap,Ayam Crispy Sayap Khas Toby's,17.500,2025-07-04 21:51:18
"Toby's, Kusuma Bangsa",Ayam Duo,1 Ayam Dada/Paha atas dan 1 Ayam Sayap/Paha Bawah,35.000,2025-07-04 21:51:18
"Toby's, Kusuma Bangsa",Ayam Lima,Ayam Crispy 3 Dada/Paha Atas dan 2 Sayap/Paha Bawah,85.000,2025-07-04 21:51:18
"Toby's, Kusuma Bangsa",Twingz (6 pcs),Ayam Sayap Twingz 6 pcs,31.000,2025-07-04 21:51:18
"Toby's, Kusuma Bangsa",Chicken Soup,N/A,8.000,2025-07-04 21:51:18
"Toby's, Kusuma Bangsa",Ayam Geprek 1,Ayam Crispy Dada/Paha Atas + Nasi Putih Digeprek Dengan Sambel Geprek Khas Tobys,32.500,2025-07-04 21:51:18
"Toby's, Kusuma Bangsa",Ayam Geprek 2,Ayam Crispy Sayap/Paha Bawah + Nasi Putih Digeprek Dengan Sambel Geprek Khas Tobys,28.500,2025-07-04 21:51:18
"Toby's, Kusuma Bangsa",Hemat Lava Cheese 1,Ayam Crispy Dada/Paha Atas Dengan Sauce Pedas Hotlava + Nasi Putih + Sauce Cheese,38.000,2025-07-04 21:51:18
"Toby's, Kusuma Bangsa",Hemat Lava Cheese 2,Ayam Crispy Sayap Dengan Sauce Pedas Hot Lava + Nasi Putih + Sauce Cheese,34.000,2025-07-04 21:51:18
"Toby's, Kusuma Bangsa",Hemat Lava 1,Ayam Crispy Paha Atas Dengan Saos Pedas Hot Lava + Nasi Putih,32.500,2025-07-04 21:51:18
"Toby's, Kusuma Bangsa",Hemat Lava 2,Ayam Crispy Sayap Dengan Saos Pedas Hot Lava + Nasi Putih,28.500,2025-07-04 21:51:18
"Toby's, Kusuma Bangsa",Hot Twingz Cheese,Ayam Sayap Twing 6 pcs + Saos Hot Lava + Saos Cheese,41.000,2025-07-04 21:51:18
"Toby's, Kusuma Bangsa",Hot Twingz,Ayam Sayap Twing 6 pcs + Saos Hot Lava,35.500,2025-07-04 21:51:18
"Toby's, Kusuma Bangsa",Paket T-Bowl Twingz,Ayam sayap twing 4 pcs + nasi putih + air mineral prim-a,35.000,2025-07-04 21:51:18
"Toby's, Kusuma Bangsa",Paket T-Bowl Soy Garlic,Chicken pop topping saos soy garlic dengan rasa manis dan gurih  + nasi putih +mineral prim-a,32.500,2025-07-04 21:51:18
"Toby's, Kusuma Bangsa",Paket T-Bowl Blackpepper,Chicken pop topping saos blackpepper dengan rasa manis pedas pepper  + nasi putih + mineral prim-a,32.500,2025-07-04 21:51:18
"Toby's, Kusuma Bangsa",Paket T-Bowl Teriyaki,Chicken pop topping saos teriyaki dengan rasa gurih  + nasi putih +  air mineral prim-a,32.500,2025-07-04 21:51:18
"Toby's, Kusuma Bangsa",Paket T-Bowl Steak,Chicken pop topping saos steak dengan nasi putih + fruitea atau air mnineral prim-a,32.500,2025-07-04 21:51:18
"Toby's, Kusuma Bangsa",Paket T-Bowl Sambel Bawang,Chicken pop sambel bawang dengan rasa pedas  + nasi putih + mineral prim-a,32.500,2025-07-04 21:51:18
"Toby's, Kusuma Bangsa",T-Bowl Soy Garlic,Chicken pop topping saos soy garlic dengan rasa manis dan gurih  + nasi putih,28.500,2025-07-04 21:51:18
"Toby's, Kusuma Bangsa",T-Bowl Twingz,Ayam Sayap Twing 4 pcs + Nasi Putih,31.000,2025-07-04 21:51:18
"Toby's, Kusuma Bangsa",T-Bowl Blackpepper,Chicken pop topping saos blackpepper dengan rasa manis pedas pepper  + nasi putih,28.500,2025-07-04 21:51:18
"Toby's, Kusuma Bangsa",T-Bowl Teriyaki,Chicken pop topping saos teriyaki dengan rasa gurih  + nasi putih,28.500,2025-07-04 21:51:18
"Toby's, Kusuma Bangsa",T-Bowl Steak,Chicken pop topping saos steak dengan nasi putih,28.500,2025-07-04 21:51:18
"Toby's, Kusuma Bangsa",T-Bowl Sambel Bawang,Chicken pop sambel bawang dengan rasa pedas  + nasi putih,28.500,2025-07-04 21:51:18
"Toby's, Kusuma Bangsa",Toru Ice (Milk Tea Green Tea Ice),Minuman Dengan Rasa Milk Tea Green Tea Khas Tobys,13.500,2025-07-04 21:51:18
"Toby's, Kusuma Bangsa",Nyemil 1,Chicken Burger + French Fries + Es Jeruk,39.000,2025-07-04 21:51:18
"Toby's, Kusuma Bangsa",Nyemil 2,French Fries Mayo BBQ + Ice Milo,27.000,2025-07-04 21:51:18
"Toby's, Kusuma Bangsa",Chicken Burger,N/A,22.500,2025-07-04 21:51:18
"Toby's, Kusuma Bangsa",Chicken Pop,N/A,21.500,2025-07-04 21:51:18
"Toby's, Kusuma Bangsa",T-Snack French Fries,Spesial french fries toby's,20.000,2025-07-04 21:51:18
"Toby's, Kusuma Bangsa",T-Snack Corn Ribs,Spesial snack corn ribs toby's,20.000,2025-07-04 21:51:18
"Toby's, Kusuma Bangsa",Saos Cheese,Sauce Cocol Dengan Rasa Keju Khas Tobys,8.000,2025-07-04 21:51:18
"Toby's, Kusuma Bangsa",Saos Lava,Saos Pedas Khas Tobys,6.500,2025-07-04 21:51:18
"Toby's, Kusuma Bangsa",Sambel Geprek,N/A,6.500,2025-07-04 21:51:18
"Toby's, Kusuma Bangsa",Nasi Putih Besar,N/A,9.500,2025-07-04 21:51:18
"Toby's, Kusuma Bangsa",Cola Float,Minuman Berkarbonasi Dengan Flav Cola + Float,15.500,2025-07-04 21:51:18
"Toby's, Kusuma Bangsa",Fanta Float,Minuman Berkarbonasi Dengan Flav Cola + Float,15.500,2025-07-04 21:51:18
"Toby's, Kusuma Bangsa",Es Milo,N/A,13.500,2025-07-04 21:51:18
"Toby's, Kusuma Bangsa",Tomo Ice (Milk Tea Ice),Minuman dengan rasa milk tea khas tobys,13.500,2025-07-04 21:51:18
"Toby's, Kusuma Bangsa",Es Jeruk,N/A,10.500,2025-07-04 21:51:18
"Toby's, Kusuma Bangsa",Fanta,Minuman berkarbonasi dengan flav fanta,9.500,2025-07-04 21:51:18
"Toby's, Kusuma Bangsa",Coca Cola,Minuman berkarbonasi dengan flav cola,9.500,2025-07-04 21:51:18
"Toby's, Kusuma Bangsa",Air Mineral Prim-A 600 ML,N/A,8.000,2025-07-04 21:51:18
"Toby's, Kusuma Bangsa",Fruit Tea Pouch,N/A,8.000,2025-07-04 21:51:18
"Toby's, Kusuma Bangsa",S-Tee,N/A,8.000,2025-07-04 21:51:18
"Kober Mie, Kaca Piring",Kober Mie Manis,Mie pedas rasa manis gurih khas Kober,15.000,2025-07-04 21:51:53
"Kober Mie, Kaca Piring",Kober Mie Gurih,Mie original dengan rasa asin gurih pedas khas Kober,15.000,2025-07-04 21:51:53
"Kober Mie, Kaca Piring",Kober Mie Original,Mie original dengan rasa asin gurih tidak pedas,15.000,2025-07-04 21:51:53
"Kober Mie, Kaca Piring",Udang Keju,Udang cincang dengan isian keju di dalamnya,19.000,2025-07-04 21:51:53
"Kober Mie, Kaca Piring",Udang Rambutan,Udang cincang dengan taburan gurih kremes bikin nagih,16.000,2025-07-04 21:51:53
"Kober Mie, Kaca Piring",Air Mineral,Cleo 330 ml,7.000,2025-07-04 21:51:53
"Kober Mie, Kaca Piring",Udang Keju,Udang cincang dengan isian keju di dalamnya,19.000,2025-07-04 21:51:53
"Kober Mie, Kaca Piring",Kober Mie Manis,Mie pedas rasa manis gurih khas Kober,15.000,2025-07-04 21:51:53
"Kober Mie, Kaca Piring",Chicken Katsu,Dada ayam goreng dengan tepung renyah,17.000,2025-07-04 21:51:53
"Kober Mie, Kaca Piring",Kober Mie Original,Mie original dengan rasa asin gurih tidak pedas,15.000,2025-07-04 21:51:53
"Kober Mie, Kaca Piring",Ice Tea Shaker,N/A,10.000,2025-07-04 21:51:53
"Kober Mie, Kaca Piring",Spicy Chicken Wings,Chicken wings dengan rasa pedas manis gurih,20.000,2025-07-04 21:51:53
"Kober Mie, Kaca Piring",Udang Rambutan,Udang cincang dengan taburan gurih kremes bikin nagih,16.000,2025-07-04 21:51:53
"Kober Mie, Kaca Piring",Chicken Karage,Paha ayam goreng dengan tepung renyah,19.000,2025-07-04 21:51:53
"Kober Mie, Kaca Piring",Ice Lemon Tea,N/A,11.000,2025-07-04 21:51:53
"Kober Mie, Kaca Piring",Lumpia Ayam,Kulit lumpia yg gurih dipadu dengan isian ayam,15.500,2025-07-04 21:51:53
"Kober Mie, Kaca Piring",Kober Mie Gurih,Mie original dengan rasa asin gurih pedas khas Kober,15.000,2025-07-04 21:51:53
"Kober Mie, Kaca Piring",Lumpia Udang,Kulit lumpia yg gurih dipadu dengan isian udang,16.000,2025-07-04 21:51:53
"Kober Mie, Kaca Piring",Siomay,Siomay kukus isi ayam,15.500,2025-07-04 21:51:53
"Kober Mie, Kaca Piring",Sushi Crab,Isian crabstick dengan balutan nori,19.000,2025-07-04 21:51:53
"Kober Mie, Kaca Piring",Hakau,Kulitnya yang transparan dan bentuknya yang mungil dengan isian udang,17.000,2025-07-04 21:51:53
"Kober Mie, Kaca Piring",Kober Amazon,"Jelly bubble, jelly mie, nata de coco, cincau, susu carnation, sirup tjampolay, strawberry, kiwi, apel/ pear, blimbing, 16oz",16.000,2025-07-04 21:51:53
"Kober Mie, Kaca Piring",Kai Ca,Isian daging ayam dan sayuran dengan kulit kembang tahu,17.000,2025-07-04 21:51:53
"Kober Mie, Kaca Piring",Kober Tropico,"Jelly bubble, sirup lecy, sunquick lemon, strawberry, belimbing, jeruk nipis, 16oz",15.000,2025-07-04 21:51:53
"Kober Mie, Kaca Piring",Pao Pandan,"Bakpao hijau dari pewarna pandan alami dengan aroma wangi pandan, dan isian cream pandan",15.500,2025-07-04 21:51:53
"Kober Mie, Kaca Piring",Kober Sundarbans,"Sirup mocca, susu full cream, 14oz",11.000,2025-07-04 21:51:53
"Kober Mie, Kaca Piring",Ceker,Ceker bumbu khas Kober,15.500,2025-07-04 21:51:53
"Kober Mie, Kaca Piring",Kober Amazon Jr.,"Jelly bubble, nata de coco, cincau, susu carnation, sirup tjampolay, strawberry, kiwi, blimbing, 14oz",12.000,2025-07-04 21:51:53
"Kober Mie, Kaca Piring",Kober Kakamega,"Sirup tjampolay, jeruk nipis",11.000,2025-07-04 21:51:53
"Kober Mie, Kaca Piring",Siomay Nori,Siomay kukus isi ayam dengan kulit nori dari Jepang,17.000,2025-07-04 21:51:53
"Kober Mie, Kaca Piring",Lemon Splash,N/A,11.000,2025-07-04 21:51:53
"Kober Mie, Kaca Piring",Lychee Splash,N/A,11.000,2025-07-04 21:51:53
"Kober Mie, Kaca Piring",Orange Splash,N/A,12.000,2025-07-04 21:51:53
"Kober Mie, Kaca Piring",Ice Green Tea Frappe,N/A,15.000,2025-07-04 21:51:53
"Kober Mie, Kaca Piring",Ice Taro Frappe,N/A,15.000,2025-07-04 21:51:53
"Kober Mie, Kaca Piring",Ice Red Velvet Frappe,N/A,15.000,2025-07-04 21:51:53
"Kober Mie, Kaca Piring",Ice Chocolate,N/A,15.000,2025-07-04 21:51:53
"Kober Mie, Kaca Piring",Kober Nasi Goreng,"Nasi goreng istimewa khas Kober, bisa pilih level pedas lebih mantap",19.000,2025-07-04 21:51:53
"Kober Mie, Kaca Piring",Hot Lemon Tea,N/A,8.500,2025-07-04 21:51:53
"Kober Mie, Kaca Piring",Hot Orange,N/A,10.000,2025-07-04 21:51:53
"Kober Mie, Kaca Piring",Giant Roll,"Isian timun, alpukat, crabstick, ayam dengan topping tobikko",15.500,2025-07-04 21:51:53
"Kober Mie, Kaca Piring",Hot Tea,N/A,7.000,2025-07-04 21:51:53
"Kober Mie, Kaca Piring",Caffe Latte Hazelnut,N/A,15.000,2025-07-04 21:51:53
"Kober Mie, Kaca Piring",Green Tea Latte,N/A,15.000,2025-07-04 21:51:53
"Kober Mie, Kaca Piring",Hot Red Velvet,N/A,15.000,2025-07-04 21:51:53
"Kober Mie, Kaca Piring",Hot Machiato,N/A,15.000,2025-07-04 21:51:53
"Kober Mie, Kaca Piring",Chicken Sesame Roll,"Isian timun, alpukat, crabstick dengan topping wijen",15.500,2025-07-04 21:51:53
"Kober Mie, Kaca Piring",Shojin Ryori Maki,"Isian alpukat dengan topping alpukat, crabstick, timun, mayonaisse",15.500,2025-07-04 21:51:53
"Kober Mie, Kaca Piring",Hot Chocolate,N/A,15.000,2025-07-04 21:51:53
"Kober Mie, Kaca Piring",Teriyaki Roll,"Isian ayam teriyaki, alpukat, timun, dengan topping ayam teriyaki, keju",15.500,2025-07-04 21:51:53
"Kober Mie, Kaca Piring",Hot Espresso,N/A,15.000,2025-07-04 21:51:53
"Kober Mie, Kaca Piring",Kober Redwoods,"Strawberry, blimbing, jeruk nipis, tea, simple sirup",13.000,2025-07-04 21:51:53
"Kober Mie, Kaca Piring",Hot Cappucinno,N/A,15.000,2025-07-04 21:51:53
"Kober Mie, Kaca Piring",Ebi Tempura Roll,"Isian ayam, timun, dengan topping mayonaise, saus, wijen",15.500,2025-07-04 21:51:53
"Kober Mie, Kaca Piring",Hot Moccacinno,N/A,15.000,2025-07-04 21:51:53
"Kober Mie, Kaca Piring",Hot Milo,N/A,11.000,2025-07-04 21:51:53
"Kober Mie, Kaca Piring",Crabby Roll,"Isian crabstick, timun, ayam, dengan topping sambal, wijen",15.500,2025-07-04 21:51:53
"Kober Mie, Kaca Piring",Hot Americano,N/A,15.000,2025-07-04 21:51:53
"Kober Mie, Kaca Piring",Hot Tea Tarik,N/A,11.000,2025-07-04 21:51:53
"Kober Mie, Kaca Piring",Tempura Prawn,"Udang isi 3 dengan topping alpukat, crabstick, timun, mayonaise",15.500,2025-07-04 21:51:53
"Kober Mie, Kaca Piring",Hot Caffe Latte Vanilla,N/A,15.000,2025-07-04 21:51:53
"Kober Mie, Kaca Piring",Chicken Cheese Roll,"Isian ayam teriyaki, alpukat, timun, dengan topping keju",15.500,2025-07-04 21:51:53
"Kober Mie, Kaca Piring",Hot Caffe Latte,N/A,15.000,2025-07-04 21:51:53
"Kober Mie, Kaca Piring",Hot Compana,N/A,15.000,2025-07-04 21:51:53
"Kober Mie, Kaca Piring",Hot Caramel,N/A,15.000,2025-07-04 21:51:53
"Kober Mie, Kaca Piring",Hot Taro,N/A,15.000,2025-07-04 21:51:53
"Kober Mie, Kaca Piring",Ice Avocado Frappe,N/A,15.000,2025-07-04 21:51:53
"Kober Mie, Kaca Piring",Ice Hazelnut Frappe,N/A,15.000,2025-07-04 21:51:53
"Kober Mie, Kaca Piring",Ice Mocca Frappe,N/A,15.000,2025-07-04 21:51:53
"Kober Mie, Kaca Piring",Ice Original Frappe,N/A,15.000,2025-07-04 21:51:53
"Kober Mie, Kaca Piring",Ice Caramel Frappe,N/A,15.000,2025-07-04 21:51:53
"Kober Mie, Kaca Piring",Ice Cookies and Cream,N/A,16.000,2025-07-04 21:51:53
"Kober Mie, Kaca Piring",Ice Vanilla Frappe,N/A,15.000,2025-07-04 21:51:53
"Kober Mie, Kaca Piring",Ice Kopi Susu,N/A,15.000,2025-07-04 21:51:53
"Kober Mie, Kaca Piring",Paket Combo 1,"Mie Gurih 1, Crunchy Wonton, Ice Tea Shaker",31.600,2025-07-04 21:51:53
"Kober Mie, Kaca Piring",Paket Combo 2,"Mie Manis Cabe 1, Crunchy Dumpling, Ice Tea Shaker",32.100,2025-07-04 21:51:53
"Kober Mie, Kaca Piring",Paket Combo 3,"2x Mie Gurih Cabe 1, 2x Crunchy Wonton, 2x Ice Tea Shaker",65.600,2025-07-04 21:51:53
"Kober Mie, Kaca Piring",Paket Combo 4,"2x mie manis cabe 1, 2x crunchy dumpling, 2x ice tea shaker",66.600,2025-07-04 21:51:53
"Kober Mie, Kaca Piring",Kober Mie Manis,Mie pedas rasa manis gurih khas Kober,15.000,2025-07-04 21:51:53
"Kober Mie, Kaca Piring",Kober Mie Original,Mie original dengan rasa asin gurih tidak pedas,15.000,2025-07-04 21:51:53
"Kober Mie, Kaca Piring",Kober Mie Gurih,Mie original dengan rasa asin gurih pedas khas Kober,15.000,2025-07-04 21:51:53
"Kober Mie, Kaca Piring",Udang Keju,Udang cincang dengan isian keju di dalamnya,19.000,2025-07-04 21:51:53
"Kober Mie, Kaca Piring",Udang Rambutan,Udang cincang dengan taburan gurih kremes bikin nagih,16.000,2025-07-04 21:51:53
"Kober Mie, Kaca Piring",Lumpia Ayam,Kulit lumpia yg gurih dipadu dengan isian ayam,15.500,2025-07-04 21:51:53
"Kober Mie, Kaca Piring",Lumpia Udang,Kulit lumpia yg gurih dipadu dengan isian udang,16.000,2025-07-04 21:51:53
"Kober Mie, Kaca Piring",Siomay,Siomay kukus isi ayam,15.500,2025-07-04 21:51:53
"Kober Mie, Kaca Piring",Sushi Crab,Isian crabstick dengan balutan nori,19.000,2025-07-04 21:51:53
"Kober Mie, Kaca Piring",Hakau,Kulitnya yang transparan dan bentuknya yang mungil dengan isian udang,17.000,2025-07-04 21:51:53
"Kober Mie, Kaca Piring",Kai Ca,Isian daging ayam dan sayuran dengan kulit kembang tahu,17.000,2025-07-04 21:51:53
"Kober Mie, Kaca Piring",Pao Pandan,"Bakpao hijau dari pewarna pandan alami dengan aroma wangi pandan, dan isian cream pandan",15.500,2025-07-04 21:51:53
"Kober Mie, Kaca Piring",Ceker,Ceker bumbu khas Kober,15.500,2025-07-04 21:51:53
"Kober Mie, Kaca Piring",Siomay Nori,Siomay kukus isi ayam dengan kulit nori dari Jepang,17.000,2025-07-04 21:51:53
"Kober Mie, Kaca Piring",Air Mineral,Cleo 330 ml,7.000,2025-07-04 21:51:53
"Kober Mie, Kaca Piring",Ice Tea Shaker,N/A,10.000,2025-07-04 21:51:53
"Kober Mie, Kaca Piring",Ice Lemon Tea,N/A,11.000,2025-07-04 21:51:53
"Kober Mie, Kaca Piring",Kober Amazon,"Jelly bubble, jelly mie, nata de coco, cincau, susu carnation, sirup tjampolay, strawberry, kiwi, apel/ pear, blimbing, 16oz",16.000,2025-07-04 21:51:53
"Kober Mie, Kaca Piring",Kober Tropico,"Jelly bubble, sirup lecy, sunquick lemon, strawberry, belimbing, jeruk nipis, 16oz",15.000,2025-07-04 21:51:53
"Kober Mie, Kaca Piring",Kober Sundarbans,"Sirup mocca, susu full cream, 14oz",11.000,2025-07-04 21:51:53
"Kober Mie, Kaca Piring",Kober Amazon Jr.,"Jelly bubble, nata de coco, cincau, susu carnation, sirup tjampolay, strawberry, kiwi, blimbing, 14oz",12.000,2025-07-04 21:51:53
"Kober Mie, Kaca Piring",Kober Kakamega,"Sirup tjampolay, jeruk nipis",11.000,2025-07-04 21:51:53
"Kober Mie, Kaca Piring",Lemon Splash,N/A,11.000,2025-07-04 21:51:53
"Kober Mie, Kaca Piring",Lychee Splash,N/A,11.000,2025-07-04 21:51:53
"Kober Mie, Kaca Piring",Orange Splash,N/A,12.000,2025-07-04 21:51:53
"Kober Mie, Kaca Piring",Baby Shake Teh Tarik,N/A,12.500,2025-07-04 21:51:53
"Kober Mie, Kaca Piring",Baby Shake Milo,N/A,12.500,2025-07-04 21:51:53
"Kober Mie, Kaca Piring",Kober Redwoods,"Strawberry, blimbing, jeruk nipis, tea, simple sirup",13.000,2025-07-04 21:51:53
"Kober Mie, Kaca Piring",Hot Milo,N/A,11.000,2025-07-04 21:51:53
"Kober Mie, Kaca Piring",Hot Tea Tarik,N/A,11.000,2025-07-04 21:51:53
"Kober Mie, Kaca Piring",Kober Nasi Goreng,"Nasi goreng istimewa khas Kober, bisa pilih level pedas lebih mantap",19.000,2025-07-04 21:51:53
"Kober Mie, Kaca Piring",Nasi Katsu Salad,N/A,28.000,2025-07-04 21:51:53
"Kober Mie, Kaca Piring",Nasi Sambal Chicken Wings,N/A,30.000,2025-07-04 21:51:53
"Kober Mie, Kaca Piring",Nasi Sambal Katsu,N/A,25.000,2025-07-04 21:51:53
"Kober Mie, Kaca Piring",Chicken Katsu,Dada ayam goreng dengan tepung renyah,17.000,2025-07-04 21:51:53
"Kober Mie, Kaca Piring",Spicy Chicken Wings,Chicken wings dengan rasa pedas manis gurih,20.000,2025-07-04 21:51:53
"Kober Mie, Kaca Piring",Chicken Karage,Paha ayam goreng dengan tepung renyah,19.000,2025-07-04 21:51:53
"Kober Mie, Kaca Piring",Giant Roll,"Isian timun, alpukat, crabstick, ayam dengan topping tobikko",15.500,2025-07-04 21:51:53
"Kober Mie, Kaca Piring",Chicken Sesame Roll,"Isian timun, alpukat, crabstick dengan topping wijen",15.500,2025-07-04 21:51:53
"Kober Mie, Kaca Piring",Shojin Ryori Maki,"Isian alpukat dengan topping alpukat, crabstick, timun, mayonaisse",15.500,2025-07-04 21:51:53
"Kober Mie, Kaca Piring",Teriyaki Roll,"Isian ayam teriyaki, alpukat, timun, dengan topping ayam teriyaki, keju",15.500,2025-07-04 21:51:53
"Kober Mie, Kaca Piring",Ebi Tempura Roll,"Isian ayam, timun, dengan topping mayonaise, saus, wijen",15.500,2025-07-04 21:51:53
"Kober Mie, Kaca Piring",Crabby Roll,"Isian crabstick, timun, ayam, dengan topping sambal, wijen",15.500,2025-07-04 21:51:53
"Kober Mie, Kaca Piring",Tempura Prawn,"Udang isi 3 dengan topping alpukat, crabstick, timun, mayonaise",15.500,2025-07-04 21:51:53
"Kober Mie, Kaca Piring",Chicken Cheese Roll,"Isian ayam teriyaki, alpukat, timun, dengan topping keju",15.500,2025-07-04 21:51:53
"Kober Mie, Kaca Piring",Ice Green Tea Frappe,N/A,15.000,2025-07-04 21:51:53
"Kober Mie, Kaca Piring",Ice Taro Frappe,N/A,15.000,2025-07-04 21:51:53
"Kober Mie, Kaca Piring",Ice Red Velvet Frappe,N/A,15.000,2025-07-04 21:51:53
"Kober Mie, Kaca Piring",Ice Chocolate,N/A,15.000,2025-07-04 21:51:53
"Kober Mie, Kaca Piring",Hot Lime,N/A,9.000,2025-07-04 21:51:53
"Kober Mie, Kaca Piring",Hot Lemon Tea,N/A,8.500,2025-07-04 21:51:53
"Kober Mie, Kaca Piring",Hot Orange,N/A,10.000,2025-07-04 21:51:53
"Kober Mie, Kaca Piring",Hot Tea,N/A,7.000,2025-07-04 21:51:53
"Kober Mie, Kaca Piring",Caffe Latte Hazelnut,N/A,15.000,2025-07-04 21:51:53
"Kober Mie, Kaca Piring",Green Tea Latte,N/A,15.000,2025-07-04 21:51:53
"Kober Mie, Kaca Piring",Hot Red Velvet,N/A,15.000,2025-07-04 21:51:53
"Kober Mie, Kaca Piring",Hot Machiato,N/A,15.000,2025-07-04 21:51:53
"Kober Mie, Kaca Piring",Hot Chocolate,N/A,15.000,2025-07-04 21:51:53
"Kober Mie, Kaca Piring",Hot Espresso,N/A,15.000,2025-07-04 21:51:53
"Kober Mie, Kaca Piring",Hot Cappucinno,N/A,15.000,2025-07-04 21:51:53
"Kober Mie, Kaca Piring",Hot Moccacinno,N/A,15.000,2025-07-04 21:51:53
"Kober Mie, Kaca Piring",Hot Americano,N/A,15.000,2025-07-04 21:51:53
"Kober Mie, Kaca Piring",Hot Caffe Latte Vanilla,N/A,15.000,2025-07-04 21:51:53
"Kober Mie, Kaca Piring",Hot Caffe Latte,N/A,15.000,2025-07-04 21:51:53
"Kober Mie, Kaca Piring",Hot Compana,N/A,15.000,2025-07-04 21:51:53
"Kober Mie, Kaca Piring",Hot Caramel,N/A,15.000,2025-07-04 21:51:53
"Kober Mie, Kaca Piring",Hot Taro,N/A,15.000,2025-07-04 21:51:53
"Kober Mie, Kaca Piring",Ice Avocado Frappe,N/A,15.000,2025-07-04 21:51:53
"Kober Mie, Kaca Piring",Ice Hazelnut Frappe,N/A,15.000,2025-07-04 21:51:53
"Kober Mie, Kaca Piring",Ice Mocca Frappe,N/A,15.000,2025-07-04 21:51:53
"Kober Mie, Kaca Piring",Ice Original Frappe,N/A,15.000,2025-07-04 21:51:53
"Kober Mie, Kaca Piring",Ice Caramel Frappe,N/A,15.000,2025-07-04 21:51:53
"Kober Mie, Kaca Piring",Ice Cookies and Cream,N/A,16.000,2025-07-04 21:51:53
"Kober Mie, Kaca Piring",Ice Vanilla Frappe,N/A,15.000,2025-07-04 21:51:53
"Kober Mie, Kaca Piring",Ice Kopi Susu,N/A,15.000,2025-07-04 21:51:53
"Martabak Gading Pecenongan, Jl. Kertajaya",Makan Mewah - Martabak Gading Pecenongan,Paket makan mewah khusus untuk martabak gading pecenongan : martabak manis campur spesial & martabak telor sapi telor 3,190.000,2025-07-04 21:52:26
"Martabak Gading Pecenongan, Jl. Kertajaya",Martabak Manis Campur Istimewa,N/A,105.000,2025-07-04 21:52:26
"Martabak Gading Pecenongan, Jl. Kertajaya",Martabak Manis Campur Spesial,N/A,90.000,2025-07-04 21:52:26
"Martabak Gading Pecenongan, Jl. Kertajaya",Martabak Manis Durian (Campur) Spesial,N/A,115.000,2025-07-04 21:52:26
"Martabak Gading Pecenongan, Jl. Kertajaya",Martabak Manis Campur Istimewa,"Kacang, Coklat, Keju, Wijen",105.000,2025-07-04 21:52:26
"Martabak Gading Pecenongan, Jl. Kertajaya",Martabak Manis Ovomaltine Istimewa,N/A,155.000,2025-07-04 21:52:26
"Martabak Gading Pecenongan, Jl. Kertajaya",Martabak Manis Istimewa 8 Rasa,N/A,180.000,2025-07-04 21:52:26
"Martabak Gading Pecenongan, Jl. Kertajaya",Martabak Manis Nutella Istimewa,N/A,125.000,2025-07-04 21:52:26
"Martabak Gading Pecenongan, Jl. Kertajaya",Martabak Manis Nutella + Toblerone Istimewa,N/A,160.000,2025-07-04 21:52:26
"Martabak Gading Pecenongan, Jl. Kertajaya",Martabak Manis Toblerone Istimewa,N/A,130.000,2025-07-04 21:52:26
"Martabak Gading Pecenongan, Jl. Kertajaya",Martabak Manis Kit Kat Istimewa,Green Tea,135.000,2025-07-04 21:52:26
"Martabak Gading Pecenongan, Jl. Kertajaya",Martabak Manis Skippy Chunky,N/A,115.000,2025-07-04 21:52:26
"Martabak Gading Pecenongan, Jl. Kertajaya",Martabak Manis Cream Cheese Oreo Istimewa,N/A,140.000,2025-07-04 21:52:26
"Martabak Gading Pecenongan, Jl. Kertajaya",Martabak Manis Durian (Campur) Istimewa,N/A,130.000,2025-07-04 21:52:26
"Martabak Gading Pecenongan, Jl. Kertajaya",Martabak Manis Campur Spesial,"Kacang, Coklat, Keju, Wijen",90.000,2025-07-04 21:52:26
"Martabak Gading Pecenongan, Jl. Kertajaya",Martabak Manis Ovomaltine Spesial,N/A,140.000,2025-07-04 21:52:26
"Martabak Gading Pecenongan, Jl. Kertajaya",Martabak Manis Nutella Spesial,N/A,110.000,2025-07-04 21:52:26
"Martabak Gading Pecenongan, Jl. Kertajaya",Martabak Manis Nutella + Toblerone Spesial,N/A,145.000,2025-07-04 21:52:26
"Martabak Gading Pecenongan, Jl. Kertajaya",Martabak Manis Toblerone Spesial,N/A,115.000,2025-07-04 21:52:26
"Martabak Gading Pecenongan, Jl. Kertajaya",Martabak Manis Kit Kat Spesial,Green Tea,120.000,2025-07-04 21:52:26
"Martabak Gading Pecenongan, Jl. Kertajaya",Martabak Manis Skippy Chuky,N/A,100.000,2025-07-04 21:52:26
"Martabak Gading Pecenongan, Jl. Kertajaya",Martabak Manis Durian (Campur) Spesial,N/A,115.000,2025-07-04 21:52:26
"Martabak Gading Pecenongan, Jl. Kertajaya",Martabak Manis Tiker Campur,"Kacang, coklat, keju, wijen",80.000,2025-07-04 21:52:26
"Martabak Gading Pecenongan, Jl. Kertajaya",Martabak Manis Tiker Ovomaltine,N/A,115.000,2025-07-04 21:52:26
"Martabak Gading Pecenongan, Jl. Kertajaya",Martabak Manis Tiker Nutella,N/A,110.000,2025-07-04 21:52:26
"Martabak Gading Pecenongan, Jl. Kertajaya",Martabak Manis Tiker Toblerone,N/A,115.000,2025-07-04 21:52:26
"Martabak Gading Pecenongan, Jl. Kertajaya",Martabak Manis Tiker Kit Kat,Green Tea,115.000,2025-07-04 21:52:26
"Martabak Gading Pecenongan, Jl. Kertajaya",Martabak Manis Tiker Skippy Chunky,N/A,110.000,2025-07-04 21:52:26
"Martabak Gading Pecenongan, Jl. Kertajaya",Martabak Telor Sapi/ Ayam Telor 3,N/A,100.000,2025-07-04 21:52:26
"Martabak Gading Pecenongan, Jl. Kertajaya",Martabak Telor Sapi/ Ayam Telor 4,N/A,110.000,2025-07-04 21:52:26
"Martabak Gading Pecenongan, Jl. Kertajaya",Martabak Telor Samyang Telor 3,N/A,120.000,2025-07-04 21:52:26
"Martabak Gading Pecenongan, Jl. Kertajaya",Martabak Telor Samyang Telor 4,N/A,125.000,2025-07-04 21:52:26
"Martabak Gading Pecenongan, Jl. Kertajaya",Martabak Usus Ayam  Bihun 3 Telor,N/A,82.500,2025-07-04 21:52:26
"Martabak Gading Pecenongan, Jl. Kertajaya",Martabak Usus Ayam Bihun Telor 4,N/A,93.500,2025-07-04 21:52:26
"Martabak Gading Pecenongan, Jl. Kertajaya",Makan Mewah - Martabak Gading Pecenongan,Paket makan mewah khusus untuk martabak gading pecenongan : martabak manis campur spesial & martabak telor sapi telor 3,190.000,2025-07-04 21:52:26
"Ayam Bakar Primarasa, Kusuma Bangsa",Nasi Ayam Special Komplit (Bakar / Goreng),"Nasi, 1 pot ayam bakar/goreng, terong balado, tahu tempe bacem, bihun, lalapan, sambal",54.286,2025-07-04 21:52:56
"Ayam Bakar Primarasa, Kusuma Bangsa",Ikan Gurami (Hidup) Bakar / Goreng 1 ekor,"Free sambal, size large, dimasak dari ikan hidup (grilled / fried live gourami fish)",122.858,2025-07-04 21:52:56
"Ayam Bakar Primarasa, Kusuma Bangsa",Dua Kotak Nasi Gurami Setengah Ekor (Bakar / Goreng),"+ cah kangkung + fresh sambal. 2 boxes of grilled / fried gourami rice meals w/ sauteed kangkong veggie,",151.430,2025-07-04 21:52:56
"Ayam Bakar Primarasa, Kusuma Bangsa",Nasi Ayam + Lalapan (Bakar / Goreng),"Nasi ayam kampung 1 potong + lalapan, sambal, kecap",42.857,2025-07-04 21:52:56
"Ayam Bakar Primarasa, Kusuma Bangsa",Kue Lumpur Madu 1 biji,Dibuat Fresh Dari Labu Dan Madu Yang Baik Bagi Kesehatan Tubuh (Pumpkin Honey Cake 1 Piece). Cocok Untuk Melengkapi Break/Tea Time Anda. Tahan Hari Ini Saja.,8.571,2025-07-04 21:52:56
"Ayam Bakar Primarasa, Kusuma Bangsa",Ikan Gurami (Hidup) Rica Rica 1 Ekor,N/A,145.715,2025-07-04 21:52:56
"Ayam Bakar Primarasa, Kusuma Bangsa",Kue Lumpur Madu 1 biji,N/A,8.571,2025-07-04 21:52:56
"Ayam Bakar Primarasa, Kusuma Bangsa",Pepes Bandeng Cabut Duri 1 Ekor,N/A,137.144,2025-07-04 21:52:56
"Ayam Bakar Primarasa, Kusuma Bangsa",ROTI BOLEN,N/A,68.000,2025-07-04 21:52:56
"Ayam Bakar Primarasa, Kusuma Bangsa",Ayam (Kampung) 1 Potong (Bakar / Goreng),"Chicken kampung 1/4 part, free sambal",37.143,2025-07-04 21:52:56
"Ayam Bakar Primarasa, Kusuma Bangsa",Sate Ayam 1 Porsi (10 tusuk),"Chicken satay tanpa kulit dan lemak, without skin nor fat (10 sticks)",60.715,2025-07-04 21:52:56
"Ayam Bakar Primarasa, Kusuma Bangsa",Ayam Kampung 1Ekor ( Bakar/goreng),N/A,142.858,2025-07-04 21:52:56
"Ayam Bakar Primarasa, Kusuma Bangsa",Ayam (Kampung) Penyet 1potong,"Chiken Kampung 1/4 Part, Smashed In Fresh Chilli",41.429,2025-07-04 21:52:56
"Ayam Bakar Primarasa, Kusuma Bangsa",Ikan Gurami (Hidup) Bakar / Goreng 1 ekor,"Free sambal, size large, dimasak dari ikan hidup (grilled / fried live gourami fish)",122.858,2025-07-04 21:52:56
"Ayam Bakar Primarasa, Kusuma Bangsa",Ikan Gurami Asam Manis 1 Ekor,"Size large, dimasak dari ikan hidup (sweet and sour live gourami fish)",125.715,2025-07-04 21:52:56
"Ayam Bakar Primarasa, Kusuma Bangsa",Ikan Gurami (Hidup) Pesmol 1 Ekor Ala Primarasa (Heritage),"Size large, dimasak dari ikan hidup (fresh, tangy cooked Pesmol-style live gourami fish)",125.715,2025-07-04 21:52:56
"Ayam Bakar Primarasa, Kusuma Bangsa",Ikan Gurami (Hidup) Rica Rica 1 Ekor,"Size large, dimasak dari ikan hidup (spicy rica-rica live gourami fish)",145.715,2025-07-04 21:52:56
"Ayam Bakar Primarasa, Kusuma Bangsa",Udang,Deep-Fried Fresh Shrimp / With Mayonaise / Sweet & Sour,100.000,2025-07-04 21:52:56
"Ayam Bakar Primarasa, Kusuma Bangsa",Cumi,Deep-Fried Fresh Calamari / With Mayonaise / Sweet & Sour,97.143,2025-07-04 21:52:56
"Ayam Bakar Primarasa, Kusuma Bangsa",Udang Saos Inggris,Fresh Shrimp Sauteed In Worchester-Style Sauce,105.715,2025-07-04 21:52:56
"Ayam Bakar Primarasa, Kusuma Bangsa",Bandeng Cabut Duri 1 Ekor,"Free Sambal, Size Large (Boneless Milkfish Grilled / Fried)",114.286,2025-07-04 21:52:56
"Ayam Bakar Primarasa, Kusuma Bangsa",Pepes Bandeng Cabut Duri 1 Ekor,Boneless Milkfish Steamed Spicy In Banana Leaves Boneless,137.144,2025-07-04 21:52:56
"Ayam Bakar Primarasa, Kusuma Bangsa","Soup Seafood (Isi Udang, Cumi, Ikan, Jamur)","Rasa Gurih Asam Segar. With Fresh Shrimps, Calamari, Fish Fillet, And Mushroom. Fresh, Savoury, Sour.",60.000,2025-07-04 21:52:56
"Ayam Bakar Primarasa, Kusuma Bangsa",Udang Bakar Madu,N/A,137.100,2025-07-04 21:52:56
"Ayam Bakar Primarasa, Kusuma Bangsa",Udang Renyah,"Udang Kecil Digoreng Crispy, Free Sambal Rica (Small-Sized Shrimp Crispy-Fried)",91.429,2025-07-04 21:52:56
"Ayam Bakar Primarasa, Kusuma Bangsa",Kerapu 1 Ekor (Ikan Laut),"Masak Bakar / Goreng / Kuah Kuning / Asam Manis. Style Grilled / Fried / Yellow Soup / Sweet & Sour, Deep-Sea Fish",158.572,2025-07-04 21:52:56
"Ayam Bakar Primarasa, Kusuma Bangsa",Nasi Ayam Special Komplit (Bakar / Goreng),"Nasi, 1 pot ayam bakar/goreng, terong balado, tahu tempe bacem, bihun, lalapan, sambal",54.286,2025-07-04 21:52:56
"Ayam Bakar Primarasa, Kusuma Bangsa",Nasi Ayam + Lalapan (Bakar / Goreng),"Nasi ayam kampung 1 potong + lalapan, sambal, kecap",42.857,2025-07-04 21:52:56
"Ayam Bakar Primarasa, Kusuma Bangsa",Nasi Ayam Special Komplit + Pia,"Pia 1 bj. nasi,1 pot ayam bkr/grng, terong balado, tahu tempe bacem, bihun, sambal, kecap, kremes",60.000,2025-07-04 21:52:56
"Ayam Bakar Primarasa, Kusuma Bangsa",Dua Kotak Nasi Gurami Setengah Ekor (Bakar / Goreng),"+ cah kangkung + fresh sambal. 2 boxes of grilled / fried gourami rice meals w/ sauteed kangkong veggie,",151.430,2025-07-04 21:52:56
"Ayam Bakar Primarasa, Kusuma Bangsa",Nasi Ayam Penyet 1 potong,Nasi ayam kampung penyet + lalap (Rice w/ Smashed kampong chicken in fresh chili),48.001,2025-07-04 21:52:56
"Ayam Bakar Primarasa, Kusuma Bangsa",Nasi Cumi Hitam Special + Ayam Kampung Komplit,"Nasi Putih, Cumi Hitam, Ayam 1 Potong, Tahu Tempe Bacem, Bihun, Terong Balado, Lalapan",62.858,2025-07-04 21:52:56
"Ayam Bakar Primarasa, Kusuma Bangsa",Nasi Ayam Kampung Setengah Ekor(bakar/goreng),Nasi+sambal+lalapan+kecap+1/2 Ayam,80.000,2025-07-04 21:52:56
"Ayam Bakar Primarasa, Kusuma Bangsa",Cah Tauge Ikan Asin,Sauteed Beansprout With Salted Fish,47.143,2025-07-04 21:52:56
"Ayam Bakar Primarasa, Kusuma Bangsa",Cah Ginseng,Sauteed Ginseng Vegetable,42.857,2025-07-04 21:52:56
"Ayam Bakar Primarasa, Kusuma Bangsa",Cah Selada Wangi,Sauteed Siomak Vegetable,42.857,2025-07-04 21:52:56
"Ayam Bakar Primarasa, Kusuma Bangsa",Cah Sayur Asin Tahu,Sauteed Salt-Cured Vegetable With Tofu,47.143,2025-07-04 21:52:56
"Ayam Bakar Primarasa, Kusuma Bangsa",Sayur Asem,"Fresh, Tasty Assorted Vegetable In Tamarind-Infused Soup. Your Daily Dose Of Salad But With Soup.",21.429,2025-07-04 21:52:56
"Ayam Bakar Primarasa, Kusuma Bangsa",Lalapan Sayur,Fresh Assorted Raw Vegetable,20.000,2025-07-04 21:52:56
"Ayam Bakar Primarasa, Kusuma Bangsa",Cah Kangkung,Sauteed Morning Glory / Kangkong Veggie With Chicken Bits,38.572,2025-07-04 21:52:56
"Ayam Bakar Primarasa, Kusuma Bangsa",Bakmie Goreng (Fried Noodle),"Isi Ayam, Sayur, Telur + (Sauteed noodles with chicken bits, veggies, and eggs)",57.143,2025-07-04 21:52:56
"Ayam Bakar Primarasa, Kusuma Bangsa",Nasi Goreng Merah/ Putih (Fried Rice),Free 1 telor ceplok/ egg +,45.715,2025-07-04 21:52:56
"Ayam Bakar Primarasa, Kusuma Bangsa",Nasi Putih,Steamed Rice,12.857,2025-07-04 21:52:56
"Ayam Bakar Primarasa, Kusuma Bangsa",Tahu / Tempe Goreng,Isi 3 potong/pcs (Tofu / Tempeh),21.429,2025-07-04 21:52:56
"Ayam Bakar Primarasa, Kusuma Bangsa",Telur,Sunny-Side Up / Omelette Egg,8.572,2025-07-04 21:52:56
"Ayam Bakar Primarasa, Kusuma Bangsa",Telur Gulung Isi 2,Tahu Tempe Telur,21.429,2025-07-04 21:52:56
"Ayam Bakar Primarasa, Kusuma Bangsa",Tahu /Tempe Penyet,Isi 3 Potong Tahu/ 4 Potong Tempe,28.572,2025-07-04 21:52:56
"Ayam Bakar Primarasa, Kusuma Bangsa",Sambal Terong,Smashed Eggplant With Fresh Chili Sambal,24.286,2025-07-04 21:52:56
"Ayam Bakar Primarasa, Kusuma Bangsa",Sambal Terasi,Fresh Shrimp-Paste Chili Sambal,10.714,2025-07-04 21:52:56
"Ayam Bakar Primarasa, Kusuma Bangsa",Sambal Mangga Muda (Pencit),Fresh Chili Sambal With Shaved Young Mango,28.572,2025-07-04 21:52:56
"Ayam Bakar Primarasa, Kusuma Bangsa",Sambal Poco Poco,"Sambal Irisan Tomat, Bawang Merah, Dll (Fresh Raw Chili Sambal With Shaved Tomatoes, Shallots, Etc)",10.714,2025-07-04 21:52:56
"Ayam Bakar Primarasa, Kusuma Bangsa",Sambal Lalap,Fresh Assorted Raw Vegetables With Chilli Sambal,25.714,2025-07-04 21:52:56
"Ayam Bakar Primarasa, Kusuma Bangsa",Pia Rasa Kuno 1 Box Isi 10 Biji,"Isi 10 pcs mix kacang hijau, coklat, keju. Resep turun temurun sejak 1900. Packing premium exclusive. Cocok untuk break/tea-time.",71.429,2025-07-04 21:52:56
"Ayam Bakar Primarasa, Kusuma Bangsa",Paket Kue Lumpur Madu isi 6 biji,Dibuat Fresh Dari Labu Dan Madu Yang Baik Bagi Kesehatan Tubuh (Pumpkin Honey Cake 6 Pieces). Cocok Untuk Melengkapi Break/Tea Time Anda. Tahan Hari Ini Saja.,51.429,2025-07-04 21:52:56
"Ayam Bakar Primarasa, Kusuma Bangsa",Kue Lumpur Madu 1 biji,Dibuat Fresh Dari Labu Dan Madu Yang Baik Bagi Kesehatan Tubuh (Pumpkin Honey Cake 1 Piece). Cocok Untuk Melengkapi Break/Tea Time Anda. Tahan Hari Ini Saja.,8.571,2025-07-04 21:52:56
"Ayam Bakar Primarasa, Kusuma Bangsa",Pia Rasa Kuno 1 Biji,"Varian: Kacang Hijau/Mung Bean, Coklat/Chocolate, Keju/Cheese. Resep Turun Temurun Sejak 1900. Cocok Untuk Break/Tea Time",7.143,2025-07-04 21:52:56
"Ayam Bakar Primarasa, Kusuma Bangsa",Pop U Corn Original (300 gram) Popcorn,Best-Selling Pop Corn In Town! Sweet Caramel-Y. 300 Gram Per Toples. Tahan 1 Bulan.,46.429,2025-07-04 21:52:56
"Ayam Bakar Primarasa, Kusuma Bangsa",Pop U Corn Coklat Chocolate (300 gram) Popcorn,Best-Selling Pop Corn In Town! Sweet Chocolate-Y. 300 Gram Per Toples. Tahan 1 Bulan.,53.572,2025-07-04 21:52:56
"Ayam Bakar Primarasa, Kusuma Bangsa",Pop U Corn Keju Cheese (300 gram) Popcorn,Best-Selling Pop Corn In Town! Sweet And Cheese-Y. 300 Gram Per Toples. Tahan 1 Bulan.,57.143,2025-07-04 21:52:56
"Ayam Bakar Primarasa, Kusuma Bangsa",Madu Hutan 100% Murni dari Nusa Tenggara Timur,Gross Weight 250 Grams (Authentic Raw Honey From Wild Forest In East Nusa Tenggara),142.858,2025-07-04 21:52:56
"Ayam Bakar Primarasa, Kusuma Bangsa",ROTI BOLEN,N/A,68.000,2025-07-04 21:52:56
"Ayam Bakar Primarasa, Kusuma Bangsa",Banana Cake,Banana Cake With Almond Slice And Chochote Chips,68.000,2025-07-04 21:52:56
"Ayam Bakar Primarasa, Kusuma Bangsa",Sambal Tradisional Primarasa (sedang),"Tanpa pengawet, dengan olive oil. Per botol isi 150 ml (No preservatives, with olive oil)",31.429,2025-07-04 21:52:56
"Ayam Bakar Primarasa, Kusuma Bangsa",Sambal Tradisional Primarasa (pedas),"Tanpa pengawet, dengan olive oil. Per botol isi 150 ml (No preservatives, with olive oil)",31.429,2025-07-04 21:52:56
"Ayam Bakar Primarasa, Kusuma Bangsa",Kremesan Ayam,Cocok Sebagai Pelengkap Makanan Apa Saja,21.429,2025-07-04 21:52:56
"Ayam Bakar Primarasa, Kusuma Bangsa",Nasi Campur,"Ayam Bumbu Rujak + Setengah Telur Asin, Kerirng Tempe, Cah sayunr, Bakmie. Khusus makan siang",44.286,2025-07-04 21:52:56
"Ayam Bakar Primarasa, Kusuma Bangsa",Nasi Paket Hemat,"Telur Bumbu Rujak + Sambal Goreng Ati + Bakmie + Cah Buncis Wortel,  Khusus makan siang",35.175,2025-07-04 21:52:56
"Ayam Bakar Primarasa, Kusuma Bangsa",Nasi Udang Renyah+ Ayam Suwir,Paket prima makan siang,42.857,2025-07-04 21:52:56
"Ayam Bakar Primarasa, Kusuma Bangsa",Nasi  Ayam Suwir,Ayam Suwir Telur Gulung Cah Sayur,42.857,2025-07-04 21:52:56
"Ayam Bakar Primarasa, Kusuma Bangsa",Es Campur,"Indonesian Iced Dessert Of Sugar Palm (Kolang Kaling), Nata Decoco, Grass Jelly, Pandan Jelly, Pearls, Young Coconut, Pineapple, Jackfruit, Pudding",35.715,2025-07-04 21:52:56
"Ayam Bakar Primarasa, Kusuma Bangsa",Chocolate / Mocha Blended,"Coklat Pilihan Dari Amerika, Diblend Dengan Susu Creamy",31.429,2025-07-04 21:52:56
"Ayam Bakar Primarasa, Kusuma Bangsa",Jeruk Nipis (Es / Hangat),Lime Drink From Real Fruit. Not From Concentrate,21.429,2025-07-04 21:52:56
"Ayam Bakar Primarasa, Kusuma Bangsa",Ice Tea Fruit,Sweet Tea Drink With Fruit Flavors,22.857,2025-07-04 21:52:56
"Ayam Bakar Primarasa, Kusuma Bangsa",Lemon Tea,N/A,21.429,2025-07-04 21:52:56
"Ayam Bakar Primarasa, Kusuma Bangsa",Teh Manis / Tawar,Sweet / Unsweetened Freshly Brewed Tea,10.715,2025-07-04 21:52:56
"Ayam Bakar Primarasa, Kusuma Bangsa",Es Sirup,Syrup Iced Drink,14.286,2025-07-04 21:52:56
"Ayam Bakar Primarasa, Kusuma Bangsa",Kopi Hitam Hangat / Es,Black Coffee Warm / Iced,22.857,2025-07-04 21:52:56
"Ayam Bakar Primarasa, Kusuma Bangsa",Air Mineral Botol,Mineral Bottled Water,14.429,2025-07-04 21:52:56
"Ayam Bakar Primarasa, Kusuma Bangsa",Es Batu,Ice Cubes,3.571,2025-07-04 21:52:56
"Ayam Bakar Primarasa, Kusuma Bangsa",Soda Gembira / Susu Coca Cola / Susu Soda,Condensed Milk Mixed With Soda / Coca Cola,32.143,2025-07-04 21:52:56
"Ayam Bakar Primarasa, Kusuma Bangsa",Coca Cola / Sprite / Fanta / Soda,N/A,14.286,2025-07-04 21:52:56
"Ayam Bakar Primarasa, Kusuma Bangsa",Es Kelapa Muda,Iced young coconut drink,31.429,2025-07-04 21:52:56
"Ayam Bakar Primarasa, Kusuma Bangsa",Jeruk Manis (Es/hangat),Orange drink from real fruit. not from concentrate,31.429,2025-07-04 21:52:56
"Ayam Bakar Primarasa, Kusuma Bangsa",Lemon/markisa Squash,Lemon/passionfruit Squash,37.143,2025-07-04 21:52:56
"Ayam Bakar Primarasa, Kusuma Bangsa",Es Cao,Iced grass jelly drink,21.429,2025-07-04 21:52:56
"Ayam Bakar Primarasa, Kusuma Bangsa",Cappucino/iced Cappucino,Warm/iced Tradisional Cappucino,31.429,2025-07-04 21:52:56
"Ayam Bakar Primarasa, Kusuma Bangsa",Es Susu Cao Gula Aren,Tasty Milk With Grass Jelly And Palm Sugar,28.572,2025-07-04 21:52:56
"Ayam Bakar Primarasa, Kusuma Bangsa",Ice Tea Susu,Susu Terbaik Dicampur Dengan Teh Terbaik. Tasty Milk Blended With Brewed Tea.,21.429,2025-07-04 21:52:56
"Ayam Bakar Primarasa, Kusuma Bangsa",Es Dawet,Iced Coconut Milk Drink With Pandan Jelly And Palm Sugar,22.857,2025-07-04 21:52:56
"Ayam Bakar Primarasa, Kusuma Bangsa",Juice Apokat,Real Fruit. Not From Concentrate. Avocado Juice,37.143,2025-07-04 21:52:56
"Ayam Bakar Primarasa, Kusuma Bangsa",Juice Kopyor,Real Fruit. Not From Concentrate. Macapuno (Sport Coconut) Juice.,60.000,2025-07-04 21:52:56
"Ayam Bakar Primarasa, Kusuma Bangsa",Juice Durian,Real Fruit. Not From Concentrate. Durian Juice.,40.000,2025-07-04 21:52:56
"Ayam Bakar Primarasa, Kusuma Bangsa",Juice Apokat Durian,Real Fruit. Not From Concentrate. Avocado Durian Juice.,57.143,2025-07-04 21:52:56
"Ayam Bakar Primarasa, Kusuma Bangsa",Juice Kopyor Durian,Real Fruit. Not From Concentrate. Macapuno (Sport Coconut) Durian Juice.,78.572,2025-07-04 21:52:56
"Ayam Bakar Primarasa, Kusuma Bangsa",Juice Sirsak,Real Fruit. Not From Concentrate. Soursop Juice.,34.286,2025-07-04 21:52:56
"Ayam Bakar Primarasa, Kusuma Bangsa",Juice Mangga,Real Fruit. Not From Concentrate. Mango Juice.,34.286,2025-07-04 21:52:56
"Ayam Bakar Primarasa, Kusuma Bangsa",Juice Jambu Merah,Real Fruit. Not From Concentrate. Guava Juice.,34.286,2025-07-04 21:52:56
"Ayam Bakar Primarasa, Kusuma Bangsa",Juice Strawberry,Real Fruit. Not From Concentrate.,34.286,2025-07-04 21:52:56
"Ayam Bakar Primarasa, Kusuma Bangsa",Es Markisa,Real Fruit. Not From Concentrate. Passionfruit.,25.714,2025-07-04 21:52:56
"Ayam Bakar Primarasa, Kusuma Bangsa",Juice Leci,Real Fruit. Not From Concentrate. Lychee Juice.,34.286,2025-07-04 21:52:56
"Ayam Bakar Primarasa, Kusuma Bangsa",Juice Jeruk,Real Fruit. Not From Concentrate. Orange Juice,34.286,2025-07-04 21:52:56
"Ayam Bakar Primarasa, Kusuma Bangsa",Juice Melon,Real Fruit. Not From Concentrate. Rock Melon Juice,31.429,2025-07-04 21:52:56
"Ayam Bakar Primarasa, Kusuma Bangsa",Juice Apel,Real Fruit. Not From Concentrate. Apple Juice,31.429,2025-07-04 21:52:56
"Ayam Bakar Primarasa, Kusuma Bangsa",Juice Campur (Mixed),Apel+melon+tomat. real fruit. Not from concentrate (apple+rock melon+tomato),42.857,2025-07-04 21:52:56
"Ayam Bakar Primarasa, Kusuma Bangsa",Juice Markisa,Real Fruit. Not From Concentrate. Passonfruit Juice,31.429,2025-07-04 21:52:56
"Ayam Bakar Primarasa, Kusuma Bangsa",Juice Tomat,Real Fruit. Not From Concentrate. Tomato Juice,31.429,2025-07-04 21:52:56
"Ayam Bakar Primarasa, Kusuma Bangsa",Banana Cake,Banana Cake With Almond Slice And Chocolate Chips,68.000,2025-07-04 21:52:56
"Ayam Bakar Primarasa, Kusuma Bangsa",Pisang Bolen,Pisang Bolen Hidangan Ringan Berbahan Baku Pisang Yang Dilapisi Gulungan Lembar Pastry Dan Kemudian Dilengkapi dengan Sepotong Keju Atau Coklat,68.000,2025-07-04 21:52:56
"Ayam Bakar Primarasa, Kusuma Bangsa",Mahabbah Hampers,6 pcs pia rasa kuno dengan kartu ucapan lebaran dan kotak cantik disertai pita,84.286,2025-07-04 21:52:56
"Ayam Bakar Primarasa, Kusuma Bangsa",Safa Hampers,"6 pcs pia rasa kuno, 1 toples kue sagu vanilla, kurma jelly dengan kartu ucapan lebaran dan kotak cantik disertai pita",127.143,2025-07-04 21:52:56
"Ayam Bakar Primarasa, Kusuma Bangsa",Firdaus Hampers,"1 ekor ayam bakar/goreng primarasa, 3 pcs pia rasa kuno, kurma jelly dengan kartu ucapan lebaran dan tas serut batik cantik disetai pita",227.143,2025-07-04 21:52:56
