Nama Restoran,Rating,Jarak,Tingkat Harga,Detail Harga,Tipe Masakan,Alamat,Jam Buka (Senin),Jam Buka (Selasa),Jam Buka (Rabu),Jam Buka (Kamis),Jam Buka (Jumat),Jam Buka (Sabtu),Jam Buka (Minggu),Link,Waktu Scraping
"Pempek Mantoel, Beji - Gunung Gangsir",4.8,20.64 km,$$··,16rb-40rb,Jajanan,Dsn Gunung Gangsir RT 001/006,16:00-21:30,16:00-21:30,16:00-21:30,16:00-21:30,16:00-21:30,16:00-21:45,16:00-21:30,https://gofood.co.id/pasuruan/restaurant/pempek-mantoel-beji-gunung-gangsir-41f97176-8559-4838-95fd-1ba647b1de87,2025-07-13 18:43:58
Martabak Bangil Masday,4.2,20.65 km,$$$·,40rb-100rb,"Jajanan, Martabak, Sweets",Jalan Joko Sambang Rt 1 Rw 6 Gununggansir Beji,16:00-22:15,16:00-22:15,16:00-22:15,16:00-22:15,16:00-22:15,16:00-22:15,16:00-22:15,https://gofood.co.id/pasuruan/restaurant/martabak-bangil-masday-278f1a7e-20df-4561-8455-520ff7a0081d,2025-07-13 18:43:58
"Warung Mbok Patrem, Gununggangsir",4.8,19.76 km,$$··,16rb-40rb,"Aneka nasi, Bakmie","Jl. Hasan Munadi, Beji, Pasuruan",16:00-22:00,16:00-22:00,16:00-22:00,Tutup,16:00-22:00,16:00-22:00,16:00-22:00,https://gofood.co.id/pasuruan/restaurant/warung-mbok-patrem-gununggangsir-11c542dc-b3cd-427e-bc10-622ad8edc079,2025-07-13 18:43:56
"Pisang Keju ""QQ"", Gununggangsir",4.7,20.64 km,$$··,16rb-40rb,Jajanan,"Teras Resto Doyan Ayam, Jl. Gununggangsir Raya, Gununggangsir, Beji, Pasuruan",16:00-22:00,16:00-22:00,16:00-22:00,16:00-22:00,16:00-22:00,16:00-22:00,16:00-22:00,https://gofood.co.id/pasuruan/restaurant/pisang-keju-qq-gununggangsir-e016cc55-3df8-4347-898e-0b3efd4aec62,2025-07-13 18:44:02
"Warbugk, Pasar Baru Cangkringmalang",5,20.61 km,$$··,16rb-40rb,"Jajanan, Cepat saji, Barat","Pasar Baru Cangkringmalang, Beji, Pasuruan",16:00-23:45,16:00-23:45,16:00-23:45,16:00-23:45,16:00-23:45,16:00-23:45,16:00-23:45,https://gofood.co.id/pasuruan/restaurant/warbugk-pasar-baru-cangkringmalang-385a7649-ad7c-4b65-b9bf-912a9ff7d05c,2025-07-13 18:43:58
"Siomay dan Batagor Asgar, Gununggangsir",4.8,20.66 km,$···,Dibawah 16rb,Jajanan,"Jl. Gununggangsir Raya, Gununggangsir, Beji, Pasuruan",09:00-20:00,09:00-20:00,09:00-20:00,09:00-20:00,09:00-20:00,09:00-20:00,09:00-20:00,https://gofood.co.id/pasuruan/restaurant/siomay-dan-batagor-asgar-gununggangsir-859f1454-48bc-4619-9dc2-3f0b6c2467b4,2025-07-13 18:44:22
"Martabak & Terang Bulan M455 4LL, Gununggangsir",4.4,20.61 km,$$$·,40rb-100rb,Martabak,"Jl. Gununggangsir Raya, Beji, Pasuruan",Tutup,Tutup,Tutup,Tutup,Tutup,Tutup,10:00-22:00,https://gofood.co.id/pasuruan/restaurant/martabak-terang-bulan-m455-4ll-gununggangsir-f6b43732-0b1b-4380-82b7-daedc4bb5b19,2025-07-13 18:44:26
"Studio Coffee, Pasar Turen Beji Kab.Pasuruan",Baru,20.58 km,$···,Dibawah 16rb,"Kopi, Minuman, Jajanan","Jl.randupitu-Gunung Gangsir, Selo Rawan, Cangkringmalang, Kec.Beji Kab.Pasuruan, Jawa Timur 67154, Indonesia",17:00-23:59,17:00-23:59,17:00-23:59,17:00-23:59,17:00-23:59,17:00-23:59,17:00-23:59,https://gofood.co.id/pasuruan/restaurant/studio-coffee-pasar-turen-beji-kab-pasuruan-0a7ae451-fad5-4607-bf81-94ddf2687733,2025-07-13 18:44:22
Ayam Geprek Mak'e & Gedang Goreng Bang El Aneka Rasa,4.9,20.66 km,$···,Dibawah 16rb,"Jajanan, Ayam & bebek",Jl Randupitu-gunung Gangsir No 62 Candi Gunung Gangsir Kec.Beji,10:00-22:00,10:00-22:00,10:00-22:00,10:00-22:00,10:00-22:00,10:00-22:00,10:00-22:00,https://gofood.co.id/pasuruan/restaurant/ayam-geprek-mak-e-gedang-goreng-bang-el-aneka-rasa-7615f77a-98be-4e7c-830d-c4ef555bc4ee,2025-07-13 18:44:22
"Bakso Himalaya, Gununggangsir",4.9,20.66 km,$$··,16rb-40rb,Bakso & soto,"Jl. Gununggangsir Raya No. 11, Beji, Pasuruan",09:00-20:30,09:00-20:30,09:00-20:30,09:00-20:30,09:00-20:30,09:00-20:30,09:00-20:30,https://gofood.co.id/pasuruan/restaurant/bakso-himalaya-gununggangsir-94ec0d5c-b71a-4cc0-a49a-a4a54baf0659,2025-07-13 18:44:40
"Roti John dan Burger, Gununggangsir",4.6,20.7 km,$$··,16rb-40rb,"Cepat saji, Jajanan, Pizza & pasta","Teras Alfamart Gununggangsir, Jl. Wicaksono, Gununggangsir, Beji, Pasuruan",16:00-23:00,16:00-23:00,16:00-22:00,16:00-23:00,16:00-23:00,16:00-23:00,16:00-23:00,https://gofood.co.id/pasuruan/restaurant/roti-john-dan-burger-gununggangsir-56311cc2-f961-4f02-820c-57314f4cc21c,2025-07-13 18:44:50
"Top Kebab Burger, Gunung Gangsir",4.9,20.64 km,$···,Dibawah 16rb,"Cepat saji, Barat, Timur Tengah","Jl. Gunung Gangsir (Teras Indomaret), Beji, Pasuruan",16:00-21:30,16:00-21:30,16:00-21:30,16:00-21:30,16:00-21:30,16:15-21:30,16:00-21:30,https://gofood.co.id/pasuruan/restaurant/top-kebab-burger-gunung-gangsir-0215a667-5dde-4f37-a3ad-36ea823977cb,2025-07-13 18:44:57
"Ampera Murni, Masakan Padang, Gunung Gangsir",4.4,20.65 km,$$··,16rb-40rb,"Aneka nasi, Minuman, Cepat saji","Jl. Gunung Gangsir, Beji, Pasuruan",08:00-23:59,08:00-23:59,08:00-23:59,08:00-23:59,08:00-23:59,08:00-23:59,08:00-23:59,https://gofood.co.id/pasuruan/restaurant/ampera-murni-masakan-padang-gunung-gangsir-cbfef851-40d3-462a-a965-c5c4c2da1fe4,2025-07-13 18:44:52
"Martabak & Terang Bulan Cita Rasa + Roti Bakar Bandung, Beji",4.1,20.69 km,$$··,16rb-40rb,Martabak,"Jl. Wicaksono (Depan Teras Alfamart Perempatan Gununggangsir, Beji, Pasuruan",16:00-23:00,16:00-23:00,16:00-23:00,16:00-23:00,16:00-23:00,16:00-23:00,16:00-23:00,https://gofood.co.id/pasuruan/restaurant/martabak-terang-bulan-cita-rasa-roti-bakar-bandung-beji-2347e9bb-2b9e-4334-ab42-5692c2a387ca,2025-07-13 18:44:49
"Siomay Batagor Artha Bandung, Beji",3.7,20.71 km,$$··,16rb-40rb,Jajanan,"Jl. Wicaksono, Gununggangsir, Beji, Pasuruan",09:30-20:30,09:30-17:00,09:30-20:30,Tutup,09:30-20:30,09:30-20:30,09:30-20:30,https://gofood.co.id/pasuruan/restaurant/siomay-batagor-artha-bandung-beji-d80b3fce-abe6-4b7f-a343-5bf53796a1dd,2025-07-13 18:45:07
"Tepisawah Cafe & Warung Lesehan, Beji",4.2,20.19 km,$$··,16rb-40rb,"Aneka nasi, Minuman, Cepat saji","Dusun Bangle, Beji, Pasuruan",12:00-21:00,12:00-21:00,12:00-21:00,12:00-21:00,14:00-21:00,12:00-21:00,12:00-21:00,https://gofood.co.id/pasuruan/restaurant/tepisawah-cafe-warung-lesehan-beji-d5d779b4-2f2e-451e-a67e-ace41539d38e,2025-07-13 18:45:21
Mbak Yati II Special nasi Jagung ( Babat - usus - Paru ),4.8,20.7 km,$···,Dibawah 16rb,Aneka nasi,"Jl. Randupitu-Gunung Gangsir No.62, Kedanten, Gn. Gangsir, Kec. Beji, Pasuruan, Jawa Timur 67154",06:30-20:30,06:30-20:30,06:30-20:30,06:30-20:30,06:30-20:30,06:30-20:30,06:30-20:30,https://gofood.co.id/pasuruan/restaurant/mbak-yati-ii-special-nasi-jagung-babat-usus-paru--654b66cd-5b07-46a7-9a82-1b5ffac42a4f,2025-07-13 18:45:28
"Mie Ayam Bakso Echo Wonogiri, Beji",4.9,20.7 km,$···,Dibawah 16rb,Bakmie,"Jl. Randupitu-Gunung Gangsir, Beji, Pasuruan",09:30-20:45,09:30-20:45,09:30-20:45,09:30-20:45,09:30-20:45,09:30-20:45,09:30-20:45,https://gofood.co.id/pasuruan/restaurant/mie-ayam-bakso-echo-wonogiri-beji-fbcaaa54-2e6c-42a3-afae-fd57fcc469eb,2025-07-13 18:45:27
RM.FAJAR 2 MASAKAN PADANG,4,18.69 km,$···,Dibawah 16rb,"Aneka nasi, Minuman",Jl.CangkringMalang Beji Pasuruan,08:00-21:30,08:00-21:30,08:00-21:30,08:00-21:30,08:00-21:30,08:00-21:30,08:00-21:30,https://gofood.co.id/pasuruan/restaurant/rm-fajar-2-masakan-padang-060e721b-64c7-459f-becc-6ec2be2a42a0,2025-07-13 18:45:38
"Bakso BBB Kesemi Gunung Gangsir, Wicaksono",4.6,21.79 km,$···,Dibawah 16rb,"Minuman, Bakso & soto","Jl. Wicaksono, Beji, Pasuruan",09:00-21:00,09:00-21:00,09:00-21:00,09:00-21:00,09:00-21:00,09:00-21:00,09:00-21:00,https://gofood.co.id/pasuruan/restaurant/bakso-bbb-kesemi-gunung-gangsir-wicaksono-2c7f71ce-7820-4577-991e-c287aaa95537,2025-07-13 18:45:44
rumah makan minang asli masakan padang,5,20.7 km,$···,Dibawah 16rb,"Cepat saji, Minuman, Aneka nasi","jln.randupitu gunung gangsir no 62, wonokoyo timur Rt:001 Rw:001 kedanten gn.gangsir kec:beji kab:pasuruan",08:45-22:00,08:45-22:00,08:45-22:00,08:45-22:00,08:45-22:00,08:45-22:00,08:45-22:00,https://gofood.co.id/pasuruan/restaurant/rumah-makan-minang-asli-masakan-padang-b5df377d-12db-47cb-9572-7f045c6f7a59,2025-07-13 18:45:28
"Toko Klepon Rapi dan PIA Legok Gempol, Tol Gempol 500 M Arah Bangil",4.5,21.8 km,$$··,16rb-40rb,Jajanan,"Jl. Raya Panderejo 5, Legok Gempol, Pasuruan",07:00-21:00,07:00-21:00,07:00-21:00,07:00-21:00,07:00-21:00,07:00-21:00,07:00-21:00,https://gofood.co.id/pasuruan/restaurant/toko-klepon-rapi-dan-pia-legok-gempol-tol-gempol-500-m-arah-bangil-8bfb50e2-5865-4b36-9d2d-7054126704f5,2025-07-13 18:45:55
"Warung Sugihwaras, Beji",4.4,22.06 km,$···,Dibawah 16rb,"Jajanan, Minuman, Cepat saji",Sugihwaras RT 03 RW 02 - Gunung Gangsir,08:00-20:00,09:00-20:00,Tutup,Tutup,07:00-14:00,08:00-14:00,08:00-20:00,https://gofood.co.id/pasuruan/restaurant/warung-sugihwaras-beji-d4cafa9c-5204-4d95-b31c-7d7d0bd03712,2025-07-13 18:46:00
"Bakso Jendral Tumidi, Beji",4.6,22.34 km,$···,Dibawah 16rb,Bakso & soto,"Jl. Wicaksono, Beji, Pasuruan",09:00-21:00,09:00-21:00,09:00-21:00,09:00-21:00,09:00-21:00,09:00-21:00,09:00-21:00,https://gofood.co.id/pasuruan/restaurant/bakso-jendral-tumidi-beji-b6500192-c2d4-48d9-bee0-cc7519d80b08,2025-07-13 18:46:05
"Kedai Chintya, Gempol",2.6,22.36 km,$$··,16rb-40rb,"Jajanan, Sweets, Aneka nasi","Jl. Bypass Tol Gempol, Gempol, Pasuruan",09:30-23:45,08:00-23:45,08:00-23:59,09:00-23:59,10:00-23:59,08:30-23:59,15:30-23:45,https://gofood.co.id/pasuruan/restaurant/kedai-chintya-gempol-08ffdc26-317f-4033-bc83-1bea066c4db4,2025-07-13 18:46:17
MAMANDUT,Baru,21.39 km,····,Kisaran harga,"Jajanan, Minuman, Bakmie",Gesing Randupitu Gempol Pasuruan,11:00-21:00,11:00-21:00,11:00-21:00,11:00-21:00,11:00-21:00,11:00-21:00,11:00-21:00,https://gofood.co.id/pasuruan/restaurant/mamandut-f9be6a88-e3f2-4012-bb34-1a26bef824ad,2025-07-13 18:46:33
"Chale Star Chinese Food Cak Jo, Kejapanan",4.8,23.88 km,$$··,16rb-40rb,Chinese,"Jl. Bypass Tol Gempol (Timur Bundaran Apollo), Gempol, Pasuruan",16:30-23:00,16:30-23:00,16:30-23:00,16:30-23:00,16:30-23:00,16:30-23:00,16:30-23:00,https://gofood.co.id/pasuruan/restaurant/chale-star-chinese-food-cak-jo-kejapanan-aff139bd-6d31-4782-ac3c-7a3972ade0b6,2025-07-13 18:46:21
"Warung Asal Kenyang, Gempol",4.7,23.92 km,$$··,16rb-40rb,"Aneka nasi, Bakmie, Chinese","Ngering, Legok, Gempol, Pasuruan",16:30-22:00,16:30-22:00,16:30-22:00,Tutup,16:30-22:00,16:30-22:00,16:30-22:00,https://gofood.co.id/pasuruan/restaurant/warung-asal-kenyang-gempol-e4464b66-0dfd-4172-a0c9-7683f835a5e8,2025-07-13 18:46:46
"U3 Frozen Food, Gempol",4.4,24.04 km,$$··,16rb-40rb,"Jajanan, Cepat saji, Seafood","Jl. Kavlingan, Gang Cemara, Gempol, Pasuruan",06:00-21:00,06:00-21:00,06:00-21:00,06:00-21:00,06:00-21:00,06:00-21:00,06:00-21:00,https://gofood.co.id/pasuruan/restaurant/u3-frozen-food-gempol-f4051135-8f27-40fe-8d11-5f95a628e06f,2025-07-13 18:47:06
"Mini Coffee Bar, Gempol",4.7,23.28 km,$···,Dibawah 16rb,"Kopi, Minuman, Cepat saji","Jl. Desa Karangrejo Utara, Gempol, Pasuruan",09:00-20:00,09:00-20:00,09:00-20:00,09:00-20:00,09:00-20:00,09:00-20:00,09:00-20:00,https://gofood.co.id/pasuruan/restaurant/mini-coffee-bar-gempol-6c199d8a-f746-407e-8b50-010eb55f595e,2025-07-13 18:47:01
"Kedai Risol maknyuss, Kejapanan",3.8,24.31 km,$$··,16rb-40rb,"Aneka nasi, Jajanan, Cepat saji",Jl.Mlaten Timur No 20 RT/RW : 006/011 DESA : KEJAPANAN KECAMATAN : GEMPOL,07:00-21:00,04:00-21:00,04:00-21:30,05:00-21:00,05:00-21:30,06:00-22:00,05:30-21:00,https://gofood.co.id/pasuruan/restaurant/kedai-risol-maknyuss-kejapanan-6eef24e1-ab76-4140-b9bf-660248bacb43,2025-07-13 18:47:08
"Dapur Online Buk Gendut, Gempol",4.6,22.98 km,$$··,16rb-40rb,"Minuman, Aneka nasi, Cepat saji","Deliring RT.001/RW.001, Winong, Gempol, Pasuruan",05:00-23:00,05:00-23:00,05:00-23:59,05:00-23:59,05:00-23:59,05:00-23:59,05:00-23:59,https://gofood.co.id/pasuruan/restaurant/dapur-online-buk-gendut-gempol-33af0907-9307-4732-879b-c094892e9912,2025-07-13 18:46:16
"Depot Es Campur Cs (Cak Sam) & Es Teler 89, Kejapanan",3.4,24.39 km,$···,Dibawah 16rb,"Minuman, Bakso & soto, Kopi","Jl. Arjosari (Depan Gang Cempaka Putih), Gempol, Pasuruan",00:00-23:59,00:00-23:59,00:00-23:59,00:00-23:59,00:00-23:59,00:00-23:59,00:00-23:59,https://gofood.co.id/pasuruan/restaurant/depot-es-campur-cs-cak-sam-es-teler-89-kejapanan-4b3c89af-7754-47fe-81ff-cdc128317c13,2025-07-13 18:47:17
"Masakan Padang Ampera Surya Gemilang, Gempol",4.4,24.14 km,$···,Dibawah 16rb,"Ayam & bebek, Minuman, Aneka nasi","Jl. Surabaya - Malang Raya, Gempol, Pasuruan",09:00-22:00,09:00-22:00,09:00-22:00,09:00-22:00,09:00-22:00,09:00-22:00,09:00-23:00,https://gofood.co.id/pasuruan/restaurant/masakan-padang-ampera-surya-gemilang-gempol-fc518e62-c203-4e21-8122-f7c05fdc9cb3,2025-07-13 18:47:31
"Warung Teko, Beji",4.8,15.88 km,$$$·,40rb-100rb,"Jajanan, Aneka nasi, Ayam & bebek, Minuman, Seafood","Desa Gajahbendo, Gajahbendo, Beji, Pasuruan",10:00-20:15,10:00-20:15,10:00-20:15,10:00-20:15,09:30-11:00 & 12:30-20:15,09:30-20:15,09:30-20:15,https://gofood.co.id/pasuruan/restaurant/warung-teko-beji-f7fce1d8-df38-4e0b-bbb3-c474b21eab86,2025-07-13 18:47:33
Martabak Indorasa Ngetal,4.4,24.1 km,$$$·,40rb-100rb,Martabak,Jl. Raya Apolo (Depan Alfamart Ngetal) Legupit Karangrejo Gempol Pasuruan,17:00-22:00,17:00-22:00,17:00-22:00,17:00-22:00,17:00-22:00,17:00-22:00,17:00-22:00,https://gofood.co.id/pasuruan/restaurant/martabak-indorasa-ngetal-44d8d353-843d-42d5-a588-5084042f0c44,2025-07-13 18:47:31
"Gedang Sinau, Gempol",4.6,24.46 km,$$··,16rb-40rb,"Jajanan, Minuman, Cepat saji","Jl. Intan No. 1, Gempol, Pasuruan",08:00-21:00,08:00-21:00,08:00-21:00,08:00-21:00,08:00-11:00 & 14:00-21:00,08:00-21:00,08:00-21:00,https://gofood.co.id/pasuruan/restaurant/gedang-sinau-gempol-e0bbf597-3bf3-4ab8-8b82-02b9697fe702,2025-07-13 18:47:33
"Nasi Geprek Cak Bejo, Gempol",4.3,24.24 km,$···,Dibawah 16rb,"Aneka nasi, Jajanan, Minuman","Perumahan Gempol Citra Asri, Blok MO 7, Gempol, Pasuruan",09:00-21:00,09:00-21:00,09:00-21:00,09:00-21:00,09:00-21:00,09:00-21:00,09:00-21:00,https://gofood.co.id/pasuruan/restaurant/nasi-geprek-cak-bejo-gempol-38121e8c-a4cc-4b22-9219-21f2c6876af1,2025-07-13 18:47:44
catering ALWIYAH (MENGGUNAKAN rempah AL HADROMY SPICES),4.4,15.93 km,$$$·,40rb-100rb,"Timur Tengah, Ayam & bebek, Aneka nasi","Jl. Pagak Gang4 Masjid, Beji, Pasuruan",09:00-22:00,09:00-22:00,09:00-22:00,09:00-22:00,09:00-22:00,09:00-22:00,09:00-22:00,https://gofood.co.id/pasuruan/restaurant/catering-alwiyah-menggunakan-rempah-al-hadromy-spices--eefd8cff-cd5c-46bf-872c-5020dbf15a93,2025-07-13 18:48:01
"Salad Katta, Gempol",4,24.71 km,$$··,16rb-40rb,"Sweets, Jajanan, Minuman","Jl. Surabaya - Malan Kejapanan Raya, Jl. Poncosunyo No. 29, Kejapanan, Gempol, Pasuruan",09:00-20:00,09:00-20:00,09:00-20:00,09:00-20:00,09:00-20:00,09:00-20:00,09:00-20:00,https://gofood.co.id/pasuruan/restaurant/salad-katta-gempol-d658de06-0228-4e26-b65f-ee9a1538e903,2025-07-13 18:48:07
"Teras Rumah, Kejapanan",Baru,24.65 km,$$··,16rb-40rb,"Kopi, Minuman, Cepat saji","Jl. Lembusekilan Rt 03/Rw 11 No.06, Embong Miring, Kejapanan, Kec. Gempol Kab. Pasuruan",07:00-21:00,07:00-21:00,Tutup,09:00-21:00,Tutup,09:00-21:00,07:00-21:00,https://gofood.co.id/pasuruan/restaurant/teras-rumah-kejapanan-9e7c47ca-3e05-4df2-8524-f71e09fe9764,2025-07-13 18:48:01
"Martabak Indorasa Kejapanan, Gempol",4.7,24.67 km,$$··,16rb-40rb,Martabak,"Jl. Malang Gempol Raya No. 178, Gempol, Pasuruab",17:00-22:00,17:00-22:00,17:00-22:00,17:00-22:00,17:00-22:00,17:00-22:00,17:00-22:30,https://gofood.co.id/pasuruan/restaurant/martabak-indorasa-kejapanan-gempol-ab6eff69-8772-4a9d-859d-c06944c88073,2025-07-13 18:48:00
"Kedai MakCella Fafacha SoWhat Bubble, Raya Kejapanan No 26 001/024",5,24.69 km,$···,Dibawah 16rb,Minuman,Raya Kejapanan 001/024 Utara Masjid AlJihad Kejapanan,08:00-23:00,08:00-23:00,08:00-23:00,08:00-23:00,08:00-23:00,08:00-23:00,08:00-22:00,https://gofood.co.id/pasuruan/restaurant/kedai-makcella-fafacha-sowhat-bubble-raya-kejapanan-no-26-001-024-d41e0b14-e2e3-4814-b27c-e30012494701,2025-07-13 18:48:17
"Rokubar Farabi, Gempol",4.4,24.41 km,$$$·,40rb-100rb,"Jajanan, Roti, Sweets","Jl. Raya Wonoayu (Depan Pabrik Spon Gempol), Gempol, Pasuruan",16:00-21:00,16:00-21:00,16:00-21:00,16:00-21:00,16:00-21:00,16:00-21:00,16:00-21:00,https://gofood.co.id/pasuruan/restaurant/rokubar-farabi-gempol-da5633a1-a01c-4c13-a735-a37d1c1dae8c,2025-07-13 18:48:34
Ayam Geprek Abizar,4.8,24.54 km,$$··,16rb-40rb,"Ayam & bebek, Minuman, Aneka nasi","Wonoayu Rt 002 Rw 007 Kec. Gempol, Kab. Pasuruan",09:00-19:00,Tutup,09:00-19:00,09:00-19:00,09:00-19:00,13:00-19:00,09:00-19:00,https://gofood.co.id/pasuruan/restaurant/ayam-geprek-abizar-905d2e27-94a0-46f6-b310-808bd91aafe5,2025-07-13 18:48:31
"Nasgor Cak Shokib Lapindo, Gempol",5,24.68 km,$$··,16rb-40rb,Aneka nasi,"Jl. Bulusari Raya (Dekat Nasgor Cak Shokib Lapindo), Gempol, Pasuruan",17:00-22:00,17:00-22:00,17:00-22:00,Tutup,17:00-22:00,17:00-22:00,17:00-22:00,https://gofood.co.id/pasuruan/restaurant/nasgor-cak-shokib-lapindo-gempol-fe19e459-ef8e-4734-8789-7b6d926a44d8,2025-07-13 18:48:39
"Seblak Sanglud, Sanglud",4.6,24.76 km,$···,Dibawah 16rb,"Bakmie, Bakso & soto, Cepat saji","Dusun Sanglud, desa Karangrejo. Kecamatan Gempol.",11:00-14:00 & 16:00-20:00,11:00-14:00 & 16:00-20:00,11:00-14:00 & 16:00-20:00,11:00-20:00,11:00-14:00 & 16:00-20:00,11:00-14:00 & 16:00-20:00,11:00-14:00 & 16:00-20:00,https://gofood.co.id/pasuruan/restaurant/seblak-sanglud-sanglud-4891ad3d-4c32-4209-9530-3fa5f640f431,2025-07-13 18:48:31
"Olahan Patin Tavida, Dusun Ngerong Raya",Baru,23.51 km,$$··,16rb-40rb,"Jajanan, Bakmie, Roti","Jl. Raya Dusun Ngerong, Gempol, Pasuruan",09:00-19:00,09:00-19:00,09:00-19:00,09:00-19:00,09:00-19:00,09:00-19:00,09:00-19:00,https://gofood.co.id/pasuruan/restaurant/olahan-patin-tavida-dusun-ngerong-raya-aa85de53-fbca-47d3-92b9-bdbcef8e72f9,2025-07-13 18:48:40
"ECO BURGER, Bulusari Gempol",4.6,24.58 km,$$··,16rb-40rb,"Timur Tengah, Jajanan, Roti","Dsn. Jembrung RT 03/07 Desa Bulusari Kecamatan Gempol, Kabupaten Pasuruan",Tutup,15:30-21:00,15:30-21:00,15:30-21:00,15:30-21:00,15:30-21:00,15:30-21:00,https://gofood.co.id/pasuruan/restaurant/eco-burger-bulusari-gempol-27be039f-09cd-4b45-b228-f6558451021d,2025-07-13 18:49:01
"Sate Seafood dan Dimsum Mama Chi, Gempol",Baru,24.69 km,$···,Dibawah 16rb,"Jajanan, Sate, Seafood","Pasar Pujasera No. 6, Gempol, Pasuruan",16:00-21:30,16:00-21:30,16:00-21:30,16:00-21:30,16:00-21:30,16:00-22:00,16:00-21:30,https://gofood.co.id/pasuruan/restaurant/sate-seafood-dan-dimsum-mama-chi-gempol-0179241b-788a-4db6-8aa6-7060531151a3,2025-07-13 18:48:57
"NC Donut N Cake, Depan Polindes Bulusari",Baru,24.76 km,$$··,16rb-40rb,"Minuman, Jajanan, Pizza & pasta",Dusun. Pakem Desa Bulusari Kec. Gempol Kab. Pasuruan Depan Polindes Bulusari,Tutup,07:00-11:00 & 16:30-20:30,07:00-11:00 & 16:30-20:30,07:00-11:00 & 16:30-20:30,07:00-11:00 & 16:30-20:30,07:00-11:00 & 16:30-20:30,16:30-20:30,https://gofood.co.id/pasuruan/restaurant/nc-donut-n-cake-depan-polindes-bulusari-93c2acfe-813d-46ef-83d7-097f681b1a48,2025-07-13 18:48:59
"Pujasera Padepokan Ayu, Viaduk Gempol",5,24.6 km,$···,Dibawah 16rb,"Chinese, Aneka nasi, Bakmie",Jalan Raya Gempol 148 Gempol (Viaduk),09:00-20:30,09:00-20:30,09:00-20:30,09:00-20:30,09:00-20:30,09:00-20:30,09:00-20:30,https://gofood.co.id/pasuruan/restaurant/pujasera-padepokan-ayu-viaduk-gempol-fcb7f866-850d-4386-a6e5-06f4a77452f4,2025-07-13 18:49:07
"SEMPOL BAROKAH, Tanjung gempol",Baru,24.71 km,····,Kisaran harga,"Jajanan, Cepat saji, Minuman",Tanjung gang 4 Nomer 15 Gempol pasuruan 67155,14:00-23:00,08:00-23:00,08:00-23:00,14:00-23:00,14:00-23:00,14:00-23:00,14:00-23:00,https://gofood.co.id/pasuruan/restaurant/sempol-barokah-tanjung-gempol-c41af2f1-83d0-4a02-aa87-a8e7c5fbd09f,2025-07-13 18:49:14
THAI TEA BANGBILL,4.8,15.44 km,$···,Dibawah 16rb,Minuman,"JL. BANGIL - PANDAAN, MINDI, SIDOWAYAH, BANGIL",09:00-21:00,09:00-21:00,09:00-21:00,09:00-21:00,09:00-21:00,09:00-21:00,09:00-21:00,https://gofood.co.id/pasuruan/restaurant/thai-tea-bangbill-ed1a3a85-74b0-40b0-8d05-8de880e81cce,2025-07-13 18:49:25
"Warung Sate Gule Kak Ida, Gempol Plaza",4.9,24.79 km,$$··,16rb-40rb,Sate,"Gempol Plaza, Blok W No. 5-7, Jl. Gempol Raya, Gempol, Pasuruan",09:00-21:00,09:00-21:00,09:00-21:00,09:00-21:00,Tutup,Tutup,09:00-21:00,https://gofood.co.id/pasuruan/restaurant/warung-sate-gule-kak-ida-gempol-plaza-6e8fbac5-137d-4515-8bd6-5edf44bd46e1,2025-07-13 18:49:32
"Awell Kitchen, Pogar - Bangil, Pasuruan",Baru,15.24 km,$$··,16rb-40rb,"Aneka nasi, Jajanan, Minuman","Jl.Jendral Sudirman no 25, pogar, bangil, pasuruan",09:00-21:00,Tutup,Tutup,Tutup,Tutup,09:00-21:00,09:00-21:00,https://gofood.co.id/pasuruan/restaurant/awell-kitchen-pogar-bangil-pasuruan-79a5181d-1bf0-4f4f-8da0-425fa74d8785,2025-07-13 18:49:31
"Depot Siang Malam, Gempol Plaza",4.6,24.8 km,$$··,16rb-40rb,"Minuman, Bakso & soto, Aneka nasi","Jl. Plasa Gempol No. 4, Gempol, Pasuruan",07:00-23:59,07:00-23:59,07:00-23:59,07:00-23:59,07:00-23:59,07:00-23:59,07:00-23:59,https://gofood.co.id/pasuruan/restaurant/depot-siang-malam-gempol-plaza-10819d0d-1ef1-49fe-b585-6414a38f0e30,2025-07-13 18:49:33
Depot Marem,4.9,24.8 km,$$$·,40rb-100rb,"Minuman, Aneka nasi",Sebelah Timur Gempol Plaza No.1-3,10:00-22:00,10:00-22:00,10:00-22:00,10:00-22:00,10:00-22:00,10:00-22:00,10:00-22:00,https://gofood.co.id/pasuruan/restaurant/depot-marem-fe650e43-4c37-4cd2-b7d2-3f7e16a7f6aa,2025-07-13 18:49:48
"Ayam Bakar Caramel & Thesnackz, Griya Bangil Asri Blok B-10",4.7,15.71 km,$$··,16rb-40rb,"Korea, Jajanan, Ayam & bebek","Griya Bangil Asri Blok B-10 (Sebelah Tol Bangil) Desa Kenep, Kec.Beji, Kab.Pasuruan",09:00-23:00,09:00-23:00,09:00-23:00,09:00-23:00,09:00-23:00,09:00-23:00,09:00-20:00,https://gofood.co.id/pasuruan/restaurant/ayam-bakar-caramel-thesnackz-griya-bangil-asri-blok-b-10-17fa68a4-5f9d-46d9-91c9-2b16818d0652,2025-07-13 18:49:46
"SAMBELAN WADER WELUT BANGIL, Beji,Mindi Sidowayah",4.8,15.16 km,$$··,16rb-40rb,"Ayam & bebek, Aneka nasi",Jalan Raya Bangil - Pandaan Km 1,10:00-21:00,10:00-21:00,10:00-22:00,10:00-21:00,09:00-21:00,10:00-21:00,10:00-21:00,https://gofood.co.id/pasuruan/restaurant/sambelan-wader-welut-bangil-beji-mindi-sidowayah-65a8e271-1e81-4247-a4df-c18dd9fbfb05,2025-07-13 18:50:05
"La Pizza, Bangil",4.8,15.17 km,$$$·,40rb-100rb,Pizza & pasta,"Jl. Bangil - Pandaan Raya KM 1, Pogar, Bangil, Pasuruan",09:30-20:30,10:00-20:30,10:00-20:30,09:30-20:30,11:00-20:30,10:30-20:30,11:00-20:30,https://gofood.co.id/pasuruan/restaurant/la-pizza-bangil-6f66cca8-d63c-4068-9c40-f7412b57e7cd,2025-07-13 18:49:58
Dessert By KOE,4.7,15.06 km,$$··,16rb-40rb,"Jajanan, Sweets, Roti","Jl. Jendral Sudirman, No.03, RT.01/RW.05, Diwet, Pogar, Bangil",09:00-20:30,09:00-20:30,09:00-20:30,09:00-20:30,09:00-20:30,13:00-20:30,09:00-20:30,https://gofood.co.id/pasuruan/restaurant/dessert-by-koe-518d5147-28fc-4e1a-8fa8-a09a1b42ffec,2025-07-13 18:50:08
Bakso Kabul & Mie Ayam Mas Arik,5,15.11 km,$···,Dibawah 16rb,Bakso & soto,"Jl Raya Pandaan - Bangil No 18, Gajah Bendo Pogar Bangil",09:00-21:00,09:00-21:00,09:00-21:00,09:00-21:00,09:00-21:00,09:00-21:00,09:00-21:00,https://gofood.co.id/pasuruan/restaurant/bakso-kabul-mie-ayam-mas-arik-ac37a173-83e5-4712-82b1-51c130cd76bd,2025-07-13 18:50:12
Mie Lonlon - Bangil,4.8,15.49 km,$$··,16rb-40rb,"Bakmie, Kopi, Jajanan","Perum Graha Pesona Bangil, Blok C3-09, Beji, Pasuruan",07:00-15:00 & 18:00-22:00,07:00-15:00 & 18:00-22:00,07:00-15:00 & 17:00-22:00,07:00-15:00 & 17:00-22:00,07:00-15:00 & 18:00-22:00,07:00-22:00,07:00-22:00,https://gofood.co.id/pasuruan/restaurant/mie-lonlon-bangil-6b9669df-c0d3-4cb8-b061-2599051af28a,2025-07-13 18:50:17
"Warung Lesty, Gempol",4.3,22.11 km,$···,Dibawah 16rb,"Minuman, Bakmie, Aneka nasi","Dsn. Randupitu Rt03/Rw03, Ds. Randupitu, Kec. Gempol, Kab. Pasuruan",09:00-21:30,09:00-21:30,09:00-21:30,09:00-21:30,Tutup,09:00-21:30,09:00-21:30,https://gofood.co.id/pasuruan/restaurant/warung-lesty-gempol-85462fbc-c82e-4442-b6d5-e95e05888d0e,2025-07-13 18:50:28
"Tuku Esteh X Tuku Ayam, Bangil",4.6,15.08 km,$···,Dibawah 16rb,"Minuman, Jajanan, Cepat saji",Jl. Bangil Pandaan KM 01 Bangil Pasuruan,09:00-21:30,09:00-21:30,09:00-21:30,09:00-21:30,09:00-10:30 & 17:00-20:15,09:00-21:30,09:00-21:30,https://gofood.co.id/pasuruan/restaurant/tuku-esteh-x-tuku-ayam-bangil-3f99976b-871b-45cd-a629-c013da61f5f6,2025-07-13 18:50:28
"Jupe Jumbo Jus, Randu Pitu",4,21.48 km,$···,Dibawah 16rb,"Minuman, Jajanan, Aneka nasi","Jl. Randupitu-Gunung Gangsir No.36, Babat, Randu Pitu, Kec. Gempol, Pasuruan, Jawa Timur 67155",09:00-21:00,09:00-20:45,09:00-21:00,15:00-21:00,09:00-21:00,09:00-20:45,09:00-20:45,https://gofood.co.id/pasuruan/restaurant/jupe-jumbo-jus-randu-pitu-1da3347c-670e-40ec-8218-719ee4a5f222,2025-07-13 18:50:36
Waroeng Sambel,4.9,15 km,$$··,16rb-40rb,"Aneka nasi, Ayam & bebek, Minuman","Jl. Raya Pandaan-bangil Km.2 No. 27, Sidowayah, Pogar, Bangil, Pasuruan, Jawa Timur.",09:30-20:30,09:30-20:30,09:30-20:30,09:30-20:30,13:00-20:30,09:30-20:30,09:30-20:30,https://gofood.co.id/pasuruan/restaurant/waroeng-sambel-20877e64-272d-4f86-96bc-65fa40a6117e,2025-07-13 18:50:32
"RM Setia Jaya, Bangil",3.8,14.75 km,$$··,16rb-40rb,"Aneka nasi, Ayam & bebek, Seafood","Jl. Pandaan-Bangil Raya, No.27-18 Pogar, .Bangil, Pasuruan",00:00-23:59,10:00-23:00,10:00-23:00,10:00-23:00,09:00-23:00,11:00-23:59,09:00-23:00,https://gofood.co.id/pasuruan/restaurant/rm-setia-jaya-bangil-5a011dc6-6fc7-4c56-b7e4-336ee4085f35,2025-07-13 18:50:52
"Tahu Bumbu Ceker Setan , Dusun Tanggul  Desa baujeng",Baru,19.33 km,$···,Dibawah 16rb,"Ayam & bebek, Jajanan, Kopi",Dusun Tanggul rt 001 rw 001 desa bauje g kecamatan beji,11:00-22:00,11:00-22:00,11:00-22:00,11:00-22:00,11:00-22:00,11:00-22:00,11:00-22:00,https://gofood.co.id/pasuruan/restaurant/tahu-bumbu-ceker-setan-dusun-tanggul-desa-baujeng-15942c5b-d8de-4f5c-a612-69c3b166912f,2025-07-13 18:50:43
Apung Sukabumi,4.8,14.87 km,$$$·,40rb-100rb,"Aneka nasi, Ayam & bebek, Seafood","Jl. Kolursari, RT.1 / RW.4, Sidowayah, Kolursari, Kec. Beji, Pasuruan, Jawa Timur",09:00-20:00,09:00-20:00,09:00-20:00,09:00-20:00,09:00-20:00,09:00-20:00,09:00-20:00,https://gofood.co.id/pasuruan/restaurant/apung-sukabumi-b1570ddf-2e2d-4ca0-8682-a032b2ffa5d7,2025-07-13 18:50:59
"Es Jus Suegerrr Dan Roti Bakar, Bangil",4.7,14.72 km,$$··,16rb-40rb,"Roti, Sweets, Minuman","Jl. Mangga, Gang Nuri 3, Bangil, Pasuruan",07:00-23:59,07:00-23:59,07:00-23:59,07:00-23:59,07:00-23:59,07:00-23:59,07:00-23:59,https://gofood.co.id/pasuruan/restaurant/es-jus-suegerrr-dan-roti-bakar-bangil-2eeea876-f87c-4082-92b6-2ea30aed7f22,2025-07-13 18:50:52
"RM Ampera Roda Baru, Kepulungan",4,23.84 km,$$··,16rb-40rb,"Aneka nasi, Minuman","Jalan Raya Surabaya Malang, Damean Ds Kepulungan Gempol",08:00-23:59,08:00-23:59,08:00-23:59,08:00-23:59,08:00-23:59,08:00-23:59,08:00-23:59,https://gofood.co.id/pasuruan/restaurant/rm-ampera-roda-baru-kepulungan-11496083-a9d4-4a18-bc6b-d39bb2587472,2025-07-13 18:51:10
Happiness Beji,Baru,19.07 km,$···,Dibawah 16rb,"Jajanan, Minuman",JALAN RAYA PANDAAN-BANGIL. TANGGUL RT.001 RW.001 No.26 BAUJENG -BEJI - PASURUAN,09:00-21:00,09:00-21:00,09:00-21:00,09:00-21:00,09:00-21:00,09:00-21:00,09:00-21:00,https://gofood.co.id/pasuruan/restaurant/happiness-beji-b9f7b342-a3af-4b0c-8f8b-8aea45cf5087,2025-07-13 18:51:15
"Spesial Bakso Solo 354 Daging Sapi Asli, Timur Stasiun Bangil",4.8,14.43 km,$···,Dibawah 16rb,"Bakso & soto, Cepat saji","CQ2H+QH3, Jl. Gajah Mada, Gajah, Pogar, Kec. Bangil, Pasuruan, Jawa Timur 67153",10:00-22:15,10:00-22:15,10:00-22:15,10:00-22:15,10:00-22:15,10:00-22:15,10:00-22:15,https://gofood.co.id/pasuruan/restaurant/spesial-bakso-solo-354-daging-sapi-asli-timur-stasiun-bangil-541a36eb-b329-4cfc-9025-6ee08732fd49,2025-07-13 18:51:28
"Ikan Bakar Mbak Nov, Kepulungan",4.8,23.33 km,$$··,16rb-40rb,Seafood,"Jl. Betas, Gempol, Pasuruan",10:00-19:30,10:00-17:30,10:00-19:30,10:00-19:30,10:00-19:30,10:00-19:30,10:00-19:30,https://gofood.co.id/pasuruan/restaurant/ikan-bakar-mbak-nov-kepulungan-fa333882-5957-4e9b-bf41-266434326cf8,2025-07-13 18:51:17
"Bakso H Khozin, Beji",4.6,14.56 km,$···,Dibawah 16rb,Bakso & soto,"Jl. Cumi-cumi No. 9, Beji, Pasuruan",10:00-20:30,10:00-20:30,10:00-20:30,Tutup,10:00-20:30,10:00-20:30,10:00-20:30,https://gofood.co.id/pasuruan/restaurant/bakso-h-khozin-beji-a119934d-7910-4713-b839-1a4575a8b204,2025-07-13 18:51:46
"Kedai Es Thania, Gempol",4.7,23.99 km,$···,Dibawah 16rb,"Minuman, Sweets, Jajanan","Jl. Raya Sby-Mlg No. 42 ( Masjid An-nur Kepulungan ), Gempol, Pasuruan.",08:00-19:00,07:00-19:00,07:00-19:00,07:00-19:00,07:00-19:00,07:00-19:00,07:00-19:00,https://gofood.co.id/pasuruan/restaurant/kedai-es-thania-gempol-e80354ab-bac9-4f18-b078-78b75840233f,2025-07-13 18:51:48
"Pempek Mangcik, Gajah Mada",4.6,14.3 km,$$··,16rb-40rb,Jajanan,"Jl. Gajah Mada No. 241, Bangil, Pasuruan",09:00-20:00,09:00-20:00,09:00-20:00,09:00-20:00,09:00-20:00,09:00-20:00,09:00-20:00,https://gofood.co.id/pasuruan/restaurant/pempek-mangcik-gajah-mada-18e3c265-fa1d-4018-b114-4f310e184054,2025-07-13 18:52:01
"MARTABAK BANGKA BANG MIERZA, Depan Puskesmas Bangil",4.9,14.27 km,$$$·,40rb-100rb,Martabak,Jl. Mangga No 548 Kidul Dalem (puskesmas Bangil),16:00-22:00,16:00-22:00,16:00-22:00,16:00-22:15,16:00-22:00,16:00-22:15,16:00-22:15,https://gofood.co.id/pasuruan/restaurant/martabak-bangka-bang-mierza-depan-puskesmas-bangil-3ece9870-e673-4db0-8842-7c61a9d42f5d,2025-07-13 18:52:09
"Pukis Faisal, Bangil/Pogar/Jl. Gajah Mada",3.7,14.28 km,$···,Dibawah 16rb,Jajanan,Jl. Gajahmada 526 Timurnya Stasiun Bangil,10:00-20:00,10:00-20:00,10:00-20:00,10:00-20:00,Tutup,10:00-20:00,10:00-21:00,https://gofood.co.id/pasuruan/restaurant/pukis-faisal-bangil-pogar-jl-gajah-mada-127e8a13-a961-48ea-b57c-1de0a95ac5b5,2025-07-13 18:52:02
"Bakso Boom Bangil, Apel",4.9,14.26 km,$···,Dibawah 16rb,Bakso & soto,"Jl. Apel No. 26 Kidul Dalem, Bangil, Pasuruan",08:30-19:30,08:45-19:30,08:45-19:30,08:45-19:30,08:45-19:30,08:45-19:30,08:45-19:30,https://gofood.co.id/pasuruan/restaurant/bakso-boom-bangil-apel-28229e28-9cc7-430e-aa9f-8f5ad75ef8d4,2025-07-13 18:52:22
"Sukaku Chicken, Bangil",4.5,14.26 km,$$··,16rb-40rb,"Aneka nasi, Minuman","Jl. Apel No. 564, Bangil, Pasuruan",04:30-12:30,00:00-23:59,00:00-23:59,00:00-23:59,00:00-23:59,00:00-23:59,00:00-23:59,https://gofood.co.id/pasuruan/restaurant/sukaku-chicken-bangil-76e61519-bfd7-4fbc-9337-520a0a7a15b3,2025-07-13 18:52:28
"Mak Ciem, Bangil",4.6,14.45 km,$···,Dibawah 16rb,Jajanan,Jalan Gajah Mada No 523,10:00-20:30,10:00-20:30,10:00-20:30,10:00-20:30,10:00-20:30,10:00-20:30,10:00-20:30,https://gofood.co.id/pasuruan/restaurant/mak-ciem-bangil-54b8583c-8c0d-426f-859f-a602e9f1688e,2025-07-13 18:51:23
"Rizquna Lalapan, Jl. Apel",4.8,14.25 km,$···,Dibawah 16rb,"Minuman, Ayam & bebek, Indonesia",Jl. Apel 565 Pasar Baru Bangil Kab. Pasuruan,10:00-23:45,10:00-23:45,10:00-23:45,10:00-23:45,10:00-23:45,10:00-23:45,10:00-22:00,https://gofood.co.id/pasuruan/restaurant/rizquna-lalapan-jl-apel-a2a5b426-9132-4661-b222-1e67821b8b9a,2025-07-13 18:52:36
"Warung Masakan Enak!!, Pandaan",4,19.94 km,$$··,16rb-40rb,"Aneka nasi, Ayam & bebek","Belakang Warung bestie, Jl. Raya Pandaan-Bangil, Tudan, Kemirisewu, Pandaan",10:00-20:00,10:00-20:00,10:00-20:00,10:00-20:00,10:00-20:00,10:00-20:00,10:00-20:00,https://gofood.co.id/pasuruan/restaurant/warung-masakan-enak-pandaan-f59afb28-af6e-4841-b58d-659f49a75b1b,2025-07-13 18:52:45
"Geprek Rizquna, Kota Bangil",4.8,14.25 km,$···,Dibawah 16rb,"Ayam & bebek, Cepat saji, Aneka nasi","Jl. Apel Pasar Baru 564, Bangil, Pasuruan",10:00-23:45,10:00-23:45,10:00-23:45,10:00-23:45,10:00-23:45,10:00-23:45,10:00-22:00,https://gofood.co.id/pasuruan/restaurant/geprek-rizquna-kota-bangil-95502845-f913-40c2-af02-62d85cf5f534,2025-07-13 18:52:35
"Depot Puas, Bangil",4.8,14.23 km,$$$·,40rb-100rb,Aneka nasi,"Ruko Ahmad Yani Center 3A & 4A, Jl. Ahmad Yani, Bangil, Pasuruan",08:00-21:00,08:00-21:00,08:00-21:00,08:00-21:00,08:00-21:00,08:00-21:00,08:00-21:00,https://gofood.co.id/pasuruan/restaurant/depot-puas-bangil-b4442631-efbb-4470-a794-5b43655f44aa,2025-07-13 18:52:52
"Wr. Bang Ronny, Kepulungan",4.3,23.93 km,$$··,16rb-40rb,"Minuman, Bakso & soto, Sate","Jl. Raya Kepulungan KM.40 No. 119a, Gempol, Pasuruan",09:00-19:00,09:00-19:00,09:00-19:00,09:00-19:00,09:00-19:00,09:00-19:00,09:00-19:00,https://gofood.co.id/pasuruan/restaurant/wr-bang-ronny-kepulungan-aeb9b803-bc09-4059-947e-8e032bfd4f96,2025-07-13 18:53:00
Teabreak Bangil,4.5,14.19 km,$···,Dibawah 16rb,"Minuman, Sweets",Jalan Ahmad Yani No 22,09:00-21:30,09:00-21:30,09:00-21:30,09:00-21:30,09:00-21:30,09:00-21:30,09:00-21:30,https://gofood.co.id/pasuruan/restaurant/teabreak-bangil-faa88aff-01f0-4863-96f2-2a66c93aa428,2025-07-13 18:53:13
"Seblak Dapur Bunda Fiah, Glanggang Lor,Dusun Sentono",4.3,14.58 km,$···,Dibawah 16rb,"Jajanan, Cepat saji, Minuman","Dusun Sentono, Rt/Rw:13/05, Desa: Glanggang, Kec:Beji, Kab:Pasuruan (Jawa Timur). Belakang SMP Ndunurain.",10:00-21:00,11:00-20:00,10:00-21:00,11:30-21:00,09:00-14:30 & 18:00-22:00,09:30-21:00,11:00-21:00,https://gofood.co.id/pasuruan/restaurant/seblak-dapur-bunda-fiah-glanggang-lor-dusun-sentono-c8c12bce-dfa1-4f96-834e-8076641467d2,2025-07-13 18:53:21
"Warung Kebab Baba Dzacky, Bangil",5,14.11 km,$···,Dibawah 16rb,Timur Tengah,"Jl. Diponegoro (Pasar Lama), Bangil, Pasuruan",17:00-22:00,17:00-22:00,17:00-22:00,17:00-22:00,17:00-22:00,17:00-22:00,17:00-22:00,https://gofood.co.id/pasuruan/restaurant/warung-kebab-baba-dzacky-bangil-01638394-d2ba-416c-973e-22f1d6bc178a,2025-07-13 18:53:23
"Mie Ayam Ceker & Bakso Pak Di, Ahmad Yani",4.8,14.13 km,$$··,16rb-40rb,"Bakso & soto, Bakmie",Jl Ahmad Yani Blok D Bangil,10:30-21:30,10:30-21:30,10:30-21:30,10:30-21:30,10:00-22:00,10:30-21:30,10:30-21:30,https://gofood.co.id/pasuruan/restaurant/mie-ayam-ceker-bakso-pak-di-ahmad-yani-8d2c1e72-1e1a-43ed-a3af-5bc528f616aa,2025-07-13 18:53:21
"Scoopy Chicken & Steak, Ahmad Yani",4.7,14.19 km,$$··,16rb-40rb,Ayam & bebek,"Jl. Ahmad Yani No. 17, Bangil, Pasuruan",09:00-20:30,09:00-20:30,09:00-20:30,09:00-20:30,09:00-20:30,09:00-20:30,09:00-20:30,https://gofood.co.id/pasuruan/restaurant/scoopy-chicken-steak-ahmad-yani-4b880ffb-84d0-48b1-95f5-f755e0e6adce,2025-07-13 18:53:12
Rejeki Langgeng,3.6,14.05 km,$$··,16rb-40rb,"Aneka nasi, Ayam & bebek, Minuman",Jl.Diponegoro No 55 Pasar Lama Bangil,06:00-22:00,06:00-22:00,06:00-22:00,06:00-22:00,08:00-16:00,Tutup,10:00-22:00,https://gofood.co.id/pasuruan/restaurant/rejeki-langgeng-f20ba7a3-ecb6-45af-ab8e-45c994ad0ac3,2025-07-13 18:53:50
"Kemkem Geprek, Bangil",4.7,14.09 km,$···,Dibawah 16rb,"Aneka nasi, Jajanan, Minuman","Jl. Anggur No.2, Bangil, Pasuruan",07:00-23:00,07:00-23:00,07:00-23:00,07:00-23:00,07:00-23:00,07:00-23:59,07:30-23:00,https://gofood.co.id/pasuruan/restaurant/kemkem-geprek-bangil-0fdde64b-5ca4-47a5-9275-e6c0d053f813,2025-07-13 18:53:45
Tahu Jos Jos & Pentol Galak,Baru,14.07 km,$···,Dibawah 16rb,"Cepat saji, Jajanan, Bakso & soto","Jl Dorang 245, Bangil",08:00-12:00 & 16:30-21:00,08:00-12:00 & 16:30-21:00,08:00-12:00 & 16:30-21:00,08:00-12:00 & 16:30-21:00,08:00-12:00 & 16:30-21:00,08:00-12:00 & 16:30-21:00,08:00-12:00 & 16:30-21:00,https://gofood.co.id/pasuruan/restaurant/tahu-jos-jos-pentol-galak-3ccb4a41-9724-46bd-819f-52c1f53fd0d8,2025-07-13 18:53:49
"Kava Kitchen, Bangil",4.1,14.09 km,$$··,16rb-40rb,"Aneka nasi, Ayam & bebek, Minuman","Jl. Cucut No. 227, Bangil, Pasuruan",00:00-23:59,00:00-23:59,00:00-23:59,00:00-23:59,00:00-23:59,00:00-23:59,00:00-23:59,https://gofood.co.id/pasuruan/restaurant/kava-kitchen-bangil-b2d20b93-ca0c-40d4-89af-644cf8efb951,2025-07-13 18:53:50
"Sego Bungkus Kacang Ijo Kadir Jabir, Alun Alun Utara",4.4,13.97 km,$···,Dibawah 16rb,"Cepat saji, Aneka nasi, Minuman","Jl. Alun Alun Utara (Sebelah Barat Gedung Lina Bakti), Bangil, Pasuruan",17:00-22:00,17:00-22:00,17:00-22:00,Tutup,17:00-22:00,17:00-22:00,17:00-22:00,https://gofood.co.id/pasuruan/restaurant/sego-bungkus-kacang-ijo-kadir-jabir-alun-alun-utara-1bf72c48-d5c5-43ac-a85c-b0ef786c8467,2025-07-13 18:54:17
"Nasi Goreng Dan Nasi Soto Ayam Lamongan (Pranem) Kak Sarbini, Diponegoro",4.1,13.94 km,$$··,16rb-40rb,"Bakso & soto, Aneka nasi, Cepat saji","Jl. Diponegoro No.346, Bangil, Pasuruan",06:30-21:30,06:30-21:30,06:30-21:30,06:30-21:30,06:30-21:30,06:30-21:30,06:30-21:30,https://gofood.co.id/pasuruan/restaurant/nasi-goreng-dan-nasi-soto-ayam-lamongan-pranem-kak-sarbini-diponegoro-88173948-2e70-4514-971b-ebeb0908bf3c,2025-07-13 18:54:14
"Salad Kiper, Salak",4.8,13.89 km,$$$·,40rb-100rb,Jajanan,"Jl. Salak No. 599, Bangil, Pasuruan",00:00-04:00 & 05:00-23:59,00:00-04:00 & 05:00-23:59,00:00-04:00 & 05:00-23:59,00:00-04:00 & 05:00-23:59,00:00-04:00 & 05:00-23:59,00:00-04:00 & 05:00-23:59,00:00-04:00 & 05:00-23:59,https://gofood.co.id/pasuruan/restaurant/salad-kiper-salak-20dea7cb-1df2-4845-82b8-feb791723ef8,2025-07-13 18:54:24
"Teh Poci Pojok, Kolursari Gang Masjid",4.4,13.93 km,$···,Dibawah 16rb,Minuman,"Jln. Kolursari No. 24, Kolursari, Bangil",08:00-20:30,07:00-20:30,07:00-20:30,07:00-20:30,08:00-20:30,08:00-20:30,08:00-20:30,https://gofood.co.id/pasuruan/restaurant/teh-poci-pojok-kolursari-gang-masjid-3a5ed84d-d37f-47cc-a80e-8cbf1041a327,2025-07-13 18:54:27
"Ampera Ranah Minang Masakan Padang, Gempol",4.8,23.94 km,$$··,16rb-40rb,Aneka nasi,"Jl. Surabaya Malang Raya No. 162, Gempol, Pasuruan",08:00-20:00,08:00-20:00,08:00-20:00,08:00-20:00,08:00-20:00,08:00-20:00,08:00-20:00,https://gofood.co.id/pasuruan/restaurant/ampera-ranah-minang-masakan-padang-gempol-6a67e80e-37ea-4e9a-ad86-5ff4cf8a6d41,2025-07-13 18:54:17
"Mie Pangsit Malang, Bendomungal Playground HY-Chi",4.2,13.83 km,$···,Dibawah 16rb,"Bakmie, Jajanan, Minuman",Jl ikan paus 302 bendomungal ( PLAYGROUND HY-CHI),16:30-20:30,16:30-20:30,16:30-20:30,Tutup,16:30-20:30,09:00-12:00 & 16:30-21:00,09:00-12:00 & 16:30-21:00,https://gofood.co.id/pasuruan/restaurant/mie-pangsit-malang-bendomungal-playground-hy-chi-3f385e81-ced5-491e-86d1-98bdabeec100,2025-07-13 18:54:52
Seblak Mami Supri,4.7,23.95 km,$$··,16rb-40rb,Jajanan,Arcopodo RT.04 RW.03 Kepulungan Gempol,09:00-17:30 & 18:30-20:00,09:00-17:30 & 18:30-20:45,09:00-17:30 & 18:30-20:00,09:00-17:30 & 18:30-20:00,09:00-17:30 & 18:30-20:00,09:00-17:30 & 18:30-20:45,09:00-17:30 & 18:30-20:00,https://gofood.co.id/pasuruan/restaurant/seblak-mami-supri-433501a8-7274-4437-b17e-40cd70439c2f,2025-07-13 18:54:40
"Capitano Cafe & Resto, Bangil",4.7,13.83 km,$$··,16rb-40rb,"Jajanan, Bakmie, Aneka nasi","Jl. Kolursari, Sidowayah, Kolursari, Kec. Bangil, Pasuruan, Jawa Timur 67153",17:15-22:00,17:15-22:00,17:15-22:00,17:15-22:00,17:15-22:00,17:00-22:00,17:00-22:00,https://gofood.co.id/pasuruan/restaurant/capitano-cafe-resto-bangil-6ba03090-8726-4ccd-8e1d-247ab387a4b5,2025-07-13 18:54:51
RIFDA SHOP,Baru,13.89 km,$···,Dibawah 16rb,Minuman,JL. TENGIRI 447 RT.06 RW.02 BENDOMUNGAL BANGIL,07:30-21:00,07:30-21:00,07:30-21:00,07:30-17:00,Tutup,07:30-21:00,09:00-20:00,https://gofood.co.id/pasuruan/restaurant/rifda-shop-a311e70b-bc3e-4b61-98d6-c96359932d84,2025-07-13 18:54:56
"Ayam Bakar Solo Pak Manteb, Bangil",4.9,13.8 km,$···,Dibawah 16rb,Ayam & bebek,"Jl. Jeruk (Timur Kantor Kelurahan Kiduldalem), Kiduldalem, Bangil, Pasuruan",10:00-21:00,10:00-21:00,10:00-21:00,10:00-21:00,09:00-21:00,10:00-21:00,10:00-21:00,https://gofood.co.id/pasuruan/restaurant/ayam-bakar-solo-pak-manteb-bangil-cf6d841b-c331-480f-a44d-bd1de53530a7,2025-07-13 18:54:52
"Ronggolawe, Bangil",4.2,13.81 km,$$··,16rb-40rb,"Jajanan, Aneka nasi, Ayam & bebek","Alun Alun Bangil, Bangil, Pasuruan",17:00-23:59,17:00-23:59,17:00-23:59,17:00-23:59,17:00-23:59,17:00-23:59,17:00-23:59,https://gofood.co.id/pasuruan/restaurant/ronggolawe-bangil-f2db4703-51d4-407f-930a-b9b2d52814c5,2025-07-13 18:55:15
"Roti Jhon Mories, Bangil",3.9,13.8 km,$···,Dibawah 16rb,"Cepat saji, Jajanan, Roti","Jl. Alun Alun Timur, Kauman, Kec Bangil, Pasuruan",17:00-21:00,17:00-21:00,17:00-21:00,17:00-21:00,17:00-21:00,17:00-21:00,17:00-21:00,https://gofood.co.id/pasuruan/restaurant/roti-jhon-mories-bangil-47e5bab8-e7e7-4387-a9d8-7518b90c645b,2025-07-13 18:55:27
Donuts Halwa,Baru,13.81 km,$···,Dibawah 16rb,Roti,Sebelah Timur Alun-alun Bangil,17:00-22:00,17:00-22:00,17:00-22:00,Tutup,17:00-22:00,17:00-22:00,17:00-22:00,https://gofood.co.id/pasuruan/restaurant/donuts-halwa-69022f61-3a49-4762-884f-ad7c3ee7e5a0,2025-07-13 18:55:18
"Larissa Cafe, Bangil",5,13.79 km,$$··,16rb-40rb,"Bakso & soto, Cepat saji, Minuman","Kompleks Syari'ah Amanah Hotel, Jl. Timur Alun-Alun Bangil, Bangil, Pasuruan",08:00-22:15,08:00-22:15,08:00-22:15,08:00-22:15,08:00-22:15,08:00-22:15,08:00-22:15,https://gofood.co.id/pasuruan/restaurant/larissa-cafe-bangil-5a590728-ca88-446a-a1ae-9bb7195ffcb5,2025-07-13 18:55:30
"Jajan JJ, Bangil",4.5,13.81 km,$$··,16rb-40rb,"Martabak, Korea, Jajanan","Jl. Paus No. 7 (Pertokoan Utara Alun-Alun Bangil), Bangil, Pasuruan",14:00-23:59,13:00-23:59,14:00-23:59,14:00-23:59,14:00-23:59,13:00-23:00,09:00-23:00,https://gofood.co.id/pasuruan/restaurant/jajan-jj-bangil-79672663-4119-4bec-abd0-dea5c0f5c993,2025-07-13 18:55:31
"Ayam Bebek Goreng Mecicil Cak Iwan, Bangil",3.6,13.78 km,$$··,16rb-40rb,"Ayam & bebek, Aneka nasi",Jl. Alun2 Timur depan Hotel Amanah Bangil,14:00-21:00,14:00-21:00,14:00-21:00,14:00-21:00,14:00-21:00,14:00-21:00,14:00-21:00,https://gofood.co.id/pasuruan/restaurant/ayam-bebek-goreng-mecicil-cak-iwan-bangil-ebf47262-645b-4efb-9bde-b278c1b981a6,2025-07-13 18:55:42
"ES CAK DUAN, Bangil",4.2,13.7 km,$$··,16rb-40rb,"Bakso & soto, Minuman","Jl. Untung Suropati No. 425, Bangil, Pasuruan",09:30-21:00,09:30-21:00,09:30-21:00,09:30-21:00,09:30-21:00,09:30-21:00,09:30-21:00,https://gofood.co.id/pasuruan/restaurant/es-cak-duan-bangil-b8c158e0-c02f-452f-a7fc-f4f815ddb255,2025-07-13 18:55:52
"Frozen Food Azza Kitchen, Bangil Bendomungal",3.6,13.88 km,$$$·,40rb-100rb,"Cepat saji, Jajanan, Roti",Jalan Tengiri No 567 Sangeng Kec Bangil Kab Pasuruan,09:00-21:00,09:00-21:00,09:00-21:00,09:00-21:00,09:00-21:00,09:00-21:00,09:00-21:00,https://gofood.co.id/pasuruan/restaurant/frozen-food-azza-kitchen-bangil-bendomungal-1c694212-71a0-4317-950c-0094c88e026b,2025-07-13 18:55:53
"SQL Kopi, Bangil",5,13.69 km,$···,Dibawah 16rb,"Kopi, Minuman, Aneka nasi",Jalan Jeruk 521 Kidul Dalem Bangil,10:00-23:59,10:00-23:59,10:00-23:59,10:00-23:59,13:00-23:59,10:00-23:59,10:00-23:59,https://gofood.co.id/pasuruan/restaurant/sql-kopi-bangil-9c1c8d4b-7807-4843-8b6d-603baab5a2ab,2025-07-13 18:55:56
"Shawarma Republic, Kersikan",4.8,13.78 km,$$··,16rb-40rb,"Cepat saji, Jajanan, Timur Tengah","Jl. Lumba Lumba No 3, Bangil, Pasuruan",16:30-22:00,16:30-22:00,16:30-22:00,16:30-22:00,16:30-22:00,16:30-22:00,16:30-22:00,https://gofood.co.id/pasuruan/restaurant/shawarma-republic-kersikan-2fa2ae7b-c754-4ce0-b73d-4a3a8fbf9ae4,2025-07-13 18:56:00
Juice Q_ta,Baru,23.66 km,$···,Dibawah 16rb,"Jajanan, Cepat saji, Minuman",Jl Raya Surabaya Malang No 9 Rt 99 Rw 99 Kepulungan Gempol,Tutup,15:00-20:00,15:00-20:00,Tutup,15:00-20:00,15:00-20:00,15:00-20:00,https://gofood.co.id/pasuruan/restaurant/juice-q_ta-48423846-e13d-4e73-8172-0b3aa5763f6f,2025-07-13 18:56:15
"Warunk Santai,  Lumba-Lumba",4.9,13.79 km,$···,Dibawah 16rb,"Jajanan, Korea, Minuman","Pertokoan Niaga Kav. 1, Jl. Lumba-Lumba, Bangil, Pasuruan",10:00-21:00,10:00-21:00,10:00-21:00,10:00-21:00,13:00-21:00,10:00-21:00,10:00-21:00,https://gofood.co.id/pasuruan/restaurant/warunk-santai-lumba-lumba-f377aedd-3ef0-46c7-98ea-12f314de771e,2025-07-13 18:56:06
"Mami Judes, Bangil",4.9,13.65 km,$···,Dibawah 16rb,"Aneka nasi, Ayam & bebek, Cepat saji","Jl. Jambu I No. 186, Bangil, Pasuruan",09:30-23:00,09:30-22:45,09:30-23:00,09:30-23:00,09:30-22:30,09:30-19:15,18:30-21:45,https://gofood.co.id/pasuruan/restaurant/mami-judes-bangil-92197958-3ec9-48d5-a718-37af66da62ad,2025-07-13 18:56:12
"Squat Thai Tea & Dimsum, Bangil",4.8,13.62 km,$···,Dibawah 16rb,"Minuman, Jajanan","Jl. Jambu No. 645, Bangil, Pasuruan",10:00-20:30,10:00-20:30,10:00-22:00,10:00-20:30,10:15-20:30,10:00-20:30,10:00-20:30,https://gofood.co.id/pasuruan/restaurant/squat-thai-tea-dimsum-bangil-e991ddb8-0355-4d93-8e50-ca43fbfbacde,2025-07-13 18:56:28
"Martabak Sam Oliz, Bangil",4.9,13.65 km,$$··,16rb-40rb,"Jajanan, Martabak, Roti","Jl. Untung Suropati No. 425 (Timur Alun Kersikan), Bangil, Pasuruan",17:00-23:00,16:00-23:00,16:00-23:15,16:00-23:00,16:00-23:45,16:15-23:30,17:00-23:00,https://gofood.co.id/pasuruan/restaurant/martabak-sam-oliz-bangil-195dda4f-36d3-4ec4-9089-3be22c869c33,2025-07-13 18:56:26
"Sangjoba, Kersikan",5,13.67 km,$$··,16rb-40rb,"Jajanan, Sweets, Minuman","Jl. Kersikan, Gang 2 No. 172 (Sebelah Grojokan Sungai Bangil), Bangil, Pasuruan",09:00-19:00,09:00-19:00,09:00-19:00,09:00-19:00,09:00-19:00,09:00-19:00,09:00-19:00,https://gofood.co.id/pasuruan/restaurant/sangjoba-kersikan-5bb956aa-5a07-4734-bf77-e1afa1defab3,2025-07-13 18:43:57
"Es Durian K451L, Bangil",3.9,13.77 km,$···,Dibawah 16rb,"Minuman, Sweets",Jl Lumba Lumba No 126 Kersikan Bendomungal Kec Bangil Pasuruan,11:00-21:00,11:00-21:00,11:00-21:00,11:00-21:00,15:15-21:00,11:00-21:00,11:00-21:00,https://gofood.co.id/pasuruan/restaurant/es-durian-k451l-bangil-389a2d5c-9230-4dd2-9b6c-6d65f1d99d27,2025-07-13 18:43:57
Kedai Cahaya Kiduldalem,4.9,13.61 km,$···,Dibawah 16rb,"Jajanan, Minuman",Jalan Durian 272 RT005/RW004 Bangil,09:00-21:30,09:00-21:30,09:00-21:30,09:00-21:30,09:00-21:30,09:00-21:30,09:00-21:30,https://gofood.co.id/pasuruan/restaurant/kedai-cahaya-kiduldalem-69a16673-c167-44f5-a269-d903a11b03c5,2025-07-13 18:43:56
"Martabak dan Terang Bulan Ilma, Jambu",4.7,13.63 km,$$··,16rb-40rb,"Jajanan, Martabak","Jl Jambu No. 145, Kiduldalem, Bangil, Pasuruan",16:00-23:00,16:00-23:00,16:00-23:00,16:00-23:00,16:00-23:00,16:00-23:00,16:00-23:00,https://gofood.co.id/pasuruan/restaurant/martabak-dan-terang-bulan-ilma-jambu-0afac617-b61c-48b7-adf9-81d7dd7fbc5a,2025-07-13 18:43:55
Mellita Sari Bakery,5,13.55 km,$$$·,40rb-100rb,"Cepat saji, Roti",Jl Untung Suropati No 84 Bangil Pasuruan,07:00-22:00,07:00-22:00,07:00-22:00,07:00-22:00,07:00-22:00,07:00-22:00,06:00-22:00,https://gofood.co.id/pasuruan/restaurant/mellita-sari-bakery-e717f09d-d5d2-405e-97c3-f3d6cd10fa61,2025-07-13 18:44:21
"Tahu Telor Khas Surabaya, Perum Asabri Nogosari Pandaan",5,20.45 km,$$··,16rb-40rb,"Aneka nasi, Minuman, Jajanan","Perum Asabri Nogosari, Pandaan, Pasuruan",09:00-21:00,09:00-21:00,09:00-21:00,09:00-21:00,09:00-21:00,09:00-21:00,09:00-21:00,https://gofood.co.id/pasuruan/restaurant/tahu-telor-khas-surabaya-perum-asabri-nogosari-pandaan-99fadba2-6f5e-4270-b22d-f22931a27fd5,2025-07-13 18:44:29
"Burgerhouse, Bangil",4.8,13.62 km,$$··,16rb-40rb,"Cepat saji, Roti, Jajanan","Alfamidi Durian, Jl. Durian, Bangil, Pasuruan",14:00-20:45,14:00-20:45,14:00-20:45,14:00-20:45,14:00-21:45,14:00-21:45,14:00-21:45,https://gofood.co.id/pasuruan/restaurant/burgerhouse-bangil-a4d6e277-0c35-4c9d-9aec-8757029145b2,2025-07-13 18:44:04
Sate Bank Abi,4.8,13.59 km,$$··,16rb-40rb,"Sate, Minuman",Jl Untung Suropati No 427 ( Timur Alun-alun Bangil) Bangil-Pasuruan,09:00-22:00,09:00-22:00,09:00-22:00,09:00-22:00,09:00-22:00,09:00-22:00,09:00-22:00,https://gofood.co.id/pasuruan/restaurant/sate-bank-abi-fcc0c576-12e3-4bb0-895f-537f259fd3b5,2025-07-13 18:44:21
INDOROLAND Martabak Terang Bulan,5,13.54 km,$$$·,40rb-100rb,"Cepat saji, Martabak",Jl Untung Suropati No 85 Bangil,15:30-23:00,15:30-23:00,15:30-23:00,15:30-23:00,15:30-23:00,15:30-23:00,15:30-23:00,https://gofood.co.id/pasuruan/restaurant/indoroland-martabak-terang-bulan-a3de24bf-c9ba-4e1d-b771-49b60d2ece5a,2025-07-13 18:44:26
Warung Bebek Goreng Pak Iwan,4.8,14.03 km,$$··,16rb-40rb,Ayam & bebek,Jl. Sukorejo Oro Oro Ombo Kulon No 1 Rt 01 Rw 05 Rembang Pasuruan,15:00-21:00,15:00-21:00,15:00-21:00,15:00-21:00,15:00-21:00,15:00-21:00,15:00-21:00,https://gofood.co.id/pasuruan/restaurant/warung-bebek-goreng-pak-iwan-22022697-778d-42ba-9bc3-4c6990087343,2025-07-13 18:44:53
"Ngombe, Mangga 1",4.6,21.54 km,$···,Dibawah 16rb,"Minuman, Jajanan, Bakso & soto","Jl. Mangga 1, Pandaan, Pasuruan",00:00-23:59,00:00-23:59,00:00-23:59,00:00-23:59,00:00-23:59,00:00-23:59,00:00-23:59,https://gofood.co.id/pasuruan/restaurant/ngombe-mangga-1-c449af1d-123f-46e3-8862-c1cfac71677c,2025-07-13 18:44:57
"Afloat, Bangil",5,13.68 km,$$··,16rb-40rb,Minuman,"Perum Kampung Yadika Regency Blok E 15, Jl. Bader, Kalirejo, Bangil, Pasuruan",12:00-17:00 & 18:15-22:00,12:00-17:00 & 18:15-22:00,12:00-17:00 & 18:15-21:00,12:00-17:00 & 18:15-22:00,12:45-17:00 & 18:15-20:15,12:00-17:00 & 18:15-21:00,12:00-17:00 & 18:15-21:00,https://gofood.co.id/pasuruan/restaurant/afloat-bangil-71704fce-4f11-45ba-8c11-8ad508377161,2025-07-13 18:45:00
"sosis Bakar Lestari Food 2, Tamanan",Baru,13.7 km,$···,Dibawah 16rb,Jajanan,Ds Krajan Pekebo Oro Oro Ombo Kulon Rembang,08:00-20:00,08:00-20:00,08:00-20:00,08:00-20:00,08:00-20:00,08:00-20:00,08:00-20:00,https://gofood.co.id/pasuruan/restaurant/sosis-bakar-lestari-food-2-tamanan-37e23f45-d565-47cc-b740-8aa006cbed45,2025-07-13 18:44:57
"My Kebab, Bangil",4.8,13.86 km,$$··,16rb-40rb,"Cepat saji, Jajanan, Timur Tengah","Jl. Bader No. 27, Gang Sedap Malam, Bangil, Pasuruan",09:00-23:59,09:00-23:59,09:00-23:59,09:00-23:59,09:00-23:59,09:00-23:59,09:00-23:59,https://gofood.co.id/pasuruan/restaurant/my-kebab-bangil-4b3bba9b-9b69-4108-bb53-170e38187772,2025-07-13 18:44:46
"Australian Pizza, Jalan Bader",4.6,13.78 km,$$$·,40rb-100rb,"Barat, Pizza & pasta, Jajanan",Jalan Bader Gang Seroja Nomer 1,10:00-21:45,10:00-21:00,10:00-21:00,10:00-21:00,14:00-21:00,10:00-21:00,10:00-21:00,https://gofood.co.id/pasuruan/restaurant/australian-pizza-jalan-bader-ec9decd9-6c0a-4aa0-9f72-3d1e4bfba656,2025-07-13 18:45:19
"Biita Food and Drink, Gondang Kepulungan Gempol",Baru,23.75 km,$$··,16rb-40rb,"Minuman, Jajanan, Kopi",Yafa Trans Jaya Gondang Kepulungan,00:00-23:59,00:00-23:59,00:00-23:59,00:00-23:59,00:00-23:59,00:00-23:59,00:00-23:59,https://gofood.co.id/pasuruan/restaurant/biita-food-and-drink-gondang-kepulungan-gempol-96d68585-1d4f-46db-b199-8a942d90d0d5,2025-07-13 18:45:20
"Martabak Madura, Kemaden",4,13.46 km,$···,Dibawah 16rb,"Jajanan, Martabak, Timur Tengah","Jl. Plaosan (Samping Toko Bu Eni), Bangil, Pasuruan",09:00-23:00,09:00-23:00,09:00-23:00,09:00-23:00,11:00-23:00,09:00-23:00,09:00-23:00,https://gofood.co.id/pasuruan/restaurant/martabak-madura-kemaden-d3d2c9f9-c419-43a1-b5b7-69e733eea570,2025-07-13 18:45:31
"Abu Gahwah (Kebab, Susu Kambing, Maryam), Kantin Masjid Manarul Islam",Baru,13.37 km,$$··,16rb-40rb,"Timur Tengah, Kopi, Minuman","Kantin Masjid Manarul Islam Bangil Stand C2, Jl. Jaksa Agung Suprapto No. 1, Bangil, Pasuruan",12:00-19:30,12:00-19:30,12:00-19:30,12:00-19:30,11:30-19:30,12:00-20:00,12:00-20:00,https://gofood.co.id/pasuruan/restaurant/abu-gahwah-kebab-susu-kambing-maryam-kantin-masjid-manarul-islam-70207c8d-2b04-4329-9b5e-0e6cb98d45a4,2025-07-13 18:45:23
"Dapur Sakinah Gempeng, Rembang",4.5,13.31 km,$$··,16rb-40rb,"Aneka nasi, Ayam & bebek","Jl. Rambutan, Rembang, Pasuruan",10:30-20:30,10:30-20:30,10:30-20:30,10:00-22:00,12:30-20:30,11:30-20:30,10:30-20:30,https://gofood.co.id/pasuruan/restaurant/dapur-sakinah-gempeng-rembang-3bcfcc69-53e2-4ca4-b8e2-79d64fb49490,2025-07-13 18:45:42
"XRP Chicken, Deplatte",5,13.33 km,$$··,16rb-40rb,"Ayam & bebek, Cepat saji, Jajanan","Pesanggrahan, Gempeng, Kec. Bangil, Pasuruan, Jawa Timur 67152",15:00-21:00,15:00-21:00,15:00-21:00,15:00-21:00,15:00-21:00,15:00-21:00,15:00-21:00,https://gofood.co.id/pasuruan/restaurant/xrp-chicken-deplatte-fc7865e8-f0dd-471f-9813-eeb2d00a3bca,2025-07-13 18:45:34
"MIE PANGSIT BAROKAH, Jl Layur",5,13.24 km,$$··,16rb-40rb,"Cepat saji, Bakmie",jl. layur no 113 gempeng kec. bangil kab. pasuruan,10:00-21:00,10:00-21:00,10:00-21:00,10:00-21:00,10:00-21:00,10:00-21:00,10:00-21:00,https://gofood.co.id/pasuruan/restaurant/mie-pangsit-barokah-jl-layur-dc94c8f2-ec8f-4dc6-8139-eef34e831203,2025-07-13 18:45:55
"TT COFFEE COMPANY, Pandaan",4.6,20.91 km,$$··,16rb-40rb,"Kopi, Minuman","Jl. Soekarno Hatta, Pandaan, Pasuruan",10:00-21:30,10:00-21:30,10:00-21:30,10:00-21:30,10:00-21:30,10:00-21:30,10:00-21:30,https://gofood.co.id/pasuruan/restaurant/tt-coffee-company-pandaan-e0f0b1ed-061e-4bc4-a7ec-08bc9f608b1a,2025-07-13 18:46:06
Jagoan Ayam Geprek Bangil,4.8,13.39 km,$$··,16rb-40rb,"Cepat saji, Ayam & bebek","Ruko Singgasana, Jl. Salem Pertokoan Singgasana Blok A No. 05 Bangil",08:00-21:00,08:00-21:00,08:00-21:00,08:00-21:00,08:00-21:00,08:00-21:30,08:00-21:00,https://gofood.co.id/pasuruan/restaurant/jagoan-ayam-geprek-bangil-b1c6c9e9-b5ba-4791-8c02-a9b0de40ba77,2025-07-13 18:45:54
Warung Kampoeng Mangga Alpoekat,4.6,14.67 km,$···,Dibawah 16rb,"Aneka nasi, Ayam & bebek, Minuman",Watulunyu RT. 001/RW.010 Oro-Oro Ombo Kulon Rembang,09:00-21:00,09:00-21:00,09:00-21:00,09:00-15:00,09:00-21:00,09:00-21:00,09:00-21:00,https://gofood.co.id/pasuruan/restaurant/warung-kampoeng-mangga-alpoekat-9c984f85-fe9b-4a94-8e8e-2de6cf98890e,2025-07-13 18:46:17
"Dapoer Mama Hulk, Pandaan",Baru,22.75 km,$···,Dibawah 16rb,"Martabak, Minuman, Jajanan","Jl. Dusun Pandelegan, Pandelegan, Sumberejo, Pandaan, Pasuruan",09:00-21:00,09:00-21:00,09:00-21:00,09:00-21:00,09:00-21:00,09:00-21:00,09:00-21:00,https://gofood.co.id/pasuruan/restaurant/dapoer-mama-hulk-pandaan-f895d097-9b3d-407b-8cee-fc9f427a6ab3,2025-07-13 18:46:21
"Dears Kitchen, Bangil",4.8,13.25 km,$$··,16rb-40rb,"Jajanan, Aneka nasi",Jl Layur RT 05/RW 01 NO 04 (Rumah Cat Hijau Depan Lapangan)-Kelurahan Gempeng-Bangil 67153,08:00-23:45,09:00-23:45,10:00-23:45,09:30-23:45,08:00-23:45,08:30-23:45,09:00-23:45,https://gofood.co.id/pasuruan/restaurant/dears-kitchen-bangil-1825c226-c1d2-4815-89ee-0a388cc4fd7c,2025-07-13 18:45:57
R/L Corner,4.2,13.07 km,$$··,16rb-40rb,"Cepat saji, Minuman, Jajanan",Jl. Kepiting Gang III Gempeng Bangil,05:00-22:00,05:00-22:00,05:00-22:00,05:00-22:00,05:00-22:00,05:00-22:00,05:00-22:00,https://gofood.co.id/pasuruan/restaurant/r-l-corner-8a278eae-9c08-47de-a654-9eba33bd7825,2025-07-13 18:46:43
"Roti Bakar Putra Sunda Kang Iyan, Gempol",4.9,24.52 km,$$··,16rb-40rb,Roti,"Jl. Raya Sumberingin, Gempol, Pasuruan",06:00-23:00,05:00-23:00,14:30-22:45,05:30-23:00,06:00-22:00,06:15-23:00,15:30-22:30,https://gofood.co.id/pasuruan/restaurant/roti-bakar-putra-sunda-kang-iyan-gempol-8be9d311-4f9c-4259-91e8-fc0fa17d829f,2025-07-13 18:47:00
"Ayam Geprek Mantul, Bangil",5,13.42 km,$$··,16rb-40rb,"Aneka nasi, Ayam & bebek, Minuman","Jl. Dusun Satak, Satak Kepuh, Manaruwi, Bangil, Pasuruan",08:00-21:00,08:00-21:00,08:00-21:00,08:00-21:00,08:00-21:00,08:00-21:00,08:00-21:00,https://gofood.co.id/pasuruan/restaurant/ayam-geprek-mantul-bangil-3099c242-9103-47ad-9d09-4cc04c422276,2025-07-13 18:46:34
"Osuka Takoyaki, Nanas",4.8,12.94 km,$$··,16rb-40rb,"Jajanan, Jepang","Jl. Nanas RT 05 RW 03 Sukalipuro, Dermo, Kec. Bangil, Pasuruan, Jawa Timur 67153",09:00-12:15 & 14:15-15:00 & 15:30-23:00,09:00-12:15 & 14:15-15:00 & 15:30-23:00,09:00-12:15 & 14:15-15:00 & 15:30-23:00,09:00-23:00,09:00-12:15 & 14:15-15:00 & 15:30-23:00,00:00-23:59,00:00-23:59,https://gofood.co.id/pasuruan/restaurant/osuka-takoyaki-nanas-72114cb1-5954-4341-8961-501c54312329,2025-07-13 18:47:01
"Nasi Goreng Jawa Khas Kediri, Kebon Waris 2",4.4,21.07 km,$$··,16rb-40rb,"Aneka nasi, Bakmie, Minuman, Nasi Goreng","Jl. Pahlawan Sunaryo, Pandaan, Pasuruan, Ruko Green View (GV9)",11:00-21:00,11:00-21:00,11:00-21:00,11:00-21:00,11:00-21:00,11:00-21:00,11:00-21:00,https://gofood.co.id/pasuruan/restaurant/nasi-goreng-jawa-khas-kediri-kebon-waris-2-3f8918e1-04a1-43f8-9030-83fdef9256f9,2025-07-13 18:46:57
"Omito Coffee, Bangil",4.8,12.94 km,$$··,16rb-40rb,Kopi,"Jl. Dr. Sutomo No.16, Bangil, Pasuruan",08:00-23:00,08:00-23:00,08:00-23:00,08:00-23:00,08:00-23:00,08:00-23:00,10:00-23:00,https://gofood.co.id/pasuruan/restaurant/omito-coffee-bangil-f0fb7ce6-0c1c-4740-b92b-90c09099a027,2025-07-13 18:47:16
"Durian, Bangil",4.2,12.92 km,$$$$,Diatas 100rb,Sweets,"Jl. Kepiting 15, Bangil, Pasuruan",07:30-22:00,07:30-22:00,07:30-22:00,07:30-22:00,07:30-22:00,07:00-22:00,07:00-22:00,https://gofood.co.id/pasuruan/restaurant/durian-bangil-dc1fd5da-c7dd-4268-9909-d225a65c6a15,2025-07-13 18:47:33
Warung Bu Jah,4.2,21.1 km,$$··,16rb-40rb,"Aneka nasi, Ayam & bebek, Cepat saji","Jl. Pahlawan Sunaryo No.2, Mbajang, Kb. Waris, Kec. Pandaan, Pasuruan, Jawa Timur",09:00-16:00,08:00-17:00,08:00-17:00,08:00-17:00,08:00-17:00,08:00-17:00,08:00-19:00,https://gofood.co.id/pasuruan/restaurant/warung-bu-jah-40049c91-18db-491b-b272-0451594dde39,2025-07-13 18:47:26
Lumpangg Lumpia Panggang & Pohong Ketela Keju Bangil,Baru,12.89 km,$···,Dibawah 16rb,"Korea, Jepang, Jajanan","Jl. Nanas Sukalipura, Bangil, Pasuruan",09:00-14:00 & 16:00-19:30,09:00-14:00 & 16:00-19:30,Tutup,18:00-19:30,09:00-14:00 & 16:00-19:30,09:00-14:00 & 16:00-19:30,09:00-14:00 & 16:00-19:30,https://gofood.co.id/pasuruan/restaurant/lumpangg-lumpia-panggang-pohong-ketela-keju-bangil-9ea673b1-0c8e-4f30-86f0-5e2663443fcc,2025-07-13 18:47:28
"Kedai Kimmyku, Pandaan",4.6,23.31 km,$$··,16rb-40rb,"Minuman, Aneka nasi, Makanan sehat","Dusun Gelang RT 03/03, Tawang Rejo, Kec. Pandaan, Jawa Timur 67156",13:00-21:00,13:00-21:00,13:00-21:00,13:00-21:00,13:00-21:00,13:00-21:00,13:00-21:00,https://gofood.co.id/pasuruan/restaurant/kedai-kimmyku-pandaan-906d7642-1ec1-4fb0-9d1d-ab50a2b8abb5,2025-07-13 18:47:40
"Resto Pempek Basket 28, Kuti Pandaan",5,21.72 km,$$··,16rb-40rb,"Minuman, Makanan sehat","Jl. Magersari No. 28, Kuti, Kutorejo, Pandaan, Pasuruan",05:30-17:30 & 18:00-21:00,05:30-17:30 & 18:00-21:00,05:30-17:30 & 18:00-21:00,05:30-17:30 & 18:00-21:00,05:30-17:30 & 18:00-21:00,05:30-17:30 & 18:00-21:00,05:30-17:30 & 18:00-21:00,https://gofood.co.id/pasuruan/restaurant/resto-pempek-basket-28-kuti-pandaan-c6c075bb-606f-469c-a3f8-1f785d566713,2025-07-13 18:47:58
Depot Angels,4.9,22.06 km,$$··,16rb-40rb,"Chinese, Jajanan, Minuman",Perum. Kutorejo Indah Blok A No 7 Pandaan,08:00-20:00,08:00-20:00,08:00-20:00,07:00-20:00,08:00-20:00,08:00-20:00,09:00-20:00,https://gofood.co.id/pasuruan/restaurant/depot-angels-f9dc3c45-9db8-40a8-b045-08f9c1826323,2025-07-13 18:47:40
"Nasi Babat Tonjok, Pahlawan Sunaryo",5,21.78 km,$···,Dibawah 16rb,"Ayam & bebek, Aneka nasi","Jl. Pahlawan Sunaryo (Lapangan Basket), Kutorejo, Pandaan",Tutup,16:30-22:00,16:30-22:00,16:30-22:00,16:30-22:00,16:30-22:00,16:30-22:00,https://gofood.co.id/pasuruan/restaurant/nasi-babat-tonjok-pahlawan-sunaryo-fe921b03-2d7b-4d66-b5c7-23cdc067eff9,2025-07-13 18:48:00
SINGGAH SEJENAK/PIZZA JENK NUPI,4.9,22.07 km,$$$·,40rb-100rb,"Minuman, Pizza & pasta",Jalan Pattimura/ Pasar Baru Nomer 22 Kutorejo Pandaan Pasuruan,09:00-21:00,10:00-21:00,09:00-21:00,09:00-21:00,09:00-21:00,09:00-21:00,10:00-21:00,https://gofood.co.id/pasuruan/restaurant/singgah-sejenak-pizza-jenk-nupi-e4e0105f-9c8e-4d8f-8297-9430d24457fd,2025-07-13 18:48:21
"Tahu Sumedang 88, Pandaan",4.6,22.42 km,$$··,16rb-40rb,"Jajanan, Cepat saji, Chinese","Jl. Urip Sumohardjo 10, Pandaan, Pasuruan",16:00-23:00,17:00-23:00,17:00-23:00,16:00-23:00,16:00-23:00,16:00-23:00,17:00-23:00,https://gofood.co.id/pasuruan/restaurant/tahu-sumedang-88-pandaan-00b019e8-d8fe-4882-b4d9-dd0d6a5bcb49,2025-07-13 18:48:28
"Permaisuri Spesial Sambel, Pandaan",4.9,21.89 km,$···,Dibawah 16rb,"Minuman, Aneka nasi, Ayam & bebek","Jl. Patimura No. 183, Pandaan, Pasuruan",07:15-19:45,07:15-19:45,07:15-19:45,Tutup,07:15-19:45,07:15-19:45,07:15-19:45,https://gofood.co.id/pasuruan/restaurant/permaisuri-spesial-sambel-pandaan-9eff1676-ccc5-42f8-a7f6-b84ff73fc257,2025-07-13 18:48:06
Soto Daging Madura cak azis,Baru,22.3 km,$···,Dibawah 16rb,"Bakso & soto, Minuman",jl patimura no.9 pesantren kec. pandaan pasuruan jawa timur,16:00-21:30,16:00-21:30,16:30-21:30,16:00-21:30,16:00-21:30,16:00-21:30,16:00-21:30,https://gofood.co.id/pasuruan/restaurant/soto-daging-madura-cak-azis-fc8e9e6c-578f-4ff1-8faa-c6e21973812d,2025-07-13 18:48:32
"STMJ dan Jamu Bang Faisol, Bangil",4.9,11.98 km,$$··,16rb-40rb,"Minuman, Aneka nasi","Jl. RA Kartini No. 10 (Depan SPBU Latek), Latek, Bangil, Pasuruan",07:00-21:00,07:00-21:00,07:00-21:00,07:00-21:00,07:00-21:00,07:00-21:00,07:00-21:00,https://gofood.co.id/pasuruan/restaurant/stmj-dan-jamu-bang-faisol-bangil-336d538a-78fb-4ceb-affa-6fb8a96e1229,2025-07-13 18:48:52
"Mbak Mon, Pandaan",Baru,21.92 km,$···,Dibawah 16rb,"Jajanan, Bakmie","Jl. Pahlawan Sunaryo No. 11, Pandaan, Pasuruan",Tutup,14:00-23:00,14:00-23:00,14:00-23:00,08:00-23:00,08:00-23:00,08:00-23:00,https://gofood.co.id/pasuruan/restaurant/mbak-mon-pandaan-e65a3a2c-05ee-443e-8d93-ee18632e9b7c,2025-07-13 18:48:51
Lontong Padang Mak Rara Plumbon,Baru,22.46 km,$···,Dibawah 16rb,"Bakmie, Jajanan, Minuman","Jl.patimura No.8, Pesantren Pandaan",07:00-23:00,07:00-23:00,07:00-23:00,07:00-23:00,07:00-23:00,07:00-23:00,07:00-23:00,https://gofood.co.id/pasuruan/restaurant/lontong-padang-mak-rara-plumbon-2acaf626-67c3-4d0e-ae56-9a8c2e02bcf3,2025-07-13 18:49:05
"Bakso Cak To, Pandaan",4.4,23.28 km,$···,Dibawah 16rb,Bakso & soto,"Jl. Kasri Raya Patugohan, Pandaan, Pasuruan",10:00-22:00,08:30-23:30,08:30-23:30,Tutup,08:30-23:30,08:30-23:30,08:30-23:30,https://gofood.co.id/pasuruan/restaurant/bakso-cak-to-pandaan-86384cdc-97e1-4ebc-9854-352a26dc631f,2025-07-13 18:48:02
"Silma Burger, sma yayasan Pandaan",4.3,21.99 km,$···,Dibawah 16rb,"Minuman, Jajanan, Roti",depan sma yayasan kuti Pandaan,00:00-00:30 & 16:00-23:30,16:00-23:45,16:00-23:59,00:00-00:30 & 16:00-23:59,00:00-00:15 & 16:00-23:45,16:00-23:59,00:00-00:15 & 16:00-23:59,https://gofood.co.id/pasuruan/restaurant/silma-burger-sma-yayasan-pandaan-e699d362-9ee7-4a54-bcb9-c22e4a3970f7,2025-07-13 18:49:24
"Nasgor Jabul (Jawa Istanbul) & Lalapan Jabul Jawara, Latek",4.5,11.96 km,$$··,16rb-40rb,"Aneka nasi, Nasi Goreng","Jl. RA Kartini, Kaliteluh, Latek, Bangil, Pasuruan",00:00-03:00 & 03:15-23:59,00:00-03:00 & 03:15-23:59,00:00-03:00 & 03:15-23:59,00:00-03:00 & 03:15-23:59,00:00-03:00 & 03:15-23:59,00:00-03:00 & 03:15-23:59,00:00-03:00 & 03:15-23:59,https://gofood.co.id/pasuruan/restaurant/nasgor-jabul-jawa-istanbul-lalapan-jabul-jawara-latek-d3ae7191-933d-4ce5-aff9-fcda0b836e61,2025-07-13 18:49:01
"Soto Ayam Pak Hadi, Pandaan",4.7,22.31 km,$···,Dibawah 16rb,Bakso & soto,Jln Pasar Baru Pandaan,05:30-21:30,05:30-21:30,05:30-21:30,05:30-21:30,05:30-21:30,05:30-21:30,05:30-21:30,https://gofood.co.id/pasuruan/restaurant/soto-ayam-pak-hadi-pandaan-4d897f91-f205-402b-b732-e0c93acb4041,2025-07-13 18:49:15
"Rute 01 HomeFood (, Seblak)Pandaan",4.2,23.61 km,$$··,16rb-40rb,"Minuman, Cepat saji","Dusun Kanyuran Desa Tawangrejo, Pandaan, Pasuruan",09:00-22:00,09:00-22:00,09:00-22:00,09:00-22:00,09:00-22:00,09:00-22:00,09:00-23:00,https://gofood.co.id/pasuruan/restaurant/rute-01-homefood-seblak-pandaan-c9f03653-e4bf-45c2-8d5a-2e6eccacffb1,2025-07-13 18:49:38
"Faeyza Kitchen, Pateguhan",Baru,24.28 km,$···,Dibawah 16rb,"Jajanan, Ayam & bebek, Minuman","Pertigaan Gang Beringin, Pateguhan, Tawangrejo, Pandaan, Pasuruan",10:00-21:00,10:00-21:00,10:00-21:00,10:00-22:30,13:00-22:00,10:00-23:00,10:00-21:00,https://gofood.co.id/pasuruan/restaurant/faeyza-kitchen-pateguhan-ee50c872-5160-41b5-b5b8-5da482938106,2025-07-13 18:49:41
"Kebab & Buger Error, Rambutan",5,22.15 km,$···,Dibawah 16rb,"Barat, Jajanan, Roti","Jl. Pahlawan Sunaryo, Pandaan, Pasuruan",16:00-22:30,17:00-22:30,17:00-22:30,17:00-22:30,17:00-22:30,17:00-22:30,17:00-22:30,https://gofood.co.id/pasuruan/restaurant/kebab-buger-error-rambutan-2cbc9de5-e1a6-45a7-96ad-13d8fb348834,2025-07-13 18:49:49
"Qawa - Retro Coffee House, Pandaan",4.7,22.02 km,$$··,16rb-40rb,"Aneka nasi, Minuman, Jajanan","Jl. Rambutan No. 7, Pandaan, Pasuruan",13:15-22:30,13:15-22:30,13:15-22:30,13:15-22:30,13:15-22:30,12:00-22:30,12:00-22:30,https://gofood.co.id/pasuruan/restaurant/qawa-retro-coffee-house-pandaan-a8e05b64-aac2-4b67-87c7-6669e83c68e6,2025-07-13 18:49:52
WarDa ANDA (Toko Anda),Baru,22.56 km,$$··,16rb-40rb,"Minuman, Cepat saji","Jl. Urip Sumoharjo, Pandaan, Pasuruan",09:00-21:00,09:00-21:00,09:00-21:00,09:00-21:00,09:00-21:00,09:00-21:00,09:00-21:00,https://gofood.co.id/pasuruan/restaurant/warda-anda-toko-anda--b79a6d92-ce32-4585-8ea5-0d9dcc42d7c8,2025-07-13 18:50:01
"Bebek Ireng Pandaan 2, Juanda",4.9,21.94 km,$$··,16rb-40rb,"Aneka nasi, Bakso & soto, Ayam & bebek","Jl. Juanda No. 9, Pandaan, Pasuruan",10:30-20:30,10:30-20:30,10:30-20:30,10:30-20:30,Tutup,10:30-20:30,10:30-20:30,https://gofood.co.id/pasuruan/restaurant/bebek-ireng-pandaan-2-juanda-9af47588-bab4-4955-8f3b-2f1066ae738a,2025-07-13 18:50:02
"Cimol Bandung, Pandaan",4.6,22.55 km,$···,Dibawah 16rb,Jajanan,"Jl. Pesantren Turus (Samping Gapura Pesantren), Pandaan, Pasuruan",10:00-22:00,10:00-22:00,10:00-22:00,10:00-22:00,10:00-22:00,10:00-22:00,09:00-22:00,https://gofood.co.id/pasuruan/restaurant/cimol-bandung-pandaan-9a7b24c0-e47a-459b-a785-55eec27e03b4,2025-07-13 18:50:21
"Bakso dan Mieayam Tirto Agung, Wringinanom, Pandaan",4.8,22.26 km,$···,Dibawah 16rb,"Bakso & soto, Bakmie","Jln, pahlawan Sunaryo, wringinanom, pandaan",11:00-23:30,11:00-23:30,11:00-23:30,11:00-23:59,11:00-23:30,11:00-23:30,11:00-23:30,https://gofood.co.id/pasuruan/restaurant/bakso-dan-mieayam-tirto-agung-wringinanom-pandaan-d3929429-24aa-4c5b-8ec2-fa47646d78f9,2025-07-13 18:50:15
"Bengkel Perot, Pesantren",4.8,22.48 km,$$··,16rb-40rb,Chinese,"Jl. Pesantren (Depan Toko Pertanian), Pandaan, Pasuruan",10:00-23:00,10:00-23:00,10:00-23:00,10:00-23:00,10:00-23:00,10:00-23:00,10:00-23:00,https://gofood.co.id/pasuruan/restaurant/bengkel-perot-pesantren-c8a8bf5c-9450-4a38-a86a-7c05c0971d7f,2025-07-13 18:50:18
"Es Degan & Kupang By Warunk Si Jhon, Pandaan",3.4,22.44 km,$···,Dibawah 16rb,"Minuman, Sate, Seafood","Jl. Pesantren No. 43, Pandaan, Pasuruan",11:00-22:00,11:00-21:30,11:00-21:00,10:00-21:00,10:00-22:00,10:00-21:30,10:00-22:00,https://gofood.co.id/pasuruan/restaurant/es-degan-kupang-by-warunk-si-jhon-pandaan-2fa97106-8ba4-4289-a5ab-40b07836f450,2025-07-13 18:50:34
"Martabak dan Terang Bulan Abdul Muin, Pandaan",4.6,22.58 km,$$··,16rb-40rb,"Martabak, Jajanan","Pasar Baru Pandaan, Jl. Urip Sumoharjo, Pandaan, Pasuruan",17:00-22:00,17:00-22:00,17:00-22:00,17:00-22:00,17:00-22:00,17:00-22:00,17:00-22:00,https://gofood.co.id/pasuruan/restaurant/martabak-dan-terang-bulan-abdul-muin-pandaan-bca08b5d-9db4-4cc4-93df-ee2901ada330,2025-07-13 18:50:47
Warung Parahiangan,Baru,22.46 km,$···,Dibawah 16rb,"Jajanan, Ayam & bebek, Bakmie","Jl. Pesantren, Pandaan",16:00-21:30,16:00-21:30,16:00-21:30,16:00-21:30,16:00-21:30,16:00-21:30,16:00-21:30,https://gofood.co.id/pasuruan/restaurant/warung-parahiangan-170a4900-57f1-4caa-b1e7-8ec36ab203e8,2025-07-13 18:50:44
"Syifa Kuliner, Pandaan",4.8,21.78 km,$···,Dibawah 16rb,"Jajanan, Aneka nasi, Ayam & bebek","Jl. Rambutan Gg Kaspiyah, RT 4/RW 7 Jabon, Jogosari, Pandaan",00:00-23:59,00:00-23:59,00:00-23:59,00:00-23:59,00:00-23:59,00:00-23:59,00:00-23:59,https://gofood.co.id/pasuruan/restaurant/syifa-kuliner-pandaan-b63780b0-cac9-467b-a8d4-0ad14556cd90,2025-07-13 18:50:55
"Pangsit Mie Ayam Bakso Pangestu, Pandaan",4.8,22.36 km,$$··,16rb-40rb,"Bakmie, Minuman, Jajanan","Jl.Pesantren Turus Gang II Pandaan, Pasuruan",09:00-21:00,09:00-21:00,09:00-21:00,09:00-21:00,09:00-21:00,09:00-21:00,09:00-21:00,https://gofood.co.id/pasuruan/restaurant/pangsit-mie-ayam-bakso-pangestu-pandaan-56e99fa5-ff34-4350-95e7-1ac7553428bf,2025-07-13 18:51:04
"Rawon Saminah 67, Pandaan",4.2,23.37 km,····,Kisaran harga,Aneka nasi,"Central Food Court Pandaan, Jl. Raya Surabaya - Malang, Pandaan, Pasuruan",09:00-21:00,09:00-21:00,09:00-21:00,09:00-21:00,09:00-21:00,10:00-22:00,10:00-22:00,https://gofood.co.id/pasuruan/restaurant/rawon-saminah-67-pandaan-c117208a-41d4-4523-828c-cc4c2f8bab58,2025-07-13 18:51:25
"Warung Bu Kris, Pandaan",4.8,23.34 km,$$··,16rb-40rb,"Aneka nasi, Ayam & bebek, Cepat saji","Jl. Kasri Raya KM 66, Pandaan, Pasuruan",09:00-21:00,09:00-21:00,09:00-21:00,09:00-21:00,09:00-21:00,09:00-21:00,09:00-21:00,https://gofood.co.id/pasuruan/restaurant/warung-bu-kris-pandaan-2f50fbf5-fed4-4b9f-84d3-13d4a15931d2,2025-07-13 18:50:44
"Makaroni Nyam!, Sidomukti, Pandaan",5,22.77 km,$···,Dibawah 16rb,Jajanan,"Jl. Sidomukti No. 11, Pandaan, Pasuruan",09:00-21:00,09:00-21:00,09:00-21:00,09:00-21:00,09:00-11:30 & 12:30-21:00,09:00-21:00,09:00-21:00,https://gofood.co.id/pasuruan/restaurant/makaroni-nyam-sidomukti-pandaan-936b2dca-d9e6-499d-ac15-b434938a739c,2025-07-13 18:51:27
"Rumah Makan Ampera Ranah Minang Masakan Padang, Urip sumoharjo",4.2,22.6 km,$$··,16rb-40rb,"Aneka nasi, Minuman, Cepat saji","Jl. Urip Sumoharjo No. 226, Pandaan, Pasuruan",00:00-23:59,00:00-23:59,00:00-23:59,00:00-23:59,00:00-23:59,00:00-23:59,00:00-23:59,https://gofood.co.id/pasuruan/restaurant/rumah-makan-ampera-ranah-minang-masakan-padang-urip-sumoharjo-a4cebd7c-4546-40e4-9de3-afbfe933fc00,2025-07-13 18:51:18
"Es Pisang Ijo Dapur Saraswati, Pandaan",4.9,20.54 km,$$··,16rb-40rb,"Minuman, Sweets, Jajanan","Jl. Jetak, Pandaan, Pasuruan",08:00-22:00,10:00-22:00,10:00-22:00,10:00-22:00,10:00-22:00,10:00-22:00,08:00-22:00,https://gofood.co.id/pasuruan/restaurant/es-pisang-ijo-dapur-saraswati-pandaan-03797691-8466-4022-ae61-091587777793,2025-07-13 18:51:48
"Mak Ciem, Pandaan",4.7,22.03 km,$$··,16rb-40rb,Jajanan,"Jl.Juanda 63, Wringinanom, Jogosari, Kec.pandaan, Pasuruaan, Jawa Timur 67146 Samping Bakso Juanda Pas",10:00-20:15,10:00-20:15,10:00-20:15,10:00-20:15,10:00-22:00,10:00-20:15,10:00-20:15,https://gofood.co.id/pasuruan/restaurant/mak-ciem-pandaan-211a7dfd-86ef-4e61-a2bd-03aa746f93f9,2025-07-13 18:51:17
"Geprek & Obong Dua Putri, Pandaan",4.6,22.59 km,$···,Dibawah 16rb,"Jajanan, Ayam & bebek","Jl. Pahlawan Sunaryo No. 374, Pandaan, Pasuruan",10:00-22:00,10:00-22:00,10:00-22:00,10:00-22:00,10:00-22:00,10:00-22:00,10:00-22:00,https://gofood.co.id/pasuruan/restaurant/geprek-obong-dua-putri-pandaan-2f62d8b0-88be-4c8d-a0be-934b758feb60,2025-07-13 18:51:53
"Garasi Sego Sambel, Pandaan",4.7,22.59 km,$···,Dibawah 16rb,"Seafood, Minuman, Aneka nasi","Jl. Pahlawan Sunaryo No. 374, Pandaan, Pasuruan",10:00-22:00,10:00-22:00,10:00-22:00,10:00-22:00,10:00-22:00,10:00-22:00,10:00-22:00,https://gofood.co.id/pasuruan/restaurant/garasi-sego-sambel-pandaan-d876c975-af4a-46e1-8824-642604c74a8a,2025-07-13 18:51:59
"Akutanogo, Pandaan",4.6,22.66 km,$$··,16rb-40rb,"Aneka nasi, Bakmie","Jl. Urip Sumoharjo No. 503, Pandaan, Pasuruan",08:30-12:30 & 16:30-19:30,08:30-12:30 & 16:30-19:30,08:30-12:30 & 16:30-19:30,08:30-12:30 & 16:30-19:30,08:30-12:30 & 16:30-19:30,08:30-12:30 & 16:30-19:30,08:00-13:30 & 16:30-19:00,https://gofood.co.id/pasuruan/restaurant/akutanogo-pandaan-aec44502-e2a0-4d0a-85e4-2ee6878ebdef,2025-07-13 18:52:18
"PURAPURATAHU spesialis Tahu Bakso, Gg. Rajawali 2",5,22.19 km,$$$·,40rb-100rb,"Bakso & soto, Cepat saji, Jajanan",Jl. Juanda Gg. Rajawali 2 No. 31 RT 03 RW 06 Desa Juanda Kelurahan Jogosari,11:00-21:00,08:00-22:00,08:00-21:00,08:00-21:00,08:00-21:00,08:00-21:00,07:00-21:00,https://gofood.co.id/pasuruan/restaurant/purapuratahu-spesialis-tahu-bakso-gg-rajawali-2-56e3013d-fc34-4496-a1b3-8c4254fba272,2025-07-13 18:52:17
"Specialist Moza Pandaan, Pandaan",4,22.61 km,$$··,16rb-40rb,"Cepat saji, Jajanan, Roti","Jl. Pahlawan Sunaryo No. 279, Pandaan, Pasuruan",11:00-21:00,11:00-21:00,11:00-21:00,11:00-21:00,11:00-21:00,11:00-21:00,11:00-21:00,https://gofood.co.id/pasuruan/restaurant/specialist-moza-pandaan-pandaan-553638f7-1333-4f82-884c-8bd45a64ee0c,2025-07-13 18:52:32
"Bakso Putri Solo Yahud, Pandaan",4.8,22.6 km,$$··,16rb-40rb,"Bakmie, Bakso & soto, Jajanan","Jl. RA Kartini No. 7, Pandaan, Pasuruan",10:00-20:00,10:00-20:00,10:00-20:00,10:00-20:00,10:00-20:00,10:00-20:00,10:00-20:00,https://gofood.co.id/pasuruan/restaurant/bakso-putri-solo-yahud-pandaan-95125d10-531e-4c83-8c71-6f14d0ed7b94,2025-07-13 18:52:44
"Kedai Es Mbak Tiya, Juanda",4.7,22.26 km,$···,Dibawah 16rb,"Sweets, Minuman","Jl. Juanda Gg Rajawali, Jogosari, Pandaan/ Jl.Maliawan Gg 45. Wringin Anom, Jogosari, Pandaan",09:00-22:00,09:00-22:00,09:00-22:00,09:00-22:00,09:00-22:00,09:00-22:00,10:00-22:00,https://gofood.co.id/pasuruan/restaurant/kedai-es-mbak-tiya-juanda-3c5e7649-0aa2-4729-8d4e-5fb6503e4579,2025-07-13 18:52:38
"Ayam Geprek Hakiki, Jl. A Yani Jogonalan Pandaan",4.7,22.74 km,$$··,16rb-40rb,"Ayam & bebek, Aneka nasi","Jl. Ahmad Yani No 475, Pandaan, Pasuruan",00:00-01:30 & 07:00-23:59,00:00-01:30 & 08:00-23:59,00:00-01:30 & 08:00-23:59,00:00-01:30 & 07:00-23:59,00:00-01:30 & 07:00-23:59,00:00-01:30 & 07:00-23:59,00:00-01:30 & 07:00-23:59,https://gofood.co.id/pasuruan/restaurant/ayam-geprek-hakiki-jl-a-yani-jogonalan-pandaan-5151f961-a9f8-4255-8693-c533180934e7,2025-07-13 18:52:37
"Su'ud Al-Hamid Bakery, Pandaan",4.6,22.55 km,$···,Dibawah 16rb,"Pizza & pasta, Cepat saji, Roti","Jl. RA Kartini No. 10, Jogonalan, Jogosari, Pandaan, Pasuruan",07:30-20:30,07:30-20:30,07:30-20:30,07:30-20:30,07:30-20:30,07:30-20:30,07:30-20:30,https://gofood.co.id/pasuruan/restaurant/su-ud-al-hamid-bakery-pandaan-00df1f18-f152-4340-b077-aca4740a1905,2025-07-13 18:52:57
"MANTRA (Martabak Nusantara), Timur Masjid Jamik",4.8,22.85 km,$$··,16rb-40rb,Martabak,"Jl. Sedap Malam Jogosari, Pandaan, Pasuruan",17:00-23:00,17:15-23:00,17:00-23:00,17:15-23:00,17:15-23:00,17:15-23:00,17:15-23:00,https://gofood.co.id/pasuruan/restaurant/mantra-martabak-nusantara-timur-masjid-jamik-46b5c90d-ed06-451a-aad5-bd58fd032430,2025-07-13 18:52:43
"Siomay Batagor Artha Bandung, Ahmad Yani Pandaan",4.3,22.58 km,$$··,16rb-40rb,Jajanan,"Jl. Ahmad Yani (Depan Swalayan Ragil Kuning), Jogonalan, Jogosari, Pandaan, Pasuruan",09:30-19:00,09:30-19:00,09:30-19:00,09:30-19:00,09:30-19:15,09:30-19:00,09:30-19:00,https://gofood.co.id/pasuruan/restaurant/siomay-batagor-artha-bandung-ahmad-yani-pandaan-adc11a72-95b7-4a25-a4dd-eb1a82122986,2025-07-13 18:53:17
Natasya Bobaa Pandaan,4.5,22.3 km,$$··,16rb-40rb,"Minuman, Bakmie, Aneka nasi",Jln.juanda jogosari pandaan depan mak ciem,09:30-22:00,10:00-23:00,10:00-23:00,12:00-23:00,09:30-23:00,18:00-23:00,18:00-23:59,https://gofood.co.id/pasuruan/restaurant/natasya-bobaa-pandaan-9e7cd38b-1107-4e81-9361-1ae080fbd837,2025-07-13 18:53:22
"Geprek Vidiviti, Pandaan",4.6,22.2 km,$$··,16rb-40rb,"Minuman, Aneka nasi, Jajanan","Jl. Juanda, Wringin Anom, Pandaan, Pasuruan",11:15-23:30,11:15-23:30,11:15-23:30,11:15-23:30,14:00-23:30,11:15-23:30,11:15-23:30,https://gofood.co.id/pasuruan/restaurant/geprek-vidiviti-pandaan-479ee7b6-2b8b-433d-b84b-093ef606f3e4,2025-07-13 18:53:13
"Ampera Sari Bundo Maskan Padang, Pandaan",4.4,22.55 km,$$··,16rb-40rb,"Minuman, Aneka nasi","Jl. Pabean Raya No. 650, Pandaan, Pasuruan",09:30-22:30,09:30-22:30,09:30-22:30,09:30-22:30,09:30-22:00,09:30-22:00,09:30-22:00,https://gofood.co.id/pasuruan/restaurant/ampera-sari-bundo-maskan-padang-pandaan-f5fd799d-a101-4c6a-98a3-a2443adff8d8,2025-07-13 18:53:28
"Apjhon Pizza, Kedondong",4.4,24.82 km,$$··,16rb-40rb,"Pizza & pasta, Jajanan, Roti","Jl. Jaksa Agung Suprapto, Kedondong, Sumber Gedang, Pandaan",12:00-21:00,12:00-21:00,12:00-21:00,12:00-21:00,12:00-21:00,12:00-21:00,12:00-21:00,https://gofood.co.id/pasuruan/restaurant/apjhon-pizza-kedondong-39d894a1-c9ad-4a7a-a35e-9b28f3d72ccb,2025-07-13 18:53:46
"Bagor Lengko (Bakso Goreng), Pandaan",4.9,22.95 km,$$··,16rb-40rb,"Jajanan, Minuman, Bakso & soto","JL. Jatiluhur RT002 RW007 (Masuk Gang Setelah King Boba/ Klinik Dokter Wahyu), Petungwulung, Petungasri, Pandaan",09:00-20:00,09:00-20:00,09:00-20:00,08:00-20:00,08:00-20:00,08:00-18:00,09:00-20:00,https://gofood.co.id/pasuruan/restaurant/bagor-lengko-bakso-goreng-pandaan-44be8fbe-ec23-476f-bda6-57a1a01e6456,2025-07-13 18:53:32
"Tempe Mendoan,Barokah, Pandaan, Petungwulung",4.3,23.08 km,$$··,16rb-40rb,"Jajanan, Minuman, Cepat saji",Jln . A Yani Pandaan,16:00-23:59,16:00-23:59,16:00-23:59,16:00-22:59,16:00-23:00,16:00-23:59,16:00-23:59,https://gofood.co.id/pasuruan/restaurant/tempe-mendoan-barokah-pandaan-petungwulung-157a41f4-63cc-40d5-a915-a22496022b0d,2025-07-13 18:53:59
Frozen Food Al Hisyam,Baru,22.81 km,$$··,16rb-40rb,"Chinese, Minuman",Link.Jogonalan.gang Lukman Hakim Pandaan,09:00-21:00,09:00-21:00,09:00-21:00,09:00-21:00,09:00-21:00,09:00-21:00,09:00-21:00,https://gofood.co.id/pasuruan/restaurant/frozen-food-al-hisyam-3508ff4f-7fc7-4736-a5cd-c9d9b386d9a3,2025-07-13 18:53:51
"Roti Bakar Putra Sunda A Dzikri, Pandaan",4.7,24.54 km,$$··,16rb-40rb,Roti,"Desa Kedondong, Pandaan, Pasuruan",00:00-23:59,00:00-23:59,00:00-23:59,00:00-23:59,00:00-23:59,00:00-23:59,00:00-23:59,https://gofood.co.id/pasuruan/restaurant/roti-bakar-putra-sunda-a-dzikri-pandaan-40b808c9-dfc9-4632-bbdf-7511ec698b85,2025-07-13 18:54:11
"TAHU TEK TELOR LAMONGAN, Pandaan",4.6,23.59 km,$$··,16rb-40rb,"Cepat saji, Jajanan","Petung Sari, Pandaan, Pasuruan",12:00-23:59,12:00-23:59,12:00-23:59,12:00-22:00,13:00-22:00,10:00-23:00,10:00-23:00,https://gofood.co.id/pasuruan/restaurant/tahu-tek-telor-lamongan-pandaan-8be6ea20-ec9a-4259-9163-d3ddea4b73d8,2025-07-13 18:54:13
"Nasgor Ramaiiiii, Ra Kartini",4.9,22.52 km,$$··,16rb-40rb,"Bakmie, Chinese, Nasi Goreng, Aneka nasi","Jl. Ra Kartini No. 9 (Sebelah Martabak Holdend), Pandaan, Pasuruan.",17:00-23:59,10:00-23:59,17:00-23:59,17:00-23:59,17:00-23:59,17:00-23:59,17:00-23:59,https://gofood.co.id/pasuruan/restaurant/nasgor-ramaiiiii-ra-kartini-a697cf21-a978-4e7a-bf25-be07da4f8097,2025-07-13 18:54:11
HOLDEND RAJANYA Martabak Terangbulan,4.4,22.52 km,$$$·,40rb-100rb,Martabak,Jalan Ra.Kartini,16:00-23:59,16:00-23:59,16:00-23:59,16:00-23:59,16:00-23:59,16:00-23:59,16:00-23:59,https://gofood.co.id/pasuruan/restaurant/holdend-rajanya-martabak-terangbulan-9643c176-183d-4d87-88ea-12afe958ba3c,2025-07-13 18:54:23
Endogmu Telur Gulung,4.5,23.35 km,$···,Dibawah 16rb,"Jajanan, Cepat saji",Jl Raya Kasri Ruko Delta Permai Pandaan,13:00-19:30,Tutup,13:00-19:30,13:00-19:45,13:00-19:30,13:00-19:30,12:30-19:30,https://gofood.co.id/pasuruan/restaurant/endogmu-telur-gulung-9ae9fd03-e528-4931-a2f8-acfd6d0101e6,2025-07-13 18:54:37
"Daebak kimbab 1, Pandaan",4.5,22.5 km,$$··,16rb-40rb,"Korea, Bakmie, Jajanan","Jl.  Malang - Pasuruan Raya No. 3a, Pandaan, Pasuruan",17:00-20:30,17:00-20:30,17:00-20:30,17:00-20:30,17:00-20:30,17:00-20:30,17:00-20:30,https://gofood.co.id/pasuruan/restaurant/daebak-kimbab-1-pandaan-515fa707-8354-4132-a3bf-4a93eb404bd2,2025-07-13 18:54:47
"Q5 Steak And Bowl, Pandaan",4.8,22.54 km,$$$·,40rb-100rb,"Aneka nasi, Ayam & bebek, Barat","Jalan raya Kartini No.38, Jogo Nalain, Jogosari, Kec. Pandaan, Pasuruan, Jawa Timur 67156",12:00-20:30,12:00-20:30,11:00-20:30,12:00-20:30,13:00-20:30,12:00-20:30,12:00-20:30,https://gofood.co.id/pasuruan/restaurant/q5-steak-and-bowl-pandaan-451d3804-8331-4568-bdca-68e7d4edad54,2025-07-13 18:54:36
"Lesehan Fatimah, Pandaan",4.8,23.27 km,$$··,16rb-40rb,"Ayam & bebek, Aneka nasi","Jl. Ahmad Yani (Timur Sardo Swalayan), Pandaan, Pasuruan",07:15-23:59,07:15-23:59,07:15-23:59,07:15-23:59,07:15-23:59,07:15-23:59,07:15-23:59,https://gofood.co.id/pasuruan/restaurant/lesehan-fatimah-pandaan-a47de2ba-3fc7-4ae0-ab8b-b9948a7effa9,2025-07-13 18:54:25
"Kedai Lek Gon Bebek Goreng Kasri, Dusun Tengger",4.4,23.57 km,$$··,16rb-40rb,"Ayam & bebek, Minuman, Seafood","Jl. Kasri Raya No. 445, Pandaan, Pasuruan",00:00-02:00 & 11:45-23:59,00:00-02:00 & 11:45-23:59,00:00-02:00 & 12:00-23:59,00:00-02:00 & 12:00-23:59,00:00-02:00 & 12:00-23:59,00:00-02:00 & 11:45-23:59,00:00-02:00 & 12:00-23:59,https://gofood.co.id/pasuruan/restaurant/kedai-lek-gon-bebek-goreng-kasri-dusun-tengger-9bcc1314-84a0-498c-9d99-46a8948f16e4,2025-07-13 18:55:01
"Martabak Terang Bulan Anang, Pandaan",4.8,23.66 km,$$··,16rb-40rb,"Jajanan, Martabak, Roti","Jl. Jaksa Agung Suprapto, Pandaan, Pasuruan",16:00-23:00,16:00-23:00,16:00-23:00,16:00-23:00,16:00-23:00,16:00-23:00,16:00-23:00,https://gofood.co.id/pasuruan/restaurant/martabak-terang-bulan-anang-pandaan-16abf568-a242-41b8-ba6d-da7dbccb6d0c,2025-07-13 18:54:39
spesial seafood cak untung,5,23.42 km,$$··,16rb-40rb,Seafood,jl ahmad yani no 1 pandaan,17:00-23:59,17:00-23:59,17:00-23:59,17:00-23:59,17:00-23:59,17:00-23:59,17:00-23:59,https://gofood.co.id/pasuruan/restaurant/spesial-seafood-cak-untung-7a0a7b2b-eb7b-4053-bf47-26667af551ca,2025-07-13 18:55:13
"Jericco Salad dan Buah, Pandaan",4.9,22.49 km,$$··,16rb-40rb,"Cepat saji, Minuman, Sweets","Jl. RA Kartini no.5. jogonalan, jogosari, pandaan",07:00-23:00,07:00-23:00,07:00-23:00,07:00-23:00,07:00-23:00,07:00-23:00,07:00-23:00,https://gofood.co.id/pasuruan/restaurant/jericco-salad-dan-buah-pandaan-6376ee05-29ab-4d9d-a171-c14b0745c0e3,2025-07-13 18:55:19
Es kemuren king vantino ( Kelapa muda duren ),Baru,23.58 km,$···,Dibawah 16rb,Minuman,gg.pesarean lingkungan kasri rt/rw 02/01,11:00-20:00,11:00-20:00,11:00-20:00,11:00-20:00,11:00-20:00,11:00-20:00,11:00-20:00,https://gofood.co.id/pasuruan/restaurant/es-kemuren-king-vantino-kelapa-muda-duren--33da3a48-f69d-4c9b-96f4-0b35ce23b8d8,2025-07-13 18:55:28
"Roku Ropa, Pandaan",4.2,22.99 km,$$··,16rb-40rb,"Jajanan, Sweets, Roti","8MRR+VM9, Gg. Macanan 2, Macanan, Petungasri, Kec. Pandaan, Pasuruan, Jawa Timur 67156
Map of pujasera pojok ngunyah",10:00-20:30,10:00-20:30,10:00-20:30,10:00-20:30,10:00-20:30,10:00-20:30,10:00-20:30,https://gofood.co.id/pasuruan/restaurant/roku-ropa-pandaan-575897e5-b0fb-496c-ae63-d7964299f819,2025-07-13 18:55:37
Ice kocok pandaan,5,23.05 km,$$··,16rb-40rb,"Minuman, Sweets",Jl. Sedap malam no. 53 pandaan,Tutup,10:00-21:00,10:00-21:00,10:00-21:00,10:00-21:00,10:00-21:00,10:00-21:00,https://gofood.co.id/pasuruan/restaurant/ice-kocok-pandaan-835fb72a-7781-42d8-a525-2238fd39a4f2,2025-07-13 18:56:03
"Kimmi Noodle, Pandaan",5,21.8 km,$$··,16rb-40rb,"Jepang, Bakmie, Aneka nasi","Dusun Karang Kepuh No. 143, Pandaan, Pasuruan",10:00-20:00,10:00-20:00,10:00-20:00,10:00-20:00,09:00-20:00,10:00-20:00,10:00-20:00,https://gofood.co.id/pasuruan/restaurant/kimmi-noodle-pandaan-fa57de4f-15fe-40e6-84fc-94fab45e0cb6,2025-07-13 18:55:30
RM.RODA BARU JOGONALAN PANDAAN,4.8,22.51 km,$$··,16rb-40rb,"Cepat saji, Minuman, Aneka nasi",JL.RA KARTINI (SEBELAH SDN JOGOSARI) JOGONALAN-PANDAAN,08:00-21:15,08:00-21:15,08:00-21:15,08:00-21:15,08:00-22:00,08:00-21:15,08:00-21:15,https://gofood.co.id/pasuruan/restaurant/rm-roda-baru-jogonalan-pandaan-8acb5703-6b17-47dd-8cf9-5b0223755d8b,2025-07-13 18:55:10
"Kedai Ninok, Karangkepuh Pandaan",4.6,22.01 km,$···,Dibawah 16rb,"Minuman, Jajanan, Indonesia",Dusun Karangkepuh Rt 1 Rw 1 Desa Karangjati kecamatan Pandaan Kabupaten Pasuruan,05:00-22:30,05:00-22:30,05:00-22:30,05:00-22:30,05:00-10:00,08:00-23:00,05:00-23:00,https://gofood.co.id/pasuruan/restaurant/kedai-ninok-karangkepuh-pandaan-67c54c65-b1b9-46ff-88d9-762878fb6b47,2025-07-13 18:56:02
"Ayam Bakar Den Juna, Pandaan",4.8,22.16 km,$$$·,40rb-100rb,"Aneka nasi, Ayam & bebek","Jl. Tawi Karangjati, Pandaan, Pasuruan",08:00-20:00,08:00-20:00,08:00-20:00,08:00-20:00,08:00-20:00,08:00-20:00,08:00-20:00,https://gofood.co.id/pasuruan/restaurant/ayam-bakar-den-juna-pandaan-315d4901-b36c-4a90-88ad-b40da8f4fbd2,2025-07-13 18:56:01
"Mie Kedai Anyaran, Pandaan",4.7,23.57 km,$···,Dibawah 16rb,"Bakmie, Jajanan, Minuman","Jl. Darmawangsa, Pasegan, Petungsari Pandaan, Pasuruan",07:00-22:00,07:00-22:00,07:00-22:00,07:00-22:00,07:00-22:00,07:00-22:00,07:00-22:00,https://gofood.co.id/pasuruan/restaurant/mie-kedai-anyaran-pandaan-403984c0-dbb1-4a8b-bcae-f69f21463a76,2025-07-13 18:56:23
"Warung Ijo Lalapan Pak Eko, By Pass Pandaan",4.7,23.23 km,$···,Dibawah 16rb,"Kopi, Minuman, Ayam & bebek","Jl. By Pass Pandaan  2/7, Pandaan, Pasuruan",10:00-23:00,10:00-23:00,10:00-23:00,10:00-23:00,10:00-23:00,10:00-23:00,10:00-23:00,https://gofood.co.id/pasuruan/restaurant/warung-ijo-lalapan-pak-eko-by-pass-pandaan-639704da-c17f-4d98-abf1-5bc7fd008789,2025-07-13 18:56:32
Rumah Nasi Gila Bypass,5,23.52 km,$$··,16rb-40rb,Aneka nasi,Jln. Masjid Ar-rohmah Lingk. Pasegan Rt003 Rw004 Kel.petungasri Kec.pandaan Kab.pasuruan,08:00-21:00,08:00-21:00,08:00-21:00,08:00-21:00,08:00-21:00,08:00-21:00,08:00-21:00,https://gofood.co.id/pasuruan/restaurant/rumah-nasi-gila-bypass-3dcd3f7f-a530-45a0-bc39-c50887c86442,2025-07-13 18:56:27
"Belinyu Bangka Terang Bulan dan Martabak, Pandaan",5,22.39 km,$$$·,40rb-100rb,Martabak,"Jl. Pabean Raya No. 78, Pandaan, Pasuruan",16:30-23:00,16:30-23:00,16:30-23:00,16:30-23:00,16:30-23:00,16:30-23:00,16:30-23:00,https://gofood.co.id/pasuruan/restaurant/belinyu-bangka-terang-bulan-dan-martabak-pandaan-aec0a64b-85e9-46b0-ae5c-c05da227cda4,2025-07-13 18:56:32
"Nasi Uduk Ayam Goreng Pabean Raya, Pabean Raya",4.9,22.31 km,$···,Dibawah 16rb,"Aneka nasi, Ayam & bebek","Jl. Pabean Raya, Pandaan, Pasuruan",00:00-02:00 & 15:30-23:59,00:00-02:00 & 15:30-23:59,00:00-02:00 & 15:30-23:59,00:00-02:00 & 15:30-23:59,00:00-02:00 & 15:30-23:59,00:00-02:00 & 15:30-23:59,00:00-02:00 & 15:30-23:59,https://gofood.co.id/pasuruan/restaurant/nasi-uduk-ayam-goreng-pabean-raya-pabean-raya-26b13c65-c3c4-460f-8e18-ff3f2ed149f1,2025-07-13 18:56:50
"Nasi Goreng Mas Sam, Pandaan",4.4,23.24 km,$$··,16rb-40rb,"Bakmie, Nasi Goreng, Chinese, Aneka nasi","Ruko Palagan Square, Jl. By Pass Pandaan Raya No. 55, Pandaan, Pasuruan",00:00-04:00 & 10:00-23:59,00:00-03:45 & 09:15-23:59,00:00-04:00 & 09:00-23:59,00:00-04:00 & 10:00-23:59,00:00-04:00 & 09:30-23:59,00:00-04:00 & 10:00-23:59,00:00-04:00 & 09:00-23:59,https://gofood.co.id/pasuruan/restaurant/nasi-goreng-mas-sam-pandaan-d5d40613-a662-4dfb-9589-0d431362f76f,2025-07-13 18:56:40
"Warung Sea Food Est.2020, Pandaan",4.9,24.08 km,$$$·,40rb-100rb,"Seafood, Minuman, Aneka nasi","Gg. Wijaya Kusuma, Dusun Sukun Rt 005 Rw 009, Desa Sumbergedang, Pandaan, Pasuruan, Jawatimur, Indonesia",00:00-06:45 & 07:00-23:59,00:00-06:45 & 07:00-23:59,00:00-06:45 & 07:00-23:59,00:00-06:45 & 07:00-23:59,00:00-06:45 & 07:00-23:59,00:00-06:45 & 07:00-23:59,00:00-06:45 & 07:00-23:59,https://gofood.co.id/pasuruan/restaurant/warung-sea-food-est-2020-pandaan-2f884297-034d-425d-b52f-2ca7d7ffe621,2025-07-13 18:57:04
"Tahu Sumedang Asli (88), Pandaan",4.8,23.19 km,$$··,16rb-40rb,Jajanan,"Jl. Sedap Malam, Pandaan, Pasuruan",17:00-23:00,16:30-23:30,16:00-23:59,16:00-22:00,16:15-23:15,14:00-23:45,10:00-23:00,https://gofood.co.id/pasuruan/restaurant/tahu-sumedang-asli-88-pandaan-b32d0c8e-6855-45f9-b048-00024e7719ce,2025-07-13 18:57:02
"Martabak Terang Bulan Wongapak Asli Tegal, Kluncing Raya",4.7,23.18 km,$$··,16rb-40rb,"Martabak, Jajanan","Jl. Raya Kluncing, Pandaan, Pasuruan",16:00-23:00,16:00-23:00,16:00-23:00,16:00-23:00,16:00-23:00,16:00-23:00,16:00-23:00,https://gofood.co.id/pasuruan/restaurant/martabak-terang-bulan-wongapak-asli-tegal-kluncing-raya-239bac44-207d-40be-a383-5ffb6e3e0d33,2025-07-13 18:57:13
"Bebek Ireng, Kalitengah",4.9,22.29 km,$$··,16rb-40rb,Ayam & bebek,"Jl. Pabean Raya No. 113, Pandaan, Pasuruan",10:00-20:30,10:00-20:30,10:00-20:30,10:00-20:30,10:00-20:30,10:00-20:30,10:00-20:30,https://gofood.co.id/pasuruan/restaurant/bebek-ireng-kalitengah-77cb0508-a9f5-4eda-830c-64ceb9f6962c,2025-07-13 18:57:15
"Bakso Bakar Nyonya, Pandaan",4.2,23.67 km,$$··,16rb-40rb,"Jajanan, Bakso & soto, Cepat saji","Dusun Kwangen Rt.3 Rw.3, Desa Plintahan, Pandaan - Pasuruan",12:00-23:00,12:00-23:00,12:00-23:00,Tutup,12:00-23:00,12:00-23:00,12:00-23:00,https://gofood.co.id/pasuruan/restaurant/bakso-bakar-nyonya-pandaan-ec820338-e19e-4e74-8a90-d447b744cc93,2025-07-13 18:57:29
"Pisang Keju Klasik (Ex Pisang Arjuna), Pandaan",4.8,22.28 km,$$··,16rb-40rb,Jajanan,"Jalan Raya Kalitengah Baru No. 112, Pandaan - Pasuruan (Kanan Jalan, Sebelum Lampu Merah Dari Arah Pandaan Ke Taman Dayu)",11:00-21:00,11:00-21:00,11:00-21:00,11:00-21:00,11:00-21:00,11:00-21:00,11:00-21:00,https://gofood.co.id/pasuruan/restaurant/pisang-keju-klasik-ex-pisang-arjuna-pandaan-8de72596-c143-4644-b002-ee354cba2b93,2025-07-13 18:57:24
AlifaHabibi Store,Baru,23.83 km,$$··,16rb-40rb,Minuman,Jl Dharmawangsa Rt 5 Rw 3 Petungasri Pandaan,00:00-23:59,00:00-23:59,00:00-23:59,00:00-23:59,00:00-23:59,00:00-23:59,00:00-23:59,https://gofood.co.id/pasuruan/restaurant/alifahabibi-store-7c0cf148-d9ac-40ca-a820-da44111e0e61,2025-07-13 18:57:27
"Sate Tahu Bakar, Jl.dr.soetomo",4.5,24.35 km,$···,Dibawah 16rb,Cepat saji,Jl.dr.soetomo No:6 Dusun Klampok Desa Sumber Gedang Rt:01 Rw:11,17:30-21:00,17:30-21:00,17:30-21:00,17:30-21:00,17:30-21:00,17:30-21:00,17:00-21:00,https://gofood.co.id/pasuruan/restaurant/sate-tahu-bakar-jl-dr-soetomo-ed0c60ed-52f8-4f43-8287-7bc7bb2767f8,2025-07-13 18:57:45
Jepun Kedai Galery,Baru,25.23 km,$$··,16rb-40rb,"Ayam & bebek, Sate, Jajanan","Dsn. Ledok Tani candiwates prigen, Ledoktani, Candi Wates, Kec. Prigen, Pasuruan, Jawa Timur 67157",09:00-21:30,09:00-21:30,09:00-21:00,09:00-21:30,09:00-21:30,09:00-18:45,09:00-21:30,https://gofood.co.id/pasuruan/restaurant/jepun-kedai-galery-e2bcac9d-7399-4f17-979c-2fc1610150ea,2025-07-13 18:57:39
"Top Kebab Dan Burger, Indomart Klampok, Pandaan",4.8,24.51 km,$$··,16rb-40rb,"Jajanan, Barat, Timur Tengah",Teras Indomart Klampok,17:00-21:00,17:00-21:00,Tutup,17:00-21:00,17:00-21:00,17:00-21:00,17:00-21:00,https://gofood.co.id/pasuruan/restaurant/top-kebab-dan-burger-indomart-klampok-pandaan-1f8c860a-7bbc-4ea2-8312-f79cb280ad2b,2025-07-13 18:57:52
CILOK KUAH SANGAR,4.5,22.83 km,$···,Dibawah 16rb,"Cepat saji, Bakso & soto, Minuman",Dsn. Sangarejo Rt: 003 Rw: 015 Ds. Karangjati Kec. Pandaan,10:00-20:00,10:00-20:00,10:00-20:00,10:00-20:00,10:00-20:00,10:00-20:00,10:00-20:00,https://gofood.co.id/pasuruan/restaurant/cilok-kuah-sangar-bb88baf0-569d-4e28-bee4-b449822e3925,2025-07-13 18:43:57
"Warung Romma Serpang, Pandaan",4.3,22.36 km,$$··,16rb-40rb,"Ayam & bebek, Aneka nasi","Ruko Taman Dayu Blok D No. 11, Jl. Surabaya - Malang Raya, Karangjati, Pandaan, Pasuruan",08:00-20:00,08:00-20:00,08:00-20:00,08:00-20:00,08:00-20:00,08:00-20:00,08:00-20:00,https://gofood.co.id/pasuruan/restaurant/warung-romma-serpang-pandaan-b9c8427c-093a-4f5b-9265-cd0d0c29b8e4,2025-07-13 18:43:57
"Coklat Route62, Pandaan",4.2,25.35 km,$···,Dibawah 16rb,Minuman,"Jl. Penanggungan, Ledoktani (Samping Bakso Barokah), Candiwates",10:15-20:30,10:15-20:30,10:15-20:30,10:15-20:30,10:15-20:30,10:15-20:30,10:00-20:30,https://gofood.co.id/pasuruan/restaurant/coklat-route62-pandaan-061663ab-fbd5-4ee6-8401-fff3df4cdda5,2025-07-13 18:43:58
"Egoism Steak, Pandaan",4.7,22.36 km,$$$·,40rb-100rb,"Jajanan, Ayam & bebek, Barat",Little Shanghai no LS. 32 The Taman Dayu Pandaan,10:00-21:00,10:00-21:00,10:00-21:00,10:00-21:00,10:00-21:00,10:00-21:00,10:00-21:00,https://gofood.co.id/pasuruan/restaurant/egoism-steak-pandaan-7e3dd99d-aa7d-41b2-99da-ce9d5497b3a9,2025-07-13 18:43:57
"Tahu Campur Lamongan Cak Timbul Depan Pabrik Aqua, Karangjati",5,22.11 km,$$··,16rb-40rb,"Cepat saji, Minuman","Jl. Raya Bypass Pandaan, RT.02/RW.06, Kedung, Karangjati, Kec. Pandaan, Pasuruan, Jawa Timur 67156, Indonesia",17:00-23:00,17:00-23:00,17:00-23:00,17:00-23:00,17:00-23:00,17:00-23:00,17:00-23:00,https://gofood.co.id/pasuruan/restaurant/tahu-campur-lamongan-cak-timbul-depan-pabrik-aqua-karangjati-cad851fb-d928-41ef-90f5-7467b54c1557,2025-07-13 18:43:57
"Jiga Ramen, Pandaan",4.4,22.36 km,$$··,16rb-40rb,"Bakmie, Jepang",Ruko Little Shanghau LS 35-36 The Taman Dayu Pandaan,09:00-21:00,09:00-21:00,09:00-21:00,09:00-21:00,09:00-21:00,09:00-21:00,09:00-21:00,https://gofood.co.id/pasuruan/restaurant/jiga-ramen-pandaan-d81115e4-b04a-4a3a-8be4-8449266af53d,2025-07-13 18:44:21
"Chicki Hap X Denudrink, The Taman Dayu",4.5,22.37 km,$$··,16rb-40rb,"Jajanan, Minuman, Jepang","The Taman Dayu, Ruko Little Shanghai Ls33, Pandaan, Pasuruan",10:00-20:00,10:00-20:00,10:00-20:00,09:00-21:00,09:00-20:30,09:00-21:00,09:00-21:00,https://gofood.co.id/pasuruan/restaurant/chicki-hap-x-denudrink-the-taman-dayu-3e5786c6-a297-4592-af13-eb32d5dd2763,2025-07-13 18:44:18
"Warung Lalapan Bebek Spesial Pak Pon Karangjati, Pandaan",4.8,22.11 km,$$··,16rb-40rb,"Ayam & bebek, Aneka nasi","Jl. Surabaya - Malang Raya, Pandaan, Pasuruan",16:30-22:00,16:30-22:00,16:30-22:00,16:30-22:00,16:30-22:00,17:15-22:00,16:30-22:00,https://gofood.co.id/pasuruan/restaurant/warung-lalapan-bebek-spesial-pak-pon-karangjati-pandaan-58904e46-16e2-49f7-8aa3-3b0868b94ad4,2025-07-13 18:44:27
"Jiga Ramen, The Taman Dayu",4.9,22.39 km,$$··,16rb-40rb,"Bakmie, Cepat saji, Jepang",Ruko Little Shanghai LS 35 The Taman Dayu Pandaan,10:00-20:45,10:00-20:45,10:00-20:45,10:00-20:45,10:00-20:45,10:00-20:45,10:00-20:45,https://gofood.co.id/pasuruan/restaurant/jiga-ramen-the-taman-dayu-919fa3e9-6a2d-4982-9a17-f77617677278,2025-07-13 18:44:21
"Wr Sugih Waras, Pandaan",4.9,23 km,$···,Dibawah 16rb,"Minuman, Indonesia, Aneka nasi","Dsn Sangarejo, KarangJati Pandaan, Dekat Pondok Al Beer",05:45-20:00,05:45-20:00,05:45-20:00,Tutup,05:45-22:00,05:45-20:00,05:45-22:00,https://gofood.co.id/pasuruan/restaurant/wr-sugih-waras-pandaan-8556ae9c-3524-46f1-ba7e-1f7f49f665e4,2025-07-13 18:44:20
"Kedai Deli, Food Veranda",4.6,22.47 km,$···,Dibawah 16rb,"Minuman, Aneka nasi, Bakmie","The Taman Dayu Food Veranda Kios H15A, Jl. Surabaya - Malang Raya, Karangjati, Pandaan, Pasuruan",09:00-21:00,09:00-21:00,09:00-21:00,09:00-21:00,09:00-21:00,09:00-21:00,08:00-22:00,https://gofood.co.id/pasuruan/restaurant/kedai-deli-food-veranda-babbe264-fc90-4f1d-89cd-3d27cbd52375,2025-07-13 18:44:46
"Gendis Es Teler Durian, Melati",5,24.33 km,$$··,16rb-40rb,"Cepat saji, Minuman","Jl. Melati No. 8, Pandaan, Pasuruan",10:00-21:00,10:00-21:00,10:00-21:00,10:00-21:00,10:00-21:00,10:00-21:00,10:00-21:00,https://gofood.co.id/pasuruan/restaurant/gendis-es-teler-durian-melati-3926334c-29f7-48e4-b944-a5050cba8d45,2025-07-13 18:45:00
"Rambo Pecel Tumpang Khas Kediri dan Ayam Bebek Kremes, Pandaan",4.8,22.49 km,$···,Dibawah 16rb,"Aneka nasi, Ayam & bebek, Makanan sehat","Food Veranda H-06 & H-15, The Taman Dayu, Jl. Surabaya - Malang Raya KM 48, Pandaan, Pasuruan",08:15-20:45,08:15-20:45,08:15-20:45,08:00-20:45,08:15-20:45,08:15-20:45,08:15-20:45,https://gofood.co.id/pasuruan/restaurant/rambo-pecel-tumpang-khas-kediri-dan-ayam-bebek-kremes-pandaan-a19a76db-9d99-4913-9400-8b0fff41772c,2025-07-13 18:44:46
"Takoshi (Takoyaki, Sushi, Ramen), Pandaan",4.4,22.48 km,$$··,16rb-40rb,"Jajanan, Jepang","Jl. Surabaya – Malang Raya, Lebaksari, Karangjati, Pandaan, Pasuruan",09:00-21:00,09:00-21:00,09:00-21:00,09:00-21:00,09:00-21:00,09:00-21:30,09:00-21:00,https://gofood.co.id/pasuruan/restaurant/takoshi-takoyaki-sushi-ramen-pandaan-c72a4cb2-a50b-4cf5-97f3-2fda0aa1f329,2025-07-13 18:44:52
"Kaisar Masakan Jawa dan Chinese Food, Pandaan",4.9,22.52 km,$$··,16rb-40rb,"Aneka nasi, Ayam & bebek","Playground Food Veranda The Taman Dayu H27, Jl. Surabaya-Malang, Karang Jati, Pandaan, Pasuruan",09:00-20:00,08:00-21:00,09:00-21:00,09:00-21:00,09:00-21:00,09:00-21:00,06:00-21:00,https://gofood.co.id/pasuruan/restaurant/kaisar-masakan-jawa-dan-chinese-food-pandaan-c3861983-aae7-40f9-a68c-1267889f3206,2025-07-13 18:45:10
"Iga Bakar Presiden, Food Veranda",4.7,22.48 km,$$··,16rb-40rb,"Minuman, Aneka nasi","The Taman Dayu, Food Veranda H-28, Jl. Surabaya - Malang Raya, Karangjati, Pandaan, Pasuruan",Tutup,11:00-21:00,11:00-21:00,11:00-21:00,11:00-21:00,11:00-21:00,11:00-21:00,https://gofood.co.id/pasuruan/restaurant/iga-bakar-presiden-food-veranda-b2bda4a6-07c2-4742-bf7f-db61d4062a79,2025-07-13 18:44:56
"Kedai Bintang, Pandaan",4.6,24.25 km,$$··,16rb-40rb,"Aneka nasi, Jajanan, Minuman","Jl. Melati No. 4, Pandaan, Pasuruan",04:00-22:00,04:00-22:00,04:00-22:00,04:00-22:00,04:00-22:00,04:00-22:00,04:00-22:00,https://gofood.co.id/pasuruan/restaurant/kedai-bintang-pandaan-12636e88-2bfb-4d78-8c91-2d0979cef8a6,2025-07-13 18:45:26
Pos Ketan Taman Dayu Pandaan,4.3,22.49 km,$$··,16rb-40rb,Jajanan,Ruko Veranda No H-9,09:30-20:30,09:30-20:30,09:30-20:30,09:30-20:30,09:30-20:30,09:30-21:00,08:30-20:30,https://gofood.co.id/pasuruan/restaurant/pos-ketan-taman-dayu-pandaan-f70bb914-074b-4405-9132-5ce025b9277e,2025-07-13 18:45:38
"Pepparaisu (Nasi Lada), The Taman Dayu Pandaan",4.2,22.5 km,$$··,16rb-40rb,"Jepang, Aneka nasi, Ayam & bebek",Festival Junction H3/009  The Taman Dayu Pandaan,10:00-21:00,10:00-21:00,10:00-21:00,10:00-21:00,10:00-21:00,10:00-21:00,10:00-21:00,https://gofood.co.id/pasuruan/restaurant/pepparaisu-nasi-lada-the-taman-dayu-pandaan-3cbd9b3b-b171-44d1-897a-410e2470acee,2025-07-13 18:45:43
"Juve Juice (Jus Sehat), Food Terrace Taman Dayu",5,22.5 km,$···,Dibawah 16rb,Minuman,"New Food Terace The Taman Dayu, Jl. Surabaya - Malang Raya, Karangjati, Pandaan, Pasuruan",09:30-20:00,09:30-20:00,09:30-20:00,09:30-20:00,09:30-20:00,09:30-21:00,07:30-20:00,https://gofood.co.id/pasuruan/restaurant/juve-juice-jus-sehat-food-terrace-taman-dayu-c1a1bc81-9159-4055-8b21-54ac6b6fc4f0,2025-07-13 18:45:50
"Masakan Seafood Rafa Kepiting, Food Teracce Taman Dayu",3.7,22.49 km,$$$·,40rb-100rb,Seafood,"New Food Teracce Taman Dayu, Karang Jati, Kec. Pandaan, Pasuruan, Jawa Timur 67156",08:00-21:00,08:30-21:00,08:30-21:00,08:30-21:00,08:30-21:00,08:00-21:00,07:30-21:00,https://gofood.co.id/pasuruan/restaurant/masakan-seafood-rafa-kepiting-food-teracce-taman-dayu-ee0a2420-9a4d-4962-878a-f0aac100e1e9,2025-07-13 18:45:43
"Kedai Nyzura / Warkop Santuy, Mlaten Plintahan Pandaan",Baru,23.92 km,$···,Dibawah 16rb,"Kopi, Minuman, Makanan sehat",Jln. Melati Gang Roti Bajul Mlaten Kelurahan Plintahan Pandaan,09:00-21:00,09:00-21:00,09:00-21:00,09:00-21:00,08:00-21:00,09:00-21:00,09:00-21:00,https://gofood.co.id/pasuruan/restaurant/kedai-nyzura-warkop-santuy-mlaten-plintahan-pandaan-ad2ea944-c088-416f-9066-6e028ce8eba4,2025-07-13 18:46:00
Burger Garage Indonesia,5,21.98 km,$$$·,40rb-100rb,"Cepat saji, Barat",Jl Indrokilo No.25 Jetak,Tutup,10:00-22:00,10:00-22:00,10:00-22:00,10:00-22:00,10:00-22:00,10:00-22:00,https://gofood.co.id/pasuruan/restaurant/burger-garage-indonesia-299d3386-0383-4d79-bd0f-0a4b38d5fe0b,2025-07-13 18:46:02
"Kopi Koee, Pandaan",3.8,21.8 km,$···,Dibawah 16rb,"Jajanan, Minuman, Roti","Jl. Lebaksari Raya No. 32, Pandaan, Pasuruan",09:00-22:00,09:00-22:00,09:00-22:00,09:00-22:00,09:00-22:00,08:00-22:00,08:00-22:00,https://gofood.co.id/pasuruan/restaurant/kopi-koee-pandaan-c1180c38-46a9-4277-be52-37557db202d0,2025-07-13 18:46:14
"Takoyaki Janna Kitchen, Sukorejo",4.9,22.8 km,$···,Dibawah 16rb,"Jajanan, Jepang, Minuman","Dusun Sukorejo, Pandaan, Pasuruan (Timur MI Hubbul Wathon, Kolam Renang Kurma Asri)",15:00-22:00,15:00-22:00,15:00-22:00,15:00-22:00,15:00-22:00,15:00-22:00,15:00-22:00,https://gofood.co.id/pasuruan/restaurant/takoyaki-janna-kitchen-sukorejo-fbe70772-24e2-448a-9edd-45a168de3bea,2025-07-13 18:46:09
"Dapur Mak Endun, Pandaan",Baru,22.07 km,$···,Dibawah 16rb,"Jajanan, Cepat saji","Dusun Karang Kepuh, Pandaan, Pasuruan",17:00-21:00,17:00-21:00,17:00-21:00,17:00-21:00,17:00-21:00,16:00-22:00,10:00-19:00,https://gofood.co.id/pasuruan/restaurant/dapur-mak-endun-pandaan-138c5b3b-60e3-4413-a699-3285197d33b7,2025-07-13 18:46:27
"Midline Coffee, Bangil",5,9.65 km,$···,Dibawah 16rb,"Minuman, Jajanan, Kopi","Jl. Raci Raya, Bangil, Pasuruan",00:00-23:59,00:00-23:59,00:00-23:59,00:00-23:59,00:00-23:59,00:00-23:59,00:00-23:59,https://gofood.co.id/pasuruan/restaurant/midline-coffee-bangil-b045b96b-14e6-4abf-b451-b967daf581c2,2025-07-13 18:46:41
"Evie Frozen Food Dan Mie Nyemek, Sukorejo Karangjati",5,22.76 km,$$$·,40rb-100rb,"Korea, Chinese, Jajanan",Dsn Sukorejo Karangjati Pandaan rt 3 Rw 17 (Kos Warna Warni Depan Wisata Panci),00:00-23:59,00:00-23:59,00:00-23:59,00:00-23:59,00:00-23:59,00:00-23:59,00:00-23:59,https://gofood.co.id/pasuruan/restaurant/evie-frozen-food-dan-mie-nyemek-sukorejo-karangjati-58cc8a93-5b55-4cfe-a735-bf4286fc7af4,2025-07-13 18:46:43
"Depot Bebek Dewi Purnama, Pandaan",4.7,22.88 km,$$··,16rb-40rb,"Aneka nasi, Ayam & bebek, Minuman","Sukorejo No. 12, Karang Jati, Pandaan",08:00-23:59,08:00-23:59,08:00-23:59,08:00-23:59,08:00-23:59,08:00-23:59,08:00-23:59,https://gofood.co.id/pasuruan/restaurant/depot-bebek-dewi-purnama-pandaan-d1209fc5-1395-494f-96a5-315d39dedfa6,2025-07-13 18:46:38
olehkopi,4.5,21.95 km,$···,Dibawah 16rb,"Roti, Kopi, Minuman",Jl Raya Jetak No 30 Rt01 Rw08 Karangjati Pandaan,11:00-21:45,11:00-21:45,11:00-21:45,11:00-21:45,12:15-21:45,11:00-21:45,11:00-21:45,https://gofood.co.id/pasuruan/restaurant/olehkopi-6540dc9f-731c-4ded-8e8c-467d29884b4e,2025-07-13 18:46:38
"Mielenial Pandaan, Durensewu",4,23.96 km,$···,Dibawah 16rb,"Minuman, Bakmie, Chinese","Bakalan, Durensewu, Kec. Pandaan, Pasuruan, Jawa Timur",10:00-23:00,10:00-23:00,10:00-23:00,10:00-23:00,13:00-23:00,10:00-23:00,10:00-23:00,https://gofood.co.id/pasuruan/restaurant/mielenial-pandaan-durensewu-5602a041-ed02-45f7-b1f3-7ab8fee5c5a8,2025-07-13 18:47:05
"Pisang PasirQ, Pandaan",4.9,25.35 km,$···,Dibawah 16rb,Jajanan,"Jl. Prigen Raya No. 7B, Pandaan, Pasuruan",08:00-23:30,07:00-23:30,08:00-23:30,07:00-23:00,09:00-23:00,09:00-23:00,09:00-23:00,https://gofood.co.id/pasuruan/restaurant/pisang-pasirq-pandaan-e9476ea5-5448-4169-ae0f-321ea53b270d,2025-07-13 18:47:07
"Bakso Bakar Pak Min Jawi, Prigen",4.6,25.81 km,$···,Dibawah 16rb,Ayam & bebek,"Jl. Jawi, Prigen, Pasuruan",09:00-21:00,09:00-21:00,09:00-21:00,09:00-21:00,09:00-21:00,09:00-21:00,09:00-21:00,https://gofood.co.id/pasuruan/restaurant/bakso-bakar-pak-min-jawi-prigen-9a1457f7-9380-4e65-991b-f53de552b0ec,2025-07-13 18:47:19
"Mie Ayam & Bakso Solo 2 Putri, Panumbuan",4.8,9.15 km,$$··,16rb-40rb,Cepat saji,"Panumbuan, Raci, Kec. Bangil, Pasuruan, Jawa Timur",10:00-20:00,10:00-19:00,10:00-19:00,10:00-19:00,11:00-19:00,10:00-19:00,10:00-20:00,https://gofood.co.id/pasuruan/restaurant/mie-ayam-bakso-solo-2-putri-panumbuan-aaa07f9d-aec4-4b66-9ee8-53258cb9f6ad,2025-07-13 18:47:36
"Naya Home Food, Bakalan",4.8,23.78 km,$···,Dibawah 16rb,"Minuman, Aneka nasi, Ayam & bebek",Dusun Bakalan Rt 4 Rw 2 Kel. Durensewu,08:00-20:45,08:00-20:45,08:00-20:45,08:00-20:45,08:00-20:45,08:00-20:45,08:00-20:45,https://gofood.co.id/pasuruan/restaurant/naya-home-food-bakalan-25639469-3c08-4ab8-8cf3-fbb91207e567,2025-07-13 18:47:04
TERAS KOPI,5,21.6 km,$$··,16rb-40rb,"Minuman, Jajanan, Kopi",Perumahan Chandra Kartika S.2,09:00-23:30,09:00-23:30,09:00-23:30,09:00-23:30,09:00-23:30,09:00-23:30,09:00-23:30,https://gofood.co.id/pasuruan/restaurant/teras-kopi-d5f34273-86de-4156-acd1-994dcbd66600,2025-07-13 18:47:46
"DAPUR NOBAR (Jasuke By JASUMO & Jajanan), Suwayuwo",3.4,21.43 km,$···,Dibawah 16rb,"Jajanan, Minuman, Aneka nasi","Jl. Perum Candra Kartika, Blok H-01, Sukorejo, Pasuruan",08:00-16:00,08:00-16:00,08:00-16:00,08:00-21:00,08:00-16:00,08:00-16:00,11:00-21:00,https://gofood.co.id/pasuruan/restaurant/dapur-nobar-jasuke-by-jasumo-jajanan-suwayuwo-76abcd4d-0ff5-4ebe-9dfc-8ed681160e98,2025-07-13 18:47:41
"Geprek Tsadeest Pandaan, Pasuruan",4.8,23.04 km,$$··,16rb-40rb,"Aneka nasi, Ayam & bebek, Minuman","Jl. Pandaan, Pandaan, Pasuruan",09:00-21:00,09:00-21:00,09:00-21:00,09:00-21:00,09:00-21:00,09:00-21:00,09:00-21:00,https://gofood.co.id/pasuruan/restaurant/geprek-tsadeest-pandaan-pasuruan-6e785003-2af1-4a85-bc97-6bac97ebadb4,2025-07-13 18:47:22
Bakso Dorr Ngemplak,4.8,22.48 km,$···,Dibawah 16rb,"Bakso & soto, Kopi, Minuman","Dusun ngemplak Tanjungarum, No. 13, RT 04, RW 01, Jetak, Kecamatan Sukorejo, Pandaan",Tutup,10:00-22:00,10:00-22:00,10:00-22:00,10:00-22:00,10:00-22:00,09:00-22:00,https://gofood.co.id/pasuruan/restaurant/bakso-dorr-ngemplak-82589dcf-5e7b-4a6d-9a01-331f5f41869c,2025-07-13 18:47:57
"Kudapan Akio, Omah Indah Kapuk",4.3,22.15 km,$···,Dibawah 16rb,Jajanan,"Perumahan Omah Indah Kapuk, Cluster Edelweiss, Blok G3/23, Pandaan, Pasuruan",05:00-21:00,05:00-21:00,05:00-21:00,05:00-21:00,05:00-21:00,05:00-21:00,05:00-21:00,https://gofood.co.id/pasuruan/restaurant/kudapan-akio-omah-indah-kapuk-b8c8e438-4a57-49fb-9cbb-c337e8dd0749,2025-07-13 18:48:00
"Daebak Kimbab, Pandaan",5,22.81 km,$$··,16rb-40rb,"Korea, Jajanan","Jl. Indrokilo, Pandaan, Pasuruan",08:00-21:30,08:00-21:30,08:00-21:30,08:00-21:30,07:00-21:30,07:00-22:00,07:00-21:30,https://gofood.co.id/pasuruan/restaurant/daebak-kimbab-pandaan-99ea9a2d-cedf-4086-9049-0660cf37e32d,2025-07-13 18:48:09
"PAS Burger dan Mie Pedas, Ngemplak Sukorejo (Jetak)",Baru,22.86 km,$···,Dibawah 16rb,"Cepat saji, Jajanan",Dusun Ngemplak RT 01 / RW 01 Desa Tanjungarum Kecamatan Sukorejo,09:30-21:00,09:30-21:00,09:30-21:00,10:00-21:00,10:00-21:00,10:00-21:00,10:00-21:00,https://gofood.co.id/pasuruan/restaurant/pas-burger-dan-mie-pedas-ngemplak-sukorejo-jetak--8d7c8822-6fa3-465c-a510-022d8ac09d92,2025-07-13 18:48:17
"STMJ & JAMU Akar Langit Suwayuwo, Jl. Raya Malang",4,21.67 km,$$··,16rb-40rb,Minuman,Jl. Raya Malang Surabaya No. 16 Suwayuwo,17:00-22:00,17:00-22:00,17:00-22:00,17:00-22:00,17:00-22:00,17:00-22:00,17:00-22:00,https://gofood.co.id/pasuruan/restaurant/stmj-jamu-akar-langit-suwayuwo-jl-raya-malang-f6b34166-bc24-4b81-81b5-ef21461ad280,2025-07-13 18:48:30
"Papi'e Geprek, Jln. Indrokilo",4.7,22.88 km,$$··,16rb-40rb,"Cepat saji, Aneka nasi","Jalan Indrokilo, Ngemplak, Tanjungarum, Kec. Sukorejo, Kab. Pasuruan.",10:00-22:00,10:30-21:00,10:30-21:00,10:30-21:00,07:00-21:00,09:30-21:00,10:30-21:00,https://gofood.co.id/pasuruan/restaurant/papi-e-geprek-jln-indrokilo-ca28ea2d-9f95-4076-a8ea-2de6a0b74626,2025-07-13 18:48:27
"Kedai Bogor, Pandaan",4.4,24.35 km,$···,Dibawah 16rb,Jajanan,"Durensewu, Jl. Wedoro, Pandaan, Pasuruan",15:00-22:00,16:00-20:00,16:00-20:00,16:00-20:00,16:00-20:00,16:00-20:00,10:00-20:00,https://gofood.co.id/pasuruan/restaurant/kedai-bogor-pandaan-77543229-6fbe-4d09-b485-3312a00eaf73,2025-07-13 18:48:34
"Kedai Zaky Iis, Sukorejo",4.2,21.47 km,$···,Dibawah 16rb,"Minuman, Jajanan","Jl. Diponegoro, Sukorejo, Pasuruan",10:00-21:00,10:00-21:00,10:00-21:00,10:00-21:00,10:00-21:00,10:00-21:00,10:00-20:00,https://gofood.co.id/pasuruan/restaurant/kedai-zaky-iis-sukorejo-df557b19-2909-413b-95a1-1dc9ac484890,2025-07-13 18:48:53
"Tape Singkong MADULEGI 01, Kenduruan Sukorejo Pasuruan",Baru,17.74 km,$···,Dibawah 16rb,"Cepat saji, Jajanan, Minuman",Jasem RT 01 RW 02 Kenduruan Sukorejo Pasuruan,09:00-21:00,09:00-21:00,09:00-21:00,09:00-21:00,09:00-21:00,09:00-21:00,09:00-21:00,https://gofood.co.id/pasuruan/restaurant/tape-singkong-madulegi-01-kenduruan-sukorejo-pasuruan-742fc90d-37bf-4d5e-9271-168fb1264301,2025-07-13 18:48:51
"Godho Kentang, Prigen",4.8,26.35 km,$···,Dibawah 16rb,"Sweets, Jajanan, Minuman","Desa Barsari, Prigen, Pasuruan",08:00-21:00,08:00-21:00,08:00-21:00,08:00-21:00,08:00-21:00,08:00-21:00,08:00-21:00,https://gofood.co.id/pasuruan/restaurant/godho-kentang-prigen-d7bc1c6e-5da4-43f3-8b11-6a26039a525a,2025-07-13 18:48:56
"Warung Omricko, Pandaan",4.7,21.65 km,$···,Dibawah 16rb,"Chinese, Nasi Goreng, Aneka nasi","Jl. Surabaya - Malang Raya, Pandaan, Pasuruan",16:45-23:00,16:45-23:00,16:45-23:00,Tutup,16:45-22:59,16:45-23:00,16:30-22:59,https://gofood.co.id/pasuruan/restaurant/warung-omricko-pandaan-c348ca58-04cc-43ea-b9e6-8f124278460c,2025-07-13 18:48:51
"RM. Padang Padi Sarumpun, Suwayuwo Wetan",4.6,21.64 km,$$··,16rb-40rb,Aneka nasi,"Suwayuwo Wetan, Gang Koprasi, Sukorejo, Pasuruan",09:00-20:30,09:00-20:30,09:00-20:30,09:00-20:30,09:00-20:30,09:00-20:45,09:00-20:30,https://gofood.co.id/pasuruan/restaurant/rm-padang-padi-sarumpun-suwayuwo-wetan-e89b4850-6b4e-43c2-9023-3caee1381360,2025-07-13 18:49:02
"Dimsum Wina, Bukit Alam",Baru,22.23 km,$$$·,40rb-100rb,"Aneka nasi, Ayam & bebek, Cepat saji","Suwayuwo, Perum Bukit Alam Blok Z No.15",09:00-21:00,09:00-21:00,09:00-21:00,09:00-21:00,09:00-21:00,09:00-21:00,09:00-21:00,https://gofood.co.id/pasuruan/restaurant/dimsum-wina-bukit-alam-f4141bcc-d214-4915-9ce1-5b5fd6cc365e,2025-07-13 18:49:16
"Masakan Bu Pur, Kopi Telu Sawah View",4,24.23 km,$$$·,40rb-100rb,"Aneka nasi, Ayam & bebek, Cepat saji",Kopi Telu Sawah View  Blok K,10:15-20:30,10:15-20:30,10:15-20:30,10:15-20:30,10:15-20:30,10:15-20:30,10:15-20:30,https://gofood.co.id/pasuruan/restaurant/masakan-bu-pur-kopi-telu-sawah-view-29281a7a-30fc-4683-87e0-f19a300532c8,2025-07-13 18:49:30
"Jiga Ramen, Telu Sawah Prigen",4.6,24.23 km,$$··,16rb-40rb,"Bakmie, Cepat saji, Jepang","Jl. Ketanireng, Prigen, Pasuruan",12:00-20:30,12:00-20:30,12:00-20:30,12:00-20:30,Tutup,12:00-20:30,11:00-20:30,https://gofood.co.id/pasuruan/restaurant/jiga-ramen-telu-sawah-prigen-d4436393-f1d7-4ad5-bcc1-2d15d88d19d8,2025-07-13 18:49:37
"Salad Ferdinand, Ketanireng",Baru,25.22 km,$$··,16rb-40rb,Cepat saji,"Ketanireng, Prigen, Pasuruan",00:00-23:59,00:00-23:59,00:00-23:59,00:00-23:59,00:00-23:59,00:00-23:59,00:00-23:59,https://gofood.co.id/pasuruan/restaurant/salad-ferdinand-ketanireng-d322732e-e218-4e9e-9729-47ed38a14bcc,2025-07-13 18:49:30
"Pawon Bu Mar, Sukorejo",4.8,21.28 km,$···,Dibawah 16rb,"Minuman, Jajanan, Aneka nasi","Perumahan Citi9, Blok E3 No. 20 Sukorejo, Pasuruan",08:00-23:00,08:00-23:00,08:00-23:00,08:00-23:00,08:00-23:00,08:00-23:00,08:00-23:00,https://gofood.co.id/pasuruan/restaurant/pawon-bu-mar-sukorejo-f6238353-31c2-4f8c-b74a-3bd27cc8d9a2,2025-07-13 18:49:25
TnC Frozen Food,Baru,24.98 km,$$$·,40rb-100rb,"Cepat saji, Jajanan, Ayam & bebek",Taman Dayu - Rosewood Hills RW 5 No. 9  - Pandaan,07:00-15:00 & 18:00-21:00,07:00-15:00 & 18:00-21:00,07:00-15:00 & 18:00-21:00,07:00-15:00 & 18:00-21:00,07:00-15:00 & 18:00-21:00,09:30-15:00 & 18:00-21:00,09:30-15:00 & 18:00-21:00,https://gofood.co.id/pasuruan/restaurant/tnc-frozen-food-2da03c2c-b30a-448b-a75c-b6661a906b70,2025-07-13 18:49:50
Jajanan Anfiza,4.8,25.18 km,$···,Dibawah 16rb,"Jajanan, Minuman, Aneka nasi",Jln. Sidokatut Rt 06 Rw 01 Ketanireng Prigen,10:00-20:00,10:00-20:00,10:00-20:00,Tutup,10:00-20:00,10:00-20:00,10:00-20:00,https://gofood.co.id/pasuruan/restaurant/jajanan-anfiza-cf667569-ed64-4e96-9ab3-400376af0d2c,2025-07-13 18:50:01
"Bakso Rudal Cak No, Sukorejo",4.8,22.25 km,$$··,16rb-40rb,Bakso & soto,"Ngulaan, Sukorejo, Pasuruan",12:00-21:00,12:00-21:00,12:00-21:00,12:00-21:00,12:15-21:00,11:30-21:00,11:30-21:00,https://gofood.co.id/pasuruan/restaurant/bakso-rudal-cak-no-sukorejo-b1981f23-562a-4040-a0ab-ee3f1790eacf,2025-07-13 18:50:03
Samudra Outlet,Baru,25.2 km,$$··,16rb-40rb,Cepat saji,"Jl. Dusun Sidokatut (RT 6 RW 1), Prigen, Pasuruan",09:00-21:00,07:30-21:00,09:00-21:00,09:00-21:00,09:00-21:00,09:00-21:00,07:00-21:00,https://gofood.co.id/pasuruan/restaurant/samudra-outlet-8d33fdd5-806d-4c03-a2e4-58a3dc637026,2025-07-13 18:50:04
"umahcafe_bn, Sukorejo",Baru,22.47 km,$$··,16rb-40rb,"Minuman, Jajanan, Kopi","Jl. Dusun Ngulaan, Sukorejo, Pasuruan",10:00-23:59,10:00-23:59,10:00-23:59,Tutup,10:00-23:59,10:00-23:59,10:00-23:59,https://gofood.co.id/pasuruan/restaurant/umahcafe_bn-sukorejo-29697711-bb29-43e7-b451-2bb0f41e85a1,2025-07-13 18:50:16
"Aila Food & Delivery, Prigen",4.5,27.72 km,$$··,16rb-40rb,"Chinese, Aneka nasi, Bakmie","Jl. Panglima Sudirman Jagil Prigen No. 8, Prigen, Pasuruan",16:00-22:30,16:00-22:30,16:00-22:30,16:00-22:30,16:00-22:30,16:00-22:30,16:00-22:30,https://gofood.co.id/pasuruan/restaurant/aila-food-delivery-prigen-4f3051b4-699b-4662-a187-2b0ff3c6b8bb,2025-07-13 18:50:27
"Mang Ade Prigen, Jagil Kampung",4.4,27.73 km,$$··,16rb-40rb,Jajanan,"Jl. Panglima Sudirman No. 14, Prigen, Pasuruan",06:00-20:30,06:00-20:30,06:00-20:30,06:00-20:30,06:00-20:30,06:00-20:30,06:00-20:30,https://gofood.co.id/pasuruan/restaurant/mang-ade-prigen-jagil-kampung-320cab0f-d857-4b60-9695-ccef099a2f82,2025-07-13 18:50:29
Dapoer Nenek,4.8,27.82 km,$$··,16rb-40rb,"Jajanan, Bakmie, Chinese",Jl. Gajah Mada RT.02 RW.10 Jagil Barat,07:00-22:00,07:00-22:00,07:00-22:00,07:00-22:00,07:00-22:00,07:00-22:00,07:00-22:00,https://gofood.co.id/pasuruan/restaurant/dapoer-nenek-edac3d3b-05af-4cfa-be7c-4fb351bf2134,2025-07-13 18:50:29
"Vitajuice, Sukorejo",4.5,20.23 km,$···,Dibawah 16rb,"Cepat saji, Jajanan, Minuman","Jl. Desa Sebandung (Alfamart Lecari), Sukorejo, Pasuruan",09:00-20:30,10:00-20:00,10:00-22:00,10:00-17:00,10:15-20:30,10:30-17:45,10:00-20:30,https://gofood.co.id/pasuruan/restaurant/vitajuice-sukorejo-bd346ecc-2931-4e26-9ba9-cb788a7d5661,2025-07-13 18:50:38
"Mie Ayam Narasa, Ngemplak",4,28.73 km,$$··,16rb-40rb,"Minuman, Indonesia, Bakmie","Jl. Cendrawasih No. 39, Prigen, Pasuruan",18:00-22:00,18:00-22:00,18:00-22:00,18:00-22:00,18:00-22:00,08:00-22:00,18:00-22:00,https://gofood.co.id/pasuruan/restaurant/mie-ayam-narasa-ngemplak-dc115d09-7021-47b5-b160-c9234425f94d,2025-07-13 18:50:45
Warung Lestari Tahu Telor,4.7,29.02 km,$···,Dibawah 16rb,"Ayam & bebek, Minuman, Aneka nasi",Jl. Raya Prigen No. 09,00:00-03:30 & 17:00-23:59,00:00-03:30 & 17:00-23:59,00:00-03:30 & 17:00-23:59,00:00-03:30 & 17:00-23:59,00:00-03:30 & 17:00-23:59,00:00-03:30 & 17:00-23:59,00:00-03:30 & 17:00-23:59,https://gofood.co.id/pasuruan/restaurant/warung-lestari-tahu-telor-ff4ce8af-9744-4835-9e7a-ce3742c05297,2025-07-13 18:50:53
dapur chusnull choice,Baru,22.97 km,$···,Dibawah 16rb,"Aneka nasi, Jajanan, Minuman",Dsn.betiting Ds.gunting Rt01/Rw01 kec.sukorejo kab.pasuruan,09:00-22:00,09:00-22:00,09:00-22:00,09:00-22:00,09:00-22:00,09:00-22:00,09:00-22:00,https://gofood.co.id/pasuruan/restaurant/dapur-chusnull-choice-5d46e98e-c9f2-4466-b79b-5dd0e57d7ed6,2025-07-13 18:50:50
"D Krezpee, Prigen",4.5,29.03 km,$···,Dibawah 16rb,"Jajanan, Cepat saji","Jl. Pasar Lama Prigen, Prigen, Pasuruan",08:00-21:00,08:00-21:00,08:00-21:00,08:00-21:00,08:00-21:00,08:00-21:00,08:00-21:00,https://gofood.co.id/pasuruan/restaurant/d-krezpee-prigen-4273c5ec-2917-4c7f-b634-a10c3fc96974,2025-07-13 18:51:02
"Kebab & Roti Bakar Al Hadi, Pasar Prigen",4.1,28.93 km,$$··,16rb-40rb,"Jajanan, Roti, Makanan sehat","Jl. Pasar Baru (Samping Toko Sepatu Saldal H. Kholil), Prigen, Pasuruan",Tutup,17:00-21:45,17:00-21:45,17:00-22:00,Tutup,17:00-21:45,17:00-21:30,https://gofood.co.id/pasuruan/restaurant/kebab-roti-bakar-al-hadi-pasar-prigen-5f6e8950-d8ae-434b-99db-7500ef924c24,2025-07-13 18:50:59
"Story Thai Tea, Prigen",4.6,29.07 km,$···,Dibawah 16rb,Minuman,"Jl. Prigen Raya, Prigen, Pasuruan ( Lokasi Indomaret Prigen, Sebelah Depot Sudi Mampir)",10:00-21:00,10:00-21:00,10:00-21:00,10:00-21:00,10:00-21:00,09:15-22:00,09:15-22:00,https://gofood.co.id/pasuruan/restaurant/story-thai-tea-prigen-23bf0082-9aab-445e-875c-4511713889a1,2025-07-13 18:51:15
"E.W.Y Burger, Prigen",4.7,29.52 km,$$··,16rb-40rb,"Jajanan, Cepat saji, Roti",Jln.Penanggungan No 43 Prigen Barat,14:00-21:00,14:00-21:00,14:00-21:00,Tutup,14:00-21:00,14:00-21:00,14:00-21:00,https://gofood.co.id/pasuruan/restaurant/e-w-y-burger-prigen-6eaedc0a-63a1-4f86-8862-a9ef2e05b695,2025-07-13 18:51:24
"Cikiniku, Sanawiyah",5,29.68 km,$$··,16rb-40rb,"Aneka nasi, Ayam & bebek, Jajanan","Jl. Sanawiyah, Prigen, Pasuruan",05:30-21:00,05:30-21:00,05:30-21:00,05:30-21:00,05:30-21:00,05:30-21:00,05:30-21:00,https://gofood.co.id/pasuruan/restaurant/cikiniku-sanawiyah-ce0d408d-73a0-4a5f-b033-ee49c19e33e0,2025-07-13 18:51:22
"Warung Putri Lestari, Prigen",4.2,29.66 km,$···,Dibawah 16rb,"Aneka nasi, Jajanan","Jl. Prigen Raya No. 207, Prigen, Pasuruan",09:00-19:00,09:00-19:00,09:00-19:00,09:00-19:00,09:00-19:00,09:00-19:00,09:00-19:00,https://gofood.co.id/pasuruan/restaurant/warung-putri-lestari-prigen-40b47d45-2bd4-4f32-b772-8bc869fcc5e0,2025-07-13 18:51:38
"Mantra 2 (Martabak & Terang Bulan Nusantara), NU MART Masjid Jami' Sukorejo",4.9,21.57 km,$$··,16rb-40rb,Martabak,Area Parkir NU Mart Sukorjo,16:30-22:00,16:30-22:45,18:45-22:45,10:00-22:45,17:00-23:00,16:15-22:45,16:30-22:45,https://gofood.co.id/pasuruan/restaurant/mantra-2-martabak-terang-bulan-nusantara-nu-mart-masjid-jami-sukorejo-0c12c423-f651-4dd9-85c4-1d3dc366d78f,2025-07-13 18:51:33
"Mie Pedas Level, Ayam Geprek, Es Teler, Jus Buah, Salad, Kedai AGS Sukorejo",4.8,21.22 km,$$··,16rb-40rb,"Minuman, Jajanan, Cepat saji","Kedai AGS, Jl. Ps Sukorejo No. 45, Sukorejo, Pasuruan",07:00-21:45,07:00-21:45,07:00-21:45,06:45-21:45,06:45-11:30 & 12:15-21:45,06:45-21:45,06:45-21:45,https://gofood.co.id/pasuruan/restaurant/mie-pedas-level-ayam-geprek-es-teler-jus-buah-salad-kedai-ags-sukorejo-82c97d6a-864b-44a5-ae70-16b720c88ab9,2025-07-13 18:51:23
"Torti Coffee Tempat Nongkrong Asik di Sukorejo, Pasar Sukorejo",4.8,21.4 km,$$··,16rb-40rb,"Minuman, Kopi, Aneka nasi","Jl. Pasar Sukorejo No. 33, Sukorejo, Pasuruan",10:00-23:00,10:00-23:00,10:00-23:00,10:00-23:00,10:00-23:00,10:00-23:00,10:00-23:00,https://gofood.co.id/pasuruan/restaurant/torti-coffee-tempat-nongkrong-asik-di-sukorejo-pasar-sukorejo-4b2fb7b9-fd2e-4eae-93b7-569f97ab04e4,2025-07-13 18:51:43
"Warung Mie, Prigen",4.3,29.17 km,$$··,16rb-40rb,"Minuman, Aneka nasi, Bakmie","Jl. Genengsari Gang. 5, Prigen, Pasuruan",08:00-20:00,08:00-20:00,08:00-20:00,08:00-20:15,08:00-20:00,08:00-20:00,08:00-20:00,https://gofood.co.id/pasuruan/restaurant/warung-mie-prigen-06bda863-3602-4c13-994a-35266a3e6bb7,2025-07-13 18:51:48
"Dapur Putra, Jalan Dieng",4.7,30.09 km,$···,Dibawah 16rb,"Ayam & bebek, Minuman, Aneka nasi","Jl. Dieng Lingkungan Rekesan, Prigen, Pasuruan",06:00-22:00,06:00-22:30,05:00-21:00,05:00-22:00,05:15-11:00 & 12:00-23:00,06:00-23:00,05:00-22:00,https://gofood.co.id/pasuruan/restaurant/dapur-putra-jalan-dieng-d0f4e4a0-a12e-428f-abe8-2636e868759b,2025-07-13 18:52:03
"Hierohito Food, Prigen",4.3,29.24 km,$$··,16rb-40rb,Aneka nasi,"Jl. Genengsari, Gang 5 No. 21D, Prigen, Pasuruan",Tutup,Tutup,Tutup,Tutup,Tutup,Tutup,17:00-21:00,https://gofood.co.id/pasuruan/restaurant/hierohito-food-prigen-14e4cded-b434-4785-b609-f3ca4a3dea8e,2025-07-13 18:52:07
"Dapur Ayam Bakar MBAK WINA, Ds Pajaran Gunting - Sukorejo",4.7,24.2 km,$$$·,40rb-100rb,Ayam & bebek,Ds Pajaran Gunting Rt.05 Rw.03 Kecamatan Sukorejo Kab Pasuruan,08:00-21:00,07:00-20:30,07:00-21:00,08:00-20:00,07:00-21:00,07:00-21:00,07:00-21:00,https://gofood.co.id/pasuruan/restaurant/dapur-ayam-bakar-mbak-wina-ds-pajaran-gunting-sukorejo-0d184b7b-d14d-44ef-adfc-3497c1059caf,2025-07-13 18:52:10
Ikan Bakar Masrull,Baru,23.3 km,$$$·,40rb-100rb,"Seafood, Indonesia",Jl Taman Safari Pakukerto Sukorejo Pasuruan,15:30-22:00,15:30-22:00,15:30-22:00,15:30-22:00,15:30-22:00,15:30-22:00,15:30-22:00,https://gofood.co.id/pasuruan/restaurant/ikan-bakar-masrull-18e68fb5-8d3c-4ad6-b635-7713f98f6228,2025-07-13 18:52:12
RM Roda Baru Sukorejo,4.9,21.56 km,$$··,16rb-40rb,"Minuman, Aneka nasi",Jl.Raya Surabaya-Malang SUKOREJO,09:00-20:00,09:00-20:00,09:00-21:00,09:00-20:00,09:00-20:00,09:00-20:00,09:00-20:00,https://gofood.co.id/pasuruan/restaurant/rm-roda-baru-sukorejo-1b3103b4-8e3b-4878-ad62-ff03ffd1c293,2025-07-13 18:52:02
"Pujasera Arimbi Sukorejo (PAS), Jl Raya Sukorejo",4.6,21.47 km,$···,Dibawah 16rb,"Aneka nasi, Jajanan, Minuman","Jl. Raya Sukorejo No. 22, Sukorejo, Pasuruan",07:00-20:00,07:00-20:00,07:00-20:00,07:00-20:00,07:00-20:00,07:00-20:00,07:00-20:00,https://gofood.co.id/pasuruan/restaurant/pujasera-arimbi-sukorejo-pas-jl-raya-sukorejo-01e866fc-e52b-423c-9365-fac6c938f985,2025-07-13 18:52:33
"Nasi Goreng Bang Udin, Sukorejo",Baru,23.27 km,$···,Dibawah 16rb,"Aneka nasi, Bakmie","Jl. Taman Safari 2 No. 45, Sukorejo, Pasuruan",16:00-23:00,16:00-23:00,16:00-23:00,16:00-23:00,16:00-23:00,16:00-23:00,16:00-23:00,https://gofood.co.id/pasuruan/restaurant/nasi-goreng-bang-udin-sukorejo-3075c250-15bf-44ef-97d2-78ae9713ed3d,2025-07-13 18:52:29
"Depot Anda Tretes, Prigen",4.2,30.38 km,$$$·,40rb-100rb,"Aneka nasi, Bakmie, Chinese","Jl. Raya Tretes 

18, Prigen, Pasuruan",08:30-22:00,08:30-22:00,08:30-22:00,08:30-22:00,08:30-22:00,08:30-22:00,09:00-21:00,https://gofood.co.id/pasuruan/restaurant/depot-anda-tretes-prigen-3c81a06b-6dd5-4eeb-a9d0-141c8029b07f,2025-07-13 18:52:47
Kendi Mas Jaya,4.8,3.95 km,$$··,16rb-40rb,"Ayam & bebek, Seafood",Jalan Raya Sidogiri Tambakrejo Kraton Kab. Pasuruan,10:30-22:30,10:30-22:30,10:30-22:30,10:30-22:30,10:30-22:30,10:30-22:30,10:30-22:30,https://gofood.co.id/pasuruan/restaurant/kendi-mas-jaya-cb904846-74f3-4d34-9e61-576ffae593fb,2025-07-13 18:52:37
"Warung Pojok Masakan Jawa, Tretes",5,30.36 km,$···,Dibawah 16rb,"Ayam & bebek, Bakmie, Aneka nasi",Jl.Raya Tretes No 161,07:00-23:00,07:00-23:00,07:00-23:00,07:00-23:00,07:00-23:00,07:00-23:59,07:00-23:59,https://gofood.co.id/pasuruan/restaurant/warung-pojok-masakan-jawa-tretes-32bc04df-3a7b-45b1-9b3d-660a878a789b,2025-07-13 18:52:48
"Rumah Makan Nikmat Rasa, Pasuruan",3.6,3.69 km,$$$·,40rb-100rb,"Ayam & bebek, Chinese, Aneka nasi","Jl. Raya Tambakrejo No. 39, Kraton, Pasuruan",08:00-20:00,08:00-20:00,08:00-20:00,08:00-20:00,08:00-20:00,08:00-20:00,08:00-20:00,https://gofood.co.id/pasuruan/restaurant/rumah-makan-nikmat-rasa-pasuruan-d5b8542c-5967-4774-a39d-194e038e34ea,2025-07-13 18:53:00
"Iconscafe Tretes, Jl Taman Wisata Semeru",5,30.31 km,$$··,16rb-40rb,"Minuman, Cepat saji, Kopi","Jl Taman Wisata Semeru, Prigen, Kec. Prigen, Pasuruan, Jawatimur 67157",11:00-23:59,11:00-23:59,11:00-23:59,11:00-23:59,17:00-23:00,17:00-23:59,00:00-01:00 & 11:00-23:59,https://gofood.co.id/pasuruan/restaurant/iconscafe-tretes-jl-taman-wisata-semeru-c9e59e01-a2f5-4964-85fb-16ee339bb65d,2025-07-13 18:53:03
"Angkring Buah BSK, Sukorejo",4.8,21.53 km,$$··,16rb-40rb,"Jajanan, Sweets, Cepat saji","Jl. Karangsono Raya (Sebelah Gang Bambu Runcing), Sukorejo, Pasuruan",07:30-19:30,07:30-19:30,07:30-19:30,07:30-19:30,07:30-19:30,07:30-19:30,07:30-19:30,https://gofood.co.id/pasuruan/restaurant/angkring-buah-bsk-sukorejo-a3c55688-c403-4bf6-b195-82731b7273e0,2025-07-13 18:53:14
"Angkring Buah BSK, Sukorejo",4.8,21.53 km,$$··,16rb-40rb,"Cepat saji, Jajanan, Sweets","Jl. Karangsono Raya (Sebelah Gang Bambu Runcing), Sukorejo, Pasuruan",07:30-19:30,07:30-19:30,07:30-19:30,07:30-19:30,07:30-19:30,07:30-19:30,07:30-19:30,https://gofood.co.id/pasuruan/restaurant/angkring-buah-bsk-sukorejo-a3c55688-c403-4bf6-b195-82731b7273e0,2025-07-13 18:53:19
"Geprek Limas, Prigen",4.2,30 km,$···,Dibawah 16rb,"Ayam & bebek, Aneka nasi","Jl. Wilis 6, Prigen, Pasuruan",00:00-03:00 & 09:00-23:59,00:00-03:00 & 09:00-23:59,00:00-03:00 & 09:00-23:59,00:00-03:00 & 09:00-23:59,00:00-03:00 & 09:00-23:59,00:00-03:00 & 09:00-23:59,00:00-03:00 & 08:00-23:59,https://gofood.co.id/pasuruan/restaurant/geprek-limas-prigen-a11a3e91-17f4-4876-bb86-a416868e2927,2025-07-13 18:53:22
"Makaroni Mangade Talang, Watuagung",Baru,24.63 km,$···,Dibawah 16rb,Jajanan,"Watuagung (Kp Talang), Prigen, Pasuruan",06:00-20:59,06:00-19:59,06:00-21:59,06:00-20:59,06:00-20:59,06:00-20:59,06:00-20:59,https://gofood.co.id/pasuruan/restaurant/makaroni-mangade-talang-watuagung-77cfdd0b-b81a-460c-949b-47b18580068e,2025-07-13 18:53:30
Es Degan Murni&Kopi,Baru,21.57 km,····,Kisaran harga,"Jajanan, Minuman","Jl.Raya Karangsono Rt/Rw:02/05, Sukorejo Pasuruan Jawatimur",00:00-23:59,00:00-23:59,00:00-23:59,00:00-23:59,00:00-23:59,00:00-23:59,10:00-22:00,https://gofood.co.id/pasuruan/restaurant/es-degan-murni-kopi-db60b491-ed9c-40df-a8c0-ced7fdbb6762,2025-07-13 18:53:36
Evi Dapoer Pedas,5,22.18 km,$···,Dibawah 16rb,"Bakmie, Jajanan, Aneka nasi",Jln.Makam Cina RT 02 RW 07 JAGALAN KARANGSONO KEC.SUKOREJO,07:45-21:00,07:45-21:00,07:00-21:00,06:00-21:00,06:00-21:00,09:15-20:00,06:30-20:00,https://gofood.co.id/pasuruan/restaurant/evi-dapoer-pedas-4416e367-4ab5-4eea-9fb6-2e2d41a5e881,2025-07-13 18:53:49
Martabak Terang Bulan Indorasa,4.1,3.04 km,$$··,16rb-40rb,"Cepat saji, Martabak",Jl.kraton No.182karangketuk Kec.gadingrejo.kota Pasuruan Jawa Timur,16:45-23:00,16:45-23:00,16:45-23:00,16:45-23:00,16:45-23:00,16:45-23:00,16:45-23:00,https://gofood.co.id/pasuruan/restaurant/martabak-terang-bulan-indorasa-e5c15674-d01f-469b-afec-317230e0d713,2025-07-13 18:53:51
"Mie & Kulit Pangsit Anis, Wonorejo",Baru,13.16 km,$···,Dibawah 16rb,"Bakmie, Bakso & soto, Cepat saji","Jl. Wonorejo, Wonorejo, Pasuruan",05:00-21:00,05:00-21:00,05:00-21:00,05:00-21:00,05:00-21:00,05:00-21:00,05:00-21:00,https://gofood.co.id/pasuruan/restaurant/mie-kulit-pangsit-anis-wonorejo-f7b64e45-8912-433c-86af-6f3eccc5bee2,2025-07-13 18:53:43
"Kedai, Syarifah Cake",4.6,22.51 km,$$··,16rb-40rb,"Jajanan, Aneka nasi, Minuman","Jln Makam Cina, Beji Ledok RT 01 RW 03 SUMBERSUKO, PURWOSARI",06:30-20:30,06:30-20:30,06:45-21:15,06:30-20:30,06:30-20:30,06:30-20:30,06:30-20:30,https://gofood.co.id/pasuruan/restaurant/kedai-syarifah-cake-410fe4e4-3467-4c4a-951f-dbcd0ebb45f2,2025-07-13 18:54:00
"Soto Ayam Lamongan, Kejayan",4,9.48 km,$···,Dibawah 16rb,"Bakso & soto, Ayam & bebek, Minuman","Jl. Masjid Tiban Tumpang, Tromo Timur, Pacar Keling, Kec. Kejayan, Pasuruan, Jawa Timor 67172, Indonesia.",08:00-21:00,08:00-21:00,08:00-21:00,08:00-21:00,08:00-21:00,08:00-21:00,08:00-21:00,https://gofood.co.id/pasuruan/restaurant/soto-ayam-lamongan-kejayan-6ffcaab8-178a-44e7-a290-b9372b90597a,2025-07-13 18:54:10
RM. CAHAYA FAJAR MASAKAN PADANG,4.7,2.79 km,$$··,16rb-40rb,"Minuman, Aneka nasi, Cepat saji","Jl Raya Kraton No.93, Tunggakan Dua, Kraton",10:00-23:59,10:00-23:59,10:00-23:59,10:00-23:59,10:00-23:59,10:00-23:59,08:00-23:59,https://gofood.co.id/pasuruan/restaurant/rm-cahaya-fajar-masakan-padang-fd78f627-d021-4470-b56b-dea1373e7561,2025-07-13 18:54:09
"Dulkebab, Kebab and More, Gatot Subroto",5,2.64 km,$$··,16rb-40rb,"Timur Tengah, Cepat saji, Jajanan","Jl. Gatot Subroto, Gang 6 No. 10, Gadingrejo, Pasuruan",09:00-17:00 & 18:00-22:15,09:00-17:00 & 18:00-22:15,09:00-17:00 & 18:00-22:15,09:00-17:00 & 18:00-22:15,09:00-10:30 & 12:30-17:00 & 18:00-22:15,09:00-17:00 & 18:00-22:15,09:00-17:00 & 18:00-22:15,https://gofood.co.id/pasuruan/restaurant/dulkebab-kebab-and-more-gatot-subroto-4bd5ccf1-7511-4b36-aeb4-f76078e08784,2025-07-13 18:54:16
D'IN COFFEE,4.2,2.51 km,$$··,16rb-40rb,"Minuman, Aneka nasi, Jajanan",D'IN COFFEE Jl. Gatot Subroto No.01 Randusari,09:00-22:30,09:00-22:30,09:00-22:30,09:00-22:30,09:00-22:45,09:00-22:45,09:00-22:45,https://gofood.co.id/pasuruan/restaurant/d-in-coffee-18d207f0-c1c0-4bfa-adf9-f35d9f2e1dd5,2025-07-13 18:54:17
"Sate Legit, Damarjati Purwosari",4.4,23.84 km,$$··,16rb-40rb,"Minuman, Sate, Aneka nasi",Jl. Desa Damarjati Purwosari - Parkiran Kolam Arsmeper,15:30-22:00,15:30-22:00,15:30-22:00,Tutup,15:30-22:00,15:30-22:00,15:30-22:00,https://gofood.co.id/pasuruan/restaurant/sate-legit-damarjati-purwosari-cf9c0388-2065-4934-bcc1-1094cb395518,2025-07-13 18:54:20
"Adam Juss Kelempoken, Kebonsari",3.8,1.35 km,$···,Dibawah 16rb,"Aneka nasi, Minuman, Bakmie","Perumahan Griya Fortuna D17, Sebani, Kota Pasuruan",12:00-21:00,Tutup,10:00-21:00,12:00-21:00,10:00-21:00,12:00-21:00,10:00-21:00,https://gofood.co.id/pasuruan/restaurant/adam-juss-kelempoken-kebonsari-e09d1eee-b164-48fc-82ec-8ecfc28924ab,2025-07-13 18:54:36
Vita Juice Sengonagung,5,21.95 km,$···,Dibawah 16rb,"Makanan sehat, Minuman","6PXJ+7H Sengonagun, Pasuruan, Jawa Timur",09:30-21:00,09:30-21:00,09:30-21:00,09:30-21:00,09:30-21:00,09:30-21:00,09:30-21:00,https://gofood.co.id/pasuruan/restaurant/vita-juice-sengonagung-ea6bf95b-886b-4b69-a882-d3f526261739,2025-07-13 18:54:35
"Mie & Seblak 26, Sengonagung",4.8,22.05 km,$$··,16rb-40rb,"Minuman, Bakmie, Cepat saji","Jl. Stasiun Sengonagung, Purwosari, Pasuruan",10:00-20:45,Tutup,10:00-20:45,10:00-20:45,10:00-20:45,10:00-20:45,13:00-20:45,https://gofood.co.id/pasuruan/restaurant/mie-seblak-26-sengonagung-66bef8cd-93bb-4cdb-9a3c-e55859e5a39f,2025-07-13 18:54:40
"Teras Akuuliner, Kebab, Seblak, Rice Bowl, Dll, Beji Kidul, Sumbersuko",4.4,23.36 km,$···,Dibawah 16rb,"Jajanan, Minuman, Aneka nasi","Beji Kidul, sumbersuko (Gerbang Kuning depan Bakso Cak Rokim)",10:00-22:00,10:00-22:00,10:00-22:00,10:00-22:00,10:00-23:00,10:00-23:00,10:00-23:00,https://gofood.co.id/pasuruan/restaurant/teras-akuuliner-kebab-seblak-rice-bowl-dll-beji-kidul-sumbersuko-a26301d3-e027-4b0a-9500-ce03ab6558fb,2025-07-13 18:54:37
"Donat BAERA, Kota Pasuruan",4.9,1.11 km,$$··,16rb-40rb,"Roti, Sweets, Jajanan",Jl.Slamet Riyadi Sebani Kecamatan Gadingrejo,06:00-22:00,06:00-21:00,06:00-21:00,05:00-21:00,06:00-22:00,05:00-22:00,06:00-21:00,https://gofood.co.id/pasuruan/restaurant/donat-baera-kota-pasuruan-32c3d125-883c-4861-9061-ff9b8fc63228,2025-07-13 18:54:47
"Nasi Bakar Bunda, Gambir Kuning",4,7.35 km,$···,Dibawah 16rb,"Ayam & bebek, Aneka nasi, Cepat saji","Jl. Raya Pasuruan Gambir Kuning, Kejayan, Pasuruan",06:30-21:30,06:30-21:30,06:00-21:45,06:30-21:30,06:30-21:45,06:30-22:00,06:30-22:00,https://gofood.co.id/pasuruan/restaurant/nasi-bakar-bunda-gambir-kuning-541569b8-7ce6-4e76-9f62-5b32bb5d5bf7,2025-07-13 18:55:06
"Soto Pathak Buk Cun, Gadingrejo",Baru,1.12 km,$···,Dibawah 16rb,"Bakso & soto, Minuman","Jl. Slamet Riadi, Rt.2 Rw.02, Kel. Sebani, Kec. Gadingrejo, Kota Pasuruan",15:30-21:00,15:30-21:00,15:30-21:00,15:30-21:00,15:30-21:00,15:30-21:00,15:30-21:00,https://gofood.co.id/pasuruan/restaurant/soto-pathak-buk-cun-gadingrejo-943eb7db-56f9-44e6-bd89-f1d228e7a2c1,2025-07-13 18:54:59
"Mie Sari Gentong, Jln Slamet Riadi Gentong",4.9,0.92 km,$$··,16rb-40rb,"Aneka nasi, Bakmie","Jl. Slamet Riyadi, Gadingrejo, Pasuruan",18:00-23:59,18:00-23:59,18:00-23:59,18:00-23:59,18:00-23:59,18:00-23:59,18:00-23:59,https://gofood.co.id/pasuruan/restaurant/mie-sari-gentong-jln-slamet-riadi-gentong-1867ecb6-153f-4a8f-b3c5-24c10b28e41a,2025-07-13 18:55:04
"Martabak & Terang Bulan Al-jufri, Gadingrejo",3.8,0.79 km,$$··,16rb-40rb,"Jajanan, Martabak","Jl. Raden Patah, Gentong, Gadingrejo, Pasuruan",16:00-22:30,16:00-22:30,16:00-22:30,16:00-22:30,16:00-22:30,16:00-22:30,16:00-22:30,https://gofood.co.id/pasuruan/restaurant/martabak-terang-bulan-al-jufri-gadingrejo-0755534e-29ab-463a-8ec9-bfb1bd06d270,2025-07-13 18:55:13
"Ijang Klempoken Juice, Purworejo",5,0.78 km,$···,Dibawah 16rb,Minuman,"Jl. Raden Patah, Gadingrejo, Pasuruan",10:00-21:15,10:00-21:15,10:00-21:15,10:00-21:15,10:00-21:15,10:00-21:15,10:00-21:15,https://gofood.co.id/pasuruan/restaurant/ijang-klempoken-juice-purworejo-bb515df4-5f00-460c-b657-c4bcc60575e3,2025-07-13 18:55:10
"Kopi awanbrew, Gadingrejo",5,0.56 km,$$··,16rb-40rb,"Minuman, Kopi, Sweets","Perum Karya Bhakti A2, Gadingrejo, Kota Pasuruan",13:00-22:00,13:00-21:45,13:00-21:45,13:00-21:45,13:00-21:45,13:00-21:45,13:00-21:45,https://gofood.co.id/pasuruan/restaurant/kopi-awanbrew-gadingrejo-5dd53b98-0759-4e1b-ab73-d9bca20a7e6e,2025-07-13 18:55:33
"Lumpia Ratu, Gadingrejo",5,0.52 km,$$$·,40rb-100rb,"Jajanan, Chinese, Cepat saji","Perum Karya Bhakti, Blok G/9, Gadingrejo, Pasuruan",09:00-21:00,09:00-21:00,09:00-21:00,09:00-21:00,09:00-21:00,09:00-21:00,08:00-21:00,https://gofood.co.id/pasuruan/restaurant/lumpia-ratu-gadingrejo-8b7dd2f8-7028-40a2-8b75-4a81d296f33e,2025-07-13 18:55:33
"Kebab Tombo, Wironini Tengah",3.8,0.36 km,$$$·,40rb-100rb,"Jajanan, Roti, Cepat saji","Jl. Erlangga 17, Purworejo, Kec. Purworejo, Kota Pasuruan, Jawa Timur 67115",17:15-22:00,17:15-22:00,17:15-22:00,Tutup,17:15-22:00,17:15-22:00,17:15-22:00,https://gofood.co.id/pasuruan/restaurant/kebab-tombo-wironini-tengah-c0b9d765-0841-492f-82f7-de68be2c763c,2025-07-13 18:55:39
"Pizza perfetto, Pasuruan, Pasuruan",4.7,1.31 km,$$$·,40rb-100rb,Pizza & pasta,"Jl. Soekarno Hatta No. 26, Panggungrejo, Pasuruan",09:15-20:45,09:15-20:45,09:15-20:45,09:15-20:45,09:15-20:45,09:15-20:45,09:15-20:45,https://gofood.co.id/pasuruan/restaurant/pizza-perfetto-pasuruan-pasuruan-2da28d52-e608-413b-8ff7-1bea2a6163e4,2025-07-13 18:55:33
"Kona Kopi, Purworejo",4.9,0.33 km,$$··,16rb-40rb,"Minuman, Jajanan, Kopi","Jl. Gajahmada No. 1, Purworejo, Pasuruan",08:00-21:45,08:00-21:45,08:00-21:45,08:00-21:45,08:00-21:45,08:00-22:15,08:00-22:15,https://gofood.co.id/pasuruan/restaurant/kona-kopi-purworejo-ef83c5e5-fdf9-4d40-81fa-997a9d0c0ba2,2025-07-13 18:56:00
"Wr. Corner Pak Kumis, Perumahan Pucang Indah Lestari 4",4.4,1.08 km,$$··,16rb-40rb,"Aneka nasi, Ayam & bebek, Chinese",Perumahan Pucang Indah Lestari 4 Blok A Jl. Srikaya No 18 Kelurahan Kebonagung Kecamatan Purworejo Kota Pasuruan 67111 Jawa Timur,00:00-23:59,00:00-23:59,00:00-23:59,00:00-23:59,00:00-23:59,00:00-23:59,00:00-23:59,https://gofood.co.id/pasuruan/restaurant/wr-corner-pak-kumis-perumahan-pucang-indah-lestari-4-0c2255df-70f6-4c3d-8c16-babee6eeb658,2025-07-13 18:56:03
Pecel Mbah Kromo,4.4,0.33 km,$···,Dibawah 16rb,"Aneka nasi, Cepat saji, Minuman","Jl. Gajah Mada, Panggungrejo, Pasuruan",06:00-21:00,06:00-21:00,06:00-21:00,06:00-21:00,06:00-21:00,06:00-21:00,06:00-21:00,https://gofood.co.id/pasuruan/restaurant/pecel-mbah-kromo-fbbe1bcb-2952-4111-a36d-1dad01a941d6,2025-07-13 18:55:56
Kangen Boba,4.4,0.33 km,$···,Dibawah 16rb,Jajanan,Jl. Hasanudin Gg. 24 No. 8,09:00-14:30,09:00-21:00,09:00-21:00,09:00-21:00,09:00-21:00,09:00-21:00,09:00-21:00,https://gofood.co.id/pasuruan/restaurant/kangen-boba-55f27b2c-451b-4bbd-bf1a-cd534e5168ce,2025-07-13 18:56:29
Potacorner X Teh Santai,4.9,0.34 km,$···,Dibawah 16rb,"Korea, Jajanan, Minuman","Jl. Erlangga No. 26 Wironini, Purworejo, Kota Pasuruan",10:00-20:15,10:00-20:15,10:00-20:15,10:00-20:15,13:00-20:45,09:30-21:15,09:15-21:15,https://gofood.co.id/pasuruan/restaurant/potacorner-x-teh-santai-9ec1be46-b2f8-44eb-a22a-58d3f0ae5155,2025-07-13 18:55:41
"Martabak Bang Amad, Hasanudin",4.3,0.88 km,$$$·,40rb-100rb,Martabak,"Jl. Hasanudin No. 3, karanganyar Kecamatan Gadingrejo, Kota Pasuruan, Jawa Timur, 67131 Indonesia",15:00-23:59,11:00-23:59,11:00-23:59,11:00-23:59,11:00-23:59,11:00-23:59,15:00-23:59,https://gofood.co.id/pasuruan/restaurant/martabak-bang-amad-hasanudin-7e2db1d8-54e9-46f6-833b-7842451cb76a,2025-07-13 18:56:09
