Nama Restoran,Nama,Pengguna Gojek Sejak,Rating,Ulasan,Produk yang Dibeli,Tanggal Beli,Waktu Scraping
"HC Resto, Gubeng",jimmy,14 Mei 2017,2.0,pokok nya kurang fres semua,Asam Asam Iga - Sop Merah - Soto Ayam - Sate Ayam Bumbu Kacang - Nasi Urap Komplit,24 Maret 2023,2025-07-12 01:34:15
"HC Resto, Gubeng",jimmy,14 Mei 2017,2.0,"Galantine nya lama dijual 
kalau sudah lama jangan di jual
Nolak peaanan",Galantine - Sop Iga - Udang Pete Balado - Tahu Goreng - Soto Ayam,10 April 2023,2025-07-12 01:34:15
"HC Resto, Gubeng",jimmy,14 Mei 2017,5.0,"Tapi dadar jagung nya kurang, jagung nya kurang
Semua nya oke",Sop Merah - Sate Ayam Bumbu Kacang - Sop Sayur Daging - Dadar Jagung - Soto Ayam,4 Februari 2023,2025-07-12 01:34:15
"HC Resto, Gubeng",jimmy,14 Mei 2017,5.0,"Pokok siip deh
Makanan nya bersih dan fresh",Sate Ayam Bumbu Kacang - Sop Iga - Gado Gado - Sop Merah,20 November 2022,2025-07-12 01:34:15
"HC Resto, Gubeng",M* K****,2 Oktober 2015,1.0,"beli rujak cingur 1 tapi DAK ada cingurnya....
tadi aku pikir aku salah order. ternyata memang gak dikasih Cingur.",Rujak Cingur,27 Oktober 2022,2025-07-12 01:34:15
"HC Resto, Gubeng",S***** A***,1 Oktober 2015,5.0,bener2 rapi dan bersih bungkusnya. tdk coba krn pesan utk org sakit,Nasi Bakmoy,13 Februari 2022,2025-07-12 01:34:15
"HC Resto, Gubeng",Y*****,24 April 2017,2.0,tempe & tahu seperti tdk fresh (seperti sudah dihangatkan) karena berair & berbau,Gado Gado,18 Agustus 2020,2025-07-12 01:34:15
"HC Resto, Gubeng",A***,10 Februari 2016,1.0,"Gado Gado nya tempe dan tahu nya basi, dan tudak ada sayurannya sama sekali",Galantine - Gado Gado,1 Agustus 2020,2025-07-12 01:34:15
"HC Resto, Gubeng",L****,2 Juli 2015,3.0,the most expensive sate ayam... isi cuma 6 tusuk???,N/A,10 Juli 2018,2025-07-12 01:34:15
"HC Resto, Gubeng",O** J*** H***,5 Juli 2015,2.0,makanan tidak enak,N/A,18 Mei 2018,2025-07-12 01:34:15
"Steak Hut, Mulyorejo",Lindra,25 Juli 2016,3.0,"Order 2 Tenderloin blackpaper, kroket kentang nya gak fresh. Rasa aneh, ada pahit² nya. Jd bikin sakit perut. 
Tolong kualitas makanan dijaga, spy customer tidak takut utk repeat order lagi.",Tenderloin Steak,3 Juli 2025,2025-07-12 01:34:18
"Steak Hut, Mulyorejo",T**** Y*****,14 Mei 2018,5.0,Terima kasih enak semuaaa,Beef Teriyaki Bento - Fried Rice Seafood Bento,18 April 2025,2025-07-12 01:34:18
"Steak Hut, Mulyorejo",Intan Mei,12 Maret 2017,3.0,"gosong ini sih ayamnya
kenapa kecil sskali juga",Chicken Cordon Bleu,5 November 2024,2025-07-12 01:34:18
"Steak Hut, Mulyorejo",indahwati,14 Agustus 2017,5.0,gado gado enak. cumi enak. mantap,Tumis Cumi Cabe Ijo - Gado - Gado - Teh Tawar/Manis,14 Oktober 2024,2025-07-12 01:34:18
"Steak Hut, Mulyorejo",I*********,5 Mei 2017,3.0,kroketnya cmn kentang biasa ga dicampur butter atau keju. kentangnya juga tidak halus masih ada kentang utuh di kroketnya,Soft Roll - Potato Croquettes,5 September 2024,2025-07-12 01:34:18
"Steak Hut, Mulyorejo",K***** H*********,11 Februari 2018,4.0,Nasgornya ayamnya dikit,Spring Chicken (1 Portion) - Chicken Fried Rice,4 Februari 2023,2025-07-12 01:34:18
"Steak Hut, Mulyorejo",Budi Gunarto,29 Juli 2017,5.0,enak sekali 👍👍👍👍👍,Grilled Snow Fish,27 April 2022,2025-07-12 01:34:18
"Steak Hut, Mulyorejo",bobby,13 November 2015,2.0,saos sambel jgn pelit2. 1 steak segitu bnyk saos cuma 1. driver udah request nambah jg. steak req med well. dapetnya medium sedikit rare.. notes dibaca gak si? rasa tetap mantap lebih diperhatikan req nya aja.,Chicken Cream Soup - Tenderloin Black Paper - Steak Hut Omelette,14 Februari 2022,2025-07-12 01:34:18
"Steak Hut, Mulyorejo",Veronika,30 Juli 2017,5.0,"mantap semu, bumbu banyak uenakk polll seneng banget sm steak hut",Tenderloin Steak Ori,9 Januari 2022,2025-07-12 01:34:18
"Steak Hut, Mulyorejo",I***,24 Oktober 2016,3.0,"ribsnya keras,susah digigit",Nz Beef Ribs,26 Oktober 2021,2025-07-12 01:34:18
"Steak Hut, Mulyorejo",E***,17 September 2015,2.0,"mashed potato.nya hambar banget, ikannya gosong, saos steak encer banget",Red Salmon Steak,26 September 2021,2025-07-12 01:34:18
"Steak Hut, Mulyorejo",I*** M****,28 April 2018,5.0,"Gofood terus mantap , enak sekali 👍👍👍",Steak Hut Omelette - Chicken Steak Spicy,28 Agustus 2021,2025-07-12 01:34:18
"Steak Hut, Mulyorejo",H******,7 Agustus 2015,5.0,"packingnya bagus dan mewah, steaknya enak cuma tidak sesuai permintaan. minta steak well done tapi dikasih medium rare (karena untuk bumil jadi tidak bisa dimakan). rasanya enak, dan porsinya oke, saus disajikan dalam botol tersegel.",Tenderloin Steak Ori - Chicken  Steak Original,30 Juli 2021,2025-07-12 01:34:18
"Steak Hut, Mulyorejo",D*****,4 Agustus 2015,1.0,"Tidak dikasih jagung, biasanya ada jagung. Kentang sangat sedikit, tidak seperti biasanya. Jangan dikurang2i donk porsinya, kalau gini buat males mau beli lagi. KECEWA!!!!",Chicken Cordon Bleu,7 Agustus 2021,2025-07-12 01:34:18
"Steak Hut, Mulyorejo",T**** J*** S******,21 Oktober 2016,3.0,Daging steak Ayamnya keras.,Steak Hut Salad - Mixed Grill BBQ - Potato Croquettes - Bird Nest,16 Juli 2021,2025-07-12 01:34:18
"Steak Hut, Mulyorejo",S********,23 Februari 2016,5.0,sesuai permintaan yg saya tulis.  makasih banyak  puassss,Chicken  Steak Original - Mozarella Beef Roll - Spring Chicken (1/2 Portion),1 Juli 2021,2025-07-12 01:34:18
"Steak Hut, Mulyorejo",I****,17 Juli 2015,4.0,"masakannya enak tapi kurang higenis, ada laron hidup di menu sarang burung",Chicken Steak with Ham - Bird Nest,16 Juni 2021,2025-07-12 01:34:18
"Steak Hut, Mulyorejo",D*****,24 November 2016,2.0,"tidak dikasih sayuran
dan sudah sy kasih note mashed potato tp di kasih french fries",Mountain Burger Complete - Mozarella Beef Roll,23 Mei 2021,2025-07-12 01:34:18
"Steak Hut, Mulyorejo",L**** K***,27 Desember 2018,4.0,Sayurannya dingin dari kulkas. Kentangnya gak garing. Porsinya kurang.,Tenderloin Steak Ori - Chicken  Steak Original,28 April 2021,2025-07-12 01:34:18
"Steak Hut, Mulyorejo",D***,14 November 2015,5.0,grill snow fish is awesome😍.  corn with butter n cheese is the best😍,Corn With Butter & Cheese - Grilled Snow Fish - Potato Croquettes - Galantine,28 Januari 2021,2025-07-12 01:34:18
"Steak Hut, Mulyorejo",M**** S******,16 April 2016,2.0,galantinnya gosong,Crispy Chicken Steak - Galantine - Durian Juice,12 Desember 2020,2025-07-12 01:34:18
"Steak Hut, Mulyorejo",H**** L***,13 Juli 2015,5.0,mantappppp.. keep it up!!,Tenderloin Steak Ori - Steak Hut Omelette,15 Oktober 2020,2025-07-12 01:34:18
"Steak Hut, Mulyorejo",O** J*** H***,5 Juli 2015,5.0,Terimakasih sdh berbagi dng yg membutuhkan,Traktir Driver Gojek 6,9 April 2020,2025-07-12 01:34:18
"Steak Hut, Mulyorejo",A***,28 Agustus 2015,2.0,"sayur tukar kentang, dikasi sayur smua. skrg ada biaya parkir juga yg dikenakan.",Chicken Steak Original,12 Desember 2019,2025-07-12 01:34:18
"Steak Hut, Mulyorejo",A***,28 Agustus 2015,4.0,adem crut kentange,Chicken Steak Original,11 Desember 2019,2025-07-12 01:34:18
"Steak Hut, Mulyorejo",A***,28 Agustus 2015,4.0,hari ini asin banget,Chicken Steak Original,2 Desember 2019,2025-07-12 01:34:18
"Steak Hut, Mulyorejo",A***,28 Agustus 2015,5.0,yg lama promonya,Chicken Steak Original,28 November 2019,2025-07-12 01:34:18
"Steak Hut, Mulyorejo",A***,28 Agustus 2015,5.0,sayangnya cuman anget ga panas,Chicken Steak Original,27 November 2019,2025-07-12 01:34:18
"Steak Hut, Mulyorejo",L***,2 Agustus 2015,4.0,Steak ayamnya kurang empuk.,Chicken Steak Original,21 November 2019,2025-07-12 01:34:18
"Steak Hut, Mulyorejo",C****** V*******,15 Mei 2018,5.0,Kali ini agak terlalu asin steaknya,Chicken Steak Original,20 November 2019,2025-07-12 01:34:18
"Steak Hut, Mulyorejo",L***,2 Agustus 2015,4.0,Tender chicken meat,Chicken Steak Original,18 November 2019,2025-07-12 01:34:18
"Steak Hut, Mulyorejo",A***,28 Agustus 2015,2.0,nda anget dagingnya,Chicken Steak Original,17 November 2019,2025-07-12 01:34:18
"Steak Hut, Mulyorejo",R***** E***,24 Agustus 2015,4.0,"porsinya ikutan promo, daging lebih sedikit dibanding makan ditempat",Chicken Steak Original,15 November 2019,2025-07-12 01:34:18
"Steak Hut, Mulyorejo",K****** D*** W*****,31 Agustus 2015,5.0,ada diskon jd murah,Spaghetti Bolognese,9 November 2019,2025-07-12 01:34:18
"Steak Hut, Mulyorejo",S****** M*******,29 Juli 2016,3.0,"Bolognaise yang aneh, maaf ya",Spaghetti Bolognese,23 Oktober 2019,2025-07-12 01:34:18
"Steak Hut, Mulyorejo",J***** N***** P****,13 Agustus 2015,2.0,Harga 30rb rasa 10rb,N/A,17 Mei 2018,2025-07-12 01:34:18
"Frutamix Cold Pressed Juice & Healthy Smoothie Bowl, Sukolilo",D***,21 Juli 2015,5.0,"Rasa tetap stabil, tidak berubah 👍🏻👍🏻. Terimakasih",Doctor Green - Power Ranger - Mango Sago Almond,19 Juni 2025,2025-07-12 01:34:22
"Frutamix Cold Pressed Juice & Healthy Smoothie Bowl, Sukolilo",Y** Y***,25 Oktober 2016,1.0,jangan pernah beli sendok salad dişini lagi ! Kita uda beli garpu . Tapi garpu ga di kirim akhirnya di suruh makan salad ala makan nasi padang ( uda gil#%##,Doctor Green - Cold Pressed Juice - Shine On - Fruit Salad With Granola Almond (Medium),26 April 2025,2025-07-12 01:34:22
"Frutamix Cold Pressed Juice & Healthy Smoothie Bowl, Sukolilo",BFZ,7 Juli 2023,1.0,saya pesan jus 2 botol yang 1 sudah bau seperti mau rusak/basi,NEW Green Booster (Green Series) - Recovery Booster+,7 April 2025,2025-07-12 01:34:22
"Frutamix Cold Pressed Juice & Healthy Smoothie Bowl, Sukolilo",𝔼ℙ𝕆𝕟𝕔𝕠𝕝,6 Maret 2018,5.0,"Fresh from the oven
Vegan mantao",Vegan Baby Sobek Smurf - Vegan Roti Sobek Chocochip,4 Desember 2024,2025-07-12 01:34:22
"Frutamix Cold Pressed Juice & Healthy Smoothie Bowl, Sukolilo",Afifah Zahra,7 Januari 2018,5.0,favourite smoothieeeee has the right consistency and taste!,Berry Yoghurt Smoothies,17 Oktober 2024,2025-07-12 01:34:22
"Frutamix Cold Pressed Juice & Healthy Smoothie Bowl, Sukolilo",Ahmad syarif,18 Agustus 2015,5.0,Enak banget dan gak ngebosenin 👍🤤,Vegan Fore Almond Butter 180g - Roti Tawar Vegan Low GI Multiseed,26 Agustus 2024,2025-07-12 01:34:22
"Frutamix Cold Pressed Juice & Healthy Smoothie Bowl, Sukolilo",Poernomo,4 Februari 2016,5.0,enaaak bangettt..,Fruit Salad With Granola Almond ( Family size 4-5 person ),7 April 2024,2025-07-12 01:34:22
"Frutamix Cold Pressed Juice & Healthy Smoothie Bowl, Sukolilo",Wildan Basharahil,16 Januari 2017,5.0,"Mantap, segerrr buat buka puasaa",Acai Smoothies - Mango Magic - Muscle Builder - Berry Yoghurt Smoothies - Dragons Smooch,23 Maret 2024,2025-07-12 01:34:22
"Frutamix Cold Pressed Juice & Healthy Smoothie Bowl, Sukolilo",indah widiastuti,31 Agustus 2015,5.0,enak.. segar.. sehat 👍👍❤,Doctor Green,20 Maret 2024,2025-07-12 01:34:22
"Frutamix Cold Pressed Juice & Healthy Smoothie Bowl, Sukolilo",dessy dania,10 Juni 2015,5.0,"My fave : salad buah plus yoghurt. Udah repuchase berkali2, very recommended",Fruit Salad With Granola Almond ( Family size 4-5 person ),25 Februari 2024,2025-07-12 01:34:22
"Frutamix Cold Pressed Juice & Healthy Smoothie Bowl, Sukolilo",Ribka,5 Januari 2016,5.0,Sayurnya sudah basi. Perlu cek aroma dan rasa sebelum deliver. Pesanan mashed potato yg dikirimkan potato wedges. Kualitas tenderloin steaknya OKE.,Skinny Banana Bread (2 slices) - Berry Yogurt Bowl - Cold Pressed Juice - Beauty & The Beet,26 Februari 2024,2025-07-12 01:34:22
"Frutamix Cold Pressed Juice & Healthy Smoothie Bowl, Sukolilo",J******,20 Mei 2018,2.0,"susunya dipisah jd fresh, rasanya b aja, mangganya cuma 6 biji kecil"", logannya 2 biji mostly just jelly and milk, very overpriced",Mango Sago Almond,17 Desember 2023,2025-07-12 01:34:22
"Frutamix Cold Pressed Juice & Healthy Smoothie Bowl, Sukolilo",S****,16 Agustus 2015,4.0,kondisi minuman beku dan persiapan / pengiriman lama,Cold Pressed Juice - Y.O.L.O - Doctor Green - Power Ranger,15 November 2023,2025-07-12 01:34:22
"Frutamix Cold Pressed Juice & Healthy Smoothie Bowl, Sukolilo",dessy dania,10 Juni 2015,5.0,"Pricey tapi enak, ya udahlah ya ada harga ada rupa 😁😁",Fruit Salad With Granola Almond ( Family size 4-5 person ),8 Oktober 2023,2025-07-12 01:34:22
"Frutamix Cold Pressed Juice & Healthy Smoothie Bowl, Sukolilo",F***,29 Maret 2022,4.0,berkali2 pesen baby toast pandan cheese biasanya warnanya hijau. ini bener2 putih kayak roti biasa.,Baby Toast Pandan Cheese - Roti Tawar Vegan Oat Bread - Skinny Banana Bread (2 slices) - Roti Tawar Vegan Low GI Multiseed,7 Agustus 2023,2025-07-12 01:34:22
"Frutamix Cold Pressed Juice & Healthy Smoothie Bowl, Sukolilo",D**** D****,10 Juni 2015,5.0,"Enyakkkk, i can finish the salad for family by myself ❤️❤️",Fruit Salad With Granola Almond ( Family size 4-5 person ),6 Agustus 2023,2025-07-12 01:34:22
"Frutamix Cold Pressed Juice & Healthy Smoothie Bowl, Sukolilo",Ratna Kusumawati,11 Agustus 2015,4.0,packing salatny wAdahy kurang besar.biar bisa d tutup dan ngak berlepotan,Vegan Cinnamon Roll - Cold Pressed Juice -  The Smurfs (NEW) - Fruit Salad With Granola Almond ( Family size 4-5 person ) - Skinny Banana Bread (2 slices) - Skinny Brownies (2 slices) - Vegan Giraffe Bread (Roti Tawar) - Vegan Nood Almond Butter 180g,1 Juli 2023,2025-07-12 01:34:22
"Frutamix Cold Pressed Juice & Healthy Smoothie Bowl, Sukolilo",Dewi suci afsari,7 Oktober 2017,3.0,"40 ribuan, tapi dikit bgt ya
saya pikir agak lebih banyak, 600ml mungkin lebih masuk akal untuk harga segitu",Cold Pressed Juice - Orange Blast,18 Mei 2023,2025-07-12 01:34:22
"Frutamix Cold Pressed Juice & Healthy Smoothie Bowl, Sukolilo",alex,20 September 2015,3.0,ternyata bukan fresh juice dan salad buahnya biasa sj tidak istimewa,Cold Pressed Juice - Shine On - Cold Pressed Juice - Orange Blast - Fruit Salad With Granola Almond ( medium size ),16 Mei 2023,2025-07-12 01:34:22
"Frutamix Cold Pressed Juice & Healthy Smoothie Bowl, Sukolilo",dessy dania,10 Juni 2015,3.0,"Bought this many times, this is the first time I gave 2star since the melon was not fresh. It had sour taste like it hadn’t been stored properly. Please, do regular checking, it’s not a cheap salad btw.",Fruit Salad With Granola Almond ( Family size 4-5 person ),13 Mei 2023,2025-07-12 01:34:22
"Frutamix Cold Pressed Juice & Healthy Smoothie Bowl, Sukolilo",K**** O******,6 November 2020,2.0,"The juice was still so frozen, there was still this big chunk of ice in the middle of the bottle. I think this is because the juice was kept in a freezer from the day before which shows that it isn’t exactly freshly made.",Doctor Green - Cold Pressed Juice - Love Struck,20 Februari 2023,2025-07-12 01:34:22
"Frutamix Cold Pressed Juice & Healthy Smoothie Bowl, Sukolilo",D**** D****,10 Juni 2015,4.0,"Beberapa kali beli nunggunya lama bgt pdhl kata babang gojek antriannya ga seberapa. Kasian jg gojeknya nunggu lama, lebih dari setengah jam di lokasi. Pdhl manggil gojeknya pun udah di 20 menitan after pesen.",Fruit Salad With Granola Almond ( Family size 4-5 person ),12 Februari 2023,2025-07-12 01:34:22
"Frutamix Cold Pressed Juice & Healthy Smoothie Bowl, Sukolilo",Priska,12 Oktober 2017,5.0,"bagus, juice yg enak",NEW Green Booster (Green Series) - Kalefornia - Vegan Roti Sobek Chocochip,1 Februari 2023,2025-07-12 01:34:22
"Frutamix Cold Pressed Juice & Healthy Smoothie Bowl, Sukolilo",T***,7 Agustus 2015,3.0,"Buat sy kurang suka salad nya ga tau anak2 ,irisan buah gede2 😃",Fruit Salad With Granola Almond ( medium size ) - Cold Pressed Juice -  The Smurfs (NEW),28 Januari 2023,2025-07-12 01:34:22
"Frutamix Cold Pressed Juice & Healthy Smoothie Bowl, Sukolilo",Y*****,24 Agustus 2015,1.0,Sebelumnya saya pernah dapat roti tawar yang sudah berjamur. Trs kemarin saya pesan granola ukuran 165gr dikirim yang 40gr. Minta ditukar 2 hr ga dikirim-kirim.,Premium Gluten Free Chiffon Cake - Rasa Taro - Honey Roasted Granola 175g - Premium Almond Mylk - Matcha (275mL) - Premium Almond Mylk - Chocolate (275mL),22 Januari 2023,2025-07-12 01:34:22
"Frutamix Cold Pressed Juice & Healthy Smoothie Bowl, Sukolilo",H**** E***** R**** N*********,11 Januari 2016,5.0,Ga prnh mengecewakan.... selalu enakndan fresh. Thank you. Gbu abundantly,Cold Pressed Juice - Love Struck - Cold Pressed Juice - Heartbeet - Kalefornia - Cold Pressed Juice - The Hulk,14 Desember 2022,2025-07-12 01:34:22
"Frutamix Cold Pressed Juice & Healthy Smoothie Bowl, Sukolilo",B****,4 Agustus 2016,3.0,Porsinya minimalis hehehe,Fruit Salad With Granola Almond ( medium size ) - Teler Almond,12 November 2022,2025-07-12 01:34:22
"Frutamix Cold Pressed Juice & Healthy Smoothie Bowl, Sukolilo",O***** S********,27 Agustus 2019,1.0,"beli nastar bnr"" diluar ekspektasi, rasanya ga ada, cm selainya kemanisan, bungkus nya yg terparah, dalam toples nastar, nastarnya dibungkus plastik dan di tie, ternyata plastiknya bolong bukan bolong gunting tp bolong yg seperti niat awalnya mau dibakar aja tu plastik biar ke sealed gt . dan jadilah ky makan nastar plastik. not worth it, kue nya seukuran donat. speechless",Premium Gluten Free Chiffon Cake - Rasa Mocha - Guten Free & Vegan Nastar,21 November 2022,2025-07-12 01:34:22
"Frutamix Cold Pressed Juice & Healthy Smoothie Bowl, Sukolilo",M*****,24 Juni 2015,5.0,jusnya segar. packaging bagus.,Klepon Almond Dessert Jar - Unicorn Oat Bread Vegan Roti Tawar,15 November 2022,2025-07-12 01:34:22
"Frutamix Cold Pressed Juice & Healthy Smoothie Bowl, Sukolilo",M****** L*******,28 November 2017,5.0,anakku suka yg varian dragon blood,Cold Pressed Juice - Love Struck - Cold Pressed Juice - Copacabana (NEW) - Cold Pressed Juice - Dragon's Blood - Cold Pressed Juice - Shine On - Cold Pressed Juice - Orange Blast - Cold Pressed Juice - Heartbeet - Cold Pressed Juice - The Hulk,17 Oktober 2022,2025-07-12 01:34:22
"Frutamix Cold Pressed Juice & Healthy Smoothie Bowl, Sukolilo",Z**,6 Februari 2016,3.0,"pesanan tdk sesuai deskripsi dan gambar, di deskripsi tertulis topping pisang, yg didapat topping apel, sementara di gambar topping strawberry. lbh baik diperbaiki, atau bisa dikomunikasikan dgn konsumen jika bisa kustomisasi topping",Acai Diet Bowl,5 November 2022,2025-07-12 01:34:22
"Frutamix Cold Pressed Juice & Healthy Smoothie Bowl, Sukolilo",Siok Ah,7 Februari 2016,5.0,one of good choice for healthy sweet food and dessert. bagaimanapun masi butuh makanan manis.,Premium Gluten Free Chiffon Cake - Rasa Taro - Vegan Pandan Bun - Vegan Baby Sobek Smurf,3 November 2022,2025-07-12 01:34:22
"Frutamix Cold Pressed Juice & Healthy Smoothie Bowl, Sukolilo",B***********,26 Maret 2017,4.0,ternyata smoothie bowlnya kecil,Detox Bowl,30 Oktober 2022,2025-07-12 01:34:22
"Frutamix Cold Pressed Juice & Healthy Smoothie Bowl, Sukolilo",tika,30 September 2015,5.0,"presed juice, n desertnya enak.puowl, kemasan super rapi, repeatnoerder berkali kali, suksws terus ya",Cold Pressed Juice - Love Struck - Cold Pressed Juice - Orange Blast - Cold Pressed Juice - Dragon's Blood - Cold Pressed Juice - Shine On,13 September 2022,2025-07-12 01:34:22
"Frutamix Cold Pressed Juice & Healthy Smoothie Bowl, Sukolilo",maya anggraini,27 Desember 2020,5.0,mango sago enak,Mango Sago Almond,10 September 2022,2025-07-12 01:34:22
"Frutamix Cold Pressed Juice & Healthy Smoothie Bowl, Sukolilo",putu kentjana,16 November 2021,2.0,"di beri roti yg ke exp nya h-1, 😖",Doctor Green - Baby Toast Vegan Pandan - Vegan Red Bean Bun,10 September 2022,2025-07-12 01:34:22
"Frutamix Cold Pressed Juice & Healthy Smoothie Bowl, Sukolilo",ratih,31 Mei 2015,5.0,Enak banget 😊😊😊,Cold Pressed Juice - Love Struck - Cold Pressed Juice - Dragon's Blood - Cold Pressed juice - Black Magic - Acai Diet Bowl,25 Agustus 2022,2025-07-12 01:34:22
"Frutamix Cold Pressed Juice & Healthy Smoothie Bowl, Sukolilo",F******,3 Juni 2022,2.0,"rasanya ga enak dan baunya agak aneh, ga sperti biasanya. padahal sering beli almond coklat di sini 😔 tlg dijaga kualitasnya dong biar pelanggan tdk kecewa",Premium Almond Mylk - Chocolate (275mL),15 Agustus 2022,2025-07-12 01:34:22
"Frutamix Cold Pressed Juice & Healthy Smoothie Bowl, Sukolilo",Mike,16 September 2015,1.0,Rotinya keras dri kulkas,Fruit Salad With Granola Almond ( Family size 4-5 person ) - Vegan Pandan Bun,13 Agustus 2022,2025-07-12 01:34:22
"Frutamix Cold Pressed Juice & Healthy Smoothie Bowl, Sukolilo",C*******,20 Mei 2022,5.0,terimakasihh pak!! 😊🙏,Ultimate Gluten Free Bread,7 Agustus 2022,2025-07-12 01:34:22
"Frutamix Cold Pressed Juice & Healthy Smoothie Bowl, Sukolilo",J** P******,14 Juni 2015,4.0,"Kualitas juicenya bagus, tapi porsinya terlalu dikit.",Immune Kicker,10 Juli 2022,2025-07-12 01:34:22
"Frutamix Cold Pressed Juice & Healthy Smoothie Bowl, Sukolilo",H**** E***** R**** N*********,11 Januari 2016,5.0,juice nya enak2 semua 😍😍,Kalefornia - Cold Pressed Juice - Heartbeet,11 Juni 2022,2025-07-12 01:34:22
"Frutamix Cold Pressed Juice & Healthy Smoothie Bowl, Sukolilo",arief budiman,21 Agustus 2015,5.0,great juice concept,Cold Pressed Juice - The Smurfs (NEW) - Double Protection Shots (Pure Extract 50 mL) - Corona Fighter Shots (Pure Extract 50 mL) - Immunity + Shots (Pure Extract 50 mL),19 Februari 2022,2025-07-12 01:34:22
"Frutamix Cold Pressed Juice & Healthy Smoothie Bowl, Sukolilo",Siok Ah,7 Februari 2016,5.0,all greattt ❤❤❤,Guten Free & Vegan Nastar - Strawberry Lychee Sago - Mango Sago Almond - Vegan Red Bean Bun - Skinny Banana Bread (2 slices),13 Februari 2022,2025-07-12 01:34:22
"Frutamix Cold Pressed Juice & Healthy Smoothie Bowl, Sukolilo",N****,21 November 2015,5.0,"Rasa ok, cuma dengan harga segitu agak mahal drpada toko sebelah",Cold Pressed Juice - Love Struck - Cold Pressed juice - Black Magic,13 Februari 2022,2025-07-12 01:34:22
"Frutamix Cold Pressed Juice & Healthy Smoothie Bowl, Sukolilo",oik laurentia,1 Desember 2015,1.0,Salah kirim saya pesan vegan oat bread ya g dikirim granola,Free Vsoy Multigrain Buy 2 Vegan Oat Bread,9 Desember 2021,2025-07-12 01:34:22
"Frutamix Cold Pressed Juice & Healthy Smoothie Bowl, Sukolilo",G**** Y*******,31 Juli 2016,5.0,"Order berkali"" dan gak pernah kecewa. Rasa pas serta porsi nya cukup 👍",Cold Pressed Juice - Beauty & The Beet - Premium Almond Mylk - Original (500 mL),18 November 2021,2025-07-12 01:34:22
"Frutamix Cold Pressed Juice & Healthy Smoothie Bowl, Sukolilo",V****,5 Agustus 2015,4.0,Ada 1 botol yang penyok nih,Immunity Bundle - Premium Almond Mylk - Original (500 mL),8 November 2021,2025-07-12 01:34:22
"Frutamix Cold Pressed Juice & Healthy Smoothie Bowl, Sukolilo",T*** H***** E*****,7 Juli 2016,5.0,Sering promo dan enaak 😍,Unicorn Oat Bread Vegan Roti Tawar - Cold Pressed Juice - Toxin Fluxher - Cold Pressed Juice - The Smurfs (NEW),8 November 2021,2025-07-12 01:34:22
"Frutamix Cold Pressed Juice & Healthy Smoothie Bowl, Sukolilo",F*** G******,25 November 2019,1.0,kenapa saya hanya di antar 2 item? kurang 1 empon empon.,Cold Pressed juice - Black Magic - Empon Drink (200 mL),30 Oktober 2021,2025-07-12 01:34:22
"Frutamix Cold Pressed Juice & Healthy Smoothie Bowl, Sukolilo",R***,2 Juli 2018,5.0,"seger tapi agak kecewa karena pesanan yg saya terima tidak lengkap. kurang 1 botol lagi. tapi masalah sudah diselesaikan oleh gojek
next time harus lebih teliti lagi ya",Immune Kicker - Power Ranger - Empon Drink (200 mL),21 Oktober 2021,2025-07-12 01:34:22
"Frutamix Cold Pressed Juice & Healthy Smoothie Bowl, Sukolilo",G**** Y*******,31 Juli 2016,5.0,"Mantap, porsi dan rasa nya pas. Thank you 👍",Cold Pressed Juice - Heartbeet - Premium Almond Mylk - Chocolate (500 mL),29 September 2021,2025-07-12 01:34:22
"Frutamix Cold Pressed Juice & Healthy Smoothie Bowl, Sukolilo",V****,5 Agustus 2015,2.0,Beli 4 botol tapi 1 botol rusak,Cold Pressed Juice - Beauty & The Beet - Cold Pressed Juice - Orange Blast - Cold Pressed Juice - The Smurfs (NEW) - Cold Pressed Juice - The Hulk,13 September 2021,2025-07-12 01:34:22
"Frutamix Cold Pressed Juice & Healthy Smoothie Bowl, Sukolilo",F*****,16 Juni 2015,5.0,sempet beliin buat temen biar nambah imun dan gizi karena praktis tinggal minum tapi gizinya sama kayak makan buah dan sayur. ternyata ada snack nya juga yg tentunya lebih sehat dong yaa. thanks!,Immune Booster Shots (Pure Extract 50 mL) - Cold Pressed Juice - Heartbeet - Skinny Brownies (2 slices),17 Juli 2021,2025-07-12 01:34:22
"Frutamix Cold Pressed Juice & Healthy Smoothie Bowl, Sukolilo",R**** P****,13 Desember 2016,5.0,variasinya ditambahin donk biar seru milihnya,Cold Pressed juice - Black Magic - Cold Pressed Juice - The Smurfs (NEW),15 Juli 2021,2025-07-12 01:34:22
"Frutamix Cold Pressed Juice & Healthy Smoothie Bowl, Sukolilo",N**** M****** K******,29 Januari 2017,5.0,enak bgt favorite ku....apa aja enak tp gk semua ready sayangnya....,Skinny Banana Bread (2 slices) - Skinny Brownies (2 slices) - Roti Tawar Vegan Low GI Multiseed - Vegan Red Bean Bun,12 Juli 2021,2025-07-12 01:34:22
"Frutamix Cold Pressed Juice & Healthy Smoothie Bowl, Sukolilo",F***** F****,24 September 2015,5.0,recommended banget,Cold Pressed Juice - The Hulk - Kalefornia - Cold Pressed Juice - The Smurfs (NEW),12 September 2020,2025-07-12 01:34:22
"Frutamix Cold Pressed Juice & Healthy Smoothie Bowl, Sukolilo",T*** A*******,18 November 2017,5.0,"Ditengah isu virus ,Frutamix sangat peduli  sekali pada driver dengan menyediakan promo minuman yang dapat diorder oleh customer bagi para driver go food ❤️ Good Joob frutamix 🙏🏻👍🏻",Premium Almond Latte (500 mL) - Premium Almond Mylk - Chocolate (500 mL),2 April 2020,2025-07-12 01:34:22
"Frutamix Cold Pressed Juice & Healthy Smoothie Bowl, Sukolilo",H**** E***** R**** N*********,11 Januari 2016,5.0,selalu puas dengan rasanya,Premium Almond Mylk - Chocolate (500 mL),29 Februari 2020,2025-07-12 01:34:22
"Frutamix Cold Pressed Juice & Healthy Smoothie Bowl, Sukolilo",T*** A*******,18 November 2017,5.0,Love the almond mylk series !,Premium Almond Latte (500 mL) - Premium Almond Mylk - Chocolate (500 mL),27 Februari 2020,2025-07-12 01:34:22
"Frutamix Cold Pressed Juice & Healthy Smoothie Bowl, Sukolilo",L****** P**********,17 Agustus 2019,5.0,Great Sweet and Healthy,Overnight Oat Parfait - Strawberry Cheesecake - Low Fat Pancake + Cold Pressed Juice,4 Desember 2019,2025-07-12 01:34:22
"Frutamix Cold Pressed Juice & Healthy Smoothie Bowl, Sukolilo",L*****,28 November 2017,5.0,hikss kasian suamiku otw jakarta tanpa frutamix telat 8menit pdhal,Cold Pressed Juice - Orange Blast - Cold Pressed Juice - Beauty & The Beet,5 November 2019,2025-07-12 01:34:22
"Frutamix Cold Pressed Juice & Healthy Smoothie Bowl, Sukolilo",O*****,7 September 2015,3.0,"ga enak banget yg black magic kayak ada bubuk2 nya, pdhl yang lain menunya saya suka. the smurf favoritkuu",Cold Pressed juice - Black Magic,1 November 2019,2025-07-12 01:34:22
"Frutamix Cold Pressed Juice & Healthy Smoothie Bowl, Sukolilo",S*** A*,7 Februari 2016,3.0,3x order low fat pancake and they actually not sale it.. better remove or put out of stock. so not make customer disspointed.,Overnight Oat + Cold Pressed Juice - Low Fat Pancake + Cold Pressed Juice - Doctor Green - Kalefornia,9 September 2019,2025-07-12 01:34:22
de jazzio - Nasi hainan Chasio,Levy Krisna,12 Desember 2018,5.0,makanananya enak dan bisa diorder lagi. Terima kasih.,Classic Chasio Chicken - Hainan Rice,25 Mei 2025,2025-07-12 01:34:39
de jazzio - Nasi hainan Chasio,Surya,13 Maret 2016,5.0,"rasa masakan overall enak, aroma ayam chasio nya juga wangi .. cuma sedikit saran mungkin bakalan lebih enak lagi kalau nasi hainam nya lebih gurih & sedikit dikasih rasa asin buat seimbangin rasa dari saus manis nya, terima kasih",Classic Mixed - Hainan Rice,2 November 2024,2025-07-12 01:34:39
de jazzio - Nasi hainan Chasio,Yenny,20 September 2018,4.0,Rasanya lumayan enak..tp sayang ga ada kuahnya jd kurang mantap..kalau boleh saran pakai kuah kaldu gt pasti enak bgt deh..,Classic Mixed - Hainan Rice - Classic Roasted Chicken - Hainan Rice,18 Maret 2024,2025-07-12 01:34:39
de jazzio - Nasi hainan Chasio,W*****,26 Februari 2017,3.0,nasinya kurang ha ha ha,Classic Mixed - Hainan Rice,4 Desember 2023,2025-07-12 01:34:39
de jazzio - Nasi hainan Chasio,alfen gustav,28 September 2015,1.0,nasi sprt basi..ga enak sama skali,Classic Mixed - Hainan Rice,7 September 2023,2025-07-12 01:34:39
de jazzio - Nasi hainan Chasio,M*****,25 April 2020,5.0,Muantap polllll,Classic Mixed - Hainan Rice,18 Agustus 2023,2025-07-12 01:34:39
de jazzio - Nasi hainan Chasio,V***,20 September 2015,5.0,"nasi Hainan enak, ayam chasiu nya juga enak, bumbu juga pas rasanya 👍 bakal repeat order lagi next time",Classic Mixed - Hainan Rice - Blackjazz Rice - Classic Mixed Rice,11 Agustus 2023,2025-07-12 01:34:39
de jazzio - Nasi hainan Chasio,G******* U***,7 Juni 2017,5.0,"Enak! Emang sih porsi dagingnya terlihat lebih sedikit daripada yang si foto, tapi tetap mengenyangkan. Rasa nasi hainannya juga pas. Mungkin timunnya bisa ditambah sedikit.",Classic Mixed - Hainan Rice,10 Mei 2023,2025-07-12 01:34:39
de jazzio - Nasi hainan Chasio,Lisiana Lisiana,13 November 2018,5.0,sangat enak . bisa dijadikan langganan nih,Classic Roasted Chicken Rice - Classic Chasio Chicken - Hainan Rice,14 Maret 2023,2025-07-12 01:34:39
de jazzio - Nasi hainan Chasio,indah,11 Desember 2016,5.0,Baru pertama kali nyoba karena lagi pengen makan nasi Hainan. Rasanya enak dan porsinya pas.,Classic Mixed - Hainan Rice,4 Maret 2023,2025-07-12 01:34:39
de jazzio - Nasi hainan Chasio,rina hakso,28 Juni 2021,5.0,mantap mazehhh seep,Classic Roasted Chicken - Hainan Rice,25 Januari 2023,2025-07-12 01:34:39
de jazzio - Nasi hainan Chasio,M** A**,7 September 2016,4.0,"makananan enak..pas
tp ga sesuai gambar...digambar ayamnya banyak..yo wes..mantul",Classic Roasted Chicken - Hainan Rice,29 Desember 2022,2025-07-12 01:34:39
de jazzio - Nasi hainan Chasio,gading pribadi,31 Desember 2017,5.0,"Order gara2 liat iklan, ternyata begini rasanya. Enak ternyata rasanya nasi hainan. Sehat gak berlemak dan halal. Thankyou semoga kualitasnya gak menurun ❤️",Classic Mixed - Hainan Rice,15 Desember 2022,2025-07-12 01:34:39
de jazzio - Nasi hainan Chasio,Okky octaviana,4 Agustus 2015,5.0,enak banget. worth to buy. porsi kenyang dijamin. saosnya enak. chasio enak. GA NYESAL pokoknya beli ini. menambah nafsu makan bgt. ini aku makan pas lagi sakit soalnya. thank you so much. semoga usahanya lancar jaya terus yaa. Sering2 promo 🤭,Classic Chasio Chicken Rice,28 November 2022,2025-07-12 01:34:39
de jazzio - Nasi hainan Chasio,Erni widodokusumo,9 September 2015,5.0,very good and so tasty,Classic Mixed - Hainan Rice - Classic Mixed Rice,16 Oktober 2022,2025-07-12 01:34:39
de jazzio - Nasi hainan Chasio,B****,5 April 2016,5.0,Mntp pak trm kasih,Classic Mixed - Hainan Rice - Classic Chasio Chicken Rice,1 September 2022,2025-07-12 01:34:39
de jazzio - Nasi hainan Chasio,Lina Sugianto,12 Februari 2016,5.0,"Satu kata.. enyaaaakkk men , TOP",Classic Mixed - Hainan Rice,9 Agustus 2022,2025-07-12 01:34:39
de jazzio - Nasi hainan Chasio,sandra,19 Desember 2017,5.0,enak.. tapi mahal,Classic Mixed Rice,3 Agustus 2022,2025-07-12 01:34:39
de jazzio - Nasi hainan Chasio,fenny gamawati,6 Februari 2018,5.0,enak  rekomend,Blackjazz Rice (NEW) - Classic Roasted Chicken - Hainan Rice,7 Juli 2022,2025-07-12 01:34:39
de jazzio - Nasi hainan Chasio,mas putra,23 Juli 2017,5.0,"mantap enak rasanya, dagingnya lembut, tauconya juga nendang",Classic Mixed - Hainan Rice,6 Juli 2022,2025-07-12 01:34:39
de jazzio - Nasi hainan Chasio,D****,18 September 2017,5.0,Enak pake banget,Classic Mixed - Hainan Rice,6 Juli 2022,2025-07-12 01:34:39
de jazzio - Nasi hainan Chasio,pravita ria kayana,15 Mei 2018,3.0,"ayamnya beberapa ada yg hijau
tolong kalo g layak jgn d jual
trima kasih",Classic Roasted Chicken Rice - Classic Chasio Chicken - Hainan Rice - Classic Mixed - Hainan Rice,31 Mei 2022,2025-07-12 01:34:39
de jazzio - Nasi hainan Chasio,J****** S,24 Maret 2022,4.0,"Nasi nya enak, tapi dagingnya sedikit kemanisan.",Classic Mixed - Hainan Rice,24 Mei 2022,2025-07-12 01:34:39
de jazzio - Nasi hainan Chasio,agus,17 Oktober 2021,1.0,porsinya lebih sedikit dari pesanan sebelumnya. ayamnya semakin sedikit harganya mahal.,Classic Chasio Chicken Rice - Classic Mixed - Hainan Rice - Classic Chasio Chicken - Hainan Rice,27 April 2022,2025-07-12 01:34:39
de jazzio - Nasi hainan Chasio,Kartika Aryani Tanggono,17 September 2018,5.0,enak bangettttt,Classic Roasted Chicken - Hainan Rice - Classic Mixed - Hainan Rice,21 April 2022,2025-07-12 01:34:39
de jazzio - Nasi hainan Chasio,Kartika Aryani Tanggono,17 September 2018,5.0,enak bangeeeettt,Classic Mixed - Hainan Rice,21 April 2022,2025-07-12 01:34:39
de jazzio - Nasi hainan Chasio,sandy ananda luhur,27 Juni 2016,5.0,Enakk dan porsinya sangat cukup😁👍,Classic Chasio Chicken - Hainan Rice,4 April 2022,2025-07-12 01:34:39
de jazzio - Nasi hainan Chasio,fifi,19 Mei 2017,5.0,"Muantap nih, bakal sering2 order. 👍",Classic Mixed - Hainan Rice,19 Februari 2022,2025-07-12 01:34:39
de jazzio - Nasi hainan Chasio,M****** A****** W******,11 Mei 2015,5.0,"enaknya kebangetan.
gaya gaya chinese bbq tapi halal.
awalnya skeptis masa bisa enak, ternyata ga kalah enaknya. chasionya favorite ku. bumbu cocolan coklatnya super mantap. disiram langsung juga. nasi hainamnya istimewa. love it",Classic Chasio Chicken - Hainan Rice,18 Februari 2022,2025-07-12 01:34:39
de jazzio - Nasi hainan Chasio,R****** K*****,17 Agustus 2015,4.0,"biasanya packagingnya bagus tapi kali ini plastik kuahnya bocor jadi kotak yang bawah tergenang kuahnya
lain kali tolong di perhatikan",N/A,7 Juni 2018,2025-07-12 01:34:39
de jazzio - Nasi hainan Chasio,P****** P****,1 Desember 2015,2.0,very small portion,N/A,3 Juni 2018,2025-07-12 01:34:39
"Anita Spiku Tart, Mulyorejo",B*** A**,22 November 2015,4.0,"resto bilang kue masih di oven
drive bilang kue masih dijalan barangnya dikirim daari pusat
jika memang masih di kirim dari pusat bilang saja seperti itu",Spiku 2 Lapis ( 22 x 11cm ) Vanilla - Mocha - Roll Spiku Mocha ( p : 30cm ) - Chocolate Cheese Spiku ( 24 x 12cm ) - Spiku 2 Lapis ( 22 x 11cm ) Vanilla - Chocolate,6 Maret 2024,2025-07-12 01:34:41
"Anita Spiku Tart, Mulyorejo",Nuna Muhammad,16 Januari 2017,5.0,Enak banget kakak,Spiku 2 Lapis ( 22 x 11cm ) Vanilla - Mocha - Spiku 2 Lapis ( 22 x 11cm ) Vanilla - Chocolate - Chocolate Cheese Spiku ( 24 x 12cm ),21 Juli 2023,2025-07-12 01:34:41
"Anita Spiku Tart, Mulyorejo",Tika Wibowo,31 Mei 2018,2.0,tidak ada pisau plastik utk memotong cake nya,Chocolate Cheese Spiku ( 24 x 12cm ),4 Juli 2023,2025-07-12 01:34:41
"Anita Spiku Tart, Mulyorejo",Nuna Muhammad,16 Januari 2017,5.0,"MashaAllah ya, enak nya pas ❤️",Chocolate Cheese Spiku ( 24 x 12cm ) - Spiku 2 Lapis ( 22 x 11cm ) Vanilla - Chocolate - Spiku 2 Lapis ( 22 x 11cm ) Vanilla - Mocha,7 Mei 2023,2025-07-12 01:34:41
"Anita Spiku Tart, Mulyorejo",Nuna Muhammad,16 Januari 2017,5.0,Pas banget buat kumpul ama keluarga ❤️,Roll Spiku Mocha ( p : 30cm ),29 April 2023,2025-07-12 01:34:41
"Anita Spiku Tart, Mulyorejo",erna kusumawati,21 Juni 2017,5.0,"spiku kesukaanku. ngga eneg biar makan banyak😁. trus kl kita request minta dipotongin jadi 11 bagian, rapi potongannya. paling suka yg rasa classic, vanilla chocolate.",Spiku 2 Lapis ( 22 x 11cm ) Vanilla - Chocolate,14 Maret 2023,2025-07-12 01:34:41
"Anita Spiku Tart, Mulyorejo",Jenni Lukmanto,24 Februari 2016,5.0,enak Spiku nya lembut & Yummy bgt..😋 Langganan beli di sini..👍,Spiku 2 Lapis ( 22 x 11cm ) Vanilla - Mocha - Spiku 2 Lapis ( 22 x 11cm ) Vanilla - Chocolate,30 Desember 2022,2025-07-12 01:34:41
"Anita Spiku Tart, Mulyorejo",Jenni Lukmanto,24 Februari 2016,5.0,spiku classicnya enak..Cantik juga untk bingkisan buah tangan utk kerabat..😊,Spiku 2 Lapis ( 22 x 11cm ) Vanilla - Chocolate,11 Desember 2022,2025-07-12 01:34:41
"Anita Spiku Tart, Mulyorejo",C********,24 November 2017,4.0,Pesen yg uk. 11x22 minta yg utuh...cm adanya yg potongan... Usul.. Di store disediakan yg utuh utk size tsb... Krn klo dikasi ke orang bagus utuh (versi sy☺️) Untuk rasa kualitas 👍🏽👍👍🏾,Spiku 2 Lapis ( 22 x 11cm ) Vanilla - Chocolate,10 September 2022,2025-07-12 01:34:41
"Anita Spiku Tart, Mulyorejo",A**** C*,6 Oktober 2017,5.0,Rasanya selalu terdepan..,Roll Spiku Mocha ( p : 30cm ),8 Juni 2022,2025-07-12 01:34:41
"Anita Spiku Tart, Mulyorejo",Z****,3 Januari 2017,1.0,"Info pegawai tdk ada spiku utuh, yg ready hanya yg slices, Tapi dpt info dari driver gojek bahwa yg utuh masih banyak, harusnya pegawai toko jujur ke customer",Spiku 2 Lapis ( 22 x 22cm ) Vanilla - Chocolate,6 Mei 2022,2025-07-12 01:34:41
"Anita Spiku Tart, Mulyorejo",Z****,3 Januari 2017,1.0,"Info pegawai tdk ada spiku utuh, yg ready hanya yg slices, Tapi dpt info dari driver gojek bahwa yg utuh masih banyak, harusnya pegawai toko jujur ke customer",Spiku 2 Lapis ( 22 x 22cm ) Vanilla - Chocolate,6 Mei 2022,2025-07-12 01:34:41
"Anita Spiku Tart, Mulyorejo",celine lie,17 Oktober 2017,5.0,"oke banget
pelayanan bagus",Chocolate Cheese Spiku ( 24 x 12cm ) - Spiku 2 Lapis ( 22 x 11cm ) Vanilla - Mocha,17 April 2022,2025-07-12 01:34:41
"Anita Spiku Tart, Mulyorejo",S*****,29 Juli 2015,2.0,"Karena bagian dalam yg dioles krim gosong, terasa pahit ,, lain kali mungkin lebih baik lagi kontrolnya",Roll Spiku Mocha ( p : 30cm ),25 Februari 2022,2025-07-12 01:34:41
"Anita Spiku Tart, Mulyorejo",V***,24 Mei 2017,5.0,enjoy the taste and the price😁,Spiku 2 Lapis ( 22 x 11cm ) Vanilla - Chocolate,22 September 2021,2025-07-12 01:34:41
"Anita Spiku Tart, Mulyorejo",Y******,3 Januari 2019,5.0,"wooooiiiiii.....udah berapa kali ya aq beli Disini, ga bakal bosen dah.....karena apa....ya karena spiku nya uenaaaaakkkkk bangeeettt, empuknya .....ampe ga bosen kalo mau makan sebanyak apapun....apalagi kalo ada promo wuihhh tambah suipp....bisa dipakai buat cemilan anak, untuk kasi orang atau acara keluarga lainnya.",Spiku 2 Lapis ( 22 x 11cm ) Vanilla - Chocolate,2 Juli 2021,2025-07-12 01:34:41
"Anita Spiku Tart, Mulyorejo",Y******,3 Januari 2019,5.0,"suka banget beli spiku disini ....rasanya oke dan empuk , anak anak suka , sudah sering beli disini entah itu buat kita buat cemilan atau kaso orang atau pas untuk acara ulang tahun, sukses terus ya...dan tetap dipertahankan kualitas nya",Spiku 2 Lapis ( 22 x 11cm ) Vanilla - Chocolate,23 Juni 2021,2025-07-12 01:34:41
"Anita Spiku Tart, Mulyorejo",Y******,3 Januari 2019,5.0,"spikunya empukkk bangettttt......sudah bolak balik beli disini.....dijamin ga nyesel deh, ayo yang lain jangan ragu buat beli di anita spiku....mantul pokoknya...best .....sukses terus ya anita",Spiku 2 Lapis ( 22 x 11cm ) Vanilla - Chocolate,15 Juli 2021,2025-07-12 01:34:41
"Anita Spiku Tart, Mulyorejo",Y******,3 Januari 2019,5.0,suka sama spikunya....empuk.. kesukaan keluarga,Spiku 2 Lapis ( 22 x 11cm ) Vanilla - Chocolate,30 Juli 2021,2025-07-12 01:34:41
"Anita Spiku Tart, Mulyorejo",B*****,29 Mei 2018,5.0,topp joss pooll,Spiku 2 Lapis ( 22 x 11cm ) Vanilla - Chocolate,1 Agustus 2021,2025-07-12 01:34:41
"Anita Spiku Tart, Mulyorejo",S********* S**,5 Juni 2019,5.0,dibungkus 2x dan segel..bagus !!! aman,Chocolate Cheese Spiku ( 24 x 12cm ),18 April 2020,2025-07-12 01:34:41
"Anita Spiku Tart, Mulyorejo",P****** A****,7 Juli 2017,5.0,"sayang notanya masih abal2, gak ada kop atau print out",N/A,9 Juli 2019,2025-07-12 01:34:41
"Ayam Bakar Primarasa, Manyar Kertoarjo",A*** K**************,9 November 2015,5.0,rasa selalu bikin puas ga bisa lupa,Ikan Gurami (Hidup) Bakar / Goreng 1 ekor - Udang,28 Juni 2025,2025-07-12 01:35:08
"Ayam Bakar Primarasa, Manyar Kertoarjo",iman,18 Agustus 2019,3.0,"td sudah pesan bumbu dipisah karena biat pasien lambung, ternyta sate memang agak pedes meskipun bumbu dipisah",Telur Gulung (isi 2) - Nasi Ayam Special Komplit (Bakar / Goreng) - Sate Ayam 1 Porsi (10 tusuk),21 Mei 2025,2025-07-12 01:35:08
"Ayam Bakar Primarasa, Manyar Kertoarjo",L****,26 Mei 2021,5.0,sukses dan sehat selalu yaa cheff,Ayam (Kampung) 1 Ekor (Bakar / Goreng),15 Mei 2025,2025-07-12 01:35:08
"Ayam Bakar Primarasa, Manyar Kertoarjo",Hendrik,17 Maret 2018,3.0,"Pdhl dah request mnta sambal banyakin, psn 4 potong ayam ga ckp sambalnya🥲",Ayam (Kampung) 1 Potong (Bakar / Goreng) - Nasi Cumi Hitam Special + Ayam Kampung Komplit - Ikan Gurami (Hidup) Bakar / Goreng 1 ekor - Tahu / Tempe Penyet - Paket Kue Lumpur Madu isi 6 biji,13 Mei 2025,2025-07-12 01:35:08
"Ayam Bakar Primarasa, Manyar Kertoarjo",Elisa Novarina,20 Juli 2017,1.0,"Makanan ad yang kurang..kue lumpurnya mana?saya uda 2 kali pesen di resto ini kue lumpurnya pesen 3 dikasih 2,,hari ini pesen 1 ga dikasih…apa ga di cek dulu sebelum pesan?saya ga ikhlas,",Nasi Ayam Special Komplit (Bakar / Goreng) - Nasi Putih - Telur - Kue Lumpur Madu 1 biji,9 Mei 2025,2025-07-12 01:35:08
"Ayam Bakar Primarasa, Manyar Kertoarjo",nanikratni,17 Desember 2017,1.0,makanan belum dikirim belum saya terima sd skr,Ayam (Kampung) 1 Ekor (Bakar / Goreng),28 Maret 2025,2025-07-12 01:35:08
"Ayam Bakar Primarasa, Manyar Kertoarjo",Angkasatria,2 Juli 2017,5.0,langganan toppp,Ayam (Kampung) 1 Ekor (Bakar / Goreng),20 Maret 2025,2025-07-12 01:35:08
"Ayam Bakar Primarasa, Manyar Kertoarjo",yanuar,30 Januari 2017,5.0,sayang bumbu nya kurang,Ikan Gurami (Hidup) Bakar / Goreng 1 ekor,14 Maret 2025,2025-07-12 01:35:08
"Ayam Bakar Primarasa, Manyar Kertoarjo",M****,17 November 2015,5.0,sudah lama konsumsi primarasa dan tetap kualitasnya bagus,Nasi Ayam + Lalapan (Bakar / Goreng),6 Maret 2025,2025-07-12 01:35:08
"Ayam Bakar Primarasa, Manyar Kertoarjo",B* A***,17 Oktober 2015,5.0,Ikannya segar enak usul ya kl diberi cabe rawit utuh bbrp gitu biar ada rasa pedes2 nya biar tambah seger,Ikan Gurami (Hidup) Pesmol 1 Ekor Ala Primarasa (Heritage),4 Maret 2025,2025-07-12 01:35:08
"Ayam Bakar Primarasa, Manyar Kertoarjo",indahwati,14 Agustus 2017,4.0,"beli ayam satu ekor kok tidak ada ampela? kalo kehabisan harusnya tdk mungkin. karena jatah satu ekor ayam ya satu hati satu ampela. Dua kali beli di primarasa manyar , yg pertama dus sobek diberikan pembeli, cm diisolasi. yg kedua ini ampela lenyap",Ayam (Kampung) 1 Ekor (Bakar / Goreng),19 Februari 2025,2025-07-12 01:35:08
"Ayam Bakar Primarasa, Manyar Kertoarjo",Ribkah Soehar,30 Desember 2017,5.0,RESTO PRIMA RASA OK,Nasi Ayam + Lalapan (Bakar / Goreng),17 Februari 2025,2025-07-12 01:35:08
"Ayam Bakar Primarasa, Manyar Kertoarjo",T****** M,19 Januari 2022,1.0,lama proses nya,Ayam (Kampung) 1 Ekor (Bakar / Goreng) - Nasi Putih,7 Februari 2025,2025-07-12 01:35:08
"Ayam Bakar Primarasa, Manyar Kertoarjo",Bu Atty,17 Oktober 2015,5.0,Enak cuman saran : kl misal ditambah cabe rawit utuh dan bwng merah utuh akan lbh enak rasanya agak2 pedes gitu,Ikan Gurami (Hidup) Pesmol 1 Ekor Ala Primarasa (Heritage),3 Februari 2025,2025-07-12 01:35:08
"Ayam Bakar Primarasa, Manyar Kertoarjo",Fara Huzein,22 Februari 2023,5.0,"Semua Baik , tepat waktu Higenis",Ayam (Kampung) 1 Ekor (Bakar / Goreng),1 Februari 2025,2025-07-12 01:35:08
"Ayam Bakar Primarasa, Manyar Kertoarjo",A***,8 Maret 2016,5.0,Terima kasih. Saya sangat senang.,Nasi Cumi Hitam Special + Ayam Kampung Komplit,13 Januari 2025,2025-07-12 01:35:08
"Ayam Bakar Primarasa, Manyar Kertoarjo",Triwik,11 Juli 2017,5.0,"mantap, uenakkk polll",Ayam (Kampung) 1 Ekor (Bakar / Goreng) - Sambal Terasi,21 November 2024,2025-07-12 01:35:08
"Ayam Bakar Primarasa, Manyar Kertoarjo",Shania,12 Juni 2024,4.0,enak tp tolong pengemasannya lebih cepat lg ya,Gurami (Hidup) Bakar / Goreng 1 ekor - Nasi Ayam + Lalapan (Bakar / Goreng) - Ayam (Kampung) 1 Potong (Bakar / Goreng) - Tahu / Tempe Penyet - Kue Lumpur Madu 1 biji,30 Oktober 2024,2025-07-12 01:35:08
"Ayam Bakar Primarasa, Manyar Kertoarjo",Cogito Ergo Sum,28 Desember 2023,5.0,rasa enak krn menggunakan ayam kampung pilihan yang gk kampung an,Ayam (Kampung) 1 Ekor (Bakar / Goreng),14 November 2024,2025-07-12 01:35:08
"Ayam Bakar Primarasa, Manyar Kertoarjo",indahwati,14 Agustus 2017,4.0,ayamnya oke enak. Tapi mbok ya nghargai pembeli. masa kotak sobek dipakai. Kotak itu bekas isolasian. Masa resto sekaliber prima rasa tdk bs kasih kotak yg baru utuh???,Ayam (Kampung) 1 Ekor (Bakar / Goreng),25 Oktober 2024,2025-07-12 01:35:08
"Ayam Bakar Primarasa, Manyar Kertoarjo",robbydjulianto,17 April 2018,1.0,"order banyak (24 kotak) malah harus tunggu lama buanget hampir 2jam, dan yg diutamain yg order dikit2",Nasi Ayam Special Komplit (Bakar / Goreng),28 September 2024,2025-07-12 01:35:08
"Ayam Bakar Primarasa, Manyar Kertoarjo",H******,17 Maret 2018,2.0,"Lama sekali 1 jam bru selesai pengemasan doank, blm waktu kirimnya 😞 padahal pesanannya sedikit dan udh lwt jam makan",Kue Lumpur Madu 1 biji - Tahu / Tempe Penyet - Nasi Ayam + Lalapan (Bakar / Goreng),23 September 2024,2025-07-12 01:35:08
"Ayam Bakar Primarasa, Manyar Kertoarjo",Intan,19 Juni 2017,4.0,kuah siramnya terlalu kental,Gurami Asam Manis 1 Ekor,18 September 2024,2025-07-12 01:35:08
"Ayam Bakar Primarasa, Manyar Kertoarjo",susanti kusuma dewi,10 Desember 2018,2.0,Pesen nasi ada cuminya tp cuminya ga Ada. Mengecewakan Karena lg Pgn cumi,Nasi Ayam + Lalapan (Bakar / Goreng) - Nasi Cumi Hitam Special + Ayam Kampung Komplit - Nasi Campur,11 Agustus 2024,2025-07-12 01:35:08
"Ayam Bakar Primarasa, Manyar Kertoarjo",Y***,29 Juli 2019,5.0,"wes uenak pokoke
ora ono bandingane😆",Ayam (Kampung) 1 Ekor (Bakar / Goreng),9 Agustus 2024,2025-07-12 01:35:08
"Ayam Bakar Primarasa, Manyar Kertoarjo",Barkah Rizkananda,18 Juni 2015,5.0,enak. porsi pas,Nasi Ayam + Lalapan (Bakar / Goreng),5 Agustus 2024,2025-07-12 01:35:08
"Ayam Bakar Primarasa, Manyar Kertoarjo",Bu Atty,17 Oktober 2015,5.0,Rasa bumbunya siippp bikin nagih 👍,Gurami (Hidup) Pesmol 1 Ekor Ala Primarasa (Heritage),11 Juli 2024,2025-07-12 01:35:08
"Ayam Bakar Primarasa, Manyar Kertoarjo",B* A***,17 Oktober 2015,5.0,Enak semuanya 👍,Sayur Asem - Ayam (Kampung) 1 Ekor (Bakar / Goreng) - Gurami (Hidup) Pesmol 1 Ekor Ala Primarasa (Heritage),30 Juni 2024,2025-07-12 01:35:08
"Ayam Bakar Primarasa, Manyar Kertoarjo",ira,13 Maret 2019,5.0,mantab ayam bakarnya 👍,Ayam (Kampung) 1 Ekor (Bakar / Goreng),11 Juni 2024,2025-07-12 01:35:08
"Ayam Bakar Primarasa, Manyar Kertoarjo",tong tjendekiawan usmin,25 Februari 2019,2.0,"kurang fresh kripiknya kayak sdh lama ,siomay nya kayak batu gak bisa dimakan","Ayam (Kampung) 1 Ekor (Bakar / Goreng) - Soup Seafood (Isi Udang, Cumi, Ikan, Jamur)",1 Mei 2024,2025-07-12 01:35:08
"Ayam Bakar Primarasa, Manyar Kertoarjo",tong tjendekiawan usmin,25 Februari 2019,2.0,"harga soup seafood dengan makanan yang datang tidak sesuai , masak harga 60rb dengan makanan yg dikirim cuma 1 porsi kecil gimana pelayanannya apa ndak kurang kecil biar untung nya berkali kali lipat ,sesuaikan dengan harganya donk",Ayam (Kampung) 1 Ekor (Bakar / Goreng) - Sayur Asem - Tahu / Tempe Goreng,27 April 2024,2025-07-12 01:35:08
"Ayam Bakar Primarasa, Manyar Kertoarjo",B* A***,17 Oktober 2015,5.0,Sambal dan Lalapannya kurang banyak,Ayam (Kampung) 1 Ekor (Bakar / Goreng) - Sayur Asem,11 April 2024,2025-07-12 01:35:08
"Ayam Bakar Primarasa, Manyar Kertoarjo",I***,18 September 2017,4.0,rasa masih sama cuman keras ke garingan,Gurami (Hidup) Bakar / Goreng 1 ekor,10 April 2024,2025-07-12 01:35:08
"Ayam Bakar Primarasa, Manyar Kertoarjo",N*****,25 April 2017,3.0,Nunggu makanan datang HAMPIR PINGSAN…. Lebih baik JANGAN terima orderan Online…… !!!!,Bandeng Cabut Duri 1 Ekor - Kue Lumpur Madu 1 biji - Cah Sayur Asin Tahu - Nasi Putih,31 Maret 2024,2025-07-12 01:35:08
"Ayam Bakar Primarasa, Manyar Kertoarjo",A***** M*********,29 September 2016,4.0,Delivery time slow,Gurami (Hidup) Bakar / Goreng 1 ekor - Lalapan Sayur - Cah Tauge Ikan Asin,14 Februari 2024,2025-07-12 01:35:08
"Ayam Bakar Primarasa, Manyar Kertoarjo",Suci Adinda,27 Juni 2015,5.0,"Ayam panggang manisnya pas, tidak over sweet, bumbu meresap sampai dalam, daging tidak keras.",Ayam (Kampung) 1 Potong (Bakar / Goreng),3 Desember 2023,2025-07-12 01:35:08
"Ayam Bakar Primarasa, Manyar Kertoarjo",C******,18 April 2018,2.0,"td pesennya 1 ekor gurami sama 2 potong dada yg dateng cuman 1 ekor gurami dan 1 potong dada
satu potong dadanya lagi tdk ada. saya klo mau komplain ke ibu gojeknya jg kasian.. masa restonya gk sadar pas ngemas pesanaannya
cobak lebih teliti lagi besok kalo ngemas pesanan",Gurami (Hidup) Bakar / Goreng 1 ekor - Ayam (Kampung) 1 Potong (Bakar / Goreng),4 November 2023,2025-07-12 01:35:08
"Ayam Bakar Primarasa, Manyar Kertoarjo",Endah Anggraini,25 September 2017,5.0,"eman, bungkusnya msh plastik",Sambal Terong - Ayam (Kampung) 1 Ekor (Bakar / Goreng) - Sambal Terasi,29 Oktober 2023,2025-07-12 01:35:08
"Ayam Bakar Primarasa, Manyar Kertoarjo",S**** H,3 September 2020,5.0,masakannya enak,Gurami (Hidup) Bakar / Goreng 1 ekor - Cah Kangkung,3 September 2023,2025-07-12 01:35:08
"Ayam Bakar Primarasa, Manyar Kertoarjo",Dewi,17 Desember 2021,5.0,"Favorit dr jaman dlu, rasanya manis pas,daging empuk, bumbu meresap ❤️",Ayam (Kampung) 1 Ekor (Bakar / Goreng),11 Agustus 2023,2025-07-12 01:35:08
"Ayam Bakar Primarasa, Manyar Kertoarjo",R****,23 Agustus 2016,5.0,We will repeat order lah,Nasi Ayam Special Komplit (Bakar / Goreng) - Nasi Cumi Hitam Special + Ayam Kampung Komplit,25 Juli 2023,2025-07-12 01:35:08
"Ayam Bakar Primarasa, Manyar Kertoarjo",inge indah kiranadewi,4 September 2015,5.0,"rasa selalu enak pas , juga paling nya rapi",Ayam (Kampung) 1 Ekor (Bakar / Goreng),12 Juli 2023,2025-07-12 01:35:08
"Ayam Bakar Primarasa, Manyar Kertoarjo",H***,26 Juli 2016,1.0,Masakan Basi dikirim ke pelanggan,Nasi Cumi Hitam Special + Ayam Kampung Komplit - Sayur Asem,20 Mei 2023,2025-07-12 01:35:08
"Ayam Bakar Primarasa, Manyar Kertoarjo",tasya,13 April 2018,5.0,enaaaaaak bangettttt,Nasi Ayam Special Komplit,21 Maret 2023,2025-07-12 01:35:08
"Ayam Bakar Primarasa, Manyar Kertoarjo",Naufal Alamsyah,21 Juni 2017,1.0,Sambalnya yg dikasih sudah bau semua,Ayam (Kampung) 1 Ekor (Bakar / Goreng),23 April 2023,2025-07-12 01:35:08
"Ayam Bakar Primarasa, Manyar Kertoarjo",yudianto,31 Maret 2016,5.0,ayamnya enak harum,Ayam (Kampung) 1 Ekor (Bakar / Goreng),12 Maret 2023,2025-07-12 01:35:08
"Ayam Bakar Primarasa, Manyar Kertoarjo",wanto,28 April 2017,1.0,"tolong diperhatikan note customer
di note goreng tidak kering nanti keras tapi ini digoreng kering... sampai coklat tua...
minyaknya diganti supaya tidak tengik
mengurangi selera makan...😓🤮",Ayam (Kampung) 1 Ekor (Bakar / Goreng) - Bakmie Goreng (Fried Noodle),17 Februari 2023,2025-07-12 01:35:08
"Ayam Bakar Primarasa, Manyar Kertoarjo",Herry,21 April 2019,5.0,selalu always.. enak.,Gurami 1 Ekor,31 Oktober 2022,2025-07-12 01:35:08
"Ayam Bakar Primarasa, Manyar Kertoarjo",widi,20 September 2015,2.0,"Order nasi goreng tdk pedas. Bukan berarti yg dikirim ke customer rasanya jadi anyep, ga ada manis/asin/gurihnya  😥",Nasi Goreng (Fried Rice),27 November 2022,2025-07-12 01:35:08
"Ayam Bakar Primarasa, Manyar Kertoarjo",efendi junaifi,8 Maret 2016,5.0,okkkkkkkkkkkkkkkkkk,Ayam 1 Ekor,2 Oktober 2022,2025-07-12 01:35:08
"Ayam Bakar Primarasa, Manyar Kertoarjo",Susianti,17 Agustus 2018,4.0,sambalnya tumpah semua sebaiknya ditaruh di wadah sendiri,Nasi Ayam Special Komplit,16 Oktober 2022,2025-07-12 01:35:08
"Ayam Bakar Primarasa, Manyar Kertoarjo",vemmyangkie,12 April 2016,3.0,"Ikannya kurang segar, kecil dan kebanyakan gosong.",Gurami 1 Ekor,11 Oktober 2022,2025-07-12 01:35:08
"Ayam Bakar Primarasa, Manyar Kertoarjo",Anthony Sulaiman,24 Februari 2017,1.0,"Pesan nasi ayam penyet, malah dikasih ayam penyet aja",Nasi Ayam Penyet 1 Potong - Ayam 1 Potong,13 Oktober 2022,2025-07-12 01:35:08
"Ayam Bakar Primarasa, Manyar Kertoarjo",Fyrwanto Maychel,23 Desember 2018,5.0,makanan selalu enak dan segar.. makasih..🙏🙏🙏,Ayam 1 Ekor - Gurami Asam Manis 1 Ekor - Cah Selada Wangi,8 Oktober 2022,2025-07-12 01:35:08
"Ayam Bakar Primarasa, Manyar Kertoarjo",Nelli,17 Februari 2021,1.0,"request dari pembeli tidak dibaca, diabaikan, tolong next time apa yg di minta pembeli di perhatikan, percuma di tulis request nya diabaikan oleh seller🤦🤦",Sayur Asem,2 Oktober 2022,2025-07-12 01:35:08
"Ayam Bakar Primarasa, Manyar Kertoarjo",Hari Anthonius,30 Maret 2018,5.0,rempah2 nya kurang meresap dan ayam kampungnya kurang besar dikir,Ayam 1 Ekor,28 September 2022,2025-07-12 01:35:08
"Ayam Bakar Primarasa, Manyar Kertoarjo",Lina Herlina,19 Desember 2019,2.0,tempe nya basi.,Nasi Ayam Special Komplit,25 September 2022,2025-07-12 01:35:08
"Ayam Bakar Primarasa, Manyar Kertoarjo",E** B*** S*******,19 September 2019,3.0,kenapa harus ada biaya layanan 4rb ?,Ayam 1 Ekor,22 September 2022,2025-07-12 01:35:08
"Ayam Bakar Primarasa, Manyar Kertoarjo",T**** S********,3 Oktober 2015,3.0,"Nasinya pesan 2, yang dateng satu, mungkin selanjutnya bisa ditingkatkan",Gurami Asam Manis 1 Ekor - Nasi Putih - Air Mineral Botol,13 September 2022,2025-07-12 01:35:08
"Ayam Bakar Primarasa, Manyar Kertoarjo",Bagus Agus Subagus,3 Oktober 2017,5.0,MANTAB SEKALEEEEEEE,Gurami Asam Manis 1 Ekor,28 Agustus 2022,2025-07-12 01:35:08
"Ayam Bakar Primarasa, Manyar Kertoarjo",Yugowati,3 September 2015,5.0,pesanan yg terakhir bagus sekali ayam bakarnya.. besar dan tidak gosong.  lebih bagus dari yang biasa saya datang kesana.. dipertahankan..,Ayam 1 Ekor,23 Agustus 2022,2025-07-12 01:35:08
"Ayam Bakar Primarasa, Manyar Kertoarjo",Stephanie Angeline.S,1 Agustus 2015,1.0,"pesanan salah. pesan gurami pesmol,yg datang ayam bakar",Gurami Pesmol 1 Ekor,19 Agustus 2022,2025-07-12 01:35:08
"Ayam Bakar Primarasa, Manyar Kertoarjo",ria,16 November 2016,1.0,"kemarin pesan gurami bakar sekitar jam 1 siang enak fresh dibuka masih anget2 hbs dibakar , makanya hari ini pesan lagi . tapi pesannya sekitar jam setengah 11 . eh dpt gurami yg dingin , spt gorengan kemarin dilumuri kecap .",Gurami 1 Ekor,15 Agustus 2022,2025-07-12 01:35:08
"Ayam Bakar Primarasa, Manyar Kertoarjo",kamilia,24 September 2018,4.0,guraminya kurang besar,Nasi Ayam Special Komplit - Gurami 1 Ekor,12 Agustus 2022,2025-07-12 01:35:08
"Ayam Bakar Primarasa, Manyar Kertoarjo",M******* T*** E* F*****,18 Februari 2016,5.0,Mantap kali.. pengemasan bagus. Rasanya crunchy..,Pop U Corn Keju Cheese (300 gram) Popcorn,10 Agustus 2022,2025-07-12 01:35:08
"Ayam Bakar Primarasa, Manyar Kertoarjo",Luluk Prayono,2 Maret 2018,1.0,"Saya pesan cah tauge ikan asin, tp yg datang sayur asem.
Tolong ditingkatkan lg control atas pesanan pelanggan, agar tidak terulang lg.",Gurami 1 Ekor - Cah Tauge Ikan Asin,4 Agustus 2022,2025-07-12 01:35:08
"Ayam Bakar Primarasa, Manyar Kertoarjo",rizkya,16 Juni 2017,1.0,atoz atau alot kayak batu banget....,Ayam 1 Ekor - Cumi - Udang,18 Juli 2022,2025-07-12 01:35:08
"Ayam Bakar Primarasa, Manyar Kertoarjo",Irwandy Black,26 September 2019,1.0,"Gurami bakarnya hari ini seperti kripik, kering sekali sampai terasa krispy.",Gurami 1 Ekor - Sambal Terasi,21 Juli 2022,2025-07-12 01:35:08
"Ayam Bakar Primarasa, Manyar Kertoarjo",McClerish,27 September 2019,1.0,makanan yg dikirim tidak sesuai dengan pesanan. Pesan bandeng goreng tetapi dikirim gurami.,Bandeng Cabut Duri 1 Ekor - Telur,16 Juli 2022,2025-07-12 01:35:08
"Ayam Bakar Primarasa, Manyar Kertoarjo",Rakhma,10 Juni 2017,4.0,"rasanya enak, untuk bumbu pepes bandengnya agak kurang ya, next time ditambah lebih banyak jd lebih enak",Pepes Bandeng Cabut Duri 1 Ekor - Gurami 1 Ekor - Cah Selada Wangi,11 Juli 2022,2025-07-12 01:35:08
"Ayam Bakar Primarasa, Manyar Kertoarjo",ratna,1 Maret 2017,4.0,rasa nya enak dan ok. next order lagi.,Nasi Ayam Special Komplit,6 Juli 2022,2025-07-12 01:35:08
"Ayam Bakar Primarasa, Manyar Kertoarjo",Benny,25 Februari 2022,5.0,Excellent taste!,Gurami Pesmol 1 Ekor,5 Juli 2022,2025-07-12 01:35:08
"Ayam Bakar Primarasa, Manyar Kertoarjo",Irwandy Black,26 September 2019,3.0,"Sambal terasi tidak pedas nya basi, padahal pesan nya jam 11 siang, berarti sambal nya tidak fresh.",Gurami 1 Ekor,3 Juli 2022,2025-07-12 01:35:08
"Ayam Bakar Primarasa, Manyar Kertoarjo",R** S*********,1 September 2017,5.0,"ayamnya enak dan lezat, promonya mantab",Ayam 1 Ekor,1 Juli 2022,2025-07-12 01:35:08
"Ayam Bakar Primarasa, Manyar Kertoarjo",wita,3 Juli 2016,5.0,"oke banget,,,rekomendasi pesen lagi",Nasi Ayam Special Komplit,28 Juni 2022,2025-07-12 01:35:08
"Ayam Bakar Primarasa, Manyar Kertoarjo",Caca angelyn,17 Februari 2019,1.0,pesen es teh tapi es teh nya mana?,Nasi Ayam Special Komplit - Teh Manis / Tawar,26 Juni 2022,2025-07-12 01:35:08
"Ayam Bakar Primarasa, Manyar Kertoarjo",Albertus Andhika,16 September 2015,4.0,enak tapi sambalnya ditambah lagi dong,Ayam 1 Ekor - Ayam 1 Potong,4 Juni 2022,2025-07-12 01:35:08
"Ayam Bakar Primarasa, Manyar Kertoarjo",S****,25 Juli 2018,3.0,Terlalu gosong kl bakar nya,Gurami Asam Manis 1 Ekor,23 Mei 2022,2025-07-12 01:35:08
"Ayam Bakar Primarasa, Manyar Kertoarjo",intan,3 Oktober 2015,4.0,Sambelnya kadang keasinan banget,Gurami 1 Ekor,6 April 2022,2025-07-12 01:35:08
"Ayam Bakar Primarasa, Manyar Kertoarjo",Christina,23 Juli 2017,5.0,Sehat selalu dan sukses selalu,Nasi Ayam Special Komplit,28 Mei 2022,2025-07-12 01:35:08
"Ayam Bakar Primarasa, Manyar Kertoarjo",Sri Redjeki,24 Juli 2017,5.0,Enaak dan pedas pepesnya.Nasinya enak juga.,Pepes Bandeng Cabut Duri 1 Ekor - Nasi Ayam Special Komplit,19 Mei 2022,2025-07-12 01:35:08
"Ayam Bakar Primarasa, Manyar Kertoarjo",dessy,31 Agustus 2015,5.0,"sayur asemnya pedas. anak kecil ga bisa makan
semoga dibuat yg tidak pedas",Ayam 1 Potong - Sayur Asem - Nasi Goreng (Fried Rice),17 Mei 2022,2025-07-12 01:35:08
"Ayam Bakar Primarasa, Manyar Kertoarjo",M*****,18 Juli 2016,5.0,Enak banget rasa ayam bakarnya 🤩,Ayam 1 Ekor,17 Mei 2022,2025-07-12 01:35:08
"Ayam Bakar Primarasa, Manyar Kertoarjo",B** K******,18 Agustus 2017,3.0,Pelayanan yang lama dan harus menunggu lama sekali,Nasi Ayam Special Komplit,5 Mei 2022,2025-07-12 01:35:08
"Ayam Bakar Primarasa, Manyar Kertoarjo",febby sinta,30 September 2016,5.0,"cabang primarasa kenapa beda dgn a.yani  kalo a.yani kresek di dobel , dan diberi nylon cable tie, di cab.manyar kresek gak di dobel gak ada nylon cable tie 😥",Juice Apokat - Juice Jambu Merah - Nasi Goreng (Fried Rice) - Sate Ayam 1 Porsi (10 tusuk),29 April 2022,2025-07-12 01:35:08
"Ayam Bakar Primarasa, Manyar Kertoarjo",krenna,5 April 2017,1.0,salah kirim pesanan..saya pesan 1 ekor gurami goreng yang datang gurami bakar😥,Gurami 1 Ekor,24 April 2022,2025-07-12 01:35:08
"Ayam Bakar Primarasa, Manyar Kertoarjo",D****,13 Desember 2021,1.0,"pesen popcorn ORI 2, kue lumpur 1.
tapi di kasi nya ORI 2. lumpur nya gak ada",Pop U Corn Original (300 gram) Popcorn - Kue Lumpur Madu 1 biji,22 April 2022,2025-07-12 01:35:08
"Ayam Bakar Primarasa, Manyar Kertoarjo",T****,19 Juli 2017,5.0,"Enak banget, ga bisa berhenti ngemil",Pop U Corn Original (300 gram) Popcorn - Air Mineral Botol,20 April 2022,2025-07-12 01:35:08
"Ayam Bakar Primarasa, Manyar Kertoarjo",E****,17 September 2018,2.0,"tidak lengkap, ati + ampela tidak ada",Ayam 1 Ekor,14 April 2022,2025-07-12 01:35:08
"Ayam Bakar Primarasa, Manyar Kertoarjo",Jocelyn,26 Oktober 2019,5.0,rasa istumewa ga ada lawan,Sate Ayam 1 Porsi (10 tusuk) - Cah Kangkung,10 April 2022,2025-07-12 01:35:08
"Ayam Bakar Primarasa, Manyar Kertoarjo",A.susanto,10 Agustus 2015,4.0,minta kecap dan sambal tidak dikasih,Pepes Bandeng Cabut Duri 1 Ekor,5 April 2022,2025-07-12 01:35:08
"Ayam Bakar Primarasa, Manyar Kertoarjo",Erni Poernomowati,28 Juni 2017,5.0,Ayam bakar Primarasa memang telah menjadi favorit saya sejak dulu. Enak dan mantap harganya,Ayam 1 Ekor,8 Maret 2022,2025-07-12 01:35:08
"Ayam Bakar Primarasa, Manyar Kertoarjo",Juliana Tjahjono,20 Januari 2018,4.0,Enak 👍 harga mursh 🙏,Ayam 1 Ekor,6 Maret 2022,2025-07-12 01:35:08
"Ayam Bakar Primarasa, Manyar Kertoarjo",indra hadi,13 November 2015,5.0,Enak banget rasanya… recomended deh,Gurami 1 Ekor - Ayam 1 Potong,12 Februari 2022,2025-07-12 01:35:08
"Ayam Bakar Primarasa, Manyar Kertoarjo",indra hadi,13 November 2015,5.0,Enaakk banget….recomended,Ayam 1 Ekor,12 Februari 2022,2025-07-12 01:35:08
"Ayam Bakar Primarasa, Manyar Kertoarjo",I********,15 Maret 2019,4.0,ayamnya keras alias alot,Sayur Asem - Ayam 1 Potong - Telur,28 Februari 2022,2025-07-12 01:35:08
"Ayam Bakar Primarasa, Manyar Kertoarjo",febby sinta,30 September 2016,1.0,"satenya kenapa gak dikasi Box ..cuma dibungkus kertas coklat/ kertas gado2. dan bumbu kacang kenapa di jadikan 1 , harusnya bumbu kacang di pisah per porsi tanpa kita request, resto sekelas PRIMARASA harusnya otomatis ,bumbu pisah per porsi. sate 50 ribu loch ini , bukan beli di pinggir jalan. maaf saya kecewa dan kaget",Sate Ayam 1 Porsi (10 tusuk),28 Februari 2022,2025-07-12 01:35:08
"Ayam Bakar Primarasa, Manyar Kertoarjo",robert santoso,29 Desember 2017,5.0,ayam bakarnya mantap.,Ayam 1 Ekor - Sate Ayam 1 Porsi (10 tusuk),26 Februari 2022,2025-07-12 01:35:08
"Ayam Bakar Primarasa, Manyar Kertoarjo",A****** K********* S*******,22 November 2017,4.0,ikannya agak kecil  biasanya kalau beli langsung besar banget,Gurami 1 Ekor,17 Februari 2022,2025-07-12 01:35:08
"Ayam Bakar Primarasa, Manyar Kertoarjo",Reza R,31 Desember 2015,5.0,pesen aren latte. tp lupa dikasih arennya. kopinya sepet-asin-gurih jadinya.,Ayam 1 Ekor,17 Februari 2022,2025-07-12 01:35:08
"Ayam Bakar Primarasa, Manyar Kertoarjo",PUJO SUGIARTO,11 November 2021,5.0,oke dech ........,Ayam 1 Ekor - Gurami 1 Ekor - Sambal Terasi,18 Februari 2022,2025-07-12 01:35:08
"Ayam Bakar Primarasa, Manyar Kertoarjo",senny elvina,31 Maret 2018,5.0,mantulll banget,Ayam 1 Ekor,17 Februari 2022,2025-07-12 01:35:08
"Ayam Bakar Primarasa, Manyar Kertoarjo",A***,4 Juli 2015,5.0,selalu enakkkkkkkkkkkkkkkkk,Gurami Bakar / Goreng ( 1 ekor ) - Sayur Asem,5 Januari 2022,2025-07-12 01:35:08
"Ayam Bakar Primarasa, Manyar Kertoarjo",yoppy agung priambodo,17 Juni 2017,5.0,tidak ada duanya,Gurami Asam Manis / Pesmol ( 1 ekor ),10 Februari 2022,2025-07-12 01:35:08
"Ayam Bakar Primarasa, Manyar Kertoarjo",Yuna,14 Agustus 2015,5.0,mantap soal rasa👍👍,Ayam 1 Ekor,14 Februari 2022,2025-07-12 01:35:08
"Ayam Bakar Primarasa, Manyar Kertoarjo",tasya,13 Mei 2017,5.0,top......bgt.....,Kue Lumpur Madu - Nasi Ayam (bakar / Goreng) + Lalapan,11 Februari 2022,2025-07-12 01:35:08
"Ayam Bakar Primarasa, Manyar Kertoarjo",wahyu herry k,22 April 2017,1.0,"Tolong es teh nya dimasukin, ada 2 ketinggalan",Gurami Bakar / Goreng ( 1 ekor ) - Nasi Putih - Sambal Poco - Poco - Teh Manis/Tawar/Lemon Tea,10 Februari 2022,2025-07-12 01:35:08
"Ayam Bakar Primarasa, Manyar Kertoarjo",yusuf novianto,13 Juni 2018,5.0,asyek mantebbbbbbb,Ayam Bakar / Goreng (1 Ekor),20 Desember 2021,2025-07-12 01:35:08
"Ayam Bakar Primarasa, Manyar Kertoarjo",AZRUL MAKARIM,22 September 2016,5.0,Great Restaurant,Nasi Ayam ( Bakar / Goreng ) + Lalapan,22 Januari 2022,2025-07-12 01:35:08
"Ayam Bakar Primarasa, Manyar Kertoarjo",Christina,23 Juli 2017,5.0,"Sehat selalu, banyak rejeki ya, chef. Terima kasih.",Gurami Asam Manis / Pesmol ( 1 ekor ) - Pia Rasa Kuno 1pcs - Kue Lumpur Madu,25 Januari 2022,2025-07-12 01:35:08
"Ayam Bakar Primarasa, Manyar Kertoarjo",Christina,23 Juli 2017,5.0,"Sehat selalu, banyak rejeki ya, chef. Terima kasih.",Ayam Bakar / Goreng (1 Ekor),26 Januari 2022,2025-07-12 01:35:08
"Ayam Bakar Primarasa, Manyar Kertoarjo",Christina,23 Juli 2017,5.0,"Sehat selalu, banyak rejeki ya, chef. Terima kasih.",Ayam Bakar / Goreng (1 Ekor),26 Januari 2022,2025-07-12 01:35:08
"Ayam Bakar Primarasa, Manyar Kertoarjo",Christina,23 Juli 2017,5.0,"Sehat selalu, banyak rejeki ya, chef. Terima kasih.",Gurami Asam Manis / Pesmol ( 1 ekor ) - Kue Lumpur Madu,27 Januari 2022,2025-07-12 01:35:08
"Ayam Bakar Primarasa, Manyar Kertoarjo",Christina,23 Juli 2017,5.0,"Sehat selalu, banyak rejeki ya, chef. Terima kasih.",Pepes Bandeng Cabut Duri,29 Januari 2022,2025-07-12 01:35:08
"Ayam Bakar Primarasa, Manyar Kertoarjo",Christina,23 Juli 2017,5.0,"Sehat selalu, banyak rejeki ya, chef. Terima kasih.",Udang Mayonaise - Kue Lumpur Madu,29 Januari 2022,2025-07-12 01:35:08
"Ayam Bakar Primarasa, Manyar Kertoarjo",Christina,23 Juli 2017,5.0,"Sehat selalu, banyak rejeki ya, chef. Terima kasih.",Ayam Bakar / Goreng (1 Ekor),30 Januari 2022,2025-07-12 01:35:08
"Ayam Bakar Primarasa, Manyar Kertoarjo",Christina,23 Juli 2017,5.0,"Sehat selalu, banyak rejeki ya, chef. Terima kasih.",Gurami Asam Manis / Pesmol ( 1 ekor ) - Kue Lumpur Madu,30 Januari 2022,2025-07-12 01:35:08
"Ayam Bakar Primarasa, Manyar Kertoarjo",Christina,23 Juli 2017,5.0,"Sehat selalu, banyak rejeki ya, chef. Terima kasih.",Ayam Bakar / Goreng (1 Ekor),30 Januari 2022,2025-07-12 01:35:08
"Ayam Bakar Primarasa, Manyar Kertoarjo",Y*** S*******,12 Januari 2020,1.0,Sudah ditulis minta ayam goreng dikasinya ayam bakar.. Tolong lain kali catatan diperhatikan..,Ayam Bakar / Goreng (1 Ekor),8 Februari 2022,2025-07-12 01:35:08
"Ayam Bakar Primarasa, Manyar Kertoarjo",wulan sari,24 September 2021,3.0,balado terong nya kecut TPI yg lain enak,Kue Lumpur Madu - Nasi Ayam Spesial,6 Februari 2022,2025-07-12 01:35:08
"Ayam Bakar Primarasa, Manyar Kertoarjo",Arista praptio,27 Juli 2018,5.0,mantab makanannya juga bersih,Gurami Bakar / Goreng ( 1 ekor ) - Sayur Asem,6 Februari 2022,2025-07-12 01:35:08
"Ayam Bakar Primarasa, Manyar Kertoarjo",anni astuti,24 Juni 2018,5.0,salut sama cefnya masakannya enaaaaaaak,Bakmie Ayam Goreng - Nasi Ayam (bakar / Goreng) + Lalapan - Ayam Bakar / Goreng (paha / Dada),6 Februari 2022,2025-07-12 01:35:08
"Ayam Bakar Primarasa, Manyar Kertoarjo",I**** H***,13 November 2015,5.0,Mantap ikan bakar nya,Gurami Bakar / Goreng ( 1 ekor ) - Ayam Bakar / Goreng (paha / Dada),6 Februari 2022,2025-07-12 01:35:08
"Ayam Bakar Primarasa, Manyar Kertoarjo",indra hadi,13 November 2015,5.0,Enak banget….mantap,Ayam Bakar / Goreng (1 Ekor),6 Februari 2022,2025-07-12 01:35:08
"Ayam Bakar Primarasa, Manyar Kertoarjo",dian agustini,2 Februari 2018,5.0,langganan keluarga,Cah Sayur Asin Tahu - Gurami Asam Manis / Pesmol ( 1 ekor ),5 Februari 2022,2025-07-12 01:35:08
"Ayam Bakar Primarasa, Manyar Kertoarjo",ramadhan,26 Oktober 2017,5.0,resto ter josss sesurabaya standrt rasa selalu dijaga,Gurami Bakar / Goreng ( 1 ekor ) - Kue Lumpur Madu,3 Februari 2022,2025-07-12 01:35:08
"Ayam Bakar Primarasa, Manyar Kertoarjo",yulia,30 Agustus 2015,3.0,ampela-ati nya nggak dikasih. biasa 1 ekor ayam dapet ampela-ati.,Ayam Bakar / Goreng (1 Ekor),3 Februari 2022,2025-07-12 01:35:08
"Ayam Bakar Primarasa, Manyar Kertoarjo",S****** C******,6 Januari 2016,3.0,"Biasa saja , kurang mantap bumbunya",Peper Bandeng Cabut Duri - Sayur Asem,19 Januari 2022,2025-07-12 01:35:08
"Ayam Bakar Primarasa, Manyar Kertoarjo",betania dewi,2 Oktober 2015,5.0,langganan dan tidak pernah mengecewakan,Ayam Bakar / Goreng (1 Ekor),31 Januari 2022,2025-07-12 01:35:08
"Ayam Bakar Primarasa, Manyar Kertoarjo",Yuna,14 Agustus 2015,5.0,enakk...berkali2 order,Ayam Bakar / Goreng (1 Ekor),27 Januari 2022,2025-07-12 01:35:08
"Ayam Bakar Primarasa, Manyar Kertoarjo",J****** S*******,14 Agustus 2015,3.0,Ikan semakin kecil,Gurami Bakar / Goreng ( 1 ekor ) - Ayam Bakar / Goreng (paha / Dada),23 Januari 2022,2025-07-12 01:35:08
"Ayam Bakar Primarasa, Manyar Kertoarjo",J****** S*******,14 Agustus 2015,3.0,"Ikan bakar dan gorengnya berubah, makin kecil sekali",Gurami Bakar / Goreng ( 1 ekor ) - Ayam Bakar / Goreng (paha / Dada),23 Januari 2022,2025-07-12 01:35:08
"Ayam Bakar Primarasa, Manyar Kertoarjo",dwi,18 Desember 2015,1.0,jus apukat nya tidak ada,Gurami Asam Manis / Pesmol ( 1 ekor ) - Juice Apokat,25 Januari 2022,2025-07-12 01:35:08
"Ayam Bakar Primarasa, Manyar Kertoarjo",Michael Wong,9 Juni 2019,1.0,mbanya sama hpnya lemot,Juice Sirsat - Juice Durian - Teh Manis/Tawar/Lemon Tea,23 Januari 2022,2025-07-12 01:35:08
"Ayam Bakar Primarasa, Manyar Kertoarjo",heffy hars,6 Agustus 2015,3.0,"sy order pepes bandeng ini tp yg datang ayam jadi belum incipin, mhn maaf sy ksh bintang 3 aja y",Pepes Bandeng Cabut Duri,23 Januari 2022,2025-07-12 01:35:08
"Ayam Bakar Primarasa, Manyar Kertoarjo",indra hadi,13 November 2015,5.0,Enak banget ayam bakar nya… Mantulll,Ayam Bakar / Goreng (1 Ekor),23 Januari 2022,2025-07-12 01:35:08
"Ayam Bakar Primarasa, Manyar Kertoarjo",indra hadi,13 November 2015,5.0,Pedas nya pepes bandeng mantep banget… rasa nya jugaa enaakk skali,Peper Bandeng Cabut Duri - Ayam Bakar / Goreng (paha / Dada),23 Januari 2022,2025-07-12 01:35:08
"Ayam Bakar Primarasa, Manyar Kertoarjo",indra hadi,13 November 2015,5.0,Enak banget ayam bakar nyaa… rasa nya mantap,Ayam Bakar / Goreng (1 Ekor),23 Januari 2022,2025-07-12 01:35:08
"Ayam Bakar Primarasa, Manyar Kertoarjo",indra hadi,13 November 2015,5.0,Enak banget Gurami nya…. Top banget,Gurami Bakar / Goreng ( 1 ekor ) - Ayam Bakar / Goreng (paha / Dada),23 Januari 2022,2025-07-12 01:35:08
"Ayam Bakar Primarasa, Manyar Kertoarjo",Irwan Sutanto,5 Oktober 2019,5.0,pokoke wuenak tenan,Ayam Bakar / Goreng (1 Ekor),16 Januari 2022,2025-07-12 01:35:08
"Ayam Bakar Primarasa, Manyar Kertoarjo",dinda ratna,24 Oktober 2016,5.0,dapat ayam lumayan besar,Ayam Bakar / Goreng (1 Ekor),18 Januari 2022,2025-07-12 01:35:08
"Ayam Bakar Primarasa, Manyar Kertoarjo",A***,4 Juli 2015,5.0,enakkkkkkk bangettt,Kue Lumpur Madu - Gurami Bakar / Goreng ( 1 ekor ),5 Januari 2022,2025-07-12 01:35:08
"Ayam Bakar Primarasa, Manyar Kertoarjo",L** H** L**,26 Maret 2019,5.0,selalu enak thankyouu,Madu Hutan NTT,17 Januari 2022,2025-07-12 01:35:08
"Ayam Bakar Primarasa, Manyar Kertoarjo",A***,4 Juli 2015,5.0,ayam e cilik diet kali ya hahaa,Ayam Bakar / Goreng (1 Ekor),16 Januari 2022,2025-07-12 01:35:08
"Ayam Bakar Primarasa, Manyar Kertoarjo",W***,9 Juli 2017,4.0,Todak siberi sambal dan Acar pdhl. Sdh minta.,Gurami Asam Manis / Pesmol ( 1 ekor ),15 Januari 2022,2025-07-12 01:35:08
"Ayam Bakar Primarasa, Manyar Kertoarjo",theresia,12 November 2015,5.0,enak banget gurami goreng nya,Gurami Bakar / Goreng ( 1 ekor ) - Ayam Bakar / Goreng (paha / Dada),16 Januari 2022,2025-07-12 01:35:08
"Ayam Bakar Primarasa, Manyar Kertoarjo",indra hadi,13 November 2015,5.0,Ayam bakar nya enak sekali… TOP banget,Ayam Bakar / Goreng (1 Ekor),16 Januari 2022,2025-07-12 01:35:08
"Ayam Bakar Primarasa, Manyar Kertoarjo",indra hadi,13 November 2015,5.0,Ayam bakar nya enak sekalii…. TOP bangett,Ayam Bakar / Goreng (1 Ekor),16 Januari 2022,2025-07-12 01:35:08
"Ayam Bakar Primarasa, Manyar Kertoarjo",indra hadi,13 November 2015,5.0,Ikan gurami bakar nya enak sekali….TOP banget,Gurami Bakar / Goreng ( 1 ekor ) - Ayam Bakar / Goreng (paha / Dada),16 Januari 2022,2025-07-12 01:35:08
"Ayam Bakar Primarasa, Manyar Kertoarjo",isa idris,16 Desember 2017,5.0,enak Terima kasih gojek,Ayam Bakar / Goreng (1 Ekor),15 Januari 2022,2025-07-12 01:35:08
"Ayam Bakar Primarasa, Manyar Kertoarjo",M*****,30 Agustus 2018,5.0,sambal kurang pedas,Sayur Asem - Gurami Bakar / Goreng ( 1 ekor ),13 Januari 2022,2025-07-12 01:35:08
"Ayam Bakar Primarasa, Manyar Kertoarjo",Ferdy,30 Agustus 2019,5.0,Ayam dan gurami selalu the best,Gurami Bakar / Goreng ( 1 ekor ) - Sayur Asem,14 Januari 2022,2025-07-12 01:35:08
"Ayam Bakar Primarasa, Manyar Kertoarjo",Fahmi Nur,18 Juli 2015,5.0,"enak banget, sangat puas dan anak-anak suka",Ayam Bakar / Goreng (1 Ekor),6 Januari 2022,2025-07-12 01:35:08
"Ayam Bakar Primarasa, Manyar Kertoarjo",C******** F***,4 Februari 2017,5.0,rasanya enaaakkk,Pepes Bandeng Cabut Duri,13 Januari 2022,2025-07-12 01:35:08
"Ayam Bakar Primarasa, Manyar Kertoarjo",Erlin,10 November 2015,1.0,kue lumpurnya tidak disertakan dalam pesanan saya yg ada hanya gurami saja,Gurami Bakar / Goreng ( 1 ekor ) - Kue Lumpur Madu,13 Januari 2022,2025-07-12 01:35:08
"Ayam Bakar Primarasa, Manyar Kertoarjo",Ferdy,30 Agustus 2019,5.0,mantap banget baik ayam maupun gurami nya. selalu jadi favorit,Gurami Bakar / Goreng ( 1 ekor ) - Sayur Asem,12 Januari 2022,2025-07-12 01:35:08
"Ayam Bakar Primarasa, Manyar Kertoarjo",betania dewi,2 Oktober 2015,5.0,"memang enak.
apalagi dapat harga promo, murah banget.",Gurami Bakar / Goreng ( 1 ekor ) - Kue Lumpur Madu,11 Januari 2022,2025-07-12 01:35:08
"Ayam Bakar Primarasa, Manyar Kertoarjo",yuliana,28 Juli 2015,1.0,"beli 1 ekor ayam bakar ga dapat ati ampela. biasanya dapat, entah kali ini kok ga dikasih",Ayam Bakar / Goreng (1 Ekor),10 Januari 2022,2025-07-12 01:35:08
"Ayam Bakar Primarasa, Manyar Kertoarjo",yuliana,28 Juli 2015,1.0,beli 1 ekor ga dapat ati rempela,Cah Selada Wangi - Sayur Asem - Kue Lumpur Isi 6 Biji,10 Januari 2022,2025-07-12 01:35:08
"Ayam Bakar Primarasa, Manyar Kertoarjo",C** A*****,19 Maret 2017,1.0,"Soup seafoodnya sangat mengecewakan, harga dan porsi tidak sesuai",Soup Seafood - Kue Lumpur Madu - Nasi Ayam Spesial,10 Januari 2022,2025-07-12 01:35:08
"Ayam Bakar Primarasa, Manyar Kertoarjo",lindah,10 Januari 2017,2.0,"agak kecewa karena pengennya pepes bandeng ehh taunya kosong, mana g bisa dicancel orderan lagi",Pepes Bandeng Cabut Duri,8 Januari 2022,2025-07-12 01:35:08
"Ayam Bakar Primarasa, Manyar Kertoarjo",T****,6 Januari 2016,4.0,sambelny kurang utk uk 1 ekor ayam,Ayam Bakar / Goreng (1 Ekor) - Nasi Putih - Bakmie Ayam Goreng,9 Januari 2022,2025-07-12 01:35:08
"Ayam Bakar Primarasa, Manyar Kertoarjo",H******,24 April 2017,5.0,"Makanannya oke, ayamnya enak seperti biasa. Sayur asem agak pedes dikit, ga cocok buat anak2.",Nasi Ayam (bakar / Goreng) + Lalapan - Sayur Asem,9 Januari 2022,2025-07-12 01:35:08
"Ayam Bakar Primarasa, Manyar Kertoarjo",B* A***,17 Oktober 2015,5.0,Sambalnya kurang banyak,Sayur Asem - Ayam Bakar / Goreng (1 Ekor),9 Januari 2022,2025-07-12 01:35:08
"Ayam Bakar Primarasa, Manyar Kertoarjo",indra hadi,13 November 2015,5.0,Rasa nya enakk skalii… gurami bakar nya mantaapp,Gurami Bakar / Goreng ( 1 ekor ),9 Januari 2022,2025-07-12 01:35:08
"Ayam Bakar Primarasa, Manyar Kertoarjo",indra hadi,13 November 2015,5.0,Gurami bakar nya enak sekalii…patut dicoba,Gurami Bakar / Goreng ( 1 ekor ),9 Januari 2022,2025-07-12 01:35:08
"Ayam Bakar Primarasa, Manyar Kertoarjo",indra hadi,13 November 2015,5.0,Enaak banget… pepes bandeng nya pedass,Pepes Bandeng Cabut Duri,9 Januari 2022,2025-07-12 01:35:08
"Ayam Bakar Primarasa, Manyar Kertoarjo",indra hadi,13 November 2015,5.0,"Gurami bakar, ayam bakar & pepes bandeng cabut durinya enak smuaaa…mantaap bangett",Ayam Bakar / Goreng (1 Ekor),9 Januari 2022,2025-07-12 01:35:08
"Ayam Bakar Primarasa, Manyar Kertoarjo",M*****,30 Agustus 2018,4.0,sambal kurang banyak dan kurang pedas,Gurami Bakar / Goreng ( 1 ekor ) - Sayur Asem,8 Januari 2022,2025-07-12 01:35:08
"Ayam Bakar Primarasa, Manyar Kertoarjo",widianto,13 Desember 2016,5.0,diskonnya beaar sekali sangat murah lhoo. he he he . mantap. bisa terus2 ya,Ayam Bakar / Goreng (1 Ekor),31 Desember 2021,2025-07-12 01:35:08
"Ayam Bakar Primarasa, Manyar Kertoarjo",widianto,13 Desember 2016,5.0,diskonnya beaar sekali sangat murah lhoo. he he he . mantap.,Ayam Bakar / Goreng (1 Ekor),31 Desember 2021,2025-07-12 01:35:08
"Ayam Bakar Primarasa, Manyar Kertoarjo",widianto,13 Desember 2016,5.0,mantap poll nikmat. sungguh2 menyenangkan. mantap oke.,Ayam Bakar / Goreng (1 Ekor),31 Desember 2021,2025-07-12 01:35:08
"Ayam Bakar Primarasa, Manyar Kertoarjo",tri winirta sari,4 Juni 2016,3.0,pesen Udang goreng tepung dikirim nya cumi. anak2 gak suka. so tolong di cek lg ya lain kali. thanks,Udang Goreng Tepung - Sayur Asem - Kue Lumpur Madu,8 Januari 2022,2025-07-12 01:35:08
"Ayam Bakar Primarasa, Manyar Kertoarjo",nita,12 Mei 2017,5.0,ueeenaaak ... mantappp 👍 Sayang guramenya agak kecil  🙏,Gurami Bakar / Goreng ( 1 ekor ),8 Januari 2022,2025-07-12 01:35:08
"Ayam Bakar Primarasa, Manyar Kertoarjo",T****,13 Mei 2017,5.0,top....bgt.....,Nasi Ayam (bakar / Goreng) + Lalapan,5 Januari 2022,2025-07-12 01:35:08
"Ayam Bakar Primarasa, Manyar Kertoarjo",M*****,30 Agustus 2018,4.0,sambal kurang banyak dan kurang pedas ayam nya sih ok banget,Ayam Bakar / Goreng (1 Ekor),6 Januari 2022,2025-07-12 01:35:08
"Ayam Bakar Primarasa, Manyar Kertoarjo",A**,29 Mei 2017,2.0,Lalapannya payahh. cuma timun doang 🤦,Nasi Ayam ( Bakar / Goreng ) + Lalapan - Nasi Daging Suwir-Suwir + Telur Gulung + Cah Sayur,6 Januari 2022,2025-07-12 01:35:08
"Ayam Bakar Primarasa, Manyar Kertoarjo",M*****,30 Agustus 2018,4.0,sambalnya kurang pedas,Ayam Bakar / Goreng (1 Ekor),5 Januari 2022,2025-07-12 01:35:08
"Ayam Bakar Primarasa, Manyar Kertoarjo",M*****,30 Agustus 2018,4.0,sayang ikan nya kurang besar tapi rasa tidak terkalahkan,Gurami Bakar / Goreng ( 1 ekor ) - Sayur Asem,4 Januari 2022,2025-07-12 01:35:08
"Ayam Bakar Primarasa, Manyar Kertoarjo",sri rahayu,16 Juni 2018,5.0,mantap rasanya enakk polll,Gurami Asam Manis / Pesmol ( 1 ekor ) - Ayam Bakar / Goreng (paha / Dada),4 Januari 2022,2025-07-12 01:35:08
"Ayam Bakar Primarasa, Manyar Kertoarjo",B*******,23 Desember 2018,5.0,"isi cabai nya banyak sekali padahal pesen yg pedas sedang, untuk rasa okay lah 👍",Pepes Bandeng Cabut Duri,3 Januari 2022,2025-07-12 01:35:08
"Ayam Bakar Primarasa, Manyar Kertoarjo",Lina agung kiyarto,14 Mei 2019,5.0,"empuk, meresap, enak",Gurami Bakar / Goreng ( 1 ekor ) - Sayur Asem,3 Januari 2022,2025-07-12 01:35:08
"Ayam Bakar Primarasa, Manyar Kertoarjo",M*****,28 Agustus 2015,5.0,mantappppppp uenakkkk polllll,Sayur Asem - Gurami Bakar / Goreng ( 1 ekor ),25 Desember 2021,2025-07-12 01:35:08
"Ayam Bakar Primarasa, Manyar Kertoarjo",A***,24 Agustus 2015,3.0,"minta fillet dikasih utuh
proses ordernya 1 jam. 
kalau memang prosesnya lama, harap ditulis di menunya.
kasihan drivernya, harus tunggu lama di 1 resto pada saat jam ramai.",Kerapu Goreng ( Fillet/ Utuh ) 3 ons,2 Januari 2022,2025-07-12 01:35:08
"Ayam Bakar Primarasa, Manyar Kertoarjo",theresia,12 November 2015,5.0,enak banget gurami goreng dan ayam bakar nyaa... mantaaaapppp,Gurami Bakar / Goreng ( 1 ekor ) - Ayam Bakar / Goreng (paha / Dada),2 Januari 2022,2025-07-12 01:35:08
"Ayam Bakar Primarasa, Manyar Kertoarjo",indra hadi,13 November 2015,5.0,Ayam bakar & gurami bakar nya enak sekali…mantapp👍🏻👍🏻👍🏻,Gurami Bakar / Goreng ( 1 ekor ) - Ayam Bakar / Goreng (paha / Dada),2 Januari 2022,2025-07-12 01:35:08
"Ayam Bakar Primarasa, Manyar Kertoarjo",Rama,15 Agustus 2015,5.0,"bumbu bakarnya meresap, gorengnya kering",Gurami Bakar / Goreng ( 1 ekor ) - Gurami Bakar / Goreng ( 1 ekor ) - Udang Mayonaise - Cah Tauge Ikan Asin,1 Januari 2022,2025-07-12 01:35:08
"Ayam Bakar Primarasa, Manyar Kertoarjo",A******,24 Agustus 2015,1.0,"ikan sangat kecil, tidak seperti biasanya",Gurami Bakar / Goreng ( 1 ekor ),31 Desember 2021,2025-07-12 01:35:08
"Ayam Bakar Primarasa, Manyar Kertoarjo",T****,13 Mei 2017,5.0,Top...bgt....enak....,Nasi Ayam (bakar / Goreng) + Lalapan,25 Desember 2021,2025-07-12 01:35:08
"Ayam Bakar Primarasa, Manyar Kertoarjo",Hadi,15 Maret 2021,5.0,enak dan mantap,Kue Lumpur Madu - Gurami Bakar / Goreng ( 1 ekor ),30 Desember 2021,2025-07-12 01:35:08
"Ayam Bakar Primarasa, Manyar Kertoarjo",A***,8 Mei 2016,5.0,ikannya wenak 👍,Gurami Bakar / Goreng ( 1 ekor ) - Nasi Putih,29 Desember 2021,2025-07-12 01:35:08
"Ayam Bakar Primarasa, Manyar Kertoarjo",ifa,9 Desember 2016,5.0,makasihhhh paling suka di siiini,Kue Lumpur Isi 6 Biji,27 November 2021,2025-07-12 01:35:08
"Ayam Bakar Primarasa, Manyar Kertoarjo",anneke,19 April 2017,5.0,"Pesan gurami goreng, free sambal. Walaupun ukuran ikan guraminya ngga sebesar dulu, tapi ngga sesuai dgn porsi sambalnya yg sedikit. So, sambalnya harusnya porsinya ditambah agar sesuai dgn porsi gurami.
Makasih",Sambal Poco - Poco - Gurami Bakar / Goreng ( 1 ekor ),25 Desember 2021,2025-07-12 01:35:08
"Ayam Bakar Primarasa, Manyar Kertoarjo",anneke,19 April 2017,5.0,Porsi sambalnya tolong dibanyakin ya,Gurami Bakar / Goreng ( 1 ekor ) - Sambal Poco - Poco,25 Desember 2021,2025-07-12 01:35:08
"Ayam Bakar Primarasa, Manyar Kertoarjo",B* A***,17 Oktober 2015,5.0,Diambil makanan sdh siap,Sayur Asem - Ayam Bakar / Goreng (1 Ekor),24 Desember 2021,2025-07-12 01:35:08
"Ayam Bakar Primarasa, Manyar Kertoarjo",Gilang,8 Juni 2017,5.0,terimakasih banyak,Gurami Bakar / Goreng ( 1 ekor ),25 Desember 2021,2025-07-12 01:35:08
"Ayam Bakar Primarasa, Manyar Kertoarjo",Lani,6 April 2019,5.0,Enak dan mantap,Ayam Bakar / Goreng (1 Ekor),23 Desember 2021,2025-07-12 01:35:08
"Ayam Bakar Primarasa, Manyar Kertoarjo","Pipieardi, Erdhyantika",13 Januari 2019,5.0,Ayam bakarnya enak bangedd,Nasi Ayam ( Bakar / Goreng ) + Lalapan,15 Desember 2021,2025-07-12 01:35:08
"Ayam Bakar Primarasa, Manyar Kertoarjo",Yogi Pranata,26 September 2017,5.0,"tidak ada hati, cuman dikasih ampela",Ayam Bakar / Goreng (1 Ekor),19 Desember 2021,2025-07-12 01:35:08
"Ayam Bakar Primarasa, Manyar Kertoarjo",T*** D*** P******,9 September 2016,5.0,"Gurame nya selalu juaraa, sayang nih gk ada lalapan timun kemangi nya cuma ikan dan sambal",Gurami Bakar / Goreng ( 1 ekor ) - Kue Lumpur Madu - Pia Rasa Kuno 1pcs,19 Desember 2021,2025-07-12 01:35:08
"Ayam Bakar Primarasa, Manyar Kertoarjo",L***,28 Februari 2016,3.0,minta paha dikasih dada.,Gurami Bakar / Goreng ( 1 ekor ) - Nasi Ayam (bakar / Goreng) + Lalapan,19 Desember 2021,2025-07-12 01:35:08
"Ayam Bakar Primarasa, Manyar Kertoarjo",L****,27 September 2020,3.0,"rasanya B aja, kemasakannya sangatt disayangkan cuma plastik berasa kaya warteg pinggir jalan",Gurami Bakar / Goreng ( 1 ekor ) - Sayur Asem,19 Desember 2021,2025-07-12 01:35:08
"Ayam Bakar Primarasa, Manyar Kertoarjo",Anis Rosalina Fitri,12 Juni 2017,4.0,kurang meresap. sambalnya dikit amat. cm buat 1 orang bos. kufang,Ayam Bakar / Goreng (1 Ekor),17 Desember 2021,2025-07-12 01:35:08
"Ayam Bakar Primarasa, Manyar Kertoarjo",stef fany,22 Desember 2015,5.0,tp porsinya kecil..😂,Ayam Bakar / Goreng (1 Ekor),17 Desember 2021,2025-07-12 01:35:08
"Ayam Bakar Primarasa, Manyar Kertoarjo",W**** S****,15 September 2018,5.0,"gurami bakar rasanya enakkkk....
cuma sambal trasinya aja yg keasinan,
semangat terus yaa... sllu sehat...",Cah Tauge Ikan Asin - Gurami Bakar / Goreng ( 1 ekor ),12 Desember 2021,2025-07-12 01:35:08
"Ayam Bakar Primarasa, Manyar Kertoarjo",nita,12 Mei 2017,5.0,Mantap... enak banget !!,Gurami Bakar / Goreng ( 1 ekor ),11 Desember 2021,2025-07-12 01:35:08
"Ayam Bakar Primarasa, Manyar Kertoarjo",N***,12 Mei 2017,5.0,Mantap.... uenakkkk pollll,Gurami Asam Manis / Pesmol ( 1 ekor ),1 Desember 2021,2025-07-12 01:35:08
"Ayam Bakar Primarasa, Manyar Kertoarjo",M*****,22 Oktober 2018,5.0,badabesttttttttttt,Gurami Bakar / Goreng ( 1 ekor ) - Sayur Asem,29 November 2021,2025-07-12 01:35:08
"Ayam Bakar Primarasa, Manyar Kertoarjo",I****,1 Desember 2018,5.0,sip makanannya semua,Ayam Bakar / Goreng (paha / Dada) - Nasi Ayam ( Bakar / Goreng ) + Lalapan - Pop U Corn Popcorn - Kue Lumpur Madu,25 November 2021,2025-07-12 01:35:08
"Ayam Bakar Primarasa, Manyar Kertoarjo","Pipieardi, Erdhyantika",13 Januari 2019,5.0,Selalu suka rasanya,Ayam Bakar / Goreng (1 Ekor) - Sambal Mangga Muda ( Pencit ),27 November 2021,2025-07-12 01:35:08
"Ayam Bakar Primarasa, Manyar Kertoarjo",I** R*****,16 Maret 2021,5.0,𝖊𝖘 𝖙𝖊𝖍 𝖓𝖞𝖆 𝖒𝖆𝖓𝖆,Nasi Cumi Hitam Spesial - Teh Manis/Tawar/Lemon Tea,25 November 2021,2025-07-12 01:35:08
"Ayam Bakar Primarasa, Manyar Kertoarjo",S********,31 Oktober 2018,5.0,one of the best. you won't be dissapointed,Ayam Bakar / Goreng (1 Ekor),17 November 2021,2025-07-12 01:35:08
"Ayam Bakar Primarasa, Manyar Kertoarjo",S********,31 Oktober 2018,5.0,always perfect and deliciouso,Ayam Bakar / Goreng (1 Ekor),17 November 2021,2025-07-12 01:35:08
"Ayam Bakar Primarasa, Manyar Kertoarjo",I****,1 Desember 2018,5.0,enak polll semua enak mantapsssss,Nasi Ayam (bakar / Goreng) + Lalapan - Ayam Bakar / Goreng (paha / Dada) - Kue Lumpur Madu,16 November 2021,2025-07-12 01:35:08
"Ayam Bakar Primarasa, Manyar Kertoarjo",R******** S*******,11 November 2019,5.0,"oke banget. fyi dulu saya pesen yg ada cumi hitamnya tapi rasanya asam dan bau seperti sudah basi. yg lainnya oke, hanya cuminya aja",Nasi Ayam Spesial + Kue Lumpur,15 November 2021,2025-07-12 01:35:08
"Ayam Bakar Primarasa, Manyar Kertoarjo",F*** K******,1 Agustus 2015,4.0,"potongan ayamnya kecil-kecil, ga seperti biasa nya",Ayam Bakar / Goreng (paha / Dada),13 November 2021,2025-07-12 01:35:08
"Ayam Bakar Primarasa, Manyar Kertoarjo",W****,20 Oktober 2021,5.0,mantap rasanya...,Cah Kangkung Hot Plate - Nasi Putih - Gurami Bakar / Goreng ( 1 ekor ) - Ayam Bakar / Goreng (1 Ekor) - Pia Rasa Kuno 1pcs,10 November 2021,2025-07-12 01:35:08
"Ayam Bakar Primarasa, Manyar Kertoarjo",I****,1 Desember 2018,5.0,enak  bgt guraminya,Madu Hutan NTT,4 November 2021,2025-07-12 01:35:08
"Ayam Bakar Primarasa, Manyar Kertoarjo",R***,18 November 2016,1.0,saya order bakmi tanpa sayur. tapi bakmi datang full sayur,Gurami Bakar / Goreng ( 1 ekor ) - Bakmie Ayam Goreng - Nasi Ayam (bakar / Goreng) + Lalapan,27 Oktober 2021,2025-07-12 01:35:08
"Ayam Bakar Primarasa, Manyar Kertoarjo",A****,12 Februari 2017,2.0,Sudah ditulis ayamnya PAHA semua masih dikasih DADA. Gak ada yg MAKAN di rumah! Sukanya PAHA semua! Lain kali lebih DIPERHATIKAN NOTES PEMBELI.,Nasi Ayam Spesial - Cah Selada Wangi,20 Oktober 2021,2025-07-12 01:35:08
"Ayam Bakar Primarasa, Manyar Kertoarjo",P********* E**********,13 Januari 2019,5.0,Selalu enjoyed rasanya,Nasi Ayam ( Bakar / Goreng ) + Lalapan,14 Oktober 2021,2025-07-12 01:35:08
"Ayam Bakar Primarasa, Manyar Kertoarjo",A****,26 Agustus 2017,1.0,tdk ada sambalnya,Gurami Bakar / Goreng ( 1 ekor ) - Sayur Asem,11 Oktober 2021,2025-07-12 01:35:08
"Ayam Bakar Primarasa, Manyar Kertoarjo",I***,16 Juni 2016,2.0,"pesan selada wangi diganti tauge 🙁.. kita ga bisa ganti orderan klo pesan, tp resto ganti orderan kita sendiri",Gurami Bakar / Goreng ( 1 ekor ) - Cah Selada Wangi,7 Oktober 2021,2025-07-12 01:35:08
"Ayam Bakar Primarasa, Manyar Kertoarjo",S*******,5 Juli 2018,3.0,"Super duper lama masaknya. Sambel sedikit bgt, lalapan hanya timun. Untuk rasa ayam bakarnya hanya rasa kecap manis",Nasi Ayam ( Bakar / Goreng ) + Lalapan,6 Oktober 2021,2025-07-12 01:35:08
"Ayam Bakar Primarasa, Manyar Kertoarjo",Y**** N*******,7 Agustus 2015,4.0,lama sekali antri nya,Nasi Ayam Spesial,3 Oktober 2021,2025-07-12 01:35:08
"Ayam Bakar Primarasa, Manyar Kertoarjo",R***,21 Januari 2017,2.0,"ikannya itu terlalu gosong ato sisa kmrn ato gmn ya? kok daging ikannya alot (serasa ikan sisa kmrn) + item bgt gitu bakarnya (biasanya gak gosong bgt gitu sampe pait) untung msh ketolong dg rasa dari kecapnya.
Aku langganan Primarasa bukan sekali 2 kali 3 kali tapi sejak aku SMA kelas 1 sebelum ada musim ojol seperti skr. Tiap pulang sekolah pasti makannya di Primarasa. Favorit keluargaku di Primarasa baik dine in maupun take away ato via ojol spt skr yakni Ayam Bakar Kampung 1 ekor, Gurame (bakar maupun asam manis), Bandeng (baik pepes maupun cabut duri), sayur asemnya TOP MARKOTOP, kalo kuenya itu (Pia Coklat & Keju) & Popcorn Caramel
Tapi hrni orderanku di Primarasa yg mengecewakan + kurang memuaskan.
Tolong diperbaiki ya krn bs mengecewakan konsumen.
Terima kasih",Gurami Bakar / Goreng ( 1 ekor ) - Ayam Bakar / Goreng (paha / Dada),1 Oktober 2021,2025-07-12 01:35:08
"Ayam Bakar Primarasa, Manyar Kertoarjo",C********,28 Agustus 2015,3.0,"banyak gosong, dan kering.",Sate Ayam 1 porsi ( 10 Tusuk ),26 September 2021,2025-07-12 01:35:08
"Ayam Bakar Primarasa, Manyar Kertoarjo",G******,12 Oktober 2019,4.0,sambal nya kurang mantap,Gurami Bakar / Goreng ( 1 ekor ) - Cah Tauge Ikan Asin,22 September 2021,2025-07-12 01:35:08
"Ayam Bakar Primarasa, Manyar Kertoarjo",J*** R,9 Agustus 2017,2.0,Menu kerapu over price,Promo Kerapu 2 - Gurami Bakar / Goreng ( 1 ekor ),14 September 2021,2025-07-12 01:35:08
"Ayam Bakar Primarasa, Manyar Kertoarjo",G*** P****,20 Januari 2020,3.0,sambal kurang pedas dan kurang banyak,Nasi Ayam Bakar / Goreng,10 September 2021,2025-07-12 01:35:08
"Ayam Bakar Primarasa, Manyar Kertoarjo",N***,25 September 2015,1.0,pesanan saya ada yang tidak ada! saya pesan ayam bakar dan jua sirsak. tapi jus sirsak nya tidak ada!,Ayam Bakar / Goreng (1 Ekor) - Juice Sirsat,4 September 2021,2025-07-12 01:35:08
"Ayam Bakar Primarasa, Manyar Kertoarjo",N*** K*******,2 Agustus 2015,5.0,"Cah kangkung hotplate-nya enak, ladanya memperkuat rasa. Bandeng goreng seperti biasa krispi gurih gitu.",Bandeng Bakar / Goreng - Cah Kangkung Hot Plate - Kue Lumpur Madu,25 Agustus 2021,2025-07-12 01:35:08
"Ayam Bakar Primarasa, Manyar Kertoarjo",N*** K*******,2 Agustus 2015,5.0,Hmmm.. enak banget siang2 gini makan gurami bakar kecap sama sambal terasi dan cah kangkung hotplate. Ditambah kue lumpur madu khas Primarasa! Mantap!,Gurami Bakar / Goreng ( 1 ekor ) - Cah Kangkung Hot Plate - Kue Lumpur Madu,25 Agustus 2021,2025-07-12 01:35:08
"Ayam Bakar Primarasa, Manyar Kertoarjo",J******,21 Maret 2016,4.0,"minta tidak pedas sama sekali datangnya masih pedas :"")",Gurami Bakar / Goreng ( 1 ekor ) - Nasi Ayam 1/2 Ekor (bakar/ Goreng) + Lalapan,19 Agustus 2021,2025-07-12 01:35:08
"Ayam Bakar Primarasa, Manyar Kertoarjo",N**** E**,13 Agustus 2015,5.0,"harganya naik terus dari 80k, 90k, 100k",Ayam Bakar / Goreng (1 Ekor),13 Agustus 2021,2025-07-12 01:35:08
"Ayam Bakar Primarasa, Manyar Kertoarjo",F******,2 September 2015,5.0,"Masakannya enak, pengirimannya juga cepat. Top banget lah. Next bakal order lagi",Paket Nasi Ayam Suwir - Ayam Bakar / Goreng (1 Ekor),3 Juli 2021,2025-07-12 01:35:08
"Ayam Bakar Primarasa, Manyar Kertoarjo",L*** E*******,8 Maret 2016,5.0,"The Best Ayam Bakar in my life! apalagi kalau lagi ada diskon! Sambalnya juara, bisa dinikmati seluruh anggota keluarga. Pembeliannya tidak ribet dan komunikatif. pelayanan mantab! Jadi makanan yg sering banget dikonsumsi dalam seminggu",Ayam Bakar / Goreng (1 Ekor),8 Juli 2021,2025-07-12 01:35:08
"Ayam Bakar Primarasa, Manyar Kertoarjo",K******,5 September 2015,5.0,primarasa mantaaaaap,Nasi Ayam (bakar / Goreng) + Lalapan,29 Juli 2021,2025-07-12 01:35:08
"Ayam Bakar Primarasa, Manyar Kertoarjo",Y******,3 Januari 2019,5.0,"tidak ada kata bosen kalau beli makanan disini,sekain porsinya yang pas untuk keluarga juga rasanya enak banget, untuk harganya juga kalonada promo tambah mantul ahahahaha.....ga bakal rugi deh ....",Gurami Bakar / Goreng ( 1 ekor ),24 Juni 2021,2025-07-12 01:35:08
"Ayam Bakar Primarasa, Manyar Kertoarjo",Y******,3 Januari 2019,5.0,"pengalaman pick up, ehmm ramah dan cepat....untuk rasa sudah tidak diragukan ya....enak banget...menu andalan kita, ayam , udang dan ikan gurami goreng.....harga oke apalagi kalo ada promonya tambah sip...hahaha tetap dipertahankan ya dan sukses terus.",Udang Goreng Tepung,24 Juni 2021,2025-07-12 01:35:08
"Ayam Bakar Primarasa, Manyar Kertoarjo",Y******,3 Januari 2019,5.0,"suka beli disini , menu andalanku ikan goreng gurami, karena anak anak suka,, bisa direquest juga kalo mau lebih garing lagi, mantul deh, yuk jangan ragu buat beli di resto ini....menu yang lain juga ga kalah enak kok.",Gurami Bakar / Goreng ( 1 ekor ),16 Juli 2021,2025-07-12 01:35:08
"Ayam Bakar Primarasa, Manyar Kertoarjo",Y******,3 Januari 2019,5.0,cocok sama ikan gorengnya disini karna pas sama yg ak suka...goreng kering,Gurami Bakar / Goreng ( 1 ekor ),31 Juli 2021,2025-07-12 01:35:08
"Ayam Bakar Primarasa, Manyar Kertoarjo",F********,28 April 2017,5.0,semua menu primarasa top👍,Bandeng Bakar / Goreng - Cumi Goreng Tepung - Nasi Ayam Bakar / Goreng,29 Juli 2021,2025-07-12 01:35:08
"Ayam Bakar Primarasa, Manyar Kertoarjo",B*****,29 Mei 2018,5.0,lanjutkan rasanya bungg,Ayam Bakar / Goreng (1 Ekor) - Ayam Bakar / Goreng (paha / Dada),1 Agustus 2021,2025-07-12 01:35:08
"Ayam Bakar Primarasa, Manyar Kertoarjo",B*****,29 Mei 2018,5.0,haujek pooll seng ada lawan,Gurami Bakar / Goreng ( 1 ekor ) - Cah Kangkung Hot Plate - Kue Lumpur Madu,1 Agustus 2021,2025-07-12 01:35:08
"Ayam Bakar Primarasa, Manyar Kertoarjo",Y**** E*****,19 Mei 2017,5.0,"rasa enak, kemasan rapi dan bersih.",Paket Nasi Ayam Suwir - Nasi Telur Bumbu Rujak + Sambal Goreng Hati + Bakmie + Cah Sayur (Paket Hemat),1 Agustus 2021,2025-07-12 01:35:08
"Ayam Bakar Primarasa, Manyar Kertoarjo",C***********,8 Juli 2017,5.0,"packaging bagus dan kuat sehingga tidak mudah penyok, makanan sudah pasti enak juga dengan cita rasa khas indonesia, persiapan makanan juga cepat tidak membutuhkan waktu lama",Nasi Ayam Spesial - Nasi Ayam Spesial,1 Agustus 2021,2025-07-12 01:35:08
"Ayam Bakar Primarasa, Manyar Kertoarjo",R** A******,29 Agustus 2015,5.0,porsinya banyak. Rasanya enak. Harga ekonomis,Pop U Corn Popcorn,26 Juli 2021,2025-07-12 01:35:08
"Ayam Bakar Primarasa, Manyar Kertoarjo",R** A******,29 Agustus 2015,5.0,popcorn nya enak + Harga ekonomis+ isinya banyak,Pop U Corn Popcorn - Pop U Corn Popcorn - Pop U Corn Popcorn,26 Juli 2021,2025-07-12 01:35:08
"Ayam Bakar Primarasa, Manyar Kertoarjo",M*****,17 September 2015,5.0,"gurami bakar dan bandeng gorengnya suka banget! enak, gurami bakar bumbunya meresap, nggak pelit kalo kasih bumbu..bandeng gorengnya enak, crispy, nggak perlu ribet duri lagi.. sambal terasi enak, bisa request tingkat kepedasannya juga. keep it up! 😁👍🏻",Sayur Asem - Gurami Bakar / Goreng ( 1 ekor ),27 Juni 2021,2025-07-12 01:35:08
"Ayam Bakar Primarasa, Manyar Kertoarjo",E*****,4 September 2018,4.0,terlalu sepi gaada lalapannya seenggaknya timun atau selada gitu,Gurami Bakar / Goreng ( 1 ekor ),24 Juli 2021,2025-07-12 01:35:08
"Ayam Bakar Primarasa, Manyar Kertoarjo",R**** W********,14 Maret 2021,5.0,rasanyà puas ikannya porsinya mantap,Gurami Bakar / Goreng ( 1 ekor ) - Sambal Terasi,28 Juli 2021,2025-07-12 01:35:08
"Ayam Bakar Primarasa, Manyar Kertoarjo",J*****,8 September 2015,4.0,Pesan ayam 1 ekor bbrp kali tidak ada jeroannya. Apakah lupa?,Bakmie Ayam Goreng - Ayam Bakar / Goreng (1 Ekor),20 Juli 2021,2025-07-12 01:35:08
"Ayam Bakar Primarasa, Manyar Kertoarjo",H******,2 Oktober 2015,3.0,ikannya kecil sekali,Gurami Bakar / Goreng ( 1 ekor ),16 Juli 2021,2025-07-12 01:35:08
"Ayam Bakar Primarasa, Manyar Kertoarjo",C******,24 Juni 2015,3.0,Lama. Kata driver sdh selesai tp driver tdk dipanggil,Ayam Bakar / Goreng (1 Ekor) - Ayam Bakar / Goreng (paha / Dada),11 Juli 2021,2025-07-12 01:35:08
"Ayam Bakar Primarasa, Manyar Kertoarjo",S***,4 Agustus 2015,2.0,"gurami asam manis filletnya banyak tulang, klo fillet harapnya tinggal makan, mulut malah tertusuk-tusuk tulang banyak sekali. Ponakan sampe nangis kirain daging ikan filletnya tanpa tulang.",Gurami Asam Manis / Pesmol ( 1 ekor ) - Gurami Asam Manis / Pesmol ( 1 ekor ),30 Juni 2021,2025-07-12 01:35:08
"Ayam Bakar Primarasa, Manyar Kertoarjo",E****,3 Agustus 2015,3.0,"pilih pedas malah gak pedas sama sekali & sepertinya size makin kecil. sdh tdk spt awal2 ada menu pepes bandenh inj, menurun",Pepes Bandeng Cabut Duri,6 Juni 2021,2025-07-12 01:35:08
"Ayam Bakar Primarasa, Manyar Kertoarjo",S******* U****,20 Oktober 2020,5.0,thankyou cheff. gurami bakarnya enak banget. bumbu meresap dgn sempurna.,Gurami Bakar / Goreng ( 1 ekor ),29 Juni 2021,2025-07-12 01:35:08
"Ayam Bakar Primarasa, Manyar Kertoarjo",I****,17 Juli 2015,2.0,"tahunya nggak segar, sayurnya udah ungu",Nasi Ayam Spesial - Gurami Bakar / Goreng ( 1 ekor ) - Tahu Penyet,11 Juni 2021,2025-07-12 01:35:08
"Ayam Bakar Primarasa, Manyar Kertoarjo",K********,15 November 2015,2.0,"beberapa pegawai tidak menggunakan makser membuat khawatir kalau mau pick up, jd kurang yakin apakah pengolahan makanannya memperhatikan kebersihan",Nasi Ayam Spesial,13 Juni 2021,2025-07-12 01:35:08
"Ayam Bakar Primarasa, Manyar Kertoarjo",A***,14 Desember 2015,1.0,"pesan ikan bakar satu paket sama sambelnya, sambel poco"" + beli lagi sambel terasi..tapi yang datang dua""nya sambel poco""..",Gurami Bakar / Goreng ( 1 ekor ) - Sambal Terasi,12 Juni 2021,2025-07-12 01:35:08
"Ayam Bakar Primarasa, Manyar Kertoarjo",N**,2 Januari 2020,3.0,katanya ayam nyA setengah ekor ga tau nya bukan setengah. cuma sepotong dada,Nasi Ayam 1/2 Ekor (bakar/ Goreng) + Lalapan,9 Juni 2021,2025-07-12 01:35:08
"Ayam Bakar Primarasa, Manyar Kertoarjo",A****,30 Juli 2016,1.0,"pesan tahu penyet sudah dibayar gopay,tapi ternyata tudak dikasih dan nota tidak sesuai",Nasi Ayam Spesial - Tahu Penyet - Teh Manis/Tawar/Lemon Tea - Nasi Ayam Spesial,9 Juni 2021,2025-07-12 01:35:08
"Ayam Bakar Primarasa, Manyar Kertoarjo",J****,12 Juni 2019,4.0,kremesan nya koq ga dkasih 🥲😭Ayam goreng harus nya ada kremesan nya kan 🥲,Ayam Bakar / Goreng (1 Ekor) - Juice Apokat,7 Juni 2021,2025-07-12 01:35:08
"Ayam Bakar Primarasa, Manyar Kertoarjo",J****,12 Juni 2019,5.0,mantap dech pokok nya 😊🥰,Ayam Bakar / Goreng (1 Ekor) - Cah Kangkung Hot Plate,22 Mei 2021,2025-07-12 01:35:08
"Ayam Bakar Primarasa, Manyar Kertoarjo",L** H** L**,26 Maret 2019,5.0,gurami enak banget,Gurami Bakar / Goreng ( 1 ekor ),23 Mei 2021,2025-07-12 01:35:08
"Ayam Bakar Primarasa, Manyar Kertoarjo",I** D*,13 Oktober 2019,3.0,mie goreng asin sekali,Bakmie Ayam Goreng - Gurami Bakar / Goreng ( 1 ekor ),15 Mei 2021,2025-07-12 01:35:08
"Ayam Bakar Primarasa, Manyar Kertoarjo",N** H******,17 Oktober 2015,2.0,pesan bandeng goreng di kasih bandeng bakar,Bandeng Bakar / Goreng - Gurami Bakar / Goreng ( 1 ekor ) - Cah Tauge Ikan Asin,14 Mei 2021,2025-07-12 01:35:08
"Ayam Bakar Primarasa, Manyar Kertoarjo",R***,15 Agustus 2015,5.0,Enak Semuanya Mantap,Gurami Bakar / Goreng ( 1 ekor ) - Cah Kangkung Hot Plate - Sambal Terong - Cumi Mayonaise - Juice Apokat - Juice Durian,14 Mei 2021,2025-07-12 01:35:08
"Ayam Bakar Primarasa, Manyar Kertoarjo",C******,10 Desember 2020,3.0,Gurame yang di bumbu asam manis tidak segar. Gurame bakar ada rasa minyak gasnya.,Cah Kangkung Hot Plate - Gurami Bakar / Goreng ( 1 ekor ) - Gurami Asam Manis / Pesmol ( 1 ekor ) - Cumi Mayonaise,12 Mei 2021,2025-07-12 01:35:08
"Ayam Bakar Primarasa, Manyar Kertoarjo",A** S**********,27 Februari 2017,1.0,"pesanan saya kurang 1 
gimana sih",Cumi Goreng Tepung - Udang Asam Manis - Sambal Terasi - Sambal Tradisional Primarasa ( Per Botol 150ml ) - Gurami Bakar / Goreng ( 1 ekor ) - Ayam Bakar / Goreng (paha / Dada),11 Mei 2021,2025-07-12 01:35:08
"Ayam Bakar Primarasa, Manyar Kertoarjo",C****,8 Juli 2017,1.0,pelayanan amat sangat lambat,Bandeng Bakar / Goreng,10 Mei 2021,2025-07-12 01:35:08
"Ayam Bakar Primarasa, Manyar Kertoarjo",B***** C*******,18 September 2018,1.0,"pesen cah toge ikan asin yg datang toge doank...
sdh mahal mahal sangat mengecewakan",Cah Tauge Ikan Asin,24 April 2021,2025-07-12 01:35:08
"Ayam Bakar Primarasa, Manyar Kertoarjo",S**************,14 Desember 2017,1.0,Sambel n tumis sayur nya asin skali,Bandeng Bakar / Goreng - Sambal Terong - Cah Selada Wangi - Cah Sayur Asin Tahu - Gurami Bakar / Goreng ( 1 ekor ),18 April 2021,2025-07-12 01:35:08
"Ayam Bakar Primarasa, Manyar Kertoarjo",M***,26 Februari 2016,2.0,ayam nya terlalu kecil,Nasi Ayam Spesial - Nasi Ayam Spesial,3 April 2021,2025-07-12 01:35:08
"Ayam Bakar Primarasa, Manyar Kertoarjo",B****** S*******,18 Mei 2017,4.0,"Bumbu kecapnya cm sedkt, tdk spt dulu",Gurami Bakar / Goreng ( 1 ekor ),30 Maret 2021,2025-07-12 01:35:08
"Ayam Bakar Primarasa, Manyar Kertoarjo",A***,3 Agustus 2015,2.0,"nasi dan lauknya dingin, tidak hangat dan empuk seperti biasanya.  semoga bukan buatan kemarin",Nasi Ayam Spesial,28 Februari 2021,2025-07-12 01:35:08
"Ayam Bakar Primarasa, Manyar Kertoarjo",R**** A********,26 Mei 2017,5.0,Rasanya mantap.,Cumi Goreng Tepung - Gurami Bakar / Goreng ( 1 ekor ) - Sambal Terasi - Ayam Bakar / Goreng (paha / Dada),7 Februari 2021,2025-07-12 01:35:08
"Ayam Bakar Primarasa, Manyar Kertoarjo",A***,5 Desember 2018,4.0,porsi terlalu dikit,N/A,6 Februari 2021,2025-07-12 01:35:08
"Ayam Bakar Primarasa, Manyar Kertoarjo",M**** E****,21 Mei 2019,3.0,Ikan bakarnya ga agak bau,Gurami Bakar / Goreng ( 1 ekor ) - Cah Selada Wangi - Ayam Bakar / Goreng (paha / Dada),27 Januari 2021,2025-07-12 01:35:08
"Ayam Bakar Primarasa, Manyar Kertoarjo",L***,22 Juli 2016,5.0,sering2 promo yah.,Paket Family Primarasa,27 Januari 2021,2025-07-12 01:35:08
"Ayam Bakar Primarasa, Manyar Kertoarjo",S***,25 Agustus 2019,3.0,"terimakasih Kak.. tapi ayamnya akir2 ini beda dari yang dulu dulu... kayaknya rendam bumbunya kurang lama.. ayamnya tadi hambar dan agak alot...

dulu ayam gorengnya empuk dan sedap terasa banget bumbunya meresap",Ayam Bakar / Goreng (1 Ekor) - Soup Seafood,18 Januari 2021,2025-07-12 01:35:08
"Ayam Bakar Primarasa, Manyar Kertoarjo",D*** F*******,5 Maret 2019,5.0,"mantap. tengkyu primarasa,tengkyu gofood",Nasi Ayam 1/2 Ekor (bakar / Goreng) + Lalapan - Nasi Ayam (bakar / Goreng) + Lalapan,12 Januari 2021,2025-07-12 01:35:08
"Ayam Bakar Primarasa, Manyar Kertoarjo",E***,10 Juli 2019,1.0,tumis kangkung nya tidak enak... saya incip sedikit trus saya buang. 😭,Paket Family Primarasa,11 Januari 2021,2025-07-12 01:35:08
"Ayam Bakar Primarasa, Manyar Kertoarjo",A******,2 September 2018,3.0,"sambal goreng ati hati nya agak bau.. Padahal saya pesannya masih tergolong pagi, jam 10an..",Nasi Telur Bumbu Rujak + Sambal Goreng Ati + Bakmie + Cah Sayur (Paket Hemat),10 Januari 2021,2025-07-12 01:35:08
"Ayam Bakar Primarasa, Manyar Kertoarjo",M***,26 Februari 2016,5.0,murah paakai pick up,N/A,3 Januari 2021,2025-07-12 01:35:08
"Ayam Bakar Primarasa, Manyar Kertoarjo",M****,8 Oktober 2016,4.0,"Porsi kecil /sedikit , harga mahal",Bandeng Bakar / Goreng - Sambal Poco - Poco,2 Januari 2021,2025-07-12 01:35:08
"Ayam Bakar Primarasa, Manyar Kertoarjo",D****,17 Oktober 2017,4.0,Mie goreng terlalu manis,Paket Family Primarasa,29 Desember 2020,2025-07-12 01:35:08
"Ayam Bakar Primarasa, Manyar Kertoarjo",D**** K***** D***,23 September 2015,5.0,Terimakasih. Kantong kreseknya akan lebih baik lagi kalau warna putih 🙂,Nasi Ayam Bakar / Goreng,29 Desember 2020,2025-07-12 01:35:08
"Ayam Bakar Primarasa, Manyar Kertoarjo",W**** U****,31 Mei 2016,5.0,Terima kasih pak. Driver ramah.,Ayam Bakar / Goreng (paha / Dada),22 Desember 2020,2025-07-12 01:35:08
"Ayam Bakar Primarasa, Manyar Kertoarjo",M***,26 Februari 2016,2.0,sambalnya minta ga pedas kok malah pedas banget,Bandeng Bakar / Goreng,21 Desember 2020,2025-07-12 01:35:08
"Ayam Bakar Primarasa, Manyar Kertoarjo",Y******** A********,29 Juli 2015,2.0,"ukurannya kecil banget, ga sesuai ama harganya",Bandeng Bakar / Goreng,16 Desember 2020,2025-07-12 01:35:08
"Ayam Bakar Primarasa, Manyar Kertoarjo",R****,5 September 2015,2.0,"Kmrn pesan cah kangkung, rasa dan baunya aneh, tdk bs dimakan, jd kmrn beli g ada yg makan sama sekali",Gurami Bakar / Goreng ( 1 ekor ) - Tempe Penyet - Susu Soda - Cah Kangkung Hot Plate,23 November 2020,2025-07-12 01:35:08
"Ayam Bakar Primarasa, Manyar Kertoarjo",Y** H******,5 Juni 2016,5.0,segar es degan nya,Es Kelapa Muda,17 November 2020,2025-07-12 01:35:08
"Ayam Bakar Primarasa, Manyar Kertoarjo",P********* O***,25 September 2017,4.0,Pesmol nya not good,Gurami Asam Manis / Pesmol ( 1 ekor ) - Ayam Bakar / Goreng (paha / Dada),16 November 2020,2025-07-12 01:35:08
"Ayam Bakar Primarasa, Manyar Kertoarjo",D*** F*******,5 Maret 2019,5.0,mangtatap jaya abadi,Nasi Ayam 1/2 Ekor (bakar/ Goreng) + Lalapan - Nasi Ayam ( Bakar / Goreng ) + Lalapan,10 November 2020,2025-07-12 01:35:08
"Ayam Bakar Primarasa, Manyar Kertoarjo",L****,23 Maret 2016,4.0,"Klu kua panas, harusnya diberikan tepak",Kerapu Kuah Kuning ( 3 ons ) - Ayam Bakar / Goreng (paha / Dada),14 November 2020,2025-07-12 01:35:08
"Ayam Bakar Primarasa, Manyar Kertoarjo",S***** S*****,31 Juli 2015,4.0,untuk pesmol mungkin bs dibuat kuah encer & lbh berempah + manis dikit. lbh segar rasanya manis kecut,Gurami Asam Manis / Pesmol ( 1 ekor ) - Bandeng Bakar / Goreng,31 Oktober 2020,2025-07-12 01:35:08
"Ayam Bakar Primarasa, Manyar Kertoarjo",R**** A********,26 Mei 2017,5.0,Mantap rasanya.,Gurami Bakar / Goreng ( 1 ekor ) - Cumi Goreng Tepung - Ayam Bakar / Goreng (1 Ekor),29 Oktober 2020,2025-07-12 01:35:08
"Ayam Bakar Primarasa, Manyar Kertoarjo",J******,10 April 2017,3.0,sayur asemnya ada yg basi,Ayam Bakar / Goreng (1 Ekor) - Sayur Asem - Kremes Ayam Spesial,29 Oktober 2020,2025-07-12 01:35:08
"Ayam Bakar Primarasa, Manyar Kertoarjo",D*** F*******,5 Maret 2019,5.0,"uuuuenak,tp sambelnya kuraaaang",Ayam Bakar / Goreng (1 Ekor),29 September 2020,2025-07-12 01:35:08
"Ayam Bakar Primarasa, Manyar Kertoarjo",S******* S*********,28 Agustus 2015,4.0,Ayamnya keras banget,Ayam Bakar / Goreng (1 Ekor),21 September 2020,2025-07-12 01:35:08
"Ayam Bakar Primarasa, Manyar Kertoarjo",S** L***,12 Agustus 2019,5.0,chef-nya pinter mengolah masakan....mkasih....🙏🙏👍👍,Bakmie Ayam Goreng - Gurami Bakar / Goreng ( 1 ekor ),13 September 2020,2025-07-12 01:35:08
"Ayam Bakar Primarasa, Manyar Kertoarjo",D***,15 Juli 2015,5.0,siip pokok e uenak ayam nya,Nasi Ayam Bakar / Goreng,25 Agustus 2020,2025-07-12 01:35:08
"Ayam Bakar Primarasa, Manyar Kertoarjo",F****,1 September 2015,5.0,promonya kok dikit skrg ? 😜 ... rasa ga pernah failed. 👍 trm ksh,Nasi Ayam Spesial,14 Agustus 2020,2025-07-12 01:35:08
"Ayam Bakar Primarasa, Manyar Kertoarjo",N*** M*******,14 Oktober 2017,3.0,ayamnya kecil..harga segitu tdk ada pelengkap lainnya sperti tahu/tempe,Chocolate  Blended - Nasi Ayam (bakar / Goreng) + Lalapan - Juice Apel,2 Agustus 2020,2025-07-12 01:35:08
"Ayam Bakar Primarasa, Manyar Kertoarjo",T***** S***** W********,17 Juni 2017,5.0,Kemasan tetap dijaga sesuai protokol kesehatan terima kasih,Ayam Bakar / Goreng (1 Ekor) - Tempe Penyet,1 Agustus 2020,2025-07-12 01:35:08
"Ayam Bakar Primarasa, Manyar Kertoarjo",Y****,6 September 2015,1.0,BELI AYAM SATU EKOR TIDAK LENGKAP,Ayam Bakar / Goreng (1 Ekor),25 Juli 2020,2025-07-12 01:35:08
"Ayam Bakar Primarasa, Manyar Kertoarjo",N****,17 Agustus 2015,5.0,sayangnya udah minta bumbu banyakin ternyata tetep aj g banyak bumbunya,Pepes Bandeng Cabut Duri,12 Juli 2020,2025-07-12 01:35:08
"Ayam Bakar Primarasa, Manyar Kertoarjo",G****** T******,30 Agustus 2015,3.0,"ikan bumbu kuning kurang sedap, terlalu banyak kuah bumbunya tidak terasa & hambar...",eBadah - Kerapu Kuah Kuning (3 Ons) - Ayam Bakar / Goreng (1 Ekor) - Sambal Terasi,27 Mei 2020,2025-07-12 01:35:08
"Ayam Bakar Primarasa, Manyar Kertoarjo",L**,2 Februari 2017,4.0,mungkin bisa kurangi kecap manisnya,Bakmie Ayam Goreng,21 Mei 2020,2025-07-12 01:35:08
"Ayam Bakar Primarasa, Manyar Kertoarjo",N***,22 Maret 2016,5.0,porsi kecil tapi rasa enak dan kualitasnya mantap,Nasi Ayam Bakar / Goreng - Nasi Ayam (bakar / Goreng) + Lalapan - Teh Manis / Es Teh Manis - Es Sirup,15 Mei 2020,2025-07-12 01:35:08
"Ayam Bakar Primarasa, Manyar Kertoarjo",R**** A*********,6 Maret 2017,5.0,Wuenaaakk...pas di lidah,Gurami Bakar / Goreng ( 1 ekor ) - Ayam Bakar / Goreng (1 Ekor),28 April 2020,2025-07-12 01:35:08
"Ayam Bakar Primarasa, Manyar Kertoarjo",M** D***,6 Juni 2018,3.0,ayamnya tdk gurih kremes kurang asin,Gurami Bakar / Goreng ( 1 ekor ) - Sambal Terasi - Ayam Bakar / Goreng (1 Ekor) - Kremes Ayam Spesial,15 April 2020,2025-07-12 01:35:08
"Ayam Bakar Primarasa, Manyar Kertoarjo",S****,12 Agustus 2015,4.0,yang menu Tumis tauge ikan asin..  nggak terasa ikan asinnya...,Ayam Bakar / Goreng (1 Ekor) - Cah Ginseng - Es Kelapa Muda,8 Maret 2020,2025-07-12 01:35:08
"Ayam Bakar Primarasa, Manyar Kertoarjo",F******* M*****,25 Agustus 2016,3.0,"Saya beli gurami bakar, begitu saya terima, ternyata Primarasa lupa ngasi saya sambalnya😔.",Gurami Bakar / Goreng ( 1 ekor ),19 Januari 2020,2025-07-12 01:35:08
"Ayam Bakar Primarasa, Manyar Kertoarjo",T*** V****** T*******,22 November 2016,3.0,kok gada hati ayamnya..,Ayam Bakar / Goreng (1 Ekor),20 Desember 2019,2025-07-12 01:35:08
"Ayam Bakar Primarasa, Manyar Kertoarjo",D****,10 September 2016,5.0,ambyar di mulut,Ayam Bakar / Goreng (1 Ekor) - Sambal Mangga Muda ( Pencit ),13 Desember 2019,2025-07-12 01:35:08
"Ayam Bakar Primarasa, Manyar Kertoarjo",S*****,20 Juni 2017,5.0,tapi asem manisnya cenderung ke manis kurang asem,Nasi Gurami Asam Manis,14 Desember 2019,2025-07-12 01:35:08
"Ayam Bakar Primarasa, Manyar Kertoarjo",Y***,1 November 2015,5.0,Thanks enak sekali,Nasi Ayam Bakar / Goreng,13 Desember 2019,2025-07-12 01:35:08
"Ayam Bakar Primarasa, Manyar Kertoarjo",F*******,23 November 2017,4.0,"ga sesuai gambar, isinya cuma nasi, ayam, dan sambal. printil2an gaada",Nasi Ayam (Bakar / Goreng) + Lalapan,6 Desember 2019,2025-07-12 01:35:08
"Ayam Bakar Primarasa, Manyar Kertoarjo",A**,7 Januari 2019,5.0,maknyussss enak banget,Nasi Gurami Asam Manis - Nasi Bandeng Goreng/Bakar,5 Desember 2019,2025-07-12 01:35:08
"Ayam Bakar Primarasa, Manyar Kertoarjo",R***** D** L******,28 Juli 2017,5.0,sering2 ya promonya,Nasi Gurami Asam Manis,5 Desember 2019,2025-07-12 01:35:08
"Ayam Bakar Primarasa, Manyar Kertoarjo",Y***,28 Mei 2017,5.0,enak sih cuma gak ada Lombok ato sambelnya.. krn saya suka pedes.. tx Prima rasa...,Nasi Gurami Asam Manis,5 Desember 2019,2025-07-12 01:35:08
"Ayam Bakar Primarasa, Manyar Kertoarjo",S** H******,17 April 2018,5.0,sayang adik spesial nasi gurami asam manis,Nasi Gurami Asam Manis,5 Desember 2019,2025-07-12 01:35:08
"Ayam Bakar Primarasa, Manyar Kertoarjo",A**,19 Juli 2016,5.0,mantap......I LOVE U sm kasirnx,Gurami Bakar / Goreng ( 1 ekor ) - Ayam Bakar / Goreng (1 Ekor),1 Desember 2019,2025-07-12 01:35:08
"Ayam Bakar Primarasa, Manyar Kertoarjo",A**** R* S***,4 Oktober 2015,5.0,selalu enak untuk ayam bakarnya 👍🏻,Nasi Ayam Spesial,25 November 2019,2025-07-12 01:35:08
"Ayam Bakar Primarasa, Manyar Kertoarjo",R***,2 Oktober 2016,1.0,"saya beli paket ayam spc tapi tidak ada ayamnya, mohon lain kali dicek dulu",Nasi Ayam Spesial,24 November 2019,2025-07-12 01:35:08
"Ayam Bakar Primarasa, Manyar Kertoarjo",N*** D****,26 Februari 2018,1.0,"gk sesuai yg ditampilkan.katanya sop seafood ,isinya cm udang 4 biji sm jahe,sereh aja yg banyak.",Soup Seafood - Nasi Ayam 1/2 ekor (Bakar/ Goreng) + Lalapan,20 November 2019,2025-07-12 01:35:08
"Ayam Bakar Primarasa, Manyar Kertoarjo",E******* K,27 Oktober 2018,1.0,"Nasi Goreng merahnya, menurut saya kurang begitu enak",Nasi Goreng Merah / Putih,20 November 2019,2025-07-12 01:35:08
"Ayam Bakar Primarasa, Manyar Kertoarjo",B**** A**,6 Maret 2018,3.0,cold not too fresh,Gurami Bakar / Goreng ( 1 ekor ) - Ayam Bakar / Goreng (Paha / Dada),12 November 2019,2025-07-12 01:35:08
"Ayam Bakar Primarasa, Manyar Kertoarjo",S**,1 April 2017,4.0,nasinya kurang banyak ..,Nasi Ayam (Bakar / Goreng) + Lalapan,4 November 2019,2025-07-12 01:35:08
"Ayam Bakar Primarasa, Manyar Kertoarjo",Y*****,15 Februari 2017,5.0,always the best dunk prima rasa,Telur Gulung ( 2 Gulung ) - Ayam Bakar / Goreng (Paha / Dada) - Gurami Bakar / Goreng ( 1 ekor ),27 Oktober 2019,2025-07-12 01:35:08
"Ayam Bakar Primarasa, Manyar Kertoarjo",D*** P******,31 Juli 2017,5.0,Sambelnya banyakin lg ya 😊,Nasi Ayam (Bakar / Goreng) - Telur Mata Sapi / Ceplok / Dadar,24 Oktober 2019,2025-07-12 01:35:08
"Ayam Bakar Primarasa, Manyar Kertoarjo",M***,3 Agustus 2016,1.0,"SAYA PESEN NASI AYAM BAKAR KOK AYAM BAKARNYA GAADA YA, ISINYA CUMA NASI PUTIH AJA GIMANASIIIHHH",Nasi Ayam (Bakar / Goreng) + Lalapan,8 Oktober 2019,2025-07-12 01:35:08
"Ayam Bakar Primarasa, Manyar Kertoarjo",F***** S****** J*** 2*,4 Juni 2016,5.0,Mantabz Dech ..,Ayam Bakar / Goreng (1 Ekor),29 September 2019,2025-07-12 01:35:08
"Ayam Bakar Primarasa, Manyar Kertoarjo",S******* M***,15 Desember 2018,4.0,katanya plus lalapaan... ternyata cuma dua potong timun😂😂😂,Nasi Ayam (Bakar / Goreng) + Lalapan,15 September 2019,2025-07-12 01:35:08
"Ayam Bakar Primarasa, Manyar Kertoarjo",S****,2 Juli 2016,5.0,selalu menjadi andalanku saat tidak ada lauk,N/A,28 Juli 2019,2025-07-12 01:35:08
"Ayam Bakar Primarasa, Manyar Kertoarjo",D***,29 Januari 2016,4.0,"ayam bakarnya kurang empuk, msh keras.. kl gurame bakar sllu juara",N/A,12 Juli 2019,2025-07-12 01:35:08
"Ayam Bakar Primarasa, Manyar Kertoarjo",N****,14 Juni 2018,4.0,ayam gorengnya krg fresh tanpa rasa,N/A,24 Juni 2019,2025-07-12 01:35:08
"Ayam Bakar Primarasa, Manyar Kertoarjo",A**,16 Februari 2017,2.0,"nasinya kurang matang, msih setengah matang gt",N/A,6 Juni 2019,2025-07-12 01:35:08
"Ayam Bakar Primarasa, Manyar Kertoarjo",A******,13 September 2017,5.0,joss ayamnya sipp,N/A,30 Mei 2019,2025-07-12 01:35:08
"Ayam Bakar Primarasa, Manyar Kertoarjo",I**** P*******,19 Juli 2016,5.0,Ayam bakarnya bikin nambah nasi terus.,N/A,17 Mei 2019,2025-07-12 01:35:08
"Ayam Bakar Primarasa, Manyar Kertoarjo",R**,11 Agustus 2018,1.0,ikannha tambah kuecillll tdk spt biasanya,N/A,19 Mei 2019,2025-07-12 01:35:08
"Ayam Bakar Primarasa, Manyar Kertoarjo",L**,30 November 2015,5.0,lalapan kurang macamnya,N/A,16 Mei 2019,2025-07-12 01:35:08
"Ayam Bakar Primarasa, Manyar Kertoarjo",A***** K****,3 April 2017,5.0,ayamnya digedein dikit ya chef 😉,N/A,7 Mei 2019,2025-07-12 01:35:08
"Ayam Bakar Primarasa, Manyar Kertoarjo",L**,30 November 2015,5.0,"mantul, buat saran lalapannya kurang macemnya",N/A,11 April 2019,2025-07-12 01:35:08
"Ayam Bakar Primarasa, Manyar Kertoarjo",R**** S*** P*********,28 Juli 2015,2.0,"semuanya uenak, tp sayang fatal cuminya basi sampai saya diare",N/A,7 April 2019,2025-07-12 01:35:08
"Ayam Bakar Primarasa, Manyar Kertoarjo",H**,7 Desember 2017,4.0,"beberapa hari yang lalu saya pesan nasi ayam spesial, tp yg di order hanya ayam nya . barusan sy pesen menu yg sama tp ayam nya gada sampe2 driver nya harus kembali lagi. lainkali tolong di cek sebelum dan sesudah nya ya kesian drivernya. 🙏🏻",N/A,3 April 2019,2025-07-12 01:35:08
"Ayam Bakar Primarasa, Manyar Kertoarjo",F*******,10 Oktober 2015,2.0,"baru kali ini sih ngerasa kecewa, cuminya basi untung masih ada laik lainya kaya ayam bakar dan tempe bacem but please quality control",N/A,26 Maret 2019,2025-07-12 01:35:08
"Ayam Bakar Primarasa, Manyar Kertoarjo",M*****,27 Mei 2018,5.0,PRIMARASA JAGONYA AYAM BAKAR!! ❤️❤️,N/A,22 Maret 2019,2025-07-12 01:35:08
"Ayam Bakar Primarasa, Manyar Kertoarjo",H***,26 Februari 2017,5.0,luar biasa ciamik,N/A,9 Maret 2019,2025-07-12 01:35:08
"Ayam Bakar Primarasa, Manyar Kertoarjo",D***,22 Juni 2015,1.0,Kecewa bgt pesennya menu cumi spesial dikirimnya ayam bakar tanpa ada cuminya. Jelas2 strucknya muncul cumi spesial,N/A,8 Maret 2019,2025-07-12 01:35:08
"Ayam Bakar Primarasa, Manyar Kertoarjo",L**,30 November 2015,5.0,"siipp, enak
lalapan perlu ditambah macemnya (kemangi/tomat/slada)",N/A,7 Maret 2019,2025-07-12 01:35:08
"Ayam Bakar Primarasa, Manyar Kertoarjo",D****,21 Juli 2016,3.0,"pegawainya lupa memasukkan salah satu harga yg dipesan, sehingga konsumen membayar tunai..tlg spy lebih teliti",N/A,4 Maret 2019,2025-07-12 01:35:08
"Ayam Bakar Primarasa, Manyar Kertoarjo",N**,14 April 2017,5.0,trimakasih Chef Primarasa,N/A,1 Maret 2019,2025-07-12 01:35:08
"Ayam Bakar Primarasa, Manyar Kertoarjo",A***** K****,3 April 2017,4.0,nasinya kurang banyak dikit,N/A,28 Februari 2019,2025-07-12 01:35:08
"Ayam Bakar Primarasa, Manyar Kertoarjo",N**,14 April 2017,5.0,makasih Primarasa,N/A,28 Februari 2019,2025-07-12 01:35:08
"Ayam Bakar Primarasa, Manyar Kertoarjo",H****,7 September 2015,3.0,ayamnya terlalu kecil,N/A,19 Agustus 2018,2025-07-12 01:35:08
"Ayam Bakar Primarasa, Manyar Kertoarjo",C********** P****,4 Agustus 2015,5.0,pokoknya mantep,N/A,9 Agustus 2018,2025-07-12 01:35:08
"Ayam Bakar Primarasa, Manyar Kertoarjo",I**,14 Agustus 2015,1.0,ukuran ikan benar2 tdk sesuai hrg sangat kecil,N/A,29 Juli 2018,2025-07-12 01:35:08
"Ayam Bakar Primarasa, Manyar Kertoarjo",E****,16 April 2017,4.0,bumbunya kurang mantab,N/A,12 Juli 2018,2025-07-12 01:35:08
"Ayam Bakar Primarasa, Manyar Kertoarjo",H****,12 Agustus 2015,4.0,the juice is to small,N/A,18 Juli 2018,2025-07-12 01:35:08
"Ayam Bakar Primarasa, Manyar Kertoarjo",Y***,22 November 2015,3.0,kecap tumpah semua,N/A,12 Juli 2018,2025-07-12 01:35:08
"Ayam Bakar Primarasa, Manyar Kertoarjo",B****,23 Februari 2016,3.0,rasa cumi tdk enak..bau kayak sudah rusak,N/A,9 Juli 2018,2025-07-12 01:35:08
"Ayam Bakar Primarasa, Manyar Kertoarjo",D***** T****,20 Agustus 2015,3.0,"Makanannya dingin, sambalnya sedikit sekali.",N/A,28 Juni 2018,2025-07-12 01:35:08
"Ayam Bakar Primarasa, Manyar Kertoarjo",P****** K************,2 Mei 2016,4.0,ukuran terlalu kecil,N/A,17 Juni 2018,2025-07-12 01:35:08
"Ayam Bakar Primarasa, Manyar Kertoarjo",F***,23 Maret 2016,5.0,#2019GantiPresiden,N/A,4 Juni 2018,2025-07-12 01:35:08
"Ayam Bakar Primarasa, Manyar Kertoarjo",S******,23 Maret 2018,3.0,kurang enak makanan nya,N/A,29 Mei 2018,2025-07-12 01:35:08
"Ayam Bakar Primarasa, Manyar Kertoarjo",C*****,17 Mei 2015,4.0,"Very small portion, expensive",N/A,28 Mei 2018,2025-07-12 01:35:08
"Ayam Bakar Primarasa, Manyar Kertoarjo",K*** W*******,25 September 2016,4.0,ukuran ikannya sangat kecil tdk seperti dulu pdhl harga tdk murah,N/A,24 Mei 2018,2025-07-12 01:35:08
"Ayam Bakar Primarasa, Manyar Kertoarjo",B*****,8 Oktober 2016,5.0,"cuminya kurang asin sedikit sissss, over all sudah enak hihihi",N/A,14 Mei 2018,2025-07-12 01:35:08
"Ayam Bakar Primarasa, Manyar Kertoarjo",R*** A**********,7 April 2016,1.0,"paket promo kosong, tdk ada persiapan menyediakan paket ayam cumi hitamnya.",N/A,12 Mei 2018,2025-07-12 01:35:08
"Ayam Bakar Primarasa, Manyar Kertoarjo",F****,25 September 2015,3.0,sambalnya hambar dan tidak ada lalapan,N/A,10 Mei 2018,2025-07-12 01:35:08
"Depot Langgeng Jaya, Jojoran",Vincent,30 Juli 2015,1.0,"pesan 3 nasi kuning spesial, ketiganya tidak ada ayam goreng. Keterlaluan.",Nasi Kuning Special,6 Juni 2025,2025-07-12 01:35:18
"Depot Langgeng Jaya, Jojoran",D***,24 September 2018,4.0,"iseng buka, lihat banyak diskon akhirnya khilaf. ^^""
selain yang menu sayur semuanya oke.
untuk pecel dan gado2nya entah kenapa kurang suka, pecel nya isi sayurnya cuma kol, tauge sama timun tok kayaknya, tapi ada menu lain ayam, gorengan, sama oreg jadi masih oke.
gado2nya juga potongan saladnya kecil dan sedikit, lebih banyak kol dan taugenya, tapi porsinya bikin kenyang, bumbunya juga enak semua.",Nasi Kuning Ayam - Gado - Gado - Nasi Pecel Ayam,5 Maret 2025,2025-07-12 01:35:18
"Depot Langgeng Jaya, Jojoran",D***,24 September 2018,5.0,"masakan disini jarang miss,  terutama lele sama rendang, recommended banget.... jarang dapet masakan rendang seenak ini...",Nasi Campur - Nasi Lele Penyet - Nasi Kare,5 Februari 2025,2025-07-12 01:35:18
"Depot Langgeng Jaya, Jojoran",jes,14 Juli 2017,5.0,"Alhamdulillah order sesuai & bandeng nya masih hangat waktu smpai, porsi nya utk saya mengenyangkan ya 🙏",Nasi Bandeng Presto,16 Januari 2025,2025-07-12 01:35:18
"Depot Langgeng Jaya, Jojoran",prajogo,23 Juli 2015,3.0,pesan gado2 2 nggak ada krupuknya,Gado - Gado,6 Januari 2025,2025-07-12 01:35:18
"Depot Langgeng Jaya, Jojoran",A*****,2 Juni 2017,2.0,"kuah mie ayamnya tumpah, tampilan ga sesuai foto, asin banget:(",Mie Ayam + Bakso - Nasi Kuning Ayam,26 Oktober 2024,2025-07-12 01:35:18
"Depot Langgeng Jaya, Jojoran",akhsananta,22 Juni 2016,5.0,enak nasi kuningnyaa top,Nasi Kuning Ayam,28 September 2024,2025-07-12 01:35:18
"Depot Langgeng Jaya, Jojoran",J****,12 Maret 2016,3.0,"Peyeknya mesti mlempem,",Nasi Pecel Ayam - Gado - Gado,18 Maret 2024,2025-07-12 01:35:18
"Depot Langgeng Jaya, Jojoran",Davina,20 November 2015,1.0,"Notes harap dibaca, karena ada permintaan tidak pakai kentang, tidak pakai bawang goreng. Pesan gado gado tapi tidak dikasih kerupuk. Padahal order sebelumnya dapat kerupuk, sendok makan juga tidak diberikan.",Gado - Gado - Mie Ayam + Bakso,8 Maret 2024,2025-07-12 01:35:18
"Depot Langgeng Jaya, Jojoran",I*** I**** K*********,4 September 2015,5.0,"rasa enak,bersih,porsi pas,",Nasi Kuning Special - Gado - Gado,14 Desember 2023,2025-07-12 01:35:18
"Depot Langgeng Jaya, Jojoran",S***,10 Agustus 2015,1.0,G sama kyak di foto.g selengkap yg dfoto,Nasi Kuning Empal - Es Teh Tawar,11 Desember 2023,2025-07-12 01:35:18
"Depot Langgeng Jaya, Jojoran",Widya,11 Juni 2017,2.0,kalo rames biasanya daging kmrn dikasih rempelo ati,Nasi Rames,19 Oktober 2023,2025-07-12 01:35:18
"Depot Langgeng Jaya, Jojoran",Fithriyah,29 Januari 2018,3.0,"Biasanya pesanan saya enak dan komplit. Tapi hari ini saya pesan 3 nasi pecel, tapi yg datang 3 pecel saja, tidak ada nasinya. Mohon dikirimkan 3 nasinya, tks",Nasi Pecel Saja - Perkedel,30 Agustus 2023,2025-07-12 01:35:18
"Depot Langgeng Jaya, Jojoran",Wahyu,2 April 2016,3.0,"ini kemaren beli disini 2 porsi, masing masing rames&nasi kuning, ditata rapi, jadi ketika dimakan masih kerasa enak, fresh. tapi barusan beli rames 2 porsi, posisinya ga karuan. dimakan ga enak. kalo pengaruh di jalan pasti udah berserakan di dalam box. ini masih utuh, tapi ga ditata yg rapi.",Nasi Rames,13 Agustus 2023,2025-07-12 01:35:18
"Depot Langgeng Jaya, Jojoran",T***** G****,2 April 2021,3.0,enak tapi gak ada lalapan 😭,Nasi Kuning Ayam - Teh Tawar Hangat,13 Juli 2023,2025-07-12 01:35:18
"Depot Langgeng Jaya, Jojoran",ririn,20 November 2022,5.0,pelayanan cepat,Nasi Kuning Ayam - Nasi Kuning Empal,14 Juni 2023,2025-07-12 01:35:18
"Depot Langgeng Jaya, Jojoran",Renny indriawati,19 Oktober 2020,1.0,"order nasi kuning special, tapi tidak dikasih abon & sambal goreng kentang. jadi nasi kuning biasa, harga nasi kuning special.",Gado - Gado - Nasi Kuning Special,7 Juni 2023,2025-07-12 01:35:18
"Depot Langgeng Jaya, Jojoran",MITA,13 Mei 2017,4.0,"Note nya tlg diperhatikan lagi, minta teh panas dikasih yg es, mengecewakan",Nasi Kuning Special - Es Teh Tawar / Hangat,23 Mei 2023,2025-07-12 01:35:18
"Depot Langgeng Jaya, Jojoran",Budi Utomo,12 April 2020,5.0,"enak rasanya porsi pas, meski agak lama sampainya",Nasi Rames,10 Mei 2023,2025-07-12 01:35:18
"Depot Langgeng Jaya, Jojoran",luluk kiswa,14 November 2017,5.0,"mie ayamnya gk ada baksonya😭 tp rasa enak mungkin kelupaan atau habis tp lain kali confirm dulu
makasih",Nasi Kuning Ayam - Mie Ayam + Bakso - Gado - Gado,7 Mei 2023,2025-07-12 01:35:18
"Depot Langgeng Jaya, Jojoran",ming,19 Oktober 2015,2.0,perkedelnya agak basi. ayam nya rada bau,Nasi Kuning Ayam - Nasi Kuning Empal,29 Maret 2023,2025-07-12 01:35:18
"Depot Langgeng Jaya, Jojoran",J****,8 Desember 2017,1.0,Nasi pecel nya gak ada empal nya,Nasi Pecel Empal - Nasi Empal Penyet,21 Maret 2023,2025-07-12 01:35:18
"Depot Langgeng Jaya, Jojoran",N***,6 Agustus 2015,4.0,"Sudah pesan tidak pedas, dikirim pedaS",Lontong Cap Gomeh - Nasi Pecel Ayam - Nasi Urap Bandeng Presto,20 Maret 2023,2025-07-12 01:35:18
"Depot Langgeng Jaya, Jojoran",S****,25 Mei 2018,5.0,as always selalu enak dan mengenyangkan,Gado - Gado - Nasi Kuning Ayam,6 Maret 2023,2025-07-12 01:35:18
"Depot Langgeng Jaya, Jojoran",aliang,4 Desember 2017,5.0,rasa sesuai selera saya👍,Lontong Cap Gomeh,5 Februari 2023,2025-07-12 01:35:18
"Depot Langgeng Jaya, Jojoran",Anny Maryani,21 Desember 2016,5.0,Nasi campur sangat enak,Nasi Rames - Nasi Kuning Ayam,20 Desember 2022,2025-07-12 01:35:18
"Depot Langgeng Jaya, Jojoran",F****,8 Mei 2016,3.0,"rasa nasi kuningnya ok, sayangnya saya pesan nasi kuning spesial 3, tapi yang 1 porsi datang tanpa ayam goreng, agak kecewa aja makan dengan kesenjangan sosial sama 2 porsi lainnya, mohon bisa lebih teliti untuk kedepannya",Nasi Kuning Special,23 Desember 2022,2025-07-12 01:35:18
"Depot Langgeng Jaya, Jojoran",Budi Utomo,12 April 2020,5.0,"nasi kuningnya enak, pas tidak lembek dan dan tidak keras, rasa mantap dan aromanya menggigit",Nasi Kuning Ayam,11 Desember 2022,2025-07-12 01:35:18
"Depot Langgeng Jaya, Jojoran",Anugrah jaya,7 Januari 2022,5.0,enak porsi lumayan banyak dan masakan masih hangat,Nasi Kuning Ayam,1 Desember 2022,2025-07-12 01:35:18
"Depot Langgeng Jaya, Jojoran",A*****,7 Agustus 2016,1.0,"Pesan 3 nasi kuning ayam. Semuanya ayamnya masih mentah, gak bisa d makan. Padahal udah bbrapa kali beli. Tapi yg kali ini ngecewain bgt",Nasi Kuning Ayam,30 November 2022,2025-07-12 01:35:18
"Depot Langgeng Jaya, Jojoran",alib,7 Desember 2015,3.0,gado2nya gak enak kyk biasanya,Nasi Kuning Ayam - Gado - Gado - Bergedel / Dadar Jagung,25 November 2022,2025-07-12 01:35:18
"Depot Langgeng Jaya, Jojoran",I**** F*****,18 Agustus 2017,4.0,pesen gado2 tidak adaa krupuk 🥲,Gado - Gado - Nasi Kuning Ayam - Bergedel / Dadar Jagung,20 November 2022,2025-07-12 01:35:18
"Depot Langgeng Jaya, Jojoran",A*****,19 April 2017,5.0,"Nasi kuning ter the best.
Harganya terjangkau, apalagi kalo ada promonya.
Lauknya banyak & macamnya juga banyak, nasi kuningnya enak & aromanya menggugah selera.
Trimakasih banyak, Langgeng Jaya + Gojek + Pak Tjahjo (driver Gojek)🙏",Nasi Kuning Empal - Nasi Kuning Ayam,15 November 2022,2025-07-12 01:35:18
"Depot Langgeng Jaya, Jojoran",A*****,19 April 2017,5.0,"Nasi kuningnya istimewa. Aroma, rasa, banyaknya lauknya & porsi secara keseluruhan bener2 memuaskan.
Apalagi ada harga promo & diskon dari Gojek, tambah mantap jadinya.
Trimakasih, semua catatanku diperhatikan & dipenuhi.",Nasi Kuning Ayam - Nasi Campur,9 November 2022,2025-07-12 01:35:18
"Depot Langgeng Jaya, Jojoran",Hamima Nasyidah S.Gz,1 September 2022,5.0,"pesan dhuhur d makan magreb masih enak , mantap",Nasi Kuning Special - Nasi Kuning Ayam,7 November 2022,2025-07-12 01:35:18
"Depot Langgeng Jaya, Jojoran",susi maryanti,27 Maret 2019,4.0,enak makanan nya,Nasi Rames,24 Oktober 2022,2025-07-12 01:35:18
"Depot Langgeng Jaya, Jojoran",Tio Ekaputra,2 Mei 2021,5.0,Excellent and delicious!!,Nasi Kuning Ayam,17 Oktober 2022,2025-07-12 01:35:18
"Depot Langgeng Jaya, Jojoran",A**** P******,20 September 2017,3.0,"jus alpukatnya parah, pahit parah, sampe harus kumur2 dan makan permen buat ngilangin rasanya. jangan2 itu jus sisa kemarin. parah!",Jus Alpukat - Nasi Pecel Ayam,17 Oktober 2022,2025-07-12 01:35:18
"Depot Langgeng Jaya, Jojoran",J********,14 Juli 2017,5.0,"andalan kalau lapar sewaktu2 , mantab",Nasi Pecel Ayam,5 Oktober 2022,2025-07-12 01:35:18
"Depot Langgeng Jaya, Jojoran",I*** I**** K*********,4 September 2015,5.0,"enak, pas bumbu nya",Nasi Lele Penyet,22 September 2022,2025-07-12 01:35:18
"Depot Langgeng Jaya, Jojoran",A******,19 September 2015,5.0,udah langganan banget.. semua menu nya enak.. porsi nya konsisten..,Nasi Urap Bandeng Presto,15 September 2022,2025-07-12 01:35:18
"Depot Langgeng Jaya, Jojoran",much. nabillah akbar,20 Desember 2015,4.0,Enak makanannya,Nasi Rames - Nasi Pecel Ayam,14 September 2022,2025-07-12 01:35:18
"Depot Langgeng Jaya, Jojoran",Susan,14 Mei 2017,3.0,pesan daging empal yg dikirim bukan empal,Nasi Kuning Empal - Gado - Gado,4 September 2022,2025-07-12 01:35:18
"Depot Langgeng Jaya, Jojoran",Hendra Bid,10 September 2015,5.0,"Ikan Bandeng Presto n Nasi Rames nya enak pooolll...recomended dehhh...
Ketagihan...",Nasi Bandeng Presto - Nasi Rames,7 Agustus 2022,2025-07-12 01:35:18
"Depot Langgeng Jaya, Jojoran",Hendra Bid,10 September 2015,5.0,"Ikan Bandeng Presto n Nasi Rames nya enak pooolll...recomended dehhh...
Ketagihan...",Nasi Bandeng Presto - Nasi Rames,24 Agustus 2022,2025-07-12 01:35:18
"Depot Langgeng Jaya, Jojoran",Hendra Bid,10 September 2015,5.0,"Ikan Bandeng Presto n Nasi Rames nya enak pooolll...recomended dehhh...
Ketagihan..",Nasi Bandeng Presto - Nasi Rames,28 Agustus 2022,2025-07-12 01:35:18
"Depot Langgeng Jaya, Jojoran",anneke,19 April 2017,5.0,"Nasi kuning Langgeng Jaya memang ngga ada duanya. Naskunnya sedap, aromanya mengundang selera, lauknya melimpah & harganya terjangkau.
Selalu puas order naskun di Langgeng Jaya. Good job👍
Tolong tetap dipertahankan.",Nasi Kuning Empal - Nasi Kuning Polos,17 Agustus 2022,2025-07-12 01:35:18
"Depot Langgeng Jaya, Jojoran",Mary,12 September 2015,5.0,overall semua pesanan rasanya enak. Good!,Lontong Cap Gomeh - Nasi Kare - Nasi Urap Bandeng Presto,17 Agustus 2022,2025-07-12 01:35:18
"Depot Langgeng Jaya, Jojoran",nina,21 November 2016,1.0,"makanan enak, TAPI pesan 3 dikirimnya cuma 2. tolong baca pesanan , dicek ulang sebelum asal ngasih ke drivernya !!!
pesan nasi rames, lontong cap gomeh dan gado²
yg dikirim cuma lontong sama gado²nya aja.
nasi ramesnya kemana???????????",Lontong Cap Gomeh - Nasi Rames - Gado - Gado,12 Agustus 2022,2025-07-12 01:35:18
"Depot Langgeng Jaya, Jojoran",A*** S,18 Desember 2018,5.0,enakk. repeat order,Nasi Kuning Ayam,7 Agustus 2022,2025-07-12 01:35:18
"Depot Langgeng Jaya, Jojoran",L*** S******,27 Juli 2015,5.0,"Styrofoam di ganti foodgrade atau bungkus nasi/daun. Berasnya mangkak, sore sdh gak tahan. Kalau bungkus daun bisa lbh awet.",Nasi Pecel Ayam - Nasi Kuning Ayam,17 Juli 2022,2025-07-12 01:35:18
"Depot Langgeng Jaya, Jojoran",Dyah Savitri,14 Agustus 2015,1.0,"sudah kutulis ga pake gula, tetep dikasih gula. kecewa. terus pesanannya ga lengkap euyyyy. tolong dong yang telitiiii",Gado - Gado - Nasi Lele Penyet - Wedang Jahe - Es Blewah / Cao - Nasi Putih,10 Juli 2022,2025-07-12 01:35:18
"Depot Langgeng Jaya, Jojoran",niken,12 April 2018,5.0,cita rasa ayam gorengnya di perbaiki dh yg lainnya enk🙏❤️,Nasi Kuning Ayam,9 Juli 2022,2025-07-12 01:35:18
"Depot Langgeng Jaya, Jojoran",Dyah Savitri,14 Agustus 2015,5.0,"order jam 3.17 pagi, penyelamat biar bisa sahur ikut puasa arafah. syukurnya enak jugaa",Gado - Gado - Nasi Pecel Saja - Telur Dadar / Ceplok - Wedang Jahe,8 Juli 2022,2025-07-12 01:35:18
"Depot Langgeng Jaya, Jojoran",Khafid,14 Mei 2017,3.0,"lumayan sih, cmn menurutku sayur urap2nya kurang banyak",Nasi Urap Bandeng Presto - Es Jeruk Manis / Hangat - Telur Dadar / Ceplok,2 Juli 2022,2025-07-12 01:35:18
"Depot Langgeng Jaya, Jojoran",anneke,19 April 2017,5.0,"Selalu the best nasi kuningnya & pesan makanan di sini juga gpl.
Trimakasih Langgeng Jaya. Sukses selalu",Nasi Kuning Empal - Nasi Kuning Polos,22 Juni 2022,2025-07-12 01:35:18
"Depot Langgeng Jaya, Jojoran",jimmy,14 Mei 2017,1.0,"Ayam goreng nya bau kurang bersih
 Nasi nya asin
Pokok nya kecewa",Nasi Kuning Special,18 Juni 2022,2025-07-12 01:35:18
"Depot Langgeng Jaya, Jojoran",Tyo,21 Oktober 2015,4.0,"lebih teliti lagi utk kedepannya, pesan nasi kuning empal dikasih nasi kuning ayam. 😁",Nasi Rames - Gado - Gado - Lontong Cap Gomeh - Nasi Kuning Empal,11 Juni 2022,2025-07-12 01:35:18
"Depot Langgeng Jaya, Jojoran",tania,6 Januari 2016,4.0,ayamny kecil bgt dan asin,Nasi Kuning Ayam,8 Juni 2022,2025-07-12 01:35:18
"Depot Langgeng Jaya, Jojoran",Maharani Ayuputeri Wijaya,4 September 2016,5.0,"Lontong Cap Gomehnya selalu mantap, selalu reorder kalau lagi ngidam hehe",Lontong Cap Gomeh - Nasi Pecel Saja,8 Juni 2022,2025-07-12 01:35:18
"Depot Langgeng Jaya, Jojoran",tofanhar,26 Juni 2021,5.0,terima kasih banyak,Nasi Empal Penyet - Es Blewah / Cao,8 Juni 2022,2025-07-12 01:35:18
"Depot Langgeng Jaya, Jojoran",W*****,13 Agustus 2017,5.0,Bakal jadi langganan 👍,Nasi Kuning Special - Bergedel / Dadar Jagung,8 Juni 2022,2025-07-12 01:35:18
"Depot Langgeng Jaya, Jojoran",Wiewie,13 Agustus 2017,5.0,Enak banget!! Porsinya banyak. Worth it,Nasi Urap Bandeng Presto - Nasi Kuning Ayam,8 Juni 2022,2025-07-12 01:35:18
"Depot Langgeng Jaya, Jojoran",zain,23 Oktober 2017,2.0,"beda jauh sama yg digambar,,gak ada daging sama sayurnya....
dab es jeruk malah kayak sirsak...",Nasi Kuning Premium - Es Jeruk Nipis / Hangat,21 Mei 2022,2025-07-12 01:35:18
"Depot Langgeng Jaya, Jojoran",Nur Anggraeni,17 Juli 2015,5.0,kesukaan sejak lama restonya,Lontong Cap Gomeh,16 April 2022,2025-07-12 01:35:18
"Depot Langgeng Jaya, Jojoran",H****,4 Juni 2020,2.0,Sy pesan yg ada dadar jagungnya tp gak dikasih gimna si ??,Nasi Kuning Ayam - Es Teh Manis / Hangat,28 April 2022,2025-07-12 01:35:18
"Depot Langgeng Jaya, Jojoran",F****,4 Juli 2017,1.0,pesen perkedel dan dadar jagung tp gak ada di dalem blanjaan saya. padahal di nota nya sdh dtulis. dan juga sdh dibayar .,Bergedel / Dadar Jagung - Nasi Kuning Ayam - Es Teh Manis / Hangat,4 Mei 2022,2025-07-12 01:35:18
"Depot Langgeng Jaya, Jojoran",M****,20 April 2017,3.0,Sambal goreng kentang basi,Nasi Kuning Ayam - Nasi Kuning Special,5 Mei 2022,2025-07-12 01:35:18
"Depot Langgeng Jaya, Jojoran",wita,27 Agustus 2015,3.0,maap yaaaa kenapa masakannya jd asin semua,Nasi Kuning Ayam,3 Mei 2022,2025-07-12 01:35:18
"Depot Langgeng Jaya, Jojoran",Sylvani Thelma,24 Januari 2015,4.0,ayam nya agak anyep. selebihnya naskun dan lontong nya enak,Lontong Cap Gomeh - Nasi Pecel Ayam - Nasi Ayam Penyet - Nasi Kuning Ayam,3 Mei 2022,2025-07-12 01:35:18
"Depot Langgeng Jaya, Jojoran",Muhammad muhdi,13 November 2019,5.0,top masakannya.,Nasi Rames,18 Maret 2022,2025-07-12 01:35:18
"Depot Langgeng Jaya, Jojoran",soraya malik,10 April 2016,5.0,enak semua. apalagi buka sampe malem,Nasi Rames - Nasi Campur - Nasi Putih,2 Maret 2022,2025-07-12 01:35:18
"Depot Langgeng Jaya, Jojoran",M*****,27 November 2018,1.0,"Ada komponen makanan yang tidak dimasukkan ke dalam nasi kuning, seperti telur dadar potong dan perkedel yang seharusnya sudah sepaket. Di luar menu tambahan yang dipesan",Telur Dadar / Ceplok - Bergedel / Dadar Jagung - Gado - Gado - Nasi Kuning Ayam,2 Maret 2022,2025-07-12 01:35:18
"Depot Langgeng Jaya, Jojoran",Reza dewi maharani,9 Januari 2022,1.0,"pesannya apa datangnya apa, terus masak nasi pecel gak ada bumbu pecelnya..",Nasi Pecel Saja - Bergedel / Dadar Jagung - Nasi Putih,28 Februari 2022,2025-07-12 01:35:18
"Depot Langgeng Jaya, Jojoran",Sarah,25 Mei 2018,5.0,enak seperti biasa. lauknya banyak bgt dalam 1 porsi. mantap👍,Nasi Kuning Premium - Es Teh Tawar / Hangat - Nasi Campur,9 Februari 2022,2025-07-12 01:35:18
"Depot Langgeng Jaya, Jojoran",I***,13 November 2021,5.0,gado gadonya enak tapi nasi penyet ayamnya kurang kering,Gado - Gado - Nasi Ayam Penyet,21 Januari 2022,2025-07-12 01:35:18
"Depot Langgeng Jaya, Jojoran",L****,5 November 2015,5.0,"Nasi kuningnya asli, bukan pewarna",Nasi Kuning Ayam,3 Januari 2022,2025-07-12 01:35:18
"Depot Langgeng Jaya, Jojoran",A*****,19 April 2017,5.0,"Wow, bar-bar porsinya & tentu saja rasanya tetep enak...
Trimakasih banyak Depot Langgeng Jaya & Go Food, promonya luar biasa membuat perut kekenyangan tanpa harus merogoh kantong dalam2👍👍👍",Nasi Kuning Ayam - Nasi Kuning Empal - Nasi Pecel Saja,26 Desember 2021,2025-07-12 01:35:18
"Depot Langgeng Jaya, Jojoran",anneke,19 April 2017,5.0,Pecel & Nasi kuning emang juara,Nasi Kuning Ayam - Nasi Pecel Empal,30 Oktober 2021,2025-07-12 01:35:18
"Depot Langgeng Jaya, Jojoran",anneke,19 April 2017,5.0,"Langgeng Jaya emang top. Rasa & porsi ngga berubah, tetap enak...",Nasi Kuning Ayam - Nasi Pecel Empal,30 Oktober 2021,2025-07-12 01:35:18
"Depot Langgeng Jaya, Jojoran",P****,4 Maret 2021,1.0,sayuran nya kurang bersih masih ada ulat nya😥😥,Gado - Gado - Nasi Pecel Saja,15 Desember 2021,2025-07-12 01:35:18
"Depot Langgeng Jaya, Jojoran",V***,13 Oktober 2015,5.0,worth buying. keep up👍,Gado - Gado - Nasi Kuning Ayam - Nasi Pecel Saja,4 Desember 2021,2025-07-12 01:35:18
"Depot Langgeng Jaya, Jojoran",V***** L***,25 Januari 2019,2.0,"lontongnya asam, naskun ga ada abonnya",Nasi Kuning Empal - Lontong Cap Gomeh,2 Desember 2021,2025-07-12 01:35:18
"Depot Langgeng Jaya, Jojoran",F****,28 November 2016,5.0,beli banyak tapi ga ada sendoknya,Nasi Pecel Ayam - Gado - Gado - Nasi Kare,27 November 2021,2025-07-12 01:35:18
"Depot Langgeng Jaya, Jojoran",A***,14 April 2017,3.0,rasa kurang nendang,Es Teh Manis / Hangat - Nasi Pecel Empal - Tahu / Tempe Goreng,28 November 2021,2025-07-12 01:35:18
"Depot Langgeng Jaya, Jojoran",R*** N*******,22 November 2017,5.0,"Pesann nasi kuning special,,rasanya enak tp kurang abonnya..",Nasi Kuning Special,28 November 2021,2025-07-12 01:35:18
"Depot Langgeng Jaya, Jojoran",T*****,6 November 2015,3.0,Order terakhir kok tidak seperti biasanya. Sayang sekali padahal langganan krn memang enak nasi kuning nya,Nasi Kuning Ayam,18 November 2021,2025-07-12 01:35:18
"Depot Langgeng Jaya, Jojoran",K**** L*****,29 Mei 2021,5.0,"bumbunya enak, nendang banget",Nasi Kuning Special - Es Jeruk Manis / Hangat,20 November 2021,2025-07-12 01:35:18
"Depot Langgeng Jaya, Jojoran",T*****,6 November 2015,5.0,Mantap. Ga pelit krn ayamnya dikasih 2 potong. Mau diulang terus ordernya tp hari ini kok tutup ya order yg di cab dharmahusada ga enak blas nasi kuningnya,Nasi Kuning Ayam,15 November 2021,2025-07-12 01:35:18
"Depot Langgeng Jaya, Jojoran",A****,31 Agustus 2015,5.0,enak bgt naskun nya,Nasi Kuning Premium - Lontong Cap Gomeh - Es Teh Manis / Hangat,13 November 2021,2025-07-12 01:35:18
"Depot Langgeng Jaya, Jojoran",F****,28 Agustus 2019,3.0,"1 bungkus tidak ada bumbu pecelnya, mhn dicek kembali seblm diberikan kpd driver",Nasi Pecel Saja - Telur Dadar / Ceplok,17 September 2021,2025-07-12 01:35:18
"Depot Langgeng Jaya, Jojoran",B****,4 September 2019,1.0,gado2nya hanya wow di sayurnya yg banyak meriah. tpi saus nya encer mengecewakan. maish enakan gado2 aiola,Lontong Cap Gomeh - Gado - Gado,9 September 2021,2025-07-12 01:35:18
"Depot Langgeng Jaya, Jojoran",B****,30 Maret 2016,5.0,Nasi kuning ter enak dah,Nasi Kuning Special - Bergedel / Dadar Jagung,22 Agustus 2021,2025-07-12 01:35:18
"Depot Langgeng Jaya, Jojoran",I*** M****,28 April 2018,5.0,"Gofood terus mantap , enak sekali 👍👍👍",Nasi Campur,5 September 2021,2025-07-12 01:35:18
"Depot Langgeng Jaya, Jojoran",R**** C***** P*******,8 Maret 2016,3.0,"nasi kuningnya sudah gak seenak dulu..padahal sebelumnya selalu langganan di sini, secara offline, buat acara syukuran dll. tapi skrg rasanya udah beda jauh.",Nasi Kuning Special,26 Agustus 2021,2025-07-12 01:35:18
"Depot Langgeng Jaya, Jojoran",H*******,26 Oktober 2016,5.0,terbaik banget ini,Gado - Gado - Nasi Rames,15 Agustus 2021,2025-07-12 01:35:18
"Depot Langgeng Jaya, Jojoran",H*******,26 Oktober 2016,5.0,tidak ada lawan. gado2 terenak,Nasi Pecel Saja - Gado - Gado,12 Agustus 2021,2025-07-12 01:35:18
"Depot Langgeng Jaya, Jojoran",J****,8 Desember 2017,5.0,Pas menurut gue,Nasi Kare - Gado - Gado,18 Juni 2021,2025-07-12 01:35:18
"Depot Langgeng Jaya, Jojoran",H*******,26 Oktober 2016,5.0,gado2 terenak di surabaya,Gado - Gado,2 Agustus 2021,2025-07-12 01:35:18
"Depot Langgeng Jaya, Jojoran",A***** F********,28 Oktober 2015,2.0,ditulis ada telur dadar. dikirim kosongan. piye toh,Nasi Pecel Saja - Wedang Jahe,1 Agustus 2021,2025-07-12 01:35:18
"Depot Langgeng Jaya, Jojoran",H*******,26 Oktober 2016,5.0,the best in town,Gado - Gado,28 Juli 2021,2025-07-12 01:35:18
"Depot Langgeng Jaya, Jojoran",H*******,26 Oktober 2016,5.0,Gado gado terenak di Surabaya,Gado - Gado,30 Juli 2021,2025-07-12 01:35:18
"Depot Langgeng Jaya, Jojoran",H*******,26 Oktober 2016,5.0,Gado gado terenak di Surabaya,Gado - Gado,30 Juli 2021,2025-07-12 01:35:18
"Depot Langgeng Jaya, Jojoran",S****** K**** G*******,12 Desember 2019,4.0,rada kemahalan hehe.,Nasi Pecel Empal - Gado - Gado,1 Agustus 2021,2025-07-12 01:35:18
"Depot Langgeng Jaya, Jojoran",N**,3 Februari 2017,3.0,ayamnya kecil bgt,Nasi Kuning Ayam,17 Juli 2021,2025-07-12 01:35:18
"Depot Langgeng Jaya, Jojoran",S** N*******,8 Juni 2018,5.0,"Bumbu gado2 agak kemanisan,tp sayur byk tingkatkan,pertahankan",Gado - Gado - Mie Ayam + Bakso,15 Juli 2021,2025-07-12 01:35:18
"Depot Langgeng Jaya, Jojoran",R*******,28 Agustus 2015,2.0,tidak sesuai dengan foto. mahal !,Nasi Kuning Ayam - Nasi Kare,11 Juli 2021,2025-07-12 01:35:18
"Depot Langgeng Jaya, Jojoran",B*******,6 Juli 2021,5.0,TOLONG UNTUK PESANAN DI PERHATIKAN !!!,Nasi Kare - Jus Buah Naga - Bergedel / Dadar Jagung,10 Juli 2021,2025-07-12 01:35:18
"Depot Langgeng Jaya, Jojoran",P***** V*******,25 April 2017,2.0,"Menu jgn dirubah2,harga mahal abon gak dikasi. Nasi kuning jgn pakai sayur2an yg pedas",Nasi Kuning Empal - Nasi Kuning Ayam,27 Juni 2021,2025-07-12 01:35:18
"Depot Langgeng Jaya, Jojoran",L***** K***,11 Juni 2019,4.0,"tahu campur dagingnya atos semua g bisa dimakan,dan banyak lemak2,gajih2.",Lontong Cap Gomeh - Tahu Campur - Nasi Urap Bandeng Presto,17 Mei 2021,2025-07-12 01:35:18
"Depot Langgeng Jaya, Jojoran",Z****,16 Juli 2017,2.0,"harga tidak sebanding dg rasa hehe. bumbu gado2 terlalu encer seperti kuah bakso, porsi gado2 sedikit dg harga 20 ribu...",Gado - Gado - Nasi Pecel Ayam,17 Mei 2021,2025-07-12 01:35:18
"Depot Langgeng Jaya, Jojoran",A*****,8 April 2018,4.0,"Untuk Es tehnya 2x beli rasanya kurang suka,rasanya pahit seperti obat 🙏sayang bgt jadi gak keminum",Nasi Kuning Ayam - Es Teh Manis / Hangat,6 Mei 2021,2025-07-12 01:35:18
"Depot Langgeng Jaya, Jojoran",D******,13 Januari 2019,2.0,"hambar, ga dikasih kuah kah emang?",Mie Ayam + Bakso,9 April 2021,2025-07-12 01:35:18
"Depot Langgeng Jaya, Jojoran",A*****,13 Oktober 2016,1.0,sambal goreng kentang atinya bau,Nasi Kuning Ayam - Nasi Urap Bandeng Presto,19 Maret 2021,2025-07-12 01:35:18
"Depot Langgeng Jaya, Jojoran",A***,8 Mei 2016,3.0,untuk nasi pecel rempeyeknya tidak disertakan,Nasi Pecel Ayam - Nasi Rames,15 Maret 2021,2025-07-12 01:35:18
"Depot Langgeng Jaya, Jojoran",W****,3 September 2016,3.0,"pesan nasi pecel empal, tapi empalnya tidak ada",Nasi Pecel Empal - Mie Ayam + Bakso,13 Maret 2021,2025-07-12 01:35:18
"Depot Langgeng Jaya, Jojoran",M**********,17 November 2019,1.0,sy pesen 2 menu nasi rawin dan nasi kare....masa nasi kare ga ada dagingnya gimana sihhh,Nasi Kare - Nasi Rawon,22 Januari 2021,2025-07-12 01:35:18
"Depot Langgeng Jaya, Jojoran",E**** W,14 Juni 2019,1.0,"Utk yg bungkus melalui go food tdk di beri sendok... Harga jg agak mahal rasa , standard... kedepannya bs di perbaiki",Nasi Empal Penyet - Nasi Ayam Penyet,10 Januari 2021,2025-07-12 01:35:18
"Depot Langgeng Jaya, Jojoran",T***** D***,24 Juni 2017,5.0,enak bersih baru matang,Nasi Urap Bandeng Presto,9 Januari 2021,2025-07-12 01:35:18
"Depot Langgeng Jaya, Jojoran",F***** N****,12 November 2020,4.0,saya pesan telor dadar kok telor ceplok...,Nasi Pecel Saja - Telur Dadar / Ceplok,6 Januari 2021,2025-07-12 01:35:18
"Depot Langgeng Jaya, Jojoran",M****,7 November 2016,1.0,Ayam gorengnya nasi kuning bau dan rasanya gk enak kayak udah lama.,Nasi Bandeng Presto - Nasi Kuning Special - Wedang Jahe,6 Januari 2021,2025-07-12 01:35:18
"Depot Langgeng Jaya, Jojoran",F**** T*****,27 November 2017,3.0,tdk semua item sesuai gambaran,Nasi Rames - Nasi Kuning Ayam - Tahu Campur,25 Desember 2020,2025-07-12 01:35:18
"Depot Langgeng Jaya, Jojoran",D*** F*******,5 Maret 2019,5.0,mie ayamnya bikin nagih. uuuuuwenakk,Mie Ayam + Bakso - Nasi Empal Penyet,21 Desember 2020,2025-07-12 01:35:18
"Depot Langgeng Jaya, Jojoran",D*** F*******,5 Maret 2019,5.0,muuuuantap. mie ayam nya enak. promo pick up nya sungguh menggairahkan,N/A,20 Desember 2020,2025-07-12 01:35:18
"Depot Langgeng Jaya, Jojoran",A***** D** N*****,3 Desember 2020,5.0,"mantap, lumayan mengenyangkan untuk anak kos👍",Nasi Pecel Saja,5 Desember 2020,2025-07-12 01:35:18
"Depot Langgeng Jaya, Jojoran",Y*** W*****,19 Agustus 2016,4.0,pake kotak kertas mas.. jgn sterofoam,Gado - Gado - Nasi Campur,27 November 2020,2025-07-12 01:35:18
"Depot Langgeng Jaya, Jojoran",S*******,22 Oktober 2017,5.0,"porsi nasi sedikit.,😀😀😀",Nasi Kuning Ayam,21 November 2020,2025-07-12 01:35:18
"Depot Langgeng Jaya, Jojoran",I**** J*** M*****,12 Juli 2019,5.0,Mantap nasi kuning...,Nasi Kuning Special,15 November 2020,2025-07-12 01:35:18
"Depot Langgeng Jaya, Jojoran",B****** H****,13 Desember 2018,3.0,sudah enak... kurang sedap,Nasi Kare - Lontong Cap Gomeh,26 Oktober 2020,2025-07-12 01:35:18
"Depot Langgeng Jaya, Jojoran",A**,1 September 2015,3.0,"Biasanya empal goreng, ini kok krengsengan?saya sering beli, jdnya hafal , jd ga konsisten makanannya",Nasi Kuning Empal,25 Oktober 2020,2025-07-12 01:35:18
"Depot Langgeng Jaya, Jojoran",T********,28 Maret 2018,1.0,"ayamnya ayam dr kemaren, seperti ayam tiren",Nasi Kuning Ayam,22 Oktober 2020,2025-07-12 01:35:18
"Depot Langgeng Jaya, Jojoran",E**,22 Oktober 2018,1.0,tidak sesuai dengan yang di tuliskan di menu,Lontong Cap Gomeh,27 September 2020,2025-07-12 01:35:18
"Depot Langgeng Jaya, Jojoran",C*************,2 Desember 2018,3.0,peyeknya kog bau rasa minyak gas,Nasi Kuning Ayam - Nasi Pecel Ayam,29 Agustus 2020,2025-07-12 01:35:18
"Depot Langgeng Jaya, Jojoran",A********,6 Mei 2018,2.0,maaf nasiNya tumben kurang fresh dan sdikit ga nyaman di perut 😔😔,Nasi Kuning Ayam,23 Juni 2020,2025-07-12 01:35:18
"Depot Langgeng Jaya, Jojoran",E**** Y*******,9 Februari 2016,2.0,Apa yang didapatkan dari ekpektasi pesanan ga sesuai.. pesannya menu nasi kuning ayam tapi tidak ada ayamnya sama sekali malah dadar jagung.. dan kalau pesan by gofood tolonglah ditingkatkan kemasannya untuk tutup rapat pakai selotip di kantong plastiknya agar higienis apalagi musim pandemi gini.. thankyou,Nasi Kuning Ayam,21 Juni 2020,2025-07-12 01:35:18
"Depot Langgeng Jaya, Jojoran",Y******,8 Juli 2017,4.0,"Maaf,lp peyeknya",Nasi Pecel Ayam,20 Juni 2020,2025-07-12 01:35:18
"Depot Langgeng Jaya, Jojoran",D*** Z*****,8 Oktober 2017,2.0,tolong di cek lagi kematangannya lelenya masih ada darah🤮,Nasi Lele Penyet,28 April 2020,2025-07-12 01:35:18
"Depot Langgeng Jaya, Jojoran",S*****,10 Juli 2015,5.0,sipp dech...smoga bisa beri program yg lebih menarik lgi...,Paket Murah Meriah 1 - Paket Murah Meriah 4 - Paket Murah Meriah 2,26 Maret 2020,2025-07-12 01:35:18
"Depot Langgeng Jaya, Jojoran",O** J*** H***,5 Juli 2015,5.0,bakwannya tidak asin,Paket Murah Meriah 4,17 Maret 2020,2025-07-12 01:35:18
"Depot Langgeng Jaya, Jojoran",A********,6 Mei 2018,3.0,rada anyep yg paket nasi kuningnya 🙂,Paket Murah Meriah 1,12 Maret 2020,2025-07-12 01:35:18
"Depot Langgeng Jaya, Jojoran",K********,24 Maret 2015,3.0,"Mahal sekali. Lokasi Surabaya, harga Jakarta Menteng.",Nasi Kuning Special - Nasi Campur,9 Maret 2020,2025-07-12 01:35:18
"Depot Langgeng Jaya, Jojoran",O** J*** H***,5 Juli 2015,4.0,Nasinya ada yg terlalu lembek dan menggumpal kaya lontong,Wedang Jahe - Paket Murah Meriah 4,4 Maret 2020,2025-07-12 01:35:18
"Depot Langgeng Jaya, Jojoran",D****,27 Oktober 2016,1.0,tidak sesuai isi  gambar kurang lengkap🤭,Nasi Kuning Ayam,3 Maret 2020,2025-07-12 01:35:18
"Depot Langgeng Jaya, Jojoran",C******** C******,11 Februari 2016,4.0,"timun nya kayak agak udh lama, ga seger. sambel nya tlalu kecut, porsi ayam nya astagaaaaa cuilikkkk pollll",Paket Murah Meriah 3,1 Maret 2020,2025-07-12 01:35:18
"Depot Langgeng Jaya, Jojoran",R*** W P******,23 November 2016,3.0,5k cman 1 perkedel. kirain seporsi isi 3 kek 😂😂,Nasi Rames - Nasi Kuning Empal - Bergedel / Dadar Jagung,24 Februari 2020,2025-07-12 01:35:18
"Depot Langgeng Jaya, Jojoran",S******* S******,30 Juli 2016,3.0,"Pesen nasi rames, ga dapat sayur sama kering tempe",Nasi Rames,22 Februari 2020,2025-07-12 01:35:18
"Depot Langgeng Jaya, Jojoran",R****,13 Mei 2018,5.0,thx u n sukses selalu,Paket Murah Meriah 1,6 Februari 2020,2025-07-12 01:35:18
"Depot Langgeng Jaya, Jojoran",N*** A******* A*** A*******,6 September 2018,4.0,"bumbu nya terlalu encer, tapi enak",Nasi Pecel Telur Bali,27 Januari 2020,2025-07-12 01:35:18
"Depot Langgeng Jaya, Jojoran",A****,31 Desember 2017,1.0,Ayam kemarin di ksh org,Nasi Kuning Ayam,2 Januari 2020,2025-07-12 01:35:18
"Depot Langgeng Jaya, Jojoran",M***,7 Juli 2015,5.0,"gado2nya enak, pecelnya ga seberapa",Gado - Gado - Nasi Pecel Saja - Es Teh Tawar / Hangat,27 Desember 2019,2025-07-12 01:35:18
"Depot Langgeng Jaya, Jojoran",D****,8 Juli 2017,3.0,Makin lama empalnya makin kecil,Nasi Kuning Empal,24 Desember 2019,2025-07-12 01:35:18
"Depot Langgeng Jaya, Jojoran",A*** W********,10 Juli 2016,2.0,"Di deskripsi nasi kuning ayam khn ada tertulis diksh kering kentang dan abon, lha koq mau gk dksh kering kentangnya, sprt yg sy alami hr ini Rabu 25/12/2019 pesanan sy nasi kuning ayam tdk dksh abon sm skl...",Nasi Kuning Ayam - Nasi Bakwan Penyet,25 Desember 2019,2025-07-12 01:35:18
"Depot Langgeng Jaya, Jojoran",I*** S******,21 Januari 2019,3.0,"Promo tp lauk ndak komplit, ha...ha.... samaa aja ndak promo",Nasi Kuning Ayam,24 Desember 2019,2025-07-12 01:35:18
"Depot Langgeng Jaya, Jojoran",F**** D** R********,18 Oktober 2015,5.0,"Walaupun agak mahal, tapi enak",Mie Ayam + Bakso / Ceker,19 Desember 2019,2025-07-12 01:35:18
"Depot Langgeng Jaya, Jojoran",E** K*******,12 Maret 2017,3.0,tolong di perhatikan ikannya kurang kering masih ada darahnya.,Nasi Lele Penyet,18 Desember 2019,2025-07-12 01:35:18
"Depot Langgeng Jaya, Jojoran",V****,3 November 2018,5.0,porsi nasi coba ditambah,Nasi Pecel Telur Bali,17 Desember 2019,2025-07-12 01:35:18
"Depot Langgeng Jaya, Jojoran",T**** S********,25 Agustus 2017,5.0,suka nasi kuningnya,Nasi Kuning Special - Paket Murah Meriah 1,14 Desember 2019,2025-07-12 01:35:18
"Depot Langgeng Jaya, Jojoran",B*** T** H******,12 September 2019,1.0,"mohon nasinya tdi MLM becek,nsi kuningnya,mohon di perhatikan?",Nasi Kuning Special,13 Desember 2019,2025-07-12 01:35:18
"Depot Langgeng Jaya, Jojoran",A****** I******,23 Juli 2019,5.0,"pas pertama kali beli enak,  pas td dadar jagung nya rasanya enek kebanyakan telur kali ya",Nasi Pecel Telur Bali,14 Desember 2019,2025-07-12 01:35:18
"Depot Langgeng Jaya, Jojoran",M****,11 Februari 2018,5.0,Sippp n promo trs yah👍🏻👍🏻,Nasi Pecel Telur Bali,13 Desember 2019,2025-07-12 01:35:18
"Depot Langgeng Jaya, Jojoran",Y*** A********,7 Juni 2016,1.0,"Saya sering beli di Langgeng Jaya dan selalu puas. Tapi kali ini saya sangat kecewa. Akhir2 ini nasi kuningnya selalu promo, saya beli selalu request ayam dada dan selalu sesuai pesanan. Hari ini saya beli yang biasa saya beli dan request, malah pelayanannya tidak menyenangkan. Saya merasa dihina dengan kata2 pegawai Langgeng Jaya. Beliau mengatakan kalau menu promo tidak bisa memilih ayam dada/paha, seadanya apa ya itu. Saya merasa disepelekan. Kan promo juga bukan saya yang minta. Saya biasa beli menu itu, sekarang sedang promo y tetap saya beli, kalau tidak ikhlas lebih baik tidak usah promo, toh dari dulu sblm promo juga saya mampu beli. Belum lagi pesanan kali ini porsi lauk dikurangi jadi sangat sedikit dari biasanya. Biasanya saya beli walaupun promo porsinya kurang lebih masih sama dengan kalau tidak promo. Kalau seperti itu jangan diberi label promo tapi porsi MINI. Request saya ayam dada pun juga tidak diberi dada tapi paha atas. Padahal apa susahnya memilih dada, kan tidak harus memotong ayam lagi, masak lagi. Mungkin karena skrg sdh tambah ramai karena terbantu ojek online jadinya tidak menghargai pelanggan lagi. Tadinya saya mau cancel tapi kasihan driver, jadi ya sudahlah yg terakhir saja. Masih sangat banyak nasi kuning yang rasanya enak. Fi atas langit masih ada langit. Trima kasih",Nasi Kuning Special,13 Desember 2019,2025-07-12 01:35:18
"Depot Langgeng Jaya, Jojoran",B*** R***** A*****,17 Mei 2019,5.0,mantap porsi sesuai pesanan,Nasi Bandeng Presto - Nasi Lele Penyet,10 Desember 2019,2025-07-12 01:35:18
"Depot Langgeng Jaya, Jojoran",B*** R***** A*****,17 Mei 2019,5.0,Mantap Kopinya 😘😘😘,Kopi,9 Desember 2019,2025-07-12 01:35:18
"Depot Langgeng Jaya, Jojoran",B*** R***** A*****,17 Mei 2019,5.0,Mantap jaya.Trimakasih,Nasi Lele Penyet - Nasi Ayam Penyet - Nasi Kare,9 Desember 2019,2025-07-12 01:35:18
"Depot Langgeng Jaya, Jojoran",S*******,13 Desember 2015,4.0,"isi tidak lengkap, tidak sesuai deskripsi, saya tidak dpt abon, telur suwir, kering kentang",Nasi Kuning Special,8 Desember 2019,2025-07-12 01:35:18
"Depot Langgeng Jaya, Jojoran",N****,20 September 2019,4.0,sayang nga ada kering tempe nya,Nasi Kuning Special,8 Desember 2019,2025-07-12 01:35:18
"Depot Langgeng Jaya, Jojoran",A*** S******,13 Juli 2018,5.0,porsinya mirang banyak,Nasi Kuning Special,8 Desember 2019,2025-07-12 01:35:18
"Depot Langgeng Jaya, Jojoran",D*** A******* S*******,8 Februari 2017,2.0,tidak ada abon & kering tempe. beda dgn tulisan di menu aplikasi,Nasi Kuning Special,5 Desember 2019,2025-07-12 01:35:18
"Depot Langgeng Jaya, Jojoran",L*** C**,23 September 2018,1.0,"daging gosong, ayam agak banger",Nasi Kuning Special,1 Desember 2019,2025-07-12 01:35:18
"Depot Langgeng Jaya, Jojoran",D****,31 Juli 2015,3.0,"nasi kuning skrg porsi lbh sedikit, gak dikasih kering tempe dan serundeng",Nasi Kuning Special,1 Desember 2019,2025-07-12 01:35:18
"Depot Langgeng Jaya, Jojoran",S**** P**** A*****,13 November 2015,4.0,makan nya tiada tandingan tapi es teh nya gak ada rasa cuma manis doang 😣,Es Teh Manis / Hangat - Nasi Kare,1 Desember 2019,2025-07-12 01:35:18
"Depot Langgeng Jaya, Jojoran",H***** P******* S*****,13 Juni 2015,5.0,"rasa nasi kuningnya memang enak, lauknya sebagai pelengkap.",Nasi Kuning Special,29 November 2019,2025-07-12 01:35:18
"Depot Langgeng Jaya, Jojoran",A***,22 Agustus 2015,4.0,gk dapet abon dan kkripik kentang,Nasi Kuning Special,30 November 2019,2025-07-12 01:35:18
"Depot Langgeng Jaya, Jojoran",A*****,19 April 2017,5.0,Love full u/ nasi kuning & nasi pecelnya. Hanya nasi kuningnya kemarin keasinan dikit. Thanks to chefs of Langgeng Jaya,Nasi Kuning Special,28 November 2019,2025-07-12 01:35:18
"Depot Langgeng Jaya, Jojoran",Y***,23 September 2015,1.0,tidak sesuai dengan yg dicantumkan,Nasi Kuning Special,25 November 2019,2025-07-12 01:35:18
"Depot Langgeng Jaya, Jojoran",R***,3 Agustus 2018,5.0,porsinya dikit banget,Nasi Kuning Special,23 November 2019,2025-07-12 01:35:18
"Depot Langgeng Jaya, Jojoran",D**** F*********,30 Juni 2015,3.0,"lele nya belom matang kalau goreng, dan masih ada unsur darah dari lele nya. 
kedepan tolong diperbaiki, untuk nasi dan sambal oke.
meskipun promo harus di kedepankan customer oriented nya.",Nasi Lele Penyet,22 November 2019,2025-07-12 01:35:18
"Depot Langgeng Jaya, Jojoran",I***,9 Februari 2019,5.0,Makin Di Ingkat kn Aja & Di jaga Kualiatis  rasa nya,Nasi Kuning Special,21 November 2019,2025-07-12 01:35:18
"Depot Langgeng Jaya, Jojoran",T**********,6 September 2015,4.0,porsi nasinya ditambah dikit,Nasi Kuning Special,19 November 2019,2025-07-12 01:35:18
"Depot Langgeng Jaya, Jojoran",E**** A*****,21 Agustus 2015,4.0,porsinya dikit yaa hehehe,Nasi Kuning Special,17 November 2019,2025-07-12 01:35:18
"Depot Langgeng Jaya, Jojoran",F**** A*********,2 Mei 2018,5.0,Kalau bisa lain kali nasinya agak banyakin supaya sesuai dengan banyak lauknya,Nasi Kuning Special,16 November 2019,2025-07-12 01:35:18
"Depot Langgeng Jaya, Jojoran",F****,26 September 2015,5.0,maknyossss banget,Nasi Kare,17 November 2019,2025-07-12 01:35:18
"Depot Langgeng Jaya, Jojoran",A********,24 September 2018,2.0,tdk sesuai dgn foto,Nasi Kuning Special,14 November 2019,2025-07-12 01:35:18
"Depot Langgeng Jaya, Jojoran",S**** Z S,31 Juli 2016,1.0,"hrg promo , lauknya jg ikut promo  ( perkedel , kering tempe , dendeng , abon *TIDAK* Ada....
naskunnya hanya pot aym kecil , empal dan sambel goreng kentang 😥",Nasi Kuning Special,13 November 2019,2025-07-12 01:35:18
"Depot Langgeng Jaya, Jojoran",M***** E**********,17 Juli 2018,5.0,"wenaaaaaaaaak, semuanya masih anget lagi",Nasi Kuning Special,11 November 2019,2025-07-12 01:35:18
"Depot Langgeng Jaya, Jojoran",A****,2 April 2017,1.0,"saya order 5x dari semuanya isinya beda2 padahal pesanan yang sama,ada yang di beri perkedel ada yang tidak di beri,ada yang di beri kering tempe ada yang tidak dan bahkan ada yang tidak dapat perkedel dan kering kentang,untuk harga setelah promo dengan harga Rp 25800 (normal rp 43000) terlalu mahal dan ga worth it antara harga dengan isi dan kemasan kayak nasi kuning 10rban",Nasi Kuning Special,11 November 2019,2025-07-12 01:35:18
"Depot Langgeng Jaya, Jojoran",S*** M******,30 Desember 2016,5.0,"lauk nya lengkap dan rasanya mantap, terimakasih",Nasi Kuning Special,10 November 2019,2025-07-12 01:35:18
"Depot Langgeng Jaya, Jojoran",I**** D**,30 Juni 2017,3.0,"ayamnya terlalu alot, mungkin itu bekas kemarin lalu di panasin kembali🙏 tapi empalnya enak",Nasi Kuning Special - Air Mineral Botol,9 November 2019,2025-07-12 01:35:18
"Depot Langgeng Jaya, Jojoran",T**********,6 September 2015,5.0,nasinya kurang,Nasi Kuning Special,8 November 2019,2025-07-12 01:35:18
"Depot Langgeng Jaya, Jojoran",B*** R***** A*****,17 Mei 2019,5.0,enak banget Mantab,Paket Murah Meriah 5,3 November 2019,2025-07-12 01:35:18
"Depot Langgeng Jaya, Jojoran",O** J*** H***,5 Juli 2015,4.0,Sayur pecelnya kurang,Paket Murah Meriah 1,5 November 2019,2025-07-12 01:35:18
"Depot Langgeng Jaya, Jojoran",I**,11 April 2017,2.0,telor dadar tidak ada lain kali lebih teliti & strefoam ganti kerdus walaupun tambah 2000 tidak masalah,Paket Murah Meriah 1,5 November 2019,2025-07-12 01:35:18
"Depot Langgeng Jaya, Jojoran",O** J*** H***,5 Juli 2015,4.0,Bubuk kedelai dan bawang merah goreng kurang banyak,Lontong Cap Gomeh,4 November 2019,2025-07-12 01:35:18
"Depot Langgeng Jaya, Jojoran",M*** D***,12 September 2019,4.0,syg perkedelnya atos ga ky kemarin2..,Nasi Pecel Telur Bali,3 November 2019,2025-07-12 01:35:18
"Depot Langgeng Jaya, Jojoran",C******,13 September 2015,2.0,Biasanya banyak....ini kok sedikit amiiiittttt 😓,Gado - Gado,1 November 2019,2025-07-12 01:35:18
"Depot Langgeng Jaya, Jojoran",O***********,7 September 2015,2.0,Biasanya Bumbunya Kental.. kok Encer.. resek,Nasi Pecel Telur Bali,31 Oktober 2019,2025-07-12 01:35:18
"Depot Langgeng Jaya, Jojoran",W***********,20 Juli 2016,4.0,Sambelnya kurang mantap,Nasi Bakwan Penyet - Bergedel / Dadar Jagung,30 Oktober 2019,2025-07-12 01:35:18
"Depot Langgeng Jaya, Jojoran",B****,6 April 2017,3.0,pesan nasi pecel tapi gak dikasih rempeyek,Nasi Kuning Ayam - Nasi Pecel Telur Bali,30 Oktober 2019,2025-07-12 01:35:18
"Depot Langgeng Jaya, Jojoran",N**** A*********,12 Oktober 2015,5.0,enak bgt mo nangis,Nasi Kuning Ayam,29 Oktober 2019,2025-07-12 01:35:18
"Depot Langgeng Jaya, Jojoran",W**** H*******,16 Juli 2019,5.0,so very recommended,Nasi Kuning Ayam - Es Teh Manis / Hangat,29 Oktober 2019,2025-07-12 01:35:18
"Depot Langgeng Jaya, Jojoran",L**** N******,18 Agustus 2018,5.0,enakk bangetss slurr,Nasi Pecel Telur Bali - Nasi Kuning Ayam,27 Oktober 2019,2025-07-12 01:35:18
"Depot Langgeng Jaya, Jojoran",C*****,2 Agustus 2015,1.0,not the same with picture,Nasi Kuning Ayam,25 Oktober 2019,2025-07-12 01:35:18
"Depot Langgeng Jaya, Jojoran",L****,22 September 2018,1.0,pelayanannya dan bungkusnya kurang menyenangkan,Paket Murah Meriah 5,26 Oktober 2019,2025-07-12 01:35:18
"Depot Langgeng Jaya, Jojoran",A***,19 Januari 2019,1.0,rasanya kurang banget ayamnya hanya leher ayam saja kurang kualitasnya,Nasi Kuning Ayam - Air Mineral Botol,23 Oktober 2019,2025-07-12 01:35:18
"Depot Langgeng Jaya, Jojoran",C*****,2 Agustus 2015,1.0,"no egg, no abon, no kering kentang",Nasi Kuning Ayam,23 Oktober 2019,2025-07-12 01:35:18
"Depot Langgeng Jaya, Jojoran",A***,30 Januari 2018,5.0,Enak sih tp porsi nasi kurang hehehe 👍👍👍,Nasi Pecel Telur Bali,19 Oktober 2019,2025-07-12 01:35:18
"Depot Langgeng Jaya, Jojoran",T** E*****,16 Mei 2019,3.0,rasanya kadang gk enak,Nasi Pecel Telur Bali - Nasi Kuning Ayam,16 Oktober 2019,2025-07-12 01:35:18
"Depot Langgeng Jaya, Jojoran",Y*****,7 Juni 2017,3.0,nasi kuning nya lembek dan rasanya kurang.. alias hambar,Nasi Kuning Ayam - Bergedel / Dadar Jagung,14 Oktober 2019,2025-07-12 01:35:18
"Depot Langgeng Jaya, Jojoran",N**** L**** M*******,20 Mei 2018,4.0,entah kenapa yg menu diskon rasanya aneh semua. emang harga gak bohong kali ya,Nasi Kuning Ayam - Air Mineral Botol,15 Oktober 2019,2025-07-12 01:35:18
"Depot Langgeng Jaya, Jojoran",M***********,16 Agustus 2019,1.0,kurang fresh sambel gorengnya rada basi.rasa juga kurang enak kecewa,Nasi Kuning Ayam,10 Oktober 2019,2025-07-12 01:35:18
"Depot Langgeng Jaya, Jojoran",A***** N**********,1 Juli 2016,3.0,mahal dan rasanya b aja,Nasi Kuning Ayam - Bergedel / Dadar Jagung,8 Oktober 2019,2025-07-12 01:35:18
"Depot Langgeng Jaya, Jojoran",L*** S*****,20 Mei 2019,1.0,porsinya gk sm kl promo itu porsiny sm seperti biasanya..harga18rb makanan gk lengkap blng promo itu bkn promo pengurangan porsi makana,Nasi Kuning Ayam,6 Oktober 2019,2025-07-12 01:35:18
"Depot Langgeng Jaya, Jojoran",W**** C******,18 Februari 2019,4.0,"mungkin nsi kuningnya berkurang ..kering tempe , telur,n abonnya ndak ada..😭😭 apa gra2 hrga promo???? padalan lgi ngidam abonnya 😖",Nasi Kuning Ayam,5 Oktober 2019,2025-07-12 01:35:18
"Depot Langgeng Jaya, Jojoran",A*** N,14 Agustus 2016,4.0,"semoga bs sesuai gambar, ini tdk ada abon dan keringnya, sayurnya jg cm timun",Nasi Kuning Ayam - Bergedel / Dadar Jagung,1 Oktober 2019,2025-07-12 01:35:18
"Depot Langgeng Jaya, Jojoran",D***,2 Oktober 2015,4.0,no styrofoam please,Nasi Kuning Ayam,30 September 2019,2025-07-12 01:35:18
"Depot Langgeng Jaya, Jojoran",D*********,25 Juni 2018,4.0,"nasi pecel ga ada bumbu pecel nya,",Nasi Kuning Ayam - Nasi Pecel Telur Bali,28 September 2019,2025-07-12 01:35:18
"Depot Langgeng Jaya, Jojoran",I*****,3 Juni 2018,2.0,"Beli pecel kok gak ada sambel pecelnya sihh , kadang gak ada peyeknya . Mengecewakan akhirnya ku buang sia siaa 😑",Nasi Kuning Ayam - Nasi Pecel Telur Bali,27 September 2019,2025-07-12 01:35:18
"Depot Langgeng Jaya, Jojoran",M*****,5 Juni 2015,4.0,apa karena promo jadi abon n kering kentang ga d kasih?,Nasi Kuning Ayam,20 September 2019,2025-07-12 01:35:18
"Depot Langgeng Jaya, Jojoran",K*** K********,7 April 2019,4.0,sayur terlalu sedikit...lain2 oke,Nasi Pecel Telur Bali,18 September 2019,2025-07-12 01:35:18
"Depot Langgeng Jaya, Jojoran",Z****** M******,3 Maret 2017,3.0,"di piiihan menu tertulis bergeder jagung dan gambarx 1 porsi isi 4 biji, pas di pesan 1 porsi ternyata dadar jagungx hanya 1 biji. kemahalan",Nasi Bandeng Presto - Bergedel / Dadar Jagung,14 September 2019,2025-07-12 01:35:18
"Depot Langgeng Jaya, Jojoran",W**** A**,24 April 2018,5.0,gado2nya banyakin lg sayurnya. hehe,Paket Murah Meriah 2,20 Agustus 2019,2025-07-12 01:35:18
"Depot Langgeng Jaya, Jojoran",N**** F********,2 Mei 2018,5.0,sesuai selera makan hari ini,N/A,17 Agustus 2019,2025-07-12 01:35:18
"Depot Langgeng Jaya, Jojoran",A*****,10 Juni 2016,3.0,harga di aplikasi sama ps dibayarin beda jauh,N/A,18 Juni 2019,2025-07-12 01:35:18
"Depot Langgeng Jaya, Jojoran",A**** M******,2 Juli 2015,5.0,Belum pernah kecewa sama rasa nya.. asli bikin rasa rindu dan kangen masakan ibu dikampung terbayar lunas.. makasih ya chef,N/A,18 Juni 2019,2025-07-12 01:35:18
"Depot Langgeng Jaya, Jojoran",S**** K*****,10 Juli 2015,4.0,Empalnya asiiin,N/A,12 Juni 2019,2025-07-12 01:35:18
"Depot Langgeng Jaya, Jojoran",V*******,19 Oktober 2015,3.0,lele masih ada yg berwarna merah dagingnya,N/A,28 Mei 2019,2025-07-12 01:35:18
"Depot Langgeng Jaya, Jojoran",A****************,25 Oktober 2016,2.0,"nasi nya terlalu lembek ,, dan lele nya asin bngt jd berasa makan garam sama nasi",N/A,29 Mei 2019,2025-07-12 01:35:18
"Depot Langgeng Jaya, Jojoran",R****,28 Januari 2017,3.0,penjualnya lupa kasih kuah mie nya,N/A,23 Mei 2019,2025-07-12 01:35:18
"Depot Langgeng Jaya, Jojoran",F****,17 Desember 2017,2.0,"pangsit mie nya oke, tp bumbu kacang gado gado nya rasanya aneh... agak kecut",N/A,21 Mei 2019,2025-07-12 01:35:18
"Depot Langgeng Jaya, Jojoran",Z******* R**,5 Mei 2018,3.0,psen lain dikasi lain. psennya sma bakwan penyet. yg dtg paketnya nasi ayam kuah sma nasi ikan bandeng,N/A,20 Mei 2019,2025-07-12 01:35:18
"Depot Langgeng Jaya, Jojoran",B***** S**** A*********,19 Desember 2017,1.0,ngga sesuai sama yang dipesen padahal pesen ada pergedelnya tapi pas dianter ngga ada padahal udah bayar 6000,N/A,19 Mei 2019,2025-07-12 01:35:18
"Depot Langgeng Jaya, Jojoran",R********,27 Februari 2018,1.0,jumlah pesanannya tidak sesuai.,N/A,16 Mei 2019,2025-07-12 01:35:18
"Depot Langgeng Jaya, Jojoran",Y*******,26 Agustus 2016,2.0,hari ini pecelnya tidak di kasih peyek,N/A,10 Mei 2019,2025-07-12 01:35:18
"Depot Langgeng Jaya, Jojoran",J****,11 Juni 2017,5.0,"semoga utk rasa selalu tetap di pertahankan ,dan selalu menjaga kualitas. semakin banyak pelanggan",N/A,28 April 2019,2025-07-12 01:35:18
"Depot Langgeng Jaya, Jojoran",Y*******,26 Agustus 2016,2.0,"dengan harga segitu, kualitas nasi putih kurang bagus",N/A,22 April 2019,2025-07-12 01:35:18
"Depot Langgeng Jaya, Jojoran",V****,20 Januari 2017,3.0,"pecelnya uasiiiiiiiiin, sudah terlanjur tuang bumbu ke nasi. cegek dah 😕",N/A,11 April 2019,2025-07-12 01:35:18
"Depot Langgeng Jaya, Jojoran",C******,13 September 2015,1.0,Harga tidak sesuai,N/A,7 April 2019,2025-07-12 01:35:18
"Depot Langgeng Jaya, Jojoran",B****,2 September 2016,2.0,Harga promo tidak sesuai,N/A,30 Maret 2019,2025-07-12 01:35:18
"Depot Langgeng Jaya, Jojoran",I**,11 April 2017,2.0,telornya tidak diberi pada 2 gado-gadonya,N/A,23 Maret 2019,2025-07-12 01:35:18
"Depot Langgeng Jaya, Jojoran",L*** A****** S,11 September 2015,5.0,lain kali hati2 ya dalam pesanannya. .jangan keliru lagi. .untung belum sy makan. .,N/A,13 Maret 2019,2025-07-12 01:35:18
"Depot Langgeng Jaya, Jojoran",B******* A******,31 Juli 2017,4.0,alpukatnya agak pahit 😁,N/A,12 Maret 2019,2025-07-12 01:35:18
"Depot Langgeng Jaya, Jojoran",S******** S********,5 April 2018,4.0,pecelnya pedes banget.. mungkin lain kali saya bisa minta bumbunya yang ga pedas? hehehe,N/A,10 Maret 2019,2025-07-12 01:35:18
"Depot Langgeng Jaya, Jojoran",S******* T***,30 November 2018,2.0,"nasinya ngk mateng, prekedelnya masih mentah, kentangnya masih keras",N/A,8 Maret 2019,2025-07-12 01:35:18
"Depot Langgeng Jaya, Jojoran",E**********,13 Juli 2015,1.0,nasi kuning ayam gadikasi ayam? becanda ?,N/A,1 Maret 2019,2025-07-12 01:35:18
"Depot Langgeng Jaya, Jojoran",E********,4 Juni 2018,3.0,timun gado2 pait banget . mie ayam rasanya kurang mantab gak ada rasa,N/A,8 Februari 2019,2025-07-12 01:35:18
"Depot Langgeng Jaya, Jojoran",G*****,21 Oktober 2017,3.0,tahu tempe g asin n kurng mateng tempenya,N/A,6 Februari 2019,2025-07-12 01:35:18
"Depot Langgeng Jaya, Jojoran",F*****,1 Agustus 2018,3.0,too expensive for this taste .. not match .. sorry,N/A,18 September 2018,2025-07-12 01:35:18
"Depot Langgeng Jaya, Jojoran",Y**** K*********,1 Agustus 2017,2.0,pesan es teh manis dikasih es teh tawar...,N/A,27 Agustus 2018,2025-07-12 01:35:18
"Depot Langgeng Jaya, Jojoran",F**** S******,5 Oktober 2015,5.0,"harga terlalu mahal, rasa enak",N/A,16 Agustus 2018,2025-07-12 01:35:18
"Depot Langgeng Jaya, Jojoran",A**,7 Januari 2018,1.0,"Lelenya masih berdarah, blom mateng!",N/A,27 Juli 2018,2025-07-12 01:35:18
"Depot Langgeng Jaya, Jojoran",A*** B********,6 Januari 2016,4.0,saya pesan telur ceplok dikasih telor dadar,N/A,5 Juni 2018,2025-07-12 01:35:18
"Depot Langgeng Jaya, Jojoran",R**** (****,17 November 2015,2.0,"the taste is not good, maybe it's just me.....",N/A,3 Juni 2018,2025-07-12 01:35:18
"Depot Langgeng Jaya, Jojoran",M****,15 Juli 2017,3.0,beli pertama dulu banyak daging dikarenya. eh beli lagi sedikit banget ya.,N/A,23 Mei 2018,2025-07-12 01:35:18
"Depot Langgeng Jaya, Jojoran",H****,27 Agustus 2016,3.0,kemahalan harga nya ...,N/A,12 Mei 2018,2025-07-12 01:35:18
"Warung Gudeg Bu Toegijo, Pindahan Kertajaya",M**** G**** S****,4 April 2022,4.0,"semuanya manis, sambal dan krecek yg ku kira pedas jg manis jd kurang seimbang utk lidah jatimku alias ga suka kebanyakan makanan manis. utk penyuka gudeg yg semuanya manis pasti cocok krn sbnernya rasanya oke.",Gudeg Komplit Tanpa Nasi Ayam Suwir - Lontong Cap Gomeh - Tempe Bacem - Telor Bacem - Kerupuk Udang,6 Juli 2025,2025-07-12 01:35:35
"Warung Gudeg Bu Toegijo, Pindahan Kertajaya",ria,31 Juli 2015,4.0,cocok di lidah tapi kuahnya kurang banyak..hehe,Beli 2 Lontong Cap Gomeh Gratis 1 Lontong Cap Gomeh Telor - Nasi Gudeg Suwir Ayam,3 Juli 2025,2025-07-12 01:35:35
"Warung Gudeg Bu Toegijo, Pindahan Kertajaya",Zenda,16 September 2015,1.0,ini rawon DAGING apa rawon LEMAK? pesennya rawon daging datengnya malah lemak semua. gimana si?,Rawon / Porsi (tanpa Nasi),26 Juni 2025,2025-07-12 01:35:35
"Warung Gudeg Bu Toegijo, Pindahan Kertajaya",ria,31 Juli 2015,5.0,"yg pesanan ini porsinya kurang banyak seperti biasanya, tapi enak endul perkendul",Beli 2 Lontong Cap Gomeh Gratis 1 Lontong Cap Gomeh Telor,20 Juni 2025,2025-07-12 01:35:35
"Warung Gudeg Bu Toegijo, Pindahan Kertajaya",Mafda Khoirotul Fatha,23 November 2022,5.0,murah dan enek bangett,Nasi Gudeg Polos + Gratis Es Teh - Nasi Gudeg Ayam Potong + Gratis Telor Bumbu Rujak,14 Juni 2025,2025-07-12 01:35:35
"Warung Gudeg Bu Toegijo, Pindahan Kertajaya",tanjung lusya dewi,15 Agustus 2015,5.0,Makasie makanannya dtng tepat waktu,Nasi Gudeg Polos + Gratis Es Teh,15 Juni 2025,2025-07-12 01:35:35
"Warung Gudeg Bu Toegijo, Pindahan Kertajaya",ria,31 Juli 2015,5.0,"kemasan rapi tanda menghargai konsumen, masakan fresh tandanya tidak ada sajian yg beraroma lain, porsi sangat mengenyangkan dan memuaskan krn buanyak.sukses buat restonya",Beli 2 Lontong Cap Gomeh Gratis 1 Lontong Cap Gomeh Telor,15 Juni 2025,2025-07-12 01:35:35
"Warung Gudeg Bu Toegijo, Pindahan Kertajaya",ria,31 Juli 2015,5.0,porsi memuaskan walaupun promo,Beli 2 Lontong Cap Gomeh Gratis 1 Lontong Cap Gomeh Telor,14 Juni 2025,2025-07-12 01:35:35
"Warung Gudeg Bu Toegijo, Pindahan Kertajaya",Roymond Arvian,15 Agustus 2015,5.0,"GILAK ! MUANIS BANGETTT ! Ga cocok dengan selera orang Surabaya. Kalo Gudeg manis wajar, tapi ini manisnya over. Apalagi kuah Lontong Cap Gomeh-nya muanis pol ! Kuah yang seharusnya gurih jadi eneg, untung tertolong sambal.",Lontong Cap Gomeh - Nasi Gudeg Suwir Ayam - Kerupuk Udang,22 Mei 2025,2025-07-12 01:35:35
"Warung Gudeg Bu Toegijo, Pindahan Kertajaya",Y***** H********,31 Agustus 2021,5.0,mantap bumbunya lengkap,Nasi Gudeg Ayam Potong + Gratis Telor Bumbu Rujak,15 Mei 2025,2025-07-12 01:35:35
"Warung Gudeg Bu Toegijo, Pindahan Kertajaya",rizkie_ar,29 Juni 2015,3.0,Pesan Gudeg Ayam Suwir - Dikasi Ayam Potong...,Nasi Gudeg Suwir Ayam - Nasi Gudeg Telor - Ayam Opor Potong,12 Mei 2025,2025-07-12 01:35:35
"Warung Gudeg Bu Toegijo, Pindahan Kertajaya",andy,25 Mei 2016,5.0,uenakkk tenan...ceceknya enakkk,Nasi Gudeg Telor,10 Mei 2025,2025-07-12 01:35:35
"Warung Gudeg Bu Toegijo, Pindahan Kertajaya",Y***** H********,31 Agustus 2021,5.0,"mantap, telornya ada bumbunya lg, kemarin sempat beberapa kali beli, telornya keringan aja",Nasi Gudeg Ayam Potong + Gratis Telor Bumbu Rujak - Nasi Campur Suwir Ayam,9 Mei 2025,2025-07-12 01:35:35
"Warung Gudeg Bu Toegijo, Pindahan Kertajaya",martha,29 Mei 2017,4.0,Gudegnya Terlalu manis,Nasi Gudeg Ayam Potong + Gratis Telor Bumbu Rujak,8 Mei 2025,2025-07-12 01:35:35
"Warung Gudeg Bu Toegijo, Pindahan Kertajaya",ariyo,24 Juni 2017,5.0,mantap ayamnya empuk bumbu meresap porsi pas,Nasi Gudeg Ayam Potong,1 Mei 2025,2025-07-12 01:35:35
"Warung Gudeg Bu Toegijo, Pindahan Kertajaya",B* R****,10 April 2018,2.0,"Nasi belum matang kok disajikan, jadi tidak bisa dimakan.",Nasi Gudeg Ayam Kampung - Nasi Gudeg Ayam Potong + Gratis Telor Bumbu Rujak,10 April 2025,2025-07-12 01:35:35
"Warung Gudeg Bu Toegijo, Pindahan Kertajaya",A****,12 Maret 2017,2.0,"Pesan nasi campur Ayam Kampung , dikirimnya nasi campur Ayam Potong.",Nasi Campur Ayam Kampung - Kerupuk Putih,18 Maret 2025,2025-07-12 01:35:35
"Warung Gudeg Bu Toegijo, Pindahan Kertajaya",imelda,12 Februari 2022,3.0,Makan di tempat jual lbh pantas di gojek beda banget porsi sangat sedikit,Beli 2 Lontong Cap Gomeh Gratis 1 Lontong Cap Gomeh Telor - Nasi Gudeg Suwir Ayam + Gratis Es Teh,10 Februari 2025,2025-07-12 01:35:35
"Warung Gudeg Bu Toegijo, Pindahan Kertajaya",roosye,31 Oktober 2015,4.0,"manis bgt,porsi lmyn bny. cb kl ga terlalu manis",Nasi Gudeg Suwir Ayam - Gudeg Komplit Tanpa Nasi Ayam Suwir - Nasi Gudeg Suwir Ayam,6 Februari 2025,2025-07-12 01:35:35
"Warung Gudeg Bu Toegijo, Pindahan Kertajaya",CINTAFINDA,14 November 2015,4.0,alhamdulillaaahh..... porsi passs dan mengenyangkan👍👍👍👍👍,Nasi Gudeg Suwir Ayam,16 Januari 2025,2025-07-12 01:35:35
"Warung Gudeg Bu Toegijo, Pindahan Kertajaya",A***,17 Oktober 2021,2.0,"tewel nya kecut tidak seperti biasanya, kreceknya juga agak kecut juga tidak seperti biasanya agak lembek kreceknya. saya pesan 3 porsi seperti itu semuanya",Nasi Gudeg Ayam Potong,8 Desember 2024,2025-07-12 01:35:35
"Warung Gudeg Bu Toegijo, Pindahan Kertajaya",maria,4 Februari 2017,5.0,Mknnya enak 👍👍 porsi pas,Nasi Krengsengan Ampela Ati,7 Desember 2024,2025-07-12 01:35:35
"Warung Gudeg Bu Toegijo, Pindahan Kertajaya",Syifa aulia,30 Mei 2021,5.0,sumpah enak bgt cap gomehnya! 🫶🏻,Gudeg Komplit Tanpa Nasi Ayam Potong - Lontong Cap Gomeh - Tempe Bacem,2 Desember 2024,2025-07-12 01:35:35
"Warung Gudeg Bu Toegijo, Pindahan Kertajaya",Bu Singgih,1 Oktober 2017,2.0,sayur tewelnya kering sekali. tewel tua.,Telor Bacem - Gudeg (Tewel) - Krecek - Ayam Opor Potong,5 November 2024,2025-07-12 01:35:35
"Warung Gudeg Bu Toegijo, Pindahan Kertajaya",L**,4 Agustus 2015,5.0,"Rasanya oke, porsinya banyak dan ada diskonnya jadi menarik.",Nasi Gudeg Telor - Tempe Bacem,25 November 2024,2025-07-12 01:35:35
"Warung Gudeg Bu Toegijo, Pindahan Kertajaya",Hendro Ongko,25 April 2017,1.0,"saya pesan gudeg ayam potong tanpa nasi. malah ayamnya juga gak ada. entah dari pihak resto atau driver, yg pasti ayam potong saya tidak ada.",Gudeg Komplit Tanpa Nasi Ayam Potong,27 September 2024,2025-07-12 01:35:35
"Warung Gudeg Bu Toegijo, Pindahan Kertajaya",septita,6 November 2020,5.0,Enak bangetttttt!!!!!!!!,Nasi Gudeg Telor + Gratis Es Teh - Nasi Gudeg Ayam Potong + Gratis Es Teh,1 September 2024,2025-07-12 01:35:35
"Warung Gudeg Bu Toegijo, Pindahan Kertajaya",go mohindri purnomo,11 April 2016,5.0,"saya rasakan ada sedikit perubahan....dibanding 6 -8 bln lalu...porsi berkurang...
rasa juga ada perbedaan ..unt santan putih kental, sekarang agak kuning dan encer seperti kare....
tapi masih enak...dibanding yg lain...trima kasih",Gudeg Komplit Tanpa Nasi Ayam Potong - Krecek - Gudeg (Tewel),4 Agustus 2024,2025-07-12 01:35:35
"Warung Gudeg Bu Toegijo, Pindahan Kertajaya",I** Y***,31 Juli 2016,4.0,"terlalu manis,mungkin cairan harus di taruh plastik tertutup,jangan langsung taruh mika, bumbunya tumpah2.",Nasi Gudeg Ayam Potong - Nasi Gudeg Ampela Ati - Nasi Gudeg Telor,13 Juni 2024,2025-07-12 01:35:35
"Warung Gudeg Bu Toegijo, Pindahan Kertajaya",Nila Dewi,23 Agustus 2015,1.0,"Saya order dan bayar 4 menu makanan, tapi yg datang 2 menu makanan. Pihak driver sy tanya katanya dari resto dikasihnya itu. Sangat mengecewakan 😫",Nasi Gudeg Ayam Potong + Gratis Telor Bumbu Rujak - Nasi Gudeg Ampela Ati - Nasi Gudeg Suwir Ayam,1 Mei 2024,2025-07-12 01:35:35
"Warung Gudeg Bu Toegijo, Pindahan Kertajaya",Rury Widyaningrum,12 Juni 2018,2.0,isinya banyak daun jeruknya daripada dagingnya,Rawon / Porsi (tanpa Nasi),6 April 2024,2025-07-12 01:35:35
"Warung Gudeg Bu Toegijo, Pindahan Kertajaya",A***** L***,23 Agustus 2019,5.0,"Thank u mbak"" yg sudah nyiapin makanannya",Nasi Gudeg Telor,20 Maret 2024,2025-07-12 01:35:35
"Warung Gudeg Bu Toegijo, Pindahan Kertajaya",Nuniek,13 Mei 2018,5.0,terimakasih...gudeg dan lontong cap gomehnya enak,Gudeg Komplit Tanpa Nasi Ayam Suwir - Lontong Cap Gomeh,24 Maret 2024,2025-07-12 01:35:35
"Warung Gudeg Bu Toegijo, Pindahan Kertajaya",S******* P******,6 Oktober 2017,4.0,rasanya kok enak beli di depotnya dan dibungkus kertas nasi. sayurnya diplastikin jadi masih ada kuah2nya dikit gitu lho drpd dipacking bento jadi malah tambah kelihatan kering,Nasi Liwet - Kopyor,22 Februari 2024,2025-07-12 01:35:35
"Warung Gudeg Bu Toegijo, Pindahan Kertajaya",Rudi Darmawan,21 Desember 2018,2.0,"makanan ok, tapi es cao-nya tidak ada,padahal pesen es cao yg dtg nasi gudeg tahu bacem minus es cao",Nasi Gudeg Suwir Ayam + Gratis Es Teh - Tempe Bacem - Cincau,6 Januari 2024,2025-07-12 01:35:35
"Warung Gudeg Bu Toegijo, Pindahan Kertajaya",evie ariyono,15 April 2017,4.0,gudeg nya agak pahit 😭,Gudeg (Tewel) - Krecek - Telor Bacem,30 Desember 2023,2025-07-12 01:35:35
"Warung Gudeg Bu Toegijo, Pindahan Kertajaya",T**** L***,2 April 2016,3.0,"Enak tapi Terlalu manis, kuah gudegnya lebih baik dikasih plastik karena tumpah semua ke kreseknya 🙁 jadi belepotan",Nasi Gudeg Ayam Potong + Gratis Es Teh - Lontong Cap Gomeh - Kerupuk Putih - Beras Kencur,12 Desember 2023,2025-07-12 01:35:35
"Warung Gudeg Bu Toegijo, Pindahan Kertajaya",H*** S*******,15 Juni 2015,4.0,"Enak banget, langganan",Gudeg Komplit Tanpa Nasi Ayam Potong - Nasi Campur Daging,5 Desember 2023,2025-07-12 01:35:35
"Warung Gudeg Bu Toegijo, Pindahan Kertajaya",D****,21 Januari 2016,3.0,Pesannya apa datangnya apa,Nasi Gudeg Suwir Ayam,10 November 2023,2025-07-12 01:35:35
"Warung Gudeg Bu Toegijo, Pindahan Kertajaya",F**** N*******,19 Desember 2015,5.0,Pas banget untuk selera saya,Lontong Cap Gomeh,5 November 2023,2025-07-12 01:35:35
"Warung Gudeg Bu Toegijo, Pindahan Kertajaya",rosa,21 Januari 2017,5.0,GUDEG TERENAK DI SURABAYA & jadi langgananku dari jaman SD sampai skr,Nasi Gudeg Telor + Gratis Es Teh - Nasi Krengsengan - Telor Bacem,1 November 2023,2025-07-12 01:35:35
"Warung Gudeg Bu Toegijo, Pindahan Kertajaya",DONNY HENDRIASCARYO KUSUMA ARDI,7 November 2015,5.0,mantap pokok nya,Nasi Gudeg Suwir Ayam + Gratis Es Teh,8 September 2023,2025-07-12 01:35:35
"Warung Gudeg Bu Toegijo, Pindahan Kertajaya",L*** S******,1 Desember 2015,5.0,Sudah jd langganan kalo ke sby selalu makan di sini,Nasi Krengsengan Ampela Ati - Nasi Gudeg Suwir Ayam + Gratis Es Teh,25 September 2023,2025-07-12 01:35:35
"Warung Gudeg Bu Toegijo, Pindahan Kertajaya",D**** Y********,26 Agustus 2015,1.0,Udah di bilang gak pake kacang tolo ke resto n supir masih aja dikasih,Gudeg Komplit Tanpa Nasi Ayam Potong,20 September 2023,2025-07-12 01:35:35
"Warung Gudeg Bu Toegijo, Pindahan Kertajaya",indra kurniawan,3 Juli 2015,3.0,gudegnya asin,Nasi Gudeg Ayam Potong,7 September 2023,2025-07-12 01:35:35
"Warung Gudeg Bu Toegijo, Pindahan Kertajaya",go mohindri purnomo,11 April 2016,5.0,gudeg tidak harus ke solo/jogya....ini cukup mirip.....tidak kering...,Gudeg Komplit Tanpa Nasi Ayam Potong - Krecek - Gudeg (Tewel),30 Juli 2023,2025-07-12 01:35:35
"Warung Gudeg Bu Toegijo, Pindahan Kertajaya",Ratri Poernomosari,17 Maret 2016,2.0,"Tolong klw ada catatan dr pembeli diperhatikan,sdh ditulis tanpa sambal dan minta cabe rawit.Tp masih dikasi sambal&cabe rawit tdk ada sama sekali",Nasi Gudeg Polos,19 Juni 2023,2025-07-12 01:35:35
"Warung Gudeg Bu Toegijo, Pindahan Kertajaya",Edeline,20 Oktober 2020,4.0,"rawon ditulis tidak mau gajih, malah dikasih gajih + koyor semua",Lontong Cap Gomeh - Mangut Pe (Tanpa Nasi) - Rawon / Porsi (tanpa Nasi),17 Juni 2023,2025-07-12 01:35:35
"Warung Gudeg Bu Toegijo, Pindahan Kertajaya",Imas,5 September 2016,5.0,"Rasa enak, mantap. 🥰 Saran buat resto: pengemasannya kalau pakai kuah diplastikin biar gak tumpah2 kemana2 saat pengantaran. Terimakasih",Nasi Gudeg Telor + Gratis Es Teh,13 Juni 2023,2025-07-12 01:35:35
"Warung Gudeg Bu Toegijo, Pindahan Kertajaya",yanti wulandari,6 November 2015,2.0,aq pesen sinom . eh pas dtng sinomnya gak ada ....,Nasi Gudeg Suwir Ayam + Gratis Es Teh - Sinom,14 Juni 2023,2025-07-12 01:35:35
"Warung Gudeg Bu Toegijo, Pindahan Kertajaya",go mohindri purnomo,11 April 2016,5.0,"manis, asin dipadukan...jadi cocok dan enak....,",Gudeg Komplit Tanpa Nasi Ayam Kampung - Gudeg (Tewel) - Krecek,4 Juni 2023,2025-07-12 01:35:35
"Warung Gudeg Bu Toegijo, Pindahan Kertajaya",Nadia,15 Oktober 2018,3.0,"Rasanya nggak konsisten. Kadang enak bgtt  kadang kurang bgttt, seperti hr ini, sambal goreng kreceknya encerrr bgt sampai warnanya spt air, ngga ada merah2nya, kacang tolo nya juga keras bgt",Krecek - Nasi Gudeg Telor - Gudeg (Tewel),4 Juni 2023,2025-07-12 01:35:35
"Warung Gudeg Bu Toegijo, Pindahan Kertajaya",Michael Aditya Hendrawan,10 September 2015,5.0,Semua masakan di warung Bu Toegiyo enak-enak semua... Sangat disarankan kalau bingung mau makan apa... 😊👍🏻,Rawon / Porsi (tanpa Nasi),9 Mei 2023,2025-07-12 01:35:35
"Warung Gudeg Bu Toegijo, Pindahan Kertajaya",Michael Aditya Hendrawan,10 September 2015,5.0,Mantaps ini salah satu rawon favorite saya,Nasi Rawon - Tempe Bacem,9 Mei 2023,2025-07-12 01:35:35
"Warung Gudeg Bu Toegijo, Pindahan Kertajaya",Dayan Gurianto,27 Desember 2015,5.0,Gudegnya mantap,Gudeg Komplit Tanpa Nasi Ayam Suwir - Krecek,8 April 2023,2025-07-12 01:35:35
"Warung Gudeg Bu Toegijo, Pindahan Kertajaya",bu sugik,1 November 2018,5.0,mantaap rasanya,Nasi Gudeg Ayam Potong,11 Maret 2023,2025-07-12 01:35:35
"Warung Gudeg Bu Toegijo, Pindahan Kertajaya",R***,27 Juli 2015,2.0,tempe bacem nya seperti ngga fresh bau gosong,Tempe Bacem - Krecek - Nasi Gudeg Polos - Kerupuk Putih / Udang,3 April 2023,2025-07-12 01:35:35
"Warung Gudeg Bu Toegijo, Pindahan Kertajaya",N***,7 Juli 2018,2.0,"pesan tahu bacem, yang datang tempe bacem.",Telor Bacem - Tahu Bacem - Nasi Gudeg Suwir Ayam + Gratis Es Teh,23 Maret 2023,2025-07-12 01:35:35
"Warung Gudeg Bu Toegijo, Pindahan Kertajaya",Rury Widyaningrum,12 Juni 2018,1.0,pesen nasi gudeg kok ga ada gudegnya dan ga ada konfirmasi,Nasi Gudeg Ayam Potong + Gratis Es Teh,18 Maret 2023,2025-07-12 01:35:35
"Warung Gudeg Bu Toegijo, Pindahan Kertajaya",Jeffry Anggono,8 November 2016,5.0,Rasa nya enak pokok e mantap joss,Nasi Gudeg Daging - Nasi Gudeg Ayam Potong - Kerupuk Putih / Udang,6 Maret 2023,2025-07-12 01:35:35
"Warung Gudeg Bu Toegijo, Pindahan Kertajaya",C***,25 Januari 2016,4.0,"Nasinya keras ,, seperti nasi udah lama.. tidak fresh",Nasi Gudeg Ayam Kampung - Telor Bacem,23 Februari 2023,2025-07-12 01:35:35
"Warung Gudeg Bu Toegijo, Pindahan Kertajaya",yulinda,24 Januari 2018,3.0,"nasi putih nya banyak yg kerak. bukan kurang matang atau kurang air saat masak..tapi kering sampe kerak gitu. 1 centong nasi putih, banyaaaaak bgt yg kerak. jadi makan sambil dilepeh"" kerak nya.",Nasi Gudeg Suwir Ayam + Gratis Es Teh - Nasi Gudeg Telor + Gratis Es Teh - Tempe Bacem - Telor Bacem,8 Februari 2023,2025-07-12 01:35:35
"Warung Gudeg Bu Toegijo, Pindahan Kertajaya",ferdinandus layantara,19 Juli 2016,2.0,Deskripsi ada ayam+telor1/2. tapi begitu dibuka ngga ada ayamnya cuma ada telur 1/2.,Beli 2 Lontong Cap Gomeh Gratis 1 Lontong Cap Gomeh Telor - Cincau,5 Februari 2023,2025-07-12 01:35:35
"Warung Gudeg Bu Toegijo, Pindahan Kertajaya",Mawar Rani,26 November 2015,5.0,rasanya enak dan belum ada tandingannya tp porsinya kurang puas karena sedikit,Gudeg Komplit Tanpa Nasi Ayam Potong - Nasi Gudeg Telor,1 Februari 2023,2025-07-12 01:35:35
"Warung Gudeg Bu Toegijo, Pindahan Kertajaya",Ida Rochayati,26 Mei 2018,5.0,Mantap & Uenaak poll👍👍👍,Gudeg (Tewel) - Krecek - Mangut Pe (Tanpa Nasi) - Telor Bacem,23 Januari 2023,2025-07-12 01:35:35
"Warung Gudeg Bu Toegijo, Pindahan Kertajaya",fridha,3 Juli 2017,1.0,"rasa ada pahit"" nya, gk enak",Nasi Gudeg Daging - Lontong Cap Gomeh - Kerupuk Putih / Udang,19 Januari 2023,2025-07-12 01:35:35
"Warung Gudeg Bu Toegijo, Pindahan Kertajaya",R****,18 Juni 2015,4.0,"tumben manis banget, agak beda dari biasanya",Gudeg Komplit Tanpa Nasi Ayam Suwir - Beli 2 Lontong Cap Gomeh Gratis 1 Lontong Cap Gomeh Telor,18 Januari 2023,2025-07-12 01:35:35
"Warung Gudeg Bu Toegijo, Pindahan Kertajaya",A*** Y****,9 Juli 2018,5.0,sayang sama chef nya dech,Rawon / Porsi (tanpa Nasi),3 Januari 2023,2025-07-12 01:35:35
"Warung Gudeg Bu Toegijo, Pindahan Kertajaya",I****,23 Februari 2022,1.0,"klo pesan di gofood kecewa bgt saya sumpah, Uda harga mahal porsinya dikit bgt. pesan tanpa nasi pake telor2 dikasih telor 1, kemarin krecek g ada, kemarinnya ytahu, skrg kuah kuning g ada. hadeeh",Nasi Gudeg Telor,16 Desember 2022,2025-07-12 01:35:35
"Warung Gudeg Bu Toegijo, Pindahan Kertajaya",Deddy C.G.,15 Mei 2016,3.0,ikan bau pesing. warna agak gelap. kurang fresh.,Nasi Mangut Pe - Telor Bacem,13 Desember 2022,2025-07-12 01:35:35
"Warung Gudeg Bu Toegijo, Pindahan Kertajaya",Cita,25 Januari 2016,2.0,Tidak ada soun dan telur seperti yang tertulis di description.  Dan saya sudah tulis minta tanpa sambal tapi tetap diberi sambal.  Bumbu / kuah opor tumpah-tumpah sampai habis.,Nasi Campur Ayam Potong,12 Desember 2022,2025-07-12 01:35:35
"Warung Gudeg Bu Toegijo, Pindahan Kertajaya",iqbal ramdhony,4 Januari 2021,5.0,uenak.. langganan 👍🏻,Nasi Gudeg Ayam Potong - Nasi Gudeg Telor,3 Desember 2022,2025-07-12 01:35:35
"Warung Gudeg Bu Toegijo, Pindahan Kertajaya",Dwi Widya,5 Januari 2022,5.0,obat kangen...enak,Nasi Gudeg Telor,29 November 2022,2025-07-12 01:35:35
"Warung Gudeg Bu Toegijo, Pindahan Kertajaya",H****,10 Januari 2020,5.0,"(+): gudegnya manis, krecek manis dan lembut banget, sambalnya pedas manis. enak banget
(-): nasi sedikit kurang pulen, sebenernya telornya enak tapi sedikit amis, bumbu tahunya kurang pas di lidah saya.
overall udah enak banget sih. bakal repeat order apalagi kalo kangen masakan yang manis-manis karena jarang banget di surabaya hehe.",Nasi Gudeg Telor,22 November 2022,2025-07-12 01:35:35
"Warung Gudeg Bu Toegijo, Pindahan Kertajaya",james,14 Juli 2016,1.0,Pesan gudeg harga 36 ribu dikirim nasi campur ga jelas harga 20 ribuan. Yang bener aja lu jualan,Nasi Campur Ayam Kampung,14 November 2022,2025-07-12 01:35:35
"Warung Gudeg Bu Toegijo, Pindahan Kertajaya",Awor Yudho,9 Juli 2018,5.0,chef nya mantab euy..,Gudeg Komplit Tanpa Nasi Ayam Kampung - Krecek,12 November 2022,2025-07-12 01:35:35
"Warung Gudeg Bu Toegijo, Pindahan Kertajaya",rosa,21 Januari 2017,3.0,rawonnya banyak gajih/lemaknya drpd dagingnya,Rawon / Porsi (tanpa Nasi) - Telor Bacem - Tahu Bacem,6 November 2022,2025-07-12 01:35:35
"Warung Gudeg Bu Toegijo, Pindahan Kertajaya",D**** S**** H******,30 Mei 2016,5.0,mantap endul banget rasanya,Nasi Gudeg Ayam Potong,1 November 2022,2025-07-12 01:35:35
"Warung Gudeg Bu Toegijo, Pindahan Kertajaya",Wahono Arya,24 April 2022,5.0,"rasanya enak, puslas menikmatinya..makasih",Nasi Gudeg Telor,20 Oktober 2022,2025-07-12 01:35:35
"Warung Gudeg Bu Toegijo, Pindahan Kertajaya",angga,1 Maret 2018,1.0,"biasanya Daging yg tebel, ini cuma empal tipis. dan rasanya sudah berubah. kualitas menurun",Nasi Rawon Empal,17 Oktober 2022,2025-07-12 01:35:35
"Warung Gudeg Bu Toegijo, Pindahan Kertajaya",A*** Y****,9 Juli 2018,5.0,makasih pak chefff juna,Gudeg Komplit Tanpa Nasi Ayam Potong - Gudeg Komplit Tanpa Nasi Ayam Suwir - Krecek,16 Oktober 2022,2025-07-12 01:35:35
"Warung Gudeg Bu Toegijo, Pindahan Kertajaya",caecilia,9 Januari 2017,5.0,enak banget. kalau yg pertama ke sby wajib coba.,Lontong Cap Gomeh - Nasi Gudeg Ayam Potong,11 Oktober 2022,2025-07-12 01:35:35
"Warung Gudeg Bu Toegijo, Pindahan Kertajaya",A*** Y****,9 Juli 2018,5.0,kamsya  pak chef,Lontong Cap Gomeh,3 Oktober 2022,2025-07-12 01:35:35
"Warung Gudeg Bu Toegijo, Pindahan Kertajaya",Rama Martin,15 Juni 2017,5.0,"Mantaaapp bgt, harga sesuai bgt sm rasa",Nasi Liwet - Es Teh,26 September 2022,2025-07-12 01:35:35
"Warung Gudeg Bu Toegijo, Pindahan Kertajaya",Budi Prawita,13 Maret 2017,1.0,Sy minta paha bawah dikasih krongkongan kecewa berat,Nasi Gudeg Ayam Potong,16 September 2022,2025-07-12 01:35:35
"Warung Gudeg Bu Toegijo, Pindahan Kertajaya",much. nabillah akbar,20 Desember 2015,5.0,muaaanteppphhh....,Nasi Gudeg Suwir Ayam,15 September 2022,2025-07-12 01:35:35
"Warung Gudeg Bu Toegijo, Pindahan Kertajaya",rizqi nurul inayah,18 Mei 2019,5.0,"AAAA ENAK tp walwpun ga seenak gudeg jogja, ini termasuk udh enak dg harga segitu❤️❤️❤️❤️",Nasi Gudeg Telor,19 Agustus 2022,2025-07-12 01:35:35
"Warung Gudeg Bu Toegijo, Pindahan Kertajaya",E***** A***,21 Agustus 2015,4.0,Telurnya lupa gk di kasih 🥹,Nasi Campur Suwir Ayam,13 Agustus 2022,2025-07-12 01:35:35
"Warung Gudeg Bu Toegijo, Pindahan Kertajaya",T********,20 Mei 2016,4.0,"Rasa nya lumayan enak, tapi kacang kedelai di krecek masih keras",Nasi Gudeg Ayam Potong - Telor Bacem - Air Mineral,8 Agustus 2022,2025-07-12 01:35:35
"Warung Gudeg Bu Toegijo, Pindahan Kertajaya",niken,21 November 2018,1.0,"tidak sesuai gambar,mulai dr lauk,sambal,dan serundeng kelapa nya.smoga ke depannya smakin amanah aamiin yra",Gudeg Komplit Tanpa Nasi Ayam Kampung,27 Juli 2022,2025-07-12 01:35:35
"Warung Gudeg Bu Toegijo, Pindahan Kertajaya",ramadhanynst,31 Mei 2016,4.0,Terlalu manis...,Nasi Gudeg Telor - Nasi Gudeg Ayam Potong,12 Juli 2022,2025-07-12 01:35:35
"Warung Gudeg Bu Toegijo, Pindahan Kertajaya",natalia,26 September 2018,5.0,endul..banget..semoga.rasanya tetap.Rexona...setia.setiap.saat.,Nasi Gudeg Suwir Ayam,5 Juli 2022,2025-07-12 01:35:35
"Warung Gudeg Bu Toegijo, Pindahan Kertajaya",N***,11 November 2017,3.0,males yg jual..ga pernah baca note..sudah blg tanpa sambal selaluuu tetep dikasii,Nasi Gudeg Telor - Nasi Krengsengan,1 Juli 2022,2025-07-12 01:35:35
"Warung Gudeg Bu Toegijo, Pindahan Kertajaya",sri partiwijani,30 September 2015,5.0,"👍👍
bisa diulang nih....",Nasi Rawon Paru,22 Juni 2022,2025-07-12 01:35:35
"Warung Gudeg Bu Toegijo, Pindahan Kertajaya",Amik,22 Desember 2015,5.0,"UMEEEEEEEEEEEE :') AMPE MO NANGISSSS, OBAT KANGEN JOGYA HUAAA terimakasih Gudeg Bu Toegijo... buka cabang di Wiyung please",Nasi Gudeg Telor,16 Juni 2022,2025-07-12 01:35:35
"Warung Gudeg Bu Toegijo, Pindahan Kertajaya",R****,9 November 2015,5.0,selalu repeat order krn mmg se enak ituuuu,Nasi Gudeg Suwir Ayam,10 Juni 2022,2025-07-12 01:35:35
"Warung Gudeg Bu Toegijo, Pindahan Kertajaya",A**** M******,17 Desember 2021,3.0,Pesan nasi gudeng daging yg datang nasi campur,Nasi Campur Ampela Ati - Nasi Campur Telor - Nasi Campur Ayam Potong - Nasi Gudeg Daging,9 Juni 2022,2025-07-12 01:35:35
"Warung Gudeg Bu Toegijo, Pindahan Kertajaya",A*** Y****,9 Juli 2018,5.0,terima kasih buanyak nyak nyak,Rawon / Porsi (tanpa Nasi) - Krecek,5 Juni 2022,2025-07-12 01:35:35
"Warung Gudeg Bu Toegijo, Pindahan Kertajaya",nita,11 November 2017,1.0,"biasanya saya pesennya cm gudeg..
hari ini coba pesen kresengan tp kapok ga bakal mau lg jorok banget didagingnya banyak rambut..ada yg dikuahnya ada yg sampe kelilit didagingnya..",Nasi Gudeg Telor - Nasi Krengsengan,23 Mei 2022,2025-07-12 01:35:35
"Warung Gudeg Bu Toegijo, Pindahan Kertajaya",Windy Herlin,11 Oktober 2015,5.0,enak bangettttt gudegnya,Nasi Gudeg Ayam Potong,21 Mei 2022,2025-07-12 01:35:35
"Warung Gudeg Bu Toegijo, Pindahan Kertajaya",Awor Yudho,9 Juli 2018,5.0,Sayank Dweh sama Chef nya,Krecek - Rawon / Porsi (tanpa Nasi),19 Mei 2022,2025-07-12 01:35:35
"Warung Gudeg Bu Toegijo, Pindahan Kertajaya",yuniah rubianti,14 Agustus 2017,2.0,"gak enak,masakannya manis bnget",Brongkos Daging Frozen - Gudeg Koyor Frozen - Gudeg (Tewel) - Krecek - Lontong Cap Gomeh,25 April 2022,2025-07-12 01:35:35
"Warung Gudeg Bu Toegijo, Pindahan Kertajaya",reza pahlevy,10 Juni 2015,5.0,Gudeg khas jawa timur paling enak sak surabaya,Lontong Cap Gomeh - Gudeg Komplit Tanpa Nasi Ayam Kampung - Mangut Pe (Tanpa Nasi),27 April 2022,2025-07-12 01:35:35
"Warung Gudeg Bu Toegijo, Pindahan Kertajaya",Rika Budiarto,3 Januari 2018,5.0,top banget pokoknya,Telor Asin - Nasi Gudeg Ayam Potong,21 April 2022,2025-07-12 01:35:35
"Warung Gudeg Bu Toegijo, Pindahan Kertajaya",ferro nasution,19 Desember 2015,5.0,Memang Gudeg yg enak sekali...,Nasi Gudeg Ayam Potong + Free Bear Brand,17 April 2022,2025-07-12 01:35:35
"Warung Gudeg Bu Toegijo, Pindahan Kertajaya",dedy mahendra,24 Juli 2016,5.0,PERFECT! Delicious! No Doubt at all.,Nasi Gudeg Ayam Potong + Free Bear Brand,11 April 2022,2025-07-12 01:35:35
"Warung Gudeg Bu Toegijo, Pindahan Kertajaya",Ririn,9 September 2021,5.0,"mantap, packingnya rapi",Lontong Cap Gomeh - Nasi Gudeg Ayam Potong + Free Bear Brand,9 April 2022,2025-07-12 01:35:35
"Warung Gudeg Bu Toegijo, Pindahan Kertajaya",Erfan,6 Juli 2015,4.0,Kuah lontong cap gomehnya kurang cocok utk saya,Lontong Cap Gomeh,1 April 2022,2025-07-12 01:35:35
"Warung Gudeg Bu Toegijo, Pindahan Kertajaya",dessy nia sari,11 Desember 2018,5.0,"enak banget bs diorder lg ,driver gojek nya jg ramah",Nasi Gudeg Telor,26 Maret 2022,2025-07-12 01:35:35
"Warung Gudeg Bu Toegijo, Pindahan Kertajaya",yuwan,29 Desember 2017,5.0,sedap lah pokoknya,Nasi Gudeg Ayam Potong,23 Maret 2022,2025-07-12 01:35:35
"Warung Gudeg Bu Toegijo, Pindahan Kertajaya",A*****,3 April 2016,3.0,Gudegnya terlalu manis,Lontong Cap Gomeh - Nasi Gudeg Suwir Ayam - Gudeg (Tewel) - Tempe Bacem - Tahu Bacem,13 Maret 2022,2025-07-12 01:35:35
"Warung Gudeg Bu Toegijo, Pindahan Kertajaya",Fitri,15 April 2019,5.0,enakkkk bangetttt,Telor Bacem - Nasi Gudeg Ayam Potong,9 Maret 2022,2025-07-12 01:35:35
"Warung Gudeg Bu Toegijo, Pindahan Kertajaya",heni kusrini,23 Desember 2018,5.0,"enak, tapi ga sebanyak makan di tempat. harga juga sama
enak makan di tempat,  porsinya banyak meluber",Lontong Cap Gomeh - Es Teh,9 Maret 2022,2025-07-12 01:35:35
"Warung Gudeg Bu Toegijo, Pindahan Kertajaya",A*** Y****,9 Juli 2018,5.0,makasih Mbak Mey,Krecek - Rawon / Porsi (tanpa Nasi),7 Maret 2022,2025-07-12 01:35:35
"Warung Gudeg Bu Toegijo, Pindahan Kertajaya",V******** K****** C******,27 September 2015,5.0,"mantap semua rasanya enak, sayang porsi gudeg tewelnya dikit",Gudeg Komplit Tanpa Nasi Ayam Suwir - Rawon / Porsi (tanpa Nasi),4 Maret 2022,2025-07-12 01:35:35
"Warung Gudeg Bu Toegijo, Pindahan Kertajaya",Z*******,12 Januari 2018,3.0,Sambel nya  dicampur padahal udah minta dipisah,Lontong Cap Gomeh - Nasi Gudeg Ayam Kampung,27 Februari 2022,2025-07-12 01:35:35
"Warung Gudeg Bu Toegijo, Pindahan Kertajaya",Happy,8 Januari 2020,5.0,menu rasanya enak.. :),Krecek - Lontong Cap Gomeh,28 Februari 2022,2025-07-12 01:35:35
"Warung Gudeg Bu Toegijo, Pindahan Kertajaya",arthur,27 November 2015,4.0,cabenya terlalu banyak gula..jadi terlalu manis di lidah saya..kalau ga manis. pancen oye,Lontong Cap Gomeh - Nasi Gudeg Ayam Potong - Telor Bacem,26 Februari 2022,2025-07-12 01:35:35
"Warung Gudeg Bu Toegijo, Pindahan Kertajaya",Sandi Kusmawanto,15 November 2017,5.0,Gudeg Rasa Surabaya...,Nasi Gudeg Suwir Ayam,18 Februari 2022,2025-07-12 01:35:35
"Warung Gudeg Bu Toegijo, Pindahan Kertajaya",A*** Y****,9 Juli 2018,5.0,kamsya banyak nggeh chef,Nasi Gudeg Polos,26 Februari 2022,2025-07-12 01:35:35
"Warung Gudeg Bu Toegijo, Pindahan Kertajaya",T*** H***** E*****,7 Juli 2016,2.0,Ga pernah makan gudeg se aneh ini. Ini kaya gudeg yg uda dipanasin berkali-kali sampe jadi fosil. Bener2 gudegnya keras dan manis kaya gula jawa dan warnanya pekat sekali 😭 baru kali ini liat dan makan gudeg kaya gini,Gudeg Komplit Tanpa Nasi Ayam Suwir - Mangut Pe (Tanpa Nasi),1 Februari 2022,2025-07-12 01:35:35
"Warung Gudeg Bu Toegijo, Pindahan Kertajaya",Horace,15 Januari 2017,5.0,"mantab...semua no comment..antar nya juga
 cepat",Nasi Gudeg Telor - Beras Kencur,7 Februari 2022,2025-07-12 01:35:35
"Warung Gudeg Bu Toegijo, Pindahan Kertajaya",Vivi Hartono,21 Agustus 2019,5.0,mantab enak makanannya,Nasi Krengsengan - Nasi Gudeg Polos - Nasi Gudeg Polos,4 Februari 2022,2025-07-12 01:35:35
"Warung Gudeg Bu Toegijo, Pindahan Kertajaya",T**** P*******,3 September 2015,4.0,Gudegnya kurang banyak 😀,Nasi Gudeg Telor - Cincau - Beras Kencur,4 Februari 2022,2025-07-12 01:35:35
"Warung Gudeg Bu Toegijo, Pindahan Kertajaya",D**** H********,15 Juli 2016,1.0,"Yg paling utama sih antara harga dan porsi ya, saya pesan gudeg tok seharga 26 rb tapi porsinya dikit banget cuma buat 1 orang sekali makan, dan rasanya juga kok gak segurih yg dulu",Gudeg (Tewel) - Tempe Bacem - Nasi Gudeg Telor,28 Januari 2022,2025-07-12 01:35:35
"Warung Gudeg Bu Toegijo, Pindahan Kertajaya",krisse,23 Agustus 2017,1.0,aq minta ati aja tanpa ampela koq malah dikasih sebaliknya ya isinya ampela semua. padahal di note awal pesan sudah saya tulis dg jelaa,Nasi Gudeg Ampela Ati,26 Januari 2022,2025-07-12 01:35:35
"Warung Gudeg Bu Toegijo, Pindahan Kertajaya",N****,18 September 2015,4.0,"Box bento itu spt apa? Styrofoam? 
Box kotak terlalu mhl , selain itu... klo ga pilih keduanya yg nota bene wajib.... mau dibungkus pake apa yaw ??",Nasi Gudeg Suwir Ayam - Nasi Gudeg Ayam Potong - Nasi Krengsengan - Nasi Krengsengan Ampela Ati,24 Januari 2022,2025-07-12 01:35:35
"Warung Gudeg Bu Toegijo, Pindahan Kertajaya",R****,15 Maret 2021,5.0,SANGAT MANTAP LUAR BIASA GUDEG NYA SUKA SUKA SAYA SANGAT SUKA ENAK,Lontong Cap Gomeh - Nasi Gudeg Telor,17 Januari 2022,2025-07-12 01:35:35
"Warung Gudeg Bu Toegijo, Pindahan Kertajaya",R****,15 Maret 2021,5.0,SANGAT NIKMAT DAN ENAK SEKALI MANTAP GUDEK NYA,Nasi Gudeg Telor - Nasi Gudeg Telor - Lontong Cap Gomeh,18 Januari 2022,2025-07-12 01:35:35
"Warung Gudeg Bu Toegijo, Pindahan Kertajaya",Aida,22 November 2019,4.0,terlalu manis msknya,Gudeg Komplit Tanpa Nasi Ayam Kampung - Telor Bacem,20 Januari 2022,2025-07-12 01:35:35
"Warung Gudeg Bu Toegijo, Pindahan Kertajaya",J****,14 November 2015,5.0,"Enakkkk, porsi banyak, harga murah",Nasi Gudeg Ayam Potong,20 Januari 2022,2025-07-12 01:35:35
"Warung Gudeg Bu Toegijo, Pindahan Kertajaya",nandito,27 Desember 2017,5.0,"makanannya enak dan porsinya pas
bersih dan rasanya pas banget di lidah..sesuai harapan dan kenyataan.. terimakasih 🙏",Nasi Campur Ampela Ati,14 Januari 2022,2025-07-12 01:35:35
"Warung Gudeg Bu Toegijo, Pindahan Kertajaya",Sony Kusumasondjaja,19 Februari 2017,3.0,"Gudegnya selalu lezat. Tp mencoba Lontong Cap Gomeh-nya, varian lauknya cuma ada sayur, ayam dan telur. Padahal dgn harga segitu, wajarnya ada tahu, daging, dll - seperti wajarnya LGM. Sayurnya pun sudah terasa asin sekali, tidak fresh",Lontong Cap Gomeh,13 Januari 2022,2025-07-12 01:35:35
"Warung Gudeg Bu Toegijo, Pindahan Kertajaya",Eko Nugroho,7 Agustus 2020,5.0,mantab gudegnya serasa asli beli dari yogja mantaaab👍👍👍,Nasi Gudeg Ayam Kampung - Nasi Gudeg Telor,12 Januari 2022,2025-07-12 01:35:35
"Warung Gudeg Bu Toegijo, Pindahan Kertajaya",H****,8 Januari 2020,5.0,"Terima kasih untuk pelayanannya, kak",Krecek - Gudeg Komplit Tanpa Nasi Ayam Potong,4 Januari 2022,2025-07-12 01:35:35
"Warung Gudeg Bu Toegijo, Pindahan Kertajaya",D*** J*********,28 April 2016,4.0,"rawon enak dagingny empuk super gede, klo lontong cap gomeh biasa sih 😍",Rawon / Porsi (tanpa Nasi) - Lontong Cap Gomeh,12 Desember 2021,2025-07-12 01:35:35
"Warung Gudeg Bu Toegijo, Pindahan Kertajaya",Dwi Utomo,23 November 2015,5.0,mantab Gudeg nya....,Nasi Gudeg Telor,13 Desember 2021,2025-07-12 01:35:35
"Warung Gudeg Bu Toegijo, Pindahan Kertajaya",A*****,28 Desember 2017,5.0,Alhamdulillaah semuanya lezat😊👍,Gudeg Komplit Tanpa Nasi Ayam Potong - Lontong Cap Gomeh,4 Desember 2021,2025-07-12 01:35:35
"Warung Gudeg Bu Toegijo, Pindahan Kertajaya",muhtar fanani,29 Mei 2017,4.0,msh blm rasa gudeg yogya,Nasi Gudeg Ampela Ati,30 November 2021,2025-07-12 01:35:35
"Warung Gudeg Bu Toegijo, Pindahan Kertajaya",I******,12 Desember 2017,3.0,"kemasan tdk ditis kabel, sehingga kurang higienis👎 
driver bawa pesanannya agak sembarangan sehingga kuahnya pd tumpah👎",Nasi Gudeg Telor - Nasi Gudeg Ayam Potong - Tahu Bacem,27 November 2021,2025-07-12 01:35:35
"Warung Gudeg Bu Toegijo, Pindahan Kertajaya",C****,4 Agustus 2016,5.0,sdh 10thn langganan rasa tetep sma,Gudeg Komplit Tanpa Nasi Ayam Kampung - Mangut Pe (Tanpa Nasi),23 November 2021,2025-07-12 01:35:35
"Warung Gudeg Bu Toegijo, Pindahan Kertajaya",N*******,4 Maret 2017,5.0,kemasan nya mantap,Nasi Gudeg Telor + Free Aqua,29 Oktober 2021,2025-07-12 01:35:35
"Warung Gudeg Bu Toegijo, Pindahan Kertajaya",A*** I******,28 Juni 2016,4.0,nasi kurang pulen,Nasi Gudeg Ampela Ati,12 Oktober 2021,2025-07-12 01:35:35
"Warung Gudeg Bu Toegijo, Pindahan Kertajaya",S***,20 Februari 2017,3.0,Sayur gudegnya terasa kecut (agak basi). Mhn diperhatikan.,Nasi Gudeg Ayam Potong - Nasi Gudeg Telor,9 Oktober 2021,2025-07-12 01:35:35
"Warung Gudeg Bu Toegijo, Pindahan Kertajaya",A** P******* N******,25 Agustus 2015,5.0,Terima kasih ebak sekali,Nasi Gudeg Daging,27 September 2021,2025-07-12 01:35:35
"Warung Gudeg Bu Toegijo, Pindahan Kertajaya",E***** T********,15 Oktober 2017,3.0,kurang bumbu tapi terlalu manis.,Gudeg Komplit Tanpa Nasi Ayam Kampung,19 September 2021,2025-07-12 01:35:35
"Warung Gudeg Bu Toegijo, Pindahan Kertajaya",S*******,25 Desember 2018,5.0,ok banget  dagingnya empuk dan lezattttt recomandeed,Nasi Krengsengan,6 September 2021,2025-07-12 01:35:35
"Warung Gudeg Bu Toegijo, Pindahan Kertajaya",Y***** F****,25 Juni 2015,5.0,packaging higienis rasanya juga enak kayak makan gudeg di jogja beneran. harganyapun affordable. mantap,Nasi Gudeg Ayam Potong,28 Agustus 2021,2025-07-12 01:35:35
"Warung Gudeg Bu Toegijo, Pindahan Kertajaya",F***,17 Oktober 2015,3.0,"smua masakannya terlalu manis, jadi bikin cpt eneg...",Gudeg Komplit Tanpa Nasi Ayam Potong,18 Agustus 2021,2025-07-12 01:35:35
"Warung Gudeg Bu Toegijo, Pindahan Kertajaya",M****** Y****,18 Mei 2021,5.0,"GK perlu diragukan lagi,pokoknya enak bangeeeet",Es Teh - Nasi Gudeg Suwir Ayam - Nasi Gudeg Telor,18 Agustus 2021,2025-07-12 01:35:35
"Warung Gudeg Bu Toegijo, Pindahan Kertajaya",H***,4 Januari 2021,5.0,selalu paling enak,Nasi Gudeg Telor - Telor Asin,16 Agustus 2021,2025-07-12 01:35:35
"Warung Gudeg Bu Toegijo, Pindahan Kertajaya",A***** C*********,10 November 2015,1.0,"saya sangat kecewa banget benar² tidak sesuai dg aplikasi foto menu yg diposting gudeg bu Toegijo.Saya beli nasi gudeg ayam suwir,isinya gudeg,telur bacem 1/2,tahu dan krecek tp ternyata bukan krecek,diganti cecek sapi.kl krecek itu kulit sapi(rambak).
sekali lg saya kl pesan lewat gofood sll kecewa bgt,tdk sesuai dg harganya jg menu yg diposting lewat aplikasi gofood.Sampai kapan gudeg bu Toegijo seperti ini.jgn kr punya nama sehingga mutu dan kwalitasnya tdk sesuai.mohon dg sangat diperhatikan lg utk nextnya.",Nasi Gudeg Suwir Ayam,5 Agustus 2021,2025-07-12 01:35:35
"Warung Gudeg Bu Toegijo, Pindahan Kertajaya",T*******,24 Oktober 2015,3.0,"tewelnya terlalu manis seperti makan gula, pakai cable ties",Gudeg Komplit Tanpa Nasi Ayam Suwir,20 Juli 2021,2025-07-12 01:35:35
"Warung Gudeg Bu Toegijo, Pindahan Kertajaya",D*** M****** T***,25 Oktober 2019,5.0,"good rasanya.
akhirnya keturutan maem gudegnya bu tugijo",Nasi Gudeg Telor - Lontong Cap Gomeh,30 Juli 2021,2025-07-12 01:35:35
"Warung Gudeg Bu Toegijo, Pindahan Kertajaya",T*** K*****,18 Juli 2015,5.0,gudeg empuk dan enak.. tp terlalu manis buat saya yang suka pedas,Gudeg Komplit Tanpa Nasi Ayam Suwir,23 Juli 2021,2025-07-12 01:35:35
"Warung Gudeg Bu Toegijo, Pindahan Kertajaya",F***,13 Juli 2016,5.0,Mantab sekaliii,Nasi Gudeg Suwir Ayam,29 Juni 2021,2025-07-12 01:35:35
"Warung Gudeg Bu Toegijo, Pindahan Kertajaya",N****,18 September 2015,5.0,Menu agar lebih komplit,Nasi Gudeg Ayam Kampung - Nasi Campur Daging,17 Juni 2021,2025-07-12 01:35:35
"Warung Gudeg Bu Toegijo, Pindahan Kertajaya",N****,18 September 2015,5.0,"Menu kurang lengkap. Porsi lauk atw mgkn bisa diketik lalu masuk ke addition bayarnya. Misal lauk pauk macam tempr bacem, bihun, dadar jagung (kecuali habis) krn suka dtg makan ditempat jadi tau menu komplitnya.",Nasi Gudeg Ayam Kampung - Lontong Cap Gomeh,16 Juni 2021,2025-07-12 01:35:35
"Warung Gudeg Bu Toegijo, Pindahan Kertajaya",M*** H******,17 Agustus 2019,5.0,tambah timun donk buk...☺️,Nasi Gudeg Ayam Potong,7 Juni 2021,2025-07-12 01:35:35
"Warung Gudeg Bu Toegijo, Pindahan Kertajaya",F**** S****,15 November 2019,5.0,gudegnya lengkap enak,Nasi Gudeg Ayam Potong,28 Mei 2021,2025-07-12 01:35:35
"Warung Gudeg Bu Toegijo, Pindahan Kertajaya",N*****,13 Mei 2018,5.0,saya langganan gudeg bu toegijo mulai saya masih kuliah..sukses untuk dagangannya...semakin banyak customer,Gudeg Komplit (tanpa Nasi),3 Juni 2021,2025-07-12 01:35:35
"Warung Gudeg Bu Toegijo, Pindahan Kertajaya",N**** N********,5 Agustus 2018,1.0,"Hanya dapat dosa, ga dapat pahala !!!",Nasi Liwet,4 Mei 2021,2025-07-12 01:35:35
"Warung Gudeg Bu Toegijo, Pindahan Kertajaya",S*******,11 Januari 2018,2.0,"rasa bumbunya semua muanis seperti makan kolak .maaf buat masukan 
saya suka gudeg tpi bumbunya ga segitunya manisnya .",Gudeg Komplit (tanpa Nasi) - Lontong Cap Gomeh,28 April 2021,2025-07-12 01:35:35
"Warung Gudeg Bu Toegijo, Pindahan Kertajaya",G**,8 Januari 2019,5.0,"gudeg solo dg taste sby,gudeg legendaris yg tak lekang oleh jaman,, rekom banged,, 👍👍👍",Nasi Gudeg Telor + Air Mineral,29 April 2021,2025-07-12 01:35:35
"Warung Gudeg Bu Toegijo, Pindahan Kertajaya",E*****,8 Desember 2015,4.0,kurang tempe bacemnya yaaa....tak cariin kok gk ada,Gudeg Komplit (tanpa Nasi),22 April 2021,2025-07-12 01:35:35
"Warung Gudeg Bu Toegijo, Pindahan Kertajaya",C******,29 April 2017,1.0,"pesen nasi krengsengan yg dikirim malah kuah sama suun. ini udh laper, mlh bikin jengkel",Nasi Krengsengan - Nasi Gudeg Telor,16 April 2021,2025-07-12 01:35:35
"Warung Gudeg Bu Toegijo, Pindahan Kertajaya",N**** N********,5 Agustus 2018,1.0,NASI atau KARET,Nasi Gudeg Ayam Potong,11 April 2021,2025-07-12 01:35:35
"Warung Gudeg Bu Toegijo, Pindahan Kertajaya",B****** E*******,23 November 2015,5.0,"enak masakannya, terima kasih👍",Gudeg Komplit (tanpa Nasi),3 April 2021,2025-07-12 01:35:35
"Warung Gudeg Bu Toegijo, Pindahan Kertajaya",L* M******,27 Oktober 2015,5.0,Rasanè uenak pol maknyuuus...,Nasi Gudeg Suwir Ayam,21 Januari 2021,2025-07-12 01:35:35
"Warung Gudeg Bu Toegijo, Pindahan Kertajaya",D**** K***** D***,23 September 2015,1.0,Saya pesan gudeg ayam suwir. Yang saya terima gudeg telur. Struknya tetap gudeg ayam suwir. Mohon lebih hati2 dan teliti lagi yaa. Terimakasih 🙂🙏,Nasi Gudeg Suwir Ayam,11 Januari 2021,2025-07-12 01:35:35
"Warung Gudeg Bu Toegijo, Pindahan Kertajaya",K******** B***,27 Januari 2017,2.0,"Pesanan yg dtg tdk sesuai permintaan. Ayamnya minta dada, tapi yg dikirim paha....",Gudeg Komplit Tanpa Nasi (Ayam Potong),2 Januari 2021,2025-07-12 01:35:35
"Warung Gudeg Bu Toegijo, Pindahan Kertajaya",A*** S**** N****,28 November 2017,4.0,"enak, tapi terlalu manis. jika dikurangi sedikit manisnya akan pas rasanya",Gudeg Komplit (tanpa Nasi),23 Desember 2020,2025-07-12 01:35:35
"Warung Gudeg Bu Toegijo, Pindahan Kertajaya",H****,8 September 2015,5.0,Mantab.... Love it,Tempe Bacem - Nasi Gudeg Telor,17 Desember 2020,2025-07-12 01:35:35
"Warung Gudeg Bu Toegijo, Pindahan Kertajaya",C****,4 Agustus 2016,5.0,langganan mamaku sampe skrg aq jd mama juga,Nasi Gudeg Ayam Potong,14 November 2020,2025-07-12 01:35:35
"Warung Gudeg Bu Toegijo, Pindahan Kertajaya",A*****,10 Mei 2020,1.0,"Rasanya berubah dan kemasannya saya minta box dikasih bungkus nasi,sehingga bungkus nasinya basah jg sobek,mohon utk diperhatikan dg benar.dulu jg gitu saya pesan gudeg komplit digofood aplikasinya dpt 3 telur eh ternyata cuma 1 telur sj.saya benar2 kecewa bgt dg pelayanannya yg sangat tdk sesuai tsb",Nasi Gudeg Suwir Ayam,15 November 2020,2025-07-12 01:35:35
"Warung Gudeg Bu Toegijo, Pindahan Kertajaya",I** T** Y***,30 November 2017,5.0,"rasa enak,cuma sayur tewel agak benyek kurang keset",Nasi Gudeg Suwir Ayam - Gudeg Komplit Tanpa Nasi (Ayam Potong),8 November 2020,2025-07-12 01:35:35
"Warung Gudeg Bu Toegijo, Pindahan Kertajaya",Z****** F*****,5 Agustus 2019,3.0,"telornya tidak sesuai gambar, bukan telor pindang",Nasi Gudeg Suwir Ayam - Nasi Gudeg Telor,8 November 2020,2025-07-12 01:35:35
"Warung Gudeg Bu Toegijo, Pindahan Kertajaya",J*** A*****,3 November 2016,4.0,ayam seperempat kok hny 1 potong?,Gudeg Komplit (tanpa Nasi),11 Oktober 2020,2025-07-12 01:35:35
"Warung Gudeg Bu Toegijo, Pindahan Kertajaya",F** R*** D********,19 Desember 2017,5.0,"enaak mirip gudeg di jogja
..kurang cabe rawit aja sambel goreng kreceknya biar yang suka pedas tinggal ceplus",Nasi Gudeg Ayam Kampung,16 September 2020,2025-07-12 01:35:35
"Warung Gudeg Bu Toegijo, Pindahan Kertajaya",N**** N********,5 Agustus 2018,5.0,"Ayamnya keras, kuahnya kurang",Nasi Gudeg Ayam Potong,23 Agustus 2020,2025-07-12 01:35:35
"Warung Gudeg Bu Toegijo, Pindahan Kertajaya",A***** C*********,10 November 2015,1.0,"Nasinya agak keras,terasa belum matang sempurna,sebagian nasinya msh terasa berasnya,ayam opornya agak kecut,mungkin ayam opor sisa kemarin gk hbs lalu dipanasi,blm dingin ditutup",Nasi Gudeg Suwir Ayam,22 Agustus 2020,2025-07-12 01:35:35
"Warung Gudeg Bu Toegijo, Pindahan Kertajaya",I****,9 Januari 2018,5.0,"Gudeg legenda, sdh langganan sejak masih SD 👍",Nasi Gudeg Telor - Nasi Gudeg Suwir Ayam - Nasi Gudeg Polos,20 Agustus 2020,2025-07-12 01:35:35
"Warung Gudeg Bu Toegijo, Pindahan Kertajaya",V***,30 November 2019,5.0,"Kamasan cantik,rasa mantap.......semua ok",Nasi Gudeg Suwir Ayam - Lontong Cap Gomeh - Nasi Krengsengan,20 Agustus 2020,2025-07-12 01:35:35
"Warung Gudeg Bu Toegijo, Pindahan Kertajaya",Y*** P*********,1 Juli 2015,1.0,"rasanya aneh, gudeg nangkanya manis bangeeet.. kemanisen kayak makan gula",Gudeg Komplit Tanpa Nasi (Ayam Potong),4 Juli 2020,2025-07-12 01:35:35
"Warung Gudeg Bu Toegijo, Pindahan Kertajaya",N***** F***,10 Agustus 2015,4.0,Agak kemahalan tapi enak bgd gudegnya,Gudeg Komplit (tanpa Nasi),19 Mei 2020,2025-07-12 01:35:35
"Warung Gudeg Bu Toegijo, Pindahan Kertajaya",W****,28 September 2017,5.0,Terimakasih ya bu,Nasi Gudeg Telor,25 April 2020,2025-07-12 01:35:35
"Warung Gudeg Bu Toegijo, Pindahan Kertajaya",L**,8 September 2015,3.0,"Pisangnya kok ga hangat yah , biasanya slalu anget jd ga fresh deh :(",Nasi Gudeg Telor,15 April 2020,2025-07-12 01:35:35
"Warung Gudeg Bu Toegijo, Pindahan Kertajaya",R**** S***********,11 Maret 2018,2.0,gudegnya sudah dihangatkan berkali-kali,Gudeg Komplit (tanpa Nasi),12 April 2020,2025-07-12 01:35:35
"Warung Gudeg Bu Toegijo, Pindahan Kertajaya",K***,20 Juli 2016,5.0,aku pesen nasi gudeg tapi dtg nya nasi campur 🤣,Nasi Campur Daging,8 April 2020,2025-07-12 01:35:35
"Warung Gudeg Bu Toegijo, Pindahan Kertajaya",I******,20 April 2019,5.0,terlalu manis ...mwstinya pakai gula jawa bukan gula.pasir,Gudeg Komplit (tanpa Nasi) - Nasi Gudeg Polos - Nasi Gudeg Telor,31 Maret 2020,2025-07-12 01:35:35
"Warung Gudeg Bu Toegijo, Pindahan Kertajaya",I******** A***,23 Oktober 2016,1.0,"gudegnya ama sambal krecek agak bau, koq masih dikasihkan buat pembeli.....😟😟😟",Nasi Gudeg Suwir Ayam,22 Maret 2020,2025-07-12 01:35:35
"Warung Gudeg Bu Toegijo, Pindahan Kertajaya",I**,4 Juli 2017,2.0,tar lalu maniss rasa sayur tewelnya kalu ayamnya pass hanya tewelnya saja terlalu maniss,Nasi Gudeg Suwir Ayam,21 Maret 2020,2025-07-12 01:35:35
"Warung Gudeg Bu Toegijo, Pindahan Kertajaya",E** A******,11 Juni 2016,5.0,"Puas banget,, rasanya cocok dilidah,, sambelnya pass,, komplit bgt isinya worth it dg harganya pengemasannya jg rapi bersih jd semangat buat makan",Nasi Gudeg Suwir Ayam,7 Maret 2020,2025-07-12 01:35:35
"Warung Gudeg Bu Toegijo, Pindahan Kertajaya",P****,5 Desember 2016,5.0,"enak dong, masakan seperti jmn nenek saya rasa mantap,,,",Nasi Rawon - Nasi Krengsengan - Es Teh,7 Maret 2020,2025-07-12 01:35:35
"Warung Gudeg Bu Toegijo, Pindahan Kertajaya",E*** V****** F,8 Mei 2015,5.0,Enak tapi sayang pesen yg ada ayam suwirnya tapi malah pas dateng ga ada ayam suwirnya malah diganti telor 1 tanpa konfirmasi dulu ke pembeli,Nasi Gudeg Suwir Ayam,28 Februari 2020,2025-07-12 01:35:35
"Warung Gudeg Bu Toegijo, Pindahan Kertajaya",B**** R****,16 Mei 2017,4.0,pesen nasi  campur daging tapi yg datang nasi campur ya g byk daging byk kikilnya meski amat sangat enak hehe enak bgt suka pas bumbunya,Nasi Campur Daging,25 Februari 2020,2025-07-12 01:35:35
"Warung Gudeg Bu Toegijo, Pindahan Kertajaya",A*** W*******,26 Maret 2017,1.0,"Nasinya keras, kering, nggak bisa dimakan",Nasi Gudeg Ayam Kampung - Tahu Bacem - Es Teh,23 Februari 2020,2025-07-12 01:35:35
"Warung Gudeg Bu Toegijo, Pindahan Kertajaya",M****,1 Januari 2017,3.0,terlalu lama menunggu...sampe 40menit.,Nasi Gudeg Suwir Ayam,8 Februari 2020,2025-07-12 01:35:35
"Warung Gudeg Bu Toegijo, Pindahan Kertajaya",S*********,24 September 2017,1.0,gak enak. masaknya ngawur. asal jualan aja. puyeh pucat. masa kreceknya putih. pucat. ngawur. asal jualan aja,Nasi Gudeg Telor,2 Februari 2020,2025-07-12 01:35:35
"Warung Gudeg Bu Toegijo, Pindahan Kertajaya",B****,28 September 2016,5.0,Enak top pertahankan,Nasi Gudeg Suwir Ayam - Nasi Gudeg Daging,26 Januari 2020,2025-07-12 01:35:35
"Warung Gudeg Bu Toegijo, Pindahan Kertajaya",R* B********,21 Maret 2019,4.0,TAHU BACEM nya sdh tidak FRESH/SEGAR !!! Saya KECEWA sekali. Trm ksh,Nasi Gudeg Polos - Tahu Bacem,25 Januari 2020,2025-07-12 01:35:35
"Warung Gudeg Bu Toegijo, Pindahan Kertajaya",P***** A*****,3 Januari 2020,5.0,ditingkatkan kualitasnya,Nasi Gudeg Polos,15 Januari 2020,2025-07-12 01:35:35
"Warung Gudeg Bu Toegijo, Pindahan Kertajaya",R*****,20 Juli 2015,3.0,"enak, cuma nasinya kering 😭",Nasi Gudeg Telor,14 Januari 2020,2025-07-12 01:35:35
"Warung Gudeg Bu Toegijo, Pindahan Kertajaya",T****,19 Agustus 2015,5.0,So tasty and really good!!!,Rawon / Porsi (Tanpa Nasi),20 Desember 2019,2025-07-12 01:35:35
"Warung Gudeg Bu Toegijo, Pindahan Kertajaya",K***,26 Oktober 2016,4.0,"rasanya agak berubah. dulu cecek sama rambak basahnya banyak, sekarang berkurang dan disubtitute sama tahu",Nasi Gudeg Telor,17 Desember 2019,2025-07-12 01:35:35
"Warung Gudeg Bu Toegijo, Pindahan Kertajaya",A******,1 April 2016,4.0,more sweet please,Nasi Gudeg Telor,16 Desember 2019,2025-07-12 01:35:35
"Warung Gudeg Bu Toegijo, Pindahan Kertajaya",D****,8 Desember 2016,5.0,yummy! recommended!,Nasi Gudeg Telor,15 Desember 2019,2025-07-12 01:35:35
"Warung Gudeg Bu Toegijo, Pindahan Kertajaya",N***** F***,10 Agustus 2015,3.0,Rasanya enak tp overprice terlalu mahal harganya,Nasi Gudeg Polos,10 Desember 2019,2025-07-12 01:35:35
"Warung Gudeg Bu Toegijo, Pindahan Kertajaya",T***** A***** W*********,15 April 2018,2.0,rasanya tidak seperti dulu,Nasi Gudeg Suwir Ayam,1 Desember 2019,2025-07-12 01:35:35
"Warung Gudeg Bu Toegijo, Pindahan Kertajaya",D****,17 Oktober 2015,1.0,tidak sesuai order,Nasi Campur Suwir Ayam,30 November 2019,2025-07-12 01:35:35
"Warung Gudeg Bu Toegijo, Pindahan Kertajaya",D** I******,25 Oktober 2016,2.0,tidak sesuai pesanan. yg di pesan ns campur yg dikirim nasi gudeg,Nasi Campur Suwir Ayam,21 November 2019,2025-07-12 01:35:35
"Warung Gudeg Bu Toegijo, Pindahan Kertajaya",V***,26 Maret 2017,4.0,kreceknya kok beda dari biasanya ya?,Nasi Gudeg Telor,20 November 2019,2025-07-12 01:35:35
"Warung Gudeg Bu Toegijo, Pindahan Kertajaya",W******,27 Februari 2018,3.0,nasi nya keras banget,Nasi Gudeg Suwir Ayam,15 November 2019,2025-07-12 01:35:35
"Warung Gudeg Bu Toegijo, Pindahan Kertajaya",A***,10 Februari 2019,5.0,"makasih , dikasih unt koreksinya",Nasi Campur Telor,14 November 2019,2025-07-12 01:35:35
"Warung Gudeg Bu Toegijo, Pindahan Kertajaya",S****,13 Januari 2019,3.0,"rasa tewelnya terlalu manis,krecek ny kuranh pedas,,mgkn lbh mantap klo bumbu krecekny merah,,",Nasi Gudeg Suwir Ayam,10 November 2019,2025-07-12 01:35:35
"Warung Gudeg Bu Toegijo, Pindahan Kertajaya",K***,26 Oktober 2016,5.0,this is absolutely soooooo gooodddd ❤❤❤,Nasi Gudeg Telor,9 November 2019,2025-07-12 01:35:35
"Warung Gudeg Bu Toegijo, Pindahan Kertajaya",F***,22 April 2018,5.0,sayang gudegnya dikit,Gudeg Komplit (Tanpa Nasi),7 November 2019,2025-07-12 01:35:35
"Warung Gudeg Bu Toegijo, Pindahan Kertajaya",M*****,10 Maret 2018,5.0,Trimakasih bnyak yaa masss...Suksesss yaaa...Smoga Bnyak Rezeku...,Gudeg Komplit (Tanpa Nasi),6 November 2019,2025-07-12 01:35:35
"Warung Gudeg Bu Toegijo, Pindahan Kertajaya",S**,14 Maret 2018,5.0,enak rasanya sip,Nasi Gudeg Suwir Ayam,4 November 2019,2025-07-12 01:35:35
"Warung Gudeg Bu Toegijo, Pindahan Kertajaya",A***,5 Januari 2017,4.0,terlalu manis bangeeeeeet,Nasi Gudeg Ayam Kampung,2 November 2019,2025-07-12 01:35:35
"Warung Gudeg Bu Toegijo, Pindahan Kertajaya",V****,14 April 2017,4.0,porsi nasix kurang,Nasi Gudeg Suwir Ayam,2 November 2019,2025-07-12 01:35:35
"Warung Gudeg Bu Toegijo, Pindahan Kertajaya",I****,6 November 2015,5.0,kreceknya agak alot hari ini,Nasi Gudeg Daging,31 Oktober 2019,2025-07-12 01:35:35
"Warung Gudeg Bu Toegijo, Pindahan Kertajaya",F****,29 Juli 2017,4.0,"- terlalu manis & berkuah
- sambal tercampur krecek",Nasi Gudeg Suwir Ayam,28 Oktober 2019,2025-07-12 01:35:35
"Warung Gudeg Bu Toegijo, Pindahan Kertajaya",H***,13 Mei 2016,4.0,dagingnya terlalu banyak gajih nya,Nasi Gudeg Daging,7 Oktober 2019,2025-07-12 01:35:35
"Warung Gudeg Bu Toegijo, Pindahan Kertajaya",V*** A********,28 September 2015,5.0,pokoknya endesss....,Nasi Campur Telor,2 Oktober 2019,2025-07-12 01:35:35
"Warung Gudeg Bu Toegijo, Pindahan Kertajaya",M***,21 Agustus 2017,4.0,mohon lain kali ga ada tambahan rambut jatuh ke makanan ya?,Nasi Gudeg Suwir Ayam,24 September 2019,2025-07-12 01:35:35
"Warung Gudeg Bu Toegijo, Pindahan Kertajaya",I** M**,11 Juli 2016,4.0,gudegnya terlalu manis,Gudeg Besek (Tanpa Nasi),8 September 2019,2025-07-12 01:35:35
"Warung Gudeg Bu Toegijo, Pindahan Kertajaya",I**,25 Oktober 2017,3.0,"swbenarnya sih enak, sayang gudek rasanya mau basi, dan nasi kurang matang",Nasi Gudeg Suwir Ayam,8 September 2019,2025-07-12 01:35:35
"Warung Gudeg Bu Toegijo, Pindahan Kertajaya",D****,8 Desember 2016,5.0,highly recommended,Gudeg Komplit (Tanpa Nasi),8 September 2019,2025-07-12 01:35:35
"Warung Gudeg Bu Toegijo, Pindahan Kertajaya",A*****,26 Februari 2018,4.0,"Tolong lebih diperhatikan kualitasnya, saya menemukan ada seperti jeli putih pada ayam saya, dan itu cukup banyak.",Nasi Liwet,4 September 2019,2025-07-12 01:35:35
"Warung Gudeg Bu Toegijo, Pindahan Kertajaya",I****,22 November 2017,5.0,makasihhhhhhhhhhh,Nasi  Rawon,3 September 2019,2025-07-12 01:35:35
"Warung Gudeg Bu Toegijo, Pindahan Kertajaya",N**** L******,30 Agustus 2016,5.0,"manis banget rasanya, kreceknya mntab",Gudeg Komplit (Tanpa Nasi),1 September 2019,2025-07-12 01:35:35
"Warung Gudeg Bu Toegijo, Pindahan Kertajaya",A****,20 Januari 2019,5.0,kemasan yang bagus... nice food... like it,Nasi Gudeg Telor,28 Agustus 2019,2025-07-12 01:35:35
"Warung Gudeg Bu Toegijo, Pindahan Kertajaya",D**** C*****,5 September 2015,3.0,"Tidak sesuai di foto dan daging nya banyak lemak, dari 6 potong, 3 lemak, 2 otot 😟",N/A,22 Agustus 2019,2025-07-12 01:35:35
"Warung Gudeg Bu Toegijo, Pindahan Kertajaya",D****,14 April 2017,2.0,"gudeg sama nasi nya koq sangitt , biasanya enak",Nasi Gudeg Suwir Ayam,4 Agustus 2019,2025-07-12 01:35:35
"Warung Gudeg Bu Toegijo, Pindahan Kertajaya",I********,18 Agustus 2016,4.0,gudeg nya jangan terlalu manis,N/A,3 Agustus 2019,2025-07-12 01:35:35
"Warung Gudeg Bu Toegijo, Pindahan Kertajaya",O** J*** H***,5 Juli 2015,3.0,"ceceknya kurang segar, agak berlendir",N/A,31 Juli 2019,2025-07-12 01:35:35
"Warung Gudeg Bu Toegijo, Pindahan Kertajaya",S***** H******,12 Oktober 2015,3.0,sambelnya kepedesan,N/A,24 Juli 2019,2025-07-12 01:35:35
"Warung Gudeg Bu Toegijo, Pindahan Kertajaya",I********,12 September 2015,5.0,"Gudeg, ayam, cecek, telurnya mangstapppp",N/A,14 Juli 2019,2025-07-12 01:35:35
"Warung Gudeg Bu Toegijo, Pindahan Kertajaya",Y*****,28 Oktober 2015,5.0,Mantap buk... Enakkkk,N/A,10 Juli 2019,2025-07-12 01:35:35
"Warung Gudeg Bu Toegijo, Pindahan Kertajaya",A***********,12 Agustus 2016,5.0,gudeg with surabaya's taste. very good.,N/A,7 Juli 2019,2025-07-12 01:35:35
"Warung Gudeg Bu Toegijo, Pindahan Kertajaya",D***,4 Desember 2015,4.0,"pesen nasi rawon, nasinya ngga ada",N/A,1 Juli 2019,2025-07-12 01:35:35
"Warung Gudeg Bu Toegijo, Pindahan Kertajaya",S*****,22 Juni 2016,4.0,ga terlalu suka karena ga terlalu enak. daging yg dikasih bukan daging tapi lemak atau apa tu  kenyel,N/A,27 Juni 2019,2025-07-12 01:35:35
"Warung Gudeg Bu Toegijo, Pindahan Kertajaya",L***** A******,22 Oktober 2016,3.0,"tahu tempe bacem are tasteless. Kurang bumbu, tdk ada rasa asin manisnya.",N/A,18 Juni 2019,2025-07-12 01:35:35
"Warung Gudeg Bu Toegijo, Pindahan Kertajaya",L*** H*********,18 Agustus 2015,5.0,sayang harganya terlalu high class hiks,N/A,17 Juni 2019,2025-07-12 01:35:35
"Warung Gudeg Bu Toegijo, Pindahan Kertajaya",T***** A***** W*********,15 April 2018,3.0,"kreceknya agak mendekati basi/kecut,asam",N/A,24 Mei 2019,2025-07-12 01:35:35
"Warung Gudeg Bu Toegijo, Pindahan Kertajaya",T***** A***** W*********,15 April 2018,5.0,beli seporsi krecek 20rb semakin lama semakin sedikit,N/A,21 Mei 2019,2025-07-12 01:35:35
"Warung Gudeg Bu Toegijo, Pindahan Kertajaya",Y*****,1 Oktober 2015,5.0,"Rasa enak, porsi banyak, bungkus rapi...... Top lah",N/A,20 Mei 2019,2025-07-12 01:35:35
"Warung Gudeg Bu Toegijo, Pindahan Kertajaya",L***,2 November 2015,5.0,favorit bgt cecek nya bu...😋,N/A,20 Mei 2019,2025-07-12 01:35:35
"Warung Gudeg Bu Toegijo, Pindahan Kertajaya",L****,2 September 2015,3.0,buat saya tllu sedikit..bli 1 porsi berasa nyemil..🤦🏻‍♀️🤦🏻‍♀️,N/A,19 Mei 2019,2025-07-12 01:35:35
"Warung Gudeg Bu Toegijo, Pindahan Kertajaya",M**** P*********,21 Juni 2017,5.0,Enak banget... ini beli lagi skr... hahaha...,N/A,16 Mei 2019,2025-07-12 01:35:35
"Warung Gudeg Bu Toegijo, Pindahan Kertajaya",A**** D*** M******,18 Juli 2017,5.0,mantabbb langganan terus disini,N/A,13 Mei 2019,2025-07-12 01:35:35
"Warung Gudeg Bu Toegijo, Pindahan Kertajaya",I**** S****,6 Juni 2017,5.0,mantab harga murah,N/A,7 Mei 2019,2025-07-12 01:35:35
"Warung Gudeg Bu Toegijo, Pindahan Kertajaya",A** C**** S*,27 Februari 2016,5.0,"Banyak pilihan menu, rasanya enak dan porsi sesuai dengan harga",N/A,5 Mei 2019,2025-07-12 01:35:35
"Warung Gudeg Bu Toegijo, Pindahan Kertajaya",L****,11 Juli 2016,5.0,semua menu makanan di sini rasanya ciamik enaknya...,N/A,30 April 2019,2025-07-12 01:35:35
"Warung Gudeg Bu Toegijo, Pindahan Kertajaya",A**** S***,12 September 2018,3.0,"Sorry, too sweet",N/A,1 Mei 2019,2025-07-12 01:35:35
"Warung Gudeg Bu Toegijo, Pindahan Kertajaya",N****,18 September 2015,2.0,tidak sesuai foto,N/A,26 April 2019,2025-07-12 01:35:35
"Warung Gudeg Bu Toegijo, Pindahan Kertajaya",N***** F***,10 Agustus 2015,3.0,Pesen nasi campur dikasihnya gudeg,N/A,10 April 2019,2025-07-12 01:35:35
"Warung Gudeg Bu Toegijo, Pindahan Kertajaya",M*****,1 Juni 2016,2.0,"Di gambar ada ayam tapi kenyataannya tidak ada, hanya krecek dan gudeg",N/A,2 April 2019,2025-07-12 01:35:35
"Warung Gudeg Bu Toegijo, Pindahan Kertajaya",V***** V******,12 April 2016,4.0,isinya tidak sama seperti yg pernah saya order,N/A,2 April 2019,2025-07-12 01:35:35
"Warung Gudeg Bu Toegijo, Pindahan Kertajaya",A** C**** S*,27 Februari 2016,5.0,Rawonnya enak dan porsinys banyak :-),N/A,30 Maret 2019,2025-07-12 01:35:35
"Warung Gudeg Bu Toegijo, Pindahan Kertajaya",D*****,30 Agustus 2015,4.0,nasinya agak keras,N/A,30 Maret 2019,2025-07-12 01:35:35
"Warung Gudeg Bu Toegijo, Pindahan Kertajaya",L*** P********,5 Maret 2017,5.0,gudegnya terlalu manis kurang gurih,N/A,30 Maret 2019,2025-07-12 01:35:35
"Warung Gudeg Bu Toegijo, Pindahan Kertajaya",S***** P*,9 Maret 2018,3.0,saya pesan nasi campur ayam suwir yg dateng nasi gudeg pake krecek pula saya tidak makan sapi,N/A,23 Maret 2019,2025-07-12 01:35:35
"Warung Gudeg Bu Toegijo, Pindahan Kertajaya",K***** N******,24 Februari 2017,5.0,nice taste...so yummy,N/A,18 Maret 2019,2025-07-12 01:35:35
"Warung Gudeg Bu Toegijo, Pindahan Kertajaya",I**** S,20 Oktober 2015,4.0,"Boxnya oke bgt, harga cukup mahal. Rasa so..so lah.",N/A,4 Maret 2019,2025-07-12 01:35:35
"Warung Gudeg Bu Toegijo, Pindahan Kertajaya",N******** S,28 November 2015,5.0,"nangkanya agak ketuaan,  tp msh oke",N/A,3 Maret 2019,2025-07-12 01:35:35
"Warung Gudeg Bu Toegijo, Pindahan Kertajaya",F*,5 Maret 2017,5.0,sangat Enak..!!!,N/A,25 Februari 2019,2025-07-12 01:35:35
"Warung Gudeg Bu Toegijo, Pindahan Kertajaya",P*** S****** P*** L******,6 November 2015,3.0,Biasa dan mahal,N/A,21 Februari 2019,2025-07-12 01:35:35
"Warung Gudeg Bu Toegijo, Pindahan Kertajaya",S** I****,1 Februari 2018,1.0,"sy beli 1 gudeg besek by gofood.
Tp sy benar² kecewa bgt kemarin itu, porsi gudeg lengkapnya cuma dpt 1 telur bacem, 1/4 ekor ayam, krecek, gudegnya jg dikit porsinya sama bgt seperti gudeg lengkap kemasan mika yg harga 40.000
digofood fotonya kl gudeg lengkap besek dpt dimakan utk 3-4org, dpt 1/2 ekor ayam,  2 telur bacem, krecek, gudeg. 
Tahu kayak gitu sy lbh baik beli gudeg lengkap mika, biasanya sy beli yg kemasan mika 2-3 mika + 3 telur bacem. 
mohon utk nextnya bs dibedakan porsinya dan yg sesuai dg harganya.
sy benar² sangat kecewa bgt, dulu sy beli gudeg lengkap mika + telur bacem 3-4 bj, tp kurang 1-2bj, itupun lsg sy klaim saat sy beli di depot lsg.",N/A,11 Februari 2019,2025-07-12 01:35:35
"Warung Gudeg Bu Toegijo, Pindahan Kertajaya",F*****,31 Maret 2018,1.0,ada rambut didalam makanan (gudeg),N/A,21 September 2018,2025-07-12 01:35:35
"Warung Gudeg Bu Toegijo, Pindahan Kertajaya",A***,10 November 2015,3.0,Rasanya biasa biasa aaja,N/A,15 September 2018,2025-07-12 01:35:35
"Warung Gudeg Bu Toegijo, Pindahan Kertajaya",R*** A*******,20 Oktober 2015,4.0,Hari ini nasinya cukup keras,N/A,4 September 2018,2025-07-12 01:35:35
"Warung Gudeg Bu Toegijo, Pindahan Kertajaya",F**** A*****,21 Oktober 2015,3.0,Telur keras dan tewel hampir basi karena sdh kecuut,N/A,12 Agustus 2018,2025-07-12 01:35:35
"Warung Gudeg Bu Toegijo, Pindahan Kertajaya",R**,8 April 2018,2.0,bumbu e saiki krg mrasuk,N/A,19 Mei 2018,2025-07-12 01:35:35
"Warung Gudeg Bu Toegijo, Pindahan Kertajaya",A******* N******,18 Desember 2015,4.0,"kreceknya bukan dari krupuk rambak,, 
bisa lebih enak lagi kalo pakai krupuk rambak 
yang lainnya udah enak",N/A,28 Mei 2018,2025-07-12 01:35:35
"Fajar Chinese Restaurant, Manyar",lilik,10 Juli 2017,5.0,cocok dan enak sekali,Bihun Goreng (Ayam / Babi / Seafood ),18 Juni 2025,2025-07-12 01:35:56
"Fajar Chinese Restaurant, Manyar",S******* B******,18 Maret 2016,2.0,"Porsi dan harga ngga layak, bubur nya",Bubur Babi,5 Juni 2025,2025-07-12 01:35:56
"Fajar Chinese Restaurant, Manyar",patricya,9 Mei 2018,2.0,kurang mantab skrg bumbunya beda tdk seperti duluz apa bahan dn bumbunya dikurangi ya,Kolobak - Hotplate Tahu Jepang,16 Mei 2025,2025-07-12 01:35:56
"Fajar Chinese Restaurant, Manyar",A******** S******,9 Desember 2018,5.0,"Sempat telat karena ganti driver 
driver penggantinya mantab 👍👍👍",Kolobak - Fu Yung Hai - Pocay 2 Telur,18 Mei 2025,2025-07-12 01:35:56
"Fajar Chinese Restaurant, Manyar",Dea T,21 Januari 2018,5.0,Sapi lada hitam & Yamie Rasanya enak 👍,Sapi Lada Hitam - Yammie Ayam Jamur,10 Mei 2025,2025-07-12 01:35:56
"Fajar Chinese Restaurant, Manyar",Rasjid Reksodiputro,24 Desember 2015,5.0,Recommended! 👍👍,Yammie Siobak - Pangsit Udang - Siomay Tim,19 April 2025,2025-07-12 01:35:56
"Fajar Chinese Restaurant, Manyar",B****,21 Agustus 2024,1.0,"Service lambat , driver gojek menunggu terlalu lama tidak di layani",Bubur Babi - Topping Telur Pitan - Topping Cakwe Goreng,21 April 2025,2025-07-12 01:35:56
"Fajar Chinese Restaurant, Manyar",Cindy Bastian,31 Juli 2018,3.0,saya sudah note untuk ganti mie gepeng dengan mie kecil. tapi yang saya dapat tetap mie gepeng.,Mie Pok ala Singapore,17 April 2025,2025-07-12 01:35:56
"Fajar Chinese Restaurant, Manyar",Dea T,21 Januari 2018,5.0,Hari ini bubur enak & pihak resto baca juga catatan nya👍 . yg kemarin pihat resto tidak baca note( catatan),Bubur Ikan,22 Oktober 2024,2025-07-12 01:35:56
"Fajar Chinese Restaurant, Manyar",Andhika A,19 Agustus 2017,1.0,"Pesan nasi goreng Seafood dapat / diantarnya nasi goreng Yang Chow. Sangat kecewa, bukan pembelian pertama yang salah. Padahal kualitas Nasi Goreng Seafood juga tidak kalah enaknya",Nasi Goreng Seafood,10 September 2024,2025-07-12 01:35:56
"Fajar Chinese Restaurant, Manyar",Andhika A,19 Agustus 2017,1.0,pesan nasi goreng seafood tapi kok dikasih daging babi? kebetulan alergi babi jd sangat tdk professional,Nasi Goreng Seafood,8 September 2024,2025-07-12 01:35:56
"Fajar Chinese Restaurant, Manyar",Dea T,21 Januari 2018,3.0,Buburnya terlalu cair dan ikannya bau tanah.,Bubur Ikan - Bakpao Casiew,16 Juli 2024,2025-07-12 01:35:56
"Fajar Chinese Restaurant, Manyar",Gery Widodo,21 Agustus 2015,5.0,The best mie pok in town.👍,Mie Pok Polos - Sapo Kaki Babi,2 Juni 2024,2025-07-12 01:35:56
"Fajar Chinese Restaurant, Manyar",Bhirawati Ningsih,6 Januari 2017,4.0,minta acar & sambal tidak dikasih,Ayam Cabai Garam 1/2 Ekor - Kolobak,30 Juni 2024,2025-07-12 01:35:56
"Fajar Chinese Restaurant, Manyar",Dea T,21 Januari 2018,4.0,Hari ini tgl 26 Juni’24.  Nunggu makanannya lama sekali. 40 menit baru bp Gojek terima.,Bubur Ikan - Bubur Polos,26 Juni 2024,2025-07-12 01:35:56
"Fajar Chinese Restaurant, Manyar",Dea T,21 Januari 2018,5.0,Hari ini bubur nya enak👍,Bubur Ikan - Bubur Polos - Bakpao Casiew,15 Juni 2024,2025-07-12 01:35:56
"Fajar Chinese Restaurant, Manyar",Dea T,21 Januari 2018,1.0,"Bubur terlalu encer spt air, ada rambutnya.  Gojek lama menunggu.",Bubur Ikan - Bubur Polos,14 Juni 2024,2025-07-12 01:35:56
"Fajar Chinese Restaurant, Manyar",Dea T,21 Januari 2018,2.0,Terlalu lama menunggu. Kebih dari 1 jam,Bubur Ikan - Bubur Polos,12 Juni 2024,2025-07-12 01:35:56
"Fajar Chinese Restaurant, Manyar",Anny,3 September 2015,5.0,Jaminan puas psn disni 👍🏻,Yammie Ayam Jamur - Kuotie,9 Mei 2024,2025-07-12 01:35:56
"Fajar Chinese Restaurant, Manyar",M*****,28 November 2015,4.0,sioke sama siobaknya agak bau,Nasi Hainam Casiew Pg - Nasi Hainam Siobak Pg,19 Mei 2024,2025-07-12 01:35:56
"Fajar Chinese Restaurant, Manyar",Junita,17 Juni 2017,3.0,"kemasan ikan jelek sekali, kuah tumpah dimana2, samoai tdk ada kuah jadi hambar ikannya",Gurami Masak Bawang Kecap (M) - Yammie Ayam Special - I Fu Mie Basah (Ayam / Babi / Seafood) - Kuotie - Lumpia Ayam,14 Mei 2024,2025-07-12 01:35:56
"Fajar Chinese Restaurant, Manyar",D** T,21 Januari 2018,5.0,Enak bubur ikan hari ini,Bubur Polos - Bakpao Casiew - Bubur Ikan,17 Mei 2024,2025-07-12 01:35:56
"Fajar Chinese Restaurant, Manyar",Christine,28 Februari 2018,3.0,yami bebek panggangnya dominan tulang 😏,Yammie Bebek panggang - Yammie Ayam Jamur,30 April 2024,2025-07-12 01:35:56
"Fajar Chinese Restaurant, Manyar",L****,11 Januari 2018,4.0,Porsinya ditambah ya,Sup Bibir Ikan (Porsi Individu) - Sup Jagung Telur Kepiting ( Porsi Individu ) - Frozen Steak Sapi Ala Canton - Frozen Yammie Ayam Jamur - Pangsit Udang,18 April 2024,2025-07-12 01:35:56
"Fajar Chinese Restaurant, Manyar",Dea T,21 Januari 2018,1.0,Ikan nya bau tanah.,Bubur Ikan,18 Februari 2024,2025-07-12 01:35:56
"Fajar Chinese Restaurant, Manyar",B******,29 Juli 2015,5.0,Selalu enakkkk dan top makanannya,Bubur Pitan - Bubur Ikan - Tim Hakau Udang - Siomay,23 Desember 2023,2025-07-12 01:35:56
"Fajar Chinese Restaurant, Manyar",Bambang Harsono,21 September 2017,5.0,enak pollllllll dehhhhhhh,Gurami Masak Bawang Kecap (M) - Yammie Ayam Special - Sapo Tahu,20 Januari 2024,2025-07-12 01:35:56
"Fajar Chinese Restaurant, Manyar",V*** C***,1 Juni 2017,1.0,siobak yg dikirim dagingnya bau..,Siobak 1/2 Kg,10 Januari 2024,2025-07-12 01:35:56
"Fajar Chinese Restaurant, Manyar",V*** C***,1 Juni 2017,1.0,"siobak yg diberikan tdk fresh ada sedikit bau, sdh diganti tapi tetap mkanan yg dikirim berminyak bercmpur air2.
ini kejadian yg ke 2x nya",Siobak 1/2 Kg,19 Januari 2024,2025-07-12 01:35:56
"Fajar Chinese Restaurant, Manyar",Theresia Muktiwidjojo,27 Oktober 2019,5.0,Enak dan selalu order lagi,Baikut Goreng Madu - Sup Bibir Ikan (Porsi Individu),16 Desember 2023,2025-07-12 01:35:56
"Fajar Chinese Restaurant, Manyar",Dea T,21 Januari 2018,1.0,Terlalu asin bubur ikannya.,Bakpao Casiew - Bubur Ikan,9 Januari 2024,2025-07-12 01:35:56
"Fajar Chinese Restaurant, Manyar",L*****,16 September 2015,1.0,porsi nasi capcay nya sedikit sekali dengan harga 100rb,Nasi Cap Cay (Seafood / Ayam/ Babi) - Yammie Ayam Jamur,17 Desember 2023,2025-07-12 01:35:56
"Fajar Chinese Restaurant, Manyar",L*****,16 September 2015,1.0,porsi sioke siobaknya sedikit sekali hrg mahal bgt,Yammie Casiew Siobak - Yammie Ayam Jamur,17 Desember 2023,2025-07-12 01:35:56
"Fajar Chinese Restaurant, Manyar",liana,11 Januari 2018,4.0,Porsinya ditambah,Frozen Babi Hong Ala Khee - Yammie Casiew Siobak - Sapo Kaki Babi,15 Desember 2023,2025-07-12 01:35:56
"Fajar Chinese Restaurant, Manyar",deasy,1 Juli 2017,5.0,"dimasakan sesuai request.. dan enaknya di fajar manyar setelah bolak balik beli disini, rasa dan porsinya gak mengecewakan",Cap Cay Kuah - Angsio Tahu Jepang (Ayam / Babi / Seafood),27 November 2023,2025-07-12 01:35:56
"Fajar Chinese Restaurant, Manyar",agus tanto,12 Januari 2018,5.0,rasa terjaga dan semangat broo,Ayam Cabai Garam 1/2 Ekor - I Fu Mie Basah (Ayam / Babi / Seafood),15 November 2023,2025-07-12 01:35:56
"Fajar Chinese Restaurant, Manyar",ratna dewi,18 Desember 2017,5.0,"enak, tidak terlalu berminyak",Yammie Pangsit,9 September 2023,2025-07-12 01:35:56
"Fajar Chinese Restaurant, Manyar",Dendy Insan Akbar,7 Agustus 2015,1.0,cakwenya kecil & harga mahal.....tidak seperti bayangan di foto,Topping Cakwe Goreng - Cakwe Goreng isi Udang,19 Agustus 2023,2025-07-12 01:35:56
"Fajar Chinese Restaurant, Manyar",endang,5 November 2015,5.0,mantap. langganan.,Brokoli Cah Bawang Putih - Bebek Panggang Per Porsi,3 Juli 2023,2025-07-12 01:35:56
"Fajar Chinese Restaurant, Manyar",sifu hasan,12 Januari 2017,5.0,cocok selera kami,Cap Cay Kuah,1 Juli 2023,2025-07-12 01:35:56
"Fajar Chinese Restaurant, Manyar",evelyne,11 Agustus 2015,1.0,"Pesen baikut yang datang bukan baikut, pemesanan diantar lama katanya kurang orderan, kemungkinan pesanan baikut yang salah ini",Cingtu Baikut - Angsio Haisom Ala Khee - Yong Tahu Ala Khe - Cah Siongmak,13 Juni 2023,2025-07-12 01:35:56
"Fajar Chinese Restaurant, Manyar",Dyandra,26 Juni 2019,5.0,"Capcay goreng sea food, mie pok pok, bakmi goreng seafood, kwetiauw, kuo tiek, siomay etc.. 👍👍👍",Cap Cay Goreng (Seafood) - Kuotie - Siomay,3 Mei 2023,2025-07-12 01:35:56
"Fajar Chinese Restaurant, Manyar",Dyandra,26 Juni 2019,5.0,"Favorit keluarga. Sudah berlangganan..
Rata 2 enak semua...
Pertahankan kualitas yaaa",Siomay - Pangsit Udang,6 Mei 2023,2025-07-12 01:35:56
"Fajar Chinese Restaurant, Manyar",L****,25 September 2017,3.0,"harganya tidak sesuai dengan porsinya. harganya terlalu mahal. dikirain harga segitu porsi jumbo, ternyata tidak. potongan ayam jg terlalu kecil dipotong dadu kecil2. beda potongan ayam di Top Noodle lebih besar. kapok deh beli bubur di Fajar.",Bubur Ayam,20 April 2023,2025-07-12 01:35:56
"Fajar Chinese Restaurant, Manyar",snaryo,27 Desember 2017,5.0,"oke,enak dan mantaaapp selerakuuu...",Angsio Tahu Jepang (Ayam / Babi / Seafood) - Sup Asparagus Sari Ayam ( Porsi Individu ),26 Maret 2023,2025-07-12 01:35:56
"Fajar Chinese Restaurant, Manyar",agus tanto,12 Januari 2018,5.0,makanannya enak sesuai dgn selera saya semangat untuk chef & restonya,Ayam Cabai Garam 1/2 Ekor - Sapi Lada Hitam,25 Maret 2023,2025-07-12 01:35:56
"Fajar Chinese Restaurant, Manyar",Y****,18 Maret 2016,4.0,porsi tdk standart y? porsi sblmya lbh bnyak dr yg hr ni beli. 🙏,Sapo Kaki Babi - Hippio Kuah Baso Ikan - I Fu Mie Basah (Ayam / Babi / Seafood),15 Maret 2023,2025-07-12 01:35:56
"Fajar Chinese Restaurant, Manyar",henry susanto,23 Juni 2016,1.0,"Kali ini bakmi goreng Fajar tdk seperti sering saya makan direstoran Fajar Manyar, sangat tidak enak, kayak bakmi dok dok pinggir jalan yang didorong pakai gerobak, Fajar mesti perbaiki kinerja tukang masaknya!!!",Bakmie Goreng (Seafood / Ayam / Yang Chow),13 Maret 2023,2025-07-12 01:35:56
"Fajar Chinese Restaurant, Manyar",Tjendrawasih,18 Desember 2016,2.0,"tumben rasa ayam bau aneh,atau  kurang fresh kayaknya, sy minta minyak sedikit , tetap dikasih banyak, mohon diperhatikan",Yammie Ayam Jamur,9 Maret 2023,2025-07-12 01:35:56
"Fajar Chinese Restaurant, Manyar",D****,16 Oktober 2019,4.0,Tidak dikasih acar dan lombok,Bubur Bakso Babi - Bihun Goreng (Ayam / Babi / Seafood ) - Nasi Cap Cay (Seafood / Ayam/ Babi) - Bakpao Casiew - Kuotie,5 Maret 2023,2025-07-12 01:35:56
"Fajar Chinese Restaurant, Manyar",agus tanto,12 Januari 2018,5.0,mantap dan pertahankan,Ayam Cabai Garam 1/2 Ekor - Sapi Lada Hitam,2 Maret 2023,2025-07-12 01:35:56
"Fajar Chinese Restaurant, Manyar",S****,25 Juli 2018,5.0,Porsi cuma sedikit.,Nasi Hainam - Ayam Rebus Hainan Per 1/2 Ekor,28 Januari 2023,2025-07-12 01:35:56
"Fajar Chinese Restaurant, Manyar",laksmi,10 Februari 2016,1.0,Pelit sudah beberapa kali order minta tambah sambel n acar selalu gak dikasih tambahan 😂😀,Yammie Ayam Jamur,21 Februari 2023,2025-07-12 01:35:56
"Fajar Chinese Restaurant, Manyar",D****,16 Oktober 2019,3.0,Hipio nya agak bau,Bihun Goreng (Ayam / Babi / Seafood ) - Hippio Kuah Baso Ikan - Nasi Putih - Koloke,16 Februari 2023,2025-07-12 01:35:56
"Fajar Chinese Restaurant, Manyar",agus tanto,12 Januari 2018,5.0,semangat & pertahankan,Ayam Cabai Garam 1/2 Ekor - Sapi Lada Hitam,10 Februari 2023,2025-07-12 01:35:56
"Fajar Chinese Restaurant, Manyar",Serly,24 Agustus 2017,1.0,di dalam sawi ada anak kecoa dan ulat.,Yammie Casiew Siobak - Yammie Ayam Special - Yammie Ayam Jamur - Nasi Putih Casiew,4 Februari 2023,2025-07-12 01:35:56
"Fajar Chinese Restaurant, Manyar",Hartono,30 Agustus 2015,5.0,nasi goreng yangchownya enak,Nasi Goreng Yang Chow - Bakmie Goreng (Seafood / Ayam / Yang Chow),31 Januari 2023,2025-07-12 01:35:56
"Fajar Chinese Restaurant, Manyar",Hartono,30 Agustus 2015,5.0,burung dara nya kali ini enak,Nasi Goreng Yang Chow - Sup Jagung Telur Kepiting ( Porsi Individu ) - Burung Dara Goreng Mentega Per Ekor - Mie Pok Polos,31 Januari 2023,2025-07-12 01:35:56
"Fajar Chinese Restaurant, Manyar",Hartono,30 Agustus 2015,5.0,ayam kanton dan guraminya enak,Gurami Tim Bawang Putih - Ayam Goreng Kanton 1/2 Ekor - Bakpao Casiew,30 Januari 2023,2025-07-12 01:35:56
"Fajar Chinese Restaurant, Manyar",H******,30 Agustus 2015,5.0,tim gurami sangat enak,Sapi Lada Hitam - Gurami Tim Bawang Putih - Yammie Ayam Jamur,28 Januari 2023,2025-07-12 01:35:56
"Fajar Chinese Restaurant, Manyar",Hartono,30 Agustus 2015,2.0,"ifumie koq pake bakmi kecil keriting gini, ngawur.
burung daranya kecil",Burung Dara Goreng Mentega Per Ekor - I Fu Mie Basah (Ayam / Babi / Seafood),27 Januari 2023,2025-07-12 01:35:56
"Fajar Chinese Restaurant, Manyar",christine febi,29 Juli 2016,5.0,"enak rasanya , sesuai harganya",Casiew 1/2 Kg,23 Januari 2023,2025-07-12 01:35:56
"Fajar Chinese Restaurant, Manyar",F******** C******,27 September 2020,4.0,Kuotie nya enak dan babi nya juga enak. Caisin nya okelah. Hanya bihunnya kurang yahud rasa dan isiannya.,Bihun Goreng (Ayam / Babi / Seafood ) - Kuotie - Caisim Cah Bawang Putih - Siobak Panggang,10 Januari 2023,2025-07-12 01:35:56
"Fajar Chinese Restaurant, Manyar",agus kertoraharjo,1 April 2018,1.0,isinya tak sesuai dengan foto,Yammie Ayam Jamur,9 Januari 2023,2025-07-12 01:35:56
"Fajar Chinese Restaurant, Manyar",Adi,15 Juni 2016,5.0,tetap semangat dan terus berkembang..,Siomay Tim - Bakpao Casiew - Mantau Lipat - Cakwe Goreng isi Udang - Yammie Ayam Jamur - Frozen Mie Pok Singapore,11 Januari 2023,2025-07-12 01:35:56
"Fajar Chinese Restaurant, Manyar",E*****,5 November 2015,5.0,enak bebek dan sayurnya,Bebek Panggang Per Porsi - Kailan Lokal Cah Bawang Putih - Nasi Putih,14 Desember 2022,2025-07-12 01:35:56
"Fajar Chinese Restaurant, Manyar",E****,27 Mei 2021,3.0,Taste doesn't match the high price.,Babi Hong Ala Khee - Lumpia Udang ( isi 6 ) - Hotplate Tahu Jepang - Ayam Cabai Garam 1/2 Ekor,1 Desember 2022,2025-07-12 01:35:56
"Fajar Chinese Restaurant, Manyar",Brandon,29 Agustus 2021,4.0,"Gurame nya enak, kakap nya kok dikit banget ya",Gurami Tim Bawang Putih - Kakap Asam Manis - Nasi Putih,1 Desember 2022,2025-07-12 01:35:56
"Fajar Chinese Restaurant, Manyar",NieL,31 Maret 2019,3.0,i fu mie ga ada telur puyuh sbg ciri khasnya,I Fu Mie Basah (Ayam / Babi / Seafood) - Angsio Tahu Jepang (Ayam / Babi / Seafood),26 November 2022,2025-07-12 01:35:56
"Fajar Chinese Restaurant, Manyar",Hengky Wey,28 Juli 2016,4.0,"kali ini, bebeknya sebagian kurang fresh, tdk seperti biasanya",Bebek Panggang Per 1/2 Ekor - Nasi Cap Cay (Seafood / Ayam/ Babi),8 November 2022,2025-07-12 01:35:56
"Fajar Chinese Restaurant, Manyar",Setijono Widjaja,18 Juli 2017,1.0,kepiting soka harga 136.000 isi nya cuma 6 biji kecil2,Kakap Asam Manis - Kepiting Soka Goreng Telur  Asin,8 November 2022,2025-07-12 01:35:56
"Fajar Chinese Restaurant, Manyar",agus tanto,12 Januari 2018,5.0,lupa di beri acar & sambalnya,Sapi Lada Hitam - Ayam Goreng Kanton 1/2 Ekor,6 November 2022,2025-07-12 01:35:56
"Fajar Chinese Restaurant, Manyar",Hariyanto,7 Maret 2022,5.0,dimsumnya juara dah. mia ayam jamur juga top markotop. packaging bagus rapi higienis 👍👍,Frozen Tim Kaki Ayam - Frozen Yammie Ayam Jamur - Tim Kaki Ayam - Tim Hakau Udang - Yammie Ayam Jamur,1 November 2022,2025-07-12 01:35:56
"Fajar Chinese Restaurant, Manyar",B******,30 Agustus 2015,5.0,"very good
must try",Nasi Cap Cay (Seafood / Ayam/ Babi),24 Oktober 2022,2025-07-12 01:35:56
"Fajar Chinese Restaurant, Manyar",I*****,23 Maret 2019,4.0,"Dari rasa udah ok, tetapi dari 6 yammie ayam jamur yg saya pesan, 1 porsi cuman diloasih sayur aja",Yammie Ayam Jamur,22 Oktober 2022,2025-07-12 01:35:56
"Fajar Chinese Restaurant, Manyar",Calvin Siddons,2 Mei 2018,5.0,food is good but waited longer than usual,Mantau Lipat - Babi Hong Ala Khee,22 Oktober 2022,2025-07-12 01:35:56
"Fajar Chinese Restaurant, Manyar",Eduardus Ardian Tanaya,2 Maret 2018,4.0,"enakkk, cuman harusnya bisa lebih worth it, masih terlalu mahal ☺ kemasan juga masih pakai plastik, ayo lebih ramah lingkungan",Kwetiaw Goreng (Seafood / Sapi / Ayam / Babi) - Nasi Cap Cay (Seafood / Ayam/ Babi) - Cakwe Goreng isi Udang,11 Oktober 2022,2025-07-12 01:35:56
"Fajar Chinese Restaurant, Manyar",jimmy,14 Mei 2017,2.0,Kurang Matang soup bibir ikan,Sup Bibir Ikan (Porsi Individu) - Bubur Ikan,30 September 2022,2025-07-12 01:35:56
"Fajar Chinese Restaurant, Manyar",aji santoso,20 Januari 2019,4.0,porsi ikannya kurang banyak😁,Yammie Casiew Siobak,13 September 2022,2025-07-12 01:35:56
"Fajar Chinese Restaurant, Manyar",yoan,5 Oktober 2015,4.0,"masih ada sisik ikannya. jadi anak2 makan harus dipilihi dulu. tapi utk rasa enak, gurami segar, besar, worth it dgn potongan harga dari gofood.",Gurami Tim Bawang Putih - Bakpao Tausa Tim,6 September 2022,2025-07-12 01:35:56
"Fajar Chinese Restaurant, Manyar",Bambang Harsono,21 September 2017,5.0,ikan tim gurami bawang putih lain kali kasih agak banyak ya,Gurami Tim Bawang Putih - Kakap Tahu Sayur Asin Kuah,29 Juli 2022,2025-07-12 01:35:56
"Fajar Chinese Restaurant, Manyar",Bambang Harsono,21 September 2017,5.0,next kasih banyak dikit kuah ya ikan gurami tim bawang putihnya,Gurami Tim Bawang Putih - Udang Mayonaise,30 Agustus 2022,2025-07-12 01:35:56
"Fajar Chinese Restaurant, Manyar",tuty susilo,1 Desember 2015,4.0,"utk org tua spt kami porsinya cukuplah, utk yg mudah mgk kurang....rasa 👍👍👍",Mie Pok ala Singapore - Yammie Ayam Jamur,24 Agustus 2022,2025-07-12 01:35:56
"Fajar Chinese Restaurant, Manyar",M**** F*,25 Januari 2018,5.0,2 hr tiap pagi .. mkn bubur …enak,Tim Kaki Ayam - Tim Hakau Udang - Bubur Ikan,23 Agustus 2022,2025-07-12 01:35:56
"Fajar Chinese Restaurant, Manyar",agus tanto,12 Januari 2018,4.0,tidak di beri sambal & acar.,Ayam Cabai Garam 1/2 Ekor,22 Agustus 2022,2025-07-12 01:35:56
"Fajar Chinese Restaurant, Manyar",maria ft,25 Januari 2018,5.0,enakkkk… mau terus pesennnn lagii,Bubur Ikan - Tim Kaki Ayam - Pangsit Rebus Saus Pedas,22 Agustus 2022,2025-07-12 01:35:56
"Fajar Chinese Restaurant, Manyar",Minarti,18 Oktober 2021,3.0,bakmi gorengnya agak gosong,Bakmie Goreng (Seafood / Ayam / Yang Chow) - Lumpia Udang,12 Agustus 2022,2025-07-12 01:35:56
"Fajar Chinese Restaurant, Manyar",Bambang Harsono,21 September 2017,5.0,"tapi sayang fu yung hainya lebih tipis dari pada makan di resto, alias porsinya kurang.
ikan gurami timnya sip, mantap, jossss, tolong next kuahnya kasih banyak, takut cepat kering.",Gurami Tim Bawang Putih - Fu Yung Hai,7 Agustus 2022,2025-07-12 01:35:56
"Fajar Chinese Restaurant, Manyar",G***,1 Agustus 2015,3.0,pesannya kolobak koq jadi yg datang koloke ???,Kolobak - Kakap Tahu Sayur Asin Kuah - Caisim Cah Bawang Putih - Yammie Polos,2 Agustus 2022,2025-07-12 01:35:56
"Fajar Chinese Restaurant, Manyar",sam,19 Februari 2016,2.0,burung dara skarang amis kurang segar.. fajar tp dan manyar sama saja... sabtu 23/7 beli di tp juga kurang enak,Burung Dara Goreng Mentega - Sup Bibir Ikan (Porsi Individu),30 Juli 2022,2025-07-12 01:35:56
"Fajar Chinese Restaurant, Manyar",natalia,24 Desember 2015,1.0,"saya bubur tidak enak,encer tidak ada daging",Bubur Babi,23 Juli 2022,2025-07-12 01:35:56
"Fajar Chinese Restaurant, Manyar",A An Arief Jusuf,21 September 2019,5.0,"Terima kasih, Kak 🙂🙏",Frozen Siomay Tim Ayam - Frozen Siomay Tim Babi,20 Juni 2022,2025-07-12 01:35:56
"Fajar Chinese Restaurant, Manyar",Ailyana Tjiang,24 Juli 2017,5.0,Semuanya enak 🤩👍,Siobak 1/2 Kg - Cap Cay Kuah - Angsio Tahu Jepang (Ayam / Babi / Seafood),7 Juni 2022,2025-07-12 01:35:56
"Fajar Chinese Restaurant, Manyar",Yania,4 April 2020,5.0,Babihong Enaakk yah di simi 👍🏻🤩Rasa mantull .. Baru 👍🏻Mantao tipis lembut enak..Makasi Fajar & Gojek dgn promo diskonnya yg LUAR BIASA!! Makin sukses !!🙏🏻⭐️♥️⭐️❤️⭐️❤️⭐️🌟,Babi Hong Ala Khee - Yammie Casiew Siobak,5 Juni 2022,2025-07-12 01:35:56
"Fajar Chinese Restaurant, Manyar",cakra,22 Juni 2017,5.0,Babi Hong plg mantap enak PREMIUM yah di sini !! Mantao lipatnya jg enak lembut sekali.Thx Pak Koki 🙏🌟👍🌟❤🎶😁,Babi Hong Ala Khee,2 Juni 2022,2025-07-12 01:35:56
"Fajar Chinese Restaurant, Manyar",cakra,22 Juni 2017,5.0,"Enak mantap,paling enak Babi Hong sini,spt yg sy mau,lapisan lemaknya sedikit,cuma sayang biasanya 5 potong,tp kali ini 4 potong saja😀",Babi Hong Ala Khee,23 Mei 2022,2025-07-12 01:35:56
"Fajar Chinese Restaurant, Manyar",Tjong Basuki,11 Februari 2019,4.0,porsi nya dikit... mehong lagi 😋 😋 hehehehe,Babi Hong Ala Khee,21 Mei 2022,2025-07-12 01:35:56
"Fajar Chinese Restaurant, Manyar",tomo,27 Desember 2016,5.0,order lele komplit.  tidak ada nasinya.,Lao Sa Bao Telur Asin - Yammie Pangsit - Nasi Hainam Bebek Pg,21 Mei 2022,2025-07-12 01:35:56
"Fajar Chinese Restaurant, Manyar",melted,17 September 2016,5.0,"sumpaaaahhh bessstt bakmiee in towwnn!!!mie chasio siobak ,mie pok dan varian ayam jamur spesial nya juaraaa💗💗💗deh!!!",Yammie Casiew Siobak,25 April 2022,2025-07-12 01:35:56
"Fajar Chinese Restaurant, Manyar",K******,25 November 2015,4.0,Enakk.. walau ada kejadian di ayam sapo tahunya ada cable ties nya.. tpi ttp enak ttp reorder.. mgkn lain kli lbh hati2,Casiew Panggang - Siobak Panggang - Angsio Tahu Jepang (Ayam / Babi / Seafood),23 Maret 2022,2025-07-12 01:35:56
"Fajar Chinese Restaurant, Manyar",limijati widjojo,28 Oktober 2018,3.0,"gak ada ikannya,,mahal cuma mihun aja sama sawi tok",Bihun Goreng (Ayam / Babi / Seafood ),20 Maret 2022,2025-07-12 01:35:56
"Fajar Chinese Restaurant, Manyar",LYZA,28 Juni 2019,4.0,burung daranya dingin,Burung Dara Goreng Mentega - Nasi Hainam - Siomay Tim,18 Maret 2022,2025-07-12 01:35:56
"Fajar Chinese Restaurant, Manyar",Henry Santoso,29 Desember 2018,5.0,mantullllll & packing baik,Gurami Asam Manis - Yammie Ayam Special - Kuo Tie Babi,27 Januari 2022,2025-07-12 01:35:56
"Fajar Chinese Restaurant, Manyar",L** S,24 Oktober 2015,5.0,just delicious. repeat order for sure,Kuo Tie Babi - Pangsit Rebus - Lao Sa Pao (Bakpao Telur Asin) - Tim Hakau Udang,17 Januari 2022,2025-07-12 01:35:56
"Fajar Chinese Restaurant, Manyar",magda,8 Oktober 2016,4.0,Mahal harga masakan di Fajar,Ayam Goreng Wangi 1/2 Ekor - Mapo Tahu - Baby Buncis Ala Szechuan - Nasi Goreng Hokian,18 Januari 2022,2025-07-12 01:35:56
"Fajar Chinese Restaurant, Manyar",Y*******,9 Juli 2016,1.0,"porsinya bikin nangeess, dikit banget",Sup Asparagus Telur Kepiting - Sup Asparagus Sari Ayam,6 Januari 2022,2025-07-12 01:35:56
"Fajar Chinese Restaurant, Manyar",annie banjuradja,13 Desember 2017,5.0,masakannya enakkkkk  semuanyaaaaa..,Babi Hong Ala Khee Frozen - Yammie Ayam Jamur,9 Januari 2022,2025-07-12 01:35:56
"Fajar Chinese Restaurant, Manyar",Henry Santoso,29 Desember 2018,5.0,maknyussss & good taste,Sapi Ala Kanton - I Fu Mie Seafood,2 Januari 2022,2025-07-12 01:35:56
"Fajar Chinese Restaurant, Manyar",A****,12 Februari 2017,4.0,Babi Tim Sayur Asin agak keasinan ya. Bebek Panggang Porsinya enak..👍,Yong Tahu Ala Khe - Bebek Panggang Per Porsi - Babi Tim Sayur Asin,26 Desember 2021,2025-07-12 01:35:56
"Fajar Chinese Restaurant, Manyar",Indra Dewi,10 Agustus 2015,3.0,"Makanan yang dikirim tidak sesuai dengan orderan. Pesan yammie casio siobak, yang datang yammie siobak bebek 🙄😑",Mie Casiew Siobak - Angsio Tahu Jepang,26 Desember 2021,2025-07-12 01:35:56
"Fajar Chinese Restaurant, Manyar",monica,22 September 2018,1.0,Kalau take away bukannya pake bungkus doa kotak yg panjang.dan dapatnya kan satu ekor.knapa skrg jd di kotak mika dan isi nya cm 8 potong,Kakap Asam Manis - Yammie Polos Ala Carte Frozen - Air Mineral Cheers 330ml,18 Desember 2021,2025-07-12 01:35:56
"Fajar Chinese Restaurant, Manyar",fenny gamawati,6 Februari 2018,4.0,sambel di campu jg kepedesan,Mie Pok Ala Singapore - Yammie Polos Ala Carte Frozen - Steak Ala Canton Frozen,16 Desember 2021,2025-07-12 01:35:56
"Fajar Chinese Restaurant, Manyar",Linda,23 Maret 2016,2.0,"Kepiting sokanya tua, terlalu banyak tepung, sehingga seperti dadar jagung😢😢",Kepiting Soka Goreng Telur Asin - Baikut Cabe Garam,30 November 2021,2025-07-12 01:35:56
"Fajar Chinese Restaurant, Manyar",N********,10 Juli 2016,1.0,"parah bgt pesen koloke isinya cuma tepung. daging ayam cuma 7potong, sisanya remahan tepung dan tepung goreng. dgn harga yg mahal dan nama besar fajar parah bgt kualitasnya. lumpia udang nya cuma dpt 7 biji kecil2 harga 100rb lebih",Koloke - Lumpia Udang,20 November 2021,2025-07-12 01:35:56
"Fajar Chinese Restaurant, Manyar",F***** S******,10 Januari 2017,2.0,porsi tidak sesuai dengan harga,Sapo Tahu - Sup Asparagus Telur Kepiting - Sup Bibir Ikan (Porsi Individu),12 November 2021,2025-07-12 01:35:56
"Fajar Chinese Restaurant, Manyar",F***** S******,10 Januari 2017,2.0,porsi tidak sebanding dengan harga,Nasi Goreng Yang Chow - I Fu Mie - Bakpao Casiew,12 November 2021,2025-07-12 01:35:56
"Fajar Chinese Restaurant, Manyar",A*****,31 Oktober 2015,4.0,salah satu ikan nya sudah lembek / ngak padat dagingnya (kurang fresh tapi bukan rusak),Gurami Tim Ala Khee,6 November 2021,2025-07-12 01:35:56
"Fajar Chinese Restaurant, Manyar",M**** A****,5 September 2016,4.0,lbh baik pakai dus spt dulu,Mie Pok Ala Singapore,12 Oktober 2021,2025-07-12 01:35:56
"Fajar Chinese Restaurant, Manyar",E****,3 Desember 2019,4.0,bebek Peking nya tidak ada bumbu tauconya,Kuo Tie Babi - Pangsit Goreng Udang - Siomay Babi - Lumpia Goreng Ayam - I Fu Mie Seafood,10 Oktober 2021,2025-07-12 01:35:56
"Fajar Chinese Restaurant, Manyar",Y**** A********,1 Mei 2018,5.0,resto Chinese Food yang legendaris di Surabaya...Layanan nya cepat...Harga sesuai dengan kualitasnya...ada Dimsum juga,Kolobak - Tim Kaki Ayam,17 September 2021,2025-07-12 01:35:56
"Fajar Chinese Restaurant, Manyar",M******** H*******,15 November 2018,5.0,terima kasih atas masakannya,Ayam Saos Lemon - Kuo Tie Babi - Sup Kakap Tahu Sayur Asin,1 September 2021,2025-07-12 01:35:56
"Fajar Chinese Restaurant, Manyar",S********,31 Oktober 2018,5.0,Sangat bagus. Makanan enak banyak promo  sangat menyelamatkan saya pasa saat pandemi begini. Ada segel supaya customer tau makanan belum dibuka. Terus ditingkatkan gojek Dan restoran restorannya. I love indonesia products,I Fu Mie Seafood,10 Juli 2021,2025-07-12 01:35:56
"Fajar Chinese Restaurant, Manyar",S********,31 Oktober 2018,5.0,Sangat bagus. Makanan enak banyak promo  sangat menyelamatkan saya pasa saat pandemi begini. Ada segel supaya customer tau makanan belum dibuka. Terus ditingkatkan gojek Dan restoran restorannya. I love indonesia products,I Fu Mie Seafood,10 Juli 2021,2025-07-12 01:35:56
"Fajar Chinese Restaurant, Manyar",I**,19 Juli 2015,5.0,porsi buanyaakk,Steak Ala Canton Frozen - Sapi Lada Hitam Frozen - Ayam Saus Mentega Frozen,26 Juli 2021,2025-07-12 01:35:56
"Fajar Chinese Restaurant, Manyar",W***** B********,22 Agustus 2016,5.0,"Porsinya pas, rasanya enak",Nasi Goreng Hokian - Cumi Cabe Garam - Bakmie Goreng Seafood,22 Juli 2021,2025-07-12 01:35:56
"Fajar Chinese Restaurant, Manyar",L****,11 Januari 2018,5.0,"Rasanya enak.. Pelayanan oke.. Paling favourite buat keluarga,  sering pesan menu ini.. Semoga semakin sukses dan semakin laris..",Steak Ala Canton Frozen - Sapi Lada Hitam Frozen - Yammie Ayam Jamur Frozen - Mantau Lipat,11 Juli 2021,2025-07-12 01:35:56
"Fajar Chinese Restaurant, Manyar",L****,23 Maret 2016,3.0,Porsi sedikit sekali,Babi Tim Sayur Asin - Bebek Panggang Per Porsi - Sup Bibir Ikan,2 Agustus 2021,2025-07-12 01:35:56
"Fajar Chinese Restaurant, Manyar",G* D*** H***,22 Agustus 2016,5.0,Fajar fovorite kluarga,Gurami Asam Manis - Fu Yung Hai - Baby Buncis Ala Szechuan,25 Juli 2021,2025-07-12 01:35:56
"Fajar Chinese Restaurant, Manyar",W*********,22 September 2015,5.0,semua menu enakk!!,Gurami Tim Ala Khee - Sup Kakap Tahu Sayur Asin - Lumpia Udang,24 Juli 2021,2025-07-12 01:35:56
"Fajar Chinese Restaurant, Manyar",L**,28 Agustus 2015,4.0,"masakannya,rata 2 enak , jangan lupa sambal dan acarnya .",Bakpao Lao Sa Telur Asin Frozen - Burung Dara / Pcs - Pangsit Rebus - Bakpao Casiew - Bihun Goreng Seafood,17 Juli 2021,2025-07-12 01:35:56
"Fajar Chinese Restaurant, Manyar",L*** T******,23 Juni 2017,3.0,rasanya hambar porsi sdkt tdk apa asal orang ngrasa wort it makan,I Fu Mie - Nasi Goreng Yang Chow,2 Juni 2021,2025-07-12 01:35:56
"Fajar Chinese Restaurant, Manyar",M****,8 Oktober 2016,5.0,"Harga nya tinggi, tapi sdh lama harga nya mahal, porsi cukup banyak",Lumpia Udang - Nasi Goreng Yang Chow - Angsio Tahu Jepang,23 Februari 2021,2025-07-12 01:35:56
"Fajar Chinese Restaurant, Manyar",H****,30 September 2015,3.0,lupaa kasih garam semua,I Fu Mie - Koloke,17 Januari 2021,2025-07-12 01:35:56
"Fajar Chinese Restaurant, Manyar",L**** P**********,8 November 2015,4.0,porsinya lebih kecil dari yg seharusnya.,Siobak 1/2kg - Teh Manis Regular,11 Januari 2021,2025-07-12 01:35:56
"Fajar Chinese Restaurant, Manyar",H*** W*****,15 Desember 2019,1.0,ikannya bau tanah,Gurami Tim Bawang Putih,5 Januari 2021,2025-07-12 01:35:56
"Fajar Chinese Restaurant, Manyar",V****,6 Juli 2015,1.0,Masakan yg dikirim tidak sesuai dengan nama masakan. Pesan nasi goreng yg datang nasi kuah,Nasi Goreng Hokian,5 Desember 2020,2025-07-12 01:35:56
"Fajar Chinese Restaurant, Manyar",M S*****,3 November 2015,2.0,Tidak sesuai catatan di aplikasi,Nasi Haisom,21 November 2020,2025-07-12 01:35:56
"Fajar Chinese Restaurant, Manyar",D***,24 September 2015,4.0,portion not worth the price,Burung Dara / Pcs - Bebek Panggang Per Porsi - Babi Hong - Lumpia Goreng Ayam - Nasi Hainan,5 September 2020,2025-07-12 01:35:56
"Fajar Chinese Restaurant, Manyar",M****,8 Oktober 2016,4.0,"Harga makanan relatif mahal di Fajar, juga porsi sedikit , jadinya jarang2 pesan",Sapo Tahu - Pocai Dua Telur - Nasi Hainan - Ayam Goreng Wangi 1/2 Ekor,15 Agustus 2020,2025-07-12 01:35:56
"Fajar Chinese Restaurant, Manyar",D***,21 Februari 2016,4.0,sauce sambel enggak ada,Yammie Ayam Jamur Frozen - Baikut Tim Frozen - Babi Hong Ala Khee Frozen - Siomay Ayam Frozen,11 Juli 2020,2025-07-12 01:35:56
"Fajar Chinese Restaurant, Manyar",M****,8 Oktober 2016,4.0,Price of food is expensive,Nasi Ayam Kecap (Nasi Hainan) - Pocai Dua Telur,24 Mei 2020,2025-07-12 01:35:56
"Fajar Chinese Restaurant, Manyar",M*****,1 Januari 2016,1.0,ga seperti biasanya,Nasi Hainan - Cumi Goreng Mentega,22 Februari 2020,2025-07-12 01:35:56
"Fajar Chinese Restaurant, Manyar",J*** I********,24 November 2019,4.0,taste gook but the portion very small,Kwe Tiaw Siram Seafood atau Sapi,26 November 2019,2025-07-12 01:35:56
"Fajar Chinese Restaurant, Manyar",M**** D*******,16 Desember 2016,4.0,Tidak diberi sendok,Bebek Peking Panggang & Siobak (Nasi Putih) - Air Mineral,18 November 2019,2025-07-12 01:35:56
"Fajar Chinese Restaurant, Manyar",H**** S******,23 Juni 2016,5.0,"Enak sesuai kalau kami sedang makan di restaurant Fajar Manyarkertoarjo, mmng kami langganan lama di Restauran Fajar ini.",N/A,13 Juli 2019,2025-07-12 01:35:56
"Fajar Chinese Restaurant, Manyar",I****,1 September 2015,4.0,Terlalu sulit dibuka kotaknya,N/A,23 Juni 2019,2025-07-12 01:35:56
"Fajar Chinese Restaurant, Manyar",I*** A******,13 Oktober 2015,1.0,Un expected. Buncis sz hambar. Ayam cabe garam hanya pedes aja kurang gurih. 👎🏼,N/A,1 Juni 2019,2025-07-12 01:35:56
"Fajar Chinese Restaurant, Manyar",H**** S******,23 Juni 2016,5.0,"Saya puas dg masakan dan rasanya enaaaak banget, God bless you all",N/A,24 Mei 2019,2025-07-12 01:35:56
"Fajar Chinese Restaurant, Manyar",M*****,23 Maret 2016,3.0,rasanya lain dari biasanya,N/A,29 April 2019,2025-07-12 01:35:56
"Fajar Chinese Restaurant, Manyar",F****,28 September 2017,3.0,tidak sesuai pesanan. saya pesan cashiew tapi diberi cashiew siobak,N/A,8 April 2019,2025-07-12 01:35:56
"Fajar Chinese Restaurant, Manyar",A****,25 November 2017,5.0,sangat bagus dan cepat kirimnya,N/A,5 Maret 2019,2025-07-12 01:35:56
"Fajar Chinese Restaurant, Manyar",E*****,23 Agustus 2015,2.0,Sup nya sedikit,N/A,10 September 2018,2025-07-12 01:35:56
"Fajar Chinese Restaurant, Manyar",T***,9 September 2015,3.0,daging babi terlalu keras tidak empuk,N/A,24 Agustus 2018,2025-07-12 01:35:56
"Fajar Chinese Restaurant, Manyar",M****,9 Agustus 2015,2.0,"daging sapi lada hitam tumpah gak karuan di plastik, tidak ada kuahnya tumpah semua, mengecewakan",N/A,13 Mei 2018,2025-07-12 01:35:56
"Pizza Hut, Manyar Kertoarjo",ade kartosen,19 Agustus 2015,1.0,"Saya beli large, koq dtg nya medium. Apa emang ukuran nya jadi kecil? Atau karena promo, jadi ukuran pizzanya juga kena diskon?",Tuesday Pizza Day,6 Mei 2025,2025-07-12 01:35:56
"Pizza Hut, Manyar Kertoarjo",noor cahaya,22 Juni 2017,5.0,selalu setia sama pizza hut,Double Box Large,3 Mei 2025,2025-07-12 01:35:56
"Pizza Hut, Manyar Kertoarjo",S**** D**,6 Desember 2018,5.0,"Enak, untuk minumnya bocor dikit, but its okay",My Box Duo Pasta,8 Maret 2025,2025-07-12 01:35:56
"Pizza Hut, Manyar Kertoarjo",Ernie Soekiranto,7 Juni 2019,5.0,enak rasanya dan cukup utk seorang saja,My Box Pizza,10 Februari 2025,2025-07-12 01:35:56
"Pizza Hut, Manyar Kertoarjo",P******,26 Maret 2017,5.0,"uenak pisan, mun sambal saosna ditambah tambah sip.",My Box Duo Pizza,17 Januari 2025,2025-07-12 01:35:56
"Pizza Hut, Manyar Kertoarjo",H******,9 April 2017,2.0,kurang teliti dalam melayani pesanan,Puff Pastry Mushroom Cream Soup - L1MO 6 Topping,16 Januari 2025,2025-07-12 01:35:56
"Pizza Hut, Manyar Kertoarjo",B*** P******,22 April 2017,1.0,mac and cheesenya tidak disediakan didalam box pengiriman. lain kali lebih teliti baca orderannya,My Box XL Mix,8 Desember 2024,2025-07-12 01:35:56
"Pizza Hut, Manyar Kertoarjo",Nohan Dwi prastio,9 November 2019,4.0,toping kurang banyak,Pizza Heart,21 November 2024,2025-07-12 01:35:56
"Pizza Hut, Manyar Kertoarjo",D*** P*******,1 Februari 2017,1.0,"Order my box xl pizza dan deluxe beef brushetta, tapi yang datang cuma my box xl pizza saja, tolong diperhatikan lagi saat checking orderan, jadi ga ada yang terlewat",Deluxe Beef Bruschetta - My Box XL Pizza,3 September 2024,2025-07-12 01:35:56
"Pizza Hut, Manyar Kertoarjo",keyla,16 Juli 2024,5.0,memuaskan rasanya makanan nya,Big Box Bites,1 Agustus 2024,2025-07-12 01:35:56
"Pizza Hut, Manyar Kertoarjo",Y***,13 Januari 2018,5.0,"rasanya enak, porsinya sangat memuaskan",Beef Lasagna - Big Box Bites,3 Mei 2024,2025-07-12 01:35:56
"Pizza Hut, Manyar Kertoarjo",A***,1 Maret 2022,3.0,"Gabaca note , di note tulis no paprika kok tetap dikasih",PAN Regular Pizza,13 Mei 2024,2025-07-12 01:35:56
"Pizza Hut, Manyar Kertoarjo",Rachmat Rizky,28 Februari 2019,2.0,"mulai lemah SOP penyajiannya, kok bisa berbeda dengan yang di MERR soal rasa dan penyajian, enak yang di MERR..",Cheese Rolls,7 Mei 2024,2025-07-12 01:35:56
"Pizza Hut, Manyar Kertoarjo",nur ainy fardana,30 April 2018,5.0,top dan enak untuk keluarga,Paket Berbagi,23 Maret 2024,2025-07-12 01:35:56
"Pizza Hut, Manyar Kertoarjo",yusuf,8 Januari 2016,5.0,mantap selalu kenyang makan pizza hut,QU4RTZA,21 Maret 2024,2025-07-12 01:35:56
"Pizza Hut, Manyar Kertoarjo",A**,13 November 2021,5.0,"enak bgt, waktu tunggunya juga ga terlalu lama. sipp deh pokoknya👍🏻",PAN Large Pizza,19 Maret 2024,2025-07-12 01:35:56
"Pizza Hut, Manyar Kertoarjo",A*******,4 September 2017,3.0,pesan 2 kali. yg pertama dibatalkan dg alasan terlalu lama. pesan yg ke-2 seolah sengaja dibuat setelah ada driver (lebih Dari 1 jam). itupun baru diproses stlh kontak cs. jadi total menunggu lebih Dari 3 jam hanya untuk terima makanan. pasta yg fettuccini agak pedas. tidak sesuai perkiraan krn tidak ada infonya.,My Box XL Mix,1 Maret 2024,2025-07-12 01:35:56
"Pizza Hut, Manyar Kertoarjo",Fransisca Arensa Stenlie,4 Oktober 2019,1.0,Order Pizza Meltz karena pingin keju nya ternyata kejunya super super sedikit. Beda sekali dengan iklan2 nya di You tube 😭😢😥,QU4RTZA - Melts Pizza,19 Februari 2024,2025-07-12 01:35:56
"Pizza Hut, Manyar Kertoarjo",Jerry,1 Juli 2015,5.0,kemarin ati ampelanya ada yg basi.,PAN Personal Pizza - Melts Pizza,26 Januari 2024,2025-07-12 01:35:56
"Pizza Hut, Manyar Kertoarjo",Rizal,26 Desember 2022,5.0,terima kasih mantap,PAN Large Pizza,19 Januari 2024,2025-07-12 01:35:56
"Pizza Hut, Manyar Kertoarjo",Y**********,4 Juli 2017,1.0,lama banget..... paraaaahhhhh,My Box Plus Pasta/Rice,17 Januari 2024,2025-07-12 01:35:56
"Pizza Hut, Manyar Kertoarjo",yoshie shirayuki,7 Juli 2019,1.0,pesen green salad yang ada salad buah kl memang ga ada komfirmasi dong,Genshin Impact Special Price - Green Salad,6 Januari 2024,2025-07-12 01:35:56
"Pizza Hut, Manyar Kertoarjo",Heti Palestina Yunani,11 Agustus 2015,5.0,selalu bisa diandalkan setiap saat,My Box XL Pasta/Rice,25 Desember 2023,2025-07-12 01:35:56
"Pizza Hut, Manyar Kertoarjo",rosikun,17 Juni 2022,5.0,enak banget pitza nya,My Box XL Pizza,23 Desember 2023,2025-07-12 01:35:56
"Pizza Hut, Manyar Kertoarjo",M**** S*******,7 November 2016,4.0,"Rasanya kok beda dari biasanya.Kayak kurang bumbu,lebih dominan asin aja. Juga bagian melt atasnya yg ada jagung2 kurang menyatu sehingga agak ngumpul, pada lari kebagian bukaan box.Tolong diperhatikan lagi ya.
Terimakasih",PAN Regular Pizza,23 Desember 2023,2025-07-12 01:35:56
"Pizza Hut, Manyar Kertoarjo",A****,21 Agustus 2016,3.0,too greasy.. basah kotos2,Melts Pizza,15 Desember 2023,2025-07-12 01:35:56
"Pizza Hut, Manyar Kertoarjo",B*** D*****,1 Juni 2015,2.0,There is no difference between pick up and delivery. When i arrived my order still not on process 👎🏻,PAN Personal Pizza - Cheese Rolls,10 Desember 2023,2025-07-12 01:35:56
"Pizza Hut, Manyar Kertoarjo",hima,7 September 2016,2.0,minta saus tanmbahan gadikasiiih,Big Box Bites,10 Desember 2023,2025-07-12 01:35:56
"Pizza Hut, Manyar Kertoarjo",totok,9 Juli 2021,5.0,terimakasih sesuai pesanan,My Box Pizza,15 Oktober 2023,2025-07-12 01:35:56
"Pizza Hut, Manyar Kertoarjo",entin s,19 Juni 2017,5.0,dipertahankan kwalitasnya,Melts Pizza - New Orleans Chicken Wings - Puff Pastry Mushroom Cream Soup,1 Oktober 2023,2025-07-12 01:35:56
"Pizza Hut, Manyar Kertoarjo",M**** S*******,7 November 2016,5.0,"terlalu manis
ada pedasnya",Classic Salmon Mentaiko - My Box Pizza,7 Oktober 2023,2025-07-12 01:35:56
"Pizza Hut, Manyar Kertoarjo",Surya,9 Desember 2017,5.0,terimakasih mantaappp banget,Double Box Regular.,8 September 2023,2025-07-12 01:35:56
"Pizza Hut, Manyar Kertoarjo",Y****,16 November 2018,5.0,Pizza terfavorit. Rasa selalu konsisten. Sering2 promo ya 😍,BOGO REGULAR PIZZA,17 Agustus 2023,2025-07-12 01:35:56
"Pizza Hut, Manyar Kertoarjo",B*****,15 Oktober 2015,2.0,"Pengiriman dekat (kurang dr 10 menit) tapi pizza sampai dalam kondisi dingin... Walaupun lagi banyak pesanan dan membuat proses masaknya lama, paling nggak diusahakanlah agar driver yang ambil bisa delivery segera...",BOGO REGULAR PIZZA,17 Agustus 2023,2025-07-12 01:35:56
"Pizza Hut, Manyar Kertoarjo",Inne,22 September 2018,5.0,"sudah berkali² beli dan sudah dikasih note, tp tetep aja note nya nggak pernah dibaca kali ya... minta nasi pecel tanpa dadar jagung dan tempe, pasti sampe nya ada dadar jagung dan tempe. yg parah hari ini, order TANPA taoge, yg dateng nggak ada sayur nya, CUMA TAOGE aja dong... yang jual bisa baca atau nggak ya?",Strawberry Milkshake - Chocolate Milkshake,8 Agustus 2023,2025-07-12 01:35:56
"Pizza Hut, Manyar Kertoarjo",Amel,3 Agustus 2018,5.0,"thankyou, creamy fettucinenya uenak banyak creamynya ❤️",PAN Personal Pizza - Creamy Beef Classic Fettuccine,20 Juli 2023,2025-07-12 01:35:56
"Pizza Hut, Manyar Kertoarjo",MasPuspita,26 Desember 2019,5.0,"2 Saja ya
Eunnnakk Sekali",PAN Large Pizza,14 Juli 2023,2025-07-12 01:35:56
"Pizza Hut, Manyar Kertoarjo",ANY,22 Juni 2016,5.0,Terima kasih Chef....,My Box XL Mix - Lemon Tea,24 Juni 2023,2025-07-12 01:35:56
"Pizza Hut, Manyar Kertoarjo",A*** R****,7 Oktober 2016,2.0,"Percuma pickup dari gofood, pizza baru dimasak ketika pelanggan datang, buang2 waktu dan fee gojek!!",Pizza Heart,11 Mei 2023,2025-07-12 01:35:56
"Pizza Hut, Manyar Kertoarjo",M******* F*****,5 Oktober 2018,5.0,Rasanya.. mantaapp 😍👍🌟,L1MO Pizza 6 Topping,3 Mei 2023,2025-07-12 01:35:56
"Pizza Hut, Manyar Kertoarjo",Muhammad affarel daffa farezy,24 Desember 2022,5.0,Pizza sama pasta nya enak. mantap lah👍,Paket Triple Meriah,17 April 2023,2025-07-12 01:35:56
"Pizza Hut, Manyar Kertoarjo",R*******,10 Januari 2018,5.0,Mantul bangeeeetttt toppp,My Box Plus Pasta/Rice,21 Maret 2023,2025-07-12 01:35:56
"Pizza Hut, Manyar Kertoarjo",isamesal,31 Desember 2016,5.0,"pizza hut ga pernah berhenti buat berinovasi, keren sih ada aja kepikiran pizza dimacem2in. good job, selalu berhasil mengekesekusi ide dengan baik",Big Box,11 Februari 2023,2025-07-12 01:35:56
"Pizza Hut, Manyar Kertoarjo",Gigih,20 Oktober 2015,5.0,"mantul...
mantab betul..",L1mo Pizza,30 Desember 2022,2025-07-12 01:35:56
"Pizza Hut, Manyar Kertoarjo",R.Ery Kuncoro,21 Oktober 2015,5.0,good service..100% mak nyuss,My Box XL Pizza,31 Januari 2023,2025-07-12 01:35:56
"Pizza Hut, Manyar Kertoarjo",Risky Wulan,29 Juli 2022,2.0,pesen 2 porsi tp yg 1 box isi kentangnya agak keras dan tidak fresh rasanya... ada potongan kentang yg ukurannya kecil2 seperti sisa kentang.,Potato Wedges,12 Januari 2023,2025-07-12 01:35:56
"Pizza Hut, Manyar Kertoarjo",N**** H*******,12 Juli 2017,5.0,thanks ya...sippp,Double Box Regular,10 Januari 2023,2025-07-12 01:35:56
"Pizza Hut, Manyar Kertoarjo",E***,5 Juli 2015,2.0,"Iya sih promo, tp Sosisnya kayanya cuma 1 sosis yg dipotong kecil2",My Box Hits Pizza,3 Januari 2023,2025-07-12 01:35:56
"Pizza Hut, Manyar Kertoarjo",Wiwin,1 November 2016,5.0,"yummy
yummy
yummy",My Box XL Pizza,30 Desember 2022,2025-07-12 01:35:56
"Pizza Hut, Manyar Kertoarjo",H*****,6 Juni 2017,4.0,"Rasa oke, cuma harga kemahalan",MeatMax Regular Pizza,26 Desember 2022,2025-07-12 01:35:56
"Pizza Hut, Manyar Kertoarjo",Ardinintya,9 November 2015,4.0,pesen yg meaty pan pizza n spaghetti beef ternyata pas dtng topping nya lbh ke sosis bukan daging cincang tp rasa as usual pizza hut slalu enak,My Box XL Mix,29 Desember 2022,2025-07-12 01:35:56
"Pizza Hut, Manyar Kertoarjo",R.Ery Kuncoro,21 Oktober 2015,5.0,mntappp poll rasae,My Box Plus Pizza,22 Desember 2022,2025-07-12 01:35:56
"Pizza Hut, Manyar Kertoarjo",lia,22 Agustus 2015,5.0,Baik skli bpk nya,Double Box Regular,22 Desember 2022,2025-07-12 01:35:56
"Pizza Hut, Manyar Kertoarjo",Y**** Y***** A* A*****,19 Oktober 2020,5.0,"enak rasanya, meski ternyata isinya yang chicken cuma kentucy tp gpp rotinya enak :(❤‍🔥",My Box Pizza,20 Desember 2022,2025-07-12 01:35:56
"Pizza Hut, Manyar Kertoarjo",Faisal,20 Januari 2021,2.0,potato wedges kurang matang (agak mentah),My Box Pizza - My Box Pasta/Rice,18 Desember 2022,2025-07-12 01:35:56
"Pizza Hut, Manyar Kertoarjo",Y***,23 April 2016,5.0,"Enak. Kalau ntar jadi menu topping tetap, sy akan pesan lagi",MeatMax Regular Pizza,8 Desember 2022,2025-07-12 01:35:56
"Pizza Hut, Manyar Kertoarjo",Y** L*****,7 Februari 2016,1.0,"Pelit amat kasih saus, pizza segede gaban kasih saus cuma 2.",PAN Large Pizza - Garlicheese Bread,7 Desember 2022,2025-07-12 01:35:56
"Pizza Hut, Manyar Kertoarjo",Doni,27 Januari 2022,5.0,rasanya enak banget,PAN Large Pizza,5 Desember 2022,2025-07-12 01:35:56
"Pizza Hut, Manyar Kertoarjo",P****,28 Desember 2018,5.0,"makasih banyak, rasanya enak, promonya menarik",My Box Pizza,4 Desember 2022,2025-07-12 01:35:56
"Pizza Hut, Manyar Kertoarjo",M******* T*** E* F*****,18 Februari 2016,5.0,"Mantap, worth it!",Puff Pastry Mushroom Cream Soup - Mushroom Soup,21 November 2022,2025-07-12 01:35:56
"Pizza Hut, Manyar Kertoarjo",I******,19 Agustus 2021,5.0,mantapp layanannyaa,Big Box + 1 Liter Coca-Cola,25 November 2022,2025-07-12 01:35:56
"Pizza Hut, Manyar Kertoarjo",muljaningsih,30 Mei 2018,5.0,enak cuma dikit  hehehe,My Box Pizza,20 November 2022,2025-07-12 01:35:56
"Pizza Hut, Manyar Kertoarjo",Tarto,10 Februari 2022,5.0,mantul & enak gan,L1mo Pizza,24 September 2022,2025-07-12 01:35:56
"Pizza Hut, Manyar Kertoarjo",L*** A**,16 September 2015,5.0,Uuuueeeennnnnaaaakkkk,L1mo Pizza,26 Oktober 2022,2025-07-12 01:35:56
"Pizza Hut, Manyar Kertoarjo",silvi,30 April 2017,5.0,Selalu enak. tidak pernah mengecewakan.,Double Box Large + 2 Softdrink,23 Oktober 2022,2025-07-12 01:35:56
"Pizza Hut, Manyar Kertoarjo",Afifazahra,17 Agustus 2017,1.0,tolong cek orderan dengan teliti,My Box Plus Pizza,23 Oktober 2022,2025-07-12 01:35:56
"Pizza Hut, Manyar Kertoarjo",Rosita,4 Februari 2018,5.0,mantab bgt deh pokoknya,Double Box Regular,20 Oktober 2022,2025-07-12 01:35:56
"Pizza Hut, Manyar Kertoarjo",sulistiyowati,28 Juni 2019,5.0,terus jaga kualitas,My Box XL Mix,2 Oktober 2022,2025-07-12 01:35:56
"Pizza Hut, Manyar Kertoarjo",Surya,8 April 2017,5.0,enak!!!!!!!!!!!!!!,PAN Personal Pizza,28 September 2022,2025-07-12 01:35:56
"Pizza Hut, Manyar Kertoarjo",Ibu Liila,4 Agustus 2021,4.0,"mantaaaaap.... 
terimakasih ya...",My Box Plus Pizza,20 September 2022,2025-07-12 01:35:56
"Pizza Hut, Manyar Kertoarjo",Pamuji,21 Agustus 2015,5.0,sippppp deh pokoknya,My Box XL,4 September 2022,2025-07-12 01:35:56
"Pizza Hut, Manyar Kertoarjo",try murti,5 Desember 2015,5.0,mbak yang ngantar cepatttt sat set wat wet jos,Large Splitza,25 Agustus 2022,2025-07-12 01:35:56
"Pizza Hut, Manyar Kertoarjo",I*** L******,12 Januari 2016,5.0,Enak bggttt iniiiii,My Box,17 Agustus 2022,2025-07-12 01:35:56
"Pizza Hut, Manyar Kertoarjo",S*****,20 Januari 2017,5.0,"Sepatah kata adalah nikmat.
Dua patah kata adalah porsinya kecil.",My Box XL,7 Agustus 2022,2025-07-12 01:35:56
"Pizza Hut, Manyar Kertoarjo",Ubaydillah Dwi Sakti,14 Mei 2017,5.0,"Terima kasih pak, sudah sabar menunggu. semoga lancar rezekinya, amiin.",My Box,21 Juli 2022,2025-07-12 01:35:56
"Pizza Hut, Manyar Kertoarjo",L****,7 September 2016,3.0,knp hr ini pizzanya kerasss sekali jd ga enak dimakan ga spt dulu.,Large Splitza,17 Juli 2022,2025-07-12 01:35:56
"Pizza Hut, Manyar Kertoarjo",A****,15 Januari 2016,5.0,yummy... pastanya enaakkkk 😋,L1MO Pizza + 1 Liter Coca Cola - Creamy Truffle - Cheese - Beef Fusilli - Garlicheese Bread,9 Juli 2022,2025-07-12 01:35:56
"Pizza Hut, Manyar Kertoarjo",yuni,19 November 2016,5.0,tetep paling enak,Double Box Large Free 2 Softdrink,4 Juli 2022,2025-07-12 01:35:56
"Pizza Hut, Manyar Kertoarjo",Muri Adithama,2 Mei 2019,5.0,mantul amat..uueenaakk pollll 👍👍👍,My Box Hitss,22 Juni 2022,2025-07-12 01:35:56
"Pizza Hut, Manyar Kertoarjo",K*****,7 Desember 2015,5.0,Sering2 ya diskon gede!,Double Box Large Free 2 Softdrink,17 Juni 2022,2025-07-12 01:35:56
"Pizza Hut, Manyar Kertoarjo",reny,14 Agustus 2015,5.0,always great serve,Double Box Regular Free 2 Softdrink,30 Mei 2022,2025-07-12 01:35:56
"Pizza Hut, Manyar Kertoarjo",yasisca,3 September 2021,4.0,gosong...pizza nya jd kurang enak...,My Box,28 Mei 2022,2025-07-12 01:35:56
"Pizza Hut, Manyar Kertoarjo",Putra,30 Agustus 2017,5.0,Tetep pertahankan kepercayaan customer.. sukses selalu,My Box Hitss,26 Mei 2022,2025-07-12 01:35:56
"Pizza Hut, Manyar Kertoarjo",Keynaraa,3 Oktober 2021,5.0,drivernya cepat dan sangat ramah🙏🏻,Large Pizza,1 Mei 2022,2025-07-12 01:35:56
"Pizza Hut, Manyar Kertoarjo",Y*** O******,3 Februari 2018,5.0,Kemasannya buruk,Double Box Regular,29 April 2022,2025-07-12 01:35:56
"Pizza Hut, Manyar Kertoarjo",hellen,8 September 2015,5.0,"enakkk....
rotinya dibuat makan besok pun, masih enak gk keras seperti punya tetangga sebelah 👍",Regular Splitza,14 April 2022,2025-07-12 01:35:56
"Pizza Hut, Manyar Kertoarjo",Adel,6 April 2022,3.0,"saus nya hanya 1, menurut saya kurang",Personal Pizza,7 April 2022,2025-07-12 01:35:56
"Pizza Hut, Manyar Kertoarjo",Dedy Try,11 Desember 2017,4.0,pinggiran sosis frankfurt terasa hambar (plain) mungkin perlu beri sedikit bumbu perasa,Gojek Ramadan Special,6 April 2022,2025-07-12 01:35:56
"Pizza Hut, Manyar Kertoarjo",M*****,28 November 2015,4.0,Orderan tertukar jadi harus tunggu lama 😕,Double Box Regular Free Soft Drink,25 Maret 2022,2025-07-12 01:35:56
"Pizza Hut, Manyar Kertoarjo",Anisa Paramitha Dewi,28 September 2018,5.0,mantul maaci bisa mam promoan enak hehe,Big Box Dimsum,28 Maret 2022,2025-07-12 01:35:56
"Pizza Hut, Manyar Kertoarjo",R**** D** W,19 September 2015,2.0,"sosisnya kecil2 mengkeret, pizzanya seperti stok lama",My Box - New Orleans Chicken Wings,27 Maret 2022,2025-07-12 01:35:56
"Pizza Hut, Manyar Kertoarjo",K***** K****,10 Juni 2020,3.0,sepertinya rotinya qgak kurang matang. Masih terlihat tepungnya di lapisannya,Regular Dimsum Pizza - Creamy Beef  Classic Fettuccine,26 Maret 2022,2025-07-12 01:35:56
"Pizza Hut, Manyar Kertoarjo",erika,5 November 2015,3.0,gosong kentangnya,Cheese - Beef Fusilli - Regular Pizza - Potato Wedges,12 Maret 2022,2025-07-12 01:35:56
"Pizza Hut, Manyar Kertoarjo",A*******,17 Juli 2021,3.0,Pesan cheesy bites tapi saos putih nya ga dikasi,Paket Box Double Box Large,10 Maret 2022,2025-07-12 01:35:56
"Pizza Hut, Manyar Kertoarjo",G****** S******,5 Oktober 2019,5.0,"porsi saladnya tambah lama tambah sedikit, kalo dulu dikasih penuh di wadahnya",Paket Box Double Box Large - Fresh Salad,7 Maret 2022,2025-07-12 01:35:56
"Pizza Hut, Manyar Kertoarjo",Dina,8 November 2018,5.0,"maaaf, porsi jauuuh berkurang
ga ada kacang merah, wortel
tp lumayan buat tombo kangen",Fresh Salad,25 Februari 2022,2025-07-12 01:35:56
"Pizza Hut, Manyar Kertoarjo",Dyandra,26 Juni 2019,5.0,Selalu suka pizza hut,L1MO PIZZA,30 Januari 2022,2025-07-12 01:35:56
"Pizza Hut, Manyar Kertoarjo",fitri qonita,14 September 2015,4.0,rotinya kering bgt jd agak keras,L1MO PIZZA,25 Januari 2022,2025-07-12 01:35:56
"Pizza Hut, Manyar Kertoarjo",Lenny,9 Agustus 2015,4.0,ya krmg bnykkkk,Pas Seru,11 Januari 2022,2025-07-12 01:35:56
"Pizza Hut, Manyar Kertoarjo",Alif Syafri Tegariyansyah,3 Agustus 2017,5.0,Rasanya Tidak Ada Obat,Paket Box DOUBLE BOX LARGE Stuffed Crust with Crispy Cheese,3 Desember 2021,2025-07-12 01:35:56
"Pizza Hut, Manyar Kertoarjo",ichak,30 April 2016,3.0,salah item. pesan salad buah yg dtang sayur,My Box Hitss - Fresh Buah - Garlic Bread,27 Desember 2021,2025-07-12 01:35:56
"Pizza Hut, Manyar Kertoarjo",C********,22 Agustus 2016,2.0,sangat kurang bersih,Personal Pizza - Personal Pizza - Personal Pizza - Garlic Bread,25 Desember 2021,2025-07-12 01:35:56
"Pizza Hut, Manyar Kertoarjo",dwi mariyani,23 November 2017,5.0,"wenaaaak bangeeet, banyaak jg woii, terimakasih 🙏🏻",L1MO PIZZA,23 Desember 2021,2025-07-12 01:35:56
"Pizza Hut, Manyar Kertoarjo",AgungPe,24 Juli 2015,5.0,besarin lagi donk ukurannya 🤣🤣🤣,My Box - My Box,18 Desember 2021,2025-07-12 01:35:56
"Pizza Hut, Manyar Kertoarjo",M***,31 Oktober 2018,5.0,Emang ga ada duanya dah 👍👍,My Box,16 Desember 2021,2025-07-12 01:35:56
"Pizza Hut, Manyar Kertoarjo",ceria sari,13 November 2015,4.0,roti yg ada coklatnya itu kok alot ya?,Big Box Upgrade Stuffed Crust With Crispy Cheese,25 November 2021,2025-07-12 01:35:56
"Pizza Hut, Manyar Kertoarjo",R****,12 November 2015,1.0,Pizza supremenya tidak ada pasta tomatnya diatas roti dan tidak ada olivenya.,Double Box Large Upgrade Stuffed Crust With Crispy Cheese,30 November 2021,2025-07-12 01:35:56
"Pizza Hut, Manyar Kertoarjo",I****,17 Juli 2015,2.0,"paling jelek dibanding cabang lainnya. saus ayam dan salad kelupaan, ngga bisa pilih topping, rasanya jg asin",Fresh Buah - New Orleans Chicken Wings - Beef Lasagna - Double Box Regular Upgrade Stuffed Crust With Crispy Cheese - Baked Chicken Chunks,25 November 2021,2025-07-12 01:35:56
"Pizza Hut, Manyar Kertoarjo",Martin,28 Agustus 2015,5.0,pizza hut emg paling the besttttt,Double Box Regular Upgrade Stuffed Crust With Crispy Cheese - Double Box Regular Upgrade Stuffed Crust With Crispy Cheese,25 November 2021,2025-07-12 01:35:56
"Pizza Hut, Manyar Kertoarjo",M******,1 September 2017,5.0,"sesuai dengan harapan, nikmat",L1MO PIZZA - Large Pizza Upgrade Stuffed Crust With Crispy Cheese,23 November 2021,2025-07-12 01:35:56
"Pizza Hut, Manyar Kertoarjo",Y*** / L*** D****,19 Mei 2020,5.0,enakkk bangetttt. sering beli disini,Paket Triple Meriah,21 November 2021,2025-07-12 01:35:56
"Pizza Hut, Manyar Kertoarjo",T**** T*,19 Maret 2019,3.0,"Baru kali ini dapat pizza seperti ini, pizza nya hancur. Isian nya miring semua ke satu sisi, sampai jatuh ke dos nya.",Double Box Regular Upgrade Stuffed Crust With Crispy Cheese,19 November 2021,2025-07-12 01:35:56
"Pizza Hut, Manyar Kertoarjo",S******,27 Desember 2015,2.0,"order double box reguler, kurang free 2 lemon tea",Paket Box Double Box Regular,14 November 2021,2025-07-12 01:35:56
"Pizza Hut, Manyar Kertoarjo",N***,18 Februari 2016,4.0,lasagna nya asin bangettss..,Beef Spaghetti - Beef Lasagna - My Box,29 Oktober 2021,2025-07-12 01:35:56
"Pizza Hut, Manyar Kertoarjo",M**** D*******,17 September 2015,1.0,saya pesan 2 (dua) tp diterima cuma 1 ... komplain kemama?,Paket Seru,25 Oktober 2021,2025-07-12 01:35:56
"Pizza Hut, Manyar Kertoarjo",R*****,14 Januari 2017,5.0,"enak sih...
tapi pak gojeknya ga pinter bawanya..
akhirnya numplek jaya",Double Box Regular Stuffed Crust with Crispy Cheese,24 Oktober 2021,2025-07-12 01:35:56
"Pizza Hut, Manyar Kertoarjo",D****** T****,6 November 2020,3.0,pizzanya hilang 1 slice,Fresh Salad - Triple Box - BOGO Juice,8 Oktober 2021,2025-07-12 01:35:56
"Pizza Hut, Manyar Kertoarjo",C****** T**,9 Agustus 2016,4.0,rasa ok.lah. porsi sesuai promo nya. sip,L1MO PIZZA,1 Agustus 2021,2025-07-12 01:35:56
"Pizza Hut, Manyar Kertoarjo",S********,31 Oktober 2018,5.0,Sangat bagus. Makanan enak banyak promo  sangat menyelamatkan saya pasa saat pandemi begini. Ada segel supaya customer tau makanan belum dibuka. Terus ditingkatkan gojek Dan restoran restorannya. I love indonesia products,BOGO Juice - Garlic Bread,10 Juli 2021,2025-07-12 01:35:56
"Pizza Hut, Manyar Kertoarjo",S********,31 Oktober 2018,5.0,Sangat bagus. Makanan enak banyak promo  sangat menyelamatkan saya pasa saat pandemi begini. Ada segel supaya customer tau makanan belum dibuka. Terus ditingkatkan gojek Dan restoran restorannya. I love indonesia products,BOGO Juice - Garlic Bread,10 Juli 2021,2025-07-12 01:35:56
"Pizza Hut, Manyar Kertoarjo",S********,31 Oktober 2018,5.0,Sangat bagus. Makanan enak banyak promo  sangat menyelamatkan saya pasa saat pandemi begini. Ada segel supaya customer tau makanan belum dibuka. Terus ditingkatkan gojek Dan restoran restorannya. I love indonesia products,Paket Box Double Box Regular,15 Juli 2021,2025-07-12 01:35:56
"Pizza Hut, Manyar Kertoarjo",S********,31 Oktober 2018,5.0,Sangat bagus. Makanan enak banyak promo  sangat menyelamatkan saya pasa saat pandemi begini. Ada segel supaya customer tau makanan belum dibuka. Terus ditingkatkan gojek Dan restoran restorannya. I love indonesia products,BOGO Juice - Potato Wedges,24 Juli 2021,2025-07-12 01:35:56
"Pizza Hut, Manyar Kertoarjo",S********,31 Oktober 2018,5.0,Sangat bagus. Makanan enak banyak promo  sangat menyelamatkan saya pasa saat pandemi begini. Ada segel supaya customer tau makanan belum dibuka. Terus ditingkatkan gojek Dan restoran restorannya. I love indonesia products,BOGO Juice - Garlic Bread,24 Juli 2021,2025-07-12 01:35:56
"Pizza Hut, Manyar Kertoarjo",H******,12 Desember 2017,5.0,Sip dah mantap top oke,Cheese Rolls - My Box,26 Agustus 2021,2025-07-12 01:35:56
"Pizza Hut, Manyar Kertoarjo",L****,6 April 2017,5.0,enakk banget apalagi porsinya super besar jadi bisa buat orang banyakk ya worth to buy sih dengan harga segini tapi kalau bisa lebih murah lagi sih hehe.....,L1MO PIZZA - Garlic Bread - Potato Wedges,12 Juli 2021,2025-07-12 01:35:56
"Pizza Hut, Manyar Kertoarjo",D*** M,5 September 2015,5.0,kalo pengen makan piza untuk porsi sendiri cocok banget pilih mybox. porsinya pas buat sendirian. dpt lengkap juga ada snacknya. mantapp lah,My Box,26 Juni 2021,2025-07-12 01:35:56
"Pizza Hut, Manyar Kertoarjo",Y****,24 November 2018,5.0,hanya minta tambahan saus sambal ga di kasi nih,L1MO PIZZA,9 Agustus 2021,2025-07-12 01:35:56
"Pizza Hut, Manyar Kertoarjo",A**** S****,15 November 2019,2.0,kurang banyak porsix kirain gede malah lebih besar kardusx,Paket Meriah,6 Agustus 2021,2025-07-12 01:35:56
"Pizza Hut, Manyar Kertoarjo",R***** B**** W,3 Oktober 2017,5.0,INI PIZZA APAAN SIH.. KOK ENAK BANGET...,Pizza Merah Putih,7 Agustus 2021,2025-07-12 01:35:56
"Pizza Hut, Manyar Kertoarjo",C****** A*******,27 Agustus 2015,5.0,"super worth the money, got it with some discount too🥺 it’s so good",L1MO PIZZA,17 Juli 2021,2025-07-12 01:35:56
"Pizza Hut, Manyar Kertoarjo",T*****,1 November 2017,4.0,makanan enak tp sayang sambalnya sedikiiiit ..,L1MO PIZZA,3 Agustus 2021,2025-07-12 01:35:56
"Pizza Hut, Manyar Kertoarjo",L****,4 September 2018,5.0,"pizza hut pizza merah putih, menu seasonal hanya ada bulan agustus, saat kemerdekaan. yg putih keju nya enak",Pizza Merah Putih,2 Agustus 2021,2025-07-12 01:35:56
"Pizza Hut, Manyar Kertoarjo",I**,9 Desember 2016,5.0,syuka sekali promooo nya ... semoga bisa order lagiii,Large Splitza - (WAJIB di Semarang & Samarinda) ECO Bag Medium Red,17 Juli 2021,2025-07-12 01:35:56
"Pizza Hut, Manyar Kertoarjo",H*******,26 Oktober 2016,5.0,ga perlu dijelaskan lagi rasanya 🤣,My Box - My Box,17 Juli 2021,2025-07-12 01:35:56
"Pizza Hut, Manyar Kertoarjo",R*** L******,10 November 2016,4.0,Gak dapet saos sambal,Paket Box Double Box Regular,25 Juli 2021,2025-07-12 01:35:56
"Pizza Hut, Manyar Kertoarjo",C********** H****,24 November 2017,3.0,"Minumannya sobek, pizza ny terkena tehny basah",Paket Box Double Box Regular,24 Juli 2021,2025-07-12 01:35:56
"Pizza Hut, Manyar Kertoarjo",F****,6 Januari 2016,5.0,sosisnya cilik cilik,2 My Box,21 Juli 2021,2025-07-12 01:35:56
"Pizza Hut, Manyar Kertoarjo",D***,8 November 2018,5.0,"makasiiih kakak chef
sehat terus yaaa",Large Splitza,8 Juni 2021,2025-07-12 01:35:56
"Pizza Hut, Manyar Kertoarjo",S******,4 Oktober 2016,2.0,"Salad buah tdk seenak makan di resto, buahnya layu, diminta banyakin mayonaise ga dikasi. minta saos sambal di banyak cm dikasi 3 shacet. Buat apa ada kolom catatan, kalo ga dibaca??!! Mengecewakan",My Box Hitss - Fruit Salad,11 Juli 2021,2025-07-12 01:35:56
"Pizza Hut, Manyar Kertoarjo",L*****,10 Agustus 2015,5.0,d tingkatkan lg porsi dan toppingnya. jgn pelit,Paket Box Double Box Regular,10 Juli 2021,2025-07-12 01:35:56
"Pizza Hut, Manyar Kertoarjo",S********,31 Oktober 2018,5.0,always the best !!!!,Paket Box Double Box Regular,9 Juni 2021,2025-07-12 01:35:56
"Pizza Hut, Manyar Kertoarjo",R*** N*******,22 November 2017,4.0,"gg sesuai pesanan,,,pesannya chicken wing dapetnya nugget….mana tidak ada konfirmasi,,,payah👎",My Box,25 Juni 2021,2025-07-12 01:35:56
"Pizza Hut, Manyar Kertoarjo",M****** T*****,5 Agustus 2015,1.0,Too much tomato sauce...can not taste the meat ...,Paket Box Double Box Regular,19 Juni 2021,2025-07-12 01:35:56
"Pizza Hut, Manyar Kertoarjo",S****,15 Mei 2017,4.0,"Pizzanya belum dipotong, masih bulat 😐",Paket Box Double Box Regular,19 Juni 2021,2025-07-12 01:35:56
"Pizza Hut, Manyar Kertoarjo",F* J*****,16 Juli 2016,5.0,"Terima Kasih, sesuai gambarnya :')",L1MO PIZZA,9 Juni 2021,2025-07-12 01:35:56
"Pizza Hut, Manyar Kertoarjo",K***** R*******,12 Agustus 2019,5.0,Makin berasa dikit kasik toppingnya,Paket Box Double Box Regular,16 Mei 2021,2025-07-12 01:35:56
"Pizza Hut, Manyar Kertoarjo",C**** 1*,22 Mei 2018,5.0,"sambal sama saos tomatnya dikit banget
minta tambah cuman di kasih 2🤦🏻‍♂️",(WAJIB di Semarang & Samarinda) ECO Bag Medium Red - Paket Hepi,1 Juni 2021,2025-07-12 01:35:56
"Pizza Hut, Manyar Kertoarjo",E** W****,25 November 2015,5.0,"andalan.. masih suka pizza hut daripada ""si biru""",Regular PAN Pizza,25 Mei 2021,2025-07-12 01:35:56
"Pizza Hut, Manyar Kertoarjo",E****,1 November 2015,5.0,enak parah toppingnya banyak banget. ga nyangka,Paket Seru Ber-2,24 Mei 2021,2025-07-12 01:35:56
"Pizza Hut, Manyar Kertoarjo",Y***,19 November 2016,5.0,"Wenak tur wareg
Mantul",L1MO PIZZA,9 Mei 2021,2025-07-12 01:35:56
"Pizza Hut, Manyar Kertoarjo",M****** S***** R*****,29 Desember 2015,2.0,Ga dapat saus tomat/sambal sama sekali,L1MO PIZZA,25 April 2021,2025-07-12 01:35:56
"Pizza Hut, Manyar Kertoarjo",K***** R*******,12 Agustus 2019,5.0,Tumben topping gak melimpah yg supreme 😪,L1MO PIZZA,25 April 2021,2025-07-12 01:35:56
"Pizza Hut, Manyar Kertoarjo",A*** B******* T*********,22 Desember 2016,5.0,"Makanannya enak, bersih dan dikemas dengan baik.",Double Box Regular,16 April 2021,2025-07-12 01:35:56
"Pizza Hut, Manyar Kertoarjo",S********,31 Oktober 2018,3.0,minuman coca cola press2an tidak rapat jadi tumpah,Paket Box Double Box Regular,5 April 2021,2025-07-12 01:35:56
"Pizza Hut, Manyar Kertoarjo",A*** C***,9 Juni 2020,4.0,"beli yg promo large free regular, topping yg large kok lbh sedikit dr biasa nya.",BOGO Large Pizza - New Orleans Chicken Wings,30 Maret 2021,2025-07-12 01:35:56
"Pizza Hut, Manyar Kertoarjo",W***,27 Agustus 2015,2.0,mungkin ttp disediakan salad dgn menu lama Mash ada makaroni telur kentang kalo cuman buah aza kurang banyak variannya,Fruit Salad,6 Maret 2021,2025-07-12 01:35:56
"Pizza Hut, Manyar Kertoarjo",F**** M,26 Januari 2017,4.0,kmrn beli ada saos sambalnya hr ini tdk ada..,Oriental Chicken Rice,10 Februari 2021,2025-07-12 01:35:56
"Pizza Hut, Manyar Kertoarjo",D***** W******* D********,21 Februari 2016,5.0,Makanannya sih enak.. Sayang kelengkapannya (sambal) kurang.. Sudah minta ekstra cuma dapat 1 sachet kecil.,Triple Box - Cheese Rolls,12 Desember 2020,2025-07-12 01:35:56
"Pizza Hut, Manyar Kertoarjo",Y**** A******,13 Agustus 2015,3.0,sdh ditulis ada permintaan saus tomat namun tdk diperhatikan.,Large PAN Pizza,13 Desember 2020,2025-07-12 01:35:56
"Pizza Hut, Manyar Kertoarjo",K***,13 Juni 2016,5.0,Terbaik. Garlic butter dip nya banyak,Regular PAN Pizza,29 November 2020,2025-07-12 01:35:56
"Pizza Hut, Manyar Kertoarjo",D*****,24 April 2018,1.0,"Proses tidak diorder sebelum sampai di tempat, padahal di aplikasi tulisnya order sudah siap diambil",N/A,29 November 2020,2025-07-12 01:35:56
"Pizza Hut, Manyar Kertoarjo",A****,6 Agustus 2019,5.0,banyakin promo nya yaa heheh,Big Box Stuffed Crust Krakatau Burst,18 November 2020,2025-07-12 01:35:56
"Pizza Hut, Manyar Kertoarjo",S***** R** H******,8 Februari 2019,5.0,sukses selalu n rame terus,Paket Krakatu Burst Large,18 November 2020,2025-07-12 01:35:56
"Pizza Hut, Manyar Kertoarjo",S*****,22 November 2016,5.0,tengkiu cheff 👍🏻,Personal Pizza,2 Oktober 2020,2025-07-12 01:35:56
"Pizza Hut, Manyar Kertoarjo",B****,17 April 2016,4.0,promo coca colanya tidak di berikan,Paket Box Double Box Large,1 Oktober 2020,2025-07-12 01:35:56
"Pizza Hut, Manyar Kertoarjo",J*** P**** M*******,18 September 2019,5.0,terima kasih banyak,Paket Box Double Box Regular,21 September 2020,2025-07-12 01:35:56
"Pizza Hut, Manyar Kertoarjo",Y**** R****,23 Maret 2020,1.0,"g dksih saos tomat saos cabe,",Paket Rame 1,8 September 2020,2025-07-12 01:35:56
"Pizza Hut, Manyar Kertoarjo",J****,8 Desember 2017,1.0,Cheese lover dikirim deluxe,Regular Pizza - Tuna Aglio Olio,25 Agustus 2020,2025-07-12 01:35:56
"Pizza Hut, Manyar Kertoarjo",S********,31 Oktober 2018,3.0,need tomato sauce,Merdeka! Regular PAN Pizza,17 Agustus 2020,2025-07-12 01:35:56
"Pizza Hut, Manyar Kertoarjo",D***,16 Juli 2015,5.0,Mantab. Sudah langganan. Tapi yang sekarang lebih maknyus rasanya.,Double Box Reguler,19 Juli 2020,2025-07-12 01:35:56
"Pizza Hut, Manyar Kertoarjo",P****,30 Agustus 2017,2.0,"Baru kali ini saya kecewa, tidak seperti yang saya pesen triple big box sebelum2nya.. 1. Tidak ada mayo, 2. Bentuk pizza nya yg triple big box tdk bulet dan rotinya tipis tdk seperti yg large tambah 50rb. Mohon maaf ya. Demi kenyamanan cust.. 🙏🏻 Terima Kasih.",Triple Box Plus,29 Juni 2020,2025-07-12 01:35:56
"Pizza Hut, Manyar Kertoarjo",L**** V******* A******,13 Desember 2018,1.0,"porsinyaa kayak harga 35.000 seriusss ,apa disemua counter pizza kyak begini ?????",Stuffed Crust Sausage Personal Tuna Melt,30 Juni 2020,2025-07-12 01:35:56
"Pizza Hut, Manyar Kertoarjo",N****,13 Juli 2016,1.0,"tolong pesanan di sesuaikan, saya pesan black pizza datangnya pizza biasa, ini bukan pedagang kaki lima yang dagangannya harus dipilih manual",Big Box - Black Pan Pizza Regular Triple Meat Lovers,10 Juni 2020,2025-07-12 01:35:56
"Pizza Hut, Manyar Kertoarjo",A****,21 November 2019,5.0,Pizza HUT pokoknya top,Stuffed Crust Cheese Regular Meat Monsta,8 April 2020,2025-07-12 01:35:56
"Pizza Hut, Manyar Kertoarjo",O*****,16 Desember 2015,1.0,doughnya keras terkesan sudah lama dan reheat :( so bad biasa tidak pernah semengecewakam ini,Black Pan Pizza Regular Super Supreme Beef,28 Maret 2020,2025-07-12 01:35:56
"Pizza Hut, Manyar Kertoarjo",I****** M*******,6 Januari 2019,2.0,Tidak ada saus sambal dan tomat,Double Box Pan Pizza Large,24 Maret 2020,2025-07-12 01:35:56
"Pizza Hut, Manyar Kertoarjo",M********,21 Agustus 2017,2.0,kelupaan dengan alat makan yang tidak ada sendok hanya ada garpu 🙏,Triple Box,28 Februari 2020,2025-07-12 01:35:56
"Pizza Hut, Manyar Kertoarjo",T**** R,5 Juli 2015,1.0,jus harusnya buy 1 get 1...tapi d syaratkan beli paket lain....padahal sdh telpon sebelumnya,Strawberry Watermelon Juice,3 Februari 2020,2025-07-12 01:35:56
"Pizza Hut, Manyar Kertoarjo",N**,12 Oktober 2019,5.0,Mantull.. lebih dibanyakin jamurnya. karena ada bahan jamur di menu itu..,Black Pan Pizza Personal Meat Monsta,15 Januari 2020,2025-07-12 01:35:56
"Pizza Hut, Manyar Kertoarjo",F****,17 Mei 2016,4.0,"Agak basah,  mungkin terlalu panas sudab di tutup",Stuffed Crust Cheese Personal Super Supreme Chicken,23 November 2019,2025-07-12 01:35:56
"Pizza Hut, Manyar Kertoarjo",D***,8 November 2018,5.0,"Spaghetti-nya ennnaaak... pz cheese deluxe mantul... saladnya jg tooop, diambilin buanyaaak jg... jd bahagiaaa... makasiiiih...","Stuffed Crust Cheese Regular Deluxe Cheese - Nyonya Style Spaghetti + Diskon 50% Minuman ( Mix Berry, Orange Lychee Sparkle, Blue Ocean ) - Salad Bar",19 November 2019,2025-07-12 01:35:56
"Pizza Hut, Manyar Kertoarjo",D**** D*******,18 Mei 2017,3.0,porsinya kurang banyak,Black Pan Pizza Personal Cheeseburger,15 Oktober 2019,2025-07-12 01:35:56
"Pizza Hut, Manyar Kertoarjo",J******,22 November 2015,1.0,"lama, makanan tiba sdh dingin",Black Stuffed Crust Pizza Regular Super Supreme Beef,28 Agustus 2019,2025-07-12 01:35:56
"Pizza Hut, Manyar Kertoarjo",G******* K*,17 April 2017,1.0,pegawai pizza hut nya ( mbak ) udah nelp sy pake hp abang gojek. udh sy bilang lebih banyak porsi sayur daripada buah untuk saladnya..kenapa sy malah d kasi kentang makaroni dan telur..kemana orderan sy..abang gojeknya g salah..tapi pegawainya yg salah. MERUGIKAN customer,Salad Bar - Personal Meatzza Carbonara -  Pan Pizza,24 Agustus 2019,2025-07-12 01:35:56
"Pizza Hut, Manyar Kertoarjo",D***,8 November 2018,4.0,smg sll sukses...,N/A,16 Agustus 2019,2025-07-12 01:35:56
"Pizza Hut, Manyar Kertoarjo",P**** N,3 Agustus 2017,2.0,"Saya sudah minta 3 cup mayones extra, sudah bayar oleh driver gojek dan dimasukkan ke struk, tapi lupa dimasukkan ke plastiknya. sudah beberapa kali terjadi. mohon diperhatikan lain kali, terimakasih.",N/A,16 Agustus 2019,2025-07-12 01:35:56
"Pizza Hut, Manyar Kertoarjo",K*****,19 Oktober 2015,5.0,Lovely pizza 😘🍕❤️,N/A,29 Juli 2019,2025-07-12 01:35:56
"Pizza Hut, Manyar Kertoarjo",K***,10 Juni 2015,4.0,Cheesy bitesnya kok kopong ya): biasanya banyak kejunya ini pertamakalinya beda banget dari biasanya):,N/A,14 Mei 2019,2025-07-12 01:35:56
"Pizza Hut, Manyar Kertoarjo",T****,5 Desember 2015,3.0,Portion was smaller than usual. Food too salty,N/A,15 Maret 2019,2025-07-12 01:35:56
"Pizza Hut, Manyar Kertoarjo",J***,9 Juni 2017,3.0,udah dingin semua. smp sini kemasan nya reyot,N/A,14 Maret 2019,2025-07-12 01:35:56
"Pizza Hut, Manyar Kertoarjo",Y*****,26 Maret 2017,5.0,rotinya terlalu tebal,N/A,23 Februari 2019,2025-07-12 01:35:56
"Pizza Hut, Manyar Kertoarjo",K*******,18 September 2015,2.0,"Very small portion and unstable flavor! I remember it used to be a decent portion that can actually make my belly full, especially at this hour and its prestigious price. Turns out the portion was waaayyyy too small and the taste was somehow a little unbalanced? Very salty at one part and very bland for the rest! Please improve it because this is embarassing.. even the packaging was wayyy bigger than the food🙄🙄",N/A,20 September 2018,2025-07-12 01:35:56
"Pizza Hut, Manyar Kertoarjo",N***,25 November 2015,5.0,sauce nya sedikit,N/A,12 Agustus 2018,2025-07-12 01:35:56
"Pizza Hut, Manyar Kertoarjo",S*****,1 Agustus 2018,5.0,"Lain kali sambalnya kalau ada request tambah, jangan kena cash.. Sambal Sachet bagi perusahaan apa ya nggak ada tambahan. Makan pizza tanpa sambal yg mencukupi itu kurang lengkap rasanya😀",N/A,1 Agustus 2018,2025-07-12 01:35:56
"Pizza Hut, Manyar Kertoarjo",R******* A***** R*****,2 Mei 2018,5.0,"Lezat, Rasanya pas and Recommended BANGET🤩🤩🤩",N/A,8 Juli 2018,2025-07-12 01:35:56
"Pizza Hut, Manyar Kertoarjo",I***,10 Juli 2015,4.0,Minta saus tomat ga dikasih,N/A,30 Mei 2018,2025-07-12 01:35:56
"KFC, Manyar Kertoarjo",Kresna,15 Juli 2017,5.0,enak as always.,Tumbler Share A Coke - Add On Sambal Bawang - Rice - Triple Treat,26 Juni 2025,2025-07-12 01:36:19
"KFC, Manyar Kertoarjo",fitria ramadhani,4 Oktober 2021,5.0,"ayamnya beeasa, fresh, dan memuaskan",Super Komplit 2 - LDR Package - Cream Soup,29 Juni 2025,2025-07-12 01:36:19
"KFC, Manyar Kertoarjo",elly,1 September 2021,5.0,enak banget sengat maju terus dan tambah banyak pelanggan nya,9 Pcs Chicken Bucket,21 Mei 2025,2025-07-12 01:36:19
"KFC, Manyar Kertoarjo",asna azkar,14 Oktober 2018,5.0,enak porsi nya banyak banget minumanya enak sekali,Add On Sambal Bawang - Avocado Float - Super Komplit 3 - Combo Latte 2,16 Mei 2025,2025-07-12 01:36:19
"KFC, Manyar Kertoarjo",Asyifa,2 Mei 2025,5.0,"bener2 makanan siap saji plus ekspres, makasih untuk seluruh staf KFC 💪🏻",KFC Puas Burger - LDR Buy 1 Get 1 - Triple Treat,8 Mei 2025,2025-07-12 01:36:19
"KFC, Manyar Kertoarjo",D****,12 Agustus 2016,3.0,Noodlenya agak lembek ya. Chicken stripsnya ok.,KFC Noodle Combo,5 Mei 2025,2025-07-12 01:36:19
"KFC, Manyar Kertoarjo",Liu Devi,10 Desember 2023,3.0,nasi uduk nya kurang enak kalau ayam sih mantap pengiriman cepat sampai  trima kasih,Nasi Uduk - 1 Pc Chicken - Mango Float,28 April 2025,2025-07-12 01:36:19
"KFC, Manyar Kertoarjo",Lukman Khakim,19 April 2025,5.0,saya request sedotan sama sendok kok tidak dikasih 😮‍💨,LDR Package,21 April 2025,2025-07-12 01:36:19
"KFC, Manyar Kertoarjo",Julius Purba,28 Januari 2025,5.0,Terimakasih ya pak,Super Komplit 3,19 April 2025,2025-07-12 01:36:19
"KFC, Manyar Kertoarjo",H******,25 Juni 2016,5.0,Packing aman dan rapi... potongan ayam dan rasa mantap... terima kasih KFC 🙏😁,1 Pc Chicken - 1 Pc Chicken,10 Maret 2025,2025-07-12 01:36:19
"KFC, Manyar Kertoarjo",frida.raya griya mapan sentosa FA1/3.,13 November 2015,5.0,tetep konsisten ya rasa sdh enak,1 Pc Chicken,18 Januari 2025,2025-07-12 01:36:19
"KFC, Manyar Kertoarjo",Tassa,22 Desember 2017,5.0,my son's fave.. the chicken is good n fresh,Cream Soup - Perkedel - OR Burger Single - Crispy Burger - 1 Pc Chicken - Fun Fries,5 Januari 2025,2025-07-12 01:36:19
"KFC, Manyar Kertoarjo",Yanto Syechker,18 Agustus 2019,5.0,allhamdulillah enk banget,Jagoan Puas 1,4 Januari 2025,2025-07-12 01:36:19
"KFC, Manyar Kertoarjo",Ajeng purwaningtiyas,21 Juli 2017,5.0,Makasih pak sehat selalu,Add On Sambal Bawang - Super Besar New 2,15 Desember 2024,2025-07-12 01:36:19
"KFC, Manyar Kertoarjo",S** L****,9 Februari 2017,5.0,Walaupun Hujah Deras tetap dapatkan kiriman dari Outlet KFC yang Bagus ini. Pesanan nya sesuai dengan yang di pesan. Service yang LUAR BIASA !!! 👍👍👍,1 Pc Chicken,10 Desember 2024,2025-07-12 01:36:19
"KFC, Manyar Kertoarjo",dhani rizki,15 Juni 2021,4.0,ga dikasi saos sambal,Triple Treat,7 Desember 2024,2025-07-12 01:36:19
"KFC, Manyar Kertoarjo",A***** D**** S*******,1 Juli 2018,1.0,"lagi lagi kelupaan memasukkan bumbu BBQ, engga cuma kelupaan bumbu BBQ, SEDOTAN SAMA SAOS PEDAS/TOMAT AKA KELUPAAN",Super Komplit 4 - Snack Bucket BBQ 2,24 November 2024,2025-07-12 01:36:19
"KFC, Manyar Kertoarjo",S** L****,9 Februari 2017,5.0,"Perfect ! Semua Baik, Semua Bagus, ALL ARE GOOD 👍 👍 👍 Terima Kasih 🙏",Crazy Deal 7,21 November 2024,2025-07-12 01:36:19
"KFC, Manyar Kertoarjo",Ika Mustikawati,10 November 2016,5.0,Terima Kasih 🙏🏻😊,Jagoan Hemat 2,17 November 2024,2025-07-12 01:36:19
"KFC, Manyar Kertoarjo",Evelyn,21 November 2021,5.0,KFC is the best👍👌,Jagoan Puas 2,9 Oktober 2024,2025-07-12 01:36:19
"KFC, Manyar Kertoarjo",Evelyn,21 November 2021,5.0,KFC ga prnh bosen pokoknye,Spaghetti Supreme,6 November 2024,2025-07-12 01:36:19
"KFC, Manyar Kertoarjo",G**** A****** A** B********,24 Maret 2020,2.0,"saya pesan dengan pengiriman ekspres namun orderan Saya molor, padahal Driver mengantarkannya cepat. Pesanan Spaghetti Supreme Saya juga tidak dapat ayam",Spaghetti Supreme - Perkedel - Cream Soup,4 November 2024,2025-07-12 01:36:19
"KFC, Manyar Kertoarjo",neck inkiriwang,1 Maret 2019,4.0,gak di kasih garam dan merica,Jagoan Hemat 2,3 November 2024,2025-07-12 01:36:19
"KFC, Manyar Kertoarjo",anik,25 April 2022,5.0,esnya tumpah separo,Iced Chocolate Float Nescafe - Mocha Float,22 Oktober 2024,2025-07-12 01:36:19
"KFC, Manyar Kertoarjo",Tom Maher,11 November 2016,2.0,"I order from KFC quite regularly. My experience has been that almost every time I order, it is incorrectly prepared. Most commonly I request paha atas (thigh) and I get a breast (dada atas). I usually ask the driver to check before leaving because this happens so often. I don’t understand why they can’t be more careful.",Super Besar New 2 - 1 Pc Chicken - Super Besar New 1,20 Oktober 2024,2025-07-12 01:36:19
"KFC, Manyar Kertoarjo",S** L****,9 Februari 2017,5.0,Pesan 3 Pcs dapatkan yang Bagus2. Ini kali pesan 7 Pcs juga dapatkan Bagus2 semua. Excellent Service. Terima Kasih.,Crazy Deal 7,10 Oktober 2024,2025-07-12 01:36:19
"KFC, Manyar Kertoarjo",E*****,25 November 2017,1.0,"ayam nya kurang, saya beli paket nasi *** ayam sebanyak 2 porsi. tapi yg datang cuma nasi *** ayam untuk tiap paketnya.",Jagoan Hemat 2,18 September 2024,2025-07-12 01:36:19
"KFC, Manyar Kertoarjo",S** L****,9 Februari 2017,5.0,"Walaupun 7 pieces banyaknya, Semua nya tetap Bagus dan Lezat Sekali 👍👍👍😋😋😋",Crazy Deal 7,29 Agustus 2024,2025-07-12 01:36:19
"KFC, Manyar Kertoarjo",W* P**********,9 Maret 2018,1.0,"2X saya pesan tidak sesuai kali ini saya psn super besar dikasih menu kid. Bayar mahal, barang nggak sesuai!!!!!!",Super Besar New 2,19 Agustus 2024,2025-07-12 01:36:19
"KFC, Manyar Kertoarjo",R***,5 Mei 2023,5.0,"rasa enak,bersih,mantab😁",1 Pc Chicken,5 Agustus 2024,2025-07-12 01:36:19
"KFC, Manyar Kertoarjo",S** L****,9 Februari 2017,5.0,Pesan 3 Pcs KFC. Yang dikirim itu BEST OF THE BEST !!! 🏆🏆🏆 1st 1st 1st 👍👍👍 Terima Kasih !,1 Pc Chicken,28 Juli 2024,2025-07-12 01:36:19
"KFC, Manyar Kertoarjo",S** L****,9 Februari 2017,5.0,Saatnya Pesanan KFC ini sampai. Ngantuk jadi Melek 👀. Humm.....😋 begitu BAGUSNYA KFC yang kami Terima 👍 Terima Kasih 🙏,1 Pc Chicken,27 Juli 2024,2025-07-12 01:36:19
"KFC, Manyar Kertoarjo",A******,21 Januari 2022,2.0,"Porsi ayam kemarin waktu saya beli dikasih ayam yang kecil & sedikit dagingnya, sangat tidak memuaskan",Super Besar New 2,23 Juli 2024,2025-07-12 01:36:19
"KFC, Manyar Kertoarjo",S** L****,9 Februari 2017,5.0,"LUAR BIASA !!! 👍👍👍
Pesanan KFC disini, dari Kelihatan saja sudah BAGUS BANGET, apalagi dimakan. NIKMAT Rasanya. SENANG sekali Pesan disini.",1 Pc Chicken,21 Juli 2024,2025-07-12 01:36:19
"KFC, Manyar Kertoarjo",S** L****,9 Februari 2017,5.0,"Apa yang dipesan disini, selalu dapatkan apa yang anda pesan. Sangat senang pesan KFC disini. Maka disini Nilai BINTANG adalah 4,9  Tetap Bersemangat 🙋‍♂️🙋‍♀️🙋",Crazy Deal 7,18 Juli 2024,2025-07-12 01:36:19
"KFC, Manyar Kertoarjo",K**** S******,14 Maret 2023,5.0,pesen'a pake tote bag tapi pas di anter kok pake kantong plasik,Tote Bag - Super Family - French Fries Large,6 Juli 2024,2025-07-12 01:36:19
"KFC, Manyar Kertoarjo",S** L****,9 Februari 2017,5.0,Pesanan 3 Pcs Ayam. Memang seperti yang Tertulis di Kotak nya. Ayam No 1 semua  👍👍👍,1 Pc Chicken,17 Juni 2024,2025-07-12 01:36:19
"KFC, Manyar Kertoarjo",Eddi Suwedji,14 Maret 2016,5.0,makasih banget udah bantu jadi tumbal perutku 😅😅,1 Pc Chicken,19 Mei 2024,2025-07-12 01:36:19
"KFC, Manyar Kertoarjo",A*****,6 Desember 2017,5.0,"etmin kfc… trims dah baca notes aq dan penuhin request aq… sekarang aku dah ga sedih lg dan bisa makan dgn senang hati supaya ceffat sembuh… love kfc manyar🫂💗😔 semoga staff kfc manyar sehat dan senang selalu,,,💗💗💗",Jagoan Hemat 2,20 Mei 2024,2025-07-12 01:36:19
"KFC, Manyar Kertoarjo",harmi,4 September 2016,4.0,Prosesnya lamaaa,Jagoan Puas 1,8 Mei 2024,2025-07-12 01:36:19
"KFC, Manyar Kertoarjo",Arunio Ramadito,18 Juli 2016,5.0,enak bangettttt,9 Pcs Bucket,4 Mei 2024,2025-07-12 01:36:19
"KFC, Manyar Kertoarjo",anton,9 Oktober 2016,1.0,Pesanan saya super besar new2……. Diberi ayam 1 aja….. harusnya 2 ayam,Cream Soup - Super Besar New 2,22 April 2024,2025-07-12 01:36:19
"KFC, Manyar Kertoarjo",D*** G******,2 Oktober 2020,1.0,pesanan saya tidak lengkap ada yg kurang harusnya kan cream soupnya dapet dua tapi cuman di kasih satu,Cream Soup - Super Besar New 2,19 April 2024,2025-07-12 01:36:19
"KFC, Manyar Kertoarjo",Mr Juslen J. Sihombing,6 Desember 2015,5.0,Terima kasih ya.,Super Komplit 4,6 April 2024,2025-07-12 01:36:19
"KFC, Manyar Kertoarjo",mayanti,15 Oktober 2020,1.0,Minta paha atas di kasih dada,1 Pc Chicken - KFC Soup,11 April 2024,2025-07-12 01:36:19
"KFC, Manyar Kertoarjo",S** L****,9 Februari 2017,5.0,3 Pcs 3 👍👍👍 THANK YOU,1 Pc Chicken,9 April 2024,2025-07-12 01:36:19
"KFC, Manyar Kertoarjo",Sefrin,26 Januari 2021,4.0,ayam original best enaknya..,Super Besar New 2,8 April 2024,2025-07-12 01:36:19
"KFC, Manyar Kertoarjo",iqbal Fawwaz R,12 Desember 2017,5.0,Alhamdulillah sehat2 semua,Yakiniku Don - Mango Float,2 April 2024,2025-07-12 01:36:19
"KFC, Manyar Kertoarjo",Niniek,2 Agustus 2015,1.0,"Pesan 5 ayam, hanya dikirim 3 ayam saja",Crazy Deal 5Pcs - Pudding,21 Maret 2024,2025-07-12 01:36:19
"KFC, Manyar Kertoarjo",S** L****,9 Februari 2017,5.0,"Pesanan 3 Pcs KFC semuanya 
BAGUS BAGUS BAGUS 👍👍👍
GOOD GOOD GOOD 👍👍👍
THANK YOU VERY MUCH 🙏",1 Pc Chicken,17 Maret 2024,2025-07-12 01:36:19
"KFC, Manyar Kertoarjo",H******,25 Juni 2016,2.0,Potongan ayam sangat kecil dan yang lebih parah porsi french fries ukuran large sangat sedikit sekali. Sayang review disini tidak bisa upload photo untuk menunjukkan porsi french friesnya.,1 Pc Chicken - 1 Pc Chicken - French Fries Large,13 Maret 2024,2025-07-12 01:36:19
"KFC, Manyar Kertoarjo",H***** G******,27 November 2018,3.0,sdh note : minta EXTRA saos TOMAT & sambal yg byk malah TIDAK DIKASIH 1 pun ??????? 😱😡,Jagoan Hemat - 1 Pc Chicken,2 Maret 2024,2025-07-12 01:36:19
"KFC, Manyar Kertoarjo",Soo Liong,9 Februari 2017,5.0,Chicken with Good Portions and Delicious. Happy to order from here 👍😋,1 Pc Chicken,25 Februari 2024,2025-07-12 01:36:19
"KFC, Manyar Kertoarjo",D***,31 Juli 2016,5.0,Oke banget makanan andalan disaat darurat,Cream Soup - Jagoan Puas 1 - Jagoan Puas 1,19 Februari 2024,2025-07-12 01:36:19
"KFC, Manyar Kertoarjo",Riana Dewi,24 Januari 2020,2.0,tidak tepat waktu... proses lama restonya...,Super Komplit 4,8 Februari 2024,2025-07-12 01:36:19
"KFC, Manyar Kertoarjo",Soo Liong,9 Februari 2017,5.0,"Wow ! Wow ! Wow ! AYAM nya memang  No 1 ☝️
Service juga Luar Biasa 👍👍👍",1 Pc Chicken,5 Februari 2024,2025-07-12 01:36:19
"KFC, Manyar Kertoarjo",M****** S******,1 Februari 2016,5.0,"Terima kasih, mantap 👍",Rice - Super Besar New 2,4 Februari 2024,2025-07-12 01:36:19
"KFC, Manyar Kertoarjo",adellia,7 Juli 2020,5.0,mantapp chef mksih,Super Komplit 4 - Yakiniku Don,30 Januari 2024,2025-07-12 01:36:19
"KFC, Manyar Kertoarjo",noprinto,13 Desember 2021,5.0,mantap bersih cepat sopan,Jagoan Hemat,29 Januari 2024,2025-07-12 01:36:19
"KFC, Manyar Kertoarjo",gilang shaputra,24 September 2023,1.0,pesanan sya ada yang kurang 1 .. gmn caranya komplin,Super Komplit 1 - 1Pc Golden Chicken,25 Januari 2024,2025-07-12 01:36:19
"KFC, Manyar Kertoarjo",Abdul Slamet,20 April 2017,1.0,"Pesanan ayam tidak sesuai, tidak baca deskripsi.",Special Offer Double Down Kimchi - Twisty - KFC Soup - 1 Pc Chicken,16 Januari 2024,2025-07-12 01:36:19
"KFC, Manyar Kertoarjo",Y******,5 September 2017,2.0,Salah order makanan,Pay Singel Get Double Kombo OR Burger Single - Cream Soup,16 Januari 2024,2025-07-12 01:36:19
"KFC, Manyar Kertoarjo",Tofan Febrianto,31 Maret 2019,5.0,sayang nya ayam nya pedes jadi ga ke makan buat anak kecil,Snack Bucket Roasted Corn 1,9 Januari 2024,2025-07-12 01:36:19
"KFC, Manyar Kertoarjo",Zanuar arif Nurrachman,29 November 2022,5.0,Saya beli 2 chiken or tapi cuma dapat 1,Snack Bucket BBQ 1 - 1 Pc Chicken - Sprite,18 Desember 2023,2025-07-12 01:36:19
"KFC, Manyar Kertoarjo",Dita Aulia,19 April 2017,4.0,Pesen paha atas di kirimnya dada. lain kali di baca kembali ya notesnya,Super Komplit 2,17 Desember 2023,2025-07-12 01:36:19
"KFC, Manyar Kertoarjo",David John,10 November 2018,3.0,"More sauce wont hurt, miss order accuracy",1 Pc Chicken - 1 Pc Chicken,10 Desember 2023,2025-07-12 01:36:19
"KFC, Manyar Kertoarjo",Zanuar arif Nurrachman,29 November 2022,3.0,Saya pesan or ini krispi,Jagoan Hemat - Kombo OR Burger Single - Crispy Strips,29 November 2023,2025-07-12 01:36:19
"KFC, Manyar Kertoarjo",anitafauzi,15 April 2017,5.0,cocok pas sesuai pesanan,Jagoan Hemat - French Fries Large,22 November 2023,2025-07-12 01:36:19
"KFC, Manyar Kertoarjo",I******* P******* S*,24 Desember 2015,1.0,Kasih notes itu dibaca boss!,Super Besar New 1 - Super Besar New 2 - Kombo OR Burger Double,25 Oktober 2023,2025-07-12 01:36:19
"KFC, Manyar Kertoarjo",I******* P******* S*,24 Desember 2015,1.0,Kasih notes gak pernah dibaca. Koplak bener,Super Komplit 2 - Super Komplit 4 - Kombo Fish Burger,27 Oktober 2023,2025-07-12 01:36:19
"KFC, Manyar Kertoarjo",I******* P******* S*,24 Desember 2015,1.0,BGSD! SAYA DIKASIH BINTANG 1 SAMA CUSTOMER GARA GARA PELAYAN SIALANNYA TIDAK BACA NOTES UNTUK KASIH SAOS TOMAT! MATIIN TEJEKI ORANG SAJA!,Super Komplit 2 - Super Besar New 2 - Jagoan Hemat,17 November 2023,2025-07-12 01:36:19
"KFC, Manyar Kertoarjo",I******* P******* S*,24 Desember 2015,1.0,BGS*! SAYA DIKASIH BINTANG 1 SAMA CUSTOMER GARA GARA PELAYAN SIALANNYA TIDAK BACA NOTES UNTUK KASIH SAOS TOMAT! MATIIN TEJEKI ORANG SAJA!,Jagoan Hemat - Super Komplit 2 - Twisty - Crispy Burger,18 November 2023,2025-07-12 01:36:19
"KFC, Manyar Kertoarjo",B* E*****,17 September 2022,3.0,"Kena charge packaging 4rb, kalau di mcd udah kemas tas spunbond. Tapi di KFC ternyata Cuma kresek transparan aja. 🇵🇸🇵🇸🇵🇸🇵🇸🇵🇸",The Best Thursday 9 Pcs - Chaki Kids Meal A - Spaghetti deluxe,16 November 2023,2025-07-12 01:36:19
"KFC, Manyar Kertoarjo",Erik Setiawan,12 Agustus 2015,1.0,"Biasa konfirmasi dulu, tapi kali ini ga dikomfirmasi dan pesananku diganti sayap, padahal aku tidak pernah makan sayap!",Super Besar New 2 - 1 Pc Chicken - Spaghetti Supreme,15 November 2023,2025-07-12 01:36:19
"KFC, Manyar Kertoarjo",N****** H***,9 November 2020,3.0,enak sih tapi sayangnya 🇮🇱🇮🇱,Jagoan Hemat,11 November 2023,2025-07-12 01:36:19
"KFC, Manyar Kertoarjo",D*****,16 Oktober 2016,1.0,not sealed. just plain bag.,Rice - 9 Pcs Chicken Bucket BT21,5 November 2023,2025-07-12 01:36:19
"KFC, Manyar Kertoarjo",Anwar Mohd,1 Februari 2023,2.0,My drink didnt arrive,9 Pcs Chicken Tote Bag - Coca Cola - French Fries Large,1 November 2023,2025-07-12 01:36:19
"KFC, Manyar Kertoarjo",A**,23 Oktober 2018,2.0,ayamnya kecil kecil harusnya kalo udah gaada yg besar bilang lah 🐴,Jagoan Hemat,23 Oktober 2023,2025-07-12 01:36:19
"KFC, Manyar Kertoarjo",denson,24 November 2016,1.0,beli 10 potong ayam tapi sambal sachet cuman dikasih 5 biji,Whole Chicken HUT KFC Disc 44K - 1 Pc Chicken,15 Oktober 2023,2025-07-12 01:36:19
"KFC, Manyar Kertoarjo",L***** H**** S*******,23 Desember 2015,5.0,"Walau program promo tapi kualitas dan rada tetap terjaga, terima kasih KFC manyar. Tingkatkan trus kualitas layanannya",Whole Chicken HUT KFC Disc 44K - Rice,14 Oktober 2023,2025-07-12 01:36:19
"KFC, Manyar Kertoarjo",A*****,6 Juli 2015,1.0,"Order ori, order diterima kfc, tapi ternyata driver confirm ori habis.",Cream Soup - Super Besar New 2 - Perkedel,13 Oktober 2023,2025-07-12 01:36:19
"KFC, Manyar Kertoarjo",Danny Enggar,13 November 2017,1.0,"Pesanan saya tidak sesuai dengan yang saya pesan,, dan saya ada bukti pemesanannya. Mohon untuk ditindaklanjuti kekurangan pesanan saya??",2 Pcs Chicken - Crispy Strips,9 Oktober 2023,2025-07-12 01:36:19
"KFC, Manyar Kertoarjo",Sitihotijah,18 Januari 2018,5.0,Lain kali mohon di cek pesanannya ..krn menu yg saya pesan tidak sesuai  ..dan saya komplain d pihak gojek gak bisa dan saya sendri yg hrs ke restonya..mau hemat waktu tpi mlah sebaliknya..saya tetap kasih bintang 5 krn saya jg di pelayanan ..saya hrap ini menjadi perbaikan buat pelayanannya,Super Besar New 2 - 1 Pc Chicken - Super Besar New 2,1 Oktober 2023,2025-07-12 01:36:19
"KFC, Manyar Kertoarjo",angga,22 Mei 2016,2.0,saya ga di kasih saos sambel..,Super Besar New 2,27 September 2023,2025-07-12 01:36:19
"KFC, Manyar Kertoarjo",krismawati saputri,11 Maret 2019,5.0,"sayang sekali saus nya ketinggalan, jd ndak ada saus nya sama sekali huhu😔",Cream Puff 2 Pcs - KFC Box Value 4 - Kombo Crispy Burger,21 September 2023,2025-07-12 01:36:19
"KFC, Manyar Kertoarjo",Caroline,19 Juli 2017,1.0,"Pesan “2 pc chicken” x2 jadi jumlahnya harus dapat 4 pc ayam.. tapi cuma dapat 2 pc ayam, .. 2 kali semua gini!",2 Pcs Chicken - 1 Pc Chicken,19 Agustus 2023,2025-07-12 01:36:19
"KFC, Manyar Kertoarjo",Caroline,19 Juli 2017,1.0,"Ayam pesan 2, di kasih 1 ! 2 kali gini !",2 Pcs Chicken - Perkedel - Twisty,7 Agustus 2023,2025-07-12 01:36:19
"KFC, Manyar Kertoarjo",Rainner Cenzo,22 Juli 2019,1.0,"saya pesan super besar new 2 total 2
harusnya ayamnya 4 datangnya cuman 2",Super Besar New 2 - Super Besar New 2,10 September 2023,2025-07-12 01:36:19
"KFC, Manyar Kertoarjo",S***** K*********,4 Juli 2017,3.0,paha bawahnya kecil banget,2 Pcs Chicken,6 September 2023,2025-07-12 01:36:19
"KFC, Manyar Kertoarjo",Ilham Fauzi Suwarno Putra,20 Oktober 2019,5.0,"crispy banget deh, enak",Kombo Extra 1 pc Chicken,31 Agustus 2023,2025-07-12 01:36:19
"KFC, Manyar Kertoarjo",bu sugik,1 November 2018,5.0,"Rasa masakannya bumbunya tembus kedaging , uenak mantaap pool..smg dilancarkan usahanya",Bucket Special Kemerdekaan,31 Agustus 2023,2025-07-12 01:36:19
"KFC, Manyar Kertoarjo",maymut,17 Juli 2022,4.0,saosnya kurang hehe,Kombo Extra 1 pc Chicken,27 Agustus 2023,2025-07-12 01:36:19
"KFC, Manyar Kertoarjo",Ganda Putra Maulana,11 Juni 2019,3.0,ke asinan masakanya,Winger Bucket Deal,21 Agustus 2023,2025-07-12 01:36:19
"KFC, Manyar Kertoarjo",noprinto,13 Desember 2021,5.0,rasanya mntap ayamnya empuk masih panas jg aym nys,Kombo Extra 1 pc Chicken,18 Agustus 2023,2025-07-12 01:36:19
"KFC, Manyar Kertoarjo",Deasy,13 Juli 2017,1.0,Jelas minta paha atas tapi dikasih dada! Kalau memang tidak ada tolong KONFIRMASI dulu!!!!,2 Pcs Chicken - 1 Pc Chicken - Crispy Strips,12 Agustus 2023,2025-07-12 01:36:19
"KFC, Manyar Kertoarjo",R*** M******,21 Mei 2021,3.0,pesen twisty gak dikirim...sarapan jadi zonk deh 😣,Twisty - Complete Combo 5 - Rice,7 Agustus 2023,2025-07-12 01:36:19
"KFC, Manyar Kertoarjo",toni prasetyo,14 Oktober 2020,1.0,pesan 4 ayam yg datang 2 ayam. mohon dapat lebih teliti kembali dalam membaca dan memahami pesanan,Rice - 2 Pcs Chicken,6 Agustus 2023,2025-07-12 01:36:19
"KFC, Manyar Kertoarjo",aldyansyah,28 Agustus 2022,4.0,"oke sih, monoton tapi rasanya dari saya kecil",Kombo Extra 1 pc Chicken,31 Juli 2023,2025-07-12 01:36:19
"KFC, Manyar Kertoarjo",M****,17 Juli 2023,5.0,enak bumbunya mantap,1 Pc Hot Chili Chicken - Mocha Float,26 Juli 2023,2025-07-12 01:36:19
"KFC, Manyar Kertoarjo",A***,29 Mei 2017,1.0,APASE SALAH PESENAN WOI,Kombo Extra 2 pcs Strips - 1 Pc Chicken - Complete Combo 1 - Rice,21 Juli 2023,2025-07-12 01:36:19
"KFC, Manyar Kertoarjo",R**** W*********,19 Oktober 2016,1.0,"Harusnya dapat 5 ayam, tp kok dapet 3 ayam",2 Pcs Chicken - Mango Float - 1 Pc Chicken,9 Juli 2023,2025-07-12 01:36:19
"KFC, Manyar Kertoarjo",VERA YOSEPHINE,29 Desember 2015,5.0,"ENAK, RASANYA PAS",Tote Bag - KFC Soup,6 Juli 2023,2025-07-12 01:36:19
"KFC, Manyar Kertoarjo",bu sugik,1 November 2018,5.0,Rasa dan Porsinya waoo...mantaap pooll...Loorr,Complete Combo 9,29 Juni 2023,2025-07-12 01:36:19
"KFC, Manyar Kertoarjo",T**** A******* T******,30 April 2015,1.0,I ordered specifically thigh,1 Pc Chicken - Cream Soup - Rice - Perkedel,29 Juni 2023,2025-07-12 01:36:19
"KFC, Manyar Kertoarjo",S***,22 Februari 2018,5.0,mantep dapet tata,Chaki Meal A Coloring Kit,11 Juni 2023,2025-07-12 01:36:19
"KFC, Manyar Kertoarjo",P****,27 Desember 2017,4.0,aku mintanya yang tata dikasi yang van mainannya :(,Chaki Meal A Coloring Kit - Cream Soup,12 Juni 2023,2025-07-12 01:36:19
"KFC, Manyar Kertoarjo",Shella,27 Februari 2018,3.0,Rasanya KFC gak seenak yg dulu,Complete Combo 8 - Spaghetti deluxe,18 Mei 2023,2025-07-12 01:36:19
"KFC, Manyar Kertoarjo",ugik,5 Maret 2016,1.0,"saya pesen super combo 1, 2 paket, tapi masing2 dapet nya cuma 1 ayam .... ngantuk apa gimana",Super Kombo  1,23 Mei 2023,2025-07-12 01:36:19
"KFC, Manyar Kertoarjo",Anggi,21 April 2023,3.0,kentang sdh melempem 🤭,Kombo Extra 1 pc Chicken,18 Mei 2023,2025-07-12 01:36:19
"KFC, Manyar Kertoarjo",B****,25 Agustus 2015,3.0,"I ordered chicken breast and wings, they notify they didn’t have wings, so they traded it with drum stick. But they also traded the chicken breast with thigh.",Kombo Extra 1 pc Chicken,16 Mei 2023,2025-07-12 01:36:19
"KFC, Manyar Kertoarjo",hamidah,26 November 2016,1.0,Beli 3 porsi dikirim 1 porsi 😭😭😭,Yubari Float - 2 Pcs Chicken,7 Mei 2023,2025-07-12 01:36:19
"KFC, Manyar Kertoarjo",O**,2 September 2015,3.0,Lagi-lagi dikecewakan oleh pelayanan KFC. Sebaiknya diberi deskripsi yang jelas tentang apa yang dijual supaya pelanggan tidak kecewa. Order 2 dada mentok ala carte dikasih paha atas dan paha bawah. Driver pun tidak diinfo soal ini karena baru ketahuan ketika dibuka.,2 Pcs Chicken,2 Mei 2023,2025-07-12 01:36:19
"KFC, Manyar Kertoarjo",A*******,8 November 2016,2.0,ayam gorengnya bukan ayam goreng fresh melainkan ayam goreng yg sudah dihangatkan. ckck trus porsi kentang large seperti porsi reguler bahkan sepertinya lebih sedikit dan kentangnya pun juga versi yang digoreng lebih dari sekali alias dihangatkan juga.,Cream Soup - Complete Combo 1,22 April 2023,2025-07-12 01:36:19
"KFC, Manyar Kertoarjo",bu sugik,1 November 2018,5.0,"Rasanya mantap, porsinya waooo....asyik puooll",Kombo Super Duk Duk 2,17 April 2023,2025-07-12 01:36:19
"KFC, Manyar Kertoarjo",tera liana,24 November 2017,2.0,ayamnya jangan ayam kemarin jual lagi rsa nya gk enak,2 Pcs Chicken,16 April 2023,2025-07-12 01:36:19
"KFC, Manyar Kertoarjo",Putri Wahyuni K.W.,16 Agustus 2015,3.0,Rugi hampir 50ribu karena ayamnya kurang 1 paket. Tolong mohon lebih teliti karena yg rugi banyak pihak. Padahal saya sudah minta driver utk mengingatkan pihak resto,Breakfast Combo 2 - Cream Soup - 2 Pcs Chicken - Rice,12 April 2023,2025-07-12 01:36:19
"KFC, Manyar Kertoarjo",Devanus P,23 April 2018,2.0,"pesan ayam 7, datang cuma 5",Super 7 Plus,10 April 2023,2025-07-12 01:36:19
"KFC, Manyar Kertoarjo",Wahyu,2 April 2016,4.0,ayam crispy nya terlalu kering tapi rasa masih seperti yg dulu,Kombo Extra 1 pc Chicken - Rice,6 April 2023,2025-07-12 01:36:19
"KFC, Manyar Kertoarjo",A********,12 November 2017,3.0,"saya pesan ayam ori dikasih ayam krispi, akhirnya kepedasan dan bikin maag sakit",Rice - Cream Soup - 1 Pcs Chicken,6 April 2023,2025-07-12 01:36:19
"KFC, Manyar Kertoarjo",sifa,19 Oktober 2015,5.0,Mantap. Enak dan fresh,Breakfast Combo 1 - Cream Soup,5 April 2023,2025-07-12 01:36:19
"KFC, Manyar Kertoarjo",christine,5 Mei 2017,1.0,"SUDAH DI TULIS DI NOTE MINTA SAOS TOMAT AJA, NGAK MAU SAMBEL, EH MALAH DI KASI SAMBEL SEMUA. MENGECEWAKAN!",Super Kombo  5,3 April 2023,2025-07-12 01:36:19
"KFC, Manyar Kertoarjo",Yunita,31 Oktober 2017,4.0,tepung kulit ayame asin,Cream Soup - 9 Pcs Chicken Tote Bag - French Fries Large - Yubari Float,2 April 2023,2025-07-12 01:36:19
"KFC, Manyar Kertoarjo",avril,24 Juni 2018,1.0,order paha atas diberi paha bawah..payah.. pegawainya ganti saja,2 Pcs Chicken,29 Maret 2023,2025-07-12 01:36:19
"KFC, Manyar Kertoarjo",N**** D******,8 September 2015,4.0,Air minumnya ga ada pdhl dipaketannya ada hehe,Super Kombo  4,24 Maret 2023,2025-07-12 01:36:19
"KFC, Manyar Kertoarjo",Y******,30 Oktober 2015,3.0,Kesekian kalinya gagal dapat extra saos tomat,Rice - Coca Cola - 2 Pcs Chicken,23 Maret 2023,2025-07-12 01:36:19
"KFC, Manyar Kertoarjo",rukmini,3 Maret 2018,1.0,"kl menu ngga ada,tolong di tutup aplikasinya
jangan asal di ganti2 aja
saya di note minta merica,tp ngga dikasih
restoran sdh jaman dulu bagus,cuma SDM nya yg ngga becus.bikin rusak nama KFC aja",Cream Soup - French Fries Large,20 Maret 2023,2025-07-12 01:36:19
"KFC, Manyar Kertoarjo",gobang,9 Februari 2023,5.0,maksimal pokok e,Snack Bucket BBQ 2,18 Maret 2023,2025-07-12 01:36:19
"KFC, Manyar Kertoarjo",Z*******,12 Januari 2018,3.0,ayam nya mahal dibanding Burger King,Cream Soup - 1 Pcs Chicken,12 Maret 2023,2025-07-12 01:36:19
"KFC, Manyar Kertoarjo",chandra,8 Desember 2019,1.0,saya pesan 2 paket kombo isi 2 berarti dapat 4 ayam yang dikirim hanya 2 ayam,2 Pcs Chicken - French Fries Reguler - KFC Soup,4 Maret 2023,2025-07-12 01:36:19
"KFC, Manyar Kertoarjo",F***** H*******,16 Maret 2018,1.0,mohon maaf rasa ayamnya sudah tidak enak.,2 Pcs Chicken - Perkedel - Rice - KFC Soup,2 Maret 2023,2025-07-12 01:36:19
"KFC, Manyar Kertoarjo",bu sugik,1 November 2018,5.0,"makanannya rasanya mantap puuooll semuanya, kriuk kriuk, smg dilancarkan usahanya",Super Kombo  8,28 Februari 2023,2025-07-12 01:36:19
"KFC, Manyar Kertoarjo",L**** S**,8 Januari 2019,1.0,Tidak sesuai pesanan,Kombo Extra 1 pc Chicken - Perkedel,11 Februari 2023,2025-07-12 01:36:19
"KFC, Manyar Kertoarjo",kezia,28 Juli 2017,1.0,Banyak makanan yang tidak diantar,Super Star Combo 3 - 2 Pcs Chicken - Super Star Combo 2,6 Februari 2023,2025-07-12 01:36:19
"KFC, Manyar Kertoarjo",Muhammad Firman,19 Januari 2019,2.0,"tadi saya pesan 2 ayam dan 2 nasi, yang 2 nasi tidak terkirim, akhirnya saya pesan ulang",1 Pcs Chicken - Rice,1 Februari 2023,2025-07-12 01:36:19
"KFC, Manyar Kertoarjo",nabila ayudhita,5 Juni 2016,2.0,Sdh 3x  pesan dan saya note minta chili sauce sachet tdk pernah ada.,Complete Combo 1 - Cream Soup,9 Januari 2023,2025-07-12 01:36:19
"KFC, Manyar Kertoarjo",A*****,3 Agustus 2017,2.0,"Salah order
Dan tidak Di check",Crispy Strips - KFC Winger,21 Januari 2023,2025-07-12 01:36:19
"KFC, Manyar Kertoarjo",Eklesius Misericordias Domini,13 Februari 2019,3.0,Saus sambal kurang padahal sudah minta dilebihkan,Complete Combo 2 - Mocha Float,14 Januari 2023,2025-07-12 01:36:19
"KFC, Manyar Kertoarjo",anty,23 Oktober 2015,5.0,Golden chickennya ueanaaakk ngeett 👍,Complete Combo 1 - Complete Combo 2 - Hot & Cheesy Chicken,8 Januari 2023,2025-07-12 01:36:19
"KFC, Manyar Kertoarjo",priyo,5 April 2015,5.0,Enak dan praktis,1 Pcs Chicken - KFC Winger - Rice,9 Januari 2023,2025-07-12 01:36:19
"KFC, Manyar Kertoarjo",A*** A********,3 Juli 2019,3.0,cream soupnya nggak ada,Complete Combo 5,7 Januari 2023,2025-07-12 01:36:19
"KFC, Manyar Kertoarjo",dwi arifta,21 September 2022,5.0,suka sama makanan nya,Complete Combo 9 - Super Star Combo 3,1 Januari 2023,2025-07-12 01:36:19
"KFC, Manyar Kertoarjo",wenik,13 September 2022,3.0,saosnya kok cuman 1😥,Crispy Burger,31 Desember 2022,2025-07-12 01:36:19
"KFC, Manyar Kertoarjo",jatmiko,23 Agustus 2015,1.0,Pesan ori dan crispy tapi yang datang ori semua,2 Pcs Chicken - Beijing Don,28 Desember 2022,2025-07-12 01:36:19
"KFC, Manyar Kertoarjo",Vallent Alexis Chindra,30 Juli 2019,3.0,Pesanan tidak sesuai dan kurang,Goal Combo 1 - Goal Combo 1 - Rice - 1 Pcs Chicken,27 Desember 2022,2025-07-12 01:36:19
"KFC, Manyar Kertoarjo",S**** V***,8 Desember 2020,5.0,ngga dikasih sambel . ngga ada sendoknya juga .. pdhl beli bakso ikan 2 sama mie ayam nya juga . huf,Yakiniku Don - 2 Pcs Chicken - Lemonico Float - Star Fruit Float - KFC Soup,22 Desember 2022,2025-07-12 01:36:19
"KFC, Manyar Kertoarjo",C******** O* A***,27 Juli 2015,2.0,Asin skali dan agak gosong,Whole Chicken - Fish Burger - Rice,16 Desember 2022,2025-07-12 01:36:19
"KFC, Manyar Kertoarjo",Jhon Christian,17 Oktober 2015,1.0,tidak ada chicken balls,Super Bola 1,17 Desember 2022,2025-07-12 01:36:19
"KFC, Manyar Kertoarjo",ivan,8 Agustus 2022,3.0,"sudah kejadian 2 kali.. saya pesan combo2 (ayam 2) dan selalu isinya ayam 1 potong
tolong berjualan nya agak jujur",Complete Combo 2,16 Desember 2022,2025-07-12 01:36:19
"KFC, Manyar Kertoarjo",Bambang Adi,25 Agustus 2015,2.0,40 tahun makan KFC baru kali ini tidak ada sambal/saos tomat & soft drink rasanya tidak enak kebanyakan air😖👎👎👎👎,Goal Combo 1,13 Desember 2022,2025-07-12 01:36:19
"KFC, Manyar Kertoarjo",Frisca AQ,16 Desember 2018,5.0,banyak promonya seneng bgt sama kfc neh,Complete Combo 7 - Cream Puff 2 Pcs - Cream Soup - Twisty,7 Desember 2022,2025-07-12 01:36:19
"KFC, Manyar Kertoarjo",W**** H********,22 September 2016,2.0,"kuahnya tumpah semua, rasanya hambar
tidak profesional restoran nya",KFC Soup + Veggie Ball - Burger Party 1,7 Desember 2022,2025-07-12 01:36:19
"KFC, Manyar Kertoarjo",A***********,1 Januari 2017,2.0,Sy beli 2 paket ayam ( 1 paket isi 2 ayam @ 46 ***) dan 2 puding @ 6000. Pembayaran 119.500 . Ayam yg saya terima 2 paha. seharusnya 4 paha.),2 Pcs Chicken - Pudding,4 Desember 2022,2025-07-12 01:36:19
"KFC, Manyar Kertoarjo",Hadi Marwan,18 April 2018,2.0,"menunya menawarkan ayam, yang dikasih malah kentang",Complete Combo 10,1 Desember 2022,2025-07-12 01:36:19
"KFC, Manyar Kertoarjo",toni hidayat,26 Juni 2016,4.0,Nasinya gak ada 🥺,Value Serbu,29 November 2022,2025-07-12 01:36:19
"KFC, Manyar Kertoarjo",Zahra novi,19 Juni 2020,1.0,pesanannya kurang 1 box ayam isi 2,2 Pcs Chicken - Mocha Float - Cream Soup,26 November 2022,2025-07-12 01:36:19
"KFC, Manyar Kertoarjo",sang putu panji,2 Agustus 2019,1.0,Saya pesen nasi dua malah di kasi 1 udh bayar nasi gak dapet payah !!!,Complete Combo 2 - Rice,22 November 2022,2025-07-12 01:36:19
"KFC, Manyar Kertoarjo",anggi,24 November 2015,1.0,minta mocha float less ice yg artinya sedikit es tp dapetnya literally hanya mocha no ice dan no float. and it's 2nd times 😮‍💨,Mozzaroll - Spaghetti deluxe - Mocha Float - 2 Pcs Chicken,9 November 2022,2025-07-12 01:36:19
"KFC, Manyar Kertoarjo",N***********,18 November 2015,4.0,"ayamnya enak cm saus sambalnya aneh banget ? lebih encer trus warnanya kayak luntur..
jd mencurigakan",Kombo Free Chicken Strips 5 - Perkedel - Crispy Burger,9 Oktober 2022,2025-07-12 01:36:19
"KFC, Manyar Kertoarjo",immanuel,6 Juli 2021,2.0,"terlalu lama menunggu, ayamnya tdk seenak McDonald",Complete Combo 2,7 November 2022,2025-07-12 01:36:19
"KFC, Manyar Kertoarjo",P*******,11 November 2016,3.0,Coca cola nya rasa asap rokok bingung juga kenapa 🤦🏻‍♀️,Yakiniku Don - Fun Fries - Complete Combo 1,30 Oktober 2022,2025-07-12 01:36:19
"KFC, Manyar Kertoarjo",A****,29 Juli 2016,2.0,"Ga sesuai, minta nya dada mentok malah di kasih dada tulang keduanya",Complete Combo 6 - Complete Combo 1 - KFC Soup + Veggie Ball,29 Oktober 2022,2025-07-12 01:36:19
"KFC, Manyar Kertoarjo",karina,7 Juni 2018,2.0,pesanan kurng 1,Breakfast Combo 2 - Spaghetti Supreme - Twisty - Yakiniku Don - Beijing Don - Mozzaroll - Minimozza,25 Oktober 2022,2025-07-12 01:36:19
"KFC, Manyar Kertoarjo",vendy,8 Juni 2019,4.0,"porsinya seperti jumlah orang jujur di negri ini, dikit amat",Breakfast Combo 1,16 Oktober 2022,2025-07-12 01:36:19
"KFC, Manyar Kertoarjo",Clarissa Samantha,17 Mei 2019,5.0,"super sekali, rasa dan kualitas serta service",The Best Thursday 15,13 Oktober 2022,2025-07-12 01:36:19
"KFC, Manyar Kertoarjo",A***,30 Maret 2017,1.0,"beberapa kali pesan sdh note saus sambal nambah, tdk pernah di kasih",Complete Combo 6,9 Oktober 2022,2025-07-12 01:36:19
"KFC, Manyar Kertoarjo",Sundoro Sentosa,15 September 2016,5.0,pertahankan kualitasnya,2 Pcs Chicken - 2 Pcs Chicken,8 Oktober 2022,2025-07-12 01:36:19
"KFC, Manyar Kertoarjo",elvira,12 Agustus 2021,5.0,"makasi chef kfc, makasi juga buat mas yang nganter, lopyu sarangheo",Spaghetti Supreme,5 Oktober 2022,2025-07-12 01:36:19
"KFC, Manyar Kertoarjo",N******,3 Desember 2017,4.0,"sudah di note burger nya gak pake saos, masih dipakein saos",Chaki Meal B Coloring Kit - KFC Winger,4 Oktober 2022,2025-07-12 01:36:19
"KFC, Manyar Kertoarjo",dimas dias,26 Juli 2016,1.0,Pesen apa dikasih apa?,KFC Winger - Spaghetti deluxe - Colonel Burger,2 Oktober 2022,2025-07-12 01:36:19
"KFC, Manyar Kertoarjo",Yordan Firman,12 Mei 2018,5.0,enak sekali makananya,Pink Coconut Float - Colonel Burger - Spaghetti deluxe,29 September 2022,2025-07-12 01:36:19
"KFC, Manyar Kertoarjo",N**,1 Juni 2022,1.0,penipuan pesen ayam dua paket yang datang satu paket,2 Pcs Chicken,26 September 2022,2025-07-12 01:36:19
"KFC, Manyar Kertoarjo",A**** H****,10 September 2021,3.0,mango float malah kopi,Complete Combo 5,25 September 2022,2025-07-12 01:36:19
"KFC, Manyar Kertoarjo",magda,9 Juni 2015,4.0,"order cream soup di nota cream soup
yang datang soup biasa",Cream Soup - Complete Combo 4,23 September 2022,2025-07-12 01:36:19
"KFC, Manyar Kertoarjo",Syamsul bahri,17 September 2022,5.0,makanan nya enak,Yakiniku Don - Cream Soup - Complete Combo 6,17 September 2022,2025-07-12 01:36:19
"KFC, Manyar Kertoarjo",C********,20 Oktober 2021,3.0,Ayam dingin n agak keras,1 Pcs Chicken,16 September 2022,2025-07-12 01:36:19
"KFC, Manyar Kertoarjo",H*****,9 November 2016,3.0,pelit bgt kasih saos,2 Pcs Chicken,14 September 2022,2025-07-12 01:36:19
"KFC, Manyar Kertoarjo",Bima,21 Juli 2018,1.0,"Pesan 2 paket complete combo 2 yang seharusnya masing-masing isi 2 ayam (total 4 ayam), tapi yang datang masing-masing cuma isi 1 ayam (total 2 ayam). setelah baca beberapa ulasan, ternyata tidak hanya sekali kejadian seperti ini, jadi cukup kali ini saja pesan di sini. sangat mengecewakan dan tidak memuaskan!!!",Complete Combo 2,9 September 2022,2025-07-12 01:36:19
"KFC, Manyar Kertoarjo",Ario Wicaksono,10 Juli 2016,1.0,Kurang diteliti dengan crew KFC Manyar Kertoarjo No. 92-94 sebelum dikasihkan ke driver GoFood nya karena pesanan sy kurang 1 yaitu Spaghetti Deluxe TIDAK ADA di dalam tas kresek yg sy terima...,French Fries Reguler - Cream Soup - Spaghetti deluxe - Pudding - Twisty,27 Agustus 2022,2025-07-12 01:36:19
"KFC, Manyar Kertoarjo",E******,27 Februari 2017,3.0,lebih mahal dibanding merk sejenisnya,2 Pcs Chicken,25 Agustus 2022,2025-07-12 01:36:19
"KFC, Manyar Kertoarjo",F*****,9 Juni 2016,2.0,"Minta paha dikasi dada, minta saos tomat 4 dikasi satu padahal sdh ngmg tdk usah sambal",Complete Combo 2,23 Agustus 2022,2025-07-12 01:36:19
"KFC, Manyar Kertoarjo",Wan Ridwan,30 Oktober 2020,5.0,makanannya uennaaaak tenaaan,Complete Combo 8,6 Agustus 2022,2025-07-12 01:36:19
"KFC, Manyar Kertoarjo",Laxlina,24 Agustus 2019,4.0,"Enak sihh..
cuma sekarang sulit pesen O.R",2 Pcs Chicken,23 Juli 2022,2025-07-12 01:36:19
"KFC, Manyar Kertoarjo",Niar,17 Desember 2021,1.0,Sangat kecewa Pesanan tidak sesuai,KFC Winger,6 Agustus 2022,2025-07-12 01:36:19
"KFC, Manyar Kertoarjo",Marcelina Casilda,30 Mei 2020,1.0,"ada 1 ayam yang tidak ada
awalnya saya pesan paket combo 4 dan 1 pcs ayam original 
tapi yang datang paket combo 4 nya kurang sayap ayam 1",Complete Combo 4 - 1 Pcs Chicken,3 Agustus 2022,2025-07-12 01:36:19
"KFC, Manyar Kertoarjo",S*****,8 Januari 2018,4.0,kurang gurih...........................,2 Pcs Chicken - 2 Pcs Chicken - Twisty - Spaghetti Supreme,11 Juni 2022,2025-07-12 01:36:19
"KFC, Manyar Kertoarjo",D****,26 Agustus 2015,1.0,Pesan 5 pcs ayam yang dikirim hanya 3 pcs ayam. Padahal sudah saya beri note untuk mengingatkan karena bulan lalu juga terjadi kesalahan yang sama. KFC mengecewakan sekali.,2 Pcs Chicken - 1 Pcs Chicken,28 Juli 2022,2025-07-12 01:36:19
"KFC, Manyar Kertoarjo",suhandi,17 Januari 2018,2.0,minta saos sambel ekstra tidak dikasih,KFC Bento - Complete Combo 2,28 Juli 2022,2025-07-12 01:36:19
"KFC, Manyar Kertoarjo",Ayu,21 April 2016,1.0,"saya pesan 2 paket 2pc chicken OR, cm dtg 1 pc aja, bukan perkara harga, tp masa brand sekelas KFC ga ada double check,",Complete Combo 1 - 2 Pcs Chicken - Spaghetti deluxe,28 Juli 2022,2025-07-12 01:36:19
"KFC, Manyar Kertoarjo",Wahyu,23 Maret 2019,4.0,"banana milk mwanisz bgt ya:""",Complete Combo 1 - Complete Combo 5 - KFC Soup + Veggie Ball,28 Juli 2022,2025-07-12 01:36:19
"KFC, Manyar Kertoarjo",@Heri Irwansyah,23 Agustus 2021,5.0,sausnya tidak ada,Complete Combo 3,19 Juli 2022,2025-07-12 01:36:19
"KFC, Manyar Kertoarjo",Ervina,17 Agustus 2015,5.0,"puff nya juara , enak banget, fillingnya manis pas, rasanya lembut",Cream Puff 2 Pcs - Cream Puff 1 Pcs,16 Juli 2022,2025-07-12 01:36:19
"KFC, Manyar Kertoarjo",D** R,13 April 2018,5.0,"Lovely chicken soup. 👌Murah,enak dan panas. Kapan lagi ada ice cream? Ayam crispy recommended. Thanks chef",KFC Soup - Complete Combo 1,16 Juli 2022,2025-07-12 01:36:19
"KFC, Manyar Kertoarjo",Kusumastuti,28 Maret 2018,5.0,rasa enak dan harga sesuai rasa,Colonel Yakiniku Rice - Perkedel - Spaghetti deluxe,14 Juli 2022,2025-07-12 01:36:19
"KFC, Manyar Kertoarjo",erna,13 Agustus 2016,3.0,spageti nya kematangan. jd lembek. harusnya aldente,Spaghetti Supreme,9 Juli 2022,2025-07-12 01:36:19
"KFC, Manyar Kertoarjo",yurdan ferdian,29 Agustus 2016,5.0,Sip dah pokoknya,Family Combo 1,11 Juli 2022,2025-07-12 01:36:19
"KFC, Manyar Kertoarjo",Ceriabudianto12,3 Januari 2021,5.0,semangat teruss yaa,Mango Float - Cream Soup - Chaki Meal A - 2 Pcs Chicken,1 Juli 2022,2025-07-12 01:36:19
"KFC, Manyar Kertoarjo",Wahyu,23 Maret 2019,4.0,mocha float gaada float nya,Mocha Float - Cream Soup,1 Juli 2022,2025-07-12 01:36:19
"KFC, Manyar Kertoarjo",diah,16 Mei 2019,5.0,"Terima kasih ya KFC manyar, request HC tulang muda di kasih, seneng banget.
sambal & mericanya jg di ksh. 
packingnya jg rapi ga tumpah. 
*5 
tq jg Gofood buat promonya.. tau aja lg tgl tuwek :p",Complete Combo 5,27 Juni 2022,2025-07-12 01:36:19
"KFC, Manyar Kertoarjo",Adi kelvianto,23 September 2018,5.0,"Enak seperti biasanya, tapi kalau bisa menu personal bucket di munculin lagi dong...",Complete Combo 7,26 Juni 2022,2025-07-12 01:36:19
"KFC, Manyar Kertoarjo",O**** C******,13 Oktober 2017,1.0,"pesen paket kenyang 4, tp ga ada chicken strip nya.",Praktis Kenyang 4 - Complete Combo 5 - Cream Puff 2 Pcs,19 Juni 2022,2025-07-12 01:36:19
"KFC, Manyar Kertoarjo",Dwi R,13 April 2018,5.0,"Ice cream nya discontinue ya,padahal enak banget. Reorder supnya Murmer tapi recommended banget.",Complete Combo 1 - KFC Soup - 2 Pcs Chicken,18 Juni 2022,2025-07-12 01:36:19
"KFC, Manyar Kertoarjo",irnita,25 Juli 2016,2.0,saya pesan 2 box 2 pcs ayam yang datang hanya 1 box,2 Pcs Chicken - Mocha Float,18 Juni 2022,2025-07-12 01:36:19
"KFC, Manyar Kertoarjo",ridho abdi,27 Juni 2019,5.0,mantaffff boskuuu,Complete Combo 5 - Cream Soup,14 Juni 2022,2025-07-12 01:36:19
"KFC, Manyar Kertoarjo",C***,2 Februari 2019,3.0,Kentang keras dan dingin,2 Pcs Chicken - French Fries Large,14 Juni 2022,2025-07-12 01:36:19
"KFC, Manyar Kertoarjo",david,27 November 2015,1.0,Mintanya dada tanpa tulang dikasih dada dengan tulang,2 Pcs Chicken,13 Juni 2022,2025-07-12 01:36:19
"KFC, Manyar Kertoarjo",ariestya,12 Oktober 2017,4.0,"ayam masi hangat, enak dan empuk 👍
sayang float sdh ndak ada/larut ketika makanan sampai rumah 😅",Complete Combo 4,11 Juni 2022,2025-07-12 01:36:19
"KFC, Manyar Kertoarjo",Kevin,5 Mei 2017,3.0,"ada kekurangan pesanan, disini tertulis complete combo 5 terdapat cream soup, namun pesanan diterima tidak diberi cream soup 
detail pesanan : 
10480611G220024 tanggal 11 juni 2022 jam 11:01:21
customer F-1728823861",Complete Combo 5,11 Juni 2022,2025-07-12 01:36:19
"KFC, Manyar Kertoarjo",A****,23 Mei 2017,5.0,nyuum enkkkkkkk,Cream Soup - Cream Puff 1 Pcs - Complete Combo 2,10 Juni 2022,2025-07-12 01:36:19
"KFC, Manyar Kertoarjo",E**********,23 Juni 2015,1.0,Saya pesen 2 pcs chicken 2 box tp dkrim hanya 2 pcs chicken 1 box !!!!!,Cream Soup - 2 Pcs Chicken,8 Juni 2022,2025-07-12 01:36:19
"KFC, Manyar Kertoarjo",Abiyyu zahy,4 Juli 2018,3.0,"ayamnya kecil :""",Cream Soup - KFC Winger - Colonel Yakiniku Rice,6 Juni 2022,2025-07-12 01:36:19
"KFC, Manyar Kertoarjo",bu sugik,1 November 2018,5.0,mantaap...uenak,Praktis Kenyang 4 - Praktis Kenyang 1,26 Mei 2022,2025-07-12 01:36:19
"KFC, Manyar Kertoarjo",R*** H******,14 April 2020,5.0,Enak mcd wkkwkwkwkwk,V Buzz - Super Besar 2,30 Mei 2022,2025-07-12 01:36:19
"KFC, Manyar Kertoarjo",riza,9 Juli 2019,3.0,minta paha atas semuanya dikasih paha bawah,Super Besar 2,28 Mei 2022,2025-07-12 01:36:19
"KFC, Manyar Kertoarjo",zuhair emil,25 Juni 2015,2.0,Pesen 2 chicken strips kok dikasi cuma 1 ??,Crispy Chicken - Crispy Strips - French Fries Regular - Cream Soup - Spaghetti Deluxe,26 Mei 2022,2025-07-12 01:36:19
"KFC, Manyar Kertoarjo",setyowati,18 November 2017,5.0,rasanya top lah...,Super Besar 6,26 Mei 2022,2025-07-12 01:36:19
"KFC, Manyar Kertoarjo",erna,10 Mei 2017,4.0,kentangnya sepertinya digoreng lagi alot,Praktis Kenyang 3,23 Mei 2022,2025-07-12 01:36:19
"KFC, Manyar Kertoarjo",fitria,10 November 2020,1.0,"porsi ayam kecil bangettt ,rasa",Krunchy Burger - Super Besar 2,4 Mei 2022,2025-07-12 01:36:19
"KFC, Manyar Kertoarjo",R******,25 November 2020,5.0,pelayanan ramah dan cepatt sesuai yang diharapkan❤️❤️,Pudding - Rice - Super Besar 4,19 Mei 2022,2025-07-12 01:36:19
"KFC, Manyar Kertoarjo",Theresia Sherin,10 Februari 2016,5.0,"Selalu enak, the best",Super Besar 2 - Rice - KFC Soup + Veggie Ball - Cream Soup,16 Mei 2022,2025-07-12 01:36:19
"KFC, Manyar Kertoarjo",Feri Prasetyo,4 Mei 2022,4.0,aku minta sausnya di pisah tp msh aja di campur -_-,KFC Bento - KFC Bento,4 Mei 2022,2025-07-12 01:36:19
"KFC, Manyar Kertoarjo",hanny angel (adel),8 Agustus 2020,5.0,"yummy, nagih manggo floatnya🤩",Mango Float - Original Chicken,4 Mei 2022,2025-07-12 01:36:19
"KFC, Manyar Kertoarjo",K****** I*****,12 Agustus 2016,2.0,"saus sambel tidak ada, 🤔 hanya saus tomat 
kalau rasa ayam kfc enak.",Cream Soup - Super Besar 1,3 Mei 2022,2025-07-12 01:36:19
"KFC, Manyar Kertoarjo",Wiwin,1 November 2016,5.0,very delicious,Super Besar 4 - Patty In Blanket Gjk,1 Mei 2022,2025-07-12 01:36:19
"KFC, Manyar Kertoarjo",R**** I*********,19 Oktober 2020,1.0,"untuk menu mocha float tidak diberi float ice cream, seharusnya kan info ke customer dulu.",Crispy Chicken - KFC Soup - Perkedel - Super Besar 5,29 April 2022,2025-07-12 01:36:19
"KFC, Manyar Kertoarjo",Vanie,10 Januari 2022,1.0,"pesanan tidak sesuai 
saya pesan super besar 6 seharusnya dapat chicken crispy malah di kasih cream sop 
dan tidak ada konfirmasi jika tidak ada ketersediaan menu 
mohon di perhatikan lagi",Super Besar 6,28 April 2022,2025-07-12 01:36:19
"KFC, Manyar Kertoarjo","Pipieardi, Erdhyantika",13 Januari 2019,5.0,Suka rasanya pas lagi pingin ayam kfc originalnya,Super Besar 2 - Perkedel,27 Maret 2022,2025-07-12 01:36:19
"KFC, Manyar Kertoarjo",A*** S******,13 Juni 2015,2.0,Creamsoup tidak datang :(,Super Besar 5,27 April 2022,2025-07-12 01:36:19
"KFC, Manyar Kertoarjo",R****,6 September 2019,4.0,Mantap jos gandos cepet,Super Besar 8,25 April 2022,2025-07-12 01:36:19
"KFC, Manyar Kertoarjo",Mukh Amrulloh SSI,7 Mei 2018,4.0,kurang panas.  overall oke,Super Besar 8,24 April 2022,2025-07-12 01:36:19
"KFC, Manyar Kertoarjo",A****** K****,8 Mei 2021,2.0,Spagetti nya kurang,Cream Soup - Crispy Chicken - Spaghetti Deluxe,19 April 2022,2025-07-12 01:36:19
"KFC, Manyar Kertoarjo",ayahanda,17 Maret 2019,5.0,mantap enak dan fresh,Super Besar 6,15 April 2022,2025-07-12 01:36:19
"KFC, Manyar Kertoarjo",A** B*** W*******,19 Agustus 2018,5.0,"belom dimakan, belom jam buka.",KFC Bento - Cream Soup - Lemonico Float,12 April 2022,2025-07-12 01:36:19
"KFC, Manyar Kertoarjo",Gharin,7 Agustus 2015,5.0,"enak, mantap, asin gurihnya pas. tapi gatau lagi soalnya bukan aku yg makan.",Cream Soup - Crispy Strips,11 April 2022,2025-07-12 01:36:19
"KFC, Manyar Kertoarjo",Rommy,31 Juli 2021,1.0,"Klu org pesan to d baca, org minta ayam paha atas d ksh dada, minta saos sambal aja d ksh saos tomat hmmmm",Super Besar 1 - Super Besar 2 - French Fries Large,11 April 2022,2025-07-12 01:36:19
"KFC, Manyar Kertoarjo",andriani wulansari,23 Januari 2017,5.0,pas bangt rasany,Super Besar 2 - Rice,1 April 2022,2025-07-12 01:36:19
"KFC, Manyar Kertoarjo",suntinah,22 Oktober 2017,5.0,mantabs buat dosen pembimbing,Super Besar 8,30 Maret 2022,2025-07-12 01:36:19
"KFC, Manyar Kertoarjo",kafin indriani,5 Februari 2017,5.0,kfc selalu yg terbaik,Crispy Chicken - Pudding,28 Maret 2022,2025-07-12 01:36:19
"KFC, Manyar Kertoarjo",Andri,17 April 2016,1.0,"Kenapa udah pesan tulis di Note tp gak sesuai ?
Note ini buat apa ?
Minta Saos 5, di ksh cm 2.
Kenapa kalo Take Away mesti pelit saos gt ?
cb lah pake logika aja, ayam 2 saos cm secuil 2 bungkus gt makan gmna ?
minta yg msk akal aja, kalo misal pesan paket panas 1 ayam 1 biji saos nya dpt brp bungkus ?
2 bungkus kan ?
knp kalo pesan panas 2 ayam 2 saos cm dpt 2 ?
logika gak sih ??",Super Besar 2,29 Maret 2022,2025-07-12 01:36:19
"KFC, Manyar Kertoarjo",Freddy Soeprajitno,16 Januari 2017,3.0,kurang krispi tidak terasa kriuknya seperti kurang adonan tepungnya,9Pcs,28 Maret 2022,2025-07-12 01:36:19
"KFC, Manyar Kertoarjo",R***,14 Februari 2021,1.0,"Saya pesen churos 2 bungkusnya kertas ga kayak kfc lain dg box, selain itu chorosnya saos yg d dlm nya basi dan kecut nggak bisa d makan… pesenan lagian saya pesen twisty Tp nggk di kasih saos!!! KFC manyar memprihatinkan pelayanannya!! Perlu d pertanyakan karyawannya sesuai SDM nggak itu?!!!",Cream Puff 2Pc - Twisty - Mocha Float,26 Maret 2022,2025-07-12 01:36:19
"KFC, Manyar Kertoarjo",Fitriana Sari,4 Juni 2017,1.0,"pesen golden combo 2, tapi ayam nya yg dtg cuma 1",Cream Soup - Spaghetti Supreme - Golden Combo 2,26 Maret 2022,2025-07-12 01:36:19
"KFC, Manyar Kertoarjo",V******,27 September 2015,1.0,PELIT SAMBAL CUMA DIKASIH 1,Crispy Chicken,20 Maret 2022,2025-07-12 01:36:19
"KFC, Manyar Kertoarjo",ayu,11 Juli 2016,2.0,"Pak maaf ya tadi saya coba utk hubungi gabisa, tp ini saus kejunya dua duanya ga ada, jd saya seperti beli ayam biasa tp lebih mahal.. saya udah ke help center jg tidak dibalas. Makasih",Hot & Cheesy Chicken,19 Maret 2022,2025-07-12 01:36:19
"KFC, Manyar Kertoarjo",Y*****,25 Oktober 2015,3.0,"ayam OR nya kurang kering
ayam crispy lbh kecil dr OR
sayap kecil"" juga ya
sesuai hrg lah",The Best Thursday - Cream Soup,10 Maret 2022,2025-07-12 01:36:19
"KFC, Manyar Kertoarjo",A**** D*** L*******,21 November 2021,4.0,Sausnya kurang banyak,Super Besar 4,4 Maret 2022,2025-07-12 01:36:19
"KFC, Manyar Kertoarjo",audry,30 Januari 2018,5.0,"enak deh
fresh from the oven",Chaki Kids Meal A,5 Maret 2022,2025-07-12 01:36:19
"KFC, Manyar Kertoarjo",meme,20 Februari 2017,2.0,spritenya ga ada rasa seperti air putih kena garam alias sudah ga rasa sprite,SB1 + 50% Krunchy Burger,2 Maret 2022,2025-07-12 01:36:19
"KFC, Manyar Kertoarjo",N********,3 Oktober 2016,4.0,Kaget sausnya dikit🙁,SB1 + 50% Krunchy Burger,3 Maret 2022,2025-07-12 01:36:19
"KFC, Manyar Kertoarjo",V******** L******,18 Juli 2015,2.0,cream sup pesanan saya..sup lainnya yg didpt..,Cream Soup - Wing Original - Coca Cola - Spaghetti Deluxe,2 Maret 2022,2025-07-12 01:36:19
"KFC, Manyar Kertoarjo",Fakkar Mahdan,2 Desember 2021,5.0,overall oke semua,Mocha Float,4 Januari 2022,2025-07-12 01:36:19
"KFC, Manyar Kertoarjo",I******,14 Juni 2017,1.0,pesen 1 paket kok nasinya ga dateng,Zuper Box,27 Februari 2022,2025-07-12 01:36:19
"KFC, Manyar Kertoarjo",I********,5 Agustus 2018,4.0,cream soupnya agak keenceran,Kombo Bento - Cream Soup,26 Februari 2022,2025-07-12 01:36:19
"KFC, Manyar Kertoarjo",V****,18 Mei 2015,4.0,Semua permintaan dalam note tidak dipenuhi (tdk dibaca?),Super Besar 2,24 Februari 2022,2025-07-12 01:36:19
"KFC, Manyar Kertoarjo",R*****,2 Juni 2017,4.0,"i like the chicken, so tatstefull. 
but not like the spagethi cause the pasta was so  soft, and not chewy anymore. but the sauce is ok",Crispy Chicken - Spaghetti Deluxe,24 Februari 2022,2025-07-12 01:36:19
"KFC, Manyar Kertoarjo",Wiwit,17 Oktober 2018,5.0,rasanya gak karu-karuan,Crispy Strips - Wing Original - Krispy Burger,19 Februari 2022,2025-07-12 01:36:19
"KFC, Manyar Kertoarjo",Anita,9 Juni 2018,5.0,enak bangeettttt,The Best Thursday 2,17 Februari 2022,2025-07-12 01:36:19
"KFC, Manyar Kertoarjo",yogabuti,30 Juli 2016,1.0,pelit saus tomat dan sambal,Oriental Bento - Spaghetti Supreme,10 Februari 2022,2025-07-12 01:36:19
"KFC, Manyar Kertoarjo",nova,18 Oktober 2015,5.0,semoga sehat selalu,The Best Thursday - Yubari Float,10 Februari 2022,2025-07-12 01:36:19
"KFC, Manyar Kertoarjo",alib,7 Desember 2015,5.0,"wajib dicoba ini gaes, enak banget",Spaghetti Deluxe - Winger Seasoning,23 Januari 2022,2025-07-12 01:36:19
"KFC, Manyar Kertoarjo",francisca yuniar,3 Maret 2016,5.0,Semua nya good👍👍👍👍,Spaghetti Deluxe - Colonel All Star 1,2 Februari 2022,2025-07-12 01:36:19
"KFC, Manyar Kertoarjo",Dewi Safitri,14 Maret 2021,5.0,mantapuu  jiwaaa,Mango Float - Crispy Chicken,3 Februari 2022,2025-07-12 01:36:19
"KFC, Manyar Kertoarjo",Y****,19 September 2021,5.0,sayang deh sama chef nya😁,Combo Spaghetti Supreme,1 Februari 2022,2025-07-12 01:36:19
"KFC, Manyar Kertoarjo",Djenar Dyah Arum,26 Oktober 2017,5.0,"banyakin dong porsinya 😅😁
terimakasih selalu enak",Signature Box,31 Januari 2022,2025-07-12 01:36:19
"KFC, Manyar Kertoarjo",H******,15 Januari 2017,5.0,tadi untuk cream soup nya ndak dpt sendok..😊,Signature Box - Kombo OR Burger,23 Januari 2022,2025-07-12 01:36:19
"KFC, Manyar Kertoarjo",C********,8 November 2015,4.0,KFC selalu favorit sih.. pas ada kesalahan pesanan jg respon cukup baik. trims,Oriental Bento - Hot and Crispy Chicken - Crispy Strips,8 Januari 2022,2025-07-12 01:36:19
"KFC, Manyar Kertoarjo",KMG,5 Agustus 2020,5.0,enak banget recomend pokoknya makasih ya KFC puas banget sama hasil nya Hi Hi Hi Hi,Colonel All Star 1,21 Januari 2022,2025-07-12 01:36:19
"KFC, Manyar Kertoarjo",A******,31 Oktober 2021,4.0,sering lupa caosnya😅,Hot & Cheesy Chicken - Spaghetti Supreme - Original Chicken - Lovlychee Float - Mocha Boba Float - Mango Float,21 Januari 2022,2025-07-12 01:36:19
"KFC, Manyar Kertoarjo",S***** D**,24 Mei 2018,3.0,"mc flurry kok separuh?
ayamnya kecil bgt",Super Besar 2,15 Januari 2022,2025-07-12 01:36:19
"KFC, Manyar Kertoarjo",susi,5 Mei 2017,4.0,"sdh ok
KFC sll di hati❤",Cream Soup,16 Januari 2022,2025-07-12 01:36:19
"KFC, Manyar Kertoarjo",A**** I****** R*****,19 Januari 2021,1.0,dikasih paha bawah padahal minta paha atas. besok lgi yg teliti yah dan udh blg juga dibpk driver nya minta paha atas,Super Besar 2 - Krunchy Burger - Tote Bag KFC,14 Januari 2022,2025-07-12 01:36:19
"KFC, Manyar Kertoarjo",I****,6 Oktober 2016,1.0,baru kali ini makan kfc rasanya kayak ayam tak layak makan,9Pcs - Rice,11 Januari 2022,2025-07-12 01:36:19
"KFC, Manyar Kertoarjo",M****,7 November 2016,3.0,"ayam originalnya kurang fresh,rasa kurang enak .",Hot and Crispy Chicken - Oriental Bento - Original Chicken - Perkedel,11 Januari 2022,2025-07-12 01:36:19
"KFC, Manyar Kertoarjo",Nindyasari Diajeng,28 Juni 2016,1.0,"nasinya cuma dikasih 1, pesen 3 nasi, kurang 2.",Super Family - Hot and Crispy Chicken - Rice - Ovaltine 125 ML,10 Januari 2022,2025-07-12 01:36:19
"KFC, Manyar Kertoarjo",Peggy,6 September 2015,2.0,Minta sambal 4 sachets diksh 2 sachets parah,Super Besar 2,10 Januari 2022,2025-07-12 01:36:19
"KFC, Manyar Kertoarjo",Ali Siddha Widyana,16 Mei 2018,4.0,sedotannya lupa mbaaakk masss,Super Besar 2,9 Januari 2022,2025-07-12 01:36:19
"KFC, Manyar Kertoarjo",N*** A*******,27 Agustus 2018,4.0,mocha boba nya ga enak. pait bgt. boba nya jg keras 😖,Mocha Boba - Winger Seasoning,29 Desember 2021,2025-07-12 01:36:19
"KFC, Manyar Kertoarjo",Alif Syafri Tegariyansyah,3 Agustus 2017,5.0,Rasanya Tidak Ada Obat,Kombo Winger Seasoning - Super Besar 1 - Cream Puff 2Pc,6 Januari 2022,2025-07-12 01:36:19
"KFC, Manyar Kertoarjo",Alif Syafri Tegariyansyah,3 Agustus 2017,5.0,Rasanya Tidak Ada Obat,Cream Puff 2Pc,6 Januari 2022,2025-07-12 01:36:19
"KFC, Manyar Kertoarjo",Uciek Pras,2 Oktober 2018,5.0,Top KFC gak bosenin...👐👍👍,Cream Soup - Winger Bucket* - Rice,6 Januari 2022,2025-07-12 01:36:19
"KFC, Manyar Kertoarjo",Vincent,16 Februari 2017,2.0,bagian ayam tidak sesuai dengan produk dalam gambar 😡,9Pcs,3 Januari 2022,2025-07-12 01:36:19
"KFC, Manyar Kertoarjo",Z******* Y****,1 Agustus 2015,4.0,di aplikasi ayam ori masih available eh ternyata udah abis,Signature Box,2 Januari 2022,2025-07-12 01:36:19
"KFC, Manyar Kertoarjo",mayisa,23 April 2021,5.0,ayam cikeen nx enak banget kmi semua sukak banget terima kasih banyak,Winger Bucket*,2 Januari 2022,2025-07-12 01:36:19
"KFC, Manyar Kertoarjo",richard,7 Agustus 2018,2.0,Tolong perhatikan tingkat kematangannya. Ayam kurang matang masih merah2x dagingnya dan bau amis,5 PLUS 3 - 5 PLUS 3,31 Desember 2021,2025-07-12 01:36:19
"KFC, Manyar Kertoarjo",H****,18 September 2015,1.0,Tidak bisa beda kan paha dengan sayap.,Super Besar 2,30 Desember 2021,2025-07-12 01:36:19
"KFC, Manyar Kertoarjo",A**** D*** L*******,21 November 2021,1.0,"Saya nambah “Hot Cheese” tapi gak ada sausnya, kasih saus sambal pelit juga cuma 2 saset padahal udah request di catatan!",Zuper Box,28 Desember 2021,2025-07-12 01:36:19
"KFC, Manyar Kertoarjo",Bintang Betrisyia,19 Juli 2020,2.0,"ada 4 helai rambut di cream soup sm bento nya, tolong diperhatikan lg kebersihannya",Colonel  Rice Fest 2,27 Desember 2021,2025-07-12 01:36:19
"KFC, Manyar Kertoarjo",lutfi yaningsih,16 Oktober 2017,5.0,makasih pak semoga sehat selalu,KFC Original Movie Combo 2,12 November 2021,2025-07-12 01:36:19
"KFC, Manyar Kertoarjo",pekik prasetyo,1 Mei 2020,5.0,"manggo fruitsnya enak dan segar,anak saya woyyy...suka sekali.trims.",5 PLUS 3 - Lovlychee Float,26 Desember 2021,2025-07-12 01:36:19
"KFC, Manyar Kertoarjo",F**** H**** B*******,17 Juli 2018,1.0,porsi ayamnya jauh lebih sedikit dari biasanya,Colonel  Rice Fest 2,24 Desember 2021,2025-07-12 01:36:19
"KFC, Manyar Kertoarjo",A*****,1 April 2017,2.0,"Pesen paha datengnya dada, lovlychee datengnya mango float. Tanpa konfirmasi sebelumnya. Heran",Crispy Box - Pudding,20 Desember 2021,2025-07-12 01:36:19
"KFC, Manyar Kertoarjo",N**** A**** F*******,19 April 2018,4.0,Tidak hangat untuk kentang dan burgernya hehe,Spaghetti Deluxe - Colonel All Star 1,20 Desember 2021,2025-07-12 01:36:19
"KFC, Manyar Kertoarjo",david christian junior,4 Agustus 2015,3.0,potongan ayam semakin kecil,5 PLUS 3,19 Desember 2021,2025-07-12 01:36:19
"KFC, Manyar Kertoarjo",A***** A*********,14 April 2021,5.0,"sayang deh,,, sama chef nya😍😍🙂",Colonel All Star 1,18 Desember 2021,2025-07-12 01:36:19
"KFC, Manyar Kertoarjo",A*** P****** S****,26 Agustus 2016,1.0,"pesan colonel rice, tidak dikasih soup. order leci, yg dibawakan mango. sangat mengecawakan untuk sekelas kfc",Colonel  Rice Fest 1 - Combo Twisty - Hot and Crispy Chicken,18 Desember 2021,2025-07-12 01:36:19
"KFC, Manyar Kertoarjo",Hayyu Fath,10 Februari 2021,4.0,kentangnya semacam kurang fresh,Cream Soup - French Fries Regular,7 November 2021,2025-07-12 01:36:19
"KFC, Manyar Kertoarjo",ratih,31 Mei 2015,4.0,Saos spagetinya dikit,Cream Soup - Oriental Bento - Spaghetti Supreme,15 Desember 2021,2025-07-12 01:36:19
"KFC, Manyar Kertoarjo",titus,3 Desember 2015,5.0,enak rasanya sip,Super Besar 2,10 Desember 2021,2025-07-12 01:36:19
"KFC, Manyar Kertoarjo",Amel,4 Agustus 2015,4.0,Tp please deh masa ga dikasi saus ya Allah pgn nangess 😥😭😭😭,Sambal Korek - KFC Soup - Hot and Crispy Chicken - Pudding,13 Desember 2021,2025-07-12 01:36:19
"KFC, Manyar Kertoarjo",Helmi Taufiqurrahman,14 April 2016,3.0,"ayamnya kurang lama gorengnya, jd masih agak basah & warna putih tepung",5 PLUS 3,9 Desember 2021,2025-07-12 01:36:19
"KFC, Manyar Kertoarjo",Nizar,10 Oktober 2021,1.0,gaada burgernya kak,Zuper Box - Zuper Box,11 Desember 2021,2025-07-12 01:36:19
"KFC, Manyar Kertoarjo",Agung,30 Juni 2017,1.0,"pesen personal bucket 2, yang dateng lain wkwk. yaudahlah ya, mau ngembaliin kasian drivernya.",Super Besar 2 - Personal Snack Bucket 2,9 Desember 2021,2025-07-12 01:36:19
"KFC, Manyar Kertoarjo",A** M********,9 Juli 2016,5.0,"sip
terima kasih",Chaki Kids Meal A - Zuper Box - Chicken Skin,4 Desember 2021,2025-07-12 01:36:19
"KFC, Manyar Kertoarjo",M****,12 Oktober 2015,1.0,Yg di pesan dan yg dikirim salah,KFC Soup - Crispy Strips,8 Desember 2021,2025-07-12 01:36:19
"KFC, Manyar Kertoarjo",yogabuti,30 Juli 2016,1.0,Pelit saus tomat/sambal,Super Besar 1 - Oriental Bento,6 Desember 2021,2025-07-12 01:36:19
"KFC, Manyar Kertoarjo",Ananda Yuli Cantika,2 Maret 2017,5.0,"terima kasih, mantap👍🙏",Zuper Box,6 Desember 2021,2025-07-12 01:36:19
"KFC, Manyar Kertoarjo",N***** N,22 Oktober 2020,5.0,Terimakasih KFC saya suka makan disini sama doi😍,OMJ Praktis Oriental Bento - Colonel  Rice Fest 2,5 Desember 2021,2025-07-12 01:36:19
"KFC, Manyar Kertoarjo",J*****,19 November 2017,2.0,gorengan sangat berminyak. tidak crispy. padahal pesan yang HC. kualitas seperti ayam gorengan KFC KW.,9Pcs,5 Desember 2021,2025-07-12 01:36:19
"KFC, Manyar Kertoarjo",D**** M****,13 April 2018,4.0,semuax enak cmn Boba di minuman Mocca floatx masih keras.,Spaghetti Supreme - Lovlychee Float - Mango Float - Mocha Boba Float - Personal Snack Bucket 2,4 Desember 2021,2025-07-12 01:36:19
"KFC, Manyar Kertoarjo",yasmine,22 Januari 2018,3.0,saya pesen combo twist kentangnya ga dikasi,Combo Twisty - Mocha Float,4 Desember 2021,2025-07-12 01:36:19
"KFC, Manyar Kertoarjo",M********,16 April 2016,1.0,"Pesanan saya tidak sesuai menu yg di aplikasi dan ada menu yg tidak sampai kesaya padahal di bill ada, jadi kasian bapak ojolnya harus bolak balik dan saya kecewa makanan yg saya harapkan tidak sesuai pesana saya",Cream Soup - KFC Original Movie Combo 1 - OMJ Praktis OR Burger - Spaghetti Deluxe,4 Desember 2021,2025-07-12 01:36:19
"KFC, Manyar Kertoarjo",L***,12 Agustus 2016,1.0,pesen chicken skin dikirim kentang! selalu cabang maker g bener!!,5 PLUS 3 - Cream Puff 2Pc - Chicken Skin,3 Desember 2021,2025-07-12 01:36:19
"KFC, Manyar Kertoarjo",E***,24 Maret 2017,1.0,"kualitas SDM perlu di TRAINING LAGI, SUDAH MINTA DI NOTES GARAM MERICA TAPI TIDAK DIBERI PADAHAL GRATIS, SAYANG FITUR NOTES NYA GA BERGUNA KARENA GA DIBACA",Hot and Crispy Chicken - Original Chicken,1 Desember 2021,2025-07-12 01:36:19
"KFC, Manyar Kertoarjo",D***,3 Februari 2016,1.0,saya pesan 9 soup cream tapi hanya diantar 8 soup cream. saya sangat kecewa. mohon segera ditindaklanjuti,Cream Soup,30 November 2021,2025-07-12 01:36:19
"KFC, Manyar Kertoarjo",Azzam Izzuddin Hasan,19 Desember 2019,1.0,"Saya pesen 2, datengnya cuman satu, padahal di struk di tulis dua",KFC Original Movie Combo 1,30 November 2021,2025-07-12 01:36:19
"KFC, Manyar Kertoarjo",M******,8 Agustus 2021,5.0,ayamnya kekecilannn half winger si half winger,KFC Original Movie Combo 2,29 November 2021,2025-07-12 01:36:19
"KFC, Manyar Kertoarjo",M*****,24 Oktober 2016,2.0,"setiap kali order kfc lewat ojol, tidak sesuai seperti ketika beli di outlet. potongan ayam nya kecil, tepung tidak crispy, seperti barang reject yg ga bisa dijual di toko lalu dijual di ojol",SB1 Sambal Matah,24 November 2021,2025-07-12 01:36:19
"KFC, Manyar Kertoarjo",M************,3 Maret 2017,3.0,sambal matahnya gak dikasih,Colonel All Star 2 - KFC Original Movie Combo 1 - Kombo Winger Sambal Matah,29 November 2021,2025-07-12 01:36:19
"KFC, Manyar Kertoarjo",Nicolaus Kohelet,18 Desember 2017,1.0,gimana sih di struk tertulis kombo winger sambal nusantara kok yg dateng kombo winger biasa,Kombo Winger Sambal Matah,28 November 2021,2025-07-12 01:36:19
"KFC, Manyar Kertoarjo",I*******,1 Maret 2019,1.0,"Pesan bucket 9, request 4 dada tulang dan 2 paha atas. Dikirim dada tulang 4, dada mentok 1, 4 paha pentung…",OMJ Praktis Twisty - Cream Soup - Perkedel - 9Pcs,28 November 2021,2025-07-12 01:36:19
"KFC, Manyar Kertoarjo",Enrica Celia,28 November 2017,3.0,Sup yang bening tumpah diperjalanan hanya dapet seperempat,Cream Soup - KFC Soup,27 November 2021,2025-07-12 01:36:19
"KFC, Manyar Kertoarjo",F******* A***,4 Juni 2018,5.0,Sayangnya gak dikasih saus sambal. Saus tomat semua😩,5 PLUS 3,26 November 2021,2025-07-12 01:36:19
"KFC, Manyar Kertoarjo",Rizky Hadi Saputra,21 Februari 2017,5.0,mantul sayang soupnya nggk krntal,Colonel  Rice Fest 2 - Spaghetti Deluxe,24 November 2021,2025-07-12 01:36:19
"KFC, Manyar Kertoarjo",T** D*****,2 Oktober 2017,4.0,Varian menu lumayan banget !,Chicken Strips Seasoning - Kombo Winger Sambal Matah,24 November 2021,2025-07-12 01:36:19
"KFC, Manyar Kertoarjo",F******* A***,4 Juni 2018,5.0,"Mantab, datang masih panas ayamnya. Uenak as always. Proses order cepet, tapi Kurang banyak sausnya... 😢",The Best Thursday,18 November 2021,2025-07-12 01:36:19
"KFC, Manyar Kertoarjo",D***,13 September 2015,2.0,ayamnya kecilll bangett 🤦‍♀️,Original Chicken - Rice,14 November 2021,2025-07-12 01:36:19
"KFC, Manyar Kertoarjo",D**** A****,7 September 2021,4.0,"makanan yg di order kurang 1 menunya trus gmn uangnya kira"" bisa kembali gak trus juga untuk sendok makannya juga kurang gmn sich",Colonel  Rice Fest 2 - OMJ Praktis Oriental Bento - French Fries Regular - Cream Soup,14 November 2021,2025-07-12 01:36:19
"KFC, Manyar Kertoarjo",W**** L******,2 Maret 2016,1.0,PESEN ORI DIKASIH YG CRISPY. YA KALI ANAK KECIL DIKASIH PEDES. BUANG LAH 1 PORSI. NGGAK ADA KONFIRMASI KE PELANGGAN JUGA KALAU PESANAN NGGAK LENGKAP ATAU KURANG ATAU TIDAK SESUAI. GAK NGERTI APPLIKASINYA YANG SALAH ATAU RESTONYA YANG SALAH.,Chaki Kids Meal A - French Fries Regular - Super Besar 2,9 November 2021,2025-07-12 01:36:19
"KFC, Manyar Kertoarjo",E**********,28 Maret 2017,4.0,ayam tidak krispi tapi benyek,5 PLUS 3,7 November 2021,2025-07-12 01:36:19
"KFC, Manyar Kertoarjo",C***,19 Agustus 2017,1.0,"Pesan colonel rice fest 2 yg dateng cuman minum sama nasi nya , soup nya ga ada",Colonel  Rice Fest 2,7 November 2021,2025-07-12 01:36:19
"KFC, Manyar Kertoarjo",J***** S********,4 Maret 2018,3.0,"pesen nya dada OR sm sayap HC
lah kok datang Dada HC sm paha pentung OR wes2",Super Besar 2,7 November 2021,2025-07-12 01:36:19
"KFC, Manyar Kertoarjo",Y***** E**,26 Mei 2019,3.0,order paha bawah yang datang ayam dada,Mocha Float - KFC Komplit Sambal 2,6 November 2021,2025-07-12 01:36:19
"KFC, Manyar Kertoarjo",D**** S***** H*****,4 Agustus 2018,4.0,Kemasan nya gratis dong jangan bayar.......,Cream Soup - Spaghetti Deluxe - OMJ Praktis Oriental Bento,1 Oktober 2021,2025-07-12 01:36:19
"KFC, Manyar Kertoarjo",S**** H*******,22 Februari 2018,5.0,yang ori kurang crispy chef,5 PLUS 3,29 Oktober 2021,2025-07-12 01:36:19
"KFC, Manyar Kertoarjo",D*** S* T*********,4 Juli 2017,1.0,nggak dikasih sambelnya,5 PLUS 3,26 Oktober 2021,2025-07-12 01:36:19
"KFC, Manyar Kertoarjo",N** A*** S**** B*****,16 Juli 2021,5.0,enak bangetttt,Colonel All Star 2,26 Oktober 2021,2025-07-12 01:36:19
"KFC, Manyar Kertoarjo",N******* W*****,2 Februari 2015,1.0,"I didn't get the item that I ordered, they should do a rechecking before packing it.",Zuper Box - Cream Puff 2Pc - Cream Soup,24 Oktober 2021,2025-07-12 01:36:19
"KFC, Manyar Kertoarjo",N**** F****,30 April 2018,2.0,Saya pesen winger dikasih paha bawah dan saya orang yg gak bisa banget makan paha. Jadi ini bikin langsung gak nafsu makan sih kecewa banget,Kombo Winger - Chicken Skin - Crispy Strips,22 Oktober 2021,2025-07-12 01:36:19
"KFC, Manyar Kertoarjo",M**,10 Juli 2019,5.0,beneran d tambahin blacpappernya.. makasih next order lagi,Colonel  Rice Fest 2,23 Oktober 2021,2025-07-12 01:36:19
"KFC, Manyar Kertoarjo",A****,31 Mei 2020,5.0,makasih banyak yaaa. enak banget,Colonel  Rice Fest 2,22 Oktober 2021,2025-07-12 01:36:19
"KFC, Manyar Kertoarjo",A*******,12 Juni 2021,1.0,"pesennya spageti suprem, ygdikasih spageti deluxe",Cream Soup - Spaghetti Supreme,20 Oktober 2021,2025-07-12 01:36:19
"KFC, Manyar Kertoarjo",J****,18 Oktober 2016,4.0,"ya digedein lagi porsinya, harga tetap 😀😆",Original Chicken - French Fries Large - Lovlychee Float,14 Oktober 2021,2025-07-12 01:36:19
"KFC, Manyar Kertoarjo",S****,2 April 2016,5.0,mantab dikala laparrrrghh,5 PLUS 3 - Happy Berry Float,10 Oktober 2021,2025-07-12 01:36:19
"KFC, Manyar Kertoarjo",E*** A***** E******,14 Desember 2019,5.0,emang mantap kfc,Krunchy Burger - Spaghetti Deluxe - Twisty - Colonel Burger - Lovlychee Float,24 Agustus 2021,2025-07-12 01:36:19
"KFC, Manyar Kertoarjo",A***** F********,11 September 2015,5.0,mantap bangettt,Hot and Crispy Chicken - Super Deal 3 Plus Mix HCC - OR - Super Besar 1 HCC - Colonel  Rice Fest 2 - Signature Box OR,19 Agustus 2021,2025-07-12 01:36:19
"KFC, Manyar Kertoarjo",F**** A*****,22 November 2015,4.0,"iya, kasih saosnya lebihkan dikit donk lain kali. kurang banget soalnya",5 PLUS 3,3 Oktober 2021,2025-07-12 01:36:19
"KFC, Manyar Kertoarjo",N**********,14 Januari 2019,5.0,semangatttttttttttt <3,Colonel All Star 1,1 Oktober 2021,2025-07-12 01:36:19
"KFC, Manyar Kertoarjo",I***,20 Oktober 2015,2.0,tidak memperhatikan note,The Best Thursday,30 September 2021,2025-07-12 01:36:19
"KFC, Manyar Kertoarjo",O***** G*******,2 Juni 2016,3.0,"burgernya ga ada,ketinggalan mungkin :(",5 PLUS 3 - Krunchy Burger,29 September 2021,2025-07-12 01:36:19
"KFC, Manyar Kertoarjo",P****,3 Juli 2017,4.0,"Saya pesan sup cream, tapi rasanya sedikit aneh. Namun yang lainnya oke, makanan ketika datang masih dalam kondisi hangat",Signature Box,28 September 2021,2025-07-12 01:36:19
"KFC, Manyar Kertoarjo",R*** A*********,22 Agustus 2015,1.0,lain kali di baca note orderannya...percuma d kasih kolom note tapi ga d baca...paling ga bisa confirm kalau ga bisa...jangan mengecewakan pelanggan,Kombo Makan Berdua,26 September 2021,2025-07-12 01:36:19
"KFC, Manyar Kertoarjo",A*******,5 Januari 2018,2.0,kasih sambal nya pelit bnget,Colonel All Star 2,26 September 2021,2025-07-12 01:36:19
"KFC, Manyar Kertoarjo",L****,28 Januari 2018,5.0,terimakasih.... cepat.. dan rasanya ok....,Zuper Box,24 September 2021,2025-07-12 01:36:19
"KFC, Manyar Kertoarjo",L****,4 Agustus 2015,5.0,#pegawaipakuwoncitymall,Krunchy Burger - Twisty,20 September 2021,2025-07-12 01:36:19
"KFC, Manyar Kertoarjo",D** K******,7 Desember 2015,4.0,"porsi & ayamnya makin dikit, saos sambelnya makin encer",Spaghetti Supreme,22 September 2021,2025-07-12 01:36:19
"KFC, Manyar Kertoarjo",W******,20 November 2016,1.0,Enakan ayam hisana mentang mentang promo kualitas pinggiran,5 PLUS 3 - Mocha Float - Happy Berry Float,19 September 2021,2025-07-12 01:36:19
"KFC, Manyar Kertoarjo",A*** F*****,3 Juli 2017,5.0,tapi sayang lauknya cuman dikit,Colonel  Rice Fest 2,18 September 2021,2025-07-12 01:36:19
"KFC, Manyar Kertoarjo",B***** E******,4 September 2020,5.0,jelass nikmat. harga dan rasa setara,Lovlychee Float - Coca Cola - 5 PLUS 3 MIX,3 Agustus 2021,2025-07-12 01:36:19
"KFC, Manyar Kertoarjo",K**** M,4 Oktober 2015,3.0,Minta extra saos juga ga di kasih. Medit,Super Besar 2,14 September 2021,2025-07-12 01:36:19
"KFC, Manyar Kertoarjo",H**** P*****,15 April 2019,1.0,"SAYA PESAN NYA SPAGETI SUPREME, TAPI SAYA DIKIRIM YANG DELUXE.... KEMBALIKAN SISA UANG PESANAN SAYA....",Spaghetti Supreme - Mocha Float - Colonel  Rice Fest 3,9 September 2021,2025-07-12 01:36:19
"KFC, Manyar Kertoarjo",I**** W*********,31 Agustus 2015,1.0,"pesenanku ada yg kurang,",Super Besar 1 - Super Besar 1 - Yubari Float - Cream Soup - Sambal Korek,8 September 2021,2025-07-12 01:36:19
"KFC, Manyar Kertoarjo",L****,4 Agustus 2015,5.0,#pegawaipakuwoncity,Krunchy Burger,6 September 2021,2025-07-12 01:36:19
"KFC, Manyar Kertoarjo",I*****,2 Agustus 2016,1.0,"minta paha semua, malah dikasih dada semua!!! seriously KFC??!! jelas tertulis di note pdhl klo minta paha semual!! tdk ada konfirmasi pula klo misal habis/hrs tunggu digoreng dl!!",5 PLUS 3,7 September 2021,2025-07-12 01:36:19
"KFC, Manyar Kertoarjo",M******* H***** L****,31 Juli 2016,1.0,"Pesen yg pket ada soupnya, tp pas nyampe ga ada soupnya",Kombo Makan Berdua,4 September 2021,2025-07-12 01:36:19
"KFC, Manyar Kertoarjo",A***** R********,1 Februari 2016,5.0,pelayanannya cepat dan baik,Rice - Super Besar 1,4 September 2021,2025-07-12 01:36:19
"KFC, Manyar Kertoarjo",D***,12 Mei 2016,4.0,ayamnya gosong2,The Best Thursday - Cream Soup,2 September 2021,2025-07-12 01:36:19
"KFC, Manyar Kertoarjo",S********,31 Oktober 2018,5.0,sesuai request thanks,Hot and Crispy Chicken,2 September 2021,2025-07-12 01:36:19
"KFC, Manyar Kertoarjo",S********,31 Oktober 2018,5.0,bagus sesuai request. tapi 1 paha atas ada yg keliru dada,5 PLUS 3 - Hot and Crispy Chicken,1 September 2021,2025-07-12 01:36:19
"KFC, Manyar Kertoarjo",R***,13 Juli 2017,5.0,selalu enak kalau pesan makanan apapun di kfc dan proses pengirimannya juga selalu cepat. selalu suka pokoknya,Spaghetti Supreme,31 Agustus 2021,2025-07-12 01:36:19
"KFC, Manyar Kertoarjo",S********,19 Februari 2017,5.0,Terima kasih pak🙏,5 PLUS 3,27 Agustus 2021,2025-07-12 01:36:19
"KFC, Manyar Kertoarjo",N***,27 September 2015,5.0,"palinggg favorittt deh,, kesukaan anak2kuuu",Happy Berry Float - Lovlychee Float - Mocha Boba Float - Mocha Boba,31 Juli 2021,2025-07-12 01:36:19
"KFC, Manyar Kertoarjo",R******,7 Agustus 2018,1.0,Ayamnya sudah basi. Ada bau apek pas ayamnya dicuil,The Best Thursday - Personal Snack Bucket 4,26 Agustus 2021,2025-07-12 01:36:19
"KFC, Manyar Kertoarjo",F***** A**,26 Juli 2019,5.0,kelezatan crispy chicken kfc ini sudah tidak perlu diragukan lagi.. rasanya mantab dan selalu ngangenin..,Crispy Box,22 Agustus 2021,2025-07-12 01:36:19
"KFC, Manyar Kertoarjo",D****,10 Juli 2015,4.0,mohon kfc lebih teliti dlm pengemasan krn ada 1 item pesanan (burger) yg tidak sy terima. Padahal di nota bukti pembayaran tercantum.,Cream Soup - Colonel Burger - Super Besar 2,23 Agustus 2021,2025-07-12 01:36:19
"KFC, Manyar Kertoarjo",M********,13 Juni 2020,5.0,"paketan murah meriah dan dapet banyak. cream soupnya nggak encer, bentonya juga enak. nggak perlu ditanya lah kualitas KFC kayak gimana. mantapppp",Colonel  Rice Fest 2,15 Juli 2021,2025-07-12 01:36:19
"KFC, Manyar Kertoarjo",I** M********,13 Agustus 2021,5.0,smg jd langganan😍,Krunchy Burger - Fanta,24 Agustus 2021,2025-07-12 01:36:19
"KFC, Manyar Kertoarjo",F**** S****,19 Agustus 2015,5.0,Terimakasih banyak,KFC Original Movie Combo 1 - Crispy Box,24 Agustus 2021,2025-07-12 01:36:19
"KFC, Manyar Kertoarjo",S*****,10 Februari 2017,5.0,tadi di nasinya ada rambutnya,KFC Original Movie Combo 2,22 Agustus 2021,2025-07-12 01:36:19
"KFC, Manyar Kertoarjo",E**,7 Mei 2019,2.0,"original chicken, tetapi semua dikasih hcc.
dada rulang, dikasih dada mentok sampai tidak saya makan semua. :((",5 PLUS 3 OR,17 Agustus 2021,2025-07-12 01:36:19
"KFC, Manyar Kertoarjo",F****** T**,6 Oktober 2019,2.0,we got cola instead of fanta and sprite,Winger Merah Putih,18 Agustus 2021,2025-07-12 01:36:19
"KFC, Manyar Kertoarjo",S***,28 Desember 2016,5.0,#pegawaipakuwoncitymall,The Best Thursday HCC - Krunchy Burger,19 Agustus 2021,2025-07-12 01:36:19
"KFC, Manyar Kertoarjo",E**,21 November 2017,2.0,ayam nya krg tepung. jd msh putih 2 gitu ya ?,The Best Thursday OR,19 Agustus 2021,2025-07-12 01:36:19
"KFC, Manyar Kertoarjo",K***,22 Oktober 2015,1.0,tolong diperhatikan lagi saat menyiapkan pesanan. pesanannya banyak tapi tidak diberi saos 1 bungkus pun.,5 PLUS 3 OR - Super Deal 3 Plus HCC,19 Agustus 2021,2025-07-12 01:36:19
"KFC, Manyar Kertoarjo",D*** N** H*****,17 September 2020,5.0,enak makanannya mengenyangkan alhamdulillah trimakasi 🙏,Great Combo HCC - Lovlychee Float,18 Agustus 2021,2025-07-12 01:36:19
"KFC, Manyar Kertoarjo",R*****,1 September 2015,4.0,"ke dua kalinya beli promoan disini, yg hari terakhir ini ga pake bucket kardus biasa. dan pengemasan serta pengiriman jauh lebih cepat. namun perubahan harga dari gojek sendiri untuk promo ini lebih mahal dari yang kemarin. untuk ayamnya seperti biasa selalu hangat, aman dan nyaman di mulut. 
Terima kasih 🙏💕 selamat mencoba ☺",Winger Merah Putih,18 Agustus 2021,2025-07-12 01:36:19
"KFC, Manyar Kertoarjo",R*****,1 September 2015,4.0,"kasih bintang 4 dulu supaya kedepannya bisa ditingkatkan lebih baik lagi. ini aku beli waktu promo kemerdekaan, lumayan dari 76 jadi 50 an. memang agak lama karena ya hari pertama promo membludak, tetapi datang sesuai pesanan. Ayamnya masih hangat dan dikemas rapi, bapak gojeknya juga baik sekali. terima kasih ☺ selamat mencoba",Winger Merah Putih - KFC Original Movie Combo 2,17 Agustus 2021,2025-07-12 01:36:19
"KFC, Manyar Kertoarjo",R**** P******,1 Agustus 2016,5.0,"enak ayam winger nya, jadi wingernya itu dibagi jadi 2. jadi 9 drummet & 9 wingete = 1 winger = 18 potong. lumayan jadi dapet banyak wing nya. sayang gak ada yang rasa ori (tidak pedas), ready nya yang rasa pedas (spicy). minumnya 2 sprite & 2 cocacola. segerrrr utk siang hari yang panas di kota surabaya ini. lumayan dapet harga 76 ribu belum pajak resto 2 ribu kalo pake gojek. belum ongkir juga. sib lah. mantul.. sering2 ngadain promo ya kfc.",Winger Merah Putih,18 Agustus 2021,2025-07-12 01:36:19
"KFC, Manyar Kertoarjo",C** G*******,8 Maret 2017,3.0,nasinya kurang matang semua,5 PLUS 3 MIX,17 Agustus 2021,2025-07-12 01:36:19
"KFC, Manyar Kertoarjo",H*******,26 Oktober 2016,5.0,no debat pasti enak,Winger Bucket 50% HCC,11 Agustus 2021,2025-07-12 01:36:19
"KFC, Manyar Kertoarjo",L****,4 Agustus 2015,5.0,#pegawaipakuwoncitymall,Krunchy Burger,15 Agustus 2021,2025-07-12 01:36:19
"KFC, Manyar Kertoarjo",Z****,9 Oktober 2015,5.0,"Deket kostan, jadi cepet. Soupnya enak banget buat menghangatkan perut, dan ayamnya juga enak karena masih anget, nasinya juga. Worth it!",Original Chicken - KFC Soup,26 Juni 2021,2025-07-12 01:36:19
"KFC, Manyar Kertoarjo",I****,27 Juni 2015,1.0,"Kresek nya nggak di kabel teas, hanya di esolasi tengah aja, mohon lain kali di kasih kabel teas",Perkedel - Winger Bucket 50% HCC,15 Agustus 2021,2025-07-12 01:36:19
"KFC, Manyar Kertoarjo",F**** C***,23 Agustus 2019,5.0,mantap banget nget,Signature Box HCC,15 Agustus 2021,2025-07-12 01:36:19
"KFC, Manyar Kertoarjo",L****,4 Agustus 2015,5.0,#pegawaipakuwoncitymall,Krunchy Burger,13 Agustus 2021,2025-07-12 01:36:19
"KFC, Manyar Kertoarjo",L****,4 Agustus 2015,5.0,#pegawaipakuwoncitymall,Krunchy Burger,12 Agustus 2021,2025-07-12 01:36:19
"KFC, Manyar Kertoarjo",J****,24 September 2016,1.0,Ada 1 ayam nya warna hitam daging nya dan alot sekali,5 PLUS 3 MIX,10 Agustus 2021,2025-07-12 01:36:19
"KFC, Manyar Kertoarjo",L****** G****,26 September 2019,2.0,menunya salah. pesen cream puff dua yang dianter cuma satu,KFC Original Movie Combo 1 - Cream Puff 2Pc - Original Chicken,4 Agustus 2021,2025-07-12 01:36:19
"KFC, Manyar Kertoarjo",D** A***,21 Juni 2016,5.0,mantaaap jiwa Rasaaanyaaa,Krunchy Burger - Spaghetti Deluxe - Original Chicken,10 Juni 2021,2025-07-12 01:36:19
"KFC, Manyar Kertoarjo",D** A***,21 Juni 2016,5.0,mantaaap jiwa Rasaaanyaaa,Krispy Burger - Cream Soup,18 Juni 2021,2025-07-12 01:36:19
"KFC, Manyar Kertoarjo",D** G******,10 Mei 2017,5.0,Rasanya kfc banget,Super Deal 3 Plus OR - Snack Bucket Spicy Cheese2,13 Juli 2021,2025-07-12 01:36:19
"KFC, Manyar Kertoarjo",D** G******,10 Mei 2017,5.0,Snack camilan untuk rame rame,Snack Bucket Spicy Cheese1 - Super Besar 2 Mix - Chicken Skin,16 Juli 2021,2025-07-12 01:36:19
"KFC, Manyar Kertoarjo",D** G******,10 Mei 2017,5.0,Snack buat rame rame,Snack Bucket Spicy Cheese1,30 Juli 2021,2025-07-12 01:36:19
"KFC, Manyar Kertoarjo",P****,3 Oktober 2019,5.0,"jangan diragukan lagi, pastinya top markotop gaes",5 PLUS 3 MIX - Signature Box OR,6 Agustus 2021,2025-07-12 01:36:19
"KFC, Manyar Kertoarjo",S***,28 Desember 2016,5.0,#pegawaipakuwoncitymall,Krunchy Burger - Hot and Crispy Chicken,3 Agustus 2021,2025-07-12 01:36:19
"KFC, Manyar Kertoarjo",S***,28 Desember 2016,5.0,#pegawaipakuwoncitymall,Krunchy Burger - Twisty,4 Agustus 2021,2025-07-12 01:36:19
"KFC, Manyar Kertoarjo",S***,28 Desember 2016,5.0,#pegawaipakuwoncitymall,Krunchy Burger - Crispy Strips,5 Agustus 2021,2025-07-12 01:36:19
"KFC, Manyar Kertoarjo",L****,4 Agustus 2015,5.0,#pegawaipakuwoncitymall,Krunchy Burger,27 Juni 2021,2025-07-12 01:36:19
"KFC, Manyar Kertoarjo",L****,4 Agustus 2015,5.0,#pegawaipakuwoncitymall,Krunchy Burger - Twisty,30 Juni 2021,2025-07-12 01:36:19
"KFC, Manyar Kertoarjo",L****,4 Agustus 2015,5.0,#pegawaipakuwoncitymall,Krunchy Burger - Twisty,1 Juli 2021,2025-07-12 01:36:19
"KFC, Manyar Kertoarjo",L****,4 Agustus 2015,5.0,#pegawaipakuwoncitymall,Krunchy Burger - Twisty,2 Juli 2021,2025-07-12 01:36:19
"KFC, Manyar Kertoarjo",L****,11 Januari 2018,5.0,"Rasanya enak.. Pelayanan oke.. Paling favourite buat keluarga,  sering pesan menu ini.. Semoga semakin sukses dan laris terus..",5 PLUS 3 HC - Krispy Burger - Twisty - Perkedel,25 Juni 2021,2025-07-12 01:36:19
"KFC, Manyar Kertoarjo",F****,11 Juni 2016,5.0,"Maacih cheffffff, selalu suka sama kfc manyar karena masih panas xixi",5 PLUS 3 HC,28 Juli 2021,2025-07-12 01:36:19
"KFC, Manyar Kertoarjo",Y****** W*****,15 Maret 2018,5.0,ah mantap ayamnya,The Best Thursday HCC - Hot and Crispy Chicken,24 Juni 2021,2025-07-12 01:36:19
"KFC, Manyar Kertoarjo",C***,19 Desember 2018,5.0,Enakkk ayamnya besar 😍,Colonel  Rice Fest 2,9 Juni 2021,2025-07-12 01:36:19
"KFC, Manyar Kertoarjo",C***********,8 Juli 2017,5.0,"waktu menyiapkan makanan cepat, porsi wajar dan cukup, rasa terjaga konsisten enak nya. jika minta saus tomat dan sambal juga tidak pelit. packaging harus selalu dijaga jika pesan porsi banyak mending diberi bucket agar tidak mudah rusak kardus nya",The Best Thursday HCC - Crispy Strips Fest,1 Juli 2021,2025-07-12 01:36:19
"KFC, Manyar Kertoarjo",H*******,26 Oktober 2016,5.0,Lezat no debat..,Super Deal 3 Plus HCC,29 Juli 2021,2025-07-12 01:36:19
"KFC, Manyar Kertoarjo",H*******,26 Oktober 2016,5.0,"Lezat, no debat",Super Deal 3 Plus HCC,31 Juli 2021,2025-07-12 01:36:19
"KFC, Manyar Kertoarjo",L****,4 September 2018,5.0,"kentucky fried chicken, fried chicken terenak. selalu beli jika sedang ada promo yang bucket, jadinya murah",The Best Thursday HCC - Krispy Burger - Fun Fries Barbeque,1 Juli 2021,2025-07-12 01:36:19
"KFC, Manyar Kertoarjo",H*** A********,30 Maret 2018,5.0,hari ini meresap bumbunya,The Best Thursday OR,22 Juli 2021,2025-07-12 01:36:19
"KFC, Manyar Kertoarjo",F****** I***,23 April 2021,5.0,"ntap jiwa kfc, favorit sangat 🤤",KFC Original Movie Combo 1,22 Juli 2021,2025-07-12 01:36:19
"KFC, Manyar Kertoarjo",P*******,1 Juni 2016,4.0,nasinya agak kering. ayamnya juga agak kering,5 PLUS 3 MIX,19 Juli 2021,2025-07-12 01:36:19
"KFC, Manyar Kertoarjo",A***** W*****,3 Agustus 2015,4.0,tumben asin banget,5 PLUS 3 HC,18 Juli 2021,2025-07-12 01:36:19
"KFC, Manyar Kertoarjo",T****,25 Oktober 2015,1.0,"Note utk tambahan saus tdk dibaca pihak resto, krg memperhatikan permintaan customer",Signature Box HCC,13 Juli 2021,2025-07-12 01:36:19
"KFC, Manyar Kertoarjo",A**** S*******,3 Desember 2018,1.0,note tidak dibaca. salah potongan ayamnya,5 PLUS 3 OR - Cream Soup,16 Juli 2021,2025-07-12 01:36:19
"KFC, Manyar Kertoarjo",G******** M****,4 Februari 2019,3.0,"Tidak diberi kabel tis, cuma isolasi, jadinya kreseknya terbuka, dus terbuka juga",5 PLUS 3 MIX,7 Juli 2021,2025-07-12 01:36:19
"KFC, Manyar Kertoarjo",W****,29 Desember 2018,4.0,kecewa kentang gorengnya tidak panas. sdh keras,Kombo Fish Fillet,9 Juli 2021,2025-07-12 01:36:19
"KFC, Manyar Kertoarjo",D*** A*****,24 Desember 2015,2.0,salah satu paket ayamnya cuma isi 4 nih..,5 PLUS 3 HC - 5 PLUS 3 MIX,8 Juli 2021,2025-07-12 01:36:19
"KFC, Manyar Kertoarjo",N*******,20 September 2015,4.0,kemasan di sticker tetapi kresek tidak diikat,5 PLUS 3 MIX,4 Juli 2021,2025-07-12 01:36:19
"KFC, Manyar Kertoarjo",N******,1 Juli 2018,3.0,masa di kasih ayam bekas semalem dan ayamnya kecil bgt,SB2 OR IchiOcha - French Fries Large,7 Juli 2021,2025-07-12 01:36:19
"KFC, Manyar Kertoarjo",N***,13 Oktober 2016,5.0,thanks team kfc manyar kertoarjo,5 PLUS 3 HC - 5 PLUS 3 OR,26 Juni 2021,2025-07-12 01:36:19
"KFC, Manyar Kertoarjo",V**** A**** R**** P******,23 Desember 2015,1.0,DI PROMO TERTULIS 10 POTONG.. BELI 2 PAKET CM DPT 10 POTONG,The Best Thursday OR,1 Juli 2021,2025-07-12 01:36:19
"KFC, Manyar Kertoarjo",A***,28 Agustus 2015,2.0,ga sesuai catatan pemesanan,5 PLUS 3 HC - Chicken Skin,1 Juli 2021,2025-07-12 01:36:19
"KFC, Manyar Kertoarjo",N**** A*** F***** R****,29 November 2019,1.0,nasi nya di menu 2 tapi yang dikasih 1. hahaha,Super Deal 3 Plus HCC,30 Juni 2021,2025-07-12 01:36:19
"KFC, Manyar Kertoarjo",G***,17 Juni 2017,5.0,packaging nya diperbaiki. Maksud nya saat saya terima dalam kondisi tertutup. Jadi di lock.,5 PLUS 3 HC,29 Juni 2021,2025-07-12 01:36:19
"KFC, Manyar Kertoarjo",S********,31 Oktober 2018,5.0,sangat bagus. sesuai notes dan request,5 PLUS 3 HC - Personal Snack Bucket 2 BBQ - Fun Fries Spicy Cheese,25 Juni 2021,2025-07-12 01:36:19
"KFC, Manyar Kertoarjo",S********,31 Oktober 2018,5.0,sesuai request dan cepat,5 PLUS 3 HC - Personal Snack Bucket 1 BBQ - Personal Snack Bucket 4 BBQ,23 Juni 2021,2025-07-12 01:36:19
"KFC, Manyar Kertoarjo",S***** S*****,31 Juli 2015,4.0,"dpt potongan kecil yg sayap, benar2 kecil. sdh request paha bwh, gak dpt. pdhl di kfc pakuwon mall sby bisa& dpt (teman beli)",The Best Thursday OR - Hot and Crispy Chicken,24 Juni 2021,2025-07-12 01:36:19
"KFC, Manyar Kertoarjo",H**** K*******,8 Desember 2019,1.0,"pesan tambahan nasi putih, kenapa tidak di sertakan
lol, sekelas KFC bisa kurangi pesanan yg sudah di bayar",5 PLUS 3 HC - Rice,11 Juni 2021,2025-07-12 01:36:19
"KFC, Manyar Kertoarjo",R****** E**,4 Januari 2021,5.0,terimakasih!!!!! enak bgt puas.,Chicken Ball Spicy Cheese - Kombo Winger HCC - Cream Soup - Happy Berry Float - Super Besar 1 HCC,11 Juni 2021,2025-07-12 01:36:19
"KFC, Manyar Kertoarjo",V***,26 Juni 2017,5.0,"kfcnya ga salah, pegawainya yg hrs diperbaiki. pesan yg 10 potong khusus kamis, dikasih 8. sisanya malah dikasih yg pecahan kecil2. dihitung 1 potong aja ga nyampe. parah. merusak nama perusahaan.",The Best Thursday HCC,10 Juni 2021,2025-07-12 01:36:19
"KFC, Manyar Kertoarjo",T** D*****,2 Oktober 2017,5.0,Sayang deh sama chefnya!,Perkedel - Snack Bucket Spicy Cheese2 - OMJ Praktis Twisty,6 Juni 2021,2025-07-12 01:36:19
"KFC, Manyar Kertoarjo",E*** M*******,18 Februari 2016,2.0,"sop nya kecut, g baru ya...",Signature Box HCC,1 Juni 2021,2025-07-12 01:36:19
"KFC, Manyar Kertoarjo",Q******* R*****,13 Maret 2016,3.0,"ayamnya kurang krispi, krim supnya kayak krim sup instan, spagetinya kurang asin...",Spaghetti Deluxe - Colonel Rice Fest Grilled Soy Sauce - Original Chicken,4 Juni 2021,2025-07-12 01:36:19
"KFC, Manyar Kertoarjo",D*******,11 Maret 2016,2.0,item yg diberikan tidak sesuai note,5 PLUS 3 MIX,29 Mei 2021,2025-07-12 01:36:19
"KFC, Manyar Kertoarjo",B*** A******,26 Desember 2019,5.0,cepet sampainya jadi perutnya langsung ke isi tanpa nunggu lama,Krispy Burger - Colonel  Rice Fest 2,20 Mei 2021,2025-07-12 01:36:19
"KFC, Manyar Kertoarjo",N*****,22 Januari 2018,1.0,diayamnya ada rambutnya yg campur sama tepungnya,Colonel All Star 1 - Cream Soup,17 Mei 2021,2025-07-12 01:36:19
"KFC, Manyar Kertoarjo",L***** A**** W*******,21 Februari 2018,4.0,"Enak, cuma tanpa sayap jadi banyak sayap",9 Pcs OR Tote Bag - Rice - French Fries Regular - Chicken Skin,13 Mei 2021,2025-07-12 01:36:19
"KFC, Manyar Kertoarjo",I****,3 Agustus 2015,3.0,kali ini kfc promo tapi ayam yg diberikan adl ayam gorengan ulang ayam sebelumnya (jadi tdk fresh spt biasanya). ayam sangat berminyak dan terlihat jelas wrn dan bentuk gorengan ulang.,The Best Thursday Mix HC OR,6 Mei 2021,2025-07-12 01:36:19
"KFC, Manyar Kertoarjo",A**** A******,17 April 2021,5.0,floatnya salahh :( aku minta mocca diksih mangga,Colonel  Rice Fest 2 - Colonel  Rice Fest 3 - Spaghetti Deluxe,4 Mei 2021,2025-07-12 01:36:19
"KFC, Manyar Kertoarjo",I**** R******,8 Maret 2016,1.0,pesan ayam mix dengan tulisan 3 krispi 2 original tapi yg dateng 4 krispi 1 ori,5 PLUS 3 MIX - Oriental Bento,30 April 2021,2025-07-12 01:36:19
"KFC, Manyar Kertoarjo",A***,8 Januari 2019,5.0,"ramah banget bapak nya ,,, pengiriman cepat sehat selalu ya pak #gojekterus",Kombo Winger HCC,30 April 2021,2025-07-12 01:36:19
"KFC, Manyar Kertoarjo",Y****,6 Februari 2016,5.0,tanggung jawab klo ada kesalahan,5 PLUS 3 MIX - OMJ Praktis OR Burger,25 April 2021,2025-07-12 01:36:19
"KFC, Manyar Kertoarjo",I** A*******,9 September 2019,5.0,Best Combo Everrrr. So Warm and cold at the same time,Colonel Rice Fest Grilled Soy Sauce,28 April 2021,2025-07-12 01:36:19
"KFC, Manyar Kertoarjo",N***,19 September 2019,1.0,"ayamnya sdh bau,jadi tdk bisa dimakan",Kombo Winger HCC,22 April 2021,2025-07-12 01:36:19
"KFC, Manyar Kertoarjo",M**** N*****,9 September 2015,1.0,wrong food delivered,Crispy Strips Fest,18 April 2021,2025-07-12 01:36:19
"KFC, Manyar Kertoarjo",M******* Y**** K**********,25 Februari 2021,4.0,"kurang sambalnya sih,tapi enak",Combo Ramadhan1 OR AQUA - OMJ Praktis Oriental Bento,17 April 2021,2025-07-12 01:36:19
"KFC, Manyar Kertoarjo",S******* M***,19 November 2018,1.0,"ini hambar banget spaghetti nya, bener2 hambar! burgernya porsinya jauh dari zuper crunch ini duilit bangettt dan rasa sauce nya gaenak mana sayurnya cuma 5 potong kecil2 🙃",Spaghetti Supreme - Krispy Burger,12 April 2021,2025-07-12 01:36:19
"KFC, Manyar Kertoarjo",M**** S*** I********,6 November 2019,4.0,ikannya duikiiit sekali,Bento Grilled Soy Sauce - Colonel Rice Fest Grilled Soy Sauce,9 April 2021,2025-07-12 01:36:19
"KFC, Manyar Kertoarjo",A****,29 Juli 2016,1.0,Saya sudah minta DADA MENTOK malah di kasih paha.,SB1 HC IchiOcha - Crispy Box HCC,9 April 2021,2025-07-12 01:36:19
"KFC, Manyar Kertoarjo",M*******,8 November 2015,1.0,Tidak sesuai yg di pesan,Kombo Super Star 3 Mix 2 - Original Chicken,28 Maret 2021,2025-07-12 01:36:19
"KFC, Manyar Kertoarjo",K***,10 Juni 2015,4.0,"Ayamnya tidak seperti biasanya, kurang empuk gitu",Original Chicken,21 Maret 2021,2025-07-12 01:36:19
"KFC, Manyar Kertoarjo",L**** L******,16 April 2018,1.0,entah kenapa? baru kali ini ayamnya (ori) kurang matang. semoga ke depan tidak terjadi lagi.,5 PLUS 3 OR,21 Maret 2021,2025-07-12 01:36:19
"KFC, Manyar Kertoarjo",R**** N** T****,9 April 2018,4.0,mohon kemasan diberi segel pengait yg aman,Cream Soup - Signature Box OR - French Fries Regular,19 Maret 2021,2025-07-12 01:36:19
"KFC, Manyar Kertoarjo",S********,31 Oktober 2018,5.0,sesuai permintaan,5 PLUS 3 HC,5 Maret 2021,2025-07-12 01:36:19
"KFC, Manyar Kertoarjo",M*** W******,23 Maret 2018,3.0,lebih teliti dalam menyiapkan pesanan sehingga ga ada yg kurang menu yg di kirim ..terima kasih,Super Besar 1 OR - Col Rice Fest2,3 Maret 2021,2025-07-12 01:36:19
"KFC, Manyar Kertoarjo",D****,27 Agustus 2015,2.0,Baru kali ini dapet kfc kulitnya setengah doang dan putih banget ky blm jadi.. mgkn karna promo ya. Tapi harusnya sekelas KFC bisa mempertahankan kualitas walaupun hrga promo.,The Best Thursday OR,4 Maret 2021,2025-07-12 01:36:19
"KFC, Manyar Kertoarjo",S****,23 Desember 2015,4.0,no sauce provided,Col Rice Fest1 - Col Yakiniku Rice LQD,1 Maret 2021,2025-07-12 01:36:19
"KFC, Manyar Kertoarjo",H**** N** M*,22 Mei 2016,1.0,gak bisa pilih varian float. dipaksa cuma mocca. dan 1 bucket sayapnya cuma 1 sisanya paha bawah kecil2.,Winger Bucket Deal  MIX,26 Februari 2021,2025-07-12 01:36:19
"KFC, Manyar Kertoarjo",P**** A****,7 September 2016,5.0,Please besok tambahin sendok dong kak,Personal Bucket 3 Spicy Cheese - Col Yakiniku Rice LQD - Mocha Float,21 Februari 2021,2025-07-12 01:36:19
"KFC, Manyar Kertoarjo",J******,22 April 2019,2.0,"Ayam salah, minum salah",Super Besar 2 HCC - French Fries Regular - Rice,21 Februari 2021,2025-07-12 01:36:19
"KFC, Manyar Kertoarjo",E*** D****,18 Januari 2018,1.0,pesen pake gopay nasi nya 3 yg dateng cuma 2 . gak teliti bgt sih.,Crispy Strips Fest - Hot and Crispy Chicken - Rice,21 Februari 2021,2025-07-12 01:36:19
"KFC, Manyar Kertoarjo",H****,26 Juli 2016,1.0,"2 wraps, 1 spaghetti supreme, 1 large fries, and only 1 SAUCE?? fucking rip-off.",OMJ Praktis Twisty - Spaghetti Supreme - French Fries Large - Mocha Float,10 Februari 2021,2025-07-12 01:36:19
"KFC, Manyar Kertoarjo",R***,21 Januari 2017,3.0,"Triple Treat itu kalo promonya isinya 9 potong ayam, tapi pas aku order eh ternyata isinya hanya 7 potong ayam.
Kok aneh ya kenyataannya & g sesuai dg promonya",Triple Treat HC,8 Februari 2021,2025-07-12 01:36:19
"KFC, Manyar Kertoarjo",L*** L*****,11 Desember 2016,1.0,"Box terbuka, plastik juga terbuka. Tidak diikat sama sekali. Kalau bukan masa pandemi gak apa2. Ini masa pandemi harusnya packingnya lebih diperhatikan.",SB2 OR IchiOcha,27 Januari 2021,2025-07-12 01:36:19
"KFC, Manyar Kertoarjo",R***,23 Maret 2017,3.0,Sausnya nggak ada hiks,Signature Box OR - Happy Berry Float,23 Januari 2021,2025-07-12 01:36:19
"KFC, Manyar Kertoarjo",A*** T****,5 Oktober 2019,2.0,"saya sdh minta 18 pcs saos tomat tp cm di beri 8. kalau ini kebijaksanaan perusahaan, tlg di tulis. kalau bkn, yg packing order an ini, tlg buka mata lebar² atau balik belajar membaca !!!",Crazy Deal 9 OR New,26 Januari 2021,2025-07-12 01:36:19
"KFC, Manyar Kertoarjo",C****,22 Juni 2017,3.0,"jika mesin pembuat ice cream rusak,mohon diberitahu di apl,sehingga kami tidak kecewa. Tks..Saus sambal juga jangan dilupakan.Satu sachet pun tidak ada.",Col Rice Fest1 - OMJ Praktis Fish Fillet - OMJ Praktis OR Burger - Zuper Krunch Duo,25 Januari 2021,2025-07-12 01:36:19
"KFC, Manyar Kertoarjo",L**,16 September 2018,1.0,sangat tidak teliti menyerahkan makanan...masak iya...beli ayam g dikasih saos sa sekali...padahal ayamnya ada 4 potong....,Smart Family Deal OR,23 Januari 2021,2025-07-12 01:36:19
"KFC, Manyar Kertoarjo",�*********** �*************,17 Oktober 2020,5.0,𝒕𝒊𝒏𝒈𝒌𝒂𝒕 𝒕𝒓𝒖𝒔 𝒔𝒊𝒔𝒕𝒆𝒎 𝒌𝒆𝒓𝒋𝒂 𝒌𝒇𝒄 𝒔𝒆𝒎𝒂𝒏𝒈𝒂𝒕 𝒃𝒆𝒌𝒆𝒓𝒋𝒂,Zuper Krunch Duo,17 Januari 2021,2025-07-12 01:36:19
"KFC, Manyar Kertoarjo",V***,19 Agustus 2015,5.0,saus sambalnya tidak ada 😄 hanya ada saus tomat,Crazy Deal5 OR,21 Januari 2021,2025-07-12 01:36:19
"KFC, Manyar Kertoarjo",L*** L*****,11 Desember 2016,1.0,Saya request paha atas paha bawah tapi dikasih dada. Sering kali seperti itu,Tote Bag KFC - Super Besar 2 HCC - Perkedel - French Fries Large,17 Januari 2021,2025-07-12 01:36:19
"KFC, Manyar Kertoarjo",W**,22 Desember 2015,4.0,"enak kusuka tapi aku request saos sambelnya yg banyak, tapi yg dateng saos tomatnya yg lebih daripada saos sambel",Zuper Krunch - SB1 OR IchiOcha,16 Januari 2021,2025-07-12 01:36:19
"KFC, Manyar Kertoarjo",E**,14 Agustus 2019,5.0,gomapseumnida 🙏,Mocha Float - Deluxe Burger,11 Januari 2021,2025-07-12 01:36:19
"KFC, Manyar Kertoarjo",V****** A****** P*****,19 Agustus 2018,4.0,gak ada saos dan sambal,Colonel All Star 1,11 Januari 2021,2025-07-12 01:36:19
"KFC, Manyar Kertoarjo",D*** I******* P******,18 November 2015,4.0,"Saya pesan 2 Original Paha Atas, sudah saya tulis di notes eh kok dikasih 2 Original Dada tanpa di info dulu",Spaghetti Deluxe - Original Chicken - French Fries Large,9 Januari 2021,2025-07-12 01:36:19
"KFC, Manyar Kertoarjo",R*****,16 Juni 2017,1.0,kayak ayam sisa .. kulitnya aja gk adaa... nyesel,SB2 OR IchiOcha,7 Januari 2021,2025-07-12 01:36:19
"KFC, Manyar Kertoarjo",N***********,17 Februari 2020,5.0,aku pengen di kasih 10 barang kali di kirimin 😌,OMJ Praktis Oriental Bento,8 Januari 2021,2025-07-12 01:36:19
"KFC, Manyar Kertoarjo",D***,27 April 2017,3.0,"cream soup nya tdk ada, order paket hcc, harusnya ada cream soup",Signature Box HCC - Perkedel - Chicken Skin - OMJ Praktis Twisty - Mango Float - OMJ Praktis Oriental Bento,7 Januari 2021,2025-07-12 01:36:19
"KFC, Manyar Kertoarjo",Q***,30 Maret 2017,1.0,terlalu PELIT UNTUK KASIH SAUS,Spaghetti Deluxe - Deluxe Burger - Crispy Strips,3 Januari 2021,2025-07-12 01:36:19
"KFC, Manyar Kertoarjo",V****,8 September 2019,3.0,kurang dr segi rasa dan kualitas,Crispy Box OR,6 Januari 2021,2025-07-12 01:36:19
"KFC, Manyar Kertoarjo",K******* B******,24 Januari 2018,4.0,"gada saosnya, pelit",Colonel All Star 1,1 Januari 2021,2025-07-12 01:36:19
"KFC, Manyar Kertoarjo",T*** A********,2 Juni 2019,4.0,jarang ada diskon,Double BBV HC,3 Januari 2021,2025-07-12 01:36:19
"KFC, Manyar Kertoarjo",F******* P**********,31 Agustus 2015,3.0,"Pesan 2 porsi yang seharusnya dapet 4 burger zuper krunch, tapi malah dapat 2 aja. Maaf kfc.",Zuper Krunch Duo,3 Januari 2021,2025-07-12 01:36:19
"KFC, Manyar Kertoarjo",A**,1 April 2017,5.0,kfc yaa begitu rasanya pasti enak. tapi jangan sampe lupa saosnya dong😭😭😭,Zuper Box HCC,25 Desember 2020,2025-07-12 01:36:19
"KFC, Manyar Kertoarjo",J************** M*,8 Februari 2016,3.0,Tidak memberikan saos sambal bahkan 1 sachet pun,Double BBV HC,25 Desember 2020,2025-07-12 01:36:19
"KFC, Manyar Kertoarjo",N****** D*** A********,3 Juli 2019,3.0,aku pesan colonel star 1 tpi ga dapet coca cola:((,Rice - Mango Float - Colonel All Star 1,24 Desember 2020,2025-07-12 01:36:19
"KFC, Manyar Kertoarjo",K******,28 April 2020,5.0,Emang juaranya ayam sih😍,Col Rice Fest2 - Kombo Winger Spicy Cheese - OMJ Praktis Fish Fillet,24 Desember 2020,2025-07-12 01:36:19
"KFC, Manyar Kertoarjo",E*****,1 November 2017,1.0,td saya pesan ayamnya kurang 1,Perkedel - OMJ Praktis Twisty - Super Besar 1 HCC - Cream Soup - Hot and Crispy Chicken,21 Desember 2020,2025-07-12 01:36:19
"KFC, Manyar Kertoarjo",M***,12 September 2017,2.0,pesen yg spageti supreme yg di kirim seperti sepageti deluxe. gak ada toppingnya,Spaghetti Supreme,18 Desember 2020,2025-07-12 01:36:19
"KFC, Manyar Kertoarjo",A*****,27 Mei 2019,4.0,ayam goreng nya agak item seperti mau gosong,Deluxe Burger - 7 Extra 2 Mix,16 Desember 2020,2025-07-12 01:36:19
"KFC, Manyar Kertoarjo",S**** S******,29 Maret 2017,5.0,request saya sesuai terima kasih,Half Price 5 HC,10 Desember 2020,2025-07-12 01:36:19
"KFC, Manyar Kertoarjo",H*****,9 April 2016,4.0,"tidak dapat sambal sama sekali, sedikit mengecewakan",Half Price 5 Mix - Rice - KFC Soup,9 Desember 2020,2025-07-12 01:36:19
"KFC, Manyar Kertoarjo",S**** O******,19 Oktober 2019,2.0,tidak sesuai pesanan,OMJ Praktis OR Burger,7 Desember 2020,2025-07-12 01:36:19
"KFC, Manyar Kertoarjo",F*****,6 Oktober 2020,3.0,Ayam nya kurang kering jd bau nya amis,Kombo Super Star 1 OR,5 Desember 2020,2025-07-12 01:36:19
"KFC, Manyar Kertoarjo",A*****,23 Juli 2016,4.0,coca colanya udah ga berasa sodanya..,Super Besar 1 HCC - Cream Soup,6 Desember 2020,2025-07-12 01:36:19
"KFC, Manyar Kertoarjo",A*** E** D****,26 April 2017,5.0,enak sih tp tolong kalau minumnya diganti atau gak ada konfirmasi dulu yg biasanya signature box minumnya mocha float jd mango float,Signature Box OR,29 November 2020,2025-07-12 01:36:19
"KFC, Manyar Kertoarjo",T**** K******,17 Desember 2016,5.0,sippppp bgt pokonya gojeknya 👍,Original Chicken,28 November 2020,2025-07-12 01:36:19
"KFC, Manyar Kertoarjo",M*****,9 September 2020,1.0,asin bgt hari ini KFC ..jahat asinnya sampai tenggorokan,Kombo Winger Korean Grill,28 November 2020,2025-07-12 01:36:19
"KFC, Manyar Kertoarjo",F****,16 November 2019,4.0,"tolong lebih teliti lagi dengan pesanan customer biar ga ada yang ketinggalan lagi,kalo kyk gini kan kasihan drivernya harus bolak balik.untung saja drivernya orang 
yg bertanggung jawab,tolong diperhatikan, terima kasih.",Half Price 5 Mix - Rice,26 November 2020,2025-07-12 01:36:19
"KFC, Manyar Kertoarjo",N******,7 Oktober 2015,1.0,"Diperhatikan note. Sy order potongan ayam semua paha atas  Yg datang semua ayam dengan potongan dada, tanpa satupun sesuai request paha atas. Kalau tidak ada bs konfirmasi/jgn asal accept. Mengecewakan sekali.",Original Chicken - Hot and Crispy Chicken - Perkedel - Crispy Strips - Chicken Strips BBQ,23 November 2020,2025-07-12 01:36:19
"KFC, Manyar Kertoarjo",I**,14 September 2016,3.0,"porsi dadanya terlalu kecil,nggak kayak biasanya besar2,jangan karena promo porsi dikurangi..apalagi kfc sudah nama besar sayangkan..",Half Price 5 HC,25 November 2020,2025-07-12 01:36:19
"KFC, Manyar Kertoarjo",W**** S** L******,9 April 2018,4.0,saos sambelnya lupa ya?,Signature Box OR - Hot and Crispy Chicken,21 November 2020,2025-07-12 01:36:19
"KFC, Manyar Kertoarjo",I*****,1 Oktober 2020,5.0,"rasa oke, tp sedotan td kurang 1  😄",Mango Float - OMJ Praktis Oriental Bento - Personal Bucket 1,21 November 2020,2025-07-12 01:36:19
"KFC, Manyar Kertoarjo",F***,6 Maret 2016,3.0,Dalamnya masih merah darah,Half Price 7 HC,17 November 2020,2025-07-12 01:36:19
"KFC, Manyar Kertoarjo",S******,20 Oktober 2015,3.0,"order crispy dikasi ori, minta semua bagian malah yg besar paha atas semua",Half Price 7 HC,17 November 2020,2025-07-12 01:36:19
"KFC, Manyar Kertoarjo",N**,11 Januari 2017,4.0,"Yg ayam kecil dapat sayap semua, minta ganti paha bawah tidak boleh. Padahal kita beli dan bayar. Ga suka sayap jd terpaksa dibeli.",Half Price 7 OR,17 November 2020,2025-07-12 01:36:19
"KFC, Manyar Kertoarjo",V***,26 Juni 2017,1.0,"ayamnya kecil2 sekali, tidak spt biasa. ga niat promonya",Half Price 7 Mix,18 November 2020,2025-07-12 01:36:19
"KFC, Manyar Kertoarjo",C*****,24 Juli 2017,1.0,nasiku ga ada 3 biji,Super Family HCC - Rice - Cream Soup - Half Price 7 OR,16 November 2020,2025-07-12 01:36:19
"KFC, Manyar Kertoarjo",S****** Y******,13 Desember 2016,1.0,Sudah diberi notes utk potongan ayam dan saos nya tapi selalu tidak dibaca. Promo ga promo slalu sama tidak dibaca klo gitu tdk usa ada kolom notes skalian,Super Deal 3 Plus HCC,12 November 2020,2025-07-12 01:36:19
"KFC, Manyar Kertoarjo",H*** H**********,20 Desember 2018,2.0,ga sesuai pesanan,SB1 HC IchiOcha,14 November 2020,2025-07-12 01:36:19
"KFC, Manyar Kertoarjo",I**,14 September 2016,2.0,sambel sachet cuman diksi 5 pdahal ayamnya 9 cuman sambel aj pelitnya minta ampun...padahal saya beli ayam bukan kfc klo kasi sambel sachet banyak..sama juga isinya...,Half Price 9 HC,9 November 2020,2025-07-12 01:36:19
"KFC, Manyar Kertoarjo",E** S********,25 September 2017,2.0,"9 potong ayam tapi yg ada 7 potong ayam besar yg 2 potong ayam  kriwilan sayap kecil....gak sesuai yg d gaambar....bener"" kecewa Ama kfc manyar",Half Price 9 HC,10 November 2020,2025-07-12 01:36:19
"KFC, Manyar Kertoarjo",L***** W******,20 Mei 2017,3.0,"ya memang diskon separoh harga untuk whole chicken bucket, tapi kok ini dibanyakin paha bawah sama sayapnya?? ayo lah...",Half Price 9 HC,9 November 2020,2025-07-12 01:36:19
"KFC, Manyar Kertoarjo",V*****,24 Februari 2016,1.0,"coba cek pesanan saya, SB2 HCC harusnya ayamnya 2 knp dikasi 1 ????",Cream Soup - KFC Soup - SB2 HC IchiOcha,3 November 2020,2025-07-12 01:36:19
"KFC, Manyar Kertoarjo",M******,2 Oktober 2020,1.0,kok ayamnya beda seperti di KFC yg lain??,Super Besar 2 OR,1 November 2020,2025-07-12 01:36:19
"KFC, Manyar Kertoarjo",R**** F*******,10 Agustus 2015,4.0,"minumnya tumpah, tidak diselotip",Signature Box OR,31 Oktober 2020,2025-07-12 01:36:19
"KFC, Manyar Kertoarjo",L*****,12 Oktober 2016,1.0,Dikirim ga sesuai menu,Original Chicken - Rice - Kfc Soup,28 Oktober 2020,2025-07-12 01:36:19
"KFC, Manyar Kertoarjo",L**** I*******,23 April 2018,2.0,porsi yg di pesan di aplikasi 9 tapi yg ada cuma 8 dan harusnya kan paha dan dada knapa ada sayap kecil lagi 🤔sy ambil paket isi 9 itu krn mmg ada 9 ank ank mau makan jadi ada yg kebagian,9Pc HC,23 Oktober 2020,2025-07-12 01:36:19
"KFC, Manyar Kertoarjo",B****** H****,13 Desember 2018,3.0,kurang berasa...,Perkedel - Yakiniku Rice - French Fries Regular - Mango Float - Kfc Soup - SB1 OR IchiOcha,24 Oktober 2020,2025-07-12 01:36:19
"KFC, Manyar Kertoarjo",H**** P*******,1 Agustus 2018,3.0,Beda pesanan yang datang,Personal Bucket 3_Korean Grill,22 Oktober 2020,2025-07-12 01:36:19
"KFC, Manyar Kertoarjo",A*** C***,9 Juni 2020,1.0,"i ask for ketchup, no chilly sauce. what happens? they give me chilly sauce.",Half Price 5 Mix,21 Oktober 2020,2025-07-12 01:36:19
"KFC, Manyar Kertoarjo",W**********,21 September 2015,1.0,"“Confirmed” by the restaurant right after posting the order but then driver found at the counter that one item is out of order, couln’t be refunded but should be replaced by other item, they said...How come??👎",Half Price 5 Mix - Chicken Skin,19 Oktober 2020,2025-07-12 01:36:19
"KFC, Manyar Kertoarjo",Y****** A**** W*****,2 Agustus 2015,1.0,"beli ayam nya 10 potong utk 10 orang, saus sambalnya dikasih 7, berarti minimal 3 orang ndak pakai saus sambal. Padahal sudah minta sambal yg banyak, gmn kalau ndak minta. padahal 1 orang ada yg butuh lebih dari 1 bungkus saus sambal.

jenis potongan ayam tidak bisa request, padahal outlet lain bisa.

sekian dan terimakasih",Half Price 5 HC,19 Oktober 2020,2025-07-12 01:36:19
"KFC, Manyar Kertoarjo",J**** G*******,24 Juli 2015,2.0,saya pesan paket colonel all star 1...ternyata kentang nya udh dingin jd keras. burger nya jg ga fresh. yg lain nya OK! tolong diperhatikan,Colonel All Star 1,20 Oktober 2020,2025-07-12 01:36:19
"KFC, Manyar Kertoarjo",Y****** I****,25 Januari 2017,5.0,cuma lupa catatan minta saus sambal malah nggak dikasih sama sekali,Super Deal 3 Plus HCC,13 Oktober 2020,2025-07-12 01:36:19
"KFC, Manyar Kertoarjo",M*****,7 September 2015,1.0,"PORSI TIDAK SESUAI SEPERTI BELI DI TEMPAT, AYAMNYA SANGAT2 TIDAK WORTH IT",Super Deal 3 Plus Mix HCC - OR,17 Oktober 2020,2025-07-12 01:36:19
"KFC, Manyar Kertoarjo",S*******,6 Mei 2015,4.0,"Rasa oriental bentonya tidak seperti biasanya. Entah salah, atau memang sudah berubah. Jadi encer, agak bening dan banyak ladanya",Super Besar 2 - OMJ Bento - Crispy Strips - OMJ Twisty,7 Oktober 2020,2025-07-12 01:36:19
"KFC, Manyar Kertoarjo",J**** F******* P****,19 Maret 2019,5.0,"terimakasih, untuk drivernya juga. makanannya enak",Zuper Box HCC,6 Oktober 2020,2025-07-12 01:36:19
"KFC, Manyar Kertoarjo",R***,20 November 2017,2.0,klo kosong atau habis tolong di matikan menunya,Kombo Winger HCC - Chicken Skin,5 Oktober 2020,2025-07-12 01:36:19
"KFC, Manyar Kertoarjo",E**,1 Oktober 2015,1.0,pesan bbq semua tapi di kasi cuma 1 yg bbq..,Personal Snack Bucket 3,4 Oktober 2020,2025-07-12 01:36:19
"KFC, Manyar Kertoarjo",G**** N******* H*******,7 Oktober 2015,5.0,2k for take away fee Krg sesuai dgn packaging yg di dapet:),5 Plus 3 - HCC,26 September 2020,2025-07-12 01:36:19
"KFC, Manyar Kertoarjo",J***** O******,28 Oktober 2016,4.0,"rasa enak, seperti biasa. tp ada rambut di dalam kotak makanannya.",5 Plus 3 - OR,22 September 2020,2025-07-12 01:36:19
"KFC, Manyar Kertoarjo",A**,21 April 2016,2.0,spageti nya ga seenak dulu 😭😭😭😭😭😭😭😭,Funtastic Float - Spaghetti Deluxe - Deluxe Burger,21 September 2020,2025-07-12 01:36:19
"KFC, Manyar Kertoarjo",S*****,6 Oktober 2015,3.0,ga sesuai request. minta yg hot paha atas dibanyakin malah yg ga pedes yg dibanyakin,Crazy Deal 5 Mix HCC - OR,17 September 2020,2025-07-12 01:36:19
"KFC, Manyar Kertoarjo",C*******,16 Oktober 2016,2.0,tdk ada cable tist. masa pandemi bgini cable tist bkn hal yg baru. kurang memberi rasa aman ke customer,Crazy Deal 5 Mix HCC - OR,16 September 2020,2025-07-12 01:36:19
"KFC, Manyar Kertoarjo",M***** R*****,1 September 2019,2.0,"untuk rasa tidak se'enak dulu , dan untuk porsi potongan sekarang lebih kecil .",Crazy Deal 5 OR,14 September 2020,2025-07-12 01:36:19
"KFC, Manyar Kertoarjo",D**,5 Mei 2019,1.0,"ga ada saos, pahanya udah ga segar kek sisa kemarin",3 for 40 Mix HCC OR - Kombo Winger HCC,24 Agustus 2020,2025-07-12 01:36:19
"KFC, Manyar Kertoarjo",B*** A**** P******,20 Januari 2018,3.0,"yang satu  ayamnya gede, yang satu sedeng.. udah gitu aja.",Super Besar 1 OR,26 Agustus 2020,2025-07-12 01:36:19
"KFC, Manyar Kertoarjo",T******,13 Januari 2019,4.0,tolong dong disegel.. resto2 lain udah pd disegel masa kfc belum,3 for 40 HCC - Super Besar 1 HCC,24 Agustus 2020,2025-07-12 01:36:19
"KFC, Manyar Kertoarjo",E**,7 Mei 2019,3.0,wrong chicken items,75K for 5pcs Chicken OR + 3pcs Rice,22 Agustus 2020,2025-07-12 01:36:19
"KFC, Manyar Kertoarjo",M***,28 Agustus 2015,2.0,kmrn aga ke asinan,Bucket 9 Pcs OR,18 Agustus 2020,2025-07-12 01:36:19
"KFC, Manyar Kertoarjo",W****,4 Mei 2017,3.0,yg di pesan tidak ada,Colonel All Star 2,20 Agustus 2020,2025-07-12 01:36:19
"KFC, Manyar Kertoarjo",A**** P**********,18 November 2015,2.0,"yg tertera ayam nya dapat 5 potong, datangnya cuma 3",75K FOR 3 HCC,12 Agustus 2020,2025-07-12 01:36:19
"KFC, Manyar Kertoarjo",L**,27 Desember 2015,1.0,pesanan saya kurang 1 (omj P fish flt) kekurangan ini sudah saya alami 2 kali. di nota ada tertulis tapi barang tidak ada. harap diperhatikan dan diperiksa kembali sebelum barang diserahkan ke ojol nya,Original Chicken - Winger HCC - Hot Crispy Chicken - OMJ Fish Fillet - OMJ Burger,10 Agustus 2020,2025-07-12 01:36:19
"KFC, Manyar Kertoarjo",M******* L******,30 April 2018,3.0,buy 2 chicken n 1 rice but only get 3 pieces of saus tomat,Hot Crispy Chicken - Rice,6 Agustus 2020,2025-07-12 01:36:19
"KFC, Manyar Kertoarjo",G**** B*** A********,22 April 2020,3.0,Awannya kurang gede😭,OMJ Twisty,27 Juli 2020,2025-07-12 01:36:19
"KFC, Manyar Kertoarjo",K***** S****,1 Juli 2017,4.0,"utk kemasan minuman, sebaiknya diganti dengan gelas yg sdh dipress supaya tdk tumpah. Krn selama ini minuman yang kami terima selalu tumpah. Sekali lagi, tolong diperhatikan kemasan gelasnya",Mocha Boba Float - Deluxe Burger - Original Chicken,13 Juli 2020,2025-07-12 01:36:19
"KFC, Manyar Kertoarjo",A**** P****,31 Juli 2017,1.0,pesanan tidak sesuai aplikasi. mengecewakan,Crispy Box OR - OMJ Bento,4 Juli 2020,2025-07-12 01:36:19
"KFC, Manyar Kertoarjo",H****,26 Juli 2016,3.0,Kalo menu nya belum ada tolong di disable dong,Zuper Box HCC,1 Juli 2020,2025-07-12 01:36:19
"KFC, Manyar Kertoarjo",T******,13 Januari 2019,4.0,"kresek tdk disegel dan sobek lg. bks kertasnya sampai basah. hrsnya spt mc d, yoshinoya dll yg kreseknya disegel",OMJ Fish Fillet - OMJ Burger,15 Juni 2020,2025-07-12 01:36:19
"KFC, Manyar Kertoarjo",A*** E****,31 Agustus 2017,1.0,KALO MENUNYA GAK ADA DI RESTORAN YA JANGAN DI TULIS AVAILABLE DI MENU GOJEK,Zuper Box OR Promo - Zuper Box HCC Promo,10 Juni 2020,2025-07-12 01:36:19
"KFC, Manyar Kertoarjo",A** L******,20 September 2017,5.0,semoga dilancarkan rezekinya🙏,Zuper Box OR Promo - Zuper Box HCC Promo,10 Juni 2020,2025-07-12 01:36:19
"KFC, Manyar Kertoarjo",P***** J******,4 Maret 2020,3.0,porsinya kurang biasanya gelasnya yg ukuran large sekarang ukuran medium gk seperti biasanya,Lovlychee Float,25 Mei 2020,2025-07-12 01:36:19
"KFC, Manyar Kertoarjo",A***,26 April 2017,2.0,"kayak gak fresh, kaya. diangetin. kulitnya agak gosong",Bucket Winger + Sauce,26 Mei 2020,2025-07-12 01:36:19
"KFC, Manyar Kertoarjo",B******,4 September 2016,3.0,"Kalau makanan habis, bisa ditulis langsung jd customer dan driver tidak kebigungan ganti pesanan",Colonel All Star 3 Promo,26 Mei 2020,2025-07-12 01:36:19
"KFC, Manyar Kertoarjo",K*************,17 Mei 2020,2.0,"kentangnya dingin semua , alot anakku sampe gamau makannya :(",Colonel All Star 3 Promo - Mocha Boba Float - Fun Fries,25 Mei 2020,2025-07-12 01:36:19
"KFC, Manyar Kertoarjo",A**** L******,28 April 2018,5.0,thks you buat yang masak sesuai dengan 👅 yummy,Crazy Deal 7,26 Mei 2020,2025-07-12 01:36:19
"KFC, Manyar Kertoarjo",A***** A****,9 Maret 2018,5.0,sukaaaaaa dechhh🥰🥰🥰🥰,Crazy Deal 7,24 Mei 2020,2025-07-12 01:36:19
"KFC, Manyar Kertoarjo",E***** X* D*******,29 Maret 2019,1.0,ayam ada darahnya nempel di tulang,Crazy Deal 7,25 Mei 2020,2025-07-12 01:36:19
"KFC, Manyar Kertoarjo",H**** Z******,20 Maret 2018,5.0,"mantaaabbb.. pesanan sesuai request customer, pertahankan yaa.. thx",Zuper Box HCC - Crazy Deal 9 HCC free 2 pudding,25 Mei 2020,2025-07-12 01:36:19
"KFC, Manyar Kertoarjo",R**,26 Januari 2019,3.0,potongan ayamnya sebagian yg kecil2...kesannya seperti sisa/rontokan ayam...😌,Crazy Deal 9 HCC free 2 pudding,24 Mei 2020,2025-07-12 01:36:19
"KFC, Manyar Kertoarjo",D** R,13 April 2018,5.0,"Sop ayam nya diperbanyak. Selalu sold out, padahal pengen nambah",Super Crazy Deal 2,22 Mei 2020,2025-07-12 01:36:19
"KFC, Manyar Kertoarjo",N*** A********,10 Desember 2017,2.0,"pesanan tidak sesuai request,entah salah driver atau memang paket yg d request habis. yg jelas info k customer kurang",Super Besar 1 OR - Lovlychee Float,23 Mei 2020,2025-07-12 01:36:19
"KFC, Manyar Kertoarjo",B*** A** N******,13 November 2018,3.0,harap diberitahukan jika makanan sdh tdk ada,OMJ Bento,17 Mei 2020,2025-07-12 01:36:19
"KFC, Manyar Kertoarjo",R***,18 November 2017,1.0,Ayam krispi tetapi yg datang ayam Original  yg kelihatan ayam  seperti tdk matang dan ayam sedikit bau,Wing Original - Perkedel - Original Chicken,15 Mei 2020,2025-07-12 01:36:19
"KFC, Manyar Kertoarjo",I**** P******,14 Maret 2016,4.0,"jumlah chicken skinnya makin sedikitt,, yang lain sudah enak bangettt🙂🙂",Chicken Skin - Original Chicken - Perkedel - Rice - Yakiniku Rice,15 Mei 2020,2025-07-12 01:36:19
"KFC, Manyar Kertoarjo",J*** P**** M*******,18 September 2019,5.0,terima kasih banyak,Super Besar 2 - Yakiniku Rice,11 Mei 2020,2025-07-12 01:36:19
"KFC, Manyar Kertoarjo",R**,24 Januari 2016,3.0,packaging kurang aman...hrs d kasih kabel ties ato di isolasi. tolong lebih diperhatikan kebersihan makanannya.thank you,Es Jelly Kacang Merah - Krunch Fest 2 - Hot Crispy Chicken,9 Mei 2020,2025-07-12 01:36:19
"KFC, Manyar Kertoarjo",J*** P**** M*******,18 September 2019,5.0,terima kasih banyak,Super Besar 2,8 Mei 2020,2025-07-12 01:36:19
"KFC, Manyar Kertoarjo",R*** W*****,6 Oktober 2016,1.0,"harusnya kl ada promo, semua item ada. ini diinfo kl 2pc puding nya habis. mo cancel kasihan abang ojolnya, smoga kfc lebih perhatian.",Crazy Deal 9 OR free 2 pudding,7 Mei 2020,2025-07-12 01:36:19
"KFC, Manyar Kertoarjo",L***,5 Februari 2017,1.0,Tolong saus2 nya jangan di campur dengan makanan.krn saus pembungkus plastik n makanan nya panas. Thx,Crazy Deal 9 OR free 2 pudding - Super Besar 2,4 Mei 2020,2025-07-12 01:36:19
"KFC, Manyar Kertoarjo",Y****,18 Juli 2018,1.0,pesanan kurang sop akhirnya diantar...ayamnya dicampur sama yg lama kentang jg sdah keras,Crazy Deal 9 Mix HCC - OR free 2 pudding - KFC Soup - Spaghetti Deluxe - Colonel All Star 2,28 April 2020,2025-07-12 01:36:19
"KFC, Manyar Kertoarjo",S******,8 Agustus 2015,4.0,rasanya rada beda dr biasanya. aroma kurang nagih,Colonel Champion 3,23 April 2020,2025-07-12 01:36:19
"KFC, Manyar Kertoarjo",F**** W,22 Agustus 2017,1.0,beli paket chaki gk dapet mainannya.. payah!!,Yakiniku Rice - Chaki Kids Meal A - OR - Chicken Skin - Super Mantap Spicy Lime Chicken,24 April 2020,2025-07-12 01:36:19
"KFC, Manyar Kertoarjo",F****,4 Agustus 2016,3.0,"Beli nya hcc 1 bucket, udah gak pakek bucket, Ayam d kasi campur an yg original, minta banyak in yg paha datangnya cm d kasi paha atas 1.",Crazy Deal 9 HCC free 2 pudding,24 April 2020,2025-07-12 01:36:19
"KFC, Manyar Kertoarjo",S******** P****,13 Juni 2018,1.0,buurukkkk saya dikasik mocca float es krimnya bener2 leleh gk ada beku2nya cairrr... pesanan saya tidak sesuai. saya pesan ayam crispy limau dikasik yg ori ayam pupu kecil. mending dpet hot crispy enak ini bner2 mengecewakan sekali. buruk sangat.  sudah orderan ke 2 yang mengecewakan dulu prnah beli paktean ayam limau + mocca float eh minumannya dtengnya bukan mocca float. diganti yg lain wrna pink ada floatnya. ke2 kali dikecewain sama kfc,Spesial Puasnya Spicy Lime Mocha Float - OMJ Spaghetti,22 April 2020,2025-07-12 01:36:19
"KFC, Manyar Kertoarjo",K**** K****,11 Agustus 2015,1.0,I didnt get my pudding..,Winger Party 3 - Winger Party 2,15 April 2020,2025-07-12 01:36:19
"KFC, Manyar Kertoarjo",A******** P**********,2 September 2015,2.0,sebaiknya saus nya dipisah,Snack Bucket 1 Diskon 30%,13 April 2020,2025-07-12 01:36:19
"KFC, Manyar Kertoarjo",S***** K*********,4 Juli 2017,5.0,thx.nice driver,Promo Special Price 9 pcs Chicken OR,12 April 2020,2025-07-12 01:36:19
"KFC, Manyar Kertoarjo",Q*** L*** P******,25 Februari 2016,1.0,Udang rambutanya Basi,Original Chicken,11 April 2020,2025-07-12 01:36:19
"KFC, Manyar Kertoarjo",W****,3 Agustus 2015,4.0,Stok hcc nya kurang banyak,Colonel Champion 3 - Winger Bucket,10 April 2020,2025-07-12 01:36:19
"KFC, Manyar Kertoarjo",L***,12 Agustus 2016,2.0,"selalu g bener, spagheti di kasih di cup, ayam kecil2 ptoongan sayap jadi 2.. bolak balik pesen g tau bener",Super Family Mix - Spaghetti Deluxe,8 April 2020,2025-07-12 01:36:19
"KFC, Manyar Kertoarjo",L*** L**,16 Juli 2015,3.0,pesan ga sesuai,Super Besar 2 - Cream Soup,31 Maret 2020,2025-07-12 01:36:19
"KFC, Manyar Kertoarjo",A***,12 Juni 2015,3.0,dagingnya keras Dan keras. rasa kulitnya hambar. jauh lebih enak merk fried chicken lain yang lebih murah,Hot Crispy Chicken - Personal Snack Bucket 1 BBQ,28 Maret 2020,2025-07-12 01:36:19
"KFC, Manyar Kertoarjo",C******* S******,16 Juli 2017,5.0,mantab. Sayangnya ayamnya kebnyakan kecil,Crazy Deal HCC - Crazy Deal OR,26 Maret 2020,2025-07-12 01:36:19
"KFC, Manyar Kertoarjo",D***** S***********,5 Februari 2016,1.0,"entah apa yang merasukimu.. KFC..?? tiba2 ayammu tdk ada tepungnya, warnanya pucat, rasanya pun asin..",Crazy Deal OR,27 Maret 2020,2025-07-12 01:36:19
"KFC, Manyar Kertoarjo",I*****,13 September 2016,1.0,gadikasih saos payah !!!!!!!!,Crazy Deal Mix HCC - OR,25 Maret 2020,2025-07-12 01:36:19
"KFC, Manyar Kertoarjo",A**,30 Januari 2019,4.0,tepungnya gak berasa,Winger Party 1,24 Maret 2020,2025-07-12 01:36:19
"KFC, Manyar Kertoarjo",J*****,10 Maret 2020,1.0,menu banyak yang kosong mending tutup aja,Snack Bucket 1 BBQ - Ovaltine - Zuper Krunch - Bento Barbeque,22 Maret 2020,2025-07-12 01:36:19
"KFC, Manyar Kertoarjo",E****,30 Juli 2016,3.0,"Ayam tidak matang, daging nya masih ada merah dan darah",Super Besar 2,23 Maret 2020,2025-07-12 01:36:19
"KFC, Manyar Kertoarjo",J******,20 Desember 2016,1.0,ayam nya seperti digoreng ulang. ayam nya keras dan terasa udah lebih dari 1 hari yg digoreng ulang,Chaki Kids Meal A - OR - Super Besar 1 HCC - Hot Crispy Chicken - Zuper Krunch,21 Maret 2020,2025-07-12 01:36:19
"KFC, Manyar Kertoarjo",P*****,1 Juni 2018,1.0,Rasanya spt ayam kemaren,Hot Crispy Chicken,20 Maret 2020,2025-07-12 01:36:19
"KFC, Manyar Kertoarjo",T**** A******,27 September 2018,4.0,saosnya kmrn salah...,Oh My Jago French Fries - Yakiniku Rice - Sprite,15 Maret 2020,2025-07-12 01:36:19
"KFC, Manyar Kertoarjo",M** W*****,1 Juli 2017,2.0,"ayamnya gk crispy,beda, gk kyk biasanya . . apa gara2 pesan online",Hot Crispy Chicken,17 Maret 2020,2025-07-12 01:36:19
"KFC, Manyar Kertoarjo",W********* I*******,10 Agustus 2017,2.0,ayamnya kecil dan gosong. kesan kualitas tdk fresh. meski dlm promo harusnya kualitas ttp terjaga,Spesial Puasnya HCC,10 Maret 2020,2025-07-12 01:36:19
"KFC, Manyar Kertoarjo",M******,3 Oktober 2015,2.0,paket nya harusnya mocca float tapi dapetnya fanta ..🤦‍♀️,Spesial Puasnya HCC,10 Maret 2020,2025-07-12 01:36:19
"KFC, Manyar Kertoarjo",A****,8 Desember 2017,1.0,Ayam dadanya masih ada darahnya,Yakiniku Rice - Oh My Jago Chicken Skin,9 Maret 2020,2025-07-12 01:36:19
"KFC, Manyar Kertoarjo",B***,2 Agustus 2015,1.0,Saya beli ayam kfc bukan beli minyak kfc. Masak kfc ayamnya isinya banyak minyak.  Ga renyah sm sekali seperti layaknya kfc??? Kayak ayam pinggir jalan yg murah2 itu??!!!ga d kasih tisu g ada sedotan juga. Sambal nya cm 1 ?? Pelit amat dengan sekelas kfc,Super Besar 1 HCC - Spesial Puasnya OR,9 Maret 2020,2025-07-12 01:36:19
"KFC, Manyar Kertoarjo",A****,2 Juni 2016,1.0,semua yg saya pesan ada di menu online tapi gak tersedia di restoran. kecewa bgt sama kfc.,KFC Soup - Original Chicken,8 Maret 2020,2025-07-12 01:36:19
"KFC, Manyar Kertoarjo",G**** R****,11 April 2018,1.0,"sudah bbrp kali ini order di KFC MK gak pernah puas, seharusnya kalo mmg menu tidak ada, bisa disetting habis. jangan dibiarkan kami berasumsi bahwa pesanan kami pasti ada. 
giliran orderan ada, yg datang gak sesuai. mini cizzanya tanpa mayonaise, kulit krispi tanpa saus jalapeno hanya saos sambel sachetan.",Oh My Jago Mini Chizza - Oh My Jago Chicken Skin - Cream Soup - Mocha Boba,8 Maret 2020,2025-07-12 01:36:19
"KFC, Manyar Kertoarjo",L***,12 Agustus 2016,3.0,selalu g lengkap dan minuman salah,Super Besar 1 OR - Hot Crispy Chicken - Super Besar 1 HCC,6 Maret 2020,2025-07-12 01:36:19
"KFC, Manyar Kertoarjo",V**,28 Agustus 2015,3.0,pesanannya salah.. tdk sesuai dgn struk harganya.. di struk harga tertulis saya pesan french fries reguler yg saya terima cream soup,Bucket Winger HCC - French Fries Regular,4 Maret 2020,2025-07-12 01:36:19
"KFC, Manyar Kertoarjo",D********,21 November 2019,5.0,enak banget .!!,Snack Bucket 2 BBQ,4 Maret 2020,2025-07-12 01:36:19
"KFC, Manyar Kertoarjo",I****,29 Januari 2017,2.0,ayamnya asin smua. Nunggu terlalu lama hampir 1 jam lbh.,Combo Prime 1 OR - Rice - Deluxe Burger,3 Maret 2020,2025-07-12 01:36:19
"KFC, Manyar Kertoarjo",V***,24 Juli 2018,1.0,ayam kemarin (tidak fresh),Colonel Yakiniku Combo - Kombo Winger BBQ,2 Maret 2020,2025-07-12 01:36:19
"KFC, Manyar Kertoarjo",Y*******,24 Agustus 2015,2.0,ayamnya kecil2 potongannya. beda kalo dine in,Bucket Winger Mix,29 Februari 2020,2025-07-12 01:36:19
"KFC, Manyar Kertoarjo",N***,6 Oktober 2015,5.0,saus sambalnya cmn di beri satu jadi kurang banget,Hot Crispy Chicken - Rice,27 Februari 2020,2025-07-12 01:36:19
"KFC, Manyar Kertoarjo",S*********,30 Agustus 2015,1.0,the order is not same as app and no confirmation about it,Kombo Winger HCC,27 Februari 2020,2025-07-12 01:36:19
"KFC, Manyar Kertoarjo",R******,4 Desember 2016,2.0,Pesanan tidak sesuai,Spaghetti Supreme - KFC Soup,24 Februari 2020,2025-07-12 01:36:19
"KFC, Manyar Kertoarjo",P******,15 Juni 2015,1.0,i pay for mocha float  and got 330ml mineral water without any notification nor confirmation,Signature Box HCC,19 Februari 2020,2025-07-12 01:36:19
"KFC, Manyar Kertoarjo",F********,17 Agustus 2015,5.0,sop nya kenapa hambar?..,Crazy Deal HCC - Crazy Deal Mix - KFC Soup,19 Februari 2020,2025-07-12 01:36:19
"KFC, Manyar Kertoarjo",K****,8 Januari 2016,3.0,"nasi keras, perkedel kering bgt",Rice - Perkedel - Crispy Strips - Wing Original - Chicken Skin,17 Februari 2020,2025-07-12 01:36:19
"KFC, Manyar Kertoarjo",A****** R****,23 November 2015,1.0,gak dikasih saos sambalnya,Special Day OR - Cream Soup,15 Februari 2020,2025-07-12 01:36:19
"KFC, Manyar Kertoarjo",T*** A*******,23 Juni 2015,1.0,"saya pesan wingers sama special day, eh yg dateng cuman nasi dua sama ayam dua. wingernya gak ada.",Special Day HCC - Mini Chizza Free Coca Cola,15 Februari 2020,2025-07-12 01:36:19
"KFC, Manyar Kertoarjo",H***** S*******,3 Mei 2017,3.0,pelit saos sambel,Special Day Mix - Pudding,14 Februari 2020,2025-07-12 01:36:19
"KFC, Manyar Kertoarjo",S*************,25 Juli 2018,2.0,"tdk sesuai dgn promony,..promony mocha fload tp dptny coca cola👎",Special Day OR - Kombo OR Burger,14 Februari 2020,2025-07-12 01:36:19
"KFC, Manyar Kertoarjo",M*****,5 Juni 2015,2.0,pelit kasih saus sambal. masa cuma dikasih 1 sachet. minta nambah cm d ksh 2 akhirnya. keterlaluan!! alasan d jatah. kalo makan d restonya kan mau lebih2 ampe ambyar kok ga lu jatahin juga?,Super Besar 1 HCC - Perkedel,9 Februari 2020,2025-07-12 01:36:19
"KFC, Manyar Kertoarjo",R***,12 September 2016,5.0,kalau bisa kasoh saos sambal sachet,Double Down,9 Februari 2020,2025-07-12 01:36:19
"KFC, Manyar Kertoarjo",R***,11 Mei 2016,3.0,banyak yang tidak ready,KFC Winger Sweet & Spicy - Super Besar 2 OR,4 Februari 2020,2025-07-12 01:36:19
"KFC, Manyar Kertoarjo",F**** K*** I********,23 Oktober 2017,2.0,tdk sesuai yg di gmbar..order super besar di ksih nya ayam yg sayap🤦,Deluxe Burger - KFC Soup - Kombo Winger BBQ - Super Besar 1 OR,7 Februari 2020,2025-07-12 01:36:19
"KFC, Manyar Kertoarjo",A**** Y****,4 Desember 2015,1.0,Pesanan yang saya terima tidak sama dengan pesanan di struk pembayaran. Ada item menu yang kurang,Rice - Wing Original - Chicken Skin,5 Februari 2020,2025-07-12 01:36:19
"KFC, Manyar Kertoarjo",A**,19 Oktober 2017,2.0,nasi nya kering baget,Crispy Box OR - Perkedel - Super Besar 1 HCC,2 Februari 2020,2025-07-12 01:36:19
"KFC, Manyar Kertoarjo",A***** A****,9 Maret 2018,5.0,sukaaaaaaaaa dehhhhh,Super Besar 2,25 Januari 2020,2025-07-12 01:36:19
"KFC, Manyar Kertoarjo",H*****,16 November 2018,4.0,Agak gosong gorengan dr ayamnya,Snack Bucket 2 Sweet & Spicy  Diskon 30%,23 Januari 2020,2025-07-12 01:36:19
"KFC, Manyar Kertoarjo",S**** A********,24 Juli 2018,2.0,Saya order yg OR knapa dikasih HC?? Anak saya jadi tdk bisa makan,Crazy Deal OR,22 Januari 2020,2025-07-12 01:36:19
"KFC, Manyar Kertoarjo",I***,16 Juli 2016,5.0,terima kasih pak,KFC Soup - Perkedel - Original Chicken - Crispy Strips,14 Januari 2020,2025-07-12 01:36:19
"KFC, Manyar Kertoarjo",A**,6 November 2016,5.0,enak sekali mantap ayamnya,Crispy Box HCC,13 Januari 2020,2025-07-12 01:36:19
"KFC, Manyar Kertoarjo",N****,24 Oktober 2015,1.0,Ga ada saus sambal dan tomatnya. Jadi hambar rasanya,Super Besar 1 HCC - Deluxe Burger - Wing Original,10 Januari 2020,2025-07-12 01:36:19
"KFC, Manyar Kertoarjo",A***** P****,22 Mei 2016,5.0,KFC is the best❤️,Kombo Super Star 1 OR - Kombo Winger Sweet & Spicy,6 Januari 2020,2025-07-12 01:36:19
"KFC, Manyar Kertoarjo",N****** B******,10 Agustus 2016,3.0,rasanya berubah.. tidak konsisten,Super Besar 1 HCC - Oriental Bento,30 Desember 2019,2025-07-12 01:36:19
"KFC, Manyar Kertoarjo",K*********,15 September 2017,4.0,minta nya pah yg datang dada,Super Besar 1 HCC,4 Januari 2020,2025-07-12 01:36:19
"KFC, Manyar Kertoarjo",I****,30 Desember 2017,1.0,g pernah dpt saos nya,Signature Box HCC,30 Desember 2019,2025-07-12 01:36:19
"KFC, Manyar Kertoarjo",S*****,10 Juli 2017,2.0,rasa ayamnya kok terlalu asin ya untuk sebuah kfc yang katanya jagonya ayam,Super Besar 2,27 Desember 2019,2025-07-12 01:36:19
"KFC, Manyar Kertoarjo",T****,18 Agustus 2015,2.0,Menu makanannya sudah habis tetapi tidak terupdate dalam aplikasi,Gebyar 1 OR,26 Desember 2019,2025-07-12 01:36:19
"KFC, Manyar Kertoarjo",R** H*******,22 Mei 2018,4.0,"Udh sip, cm kentang goreng gaada",Snack Bucket 1 Sweet & Spicy - Rice,24 Desember 2019,2025-07-12 01:36:19
"KFC, Manyar Kertoarjo",I***,18 Mei 2017,5.0,saosnya kurang tadi cuma dikasih 2 sachet,Gebyar 1 HCC,23 Desember 2019,2025-07-12 01:36:19
"KFC, Manyar Kertoarjo",A** P****,30 Maret 2018,2.0,"ayamnya sangat sedikit tidak seperti biasanya
pada pesanan saya kali ini, keduanya hanya diberi potongan ayam yabg sangat kecil dan sedikit",Yakiniku Rice - Fun Fries Barbeque - Bento Barbeque,21 Desember 2019,2025-07-12 01:36:19
"KFC, Manyar Kertoarjo",L**** R******,12 Desember 2015,4.0,"kentangnya keras. menurut saya itu kentang begu langsung dimasukkan ke penggorengan panas, seharusnya kentang nya di biarkan dulu diluar ruangan sampe beku nya hilang baru dimasukkan ke penggorengan supaya kentang bisa mengembang dengan baik 😊",Snack Bucket 1 BBQ - Spaghetti Supreme,19 Desember 2019,2025-07-12 01:36:19
"KFC, Manyar Kertoarjo",D*****,27 Desember 2016,1.0,tempat makan kek tytyd punya menu kaga pernah ada. gausah jualan ae sekalian,Gebyar 1 OR - Bento Black Pepper - Oriental Bento,17 Desember 2019,2025-07-12 01:36:19
"KFC, Manyar Kertoarjo",I**** Z*******,6 Desember 2016,1.0,Pesanan ga sesuai,Super Besar 2 OR,17 Desember 2019,2025-07-12 01:36:19
"KFC, Manyar Kertoarjo",Y*****,5 Maret 2017,4.0,"Tekstur agak gosong , kemasan Kurang aman, padahal disertai tarif, harusnya lebih aman lagi kemasan nya",Super Besar 2 HCC,14 Desember 2019,2025-07-12 01:36:19
"KFC, Manyar Kertoarjo",A***** A****,9 Maret 2018,5.0,dipertahankan trus ya😊😊😊,Super Besar 2,12 Desember 2019,2025-07-12 01:36:19
"KFC, Manyar Kertoarjo",M***** T**,2 Mei 2019,2.0,60000 for 1 chicken 1 rice and 1 Pepsi is so expensive,Super Besar 2,9 Desember 2019,2025-07-12 01:36:19
"KFC, Manyar Kertoarjo",M****** J*********,5 September 2015,1.0,"ayam tdk fresh, seperti dipanasi ulang",Bucket Winger Mix,9 Desember 2019,2025-07-12 01:36:19
"KFC, Manyar Kertoarjo",D****,15 Januari 2016,1.0,saya beli super besar 2 yang biasa nya dapet 1 dada dan 1 paha sekarang dapetnya 2 paha bawah. trus minumnya harusnya dapet large ini malah dapetnya yang reguler. trus buat apa saya bayar lebih untuk upsize,Deluxe Burger - Spaghetti Deluxe - Cream Soup - Bento Black Pepper - Super Besar 2 OR,1 Desember 2019,2025-07-12 01:36:19
"KFC, Manyar Kertoarjo",L*** S******* L******,17 Desember 2018,3.0,"kurang sedotannua buat minum,. hehehehhehe",Kombo OR Burger - Super Besar 2 OR,1 Desember 2019,2025-07-12 01:36:19
"KFC, Manyar Kertoarjo",R*** I*******,20 November 2015,5.0,enak enak eanak.,Bento Barbeque - Fanta,30 November 2019,2025-07-12 01:36:19
"KFC, Manyar Kertoarjo",N***,2 September 2019,1.0,SAYA PESAN DADA BUKAN PAHA,Super Besar 1 OR,29 November 2019,2025-07-12 01:36:19
"KFC, Manyar Kertoarjo",A****** G****,8 November 2018,3.0,"di deskripsi pesanan dapet 1 mocha float sama 1 reg coca cola , ehh dapetnya 2 botol tanggung icha ocha 😂",Kombo Super Star 2 OR,28 November 2019,2025-07-12 01:36:19
"KFC, Manyar Kertoarjo",V***,24 Juli 2018,3.0,Isi daging burger padat,Kombo OR Burger,22 November 2019,2025-07-12 01:36:19
"KFC, Manyar Kertoarjo",J******,16 Agustus 2015,1.0,rasa ayam gorengnya kayak ayam yg digoreng ulang 😑,Twisty - Super Family Anniversary HCC,21 November 2019,2025-07-12 01:36:19
"KFC, Manyar Kertoarjo",R*** R*******,23 September 2015,1.0,sangat berminyak 🤮🤮 sumpah ngga Kaya dulu KFC ngga enak skrg,Gebyar 2 HCC,15 Oktober 2019,2025-07-12 01:36:19
"KFC, Manyar Kertoarjo",S***** D*****,19 September 2018,5.0,KFC TOP MARKOOTOPP,WowNesday 1 HCC,16 Oktober 2019,2025-07-12 01:36:19
"KFC, Manyar Kertoarjo",A***** N******,12 Agustus 2017,2.0,daging dadanya kecil amat ya,Super Besar 1 HCC - Yakiniku Rice,8 Oktober 2019,2025-07-12 01:36:19
"KFC, Manyar Kertoarjo",S******** D,4 Oktober 2015,3.0,ayam crispy di zuper crunchnya kecil banget :( kayak chicken strips bukan buat burger :(,Zuper Box HCC,20 September 2019,2025-07-12 01:36:19
"KFC, Manyar Kertoarjo",B**** G*** K*******,7 November 2017,5.0,"sukkaaakkk,, laafff",Super Besar 1 HCC,17 September 2019,2025-07-12 01:36:19
"KFC, Manyar Kertoarjo",A***,2 Februari 2016,5.0,papa minta pulsa,Hot Crispy Chicken,14 September 2019,2025-07-12 01:36:19
"KFC, Manyar Kertoarjo",T*****,22 Juni 2019,4.0,rasa agak gosong,Crazy Deal HCC,11 September 2019,2025-07-12 01:36:19
"KFC, Manyar Kertoarjo",B******,27 Oktober 2015,3.0,pesan paha atas 2 tapi dikasih dada sama paha bawah.,Original Chicken - Hot Crispy Chicken,6 September 2019,2025-07-12 01:36:19
"KFC, Manyar Kertoarjo",F*****,2 Maret 2019,3.0,Tolong masak lebih matang lagi dagingnya masih ada yang merah,Hot Crispy Chicken,1 September 2019,2025-07-12 01:36:19
"KFC, Manyar Kertoarjo",A*******,15 Juli 2017,4.0,biaya antat kenapa mahal bgt. mcd bisa 2k kfc 10k. illfeel saya,Cream Soup - Yakiniku Rice,20 Agustus 2019,2025-07-12 01:36:19
"KFC, Manyar Kertoarjo",A*****,20 Desember 2017,3.0,harga tidak sesuai antara nota dan aplikasi,N/A,21 Agustus 2019,2025-07-12 01:36:19
"KFC, Manyar Kertoarjo",T***,31 Januari 2016,1.0,baru kali ini makan ayam kfc rasanya asiiinnnn banggeetttt...mengecewakan,N/A,13 Agustus 2019,2025-07-12 01:36:19
"KFC, Manyar Kertoarjo",A***** C*******,8 Januari 2017,2.0,I've been trying to order a certain food (winger combo) for a couple of days but it isn't available but there's never any update on the availability on the app. Also price is inaccurate because they don't include tax.,N/A,10 Agustus 2019,2025-07-12 01:36:19
"KFC, Manyar Kertoarjo",D***,21 Oktober 2015,3.0,nasinya kering. 😣mocha floatnya dganti pepsi.,N/A,30 Juli 2019,2025-07-12 01:36:19
"KFC, Manyar Kertoarjo",A** F**** M**********,22 Februari 2016,1.0,cream soupnya tdk enk sama sekali kentel banget rasa tepung..beda dengan KFC outlet lain 😣,N/A,27 Juli 2019,2025-07-12 01:36:19
"KFC, Manyar Kertoarjo",A****,20 September 2016,1.0,Supnya sudah basi dan minuman pepsinya sudah hilang sodanya. Sucks!!,N/A,25 Juli 2019,2025-07-12 01:36:19
"KFC, Manyar Kertoarjo",A***,16 September 2017,1.0,masak jam 11 siang dada mentok sama paha atas sudah tidak ada? kamu mempermainkan saya ta??,N/A,17 Juli 2019,2025-07-12 01:36:19
"KFC, Manyar Kertoarjo",R*********,16 April 2017,4.0,kentangnya dingin dan keras :( ekspektasi masih hangat gitu,N/A,13 Juli 2019,2025-07-12 01:36:19
"KFC, Manyar Kertoarjo",L*** A****** S,11 September 2015,1.0,hari jum'at 05 juli 2019 jam 10.14 saya pesan super besar dan 2 nasi putihnya masih belum matang benar. .atau mungkin kurang air pada saat menanak nasi. .tolong lain kali di perhatikan untuk nasinya,N/A,5 Juli 2019,2025-07-12 01:36:19
"KFC, Manyar Kertoarjo",A******** K*******,16 April 2018,3.0,sambal dan saosnya sedikit sekali,N/A,27 Juni 2019,2025-07-12 01:36:19
"KFC, Manyar Kertoarjo",W********* I*******,10 Agustus 2017,5.0,makasi pak gofood,N/A,14 Juni 2019,2025-07-12 01:36:19
"KFC, Manyar Kertoarjo",R****,6 Juni 2017,1.0,Tidak menyertakan nota untuk Orderan kali ini . Mohon maaf saya agak kurang puas dengan pelayanan kali ini .,N/A,12 Juni 2019,2025-07-12 01:36:19
"KFC, Manyar Kertoarjo",D**** P****,27 Agustus 2015,5.0,enak berasa kalau masih anget fress,N/A,8 Juni 2019,2025-07-12 01:36:19
"KFC, Manyar Kertoarjo",N**** L******,30 Agustus 2016,5.0,ga diragukan lagi,N/A,8 Juni 2019,2025-07-12 01:36:19
"KFC, Manyar Kertoarjo",A**** H******,14 April 2017,3.0,the accuracy of order. it wasn't complete as it's written in the description.,N/A,4 Juni 2019,2025-07-12 01:36:19
"KFC, Manyar Kertoarjo",A**,21 April 2016,3.0,"ga dapet saos, ga dapat pepper & salt, burger ku ga ada.. pdhal di struk ada 😭😭😭😭
ga dikasih tisu juga...
laper tau..",N/A,6 Juni 2019,2025-07-12 01:36:19
"KFC, Manyar Kertoarjo",D*************,28 Desember 2016,1.0,go food ayam 3 potong tp ayamnya gosong semua jadinya gk enak dmakan .tlong klau ayamnya gosong jgn di kasihkan pembeli donk yya..thx,N/A,30 Mei 2019,2025-07-12 01:36:19
"KFC, Manyar Kertoarjo",M****** P**********,4 April 2017,2.0,"antri nya lama,  nunggu sampe satu jam lebih",N/A,27 Mei 2019,2025-07-12 01:36:19
"KFC, Manyar Kertoarjo",D**** P****,27 Agustus 2015,2.0,ayamnya kurang panas sepertinya gorengan  beberapa jam yg lalu,N/A,23 Mei 2019,2025-07-12 01:36:19
"KFC, Manyar Kertoarjo",A****,18 Agustus 2015,3.0,"Ayamnya basah, seperti kurang matang dan sangat berminyak",N/A,22 Mei 2019,2025-07-12 01:36:19
"KFC, Manyar Kertoarjo",G*** G***** W*****,8 Mei 2017,3.0,ga dikasih saus :(((,N/A,15 Mei 2019,2025-07-12 01:36:19
"KFC, Manyar Kertoarjo",M******,14 Maret 2016,3.0,"the one served to me is not freshly cooked, it is already dry. an indication that it has been cooked for a while.",N/A,15 Mei 2019,2025-07-12 01:36:19
"KFC, Manyar Kertoarjo",E** S******,24 Juni 2018,4.0,"banyak yg kosong, diganti sama pepsi doang dan gak ada pilihan lain",N/A,13 Mei 2019,2025-07-12 01:36:19
"KFC, Manyar Kertoarjo",K****,27 April 2017,4.0,"kali ini maaf, nasinya kurang pulen",N/A,12 Mei 2019,2025-07-12 01:36:19
"KFC, Manyar Kertoarjo",I***,3 Januari 2017,4.0,kenapa kalo order ricebox kfc nasinya dapet yg kering kayak nasi aking 🙄,N/A,12 Mei 2019,2025-07-12 01:36:19
"KFC, Manyar Kertoarjo",Y*** /** 1****,4 Maret 2017,3.0,"Nulis saos ganti dgn asam manis,tulisannya ga dibaca",N/A,10 Mei 2019,2025-07-12 01:36:19
"KFC, Manyar Kertoarjo",D****,16 September 2015,1.0,saya minta ayam dada mentok tapi tidak sesuai,N/A,8 Mei 2019,2025-07-12 01:36:19
"KFC, Manyar Kertoarjo",M*****,27 Juli 2017,5.0,panas panas perut laperrrr y go food kfc aja😁😁😁,N/A,5 Mei 2019,2025-07-12 01:36:19
"KFC, Manyar Kertoarjo",R****,24 Desember 2016,4.0,salah pesanan. saya pesan mix dikasihnya all spicy smoked. minuman jg saya pesan fanta dikasih pepsi. untung okay,N/A,3 Mei 2019,2025-07-12 01:36:19
"KFC, Manyar Kertoarjo",H*** R******* P******,15 Oktober 2017,2.0,selalu ada yg lupa klo gak sedotan skrg gak di kasih sendok 😒😒 hmmm makannya gmna coba kolonel yakiniku nya 😒😒 sm creamy soup nya ..,N/A,27 April 2019,2025-07-12 01:36:19
"KFC, Manyar Kertoarjo",Y*** /** 1****,4 Maret 2017,4.0,Should used recycle bag/paper bag.Save earth❤️,N/A,27 April 2019,2025-07-12 01:36:19
"KFC, Manyar Kertoarjo",S****,9 Desember 2017,1.0,"daging ayamnya tidak segar, tercium bau yg tidak enak, tidak layak dikonsumsi. Tolong diperhatikan karena bila ayam yg tidak layak konsumsi ini termakan bisa menyebabkan keracunan, diare dsb yg mengganggu kesehatan",N/A,21 April 2019,2025-07-12 01:36:19
"KFC, Manyar Kertoarjo",S**** A******,22 September 2015,1.0,MORE SAUCE WONT HURT + semua makanan abis/kosong/gaada sekalian aja tutup gausah jualan woi?!?!?!,N/A,23 April 2019,2025-07-12 01:36:19
"KFC, Manyar Kertoarjo",A**********,11 Agustus 2016,2.0,pesanan tidak sesuai,N/A,22 April 2019,2025-07-12 01:36:19
"KFC, Manyar Kertoarjo",G*** W*****,21 Agustus 2015,1.0,Pesan paha atas original 3 pcs. 2 di antaranya bukan ayam fresh. Tapi ayam yg mulai pagi dipanasi.,N/A,22 April 2019,2025-07-12 01:36:19
"KFC, Manyar Kertoarjo",B****,12 Oktober 2017,1.0,Ayam tidak segar dalam dagingya bau,N/A,20 April 2019,2025-07-12 01:36:19
"KFC, Manyar Kertoarjo",A***,26 Agustus 2015,4.0,selalu tidak pernah ada stok paket sayap,N/A,4 April 2019,2025-07-12 01:36:19
"KFC, Manyar Kertoarjo",W*******,28 Agustus 2015,1.0,"Menunya berbeda dengan aslinya, lalu spaghetti habis tapi sudah masuk Bon dan tidak bisa dicancel lagi. Mengecewakan.",N/A,2 April 2019,2025-07-12 01:36:19
"KFC, Manyar Kertoarjo",A****** A******,16 Desember 2015,3.0,"fish burger roti nya keras, sprt barang lama di lemari pendingin..",N/A,30 Maret 2019,2025-07-12 01:36:19
"KFC, Manyar Kertoarjo",C*********,21 Agustus 2015,5.0,terima kasih sudah mengantar hujan hujanan pak gojek,N/A,2 April 2019,2025-07-12 01:36:19
"KFC, Manyar Kertoarjo",D***,17 Juli 2015,4.0,bumbu tidak terasa. ayamnya anyep,N/A,31 Maret 2019,2025-07-12 01:36:19
"KFC, Manyar Kertoarjo",K***** O***,28 Agustus 2015,3.0,Sup nya ndak panas... 😊 😊 😊 Tp ok aja lah... 😊 😊 Buat koreksi aja yaa... Makaasiii,N/A,27 Maret 2019,2025-07-12 01:36:19
"KFC, Manyar Kertoarjo",S*** I**** L******,27 Juli 2018,1.0,Tidak sesuai pesanan,N/A,22 Maret 2019,2025-07-12 01:36:19
"KFC, Manyar Kertoarjo",E****,14 Oktober 2015,5.0,makasihh pak udahh mau beliin malem2 ☺️☺️,N/A,21 Maret 2019,2025-07-12 01:36:19
"KFC, Manyar Kertoarjo",L***,13 Februari 2016,4.0,remahan kacang di ice cream sundae nya kali ini tidak ada,N/A,18 Maret 2019,2025-07-12 01:36:19
"KFC, Manyar Kertoarjo",C****,22 November 2015,2.0,ayamnya kurang tepungnya jadi seperti ayam gr biasa tnp tepung,N/A,14 Maret 2019,2025-07-12 01:36:19
"KFC, Manyar Kertoarjo",R****,21 Agustus 2015,3.0,ayamnya masih ada darahnya dan gak segar,N/A,14 Maret 2019,2025-07-12 01:36:19
"KFC, Manyar Kertoarjo",J****,31 Oktober 2015,5.0,tx you. very good service,N/A,13 Maret 2019,2025-07-12 01:36:19
"KFC, Manyar Kertoarjo",Y***,14 Mei 2017,3.0,KFC lama Masa malem minggu buka kasir cm satu antrian udah panjang... kecewa bgt,N/A,9 Maret 2019,2025-07-12 01:36:19
"KFC, Manyar Kertoarjo",A***** A**,16 Juli 2016,1.0,pesan float tp floatnya tidak dikasih ice cream,N/A,7 Maret 2019,2025-07-12 01:36:19
"KFC, Manyar Kertoarjo",K***,16 November 2016,1.0,"tidak sesuai pesanan tp ngga konfirmasi dulu, tolong kalau ada yg pesan lagi yang jujur",N/A,4 Maret 2019,2025-07-12 01:36:19
"KFC, Manyar Kertoarjo",S****** M****,16 November 2015,4.0,It was good when i ordered in jkt. The portion quite diff,N/A,2 Maret 2019,2025-07-12 01:36:19
"KFC, Manyar Kertoarjo",C******,19 Juni 2017,1.0,hampir semua menu tidak ada semua. pegwai nya pemalas yg masuk malam. kalau bgtu bagus tutup saja jam 10 mlm. jangan tutup 24 jam tapi menu banyak yang tdk mau buat lagi. dasar pemalas. tolong di tingkatkan pelayanan nya,N/A,2 Maret 2019,2025-07-12 01:36:19
"KFC, Manyar Kertoarjo",A******,12 Juli 2018,4.0,bumbunya jgn terlalu banyak,N/A,24 Februari 2019,2025-07-12 01:36:19
"KFC, Manyar Kertoarjo",Y**********,3 September 2016,1.0,drink split on food by the driver,N/A,23 Februari 2019,2025-07-12 01:36:19
"KFC, Manyar Kertoarjo",R*** A******,4 Juni 2017,5.0,manteb pokoke kaefci,N/A,21 Februari 2019,2025-07-12 01:36:19
"KFC, Manyar Kertoarjo",A****,22 Juni 2015,3.0,Bumbu di ayam originalnya kurang terasa. Biasanya saya pesan di KFC lain rasanya pas. Mocca Float juga kurang berada,N/A,23 Februari 2019,2025-07-12 01:36:19
"KFC, Manyar Kertoarjo",L****,3 Mei 2017,4.0,twisternya mayonya pelit bgt nih.. hehe,N/A,15 Februari 2019,2025-07-12 01:36:19
"KFC, Manyar Kertoarjo",B***** W******,7 Juli 2017,5.0,om gofood fast respon,N/A,15 Februari 2019,2025-07-12 01:36:19
"KFC, Manyar Kertoarjo",G**** A** N*****,7 November 2016,1.0,"kedapatam ayamnya kering dan keras, sangat di sayangkan",N/A,13 Februari 2019,2025-07-12 01:36:19
"KFC, Manyar Kertoarjo",N****** E** R********,7 September 2015,5.0,kfc itu pilihan yg gapernah salah 😍,N/A,13 Februari 2019,2025-07-12 01:36:19
"KFC, Manyar Kertoarjo",T***,28 November 2015,1.0,Only if they seal the lead properly (it's always sealed the lid with clear tape and xtra plastic). My soup spilled all over plastic bag. My spaghetti was awful. It wasn't drained properly (the water to cook the pasta spilled inside plastic bag sperated with the sauce) and so freaking overcooked. Totally not appetizing. The staff I talked to on the phone didn't inform what items were out of stock until I asked. He didn't read my order really well. The worse experience ever. Please serve better next time.,N/A,12 Februari 2019,2025-07-12 01:36:19
"KFC, Manyar Kertoarjo",L**** N***,12 September 2015,3.0,"sup krimx kurang 1
sy order tmbhan 1 tp yng dtng hny 2 yng paket",N/A,9 Februari 2019,2025-07-12 01:36:19
"KFC, Manyar Kertoarjo",P*********,8 November 2015,3.0,Perkedelnya ngga ada padahal uda pick di aplikasi,N/A,7 Februari 2019,2025-07-12 01:36:19
"KFC, Manyar Kertoarjo",R********,18 Maret 2017,3.0,"dua kali pesen, yg harusnya dapet float, selalu di ganti sama coke.",N/A,30 Oktober 2018,2025-07-12 01:36:19
"KFC, Manyar Kertoarjo",S*** J*****,18 November 2017,4.0,"Enak, tapi tidak sesuai dengan gambar nya di gambarnya ada selada nya tadi tidak ada seladanya, apakah memang begitu ya?,trimakasih.",N/A,28 Oktober 2018,2025-07-12 01:36:19
"KFC, Manyar Kertoarjo",R*****,6 Juni 2018,5.0,"pengirimannya juga cepat,makasih banyak....",N/A,20 Oktober 2018,2025-07-12 01:36:19
"KFC, Manyar Kertoarjo",N*******,22 Juli 2018,1.0,es krim mencair,N/A,22 Oktober 2018,2025-07-12 01:36:19
"KFC, Manyar Kertoarjo",R********,18 Maret 2017,3.0,no float n they change it with normal pepsi but same price.,N/A,13 Oktober 2018,2025-07-12 01:36:19
"KFC, Manyar Kertoarjo",A****** R***,7 Juli 2018,5.0,please give me straw next time,N/A,9 Oktober 2018,2025-07-12 01:36:19
"KFC, Manyar Kertoarjo",D*** W******,27 Februari 2017,3.0,"The french fries is not hot/warm, it's feels cold. But the fried chicken is tasted good.",N/A,29 September 2018,2025-07-12 01:36:19
"KFC, Manyar Kertoarjo",D***,10 September 2016,5.0,kesabaran bapak gojeknya,N/A,28 September 2018,2025-07-12 01:36:19
"KFC, Manyar Kertoarjo",E**,3 Juni 2016,1.0,ayamnya kerass.. digoreng lagi ya..,N/A,26 September 2018,2025-07-12 01:36:19
"KFC, Manyar Kertoarjo",A***** D******,21 Maret 2016,3.0,Soupnya asem (kayak basi entahlah) + packaging soupnya tidak pakai cup’nya soup melainkan pakai cup’nya pepsi. Masya allah,N/A,25 September 2018,2025-07-12 01:36:19
"KFC, Manyar Kertoarjo",F***,5 Maret 2018,5.0,"Pelayan KFC salah dalam memasukkan item pesanan, customer yg dirugikan. Terima kasih Driver",N/A,25 September 2018,2025-07-12 01:36:19
"KFC, Manyar Kertoarjo",G**** I****,29 Oktober 2015,3.0,pesanan kurang,N/A,23 September 2018,2025-07-12 01:36:19
"KFC, Manyar Kertoarjo",J*** E*****,29 Juli 2017,2.0,wierd taste.. mybe its not fresh or something,N/A,21 September 2018,2025-07-12 01:36:19
"KFC, Manyar Kertoarjo",V******* Y******,17 Agustus 2017,5.0,minumnya tumpah.,N/A,18 September 2018,2025-07-12 01:36:19
"KFC, Manyar Kertoarjo",S****,15 April 2016,3.0,kebanyakan yang tidak tersedia,N/A,18 September 2018,2025-07-12 01:36:19
"KFC, Manyar Kertoarjo",R****,28 Januari 2017,3.0,beli chicken teriyaki tapi gak ada saus teriyakinya,N/A,13 September 2018,2025-07-12 01:36:19
"KFC, Manyar Kertoarjo",G*******,26 November 2015,4.0,yang dipesan (per pesanan gojek dan struk pembelian) dan yg diberikan beda,N/A,8 September 2018,2025-07-12 01:36:19
"KFC, Manyar Kertoarjo",F*** A***,22 September 2017,3.0,some menu is out of order,N/A,8 September 2018,2025-07-12 01:36:19
"KFC, Manyar Kertoarjo",F*****,7 Februari 2016,5.0,"sipp pertahankan pelayanan seperti ini.. semoga klo drive thru ga selalu kurang itemnya kyk tetangga sebelah.. 
sukses terus KFC",N/A,30 Agustus 2018,2025-07-12 01:36:19
"KFC, Manyar Kertoarjo",R****** P******,6 Maret 2017,2.0,ayam agak mentah,N/A,25 Agustus 2018,2025-07-12 01:36:19
"KFC, Manyar Kertoarjo",M***** Y**** N*******,11 Januari 2018,5.0,nah lek saos e akeh lak enak sih,N/A,25 Agustus 2018,2025-07-12 01:36:19
"KFC, Manyar Kertoarjo",I**,21 Agustus 2018,3.0,The original bento has No seasoning,N/A,25 Agustus 2018,2025-07-12 01:36:19
"KFC, Manyar Kertoarjo",J*****,2 Desember 2015,3.0,lain kali jangan ada nasi kering.,N/A,24 Agustus 2018,2025-07-12 01:36:19
"KFC, Manyar Kertoarjo",D*** M******,16 Juni 2016,5.0,BUKA 24 jam enak sekali jadi bisa buat sahur,N/A,20 Agustus 2018,2025-07-12 01:36:19
"KFC, Manyar Kertoarjo",C*****,2 Oktober 2015,1.0,sudah 2x ini diberi barang yg tdk saya pesan dan pasti harganya lebih tinggi karena diberi paket yg mahal,N/A,20 Agustus 2018,2025-07-12 01:36:19
"KFC, Manyar Kertoarjo",R***** M*******,15 Desember 2016,3.0,"Kagak di kasih sedotan,, trus kalau pesen pasti mocha floatnya habis,, sudah 3 kali",N/A,20 Agustus 2018,2025-07-12 01:36:19
"KFC, Manyar Kertoarjo",L******,13 September 2017,4.0,porsi nasinya terlalu sedikit,N/A,18 Agustus 2018,2025-07-12 01:36:19
"KFC, Manyar Kertoarjo",G****,18 April 2017,4.0,"gak dikasih sendok, terus biasanya ikannya gede kok ini kecil banget, gak worth it sama harganya :( sedih aku tuh. Tapi Buburnya enak banget. favorit poll",N/A,17 Agustus 2018,2025-07-12 01:36:19
"KFC, Manyar Kertoarjo",D***,24 Oktober 2015,3.0,dalam menu tertulis 2 saos telor asin dan 1 saos kare. tapi yg diberikan 3 saos kare semua tanpa ada saos telor asin,N/A,18 Agustus 2018,2025-07-12 01:36:19
"KFC, Manyar Kertoarjo",C**** S******,20 Mei 2016,2.0,"nasi putih tidak enak ada nasi keringnya, dan nasi tidak spt nasi baru , nasinya dingin pula ga ada anget""nya sama skali",N/A,18 Agustus 2018,2025-07-12 01:36:19
"KFC, Manyar Kertoarjo",M***,1 Agustus 2015,5.0,Saosnya ditambahin lagi donk,N/A,17 Agustus 2018,2025-07-12 01:36:19
"KFC, Manyar Kertoarjo",A*****,26 Oktober 2016,3.0,minumnya ketinggalan dan ga komplete.lalay dalam pelayanan,N/A,15 Agustus 2018,2025-07-12 01:36:19
"KFC, Manyar Kertoarjo",R**** F*******,10 Agustus 2015,4.0,bad packaging. the coffee spills all over the bag,N/A,12 Agustus 2018,2025-07-12 01:36:19
"KFC, Manyar Kertoarjo",F*** R**********,18 Juni 2015,1.0,seharusnya dapat 8 potong ayam tapi hanya dapat 4. dan dicharge harga full.,N/A,11 Agustus 2018,2025-07-12 01:36:19
"KFC, Manyar Kertoarjo",O*****,15 Oktober 2016,2.0,"extra chili sauce tidak d kasih, harga beda",N/A,8 Agustus 2018,2025-07-12 01:36:19
"KFC, Manyar Kertoarjo",L****,3 Mei 2017,1.0,"udah wing nya nggak ada dapetnya paha bawah, ngasih sausnya keliru lagi! dapet saus kare semua. seharusnya kan saus kare sama telur asin. justru sy pingin nyoba teelur asinnya. service buruk sekali!",N/A,5 Agustus 2018,2025-07-12 01:36:19
"KFC, Manyar Kertoarjo",C******* R***,12 Juli 2016,2.0,Saos yang di promosikan habis terus,N/A,3 Agustus 2018,2025-07-12 01:36:19
"KFC, Manyar Kertoarjo",N****,7 September 2016,3.0,Tidak sesuai paket menu,N/A,1 Agustus 2018,2025-07-12 01:36:19
"KFC, Manyar Kertoarjo",D***,19 Agustus 2016,4.0,harganya kurang murah,N/A,2 Agustus 2018,2025-07-12 01:36:19
"KFC, Manyar Kertoarjo",I**** M********,10 Juli 2015,4.0,Rasa makanan seperti bukan rasa makanan KFC,N/A,31 Juli 2018,2025-07-12 01:36:19
"KFC, Manyar Kertoarjo",B*****,18 Juli 2015,4.0,Wrong condiment..,N/A,31 Juli 2018,2025-07-12 01:36:19
"KFC, Manyar Kertoarjo",A******** P****,23 Februari 2016,5.0,Lupa dikasih sedotan dan sendok,N/A,28 Juli 2018,2025-07-12 01:36:19
"KFC, Manyar Kertoarjo",R*****,19 Juli 2016,4.0,bumbunya kecut. ga seperti dulu.,N/A,22 Juli 2018,2025-07-12 01:36:19
"KFC, Manyar Kertoarjo",Y****,10 Maret 2018,4.0,nasinya tidak enak,N/A,19 Juli 2018,2025-07-12 01:36:19
"KFC, Manyar Kertoarjo",S*****,12 November 2017,3.0,nasinya setengah basi,N/A,18 Juli 2018,2025-07-12 01:36:19
"KFC, Manyar Kertoarjo",K****** R*****,27 September 2015,4.0,Saos tdk lengkap sesuai pesanan melalui aplikasi,N/A,19 Juli 2018,2025-07-12 01:36:19
"KFC, Manyar Kertoarjo",R*** A*******,15 Mei 2016,4.0,nasinya kerasss,N/A,18 Juli 2018,2025-07-12 01:36:19
"KFC, Manyar Kertoarjo",A******* I*****,17 Februari 2017,1.0,ayamnya gosong kayak ayam yg digoreng ulang.,N/A,9 Juni 2018,2025-07-12 01:36:19
"KFC, Manyar Kertoarjo",A******** P****,23 Februari 2016,3.0,pelayan lupa memberi nasi padahal sdh dibayar.. pelayan dan driver seharusnya mengecek ulang pesanan,N/A,14 Juli 2018,2025-07-12 01:36:19
"KFC, Manyar Kertoarjo",P****,12 September 2015,1.0,ayam tepungnya sudah hitam seperti dipanasi dipanasi begitu. Dingin waktu disajikan.,N/A,13 Juli 2018,2025-07-12 01:36:19
"KFC, Manyar Kertoarjo",F*** A*****,12 Desember 2016,2.0,mocha floatnya di ganti pepsi,N/A,14 Juli 2018,2025-07-12 01:36:19
"KFC, Manyar Kertoarjo",D***,21 November 2016,5.0,syaang moca floatnya g ada ice cream nya,N/A,9 Juli 2018,2025-07-12 01:36:19
"KFC, Manyar Kertoarjo",E***,2 Maret 2018,5.0,KFC kurang lengkap mocha float habis Pepsi habis.gimana standar nya,N/A,8 Juli 2018,2025-07-12 01:36:19
"KFC, Manyar Kertoarjo",D****,5 Juli 2018,3.0,"Nasi kurang matang, msh terasa beras saat dikunyah",N/A,7 Juli 2018,2025-07-12 01:36:19
"KFC, Manyar Kertoarjo",F***,4 Juli 2016,1.0,"always out of KFC soup, as always, as always... They should have erase that item from their menu.",N/A,2 Juli 2018,2025-07-12 01:36:19
"KFC, Manyar Kertoarjo",D*** A*****,27 Maret 2018,1.0,"tidak seperti makan di tempat,,, mengecewakan",N/A,27 Juni 2018,2025-07-12 01:36:19
"KFC, Manyar Kertoarjo",P**** N*,29 Agustus 2015,2.0,ayam kecil kayak ayam sisa,N/A,25 Juni 2018,2025-07-12 01:36:19
"KFC, Manyar Kertoarjo",I****,31 Desember 2016,3.0,"ada 2 potongan ayam yang kering, tulangnya hitam dan berampas. itu kalau bukan ayam lama dalam freezer artinya ada masalah dengan pabrik potongnya. selama pemesanan ayam KFC baru kali ini ketemu yang mengecewakan",N/A,23 Juni 2018,2025-07-12 01:36:19
"KFC, Manyar Kertoarjo",A************,27 Januari 2016,1.0,ga onok sedotane boss,N/A,24 Juni 2018,2025-07-12 01:36:19
"KFC, Manyar Kertoarjo",Q*******,19 Agustus 2015,3.0,Gak dikasih saus sambel 😕,N/A,22 Juni 2018,2025-07-12 01:36:19
"KFC, Manyar Kertoarjo",A**** C**********,10 September 2015,1.0,"The fries were awful, not like eating fries",N/A,19 Juni 2018,2025-07-12 01:36:19
"KFC, Manyar Kertoarjo",D*****,16 Juni 2018,5.0,best driver ever,N/A,16 Juni 2018,2025-07-12 01:36:19
"KFC, Manyar Kertoarjo",E*****,17 Juli 2017,3.0,beda dr kfc lain... paha atasnya keciiiiiillll,N/A,14 Juni 2018,2025-07-12 01:36:19
"KFC, Manyar Kertoarjo",D***,19 Agustus 2016,4.0,harganya lmyn mhl,N/A,13 Juni 2018,2025-07-12 01:36:19
"KFC, Manyar Kertoarjo",A***,8 Februari 2018,2.0,Creamsoupnya ketinggalan,N/A,8 Juni 2018,2025-07-12 01:36:19
"KFC, Manyar Kertoarjo",A***** C****,23 September 2015,3.0,"Harusnya salted egg bukan kareem, thx",N/A,3 Juni 2018,2025-07-12 01:36:19
"KFC, Manyar Kertoarjo",H*****,12 Oktober 2015,5.0,jangan pelit dengan sambal tomatnya,N/A,7 Mei 2018,2025-07-12 01:36:19
"KFC, Manyar Kertoarjo",O*****,16 Desember 2015,4.0,Saus kare tidak dipisah,N/A,24 Mei 2018,2025-07-12 01:36:19
"KFC, Manyar Kertoarjo",R**** K***** W,5 September 2015,4.0,The salted egg sauce messed up,N/A,20 Mei 2018,2025-07-12 01:36:19
"KFC, Manyar Kertoarjo",I****,26 Oktober 2017,4.0,kurang pas..krn isi paketnya lum lengkap sesuai aplikasi.mksh,N/A,19 Mei 2018,2025-07-12 01:36:19
"KFC, Manyar Kertoarjo",P** T***,1 Agustus 2015,5.0,Lama nunggunya andai gojek bisa drive thru pasti lebih cepat. Bisa ngga diusulkan ke pihak kfc? Kasian drivernya juga yg order.,N/A,12 Mei 2018,2025-07-12 01:36:19
"KFC, Manyar Kertoarjo",W***** R********,12 Agustus 2017,3.0,kentangnya ga renyah,N/A,15 Mei 2018,2025-07-12 01:36:19
"KFC, Manyar Kertoarjo",A****** D*,2 Januari 2017,4.0,"pilih yang paketan dengan mocha float, malah dikasih yg isinya pepsi.",N/A,16 Mei 2018,2025-07-12 01:36:19
"KFC, Manyar Kertoarjo",A** P******,10 Maret 2018,5.0,mas nya sabar bangeettt padahal aju cereweet. makasih banyaakk,N/A,30 April 2018,2025-07-12 01:36:19
"KFC, Manyar Kertoarjo",R**********,14 Agustus 2015,4.0,"kurang teliti, apaa yg dipesan malah g dateng",N/A,15 April 2018,2025-07-12 01:36:19
"KFC, Manyar Kertoarjo",T*****,12 April 2017,5.0,selalu ragu pesen kfc karna kalo take away pasti dikasi ayam yang sudah lama,N/A,8 Mei 2018,2025-07-12 01:36:19
"KFC, Manyar Kertoarjo",A*****,7 Oktober 2017,3.0,"ada salah satu menu dipketnya hbs,,diganti dg yg kurang sya sukai",N/A,11 Mei 2018,2025-07-12 01:36:19
"KFC, Manyar Kertoarjo",A**** B*** P******,10 Mei 2018,4.0,"bad sizing,  too thick meat and bread,  it hurts my jaw",N/A,11 Mei 2018,2025-07-12 01:36:19
"KFC, Manyar Kertoarjo",N**** A*****,27 April 2017,4.0,Harga di aplikasi harusnya setelah ditambah pajak,N/A,9 Mei 2018,2025-07-12 01:36:19
"RM Sederhana SA, Kertajaya Indah 100",U*** Y***,23 Juni 2018,5.0,"Mantap, enak ga bosan",Nasi Putih - Sayur Tumis - Sambal Goreng Udang,3 Juli 2025,2025-07-12 01:36:49
"RM Sederhana SA, Kertajaya Indah 100",Rini,7 Februari 2019,1.0,"pesab ayam gulai minta paha di kasih dada/sayap
udah ke 3x nya pesan tapi tdk sesuai yg d mau padahal kalau kosong/habis bisa konfirmasi ganti ayam goreng atau ayam yg ada paha
kecewa si karena ga semua orang mau asal ayam apalagi ayam bagian dada/sayap👎",Nasi Rames,22 Juni 2025,2025-07-12 01:36:49
"RM Sederhana SA, Kertajaya Indah 100",nay,29 Agustus 2016,3.0,Perkedelnya ga dikasih,Nasi Rames - Nasi Rames - Perkedel,14 Juni 2025,2025-07-12 01:36:49
"RM Sederhana SA, Kertajaya Indah 100",ismet,17 November 2015,2.0,es telernya tadi kurang enak,Nasi Rames - Es Teler,15 Juni 2025,2025-07-12 01:36:49
"RM Sederhana SA, Kertajaya Indah 100",D**** S*******,15 Februari 2016,2.0,catatan tidak dibaca ??,Nasi Rames - Nasi Rames - Gulai Otak,7 Juni 2025,2025-07-12 01:36:49
"RM Sederhana SA, Kertajaya Indah 100",T**** J******,27 Juni 2021,3.0,"makanan yg saya terima tidak lengkap, kerupuk kuah gulainya kelupaan 😭",Rendang Daging - Nasi Rames - Sate Padang - Ayam - Kerupuk Kuah Gulai,8 Juni 2025,2025-07-12 01:36:49
"RM Sederhana SA, Kertajaya Indah 100",ivon maria,28 April 2018,5.0,Enak sekali ❤️❤️❤️❤️❤️👍👍👍👍👍,Kerupuk Kuah Gulai - Sayur - Nasi Rames - Rendang Daging,2 Juni 2025,2025-07-12 01:36:49
"RM Sederhana SA, Kertajaya Indah 100",M** U****,30 November 2015,5.0,Gak pernah ngecewain. Enak sekali,Nasi Rames - Ayam,3 Juni 2025,2025-07-12 01:36:49
"RM Sederhana SA, Kertajaya Indah 100",nurul mumuk,17 April 2018,4.0,kok sayurnya skrg berkurang,Nasi Rames - Ayam,1 Juni 2025,2025-07-12 01:36:49
"RM Sederhana SA, Kertajaya Indah 100",andy santoso,25 Juli 2015,5.0,mantaps banget..,Nasi Rames,29 Mei 2025,2025-07-12 01:36:49
"RM Sederhana SA, Kertajaya Indah 100",P*** S******,22 Juni 2017,1.0,"saya pesan rendang tambah nasi.
nasinya ndak dikasih... hanya rendang saja ang di kirim.
jadi mhn maaf order kali ini saya kasih satu bintang.",Nasi Rames - Rendang Daging - Sambal Goreng Ati,27 Mei 2025,2025-07-12 01:36:49
"RM Sederhana SA, Kertajaya Indah 100",Paul Sinatra,22 Juni 2017,5.0,"bagus 
sesuai dgn orderan
mantap",Rendang Daging - Nasi Rames - Nasi Putih,27 April 2025,2025-07-12 01:36:49
"RM Sederhana SA, Kertajaya Indah 100",ivon maria,28 April 2018,5.0,Enak sekali 👍👍👍👍👍❤️❤️❤️❤️❤️,Kerupuk Kuah Gulai - Sayur - Nasi Rames,20 Mei 2025,2025-07-12 01:36:49
"RM Sederhana SA, Kertajaya Indah 100",Asri Muharamdi,30 Agustus 2024,1.0,pesen sate padang 63 ribu tapi gak dikirim ketupatnya. gak tau lupa apa gimana. ada pertanggungjawaban nya ga kak? masa resto besar seperti ini. biar yg beli mendingan kasih note.,Sate Padang,15 Mei 2025,2025-07-12 01:36:49
"RM Sederhana SA, Kertajaya Indah 100",L***,2 November 2017,5.0,"Mantap rasanya, tp agak kemahalan 🤣🤣",Paket 1 (Rendang),14 Mei 2025,2025-07-12 01:36:49
"RM Sederhana SA, Kertajaya Indah 100",Wijaya,24 Maret 2025,5.0,padang sederhana selalu enak,Rendang Daging,10 Mei 2025,2025-07-12 01:36:49
"RM Sederhana SA, Kertajaya Indah 100",yayas,2 Desember 2015,1.0,"Dimana-mana nasi ramas itu dicampur, kecuali minta dipisah. Baa indak dibaco pasan awak tu Uni? Indak salero maķan wak ma..",Nasi Rames - Rendang Daging,3 Mei 2025,2025-07-12 01:36:49
"RM Sederhana SA, Kertajaya Indah 100",Rizky Gaffar,20 Juli 2015,1.0,"daging sate alot, tidak seperti biasanya. Dan sudah dingin. biasanya walaupun saya order melalui godfood, makanan Masih hangay sampai di rumah.
tetapi Kali ini sate dingin Dan alot.
Kecewa!!!",Sate Padang,10 Mei 2025,2025-07-12 01:36:49
"RM Sederhana SA, Kertajaya Indah 100",A****,22 Agustus 2015,1.0,Masa iya beli rendang 2 dikasihhh sambel ijo 2 dan rendang 1 … nguawurrrr tidak ada konfirmasi..,Rendang Daging,8 Mei 2025,2025-07-12 01:36:49
"RM Sederhana SA, Kertajaya Indah 100",D***,9 Oktober 2015,1.0,"Pesan dua nasi rames rendang hanya dapat nasi rames saja, tidak ada rendangnya, luar biasa teliti ya pekerjanya",Nasi Rames,5 Mei 2025,2025-07-12 01:36:49
"RM Sederhana SA, Kertajaya Indah 100",Gita ayu,2 Desember 2016,5.0,Rasanyaaaa tetep sama ENAK! cuman kali ini mungkin lupa dikasih bumbu rendang,Nasi Rames - Nasi Rames,4 Mei 2025,2025-07-12 01:36:49
"RM Sederhana SA, Kertajaya Indah 100",Andy,5 November 2016,5.0,vom sesuai selama ada promo kakak,Nasi Rames - Sate Padang,1 Mei 2025,2025-07-12 01:36:49
"RM Sederhana SA, Kertajaya Indah 100",E****,24 Agustus 2017,2.0,saya pesan limpa di nota juga tulisannya limpa tapi yang datang ati ayam kalau ati sapi masih oke lah  tanpa konfirmasi juga tolong lain kali dicek/konfirmasi makasih,Telor Barendo - Sambal Goreng Jengkol - Gulai Ati/ Limpa,27 April 2025,2025-07-12 01:36:49
"RM Sederhana SA, Kertajaya Indah 100",R***** A******,12 September 2021,3.0,udah dinotice sambel ijonya dipisah malah ga dikirim masa iya nasi padang tanpa sambel ijoioo -_-,Nasi Rames - Rendang Daging - Gulai Kikil,27 April 2025,2025-07-12 01:36:49
"RM Sederhana SA, Kertajaya Indah 100",Y*****,21 September 2015,1.0,"pembelian 20 april 2025, jam 10.58, tidak diberi bumbu rendang sesuai request di catatan. Alhasil ngga enak deh, ngga ada bumbu rendangnya. padahal biasanya ngga pernah gitu. tumben mengecewakan.",Nasi Rames,20 April 2025,2025-07-12 01:36:49
"RM Sederhana SA, Kertajaya Indah 100",abdul alaa asy syafiq,4 Oktober 2015,4.0,"pesanan saya kurang di nasi rames, pesan 2 menu makanan dan tambah 1 lauk, nasi rames nya tidak datang",Nasi Goreng Padang - Nasi Rames - Gulai Kikil,19 April 2025,2025-07-12 01:36:49
"RM Sederhana SA, Kertajaya Indah 100",lita,2 Juli 2016,1.0,Kuah sate padangnya encer dan tidak fresh,Sate Padang,18 April 2025,2025-07-12 01:36:49
"RM Sederhana SA, Kertajaya Indah 100",Mansjur Bahtiar,19 Maret 2025,3.0,minta paha ayqm dikasih dada.,Nasi Rames,15 April 2025,2025-07-12 01:36:49
"RM Sederhana SA, Kertajaya Indah 100",A***,20 September 2015,5.0,nasinya bagus dan lauknya juga enak seperti biasanya,Nasi Rames,13 April 2025,2025-07-12 01:36:49
"RM Sederhana SA, Kertajaya Indah 100",A*** W*****,25 September 2018,5.0,Boleh telurnya satu telur kare satu telur dadar. Trima kasih,Paket 6 (RENDANG+AYAM+TELUR),10 April 2025,2025-07-12 01:36:49
"RM Sederhana SA, Kertajaya Indah 100",Go Mey Ling,4 Maret 2019,4.0,porsi dan  bumbunya kurang🙏,Sayur Tumis - Paket 2 (AYAM) - Paket 4 (AYAM+TELUR) - Rendang Daging,8 April 2025,2025-07-12 01:36:49
"RM Sederhana SA, Kertajaya Indah 100",M******* P*******,21 Agustus 2017,1.0,"bayar lebih untuk lauk, tapi gak diantar semua. jadinya cuman makan nasi sayur doang. apa-apaan, kecewa parah",Nasi Rames - Perkedel,7 April 2025,2025-07-12 01:36:49
"RM Sederhana SA, Kertajaya Indah 100",M********,15 November 2018,5.0,"enakk,memang minyak agak banyak tapi enak banget rasanyaa",Martabak Mesir,25 Maret 2025,2025-07-12 01:36:49
"RM Sederhana SA, Kertajaya Indah 100",Tito,24 Juli 2018,1.0,beli soto padang 2 dan terbayar. yg datang cuma 1.,Martabak Mesir - Soto Padang,22 Maret 2025,2025-07-12 01:36:49
"RM Sederhana SA, Kertajaya Indah 100",F***** R*****,20 Februari 2023,3.0,Padahal tambahan nasi tapi Nasinya tidak ada Rugi dong🥲,Gulai Telor Ikan - Rendang Daging - Jus Mangga,5 Maret 2025,2025-07-12 01:36:49
"RM Sederhana SA, Kertajaya Indah 100",A***,20 September 2015,5.0,stabil dan enak,Martabak Mesir,16 Februari 2025,2025-07-12 01:36:49
"RM Sederhana SA, Kertajaya Indah 100",hamzah,12 April 2018,3.0,asin sekali sayur dan daging,Nasi Putih - Rendang Daging - Sayur - Kopi Telor,5 Februari 2025,2025-07-12 01:36:49
"RM Sederhana SA, Kertajaya Indah 100",hamzah,12 April 2018,2.0,terlalu asin sayur dan bumbunya,Ikan Tengiri - Ayam - Ikan Kembung Bakar - Sayur,31 Januari 2025,2025-07-12 01:36:49
"RM Sederhana SA, Kertajaya Indah 100",Ichwan Hadi,1 Januari 2019,3.0,mahal dibandingkan  harapan indah bekasi. harganya 35 rb.,Bawal Bakar,30 Januari 2025,2025-07-12 01:36:49
"RM Sederhana SA, Kertajaya Indah 100",ivon,24 Oktober 2017,5.0,"kurang memuaskan,",Nasi Rames,29 Januari 2025,2025-07-12 01:36:49
"RM Sederhana SA, Kertajaya Indah 100",ahsanus shodiqy,14 Oktober 2019,3.0,"saya mesannya martabak mesir, yang datang malah sate padang",Martabak Mesir,29 Januari 2025,2025-07-12 01:36:49
"RM Sederhana SA, Kertajaya Indah 100",Wina Dwiyanti,24 Desember 2016,2.0,PESAN AYAM 3 YANG DATANG CUMA 1 LAIN KALI LEBIH TELITI DONK KAN MERUGIKAN INI !,Nasi Putih - Perkedel - Sambal Hijau - Sambal Terong Pete - Ayam - Gulai Kikil,27 Januari 2025,2025-07-12 01:36:49
"RM Sederhana SA, Kertajaya Indah 100",E****,21 Agustus 2015,5.0,Enak semua seperti biasanya,Sambal Hijau - Sambal Terong Pete - Telor Barendo - Rendang Daging - Ayam - Ayam - Nasi Rames - Ayam,23 Januari 2025,2025-07-12 01:36:49
"RM Sederhana SA, Kertajaya Indah 100",munirah,7 Juli 2018,5.0,sayang dech sama karyawannya  baik sekali 👌🥰,Nasi Rames - Nasi Rames,21 Januari 2025,2025-07-12 01:36:49
"RM Sederhana SA, Kertajaya Indah 100",Ignatius Joni,1 Februari 2017,5.0,mantapp....rasa tdk pernah mengecewakan!,Paket 1 (Rendang),15 Januari 2025,2025-07-12 01:36:49
"RM Sederhana SA, Kertajaya Indah 100",L*** S******,27 Juli 2015,5.0,"sdh langganan, lejen resto padang di kertajaya Sby cocok utk makan bareng keluarga",Paket 2 (AYAM) - Paket 1 (Rendang) - Paket 1 (Rendang) - Paket 1 (Rendang),25 Desember 2024,2025-07-12 01:36:49
"RM Sederhana SA, Kertajaya Indah 100",L*** S******,27 Juli 2015,5.0,"sdh langganan, lejen resto padang di kertajaya, Sby timur, tak ada lawan.",Paket 2 (AYAM) - Paket 1 (Rendang) - Paket 1 (Rendang) - Paket 1 (Rendang),1 Januari 2025,2025-07-12 01:36:49
"RM Sederhana SA, Kertajaya Indah 100",L*** S******,27 Juli 2015,5.0,"sdh langganan, lejen resto padang di kertajaya, Sby timur",Paket 2 (AYAM) - Paket 1 (Rendang) - Paket 1 (Rendang),6 Januari 2025,2025-07-12 01:36:49
"RM Sederhana SA, Kertajaya Indah 100",L*** S******,27 Juli 2015,5.0,"sdh langganan, lejen padang, gak ada lawan.",Paket 1 (Rendang) - Paket 1 (Rendang) - Paket 2 (AYAM) - Paket 2 (AYAM),11 Januari 2025,2025-07-12 01:36:49
"RM Sederhana SA, Kertajaya Indah 100",M****** H****,25 Februari 2017,4.0,"pesen lontong sayur padang, asinnya luar biasa kyk 1 plastik garem dicemplungin, alhasil ditambahin air seberapapun tetep asin dan kyk lontong sayur betawi, emang harusnya beli nasi padang karena bukan spesialis lontong sayur.",Ketupat Sayur + Telur - Telor,17 Januari 2025,2025-07-12 01:36:49
"RM Sederhana SA, Kertajaya Indah 100",enny jameela,5 Januari 2018,1.0,"nasi rames pesennya telur dadar tp datengnya telur bulet. 
mnta bumbu pisah tp dicampur",Paru - Gulai Otak - Gulai Usus Isi - Nasi Rames,17 Januari 2025,2025-07-12 01:36:49
"RM Sederhana SA, Kertajaya Indah 100",C****,10 Januari 2018,5.0,"TOLONG cek orderan dengan benar.
Orderan yang saya terima tidak lengkap.",Martabak Mesir - Ayam - Rendang Daging - Nasi Rames - Telor,12 Januari 2025,2025-07-12 01:36:49
"RM Sederhana SA, Kertajaya Indah 100",E**** I***,31 Juli 2019,4.0,"saya order sambel hijau, tapi pas dtg nggk ada.. lain kali cek lbh teliti",Bawal Bakar - Ayam - Gulai Kikil,10 Januari 2025,2025-07-12 01:36:49
"RM Sederhana SA, Kertajaya Indah 100",H******,29 Oktober 2021,1.0,"puding nya dijadikan satu bungkus dengan gulai, sehingga puding nya menjadi hangat",Martabak Mesir - Gulai Cincang - Pudding Gula Merah,5 Januari 2025,2025-07-12 01:36:49
"RM Sederhana SA, Kertajaya Indah 100",H******,29 Oktober 2021,1.0,"bungkus es nya di jadi kan satu dengan sop buntut yg panas, sehingga leleh cair",Sop Buntut - Martabak Mesir - Kopyor Kerok,4 Januari 2025,2025-07-12 01:36:49
"RM Sederhana SA, Kertajaya Indah 100",tuska,1 Juli 2021,5.0,Barakallahu fiikum,Sambal Goreng Udang - Soto Padang,1 Januari 2025,2025-07-12 01:36:49
"RM Sederhana SA, Kertajaya Indah 100",Merry Definna,7 Juli 2016,1.0,"menu ada yang kurang.
paru tidak ada.
kurang teliti dalam menerima pesanan.
sudah claim tapi tidak bisa. 
kecewa berat",Nasi Rames - Nasi Rames - Nasi Rames - Nasi Rames - Paru,27 Desember 2024,2025-07-12 01:36:49
"RM Sederhana SA, Kertajaya Indah 100",Dewi,14 November 2015,4.0,"sambel grg atinya sdh tdk fresh ya, lbh banyak rempelonya juga, keras dan asiin🙄😒, cuma petenya yg fresh. sekelas Sederhana harusnya menjaga kualitas sbg resto Padang nomer 1 (versi saya)",Gulai Kikil - Teri Balado - Dendeng - Sambal Goreng Ati,25 Desember 2024,2025-07-12 01:36:49
"RM Sederhana SA, Kertajaya Indah 100",Frendy,11 Maret 2016,4.0,enak cuma kuah sayur singkong & nangka terlalu asin,Gulai Telor Ikan - Gulai Otak - Rendang Daging - Sambal Kentang Telor Puyuh - Sambal Hijau - Sayur - Ayam - Sayur - Ayam,18 Desember 2024,2025-07-12 01:36:49
"RM Sederhana SA, Kertajaya Indah 100",Saifudin Zuhri,24 Agustus 2015,4.0,pernah udah nunggu 40 menit tiba2 dicancel warungnya. kecewa banget,Gulai Kepala Kakap,15 Desember 2024,2025-07-12 01:36:49
"RM Sederhana SA, Kertajaya Indah 100",maziyyah richa adnina,29 Mei 2018,5.0,Uenakkkk pollbanget❤️❤️❤️,Gulai Kepala Kakap - Nasi Rames,13 Desember 2024,2025-07-12 01:36:49
"RM Sederhana SA, Kertajaya Indah 100",L*** B****,14 Oktober 2021,2.0,"kikilnya cuma dapet hikmahnya aja, mana semua masakannya asin kecuali nasgor",Martabak Mesir - Gulai Kikil - Nasi Goreng Padang - Dendeng - Rendang Daging - Telor Barendo - Ayam - Sate Padang,28 November 2024,2025-07-12 01:36:49
"RM Sederhana SA, Kertajaya Indah 100",Idrus,20 November 2024,5.0,Sesuai Selera Sumatra,Martabak Mesir,20 November 2024,2025-07-12 01:36:49
"RM Sederhana SA, Kertajaya Indah 100",Idrus,20 November 2024,4.0,"Keasinan. Lumayan Asin, tidak seperti biasa asinnya",Martabak Mesir,1 Desember 2024,2025-07-12 01:36:49
"RM Sederhana SA, Kertajaya Indah 100",Yohanes,16 November 2015,1.0,beli 3 porsi digabung semua ... padahal biasanya dipisah per porsi.... kalau mau begitu resto harusnya konfirm ke pembeli....,Gulai Kikil - Gulai Cincang,1 Desember 2024,2025-07-12 01:36:49
"RM Sederhana SA, Kertajaya Indah 100",A***,20 September 2015,1.0,"beli rendang 2 ptg kecil semua/ tipis dan satu ada ototnya.
sayur nangka sptnya direbuskan nangka baru terus dicampurkan ke bumbu yg lama dari rasa dan bentuknya kelihatan klw itu nangka yg di refil.
belanja disini kan harganya lumayan mahal tapi mengapa jualannya jelek ?",Rendang Daging - Sayur,29 November 2024,2025-07-12 01:36:49
"RM Sederhana SA, Kertajaya Indah 100",Indra Bakti Pakpahan,16 Desember 2016,5.0,porsi nasi kurang bnyak,Paket 1 (Rendang) - Paket 2 (AYAM),4 November 2024,2025-07-12 01:36:49
"RM Sederhana SA, Kertajaya Indah 100",P**** W************ (******,30 Januari 2021,1.0,"saya request gak pakek sayur nangka eh malah cuma dikasih nasi sama bumbu rendang. gak dikasih daun singkong, sambel ijo dan timun. tolong dong yang fokus baca instruksi. ini udah kedua kalinya setiap pesan siang selalu kaya gini. Terus tadi pesen lauk dendeng basah ternyata udah habis, konfirmasi ganti lauk pakai ati yg harganya lebih murah tapi gak dapet kembalian🤣👊",Nasi Rames,17 November 2024,2025-07-12 01:36:49
"RM Sederhana SA, Kertajaya Indah 100",A***,20 September 2015,5.0,"makansnnya enaknya selalu terjaga, mantap 👍",Martabak Mesir,16 November 2024,2025-07-12 01:36:49
"RM Sederhana SA, Kertajaya Indah 100",G*****,22 Januari 2019,5.0,really gooooood in taste,Nasi Rames,10 November 2024,2025-07-12 01:36:49
"RM Sederhana SA, Kertajaya Indah 100",N***,11 Maret 2016,5.0,"Mantappp, rasa selalu enak, notes juga dibaca dengan baik. Terimakasih",Nasi Rames - Nasi Rames - Telor Barendo - Ketupat Sayur + Telur,7 November 2024,2025-07-12 01:36:49
"RM Sederhana SA, Kertajaya Indah 100",tuska,1 Juli 2021,5.0,Mantap makanan favorit keluarga pada suka,Nasi Rames,6 November 2024,2025-07-12 01:36:49
"RM Sederhana SA, Kertajaya Indah 100",F******** E********,19 Juni 2017,3.0,tidak seenak dlu ya,Nasi Rames - Nasi Rames - Ayam - Rendang Daging,27 Oktober 2024,2025-07-12 01:36:49
"RM Sederhana SA, Kertajaya Indah 100",P. Yani,1 Desember 2015,4.0,Minta timun tapi lupa nggak diberi serundeng,Ayam,1 November 2024,2025-07-12 01:36:49
"RM Sederhana SA, Kertajaya Indah 100",Ervina,20 April 2017,3.0,"rasa martabak tidak seenak dulu, sekarang isinya banyak bawangnya, mulut jadi bau bawang",Martabak Mesir - Rendang Daging,3 November 2024,2025-07-12 01:36:49
"RM Sederhana SA, Kertajaya Indah 100",G*****,22 Januari 2019,3.0,"maaf nasinya ada kerikil kecilnya, 2 biji lagi 😥 tetapi untuk rasa makanannya sudah tdk perlu diragukan🙏 perlu kontrol kualitas nasi/berasnya supaya tdk terulang ada kerikil di nasi pada pelanggan lain.",Nasi Rames,3 November 2024,2025-07-12 01:36:49
"RM Sederhana SA, Kertajaya Indah 100",G*****,22 Januari 2019,5.0,wenak pol mantap jiwa,Nasi Rames,27 Oktober 2024,2025-07-12 01:36:49
"RM Sederhana SA, Kertajaya Indah 100",Wira N,6 September 2017,5.0,selalu mantap. porsi nya mayan kenyang sesuai harganya. pokoke josss,Nasi Rames - Jus Mangga - Nasi Rames,23 Oktober 2024,2025-07-12 01:36:49
"RM Sederhana SA, Kertajaya Indah 100",tjong ridwan chandra,24 Juli 2018,5.0,Kalau sedang ramai tolong pesanan go food di dahulukan biar ga nunggu lama. terima kasih,Nasi Rames,23 Oktober 2024,2025-07-12 01:36:49
"RM Sederhana SA, Kertajaya Indah 100",H******,8 Januari 2017,4.0,"asin, mungkin garamnya bisa dikurangi",Sate Padang - Soto Padang - Ketupat Sayur + Telur - Nasi Rames - Rendang Daging,19 Oktober 2024,2025-07-12 01:36:49
"RM Sederhana SA, Kertajaya Indah 100",naufa,23 Desember 2018,5.0,"yaAllah ini ga salah kah restonya? dikasih lebihan 1 porsi nasi rendang dong. tp struk yg ditempel betul. krna bukan yg dipisah jd bingung bakal kemakan apa ga, langsung kukasih driver, ternyata bapaknya masih didepan rumah. terimakasih, semoga ini ga salah punya orang lain, atau pegawainya yg kena rugi 😭🙏🏻",Nasi Rames - Rendang Daging,13 Oktober 2024,2025-07-12 01:36:49
"RM Sederhana SA, Kertajaya Indah 100",A***,20 April 2018,1.0,"beli nasi rames lauk ayam bakar, rendang, ayam gulai. yg datang cuman lauknya aja, nasinya ga ada😭😭 mana udh laper bgt lagi😭😭",Nasi Rames - Ayam - Rendang Daging,13 Oktober 2024,2025-07-12 01:36:49
"RM Sederhana SA, Kertajaya Indah 100",winata,25 Mei 2015,1.0,Saya pesan 6 box dan plus buah tapi buah nya ndak ada di semua kotak,Paket 2 (AYAM),7 Oktober 2024,2025-07-12 01:36:49
"RM Sederhana SA, Kertajaya Indah 100",hendy yurinata,30 Januari 2017,1.0,Ada plastik keras wungkul di dalam nasi bungkusnya apa2an ini,Nasi Rames - Rendang Daging,3 Oktober 2024,2025-07-12 01:36:49
"RM Sederhana SA, Kertajaya Indah 100",Vanny alvionita,18 Maret 2016,5.0,selalu memuaskan,Nasi Rames - Nasi Rames - Martabak Mesir,20 Agustus 2024,2025-07-12 01:36:49
"RM Sederhana SA, Kertajaya Indah 100",Eka jamila,1 Januari 2017,1.0,Pesanan tidak lengkap,Gulai Kepala Kakap - Gulai Usus Isi - Martabak Mesir,16 September 2024,2025-07-12 01:36:49
"RM Sederhana SA, Kertajaya Indah 100",D*** H S,6 Maret 2016,3.0,pesan tambahan kerupuk gulai tp tidak ada,Nasi Rames - Nasi Rames - Gulai Kikil - Ayam - Ayam,14 September 2024,2025-07-12 01:36:49
"RM Sederhana SA, Kertajaya Indah 100",Dewimayanoya,13 April 2017,2.0,"gulai kikil ku tidak ada
di struk ada padahal 😭",Nasi Rames - Gulai Kikil,9 September 2024,2025-07-12 01:36:49
"RM Sederhana SA, Kertajaya Indah 100",Luri,10 Juli 2024,3.0,Perkedel nya gaada,Nasi Rames - Nasi Rames,22 Agustus 2024,2025-07-12 01:36:49
"RM Sederhana SA, Kertajaya Indah 100",adelisa,11 April 2016,5.0,"Favorit aku dan keluarga, tapi kali ini ada yang missed, saya beli rendang, ikan bakar, telur barendo dan ayam goreng panas sama nasi sayur, tapi rendangnya gak nyampe",Bawal Bakar - Telor Barendo - Rendang Daging - Nasi Rames - Nasi Sayur,7 Agustus 2024,2025-07-12 01:36:49
"RM Sederhana SA, Kertajaya Indah 100",hengky s,9 Desember 2017,5.0,chefnya tetap ok,Rendang Daging - Sambal Goreng Udang - Paket 2 - Gulai Kikil,9 Juli 2024,2025-07-12 01:36:49
"RM Sederhana SA, Kertajaya Indah 100",Darman,27 November 2015,3.0,porsinya tidak standart tergantung penjualnya... misalnya saya pesan nasi rames perkedel.. tapi nasinya sedikit dan sayurnya di kasih seiprit dan tambah ayam gule tidak ada kuah gulenya... ampyun,Nasi Rames - Ayam - Ayam,6 Juli 2024,2025-07-12 01:36:49
"RM Sederhana SA, Kertajaya Indah 100",Erlinaryan,7 September 2015,5.0,selalu enaaakkkk,Nasi Rames - Nasi Rames - Nasi Rames - Nasi Rames,5 Juli 2024,2025-07-12 01:36:49
"RM Sederhana SA, Kertajaya Indah 100",Antika Harum,10 Mei 2024,5.0,2kali pesan ga mengecewakan,Nasi Rames,22 Mei 2024,2025-07-12 01:36:49
"RM Sederhana SA, Kertajaya Indah 100",Tito,24 Juli 2018,1.0,pesanan kurang gulai otak,Soto Padang - Nasi Rames - Gulai Otak,23 Juni 2024,2025-07-12 01:36:49
"RM Sederhana SA, Kertajaya Indah 100",frans,3 Agustus 2015,3.0,"sudah request bumbu rendah agak banyak, malah bumbu sedikit",Rendang Daging,13 Juni 2024,2025-07-12 01:36:49
"RM Sederhana SA, Kertajaya Indah 100",Alkautsar Kitto,7 Maret 2018,1.0,Saya pesan nasi Rames + kikil TANPA SAYUR yang datang kok malah HANYA SAYUR? Terus bagaimana ini mau dimakan? Minta tolong ini saya harus kontak kemana ya untuk komplain.,Martabak Mesir - Nasi Rames,17 Juni 2024,2025-07-12 01:36:49
"RM Sederhana SA, Kertajaya Indah 100",Rio,20 Februari 2017,1.0,KETELITIAN SANGAT KURANG DALAM PENYIAPAN PESANAN. 2 BUNGKUS JUS TERTINGGAL & GOJEK TIDAK TANGGUNG JAWAB AMBIL LAGI & MENYALAHKAN PIHAK RESTO.,Gulai Telor Ikan - Sambal Hijau - Lalap Daun Singkong - Sayur Tumis - Sayur - Jus Jambu - Jus Kopyor - Ayam - Rendang Daging,16 Juni 2024,2025-07-12 01:36:49
"RM Sederhana SA, Kertajaya Indah 100",Kennaldo,28 Januari 2017,5.0,enak tapi mahal,Ayam - Sambal Goreng Udang,16 Juni 2024,2025-07-12 01:36:49
"RM Sederhana SA, Kertajaya Indah 100",mingming,19 Juli 2016,1.0,Ini sdh dtulis detail jgn siram kuah minta keringan tetapi makanan dtg malah basah kuyup kecewa!,Nasi Rames - Sayur - Telor - Ayam - Gulai Kikil,11 Mei 2024,2025-07-12 01:36:49
"RM Sederhana SA, Kertajaya Indah 100",Yanti Moe,7 Oktober 2018,1.0,"Gulai Otaknya sebesar biji salak sumpah tidak sebanding dg harganya dan order perkedel tidak diberi 1 porsi Nasi campur isi sayur nambah otak sebesar satu bijinya salak  add perkedel tdk ada didalamnya , 1  porsi nasi putih polos & rendang total belanja 90ribu",Nasi Rames - Rendang Daging,4 Juni 2024,2025-07-12 01:36:49
"RM Sederhana SA, Kertajaya Indah 100",SUTRISNO,20 September 2017,5.0,makanannya enak asli,Nasi Rames,15 Mei 2024,2025-07-12 01:36:49
"RM Sederhana SA, Kertajaya Indah 100",Tari,9 April 2021,2.0,"martabak mesirnya terlalu banyak daun Bawak tidak kayak biasanya 
kuahnya jgk terlalu sedikit",Rendang Daging - Martabak Mesir,15 Mei 2024,2025-07-12 01:36:49
"RM Sederhana SA, Kertajaya Indah 100",Roymond Arvian,15 Agustus 2015,5.0,Mahal tapi enak. Selalu jadi langganan. Terima kasih.,Nasi Rames - Sambal Terong Pete,12 Mei 2024,2025-07-12 01:36:49
"RM Sederhana SA, Kertajaya Indah 100",SUTRISNO,20 September 2017,5.0,nikmat rasa masakannya pingin nambah terus,Nasi Rames,9 Mei 2024,2025-07-12 01:36:49
"RM Sederhana SA, Kertajaya Indah 100",Jhoo,5 Oktober 2017,5.0,bintang 5 ni langganan,Sate Padang - Ikan Kembung Bakar - Perkedel - Telor Barendo,1 Mei 2024,2025-07-12 01:36:49
"RM Sederhana SA, Kertajaya Indah 100",ifah,27 September 2023,1.0,mas ko kurang satu kotak nasi sya ya kan sya pesan 4,Paket 1 - Paket 2,22 April 2024,2025-07-12 01:36:49
"RM Sederhana SA, Kertajaya Indah 100",H*** T*******,14 November 2018,1.0,"Pesen lauk ikan kembung tapi yang dateng ayam gulai, gaada konfirmasi dulu, sy rugi jadinya. Porsinya juga makin sedikit, kecewa sekali",Nasi Rames - Nasi Rames - Ayam,21 April 2024,2025-07-12 01:36:49
"RM Sederhana SA, Kertajaya Indah 100",A*** D****,18 Agustus 2020,2.0,Sambel ati asin bgt tapi ya yg lain enak,Nasi Sayur - Sambal Goreng Ati - Teh Botol - Gulai Usus Isi,20 April 2024,2025-07-12 01:36:49
"RM Sederhana SA, Kertajaya Indah 100",putrileres,22 September 2021,5.0,"enak, bnyak. puaaas.  favorit",Nasi Rames,18 April 2024,2025-07-12 01:36:49
"RM Sederhana SA, Kertajaya Indah 100",Z**** R***,21 September 2017,4.0,"minta kuah gulai ga dikasih, jd lumayan kering nasinya",Nasi Rames,17 April 2024,2025-07-12 01:36:49
"RM Sederhana SA, Kertajaya Indah 100",Tari,9 April 2021,2.0,"tambah sering beli tambah sedikit saja porsinya,td cuma dagingnya aj dkasih bumbu rendanya tidak.",Rendang Daging,6 April 2024,2025-07-12 01:36:49
"RM Sederhana SA, Kertajaya Indah 100",siwi wulandari,25 Juni 2016,5.0,ayam goreng panas nya the best 😍,Sambal Goreng Jengkol - Nasi Rames,1 April 2024,2025-07-12 01:36:49
"RM Sederhana SA, Kertajaya Indah 100",yeni an,13 November 2016,5.0,enak bangeett bangeeett,Nasi Rames - Perkedel - Nasi Rames,24 Maret 2024,2025-07-12 01:36:49
"RM Sederhana SA, Kertajaya Indah 100",W****,9 September 2015,1.0,pesan kikil 2 di kirim 1,Nasi Rames - Gulai Kikil - Keripik Balado,23 Maret 2024,2025-07-12 01:36:49
"RM Sederhana SA, Kertajaya Indah 100",A***,7 Agustus 2017,5.0,selalu istimewa rasa dan kwalitas bahan serta bumbunya selalu terjaga.,Martabak Mesir - Rendang Daging - Ikan Tengiri,23 Maret 2024,2025-07-12 01:36:49
"RM Sederhana SA, Kertajaya Indah 100",Liu Devi,10 Desember 2023,5.0,sangat enak banget gurih porsinya banyak terimakasih 🙏,Nasi Rames,12 Maret 2024,2025-07-12 01:36:49
"RM Sederhana SA, Kertajaya Indah 100",Triwulan,16 Oktober 2020,5.0,pesan sate padang habis,Martabak Mesir,11 Maret 2024,2025-07-12 01:36:49
"RM Sederhana SA, Kertajaya Indah 100",Jhoo,5 Oktober 2017,5.0,ok bangat. langganan,Sate Padang - Gulai Kepala Kakap,11 Maret 2024,2025-07-12 01:36:49
"RM Sederhana SA, Kertajaya Indah 100",naluri Prauttami,29 Juni 2022,5.0,lain kali dikasih Lemek nasinya biar sayur gk kecampur,Nasi Rames,10 Maret 2024,2025-07-12 01:36:49
"RM Sederhana SA, Kertajaya Indah 100",F*** S******,21 April 2018,3.0,"rasanya enak tapi mesen nasi, nasinya gada huhu 😿",Soto Padang - Sate Padang - Nasi Putih,9 Maret 2024,2025-07-12 01:36:49
"RM Sederhana SA, Kertajaya Indah 100",Liu Devi,10 Desember 2023,5.0,sangat enak banget porsi besar terimakasih 🙏🙏🌹,Nasi Rames,29 Februari 2024,2025-07-12 01:36:49
"RM Sederhana SA, Kertajaya Indah 100",May Darlis,28 Februari 2019,4.0,porsi nya kurang,Sate Padang - Rendang Daging - Gulai Otak,19 Februari 2024,2025-07-12 01:36:49
"RM Sederhana SA, Kertajaya Indah 100",Fairuz,9 Januari 2017,3.0,pesanan perkedel saya tidak ada,Paket 2 - Gulai Cincang,19 Februari 2024,2025-07-12 01:36:49
"RM Sederhana SA, Kertajaya Indah 100",Cahyadi Lo,4 November 2017,4.0,beli sate padang ngak ada lontongnya,Sate Padang - Nasi Rames - Sambal Goreng Jengkol - Kerupuk Kulit,17 Februari 2024,2025-07-12 01:36:49
"RM Sederhana SA, Kertajaya Indah 100",T***** Y**********,9 November 2019,4.0,"lauk yg dijual, krg segar rasa tdk seperti biasanya nasi agk keras, sbg pelanggan sy bs merasakan kualitas tdk dijaga dg baik",Nasi Rames - Ayam,8 Februari 2024,2025-07-12 01:36:49
"RM Sederhana SA, Kertajaya Indah 100",Jaswin Sing,4 September 2022,1.0,nasinya lembek sekali...kecewa saya..tidak seperti biasa nya...,Nasi Rames,4 Februari 2024,2025-07-12 01:36:49
"RM Sederhana SA, Kertajaya Indah 100",Abdul Slamet,20 April 2017,1.0,pesan 2 rames dadar malah dapat 2 yg rendang,Nasi Rames - Nasi Rames - Perkedel - Ayam,25 Januari 2024,2025-07-12 01:36:49
"RM Sederhana SA, Kertajaya Indah 100",Hanifudin alfauzi,29 September 2021,5.0,mantab langganan disini,Nasi Rames,22 Januari 2024,2025-07-12 01:36:49
"RM Sederhana SA, Kertajaya Indah 100",Liu Devi,10 Desember 2023,5.0,porsi nya banyak dan sangat enak banget gurih trima kasih 🙏🙏🌹🌹🥰,Nasi Rames,21 Januari 2024,2025-07-12 01:36:49
"RM Sederhana SA, Kertajaya Indah 100",Y******,17 Oktober 2018,5.0,mantapppp👍👍👍😀😀😀🙏,Sate Padang - Gulai Kikil - Ayam - Nasi Rames - Rendang Daging - Paket 1 - Sambal Hijau,14 Januari 2024,2025-07-12 01:36:49
"RM Sederhana SA, Kertajaya Indah 100",Ima,23 Desember 2017,3.0,Tiap hari pesen disisni kenapa ada aja yg salah padahal uda dikasi catatan,Paket 1,31 Desember 2023,2025-07-12 01:36:49
"RM Sederhana SA, Kertajaya Indah 100",budi,4 Agustus 2017,1.0,order 4 potong ayam goreng dan pesan paha. Yg terkirim dada semua.,Nasi Rames - Ayam - Gulai Kikil - Telor Barendo - Sambal Kentang Telor Puyuh,26 Desember 2023,2025-07-12 01:36:49
"RM Sederhana SA, Kertajaya Indah 100",era,10 Oktober 2018,3.0,Soto hari ini sepertinya beda dgn yg biasa sy pesan dr medan wei jg.soto hari ini kelihatan sangat encer dibanding biasany,Nasi Rames,21 Desember 2023,2025-07-12 01:36:49
"RM Sederhana SA, Kertajaya Indah 100",E***** K**********,18 Mei 2017,2.0,"pesanan saya 1 nasi rames telur barendo, 1 nasi rames rendang, telur ikan, nasi pth, sambal kentang telur puyuh
Ternyata nasi rames rendang dan nasi pth gak ada ...auto 2 org gak jd makan 😢
saya sdh lapor tp blm ada respon dr resto
Lebih teliti lagi lain kali, Krn saya SDH bayar lwt gopay",Nasi Putih - Gulai Telor Ikan - Nasi Rames - Nasi Rames - Sambal Kentang Telor Puyuh,18 Desember 2023,2025-07-12 01:36:49
"RM Sederhana SA, Kertajaya Indah 100",yohana,30 September 2015,2.0,ikan nya bukan tengiri,Nasi Rames - Gulai Usus Isi,17 Desember 2023,2025-07-12 01:36:49
"RM Sederhana SA, Kertajaya Indah 100",bu endah,17 Maret 2018,5.0,terima kasih sudah memasak pesanan kami,Martabak Mesir,8 Desember 2023,2025-07-12 01:36:49
"RM Sederhana SA, Kertajaya Indah 100",A**** W*****,14 Desember 2015,5.0,Mantap banget dong,Nasi Rames,26 November 2023,2025-07-12 01:36:49
"RM Sederhana SA, Kertajaya Indah 100",R********,29 April 2016,1.0,kiriman gojek pesanan kurang juz durian gak ada,Nasi Rames - Nasi Rames - Nasi Rames - Jus Durian,28 November 2023,2025-07-12 01:36:49
"RM Sederhana SA, Kertajaya Indah 100",N*****,22 Maret 2017,5.0,Selalu langganan di sini... emang enak smua sihh 😍😍😍,Nasi Rames - Nasi Rames,19 November 2023,2025-07-12 01:36:49
"RM Sederhana SA, Kertajaya Indah 100",ivon maria,28 April 2018,5.0,Enak sekali ❤️❤️❤️❤️❤️👍👍👍👍👍,Sambal Goreng Ati - Nasi Sayur,1 November 2023,2025-07-12 01:36:49
"RM Sederhana SA, Kertajaya Indah 100",Nuri,30 Desember 2015,1.0,Sudah puluhan kali pesen baru kali ini pesen rendang 2 porsi yang satu porsi isinya laos rendang 😭😭😭 bayar nya rendang daging gimana ini TOLONG DI PERHATIKAN BUAT PELANGGAN YANG SERING BELI BIAR TIDAK KECEWA,Rendang Daging - Nasi Rames - Ayam,15 November 2023,2025-07-12 01:36:49
"RM Sederhana SA, Kertajaya Indah 100",Nashirul Rosyid,24 Februari 2020,5.0,"enak banget, puas, asli Padang",Nasi Rames - Sambal Terong Pete - Gulai Telor Ikan,14 November 2023,2025-07-12 01:36:49
"RM Sederhana SA, Kertajaya Indah 100",Lili Sudarso,27 Juli 2015,5.0,Sudah tdk terbantahkan taste nya the best. Legend nasi padang di Sby.,Paket 1 - Gulai Telor Ikan,13 November 2023,2025-07-12 01:36:49
"RM Sederhana SA, Kertajaya Indah 100",E***,9 April 2016,5.0,Enak. Sering oesan dan selalu ok,Nasi Rames,8 Oktober 2023,2025-07-12 01:36:49
"RM Sederhana SA, Kertajaya Indah 100",ayu wardani,1 April 2018,5.0,selalu pas dan enak,Nasi Rames - Gulai Otak,6 November 2023,2025-07-12 01:36:49
"RM Sederhana SA, Kertajaya Indah 100",wulansari,12 Agustus 2017,5.0,okee pelayanan restorannya juga drivernya cpt wkt n ramah,Ayam - Paket 4,30 Oktober 2023,2025-07-12 01:36:49
"RM Sederhana SA, Kertajaya Indah 100",E**,18 Oktober 2018,4.0,"Pesen ny gulai ayam tpi di kasih nya gulai usus isi😭, tlong lebih di perhatikan lgi",Nasi Rames - Nasi Rames - Paru,29 Oktober 2023,2025-07-12 01:36:49
"RM Sederhana SA, Kertajaya Indah 100",gita_andrea,15 Desember 2015,5.0,Mantappppp.. resto padang andalan dari dulu,Nasi Rames - Rendang Daging - Nasi Rames,29 Oktober 2023,2025-07-12 01:36:49
"RM Sederhana SA, Kertajaya Indah 100",Gunadi Santoso,27 Juni 2017,5.0,rasanya dan porsi paketnya ok,Sambal Hijau - Lalap Daun Singkong - Paket 4 - Sambal Goreng Udang,21 Oktober 2023,2025-07-12 01:36:49
"RM Sederhana SA, Kertajaya Indah 100",Z***** R**** U****,4 September 2015,4.0,"maaf kali ini bintang 4, tadi saya pesan ada puding gula merah, tapi dipesanan yg saya terima ga ada. overall enak padahal.",Gulai Otak - Ayam - Gulai Kikil - Sambal Hijau - Pudding Gula Merah,16 Oktober 2023,2025-07-12 01:36:49
"RM Sederhana SA, Kertajaya Indah 100",entin s,19 Juni 2017,5.0,kualitas nya dipertahankan dan porsinya di tambah,Sambal Kentang Telor Puyuh - Nasi Putih - Dendeng - Kerupuk Kulit,17 September 2023,2025-07-12 01:36:49
"RM Sederhana SA, Kertajaya Indah 100",N**** F*******,8 Juni 2017,5.0,Masakan padang terenak versi kami sekeluarga.. TOP,Nasi Rames - Nasi Rames - Ayam - Telor,14 Oktober 2023,2025-07-12 01:36:49
"RM Sederhana SA, Kertajaya Indah 100",Helen OK,18 Juli 2016,5.0,Selalu puas ketika order makan disini. Selalu menyediakan masakan yg segar dan berkualitas.,Nasi Rames - Ikan Tengiri - Perkedel - Sayur,5 Oktober 2023,2025-07-12 01:36:49
"RM Sederhana SA, Kertajaya Indah 100",A******* H******,19 Agustus 2015,3.0,Rasa berbeda dari biasa nya,Sambal Goreng Jengkol,29 September 2023,2025-07-12 01:36:49
"RM Sederhana SA, Kertajaya Indah 100",Amin.,12 Maret 2017,5.0,"top markotop, wurenaakkk",Nasi Rames - Telor Barendo - Nasi Rames,30 September 2023,2025-07-12 01:36:49
"RM Sederhana SA, Kertajaya Indah 100",S***** D****,3 Juni 2018,5.0,saya cocok dng masakkannya di depot ini tks,Rendang Daging - Sambal Hijau - Lalap Daun Singkong - Sayur - Ayam,28 September 2023,2025-07-12 01:36:49
"RM Sederhana SA, Kertajaya Indah 100",I*****,20 Desember 2016,4.0,"Aku kasih bintang 4 karena slah kirim. Pesan paru goreng, yang dikirim rendang. Salah kirimnya baru kali ini setelah berkali2 pesan. Tolong diperhatikan. Kalau rasa tidak mengecewakan.",Nasi Rames,28 September 2023,2025-07-12 01:36:49
"RM Sederhana SA, Kertajaya Indah 100",mitral,21 Agustus 2018,5.0,"klo soal masakan yg paling utama itu rasa,yg ke dua kebersihan,yg ke tiga pelayanan,yg ke empat porsi,yg ke lima kualitas...",Nasi Rames,27 September 2023,2025-07-12 01:36:49
"RM Sederhana SA, Kertajaya Indah 100",A***,7 Agustus 2017,5.0,selalu enak dan pas,Martabak Mesir,20 Agustus 2023,2025-07-12 01:36:49
"RM Sederhana SA, Kertajaya Indah 100",Erwie Satya,8 Maret 2022,1.0,Dikirim kurang 1 porsi,Nasi Rames - Jus Alpokat - Ayam,17 September 2023,2025-07-12 01:36:49
"RM Sederhana SA, Kertajaya Indah 100",N**** F*******,8 Juni 2017,5.0,Enaaakkk salah satu resto favorit. Menunya enak2 semua..,Nasi Rames - Nasi Rames - Ayam - Telor Barendo,7 September 2023,2025-07-12 01:36:49
"RM Sederhana SA, Kertajaya Indah 100",S** E**** S***********,4 September 2015,5.0,endul....surendul,Gulai Kikil - Gulai Otak - Perkedel - Sambal Kentang Telor Puyuh - Sambal Hijau - Sayur Tumis - Rendang Daging - Sayur,3 September 2023,2025-07-12 01:36:49
"RM Sederhana SA, Kertajaya Indah 100",M**** R***,1 Oktober 2016,2.0,Pesanan saya kurang,Nasi Rames,2 September 2023,2025-07-12 01:36:49
"RM Sederhana SA, Kertajaya Indah 100",A******** M*,12 Oktober 2019,4.0,sambal hijau nya ga di kasih 🥹🙏 padahal cuma minta dipisah,Nasi Rames - Ayam - Ayam - Gulai Kikil - Lalap Daun Singkong,25 Agustus 2023,2025-07-12 01:36:49
"RM Sederhana SA, Kertajaya Indah 100",dessy dania,10 Juni 2015,2.0,Bumbu sate padangnya tumben asinnnnnnn banget yg sampe ga bisa dimakan huhuhu…pdhl lagi pengen bgt sate padang :( . Teh telor oke aja,Nasi Rames - Sate Padang - Teh Telor,20 Agustus 2023,2025-07-12 01:36:49
"RM Sederhana SA, Kertajaya Indah 100",Farhan Nazrul Ilhami,28 Januari 2021,5.0,kenyang lurrrrr,Nasi Rames,19 Agustus 2023,2025-07-12 01:36:49
"RM Sederhana SA, Kertajaya Indah 100",frans,14 Januari 2017,4.0,kualitas rasa memang cukup lezat cuman porsi kurang he..he.. utamanya sambal balado jengkol,Nasi Rames - Gulai Telor Ikan - Sambal Goreng Jengkol,17 Agustus 2023,2025-07-12 01:36:49
"RM Sederhana SA, Kertajaya Indah 100",laurennn,4 September 2018,5.0,"enak bgt gilak mau nangis wkwkwk, nangka nya berasa bgt sedep gurih",Nasi Rames,13 Agustus 2023,2025-07-12 01:36:49
"RM Sederhana SA, Kertajaya Indah 100",Tuty winarty,19 Agustus 2021,5.0,"rasa konsisten
rasa padsng nya yg chas biikin kita ketagihaaan",Sambal Teri pete - Sayur,2 Agustus 2023,2025-07-12 01:36:49
"RM Sederhana SA, Kertajaya Indah 100",M**** S*******,7 November 2016,5.0,"sayur singkong nya pedasss, Lebih enak kalau gak terlalu pedas..",Nasi Rames - Sayur - Dendeng,9 Agustus 2023,2025-07-12 01:36:49
"RM Sederhana SA, Kertajaya Indah 100",Simanjuntak Marudut Sondang,2 Agustus 2017,5.0,mantap kali bah,Nasi Rames - Nasi Rames,30 Juli 2023,2025-07-12 01:36:49
"RM Sederhana SA, Kertajaya Indah 100",L**** A*******,17 Oktober 2015,2.0,"Saya pesen gulai otak, di struk pun jg ada pesanan gulai otak, tapi malah gulai otaknya tidak dikirim sama sekali. Mengecewakan.",Jus Alpokat - Paket 1 - Gulai Otak - Paket 2 - Paru,30 Juli 2023,2025-07-12 01:36:49
"RM Sederhana SA, Kertajaya Indah 100",Adiyanto Nday,29 Februari 2020,5.0,"Masakan Padang memang berkelas👍
Cita rasa nasi goreng yg kaya rasa dan kuat serta mantap racikannya!
Pakaging juga unik dan memberi kesan istimewa😋,
Tidak heran Rendang Indonesia dinobatkan sebagai salah satu masakan terenak di dunia👌
SALUT🌟🌟🌟🌟🌟",Nasi Goreng Padang - Rendang Daging,10 Juli 2023,2025-07-12 01:36:49
"RM Sederhana SA, Kertajaya Indah 100",Marian T Areva,7 November 2017,3.0,saya order ayam bakar n rendang tp ayam nya lari kemana ya kok tdk ada,Nasi Rames,8 Juli 2023,2025-07-12 01:36:49
"RM Sederhana SA, Kertajaya Indah 100",Teddy Aria,25 Oktober 2015,5.0,"sate padangnya enak, hanya dari harga cukup mahal tanpa lontong/ketupat",Nasi Rames - Sate Padang,27 Juni 2023,2025-07-12 01:36:49
"RM Sederhana SA, Kertajaya Indah 100",anik,25 April 2022,5.0,porsinya terlalu sedikit kalok order mlm . beda dengn order siang hari🙏,Sambal Terong Pete - Rendang Daging,24 Juni 2023,2025-07-12 01:36:49
"RM Sederhana SA, Kertajaya Indah 100",A***,20 September 2015,1.0,"nasi rames sayurnya minim gak pake sambel, minta bumbu rendang gak dikasih juga. lain kali catatan pada pesanan dibaca",Nasi Rames,25 Juni 2023,2025-07-12 01:36:49
"RM Sederhana SA, Kertajaya Indah 100",Diah Widiati,15 Mei 2016,5.0,"Enak, rempahnya pas dan porsinya banyak",Rendang Daging - Gulai Kikil - Gulai Telor Ikan - Gulai Kepala Kakap - Sambal Hijau - Lalap Daun Singkong,16 Juni 2023,2025-07-12 01:36:49
"RM Sederhana SA, Kertajaya Indah 100",Tiwi,20 Oktober 2015,5.0,"bumbu dan rasa pedas nya pas sekali nikmat tidak berlebihan,  orang dewasa dan anak anak bisa menikmati",Nasi Rames - Telor Barendo,14 Juni 2023,2025-07-12 01:36:49
"RM Sederhana SA, Kertajaya Indah 100",Tiwi,20 Oktober 2015,2.0,"rasa masakannya berubah drastis , jadi pedas sekali , bukan pedas nikmat lagi, apa ganti juru masaknya ?",Ayam - Gulai Otak,17 Juni 2023,2025-07-12 01:36:49
"RM Sederhana SA, Kertajaya Indah 100",Pak Jito,15 Januari 2019,3.0,kuahnya perlu lebih fresh lagi,Martabak Mesir,17 Juni 2023,2025-07-12 01:36:49
"RM Sederhana SA, Kertajaya Indah 100",ramayanti,14 Desember 2016,1.0,"Saya pesan paket 5 yg ada rendang dan ayam, tapi tdk di kasih daging ayam gulainya",Paket 5 - Paket Premium - Rendang Daging,9 Juni 2023,2025-07-12 01:36:49
"RM Sederhana SA, Kertajaya Indah 100",E**,13 Maret 2020,5.0,rendangnya emg paling the best!,Nasi Rames - Jus Apel - Air Mineral Botol,6 Juni 2023,2025-07-12 01:36:49
"RM Sederhana SA, Kertajaya Indah 100",E***,22 September 2015,5.0,sayang kemasannya masih plastik.,Gulai Kikil - Ayam - Ikan Tengiri - Sayur,7 Juni 2023,2025-07-12 01:36:49
"RM Sederhana SA, Kertajaya Indah 100",mitral,21 Agustus 2018,5.0,"ini lauk kesukaan ku,rasanya enak banget",Dendeng,2 Juni 2023,2025-07-12 01:36:49
"RM Sederhana SA, Kertajaya Indah 100",mitral,21 Agustus 2018,5.0,"sabana lamak raso no,👍",Nasi Rames - Nasi Rames,3 Juni 2023,2025-07-12 01:36:49
"RM Sederhana SA, Kertajaya Indah 100",Dicka Keenan,16 Juni 2015,4.0,"request ga dikasih sambel, malah disambelin",Nasi Rames - Perkedel,27 Mei 2023,2025-07-12 01:36:49
"RM Sederhana SA, Kertajaya Indah 100",citra ayu a,27 Agustus 2015,4.0,daging rendangnya sepertinya tidak fresh....sedikit keras,Nasi Rames - Nasi Rames,23 Mei 2023,2025-07-12 01:36:49
"RM Sederhana SA, Kertajaya Indah 100",R*** A*****,4 Desember 2015,4.0,Rasanya enak tapi rendangnya ga se upil juga kale,Nasi Rames,21 Mei 2023,2025-07-12 01:36:49
"RM Sederhana SA, Kertajaya Indah 100",fiorentina nadya baptista,26 Januari 2018,1.0,"pesan gulai hati dikasih gulai otak, jadi ga kemakan sayang banget 😮‍💨",Nasi Rames - Ayam - Gulai Ati/ Limpa,20 Mei 2023,2025-07-12 01:36:49
"RM Sederhana SA, Kertajaya Indah 100",Safira Rosalina,27 Mei 2016,5.0,Tidak pernah mengecewakan rendang dan sayurnya selalu enak,Nasi Rames,15 Mei 2023,2025-07-12 01:36:49
"RM Sederhana SA, Kertajaya Indah 100",Diana Rakmi,17 Mei 2016,5.0,rendangnya enak...fresh dan higienis.....,Jus Mangga - Paket 1 - Kerupuk Kulit,11 Mei 2023,2025-07-12 01:36:49
"RM Sederhana SA, Kertajaya Indah 100",J*****,26 Februari 2018,2.0,"Rendangnya keras buanget gak bs d gigit, yg ayam nya udah oke. cuma rendangnya gak bs d makan",Nasi Rames - Nasi Rames,12 Mei 2023,2025-07-12 01:36:49
"RM Sederhana SA, Kertajaya Indah 100",fifin,26 November 2016,4.0,agk asin sayurnya,Paket 4 - Paket 3,13 Mei 2023,2025-07-12 01:36:49
"RM Sederhana SA, Kertajaya Indah 100",W****,9 Februari 2016,5.0,"Soto Pdg agak asin , di koreksi lg y Pak",Ikan Tengiri - Paru - Sayur - Soto Padang,8 Mei 2023,2025-07-12 01:36:49
"RM Sederhana SA, Kertajaya Indah 100",ghea c k,11 Januari 2023,5.0,terima kasih makanannya,Dendeng - Ayam - Telor - Nasi Goreng Padang - Sambal Hijau,29 April 2023,2025-07-12 01:36:49
"RM Sederhana SA, Kertajaya Indah 100",Annie,26 Agustus 2015,3.0,"Nasi sayurnya kering bgt🙄🙄pdhl biasanya bnyk bumbu2 dr gulai, rendang dll.. Trs minta sambel ijo d pisah tp gak d kasi!!!!",Nasi Sayur - Gulai Kikil - Telor Barendo,19 April 2023,2025-07-12 01:36:49
"RM Sederhana SA, Kertajaya Indah 100",M**** S*******,7 November 2016,3.0,ikannya tidak ada rasa/tawar,Nasi Rames,17 April 2023,2025-07-12 01:36:49
"RM Sederhana SA, Kertajaya Indah 100",A***,7 Agustus 2017,5.0,selalu sederhana rasa mantap 👍,Martabak Mesir - Sate Padang,18 April 2023,2025-07-12 01:36:49
"RM Sederhana SA, Kertajaya Indah 100",ira,13 Maret 2019,3.0,gule kikilnya terlalu manis....jengkolnya mantab,Sop Buntut - Sambal Goreng Jengkol,13 April 2023,2025-07-12 01:36:49
"RM Sederhana SA, Kertajaya Indah 100",anik,25 April 2022,5.0,😭sayurnya gg lengkap soalnya Uda sore,Nasi Rames,14 April 2023,2025-07-12 01:36:49
"RM Sederhana SA, Kertajaya Indah 100",Irsyofan Mohim,27 Mei 2017,5.0,mintak alat makan tp tidak dikasih,Nasi Rames - Rendang Daging,12 April 2023,2025-07-12 01:36:49
"RM Sederhana SA, Kertajaya Indah 100",garin adidarma,16 Desember 2015,5.0,mantap sukses selalu,Martabak Mesir,9 April 2023,2025-07-12 01:36:49
"RM Sederhana SA, Kertajaya Indah 100",W****,9 Februari 2016,5.0,Sll langganan di sederhana ini semua nya enak 😍🥰,Nasi Rames Lauk Telur + Gratis Bear Brand - Rendang Daging - Gulai Cincang,6 April 2023,2025-07-12 01:36:49
"RM Sederhana SA, Kertajaya Indah 100",Nur Latifah Kurnia Fachrudin,21 November 2015,3.0,Saya minta kerupuknya d kasih kuah gulai. Yg datang kerupuknya aja. Kalau sudah d kasih note tolong d baca baik2,Sambal Kentang Telor Puyuh - Rendang Daging - Nasi Rames,2 April 2023,2025-07-12 01:36:49
"RM Sederhana SA, Kertajaya Indah 100",junita,23 Mei 2016,1.0,sudah bilang tidak mau pedas. padahal pak Gojek jg sudah bilang.. disiram kuahnya pedas..,Nasi Rames,27 Maret 2023,2025-07-12 01:36:49
"RM Sederhana SA, Kertajaya Indah 100",I******,4 Agustus 2015,3.0,Porsi jengkol tambah sedikit. Ayam pop ga dapat bumbu merah nya itu :(,Sambal Goreng Jengkol - Nasi Rames,21 Maret 2023,2025-07-12 01:36:49
"RM Sederhana SA, Kertajaya Indah 100",isamesal,31 Desember 2016,5.0,"one of the best padang in surabaya sih, komplit lauknya, segala macem ada, harganya sih lumayan pricy ya tapi worth to buy siih hehe. kualitas emank ga bakal bohong wkwk",Lalap Daun Singkong - Sambal Hijau - Nasi Rames - Paru,23 Februari 2023,2025-07-12 01:36:49
"RM Sederhana SA, Kertajaya Indah 100",D****,10 September 2017,3.0,Minta ayam panas tapi ayam nya dingin belum di goreng,Ayam - Kerupuk Kulit,19 Maret 2023,2025-07-12 01:36:49
"RM Sederhana SA, Kertajaya Indah 100",Alvin,6 September 2015,5.0,WUENAKK SOROOO!!!,Sate Padang,7 Maret 2023,2025-07-12 01:36:49
"RM Sederhana SA, Kertajaya Indah 100",S****,9 Agustus 2015,4.0,Kemarin pesan rendang 2 porsi tapi yang sampai cuma 1 porsi,Nasi Rames - Rendang Daging - Gulai Kikil - Paru,4 Maret 2023,2025-07-12 01:36:49
"RM Sederhana SA, Kertajaya Indah 100",R****,14 September 2016,1.0,Menu yg dikasih gak sesuai sama orderan awal,Sate Padang - Paket 2 - Nasi Putih,18 Februari 2023,2025-07-12 01:36:49
"RM Sederhana SA, Kertajaya Indah 100",erna,13 Agustus 2016,3.0,telor ikannya kecill .naasi ms byk lauk telor ikannya uda habis,Nasi Rames,18 Februari 2023,2025-07-12 01:36:49
"RM Sederhana SA, Kertajaya Indah 100",S****,14 Mei 2017,3.0,Sayur singkong nya agak basi,Nasi Rames - Nasi Rames,14 Februari 2023,2025-07-12 01:36:49
"RM Sederhana SA, Kertajaya Indah 100",agus,22 Desember 2017,3.0,PESANAN TIDAK SESUAI.  GULAI ATI(TIDAK PAKAI NASI).,Nasi Rames - Gulai Ati/ Limpa,16 Februari 2023,2025-07-12 01:36:49
"RM Sederhana SA, Kertajaya Indah 100",Darman,27 November 2015,5.0,makanannya enak pull,Gulai Kikil - Perkedel - Paket 2,29 Januari 2023,2025-07-12 01:36:49
"RM Sederhana SA, Kertajaya Indah 100",PURWANTO,16 Agustus 2015,5.0,semua menu rasanya excellent. highly recommended,Paket 1 - Martabak Mesir - Nasi Putih,7 Februari 2023,2025-07-12 01:36:49
"RM Sederhana SA, Kertajaya Indah 100",widya novita,13 Oktober 2015,5.0,"ajibb... lezatt 
worrh it",Nasi Sayur - Perkedel - Ayam,6 Februari 2023,2025-07-12 01:36:49
"RM Sederhana SA, Kertajaya Indah 100",Febi,14 Desember 2020,5.0,so tasty. worth to try!,Nasi Rames,5 Februari 2023,2025-07-12 01:36:49
"RM Sederhana SA, Kertajaya Indah 100",dimas prasetyo,5 April 2019,3.0,"Sekarang nasi kotak ya, jadi ga banyak kuah yang di dapat",Paket 1,17 Januari 2023,2025-07-12 01:36:49
"RM Sederhana SA, Kertajaya Indah 100",ridwan,28 Februari 2016,5.0,biarlah bintang yang berbicara,Sate Padang - Nasi Rames,9 Januari 2023,2025-07-12 01:36:49
"RM Sederhana SA, Kertajaya Indah 100",nita ernawatie,2 September 2015,5.0,enak dan enaaak banget,Paket 2,11 Januari 2023,2025-07-12 01:36:49
"RM Sederhana SA, Kertajaya Indah 100",frans,14 Januari 2017,4.0,porsinya kurang banyak he..he..,Rendang Daging - Sayur - Sambal Terong Pete - Telor Barendo - Gulai Kikil,8 Januari 2023,2025-07-12 01:36:49
"RM Sederhana SA, Kertajaya Indah 100",Acob,11 Februari 2017,5.0,"ke mana pun pergi, padang sederhana yg itama dicari",Paket 1 - Paket 2 - Teh Manis - Soda Gembira,6 Januari 2023,2025-07-12 01:36:49
"RM Sederhana SA, Kertajaya Indah 100",wihansen,2 Desember 2020,5.0,mantap Rm sederhana ⭐⭐⭐⭐⭐,Martabak Mesir - Paket 1,1 Januari 2023,2025-07-12 01:36:49
"RM Sederhana SA, Kertajaya Indah 100",wihansen,2 Desember 2020,5.0,wuenak tenan martabak nya⭐⭐⭐⭐⭐,Martabak Mesir,30 Desember 2022,2025-07-12 01:36:49
"RM Sederhana SA, Kertajaya Indah 100",D**** R*** P******,27 Januari 2017,3.0,pemilihan paketnya sekarang dipisah2,Gulai Telor Ikan,26 Desember 2022,2025-07-12 01:36:49
"RM Sederhana SA, Kertajaya Indah 100",Herry,21 April 2019,5.0,selalu always.. enak.,Nasi Sayur,19 Desember 2022,2025-07-12 01:36:49
"RM Sederhana SA, Kertajaya Indah 100",Herry,21 April 2019,5.0,selalu always.. enak.,Nasi Sayur,26 Desember 2022,2025-07-12 01:36:49
"RM Sederhana SA, Kertajaya Indah 100",angel,17 Agustus 2022,5.0,mantep bangettt,Paket 2,25 Desember 2022,2025-07-12 01:36:49
"RM Sederhana SA, Kertajaya Indah 100",A***,21 Januari 2016,4.0,"taste makin kesini makin kurang nendang, b aja",Paru - Nasi Rames,22 Desember 2022,2025-07-12 01:36:49
"RM Sederhana SA, Kertajaya Indah 100",nelly maria,10 Juli 2017,5.0,untuk gulai kikilnya porsi tdk kaya biasanya ini kecil tolong perhatikan porsinya ya,Paket 1 - Paket 2 - Gulai Kikil,18 Desember 2022,2025-07-12 01:36:49
"RM Sederhana SA, Kertajaya Indah 100",A*****,1 April 2016,5.0,"best 💯❣️
gapernah kecewa. enak!! 🥰🥰🥰",Telor Barendo - Sambal Kentang Telor Puyuh - Nasi Rames - Teh Manis,9 Desember 2022,2025-07-12 01:36:49
"RM Sederhana SA, Kertajaya Indah 100",cakra,22 Juni 2017,5.0,"rasa tetap enak mantap ,porsi banyak lengkap mantul⭐👍✌️",Nasi Rames,12 Desember 2022,2025-07-12 01:36:49
"RM Sederhana SA, Kertajaya Indah 100",ghazali bakhtar,27 Juni 2015,5.0,"Harga mkn mahal, Ramas premium Rp 70 rb sp ditangan konsumen…..🙏",Paket Premium,8 Desember 2022,2025-07-12 01:36:49
"RM Sederhana SA, Kertajaya Indah 100",A**** K****,1 Mei 2016,4.0,ternyata dapat rendangnya aja (lauknya tok),Rendang Daging,10 Desember 2022,2025-07-12 01:36:49
"RM Sederhana SA, Kertajaya Indah 100",Anthoni Faulia,24 Februari 2017,1.0,"gimana nih, saya pesan ayam goreng 9, bo kirim cuma 1, parah",Sambal Goreng Jengkol - Sayur - Ayam Goreng - Ayam Goreng,4 Desember 2022,2025-07-12 01:36:49
"RM Sederhana SA, Kertajaya Indah 100",T******,14 Juli 2017,5.0,enak..mantappp..top,Gulai Otak - Ikan Tengiri - Sambal Terong Pete,1 Desember 2022,2025-07-12 01:36:49
"RM Sederhana SA, Kertajaya Indah 100",G*** A****,1 Januari 2016,5.0,enak rasanya ..,Paket 4,28 November 2022,2025-07-12 01:36:49
"RM Sederhana SA, Kertajaya Indah 100",Leo Vam,20 Februari 2019,5.0,jangan di tanya mengenai rasa dan porsinya.....mak cuss pokoknya....mantul juga....puas deh. boleh di coba di tanggung bakalan beli lagi dan beli lagi.,Nasi Rames - Sambal Terong Pete - Nasi Sayur,1 Desember 2022,2025-07-12 01:36:49
"RM Sederhana SA, Kertajaya Indah 100",agus BP,21 Februari 2019,3.0,kalau ndk salah ..di menu tulisannya nasi box... kok dikirimnya pake kertas dan daun...?,Nasi Rames - Nasi Rames,29 November 2022,2025-07-12 01:36:49
"RM Sederhana SA, Kertajaya Indah 100",Hilmi Amroe,22 Agustus 2015,4.0,Sausnya agak encer dibanding biasanya.,Sate Padang,25 November 2022,2025-07-12 01:36:49
"RM Sederhana SA, Kertajaya Indah 100",Yania,4 April 2020,5.0,"Hari ini enak sekali rasanya jg fresh, kemasan rapi,bersih,top tks",Nasi Rames - Paket 2 - Sambal Terong Pete,20 November 2022,2025-07-12 01:36:49
"RM Sederhana SA, Kertajaya Indah 100",Romo,30 Agustus 2022,4.0,Ada 4 helai rambut di bumbu Rendang nya!,Jus Jambu - Paru - Paket Premium,19 November 2022,2025-07-12 01:36:49
"RM Sederhana SA, Kertajaya Indah 100",ferra,28 Desember 2016,5.0,Bumbu rempahnya selalu tak ingkar janji,Jus Durian - Gulai Kikil - Nasi Putih - Rendang Daging - Gulai Otak - Telor Dadar,11 November 2022,2025-07-12 01:36:49
"RM Sederhana SA, Kertajaya Indah 100",N***** R*****,10 Maret 2017,2.0,Dagingnya alot. Bumbunya enak,Nasi Rendang Daging,12 November 2022,2025-07-12 01:36:49
"RM Sederhana SA, Kertajaya Indah 100",B**** D***** M********,16 Maret 2017,3.0,"Pesan ayam gulai, dikasi ayam goreng",Nasi Ayam Goreng/ Bakar/ Gulai - Es Teh Manis,9 November 2022,2025-07-12 01:36:49
"RM Sederhana SA, Kertajaya Indah 100",Agfar achwandy,26 Desember 2015,4.0,"Halo seperti biasa sederhana merupakan resto nasi padang terbaik, namun beberapa kali setelah saya pesan sate padang melalui gojek dan memberikan detail melalui notes namun yang datang tidak sesuai dengan yang dipesan terima kasih",Sate Padang 10 Tusuk - Ayam Gulai - Gulai Otak - Ayam Pop,31 Oktober 2022,2025-07-12 01:36:49
"RM Sederhana SA, Kertajaya Indah 100",D**** R*** P******,27 Januari 2017,5.0,"tolong notes di perhatikan lagi ya, thanks",Nasi Gulai Telor Ikan,30 Oktober 2022,2025-07-12 01:36:49
"RM Sederhana SA, Kertajaya Indah 100",garin adidarma,16 Desember 2015,5.0,mantap sukses selalu,Martabak Mesir,29 Oktober 2022,2025-07-12 01:36:49
"RM Sederhana SA, Kertajaya Indah 100",V*** P********,14 Agustus 2015,2.0,"Salah kirim makanannya..order terong pete, datangnya sambal teri..🙄",Nasi Sayur - Sambal Terong Pete,28 Oktober 2022,2025-07-12 01:36:49
"RM Sederhana SA, Kertajaya Indah 100",wihansen,2 Desember 2020,5.0,👍 enak porsi besar,Martabak Mesir,24 Oktober 2022,2025-07-12 01:36:49
"RM Sederhana SA, Kertajaya Indah 100",Andrianus Iwan,6 September 2017,5.0,Nasi Padang terbaik di Surabaya,Nasi Telor Dadar/ Gulai/ Balado - Nasi Perkedel - Sambal Terong Pete,23 Oktober 2022,2025-07-12 01:36:49
"RM Sederhana SA, Kertajaya Indah 100",ghazali bakhtar,27 Juni 2015,4.0,Kuah rendangnya kurang……😁 kuah lainnya dikurangi gak papa……,Nasi Rendang Daging,23 Oktober 2022,2025-07-12 01:36:49
"RM Sederhana SA, Kertajaya Indah 100",eunike,29 Juni 2015,5.0,tidak perna kecewa beli disini ..,Nasi Sayur - Sambal Goreng Jengkol - Rendang Daging,23 Oktober 2022,2025-07-12 01:36:49
"RM Sederhana SA, Kertajaya Indah 100",Ely,21 November 2017,5.0,martabaknya sangat enak. tebal dan banyak dagingnya. sayang krg kering wkt gor. msh putih.,Martabak Mesir,9 Oktober 2022,2025-07-12 01:36:49
"RM Sederhana SA, Kertajaya Indah 100",K*****,10 Maret 2018,1.0,beli nasi mahal pas dateng gaada,Lalap Daun Singkong - Sambal Hijau - Gulai Kikil - Nasi Putih - Gulai Otak,6 Oktober 2022,2025-07-12 01:36:49
"RM Sederhana SA, Kertajaya Indah 100",J*** A***,4 September 2015,2.0,Di foto kerupuk kulit ada bumbunya yang datang tidak ada,Nasi Rendang Daging - Kerupuk Kulit,2 Oktober 2022,2025-07-12 01:36:49
"RM Sederhana SA, Kertajaya Indah 100",Bu Anna,26 Juli 2018,5.0,sayang makin lama makin mahal. jadi sesekali sahaja beli.,Paket 1,24 September 2022,2025-07-12 01:36:49
"RM Sederhana SA, Kertajaya Indah 100",rudy chandra,24 Januari 2016,5.0,"good , tp pesennya sate daging, terkirim yg biasa",Nasi Ayam Goreng Panas - Sate Padang Daging 10 Tusuk,25 September 2022,2025-07-12 01:36:49
"RM Sederhana SA, Kertajaya Indah 100",rudy chandra,24 Januari 2016,5.0,good seperti biasa,Ayam Goreng Panas - Nasi Ayam Goreng/ Bakar/ Gulai - Nasi Dendeng,24 September 2022,2025-07-12 01:36:49
"RM Sederhana SA, Kertajaya Indah 100",akiong,25 Februari 2017,5.0,enak cuma agak asin,Sate Padang 10 Tusuk + Ketupat,23 September 2022,2025-07-12 01:36:49
"RM Sederhana SA, Kertajaya Indah 100",Hilmi Amroe,22 Agustus 2015,3.0,Pesan sate Padang 20 tusuk yg datang cuma 10 tusuk.,Sate Padang Daging 10 Tusuk,22 September 2022,2025-07-12 01:36:49
"RM Sederhana SA, Kertajaya Indah 100",sandra,25 April 2016,4.0,terlalu banyak merica dalam sop .daging juga kurang sedikit lembut ...,Sop Buntut,20 September 2022,2025-07-12 01:36:49
"RM Sederhana SA, Kertajaya Indah 100",Inon,7 Juli 2019,5.0,yummy dan pas rasa nya,Ayam Goreng - Nasi Ikan Tengiri (Gulai/ Asam Pedas/ Balado),18 September 2022,2025-07-12 01:36:49
"RM Sederhana SA, Kertajaya Indah 100",Astri,5 Oktober 2017,5.0,Thank you so much,Nasi Rendang Daging - Gulai Kikil - Sambal Hijau - Nasi Ayam Pop,18 September 2022,2025-07-12 01:36:49
"RM Sederhana SA, Kertajaya Indah 100",Freesia Yap,29 September 2015,5.0,Masih panas saat dikirim,Nasi Ayam Goreng/ Bakar/ Gulai,18 September 2022,2025-07-12 01:36:49
"RM Sederhana SA, Kertajaya Indah 100",E****,21 Agustus 2015,3.0,Beli ayam goreng 2 engga ada kremesannya,Ayam Goreng - Ayam Kemangi - Sambal Hijau - Nasi Sayur,11 September 2022,2025-07-12 01:36:49
"RM Sederhana SA, Kertajaya Indah 100",fitria rahmadani,19 Juni 2015,5.0,Selalu suka banget pesen di sederhana cabang kertajaya ini ❤️❤️ sederhana cabang lain ga seenak di cabang ini,Dendeng Batokok - Sambal Goreng Jengkol - Nasi Ikan Tengiri (Gulai/ Asam Pedas/ Balado) - Nasi Ayam Goreng/ Bakar/ Gulai,16 September 2022,2025-07-12 01:36:49
"RM Sederhana SA, Kertajaya Indah 100",S*** R*******,16 Juni 2015,5.0,Good Bgt Alhamdulillah 🙏,Paket 1,15 September 2022,2025-07-12 01:36:49
"RM Sederhana SA, Kertajaya Indah 100",reyhan,17 November 2019,1.0,Tololll bisa baca pisah kuah ga sih. Makanya hidup jangan cuma cari duit aja sialan kamu sederhana,Sate Padang 10 Tusuk + Ketupat,11 September 2022,2025-07-12 01:36:49
"RM Sederhana SA, Kertajaya Indah 100",K*** R****,3 September 2018,1.0,Ada kecoaaaaa. Jijikkkkkkk,Sate Padang 10 Tusuk,8 September 2022,2025-07-12 01:36:49
"RM Sederhana SA, Kertajaya Indah 100",garin adidarma,16 Desember 2015,5.0,mantap sukses selalu,Martabak Mesir,27 Agustus 2022,2025-07-12 01:36:49
"RM Sederhana SA, Kertajaya Indah 100",aguspurnama,4 Juli 2021,1.0,"makanan yg dikrm tdk sesuai pesanan. kesalahan dari pihak restoran . pesan nasi ayam gulai, cuma dikrm ayam gulai, tanpa nasi",Ayam Pop - Nasi Ayam Goreng/ Bakar/ Gulai,8 September 2022,2025-07-12 01:36:49
"RM Sederhana SA, Kertajaya Indah 100",Nur Anggraeni,17 Juli 2015,5.0,"good, bumbu berasa,  cepqt p3ngirimannya",Gulai Otak - Es Teh Manis,4 September 2022,2025-07-12 01:36:49
"RM Sederhana SA, Kertajaya Indah 100",rudy chandra,24 Januari 2016,5.0,good good good good good,Nasi Dendeng - Nasi Ayam Goreng/ Bakar/ Gulai - Nasi Ayam Goreng Panas,4 September 2022,2025-07-12 01:36:49
"RM Sederhana SA, Kertajaya Indah 100",fitri,12 Desember 2016,3.0,"rasanya ok 
hanya dendengnya agak kirang cocok sm lidah sy",Sate Padang Daging 10 Tusuk - Nasi Gulai Kikil - Dendeng Balado,31 Agustus 2022,2025-07-12 01:36:49
"RM Sederhana SA, Kertajaya Indah 100",T****,19 Juli 2017,5.0,Rasanya ga pernah gagal. Porsinya jumbo,Nasi Telor Dadar/ Gulai/ Balado - Nasi Ikan Tengiri (Gulai/ Asam Pedas/ Balado),1 September 2022,2025-07-12 01:36:49
"RM Sederhana SA, Kertajaya Indah 100",Cytra Sawhitri,4 Juli 2017,3.0,"sayurnya enak, ayam popnya terlalu asin",Ayam Pop - Sayur Daun Singkong,1 September 2022,2025-07-12 01:36:49
"RM Sederhana SA, Kertajaya Indah 100",yovita,10 Januari 2016,3.0,paru tidak dikasih,Nasi Gulai Otak - Nasi Paru - Rendang Daging,1 September 2022,2025-07-12 01:36:49
"RM Sederhana SA, Kertajaya Indah 100",ainur setiawati,23 Juli 2019,5.0,Porsi nya sedikit sekali dan kemasan pake plastik kurang rapi,Sambal Goreng Jengkol - Gulai Kikil - Sayur Daun Singkong,21 Agustus 2022,2025-07-12 01:36:49
"RM Sederhana SA, Kertajaya Indah 100",fajar budi,28 Desember 2016,5.0,ya mantap ini memang,Gulai Babat/ Usus Isi - Martabak Mesir,19 Agustus 2022,2025-07-12 01:36:49
"RM Sederhana SA, Kertajaya Indah 100",TantoB,27 Oktober 2018,3.0,tlng dicek sblm dianter,Perkedel - Nasi Ayam Pop - Nasi Gulai Kikil,22 Agustus 2022,2025-07-12 01:36:49
"RM Sederhana SA, Kertajaya Indah 100",Rafa,16 Oktober 2021,5.0,"juara rasanya, porsi mantap",Nasi Ayam Goreng/ Bakar/ Gulai - Sambal Hijau,20 Agustus 2022,2025-07-12 01:36:49
"RM Sederhana SA, Kertajaya Indah 100",D**** L********,27 Juli 2015,2.0,Buncis termahal yg prh kumakan 16.000 cuma dpt 2 suap sendok. Sesuap buncis 8000 cui. Telur dadar 16.000 dpt sepitong kecilll. Kebangetan porsinya. Ayamnya kasian banget kecilll kurusss. Nyesel pesan,Telor Dadar - Sayur Buncis - Sayur Pakis - Sambal Hijau - Sambal Terong Pete - Sayur Daun Singkong - Ayam Kemangi,18 Agustus 2022,2025-07-12 01:36:49
"RM Sederhana SA, Kertajaya Indah 100",E***,22 September 2015,5.0,potongan ayam gorengnya lucuuu..kayak gak niat..,Sayur Nangka - Ayam Pop - Nasi Ayam Goreng/ Bakar/ Gulai,15 Agustus 2022,2025-07-12 01:36:49
"RM Sederhana SA, Kertajaya Indah 100",F***,11 September 2016,1.0,Tidak ada chat dari resto tapi langsung main ganti aja,Ayam Bakar - Sambal Hijau - Ayam Gulai,15 Agustus 2022,2025-07-12 01:36:49
"RM Sederhana SA, Kertajaya Indah 100",Heru,19 September 2015,4.0,"notes sama sekali tidak diperhatikan, pesan ayam paha dikasih dada.",Nasi Putih - Ayam Gulai - Es Teh Tawar,15 Agustus 2022,2025-07-12 01:36:49
"RM Sederhana SA, Kertajaya Indah 100",janter,17 September 2015,5.0,nihonggo mantappyu,Nasi Rendang Daging,9 Agustus 2022,2025-07-12 01:36:49
"RM Sederhana SA, Kertajaya Indah 100",R********,6 April 2018,4.0,rasa makanannya kali ini lebih asin dibandingkan biasanya,Gulai Kikil - Ayam Pop - Nasi Sayur,10 Agustus 2022,2025-07-12 01:36:49
"RM Sederhana SA, Kertajaya Indah 100",V***,24 Mei 2018,4.0,"Sate padang nya kurang enak, agak asin",Sate Padang Daging 10 Tusuk - Nasi Sayur - Ikan Tengiri Goreng - Dendeng Batokok - Rendang Daging - Telor Dadar - Gulai Kikil,24 Juli 2022,2025-07-12 01:36:49
"RM Sederhana SA, Kertajaya Indah 100",TantoB,27 Oktober 2018,4.0,makanan update terus agar orang yg  pesen ada di gofood ternyata habis,Ayam Goreng Panas - Sayur Daun Singkong - Ayam Pop - Gulai Cincang - Nasi Ikan Kembung Bakar,18 Juli 2022,2025-07-12 01:36:49
"RM Sederhana SA, Kertajaya Indah 100",K*****,1 September 2015,5.0,"Enak sekali, tapi sayang ayamnya kurang gizi (keciil puoll)",Nasi Ayam Goreng/ Bakar/ Gulai - Telor Dadar,17 Juli 2022,2025-07-12 01:36:49
"RM Sederhana SA, Kertajaya Indah 100",E*** L***,22 September 2016,5.0,nasi padang memang seleraku 😁,Nasi Ayam Goreng/ Bakar/ Gulai,14 Juli 2022,2025-07-12 01:36:49
"RM Sederhana SA, Kertajaya Indah 100",yusuf,24 Desember 2018,5.0,nasi padang yang bumbunya mantabb gak ada yg ngalahin.,Rendang Daging - Nasi Gulai Kikil,15 Juli 2022,2025-07-12 01:36:49
"RM Sederhana SA, Kertajaya Indah 100",Astri,5 Oktober 2017,5.0,Terima kasih banyak,Sambal Hijau - Nasi Rendang Daging - Telor Dadar,29 Juni 2022,2025-07-12 01:36:49
"RM Sederhana SA, Kertajaya Indah 100",athiya,6 Desember 2015,5.0,sabana lamak bana sadonyo,Dendeng Batokok - Nasi Gulai Kikil - Nasi Ikan Tengiri (Gulai/ Asam Pedas/ Balado),11 Juli 2022,2025-07-12 01:36:49
"RM Sederhana SA, Kertajaya Indah 100",mavindra,13 Agustus 2015,5.0,Alhamdulillah enak dan nikmat,Nasi Gulai Kikil,8 Juli 2022,2025-07-12 01:36:49
"RM Sederhana SA, Kertajaya Indah 100",N. Chandra,12 Juni 2017,4.0,Bumbu masih mantap,Nasi Rendang Daging,4 Juli 2022,2025-07-12 01:36:49
"RM Sederhana SA, Kertajaya Indah 100",M*******,5 Oktober 2019,5.0,makanan/masakannya tersa enak banget,Nasi Paru,25 Juni 2022,2025-07-12 01:36:49
"RM Sederhana SA, Kertajaya Indah 100",B***,31 Agustus 2015,3.0,"Porsinya kecil sekalii, ayam kecil bgt",Ikan Kembung Bakar - Rendang Daging - Ayam Pop - Ayam Goreng - Telor Dadar,21 Juni 2022,2025-07-12 01:36:49
"RM Sederhana SA, Kertajaya Indah 100",Anggun W. Prawironegoro,1 Januari 2018,5.0,Gilaaa gedheee bgtt isinyaa🤣🤣🤣 puasssssss,Nasi Gulai Cincang,18 Juni 2022,2025-07-12 01:36:49
"RM Sederhana SA, Kertajaya Indah 100",J****** I***,28 September 2015,5.0,"porsi pas, harga murah, dan berkualitas. terima kasih promo!!",Nasi Perkedel,16 Juni 2022,2025-07-12 01:36:49
"RM Sederhana SA, Kertajaya Indah 100",rudy chandra,24 Januari 2016,5.0,uenak rasanya mantap porsinya akeh...,Nasi Ayam Goreng/ Bakar/ Gulai - Nasi Dendeng - Ayam Goreng Panas,18 Juni 2022,2025-07-12 01:36:49
"RM Sederhana SA, Kertajaya Indah 100",sari,7 Mei 2016,5.0,Selalu mantaappp🙏,Nasi Telor Dadar/ Gulai/ Balado - Nasi Ayam Goreng/ Bakar/ Gulai,17 Juni 2022,2025-07-12 01:36:49
"RM Sederhana SA, Kertajaya Indah 100",D*****,31 Juli 2015,1.0,"saya minta kuah gule polos untuk krupuk kulit tidak di kasih.
di suruh makan keringan ya seret.",Kerupuk Kulit - Rendang Daging - Telor Dadar - Nasi Dendeng,15 Juni 2022,2025-07-12 01:36:49
"RM Sederhana SA, Kertajaya Indah 100",fitria rahmadani,19 Juni 2015,5.0,"Selalu PUAS kalo pesen di cabang yg ini, kalo cabang sederhana yg lain agak mengecewakan",Sambal Goreng Jengkol - Nasi Rendang Daging,14 Juni 2022,2025-07-12 01:36:49
"RM Sederhana SA, Kertajaya Indah 100",Raphael Adray,23 Februari 2019,5.0,"Minta dada ... dikasih paha ...
Nggak apa-apa ... yang penting mak nyussss",Nasi Ayam Kemangi - Martabak Mesir,13 Juni 2022,2025-07-12 01:36:49
"RM Sederhana SA, Kertajaya Indah 100",zein,1 November 2016,5.0,joooooossss mantaap,Sayur Daun Singkong - Ayam Gulai - Gulai Kikil - Rendang Daging,28 April 2022,2025-07-12 01:36:49
"RM Sederhana SA, Kertajaya Indah 100",herlina,26 Agustus 2015,1.0,beli ayam pop tidak dikasih kuah,Ayam Pop,11 Juni 2022,2025-07-12 01:36:49
"RM Sederhana SA, Kertajaya Indah 100",Wenny,8 November 2015,4.0,tlg d tingkatkan lg rs nya bumbunya cemplang rada an...tq,Nasi Telor Dadar/ Gulai/ Balado,6 Juni 2022,2025-07-12 01:36:49
"RM Sederhana SA, Kertajaya Indah 100",V**** A*******,14 Maret 2017,1.0,Uda ditulis dicapslock ayam goreng panas yg dikirim ayam gulai,Paket 2,5 Juni 2022,2025-07-12 01:36:49
"RM Sederhana SA, Kertajaya Indah 100",B* H***,23 Februari 2020,5.0,"good job 👍🏻 terimakasih
sehat selalu 😇 barakallah 😇
note: telor dadarnya tumben kecil biasanya kan lega ukuran nya 🤭
rendang ukuran jg kecil
1 empuk 1 nya keras sekali 😁",Nasi Rendang Daging - Nasi Telor Dadar/ Gulai/ Balado,4 Juni 2022,2025-07-12 01:36:49
"RM Sederhana SA, Kertajaya Indah 100",Iwan Priadi Tanjung,24 Desember 2018,5.0,"mantap sangat, kirim dan pelayana cepat sampai",Gulai Otak - Sambal Hijau - Sambal Terong Pete - Gulai Babat/ Usus Isi - Ayam Goreng Panas - Gulai Ati / Limpa,3 Juni 2022,2025-07-12 01:36:49
"RM Sederhana SA, Kertajaya Indah 100",C******** A**,23 Juni 2015,1.0,"Pesan nasi ayam pop, yang datang cuma nasi sama sayur dan kuah saja",Sambal Goreng Jengkol - Nasi Ayam Pop - Jus Alpokat - Ayam Goreng Panas - Ayam Pop,29 Mei 2022,2025-07-12 01:36:49
"RM Sederhana SA, Kertajaya Indah 100",NADIA AULINA,29 Juni 2016,4.0,daging nya nggak banyak,Martabak Mesir - Sate Padang 10 Tusuk,26 Mei 2022,2025-07-12 01:36:49
"RM Sederhana SA, Kertajaya Indah 100",Roymond Arvian,15 Agustus 2015,5.0,Mantap pol. Cuma porsinya mesti ditambah. Terima kasih.,Nasi Udang Balado,29 Mei 2022,2025-07-12 01:36:49
"RM Sederhana SA, Kertajaya Indah 100",A***,20 September 2015,2.0,"martabak nya kurang matang. 
Daging rendang sblm dimasak kurang segar, terasa meski sdh di masak.
agar lebih fokus dan teliti jaga mutu.",Martabak Mesir - Nasi Rendang Daging,28 Mei 2022,2025-07-12 01:36:49
"RM Sederhana SA, Kertajaya Indah 100",Aldo,10 Februari 2016,5.0,Rasa enak dan porsi pas,Nasi Telor Dadar/ Gulai/ Balado - Rendang Daging - Perkedel,26 Mei 2022,2025-07-12 01:36:49
"RM Sederhana SA, Kertajaya Indah 100",Ratna,27 Juni 2021,5.0,penawar rindu disaat kangen kampung...,Sate Padang Daging 10 Tusuk,24 Mei 2022,2025-07-12 01:36:49
"RM Sederhana SA, Kertajaya Indah 100",Syamsul Bahri,5 Desember 2016,5.0,tdk ada artenative walaupun agak mahal ya terpaksa beli.,Gulai Otak,21 Mei 2022,2025-07-12 01:36:49
"RM Sederhana SA, Kertajaya Indah 100",Roymond Arvian,15 Agustus 2015,5.0,"Rasa udah ga perlu diragukan lagi, tapi harganya semakin lama bikin meragukan. Mahal pake banget, cuy. Seharusnya sebanding dengan porsinya. Untuk kedepannya lebih dijaga kuantitas dan kualitasnya. Terima kasih",Nasi Rendang Daging - Sambal Goreng Udang,21 Mei 2022,2025-07-12 01:36:49
"RM Sederhana SA, Kertajaya Indah 100",Mitta,6 Oktober 2015,5.0,"enak, cuman kurang nendang dikiiit kak",Nasi Gulai Kikil - Nasi Rendang Daging - Nasi Ayam Pop,17 Mei 2022,2025-07-12 01:36:49
"RM Sederhana SA, Kertajaya Indah 100",budhy harianto,18 Oktober 2021,3.0,"nasi-nya ada batu cukup besar
untung nggak patah gigi saya",Nasi Dendeng,16 Mei 2022,2025-07-12 01:36:49
"RM Sederhana SA, Kertajaya Indah 100",nova ria,6 Desember 2020,5.0,"enak,baru kali ini order di resto ini tapi udah buat kesan yang baik bangeettt.",Nasi Rendang Daging,15 Mei 2022,2025-07-12 01:36:49
"RM Sederhana SA, Kertajaya Indah 100",A*** B*,21 Februari 2019,4.0,catatan saat order kliatannya ndk dibaca..misal sambel dipisah.. tapi tnyta dicampur... rasa oke,Nasi Ayam Pop - Nasi Telor Dadar/ Gulai/ Balado,15 Mei 2022,2025-07-12 01:36:49
"RM Sederhana SA, Kertajaya Indah 100",Y*** T** W***,26 April 2017,5.0,nasi padang nya enak. bumbu nya mantap,Nasi Telor Dadar/ Gulai/ Balado,11 Mei 2022,2025-07-12 01:36:49
"RM Sederhana SA, Kertajaya Indah 100",NADIA AULINA,29 Juni 2016,5.0,kurang bnyk hehehe,Martabak Mesir,8 Mei 2022,2025-07-12 01:36:49
"RM Sederhana SA, Kertajaya Indah 100",Syamsul Bahri,5 Desember 2016,5.0,"harga semua naik, tapu pendapatan tetap. mungkin komisi gojeck yg dikurangi utk membantu keuangan konsumen.",Gulai Otak,7 Mei 2022,2025-07-12 01:36:49
"RM Sederhana SA, Kertajaya Indah 100",friska damara,18 September 2016,5.0,selalu pesan lagi es campur/es telernya mantap,Es Campur,28 April 2022,2025-07-12 01:36:49
"RM Sederhana SA, Kertajaya Indah 100",Arman,27 Juni 2016,5.0,"rasanya mantap, minyak nya juga ga terlalu banyak.",Martabak Mesir,26 April 2022,2025-07-12 01:36:49
"RM Sederhana SA, Kertajaya Indah 100",Ronny,25 Juli 2016,5.0,Enak rendang dan sayur nangkanya,Nasi Rendang Daging - Ayam Goreng - Dendeng Batokok,23 April 2022,2025-07-12 01:36:49
"RM Sederhana SA, Kertajaya Indah 100",Anita,2 Juli 2016,1.0,order saya salah,Gulai Telor Ikan - Paket 5,22 April 2022,2025-07-12 01:36:49
"RM Sederhana SA, Kertajaya Indah 100",yusnita,19 Mei 2016,4.0,dendeng baladonya asin,Sambal Goreng Jengkol - Nasi Putih - Ayam Pop - Lalap Daun Singkong - Sambal Hijau - Dendeng Batokok - Sambal Goreng Ati - Ikan Tengiri Goreng,18 April 2022,2025-07-12 01:36:49
"RM Sederhana SA, Kertajaya Indah 100",NADIA AULINA,29 Juni 2016,5.0,"dagingnya tambahin ,harganya mahal banget",Martabak Mesir - Sambal Hijau - Sayur Nangka,17 April 2022,2025-07-12 01:36:49
"RM Sederhana SA, Kertajaya Indah 100",Muhammad said harisuddin,21 Juli 2015,5.0,Porsi kurang dan nasi gak bisa dipisah,Ayam Pop - Gulai Telor Ikan - Nasi Sayur - Ayam Gulai,13 April 2022,2025-07-12 01:36:49
"RM Sederhana SA, Kertajaya Indah 100",Muhammad Arief Hidayat,3 Oktober 2016,1.0,"pesan sayur nangka, di kirim sayur Kubis. parahhh",Gulai Otak - Sayur Nangka - Gulai Kikil - Rendang Daging,13 April 2022,2025-07-12 01:36:49
"RM Sederhana SA, Kertajaya Indah 100",garin adidarma,16 Desember 2015,5.0,mantap sukses selalu,Martabak Mesir,7 April 2022,2025-07-12 01:36:49
"RM Sederhana SA, Kertajaya Indah 100",A*******,7 September 2015,2.0,"Nasi nggak matang, tambahan nasi putih dan sambel ijo tidak ada. Tiwas mbayar",Ayam Goreng Panas - Sambal Hijau - Sambal Terong Pete - Perkedel - Telor Gulai / Balado - Nasi Putih - Nasi Ayam Goreng/ Bakar/ Gulai,10 April 2022,2025-07-12 01:36:49
"RM Sederhana SA, Kertajaya Indah 100",F***** A*****,23 Februari 2015,5.0,Mass minta no wa nyaa yaaa ************,Nasi Dendeng,10 April 2022,2025-07-12 01:36:49
"RM Sederhana SA, Kertajaya Indah 100",Faradilla,14 Agustus 2015,5.0,Tapi order kali ini kolak dan jus alpukatnya tumpah.. 😭😭😭,Sambal Kentang Telur Puyuh - Sayur Daun Singkong - Ayam Gulai - Jus Alpokat - Kolak,8 April 2022,2025-07-12 01:36:49
"RM Sederhana SA, Kertajaya Indah 100",tasya,24 Juni 2019,5.0,"dikasih gratis minuman, thanks a lot🤩",Ayam Pop - Nasi Sayur - Ayam Gulai,5 April 2022,2025-07-12 01:36:49
"RM Sederhana SA, Kertajaya Indah 100",shendy arie,1 Oktober 2015,5.0,"enak bgt, kremesannya jg dkasi byk",Nasi Ayam Goreng Panas,31 Maret 2022,2025-07-12 01:36:49
"RM Sederhana SA, Kertajaya Indah 100",dwi saputra,31 Maret 2022,5.0,"enaakk bangeet meski lauknya telor dadar,  tooopp dehhh,,",Nasi Telor Dadar/ Gulai/ Balado,31 Maret 2022,2025-07-12 01:36:49
"RM Sederhana SA, Kertajaya Indah 100",A*** Y****,9 Juli 2018,5.0,iya makasih chef,Sop Buntut - Sambal Hijau - Gulai Kikil - Aneka Buah Potong,29 Maret 2022,2025-07-12 01:36:49
"RM Sederhana SA, Kertajaya Indah 100",ketam,8 Agustus 2015,4.0,terlalu pedas untuk sate padang,Nasi Gulai Otak - Sate Padang 10 Tusuk,25 Maret 2022,2025-07-12 01:36:49
"RM Sederhana SA, Kertajaya Indah 100",Lyberta Ar Raniri,11 Desember 2017,5.0,"Enak, porsi banyak, cepet pengirimannya",Nasi Ayam Pop,21 Maret 2022,2025-07-12 01:36:49
"RM Sederhana SA, Kertajaya Indah 100",Lili Uniarti,28 November 2018,5.0,"tapi sayang tidak ada kupat nya padahal di foto menu ada ketupat nya
yg gak ada kupat sate daging",Sate Padang,17 Maret 2022,2025-07-12 01:36:49
"RM Sederhana SA, Kertajaya Indah 100",fadhila shafa,29 Agustus 2016,3.0,"sebenernya enak, cuma saus ayam popnya kok ga ada:(",Nasi Ayam Pop,14 Maret 2022,2025-07-12 01:36:49
"RM Sederhana SA, Kertajaya Indah 100",nadya putri,2 Januari 2018,3.0,"kecewa, baru kali ini ga dikasih sambel ijo🥺",Nasi Gulai Otak,11 Maret 2022,2025-07-12 01:36:49
"RM Sederhana SA, Kertajaya Indah 100",N**,26 Agustus 2015,3.0,Ada rambutnya di sambel ijo nya,Nasi Perkedel,9 Maret 2022,2025-07-12 01:36:49
"RM Sederhana SA, Kertajaya Indah 100",Syamsul Bahri,5 Desember 2016,5.0,harga bila melalui go food bisa lebih mahal 15 sd 25 bila dipesan langsung ke Sederhana. Mungkin margin utk gojek bisa dievaluasi lagi. tkasih,Gulai Otak - Ayam Goreng,7 Maret 2022,2025-07-12 01:36:49
"RM Sederhana SA, Kertajaya Indah 100",Fran Irawan,17 Juni 2018,5.0,Pertahankan dg masakan yg sedap.,Nasi Sayur,5 Maret 2022,2025-07-12 01:36:49
"RM Sederhana SA, Kertajaya Indah 100",Dien,10 September 2015,5.0,"nasi keras, seperti kurang matang",Gulai Kikil - Gulai Otak - Nasi Sayur,3 Maret 2022,2025-07-12 01:36:49
"RM Sederhana SA, Kertajaya Indah 100",Juliadi,26 Juni 2015,3.0,"pesan sayur dan sambal dipisah ko malah di satukan dgn nasinya...alhasil 1 bungkus tdk termakan, lain kali notes nya di perhatikan",Soto Padang - Nasi Ayam Goreng/ Bakar/ Gulai - Nasi Telor Dadar/ Gulai/ Balado - Nasi Putih,1 Maret 2022,2025-07-12 01:36:49
"RM Sederhana SA, Kertajaya Indah 100",F***** W*****,10 Mei 2017,1.0,gak sesuai yg di menu,Sambal Terong Pete - Nasi Putih,2 Maret 2022,2025-07-12 01:36:49
"RM Sederhana SA, Kertajaya Indah 100",Adhi,8 November 2020,4.0,pesenannya tidak sesuai. diminta tidak pake sambel lombok ijo. tetap saja dimasukkan sambel lombok ijonya.,Nasi Gulai Ati / Limpa,26 Februari 2022,2025-07-12 01:36:49
"RM Sederhana SA, Kertajaya Indah 100",Mokhammad Dimas Rifaldi,29 Januari 2021,1.0,nasi e jemek.. gak mateng,Nasi Sayur - Gulai Kikil - Ayam Goreng,25 Februari 2022,2025-07-12 01:36:49
"RM Sederhana SA, Kertajaya Indah 100",nunuk,11 November 2016,3.0,"daging rendangnya keras,nasi masih agak mentah",Nasi Rendang Daging,25 Februari 2022,2025-07-12 01:36:49
"RM Sederhana SA, Kertajaya Indah 100",A****,20 September 2016,5.0,Selalu enak 👍🏻👍🏻👍🏻,Paru - Nasi Ayam Goreng/ Bakar/ Gulai - Nasi Gulai Cumi,25 Februari 2022,2025-07-12 01:36:49
"RM Sederhana SA, Kertajaya Indah 100",Rendra,24 Desember 2016,5.0,Kereeenn?!! Ga salah selalu jadi rumah makan favorit,Nasi Sayur - Ikan Tengiri Gulai - Ayam Bakar,23 Februari 2022,2025-07-12 01:36:49
"RM Sederhana SA, Kertajaya Indah 100",ratna Wahyu,7 Desember 2018,5.0,enak masakannya dan 1 porsi bisa buat 2-3 orang,Gulai Otak - Nasi Telor Dadar/ Gulai/ Balado,23 Februari 2022,2025-07-12 01:36:49
"RM Sederhana SA, Kertajaya Indah 100",Muhammad Dzilal,6 Juni 2018,5.0,ga ada duanya! mantep parah gilak!,Nasi Ayam Goreng/ Bakar/ Gulai,17 Februari 2022,2025-07-12 01:36:49
"RM Sederhana SA, Kertajaya Indah 100",ninin,5 Mei 2018,5.0,makanan sdh basi alias kadaluarsa tidak fresh sepertinya sisa kemarinnya,Nasi Putih - Rendang Daging - Ayam Gulai,19 Februari 2022,2025-07-12 01:36:49
"RM Sederhana SA, Kertajaya Indah 100",S****,25 Maret 2019,4.0,kikilnya tolong diempukkan lg,Nasi Gulai Kikil,6 Februari 2022,2025-07-12 01:36:49
"RM Sederhana SA, Kertajaya Indah 100",L**** R***** S*******,1 Juni 2017,5.0,Tolong lain kali di kasi cable ties dong... biar lebih hygienis,Sayur Daun Singkong - Ayam Pop - Ayam Goreng Panas - Sambal Hijau - Sayur Nangka - Paru - Rendang Daging,14 Februari 2022,2025-07-12 01:36:49
"RM Sederhana SA, Kertajaya Indah 100",agus wijayanto,16 Juni 2016,3.0,"Tumben keasinan, dan daging alot.. tdk seperti biasa",Sate Padang Daging - Ketupat - Nasi Sayur,11 Februari 2022,2025-07-12 01:36:49
"RM Sederhana SA, Kertajaya Indah 100",Adhi,8 November 2020,4.0,masak ikannya ga seperti biasanya. rodho bau amis. Rasanya juga kurang pas seperti bumbu biasanya.,Nasi Ikan Kembung Bakar,10 Februari 2022,2025-07-12 01:36:49
"RM Sederhana SA, Kertajaya Indah 100",I**** P**********,21 Juli 2020,4.0,"Kikilnya enak, telornya kurang enak",Nasi Gulai Kikil - Telor Dadar,27 Januari 2022,2025-07-12 01:36:49
"RM Sederhana SA, Kertajaya Indah 100",N**,8 September 2015,4.0,Enak sih tapi kok gak ada lontongnya ya ?! Biasanya sate padang itu includ lontong,Sate Padang,10 Februari 2022,2025-07-12 01:36:49
"RM Sederhana SA, Kertajaya Indah 100",fatih,15 September 2021,5.0,rendangnya mantabbbb.  the best.   .bs jadiin langganan.. sate padangnya enakkk cuman agak asin dikit tp untung saya suka asin...klo kurangi sedikit asinnya pastj tambah mantabb,Sate Padang Daging - Rendang Daging,9 Februari 2022,2025-07-12 01:36:49
"RM Sederhana SA, Kertajaya Indah 100",Roymond Arvian,15 Agustus 2015,5.0,"Jujur aja mahal, tapi memang rasa ga pernah bohong. Selalu mantap dan konsisten.",Nasi Gulai Kikil - Dendeng Balado,9 Februari 2022,2025-07-12 01:36:49
"RM Sederhana SA, Kertajaya Indah 100",rossy,22 Oktober 2015,5.0,rich flavour ... best nasi padang,Nasi Ayam Goreng Panas - Nasi Gulai Telor Ikan,5 Februari 2022,2025-07-12 01:36:49
"RM Sederhana SA, Kertajaya Indah 100",dessy dania,10 Juni 2015,5.0,"teh telornya kurang smooth, tapi tetep enak",Teh Telor - Nasi Ayam Pop - Nasi Ayam Goreng/ Bakar/ Gulai,4 Februari 2022,2025-07-12 01:36:49
"RM Sederhana SA, Kertajaya Indah 100",alib,7 Desember 2015,5.0,enakkkkkkk.,Nasi Rendang Daging - Nasi Ayam Goreng/ Bakar/ Gulai,31 Januari 2022,2025-07-12 01:36:49
"RM Sederhana SA, Kertajaya Indah 100",Edgar Pramudya,12 November 2017,3.0,rasanya asin:(((,Nasi Ayam Goreng/ Bakar/ Gulai - Sate Padang,5 Februari 2022,2025-07-12 01:36:49
"RM Sederhana SA, Kertajaya Indah 100",reni hariaswati,16 Juli 2019,1.0,rasa bumbu kurang mantap,Sayur Nangka - Lalap Daun Singkong - Sambal Hijau - Ayam Goreng Panas - Gulai Kikil - Gulai Telor Ikan,4 Februari 2022,2025-07-12 01:36:49
"RM Sederhana SA, Kertajaya Indah 100",Y***,17 September 2015,5.0,The best! Padang paling enak di surabaya.,Ayam Pop - Telor Dadar - Nasi Perkedel,2 Februari 2022,2025-07-12 01:36:49
"RM Sederhana SA, Kertajaya Indah 100",T****,24 Oktober 2015,5.0,ga pernah ngecewain,Nasi Gulai Ati / Limpa,2 Februari 2022,2025-07-12 01:36:49
"RM Sederhana SA, Kertajaya Indah 100",hartoni,1 Oktober 2020,1.0,selalu tidak di kasih ketupanya kalau pesan sate.. menjengkelkan..,Sate Padang,1 Februari 2022,2025-07-12 01:36:49
"RM Sederhana SA, Kertajaya Indah 100",Prita,20 Februari 2017,3.0,rasa makanannya si ga usah diragukan.. ennak..   tp kurang teliti dalam membaca note. saya pesen bumbu sate dipisah.. ini malah di campur.. soalnya buat anak kecil.. yg kl pake bumbu kepedesan...,Sate Padang Daging - Ayam Pop - Nasi Paru - Nasi Telor Dadar/ Gulai/ Balado - Nasi Dendeng - Sayur Pakis,1 Februari 2022,2025-07-12 01:36:49
"RM Sederhana SA, Kertajaya Indah 100",N*****,5 Desember 2015,4.0,beli nasi bungkus tapi sambalnya ngga ada🥲🥲🥲,Nasi Perkedel - Es Teh Tawar,31 Januari 2022,2025-07-12 01:36:49
"RM Sederhana SA, Kertajaya Indah 100",ratna Wahyu,7 Desember 2018,5.0,"Enak banget, puas sama porsi dan rasanya. mantab",Gulai Otak - Nasi Gulai Kikil,30 Januari 2022,2025-07-12 01:36:49
"RM Sederhana SA, Kertajaya Indah 100",HADI SUSILO,14 Oktober 2017,1.0,saya baru saya pesan  nasi ayam gr panas dan saya pesan juga tambahan ayam gr panas nya tapi sudah dihitung / dibayar via gopay  Ayam goreng panas nya GAK ADA. ! gimana kerja nya ini sederhana SA kertajaya ? dan saya sangat sangat dirugikan,Ayam Goreng Panas - Nasi Ayam Goreng Panas,30 Januari 2022,2025-07-12 01:36:49
"RM Sederhana SA, Kertajaya Indah 100",W*******,18 Desember 2017,5.0,semur jengkolnya sangat menggoda banget top,Sambal Teri Pete - Sambal Goreng Jengkol - Ayam Kemangi - Gulai Cumi - Jus Belimbing,23 Desember 2021,2025-07-12 01:36:49
"RM Sederhana SA, Kertajaya Indah 100",nyonya deso,7 Februari 2021,5.0,rasa gak usa diragukan lagi pokoknya mantap,Nasi Sayur - Sambal Hijau - Ikan Tengiri Gulai,26 Januari 2022,2025-07-12 01:36:49
"RM Sederhana SA, Kertajaya Indah 100",Alvin,6 September 2015,5.0,definitely one of the best in town! #manganwenak,Sate Padang - Nasi Telor Dadar/ Gulai/ Balado - Perkedel,24 Januari 2022,2025-07-12 01:36:49
"RM Sederhana SA, Kertajaya Indah 100",E***** T*******,5 Agustus 2015,5.0,enakk.. langganan nih.. telur ikan nya enakk.. ayam kemangi juga enakk.. mantapp.. SA sini lebih mantul..,Nasi Gulai Telor Ikan - Ayam Kemangi,22 Januari 2022,2025-07-12 01:36:49
"RM Sederhana SA, Kertajaya Indah 100",Dela,15 Agustus 2016,3.0,parunya keras sekaligus melempem  tidak sebanding harga :( petenya sedikit tp enak,Roti Cane - Sambal Terong Pete - Paru - Paket 2,22 Januari 2022,2025-07-12 01:36:49
"RM Sederhana SA, Kertajaya Indah 100",sugiyanto,5 Oktober 2018,2.0,pesan ayam goreng di kasih gulai ...... hadah,Nasi Ayam Goreng/ Bakar/ Gulai,22 Januari 2022,2025-07-12 01:36:49
"RM Sederhana SA, Kertajaya Indah 100",sari pratidina,29 November 2015,1.0,"Semua menu yg sy beli rasanya asin buangeett, dan porsinya sedikit. Saran sy, jangan pelit² dong ...",Sambal Hijau - Sayur Nangka - Telor Dadar - Gulai Kikil - Paru,22 Januari 2022,2025-07-12 01:36:49
"RM Sederhana SA, Kertajaya Indah 100",E*** K*,8 Maret 2016,5.0,pesan nasi rendang dan nasi ayam gulai sudah dapat lengkap dengan sayur + sambal hijaunya. racikan bumbunya mantap kaleeeee.. 👍👍,Nasi Ayam Goreng/ Bakar/ Gulai - Nasi Rendang Daging,19 Januari 2022,2025-07-12 01:36:49
"RM Sederhana SA, Kertajaya Indah 100",A**** S,13 Agustus 2015,5.0,"Rasa wenak, porsi akeh kayak kuli",Nasi Sayur - Ayam Gulai,24 Desember 2021,2025-07-12 01:36:49
"RM Sederhana SA, Kertajaya Indah 100",A***,8 November 2020,4.0,gulai nya ga bagus dikasi lombok rawit. Jadi hilang rasa Padang aslinya. Tks,Nasi Gulai Otak,10 Januari 2022,2025-07-12 01:36:49
"RM Sederhana SA, Kertajaya Indah 100",E*** V*******,30 Juni 2016,5.0,Yes Everything is delicious,Ayam Pop - Nasi Sayur - Sambal Goreng Udang - Sambal Terong Pete,8 Januari 2022,2025-07-12 01:36:49
"RM Sederhana SA, Kertajaya Indah 100",alib,7 Desember 2015,5.0,enak seperti biasanya,Nasi Telor Dadar/ Gulai/ Balado - Ayam Gulai,4 Januari 2022,2025-07-12 01:36:49
"RM Sederhana SA, Kertajaya Indah 100",A***,10 Februari 2016,4.0,"Ada menu yg salah, harusnya ayam pop saya minta dada malah dikasih paha",Nasi Telor Dadar/ Gulai/ Balado - Perkedel - Ikan Tengiri Gulai - Ayam Pop,3 Januari 2022,2025-07-12 01:36:49
"RM Sederhana SA, Kertajaya Indah 100",doddy,2 September 2015,1.0,mohon diperhatikan lebih teliti lg ordernya spt apa. sy order tanpa sayur nangka malah dikasih nangka semua + sayur. alhasil ngga dimakan semua ini 3 bungkus krn alergi sama sayuran tsb. kecewa bgt.,Nasi Rendang Daging - Ayam Pop,31 Desember 2021,2025-07-12 01:36:49
"RM Sederhana SA, Kertajaya Indah 100",Ridwan Gubeng,5 Oktober 2019,5.0,semoga tetap terjaga kwalitas serta kwantitas nya,Nasi Telor Dadar/ Gulai/ Balado,27 Desember 2021,2025-07-12 01:36:49
"RM Sederhana SA, Kertajaya Indah 100",J**** K*********,24 Februari 2019,5.0,porsimya garai wareg,Telor Dadar - Nasi Gulai Cumi - Teh Susu,22 Desember 2021,2025-07-12 01:36:49
"RM Sederhana SA, Kertajaya Indah 100",K****** D***,2 September 2019,1.0,"minta sayur& lauknya dipisahkan ga boleh,yg boleh cm kuahnya saja,apa bedanya hahahaha...tetap nasinya tersiram kena kuah perjalanan jauh yg diantar gojek, sampai ditanganku Uda kembung tuh nasi,jadi ga enak blass LG..di restoran Padang kecil malahan ayam&sayur(kuah santan) dipisahkan sendiri sendiri,jauh LBH pinter Padang resto kecil&dr pd resto besar sederhana SA krg pinter..kecewa beli disini",Nasi Ayam Goreng/ Bakar/ Gulai,1 November 2021,2025-07-12 01:36:49
"RM Sederhana SA, Kertajaya Indah 100",rudy chandra,24 Januari 2016,5.0,good rasanya nikmat konsisten,Ayam Goreng Panas - Nasi Ayam Goreng/ Bakar/ Gulai - Dendeng Batokok,18 Desember 2021,2025-07-12 01:36:49
"RM Sederhana SA, Kertajaya Indah 100",dilla,26 Juni 2015,4.0,dagingnya keras,Sate Padang Daging - Ketupat,16 Desember 2021,2025-07-12 01:36:49
"RM Sederhana SA, Kertajaya Indah 100",A***,7 Desember 2015,5.0,"enak ini, diskon lagi",Sambal Goreng Ati - Nasi Telor Dadar/ Gulai/ Balado,30 November 2021,2025-07-12 01:36:49
"RM Sederhana SA, Kertajaya Indah 100",S*****,18 Desember 2018,5.0,mantap  rasanya,Sayur Nangka - Sayur Pakis - Dendeng Balado - Rendang Daging,2 Desember 2021,2025-07-12 01:36:49
"RM Sederhana SA, Kertajaya Indah 100",rini,9 Maret 2017,1.0,"keterlaluan sya pesan
 nasi rendang tapi ga ada sama sekali daging rendnagnya hanya dikasi bumbu . ga mungkin tukang ambilnya ga sadar",Nasi Rendang Daging - Telor Dadar,27 November 2021,2025-07-12 01:36:49
"RM Sederhana SA, Kertajaya Indah 100",H******,30 April 2016,5.0,Porsinya irit. Ditimbang tidak sampai 1kg. Untung promo gofood 😌,Rendang Daging /Kg - Ayam Goreng - Ayam Bakar,27 November 2021,2025-07-12 01:36:49
"RM Sederhana SA, Kertajaya Indah 100",T**** H**,25 Desember 2017,2.0,"Porsinya kurang banget, 32rb nasinya aja yg banyak tp ayamnya kecil banget jdnya kurang worth it 😔",Nasi Ayam Goreng Panas - Perkedel - Sambal Kentang Telur Puyuh,21 November 2021,2025-07-12 01:36:49
"RM Sederhana SA, Kertajaya Indah 100",B****,17 Maret 2018,5.0,resto sederhana paling mantap,Nasi Telor Dadar/ Gulai/ Balado,23 November 2021,2025-07-12 01:36:49
"RM Sederhana SA, Kertajaya Indah 100",O*****,20 Juli 2019,1.0,"lebih baik makan ditempat dr pada order online buat resto ini. pegawainya yg kurang ajar atau gimana , saya pesan ayam.pop datangmya cuma separo kaya bekas ada dipotong, trus bumbunya pun terlalu pelit.
kl makan ditempat bisa saya maki2 pegawainya.",Rendang Daging - Ayam Pop,22 November 2021,2025-07-12 01:36:49
"RM Sederhana SA, Kertajaya Indah 100",L**** P**********,8 November 2015,2.0,"Order Rendang 1 kg, yang datang beratnya cuma 933gram ( setara kurleb 2potong daging yg kalau dijual per potong aja 27.830)",Rendang Daging /Kg - Nasi Telor Dadar/ Gulai/ Balado - Paru - Sayur Daun Singkong,21 November 2021,2025-07-12 01:36:49
"RM Sederhana SA, Kertajaya Indah 100",D**** A****,29 Januari 2015,4.0,"Bumbu ya Enak dan banyak, cuma Dagingnya keras saja 👍",Rendang Daging,12 November 2021,2025-07-12 01:36:49
"RM Sederhana SA, Kertajaya Indah 100",P********* E**********,13 Januari 2019,5.0,Padang yg higienis dan rasa sesuai harga,Nasi Ayam Goreng/ Bakar/ Gulai - Nasi Ayam Pop,6 Oktober 2021,2025-07-12 01:36:49
"RM Sederhana SA, Kertajaya Indah 100",S**********,14 Agustus 2017,4.0,rasanya agak terlalu asin,Sate Padang Daging - Nasi Rendang Daging,9 November 2021,2025-07-12 01:36:49
"RM Sederhana SA, Kertajaya Indah 100",L**** I*****,15 April 2021,1.0,saya beli nasi ayam goreng panas. tapi tidak dikasih ayamnya. hanya dikasih nasi dan sayur saja.,Ayam Goreng Panas - Nasi Ayam Goreng Panas,2 November 2021,2025-07-12 01:36:49
"RM Sederhana SA, Kertajaya Indah 100",S****,25 Maret 2019,4.0,kikil dan hatinya hari ini atoss. tolong ditingkatkan lg kualitasnya,Nasi Gulai Ati / Limpa - Nasi Gulai Kikil,29 Oktober 2021,2025-07-12 01:36:49
"RM Sederhana SA, Kertajaya Indah 100",E**** R***,17 November 2015,1.0,Mkn an tidak sesuai pesanan,Nasi Gulai Ati / Limpa,24 Oktober 2021,2025-07-12 01:36:49
"RM Sederhana SA, Kertajaya Indah 100",A*** K***,23 Oktober 2021,5.0,harga 38rb dapat 2 bungkus nasi rendang,Nasi Rendang Daging,24 Oktober 2021,2025-07-12 01:36:49
"RM Sederhana SA, Kertajaya Indah 100",R*****,18 Juni 2017,1.0,"Minta sambal hijaunya diganti dengan sambal balado saja tidak boleh, padahal biasanya boleh kalau beli sendiri langsung ke RM dan krn saya beli 2 porsi, yang satunya tidak pakai sambal sama skali.",Nasi Rendang Daging - Nasi Gulai Kikil,18 Oktober 2021,2025-07-12 01:36:49
"RM Sederhana SA, Kertajaya Indah 100",N****,16 Agustus 2015,3.0,daging rendangnya kering keras pas dimakan gak seperti biasa,Nasi Rendang Daging,18 Oktober 2021,2025-07-12 01:36:49
"RM Sederhana SA, Kertajaya Indah 100",R***,17 Agustus 2015,3.0,porsi terlalu sedikit,Sate Padang - Sambal Kentang Telur Puyuh - Telor Dadar,14 Oktober 2021,2025-07-12 01:36:49
"RM Sederhana SA, Kertajaya Indah 100",T***,4 Maret 2021,1.0,pesennya nasi ayam pop tp yg dateng cuma nasi aja,Nasi Ayam Pop - Perkedel - Telor Dadar,13 Oktober 2021,2025-07-12 01:36:49
"RM Sederhana SA, Kertajaya Indah 100",M*****,28 Agustus 2015,5.0,badabesttttt.........,Nasi Telor Dadar/ Gulai/ Balado,10 Oktober 2021,2025-07-12 01:36:49
"RM Sederhana SA, Kertajaya Indah 100",G*****,24 Januari 2018,5.0,rasanya mantap & enak,Nasi Ayam Goreng/ Bakar/ Gulai - Ayam Bakar - Perkedel,26 September 2021,2025-07-12 01:36:49
"RM Sederhana SA, Kertajaya Indah 100",Y***,26 September 2018,5.0,subsidi gojek mantap,Nasi Rendang Daging,29 September 2021,2025-07-12 01:36:49
"RM Sederhana SA, Kertajaya Indah 100",H***,19 September 2015,4.0,"pesanan tidak sesuai, catatan harap dibaca!!!",Ayam Gulai - Es Teh Manis,7 Oktober 2021,2025-07-12 01:36:49
"RM Sederhana SA, Kertajaya Indah 100",H*******,5 Agustus 2017,2.0,Catatan Gak Pernah Dibaca,Nasi Gulai Cincang - Nasi Ayam Pop,24 September 2021,2025-07-12 01:36:49
"RM Sederhana SA, Kertajaya Indah 100",H*******,5 Agustus 2017,2.0,bbrp kali Pesen Tenggiri Kosong Tapi Dimenu Ditulis ready Terooss,Nasi Ayam Pop - Nasi Ikan Tengiri (Gulai/ Asam Pedas/ Balado),5 Oktober 2021,2025-07-12 01:36:49
"RM Sederhana SA, Kertajaya Indah 100",K****,21 Agustus 2016,5.0,terlalu asin rasanya,Rendang Daging - Sayur Daun Singkong - Ayam Goreng - Sambal Kentang Telur Puyuh,2 Oktober 2021,2025-07-12 01:36:49
"RM Sederhana SA, Kertajaya Indah 100",H********,11 Mei 2017,1.0,makanan yg datang TDK sesuai dgn pesanan,Ayam Gulai - Nasi Ayam Goreng/ Bakar/ Gulai,30 September 2021,2025-07-12 01:36:49
"RM Sederhana SA, Kertajaya Indah 100",F***** D*****,18 September 2016,5.0,mantap dan sudah beberapa kali beli.tp sayang nya tidak pernah dibonusin sambal hijau.padahal sambal hijau itu yg bt makin mantap,Paket 1 - Ayam Goreng Panas,25 September 2021,2025-07-12 01:36:49
"RM Sederhana SA, Kertajaya Indah 100",X*****,14 Mei 2018,1.0,"Barang yg datang kurang. Saya pesan 2 rendang, yg datang cuma 1. Tidak teliti!",Nasi Rendang Daging - Sayur Daun Singkong - Ayam Gulai - Rendang Daging,26 September 2021,2025-07-12 01:36:49
"RM Sederhana SA, Kertajaya Indah 100",O*** S*******,16 Juni 2015,3.0,"pesanan ada yg tdk dikirim, notes di aplikasi tidak dibaca, pesanan ada yg tdk sesuai minta ayam goreng dikasi ayam gulai",Nasi Ayam Pop - Nasi Ayam Goreng/ Bakar/ Gulai - Nasi Rendang Daging - Perkedel,26 September 2021,2025-07-12 01:36:49
"RM Sederhana SA, Kertajaya Indah 100",E*** G**** P*******,12 September 2015,1.0,"Bumbu sedikit,sambalnya dicampur padahal seblmnya mantul ntah ygkali ini kok beda.",Nasi Gulai Otak - Nasi Gulai Kikil - Nasi Ayam Goreng/ Bakar/ Gulai,18 September 2021,2025-07-12 01:36:49
"RM Sederhana SA, Kertajaya Indah 100",P********* E**********,13 Januari 2019,5.0,Makanan Padang yang higienis,Nasi Ayam Goreng/ Bakar/ Gulai,14 September 2021,2025-07-12 01:36:49
"RM Sederhana SA, Kertajaya Indah 100",L***,12 Juni 2018,1.0,pesen nasi gulai otak tapi tdk ada gulai otaknya. hanya nasi dan sayur saja. sangat kecewa,Nasi Gulai Otak,15 September 2021,2025-07-12 01:36:49
"RM Sederhana SA, Kertajaya Indah 100",S*******,15 Juli 2017,1.0,Menu ridak seperti pada tulisan,Paket 5 - Sate Padang,12 September 2021,2025-07-12 01:36:49
"RM Sederhana SA, Kertajaya Indah 100",M******,27 Oktober 2015,5.0,Rendangnya selalu mantap.,Rendang Daging - Sambal Hijau - Lalap Daun Singkong - Perkedel - Ayam Kemangi,3 September 2021,2025-07-12 01:36:49
"RM Sederhana SA, Kertajaya Indah 100",S***,2 Juli 2019,5.0,#pegawaipakuwoncitymall,Gulai Otak - Nasi Ayam Pop - Sambal Hijau,25 Juli 2021,2025-07-12 01:36:49
"RM Sederhana SA, Kertajaya Indah 100",A******,9 Mei 2017,5.0,Sederhana selalu di hati~,Sate Padang - Nasi Ayam Goreng/ Bakar/ Gulai,29 Agustus 2021,2025-07-12 01:36:49
"RM Sederhana SA, Kertajaya Indah 100",A***,28 Agustus 2017,2.0,pesan satu ayam satu telur di kasih telur semua,Nasi Ayam Goreng/ Bakar/ Gulai - Nasi Telor Dadar/ Gulai/ Balado,25 Agustus 2021,2025-07-12 01:36:49
"RM Sederhana SA, Kertajaya Indah 100",D****,19 November 2015,1.0,minta sambal dikit saja gak boleh payah nih restaurannya mentang2 sudah ada nama terkenal.. kalau gak kepepet dan kepingin gak mau beli lagi dah disini,Rendang Daging,24 Agustus 2021,2025-07-12 01:36:49
"RM Sederhana SA, Kertajaya Indah 100",G*****,24 Januari 2018,5.0,Alhamdulillah smpi dgn cpt,Perkedel - Ayam Bakar - Nasi Telor Dadar/ Gulai/ Balado - Nasi Ayam Goreng/ Bakar/ Gulai,22 Agustus 2021,2025-07-12 01:36:49
"RM Sederhana SA, Kertajaya Indah 100",N***,12 Maret 2020,5.0,Nasi bungkusnya tolong jangan kebanyakan kuah mas/mba...sampai kyk sop...di catatan sdh sy kasih tau klo kuahnya sedikit...,Nasi Telor Dadar/ Gulai/ Balado - Nasi Perkedel,20 Agustus 2021,2025-07-12 01:36:49
"RM Sederhana SA, Kertajaya Indah 100",T******,8 Agustus 2015,5.0,#PegawaiRoyalPlaza,Sate Padang Daging,19 Agustus 2021,2025-07-12 01:36:49
"RM Sederhana SA, Kertajaya Indah 100",T****,12 Agustus 2016,3.0,saya pesen dendeng tapi daparnya rendang,Nasi Dendeng - Ayam Goreng,16 Agustus 2021,2025-07-12 01:36:49
"RM Sederhana SA, Kertajaya Indah 100",J****,4 Agustus 2015,5.0,"mantul, kalo bisa menu ayam di restoran sederhana dipisah pisah, antara ayam goreng, ayam pop, ayam gulai, atau ayam bakar",Nasi Ayam Goreng/ Bakar/ Gulai,15 Agustus 2021,2025-07-12 01:36:49
"RM Sederhana SA, Kertajaya Indah 100",D***,2 Juni 2016,5.0,"SA Sederhana Kertajaya ini favorite sejak jadoel. Sambel ijonya beda sama rmh makan Padang lainnya. Yang paling aku suka gulai telur ikan sama otak. Kalo menu lain enak semua tapi paling fave ya 2menu itu dengan sambel ijonya, udah g bisa noleh kanan kiri lagi kalo sudah makan😆😆🤭",Nasi Paru - Nasi Gulai Otak,11 Agustus 2021,2025-07-12 01:36:49
"RM Sederhana SA, Kertajaya Indah 100",F******,23 Februari 2019,5.0,"Enakkk, bersihh, dan porsinya banyak juga buat aku, tiap selesai makan selalu puass. Lidah dan perut dimanjakan sih ini. Re-order? udah sering 👍🏿",Nasi Ayam Goreng/ Bakar/ Gulai,31 Juli 2021,2025-07-12 01:36:49
"RM Sederhana SA, Kertajaya Indah 100",N******** S**** T,27 September 2015,5.0,Paporit pokoknyaaaa…,Paket 2,30 Juni 2021,2025-07-12 01:36:49
"RM Sederhana SA, Kertajaya Indah 100",N******** S**** T,27 September 2015,5.0,"Resto padang terbaik, terenak, gak bikin bosan karna menunya bervariasi…good job…",Paket 2,12 Juni 2021,2025-07-12 01:36:49
"RM Sederhana SA, Kertajaya Indah 100",N******** S**** T,27 September 2015,5.0,"Aku paling sering order resto satu ini nih. menunya yg bervariasi bikin kita tidak bosan untuk pesan lagi & lagi…good food, good taste",Paket 2,24 Juli 2021,2025-07-12 01:36:49
"RM Sederhana SA, Kertajaya Indah 100",N******** S**** T,27 September 2015,5.0,Resto padang terbaik di surabaya. Makanannya selalu fresh & semuanya enak…recomendeed banget nih…,Paket 2,6 Agustus 2021,2025-07-12 01:36:49
"RM Sederhana SA, Kertajaya Indah 100",M*****,10 November 2015,3.0,"pesan sesuai aplikasi, dikirimnya tidak sesuai aplikasi..",Sate Padang - Sate Padang Daging,6 Agustus 2021,2025-07-12 01:36:49
"RM Sederhana SA, Kertajaya Indah 100",P****,20 September 2015,5.0,Selalu suka tiap gigitannya,Sate Padang Daging - Nasi Sayur - Sambal Goreng Jengkol - Nasi Rendang Daging - Jus Sirsak,22 Juni 2021,2025-07-12 01:36:49
"RM Sederhana SA, Kertajaya Indah 100",N******** S**** T,27 September 2015,5.0,"Saya tidak pernah bosan untuk pesan makanan di resto satu ini. Namanya sederhana, tapi masakannya ala sultan…recomendeed banget nih…",Paket 2,26 Juli 2021,2025-07-12 01:36:49
"RM Sederhana SA, Kertajaya Indah 100",N******** S**** T,27 September 2015,5.0,Masakan padang terenak yang pernah aku makan. Semua menu enak pokoknya. Terlebih sayur nangka dan ayam hotnya enaaaaakkkk…resto juaraaaaa…,Paket 2,3 Agustus 2021,2025-07-12 01:36:49
"RM Sederhana SA, Kertajaya Indah 100",A**** S*,27 Oktober 2015,1.0,daging nya kerassssssssss,Nasi Rendang Daging,1 Agustus 2021,2025-07-12 01:36:49
"RM Sederhana SA, Kertajaya Indah 100",I**,9 Desember 2016,5.0,Alhamdulillah uenakkkkk,Paket 1,2 Agustus 2021,2025-07-12 01:36:49
"RM Sederhana SA, Kertajaya Indah 100",F**** J***,2 Mei 2017,4.0,Nasinya tll lembek,Nasi Sayur,2 Agustus 2021,2025-07-12 01:36:49
"RM Sederhana SA, Kertajaya Indah 100",J*** G*******,6 September 2016,5.0,Makanannya enak banget mantap deh,Paket 2 - Nasi Rendang Daging,4 Juli 2021,2025-07-12 01:36:49
"RM Sederhana SA, Kertajaya Indah 100",I***,12 Januari 2017,1.0,"Dendeng nya keras gak bisa dikunyah,skrg lauknya kecil gak sesuai harga",Nasi Ayam Goreng/ Bakar/ Gulai - Nasi Gulai Telor Ikan - Nasi Rendang Daging - Dendeng Batokok - Sambal Hijau - Telor Dadar,1 Agustus 2021,2025-07-12 01:36:49
"RM Sederhana SA, Kertajaya Indah 100",H*******,26 Oktober 2016,5.0,dendeng favorit,Nasi Dendeng,26 Juli 2021,2025-07-12 01:36:49
"RM Sederhana SA, Kertajaya Indah 100",H*******,26 Oktober 2016,5.0,no debat makanan dr sederhana,Sate Padang,21 Juli 2021,2025-07-12 01:36:49
"RM Sederhana SA, Kertajaya Indah 100",Z****,13 Januari 2016,5.0,nasi padang andalan drpd yang lain,Nasi Ayam Goreng/ Bakar/ Gulai - Telor Gulai / Balado,4 Juli 2021,2025-07-12 01:36:49
"RM Sederhana SA, Kertajaya Indah 100",A**** S*,27 Oktober 2015,2.0,kenapa daging rendang di sini gk pernah ada yg empuk ?? bumbu yg enak kalah sama daging keras dan kering,Nasi Rendang Daging - Rendang Daging,25 Juni 2021,2025-07-12 01:36:49
"RM Sederhana SA, Kertajaya Indah 100",A***,7 Maret 2017,4.0,daging empalnya keras kayak kayu.,Nasi Sayur - Rendang Daging,30 Juli 2021,2025-07-12 01:36:49
"RM Sederhana SA, Kertajaya Indah 100",I**** S*******,21 Januari 2016,2.0,"Nasinya lembek baru masak langsung bungkus, lauknya rasanya bland, kualitas udah ga kaya dulu",Nasi Ayam Goreng/ Bakar/ Gulai - Nasi Telor Dadar/ Gulai/ Balado,20 Juli 2021,2025-07-12 01:36:49
"RM Sederhana SA, Kertajaya Indah 100",B****,2 September 2015,1.0,pesanan yg saya order tdk sesuai dengan jumlahnya dan saya tdk bs hubungi driver by phone🤬🤬🤬🤬🤬,Gulai Otak - Rendang Daging - Nasi Sayur - Telor Dadar - Sayur Nangka,28 Juli 2021,2025-07-12 01:36:49
"RM Sederhana SA, Kertajaya Indah 100",Y**** S******,16 Agustus 2019,2.0,pesan ayam bakar tapi dikasih bukan bakar. paha ayam terlalu kecil sperti ayam baru 1 minggu hidup. tidak sesuai dgn harga krn ayam terlalu kecil.,Nasi Ayam Goreng/ Bakar/ Gulai - Nasi Sayur,25 Juli 2021,2025-07-12 01:36:49
"RM Sederhana SA, Kertajaya Indah 100",R***** W******,29 Agustus 2015,2.0,digambarnya di kasih lontong kupat tp yang datang cuma sate padang aja.. harga ngk sesuai...,Sate Padang,23 Juli 2021,2025-07-12 01:36:49
"RM Sederhana SA, Kertajaya Indah 100",K*****,29 Agustus 2015,1.0,"Restaurant isn’t trying to communicate nor informing the availability of my order. I ordered 2 pieces of chicken thighs (as clearly mentioned on the notes) only to get notified by the driver that it’s not available. They gave me 2 chicken breasts instead without even apologising nor offering other menu to replace the unavailability of my former order. This is actually my 2nd disappointment of this restaurant as for the first I decided to let it slide, yet it was as much as disappointing.",Ayam Pop,22 Juli 2021,2025-07-12 01:36:49
"RM Sederhana SA, Kertajaya Indah 100",V***********,27 April 2018,3.0,saya minta bumbu ayam goreng dan bumbu rendang tp gak dikasih😏,Nasi Gulai Otak - Nasi Gulai Kikil - Nasi Ayam Pop - Nasi Rendang Daging,19 Juli 2021,2025-07-12 01:36:49
"RM Sederhana SA, Kertajaya Indah 100",W****** C**********,2 Januari 2018,4.0,"mantap si cuma porsinya kayak agak berkurang tapi overall kalo soal bumbu dan rasa, sederhana",Nasi Ayam Goreng Panas,11 Juli 2021,2025-07-12 01:36:49
"RM Sederhana SA, Kertajaya Indah 100",J*****,23 Mei 2016,3.0,"bumbunya sedikit, sambal baladonya ga ada, nasinya lembek",Perkedel - Nasi Dendeng,11 Juli 2021,2025-07-12 01:36:49
"RM Sederhana SA, Kertajaya Indah 100",D**** D**********,10 September 2015,1.0,"tidak sesuai yg tertera dinote, minta paha dikasi dada no konfirmasi",Nasi Gulai Otak - Ayam Pop - Gulai Kikil,8 Juli 2021,2025-07-12 01:36:49
"RM Sederhana SA, Kertajaya Indah 100",A*,27 Desember 2020,5.0,Semuanya perfect,Rendang Daging - Gulai Kikil - Sambal Hijau - Ayam Goreng - Nasi Putih,1 Juli 2021,2025-07-12 01:36:49
"RM Sederhana SA, Kertajaya Indah 100",L*****,17 September 2015,4.0,agak asin sate padangnya,Sate Padang Daging - Ayam Gulai - Rendang Daging - Lalap Daun Singkong - Sambal Hijau,25 Juni 2021,2025-07-12 01:36:49
"RM Sederhana SA, Kertajaya Indah 100",L**** P******,23 Agustus 2016,5.0,"rasanya mantap, terima kasih",Nasi Sayur,19 Juni 2021,2025-07-12 01:36:49
"RM Sederhana SA, Kertajaya Indah 100",A****,1 Maret 2016,1.0,Dagingnya bukan buntut. Wortel & kentangnya keras. Kuahnya asin banget.,Sop Buntut - Nasi Putih,20 Juni 2021,2025-07-12 01:36:49
"RM Sederhana SA, Kertajaya Indah 100",D***,21 Agustus 2015,4.0,"tulisan nasi kotak, datang bungkusan",Nasi Ayam Goreng/ Bakar/ Gulai,10 Juni 2021,2025-07-12 01:36:49
"RM Sederhana SA, Kertajaya Indah 100",R****** A M*******,30 Juli 2016,5.0,sayang sempat pesanan ga sesuai. tp so far enak banget,Gulai Otak - Nasi Sayur - Paru - Sambal Hijau,6 Juni 2021,2025-07-12 01:36:49
"RM Sederhana SA, Kertajaya Indah 100",A***** M***,10 November 2019,1.0,untuk rasa enak banget tapi yg bikin kecewa di liatnya paket ayam + telur tapi pas Dateng paket ayam tapi telornya GK ada ini orangnya lupa apa gmn ya?,Paket 4,3 Juni 2021,2025-07-12 01:36:49
"RM Sederhana SA, Kertajaya Indah 100",H***,25 Juni 2019,3.0,td ada yg kurang pesenanya,Ayam Goreng - Rendang Daging - Nasi Rendang Daging - Sambal Hijau,30 Mei 2021,2025-07-12 01:36:49
"RM Sederhana SA, Kertajaya Indah 100",Y******,27 Desember 2017,1.0,sy pesan 2 kikil cuma dikasih 1 sy tdk pesan es jeruk dikasih es jeruk.belanja sy hampir 273rb seharusnya 2 nasi kikil malah dikasih 2 nasi dadar.,Nasi Telor Dadar/ Gulai/ Balado - Nasi Gulai Kikil - Nasi Ikan Tengiri (Gulai/ Asam Pedas/ Balado) - Perkedel - Ayam Goreng - Telor Dadar - Jus Timun - Jus Belimbing,30 Mei 2021,2025-07-12 01:36:49
"RM Sederhana SA, Kertajaya Indah 100",W*******,5 Desember 2016,5.0,sayang ayamnya yg 1 nya kok kecil banget 😭,Ayam Goreng Panas - Nasi Rendang Daging - Ayam Goreng,27 Mei 2021,2025-07-12 01:36:49
"RM Sederhana SA, Kertajaya Indah 100",H******,9 September 2016,4.0,"sering beli disini,tapi daging rendang  kecil g seperti biasanya.",Nasi Rendang Daging,25 Mei 2021,2025-07-12 01:36:49
"RM Sederhana SA, Kertajaya Indah 100",R****** A*****,15 Agustus 2015,5.0,The Best in town !,Nasi Rendang Daging - Sambal Terong Pete,24 Mei 2021,2025-07-12 01:36:49
"RM Sederhana SA, Kertajaya Indah 100",M******* S*** H*********,21 Juli 2015,5.0,Langganan disini enak banget,Nasi Ayam Goreng/ Bakar/ Gulai - Nasi Gulai Telor Ikan,11 Mei 2021,2025-07-12 01:36:49
"RM Sederhana SA, Kertajaya Indah 100",K*****,9 Juni 2016,5.0,"rasanya enak,gurih,mantab",Teri Balado - Rendang Daging - Sambal Hijau,20 Mei 2021,2025-07-12 01:36:49
"RM Sederhana SA, Kertajaya Indah 100",J****,13 November 2017,3.0,More sauce. I asked for paha! Di kasih nya  dada,Nasi Ayam Pop - Nasi Rendang Daging - Telor Dadar,24 April 2021,2025-07-12 01:36:49
"RM Sederhana SA, Kertajaya Indah 100",L*** W*****,7 Agustus 2015,3.0,"kali ini bumbu rendangnya kurang mantap, gak kayak biasanya dan kayak kebanyakan jintan",Nasi Telor Dadar/ Gulai/ Balado,21 April 2021,2025-07-12 01:36:49
"RM Sederhana SA, Kertajaya Indah 100",R****,11 April 2017,1.0,nasi belum matang sehingga keras,Nasi Ayam Goreng Panas,5 April 2021,2025-07-12 01:36:49
"RM Sederhana SA, Kertajaya Indah 100",I** I**,1 Juni 2018,2.0,Harga gulai cumi ngawur sangat mahal !! 2 bj cumi harga 70.000?!!!! 😡,Sayur Nangka - Gulai Cumi,28 Maret 2021,2025-07-12 01:36:49
"RM Sederhana SA, Kertajaya Indah 100",I***,19 Juni 2017,5.0,sederhana selalu di hati,Nasi Sayur - Nasi Ayam Goreng Panas,23 Maret 2021,2025-07-12 01:36:49
"RM Sederhana SA, Kertajaya Indah 100",C******* D****,16 Desember 2015,2.0,kok jadi sedikit ya porsinya :(,Nasi Rendang Daging,21 Maret 2021,2025-07-12 01:36:49
"RM Sederhana SA, Kertajaya Indah 100",A** Y****,30 September 2015,5.0,"masakan nasi padang legend nih, mantap",Nasi Telor Dadar/ Gulai/ Balado - Nasi Gulai Kikil - Nasi Perkedel,11 Maret 2021,2025-07-12 01:36:49
"RM Sederhana SA, Kertajaya Indah 100",M***** H*****,31 Oktober 2015,1.0,parunya alot sekali,Nasi Gulai Kikil - Nasi Paru,6 Maret 2021,2025-07-12 01:36:49
"RM Sederhana SA, Kertajaya Indah 100",V******,28 Oktober 2020,1.0,pesennya apa sampe salah kasihan drivernya wira wiri,Nasi Putih - Ayam Gulai - Ayam Bakar,2 Maret 2021,2025-07-12 01:36:49
"RM Sederhana SA, Kertajaya Indah 100",A****,20 September 2016,2.0,"Makanannya enak tapi pelayanan kurang. Sudah ditulis di notes kalau kuahnya pisah malah dicampur, jadinya pas mau dimakan nasinya ngembang, ngga enak sudah kering.",Paru - Nasi Ayam Goreng/ Bakar/ Gulai,2 Maret 2021,2025-07-12 01:36:49
"RM Sederhana SA, Kertajaya Indah 100",K***** R*******,12 Agustus 2019,5.0,"Mantraaaapppp, selalu enak!!",Nasi Gulai Ati / Limpa - Nasi Rendang Daging,28 Februari 2021,2025-07-12 01:36:49
"RM Sederhana SA, Kertajaya Indah 100",J******,15 Juli 2018,1.0,"selalu aja mengecewakan, setiap pesan sdh di notes dengan jelas minta kuah gulai, tp sdh ke 4x nya gapernah di kasih. kalau 1 atau 2 kali bisa saya maklumi, ini sdh 4x? padahal biasanya jg di kasih kok dulu",Ayam Goreng Panas,26 Februari 2021,2025-07-12 01:36:49
"RM Sederhana SA, Kertajaya Indah 100",V***,28 Agustus 2015,3.0,sambel kentang telur puyuh porsi dikit banget cm 4 slice kentang dan suiran pete bebera biji . rasa krg mantap,Sambal Kentang Telur Puyuh - Nasi Telor Dadar/ Gulai/ Balado,17 Februari 2021,2025-07-12 01:36:49
"RM Sederhana SA, Kertajaya Indah 100",L*** N********,18 Juli 2016,3.0,kikilnya tumben keras banget...g bisa dmakan..biasanya beli g gini amat..sedihhhh,Nasi Gulai Kikil - Gulai Kikil - Gulai Otak,14 Februari 2021,2025-07-12 01:36:49
"RM Sederhana SA, Kertajaya Indah 100",A*******,1 Desember 2018,4.0,kurang bumbu ato kuah,Nasi Telor Dadar/ Gulai/ Balado - Nasi Perkedel - Nasi Ayam Pop,12 Februari 2021,2025-07-12 01:36:49
"RM Sederhana SA, Kertajaya Indah 100",T**** D*******,15 Agustus 2017,5.0,sayang kalo bungkus sambelnya cuma dikit,Gulai Kikil - Nasi Telor Dadar/ Gulai/ Balado,6 Februari 2021,2025-07-12 01:36:49
"RM Sederhana SA, Kertajaya Indah 100",Y********,20 Agustus 2016,4.0,daging cincang kebanyakan lemak,Nasi Gulai Cincang,3 Februari 2021,2025-07-12 01:36:49
"RM Sederhana SA, Kertajaya Indah 100",K**** J***,16 Agustus 2015,2.0,"saya minta sambal ijo agak banyak, malah sama sekali tidak dikasih sambal ijo",Nasi Perkedel - Ayam Goreng - Nasi Rendang Daging,28 Januari 2021,2025-07-12 01:36:49
"RM Sederhana SA, Kertajaya Indah 100",K***,19 September 2019,5.0,excellent. love it,Nasi Sayur - Gulai Otak - Ayam Pop,11 Januari 2021,2025-07-12 01:36:49
"RM Sederhana SA, Kertajaya Indah 100",M**** H*******,3 September 2015,4.0,"Beli Sate Padang, tidak di kasih Lontong, di foto ada lontongnya.. rasa sate enak",Sate Padang Daging,10 Januari 2021,2025-07-12 01:36:49
"RM Sederhana SA, Kertajaya Indah 100",A**** R*** N*********,5 Maret 2016,2.0,Hari ini kecewa dengan pesanan saya. Nasinya lembek alias benyek. Rendang nya sgt keras dan ga ada bumbunya. 👎👎👎,Nasi Ayam Goreng/ Bakar/ Gulai - Telor Gulai / Balado - Rendang Daging,10 Januari 2021,2025-07-12 01:36:49
"RM Sederhana SA, Kertajaya Indah 100",K******,3 Oktober 2018,3.0,"udah sering pesan, dua kali salah. pesan nasi rendang di kasihnya telor, dl pesen perkedel, gak di ksh perkedelnya. lebih di tingkatkan kehati2annya dalam mengemas makanan.. sudah dua kali kesalahan. sekarang saya ksih bintang 3.😑😑😑",Perkedel - Nasi Rendang Daging,6 Januari 2021,2025-07-12 01:36:49
"RM Sederhana SA, Kertajaya Indah 100",C****,10 Januari 2018,1.0,"Pertama kali beli kikil yang penuh dengan lemak kuning2 menempel disekujur potongan kikilnya, kurang pantas untuk disajikan ( padahal kita termasuk langganan selalu beli di sederhana kertajaya )",Nasi Gulai Kikil - Nasi Sayur,3 Januari 2021,2025-07-12 01:36:49
"RM Sederhana SA, Kertajaya Indah 100",R**,16 Agustus 2017,5.0,pertahankan rasa nya,Sayur Daun Singkong - Sambal Hijau - Ayam Pop - Nasi Ayam Goreng/ Bakar/ Gulai - Ayam Goreng - Gulai Cincang - Ikan Tengiri Goreng - Ayam Gulai,1 Januari 2021,2025-07-12 01:36:49
"RM Sederhana SA, Kertajaya Indah 100",R***,1 Oktober 2017,5.0,"pesennya sayur nangka yg ada malah sayur kol. kecewa sih sama restonya😥😥
lain kali mohon diinfo kecustomernya mau diganti enggak klo barang yg dipesan sold out.",Sayur Nangka - Nasi Rendang Daging,23 Desember 2020,2025-07-12 01:36:49
"RM Sederhana SA, Kertajaya Indah 100",N** E**,6 September 2015,1.0,saya pesan tengiri goreng buat anak kecil ternyata yg datang tengiri balado pedas.,Rendang Daging - Sayur Nangka - Ikan Tengiri Goreng - Sambal Goreng Jengkol,22 Desember 2020,2025-07-12 01:36:49
"RM Sederhana SA, Kertajaya Indah 100",M** D*****,28 Februari 2019,4.0,rendang terasa gosong ..,Gulai Otak - Rendang Daging,15 Desember 2020,2025-07-12 01:36:49
"RM Sederhana SA, Kertajaya Indah 100",T***,20 September 2017,4.0,kenapa kreseknya tidak diikat ?,Gulai Kikil - Ayam Pop - Gulai Otak,13 Desember 2020,2025-07-12 01:36:49
"RM Sederhana SA, Kertajaya Indah 100",E**,18 Juni 2017,5.0,Rasa ok. sayang daging rendang kali ini rada keras.,Nasi Rendang Daging,11 Desember 2020,2025-07-12 01:36:49
"RM Sederhana SA, Kertajaya Indah 100",N*****,17 Februari 2017,3.0,makanan tidak di segel,Perkedel - Nasi Ayam Pop,11 Desember 2020,2025-07-12 01:36:49
"RM Sederhana SA, Kertajaya Indah 100",E*** S******,20 April 2016,5.0,"kresek nya tlg minta di segel, seperti resto lain² nya, biar aman",Ayam Bakar - Rendang Daging - Paru,10 Desember 2020,2025-07-12 01:36:49
"RM Sederhana SA, Kertajaya Indah 100",K****** B***,13 November 2016,5.0,Mantapppp endullllllll enak bangettt,Paket 3 - Nasi Putih,6 Desember 2020,2025-07-12 01:36:49
"RM Sederhana SA, Kertajaya Indah 100",L***,11 Februari 2017,1.0,sudah di note pesan gulai otak kok gak tetep dikasik rendang,N/A,29 November 2020,2025-07-12 01:36:49
"RM Sederhana SA, Kertajaya Indah 100",D*** S******,24 Juli 2015,1.0,I found baby cockroach on cucumber,Nasi Ikan Tengiri (Gulai/ Asam Pedas/ Balado) - Kerupuk Kulit,26 November 2020,2025-07-12 01:36:49
"RM Sederhana SA, Kertajaya Indah 100",M*****,11 November 2016,1.0,"sambel ijo nya asin bangeeeet, rendang dagingnya ada pahit2nya.",Ikan Tengiri Goreng - Gulai Kikil - Sayur Nangka - Sayur Daun Singkong - Rendang Daging - Paru - Sambal Hijau - Paket 2,15 November 2020,2025-07-12 01:36:49
"RM Sederhana SA, Kertajaya Indah 100",N** H****,15 Oktober 2017,2.0,"Kalo dimakan di sana boleh lah pake cobek.. lah tapi kalo dibungkus pake cobek, trs sambelnya ditaruh gitu aja yo numplek kabehhhh.. gak malah menikmati makanan yg ada sambelnya habis tumpah di kreseknya.. bukan salah drivernya loh ini.. mending sambelnya dibungkus aja lah pake plastik.. sambel enak enak jadi gak bisa dimakan",Nasi Rendang Daging - Nasi Ayam Goreng/ Bakar/ Gulai,8 November 2020,2025-07-12 01:36:49
"RM Sederhana SA, Kertajaya Indah 100",A**** B*******,28 Mei 2016,4.0,Porsi jumbo menyusut sekarang 😱😱😱,Sate Padang - Ayam Pop,2 November 2020,2025-07-12 01:36:49
"RM Sederhana SA, Kertajaya Indah 100",M** D*****,28 Februari 2019,3.0,saya kasih note tambah kuah sate..  biasa nya ditambahi ..  ini sama sekali tidak.   kuah dikit.  memang tergantung yang jual in .  tapi permintaan pelanggan jangan diabaikan dong ..sudah puluhan kali saya beli di resto ini.. masak dikecewa in,Sambel Goreng Jengkol - Sate Padang - Rendang Daging - Gulai Otak,19 Oktober 2020,2025-07-12 01:36:49
"RM Sederhana SA, Kertajaya Indah 100",R****,17 Agustus 2015,3.0,masa 2 nasi bungkus tidak dikasih sambal ijo 😔😔,Nasi Ayam Pop - Nasi Ayam Goreng/ Bakar/ Gulai - Nasi Rendang Daging,18 Oktober 2020,2025-07-12 01:36:49
"RM Sederhana SA, Kertajaya Indah 100",K******,6 Mei 2016,1.0,pesen sate padang pakai ketupat tapi waktu dibuka tdk ada ketupatnya.,Sate Padang,12 Oktober 2020,2025-07-12 01:36:49
"RM Sederhana SA, Kertajaya Indah 100",D*** P*****,22 Februari 2019,3.0,daging rendang keras,Ayam Goreng Panas - Rendang Daging - Lalap Daun Singkong - Telor Dadar - Sayur Nangka,10 Oktober 2020,2025-07-12 01:36:49
"RM Sederhana SA, Kertajaya Indah 100",A*****,6 Desember 2017,3.0,daging rendang terlalu alot,Nasi Rendang Daging,22 September 2020,2025-07-12 01:36:49
"RM Sederhana SA, Kertajaya Indah 100",F*** A******** M*,21 April 2017,4.0,"Untuk RM yang tidak murah, harusnya mampu membuat ceklis protokol kesehatan yang menjamin kesegaran dan penjagaan kualitas makanan. sehingga pembeli tenang dan percaya.",Sayur Nangka - Gulai Kikil,17 September 2020,2025-07-12 01:36:49
"RM Sederhana SA, Kertajaya Indah 100",D** G****,9 Agustus 2015,2.0,saya pesannya telor ikan di kasih cumi,Nasi Ayam Goreng/ Bakar/ Gulai - Nasi Gulai Telor Ikan,20 September 2020,2025-07-12 01:36:49
"RM Sederhana SA, Kertajaya Indah 100",C*****,27 November 2017,1.0,Saya kecewa karena pesan gulai kikil 2 tapi pas buka plastik isinya cuma 1 terus saya udah bayar pake gopay akhirnya saldo berkurang utk 2 gulai kikil padahal yg dtg cuma 1,Nasi Rendang Daging - Gulai Kikil - Rendang Daging - Nasi Ayam Goreng/ Bakar/ Gulai,13 September 2020,2025-07-12 01:36:49
"RM Sederhana SA, Kertajaya Indah 100",T** A*****,30 Maret 2020,4.0,"sebagai masukan, dalam pengiriman hendaknya pakai segel, agar lebih hyginies tidak berantakan",Jeruk Panas - Sambal Hijau - Telor Gulai / Balado - Ayam Pop - Ayam Bakar - Ayam Goreng Panas - Sambal Goreng Udang,13 September 2020,2025-07-12 01:36:49
"RM Sederhana SA, Kertajaya Indah 100",S**** N****** F*******,5 September 2017,5.0,"ayamnya kecil banget, hiks",Nasi Ayam Goreng Panas,12 September 2020,2025-07-12 01:36:49
"RM Sederhana SA, Kertajaya Indah 100",D***,2 Juni 2016,4.0,porsi paru 24rb hanya dpt 1??,Gulai Cincang - Sambal Hijau - Paru,10 September 2020,2025-07-12 01:36:49
"RM Sederhana SA, Kertajaya Indah 100",J*******,4 Januari 2018,2.0,"Sayurnya  enak,  sayang nasinya benyek bergumpal  kayak lontong.",Nasi Ayam Goreng/ Bakar/ Gulai - Nasi Rendang Daging,30 Agustus 2020,2025-07-12 01:36:49
"RM Sederhana SA, Kertajaya Indah 100",H****,21 Mei 2019,5.0,Rasanya mantab...,Nasi Ayam Goreng/ Bakar/ Gulai,25 Agustus 2020,2025-07-12 01:36:49
"RM Sederhana SA, Kertajaya Indah 100",H*******,1 Februari 2016,5.0,terbaik. keep it up,Paket 2,11 Agustus 2020,2025-07-12 01:36:49
"RM Sederhana SA, Kertajaya Indah 100",E** K*******,12 Maret 2017,2.0,biasanya pas rasanya tapi ini asin.,Nasi Gulai Kikil - Nasi Ikan Tengiri (Gulai/ Asam Pedas/ Balado),6 Agustus 2020,2025-07-12 01:36:49
"RM Sederhana SA, Kertajaya Indah 100",A****,30 Oktober 2015,5.0,Terima kasih pengertiannya kl bel rmh cuman 1x saja ini baru jempol terima kasih pak,Sate Padang Daging - Sambal Goreng Jengkol,5 Agustus 2020,2025-07-12 01:36:49
"RM Sederhana SA, Kertajaya Indah 100",V*******,30 Januari 2016,5.0,terimakasih Pak,Nasi Ayam Goreng/ Bakar/ Gulai - Nasi Paru,3 Agustus 2020,2025-07-12 01:36:49
"RM Sederhana SA, Kertajaya Indah 100",L** H**********,19 Februari 2016,5.0,mas gojekny super baik,Gulai Kepala Kakap,2 Agustus 2020,2025-07-12 01:36:49
"RM Sederhana SA, Kertajaya Indah 100",R*** S*******,14 Oktober 2016,5.0,Terimakasih chef. Dari saya tim medis:)),Nasi Ayam Goreng/ Bakar/ Gulai - Perkedel,29 Juli 2020,2025-07-12 01:36:49
"RM Sederhana SA, Kertajaya Indah 100",I** V*******,22 Desember 2017,5.0,selalu mantaaaab,Nasi Ayam Goreng/ Bakar/ Gulai - Gulai Kikil - Ayam Gulai - Sayur Daun Singkong - Sambal Hijau - Rendang Daging - Paru,26 Juli 2020,2025-07-12 01:36:49
"RM Sederhana SA, Kertajaya Indah 100",C****,22 Juni 2017,5.0,mantab semuanya.....,Nasi Ayam Goreng/ Bakar/ Gulai - Nasi Rendang Daging,25 Juli 2020,2025-07-12 01:36:49
"RM Sederhana SA, Kertajaya Indah 100",A***,21 September 2015,5.0,porsinya semakin lama semakin sedikit saja,Nasi Ayam Pop,23 Juli 2020,2025-07-12 01:36:49
"RM Sederhana SA, Kertajaya Indah 100",L***,16 September 2017,1.0,minta telor dadar di ksh telor rebus kecewa bgttt.....😢😢😢😢,Nasi Telor Dadar/ Gulai/ Balado - Nasi Rendang Daging,18 Juli 2020,2025-07-12 01:36:49
"RM Sederhana SA, Kertajaya Indah 100",R*** A*** P******,19 Agustus 2015,1.0,"Pesen rendang daging, yg datang rendang singkong",Es Teh Manis - Telor Gulai / Balado - Nasi Rendang Daging,16 Juli 2020,2025-07-12 01:36:49
"RM Sederhana SA, Kertajaya Indah 100",F****,1 September 2015,4.0,entah hari ini rasanya kurang sip. tdk seperti biasanya. lbh baik lg ke depannya ya. trm ksh,Nasi Telor Dadar/ Gulai/ Balado,11 Juli 2020,2025-07-12 01:36:49
"RM Sederhana SA, Kertajaya Indah 100",A*****,5 September 2015,4.0,smaller size than before,Martabak Mesir,4 Juli 2020,2025-07-12 01:36:49
"RM Sederhana SA, Kertajaya Indah 100",R******,18 Agustus 2015,3.0,"Rendang nya cukupan, agak kecil buat seporsi. Telur dadar nya harga 14rb, gede nya bahkan lebih kecil dr 2 jari tangan ku. Tolong donk kl telur dadar harga 14rb, porsi nya diperbaikin",Nasi Rendang Daging - Telor Dadar,2 Juli 2020,2025-07-12 01:36:49
"RM Sederhana SA, Kertajaya Indah 100",A**** R*** N*********,5 Maret 2016,5.0,Selalu kehabisab ikan kembung😢,Sayur Nangka - Ayam Gulai - Nasi Telor Dadar/ Gulai/ Balado - Perkedel - Sambal Hijau - Ayam Goreng Panas,29 Juni 2020,2025-07-12 01:36:49
"RM Sederhana SA, Kertajaya Indah 100",K******,3 Oktober 2018,3.0,"kemarin pesen perkedel di nota ada, tp pas di buka perkedel gak ada.",Nasi Rendang + Es Teh Manis - Perkedel,28 Juni 2020,2025-07-12 01:36:49
"RM Sederhana SA, Kertajaya Indah 100",E*******,7 Juli 2016,1.0,"pesan telor tapi tidak dibungkuskan ,bayar telor tdk makan telor",Nasi Sayur - Ayam Goreng - Ayam Gulai - Rendang Daging - Telor Gulai / Balado,23 Juni 2020,2025-07-12 01:36:49
"RM Sederhana SA, Kertajaya Indah 100",S****,30 Desember 2017,5.0,enakkkk.....👍👍👍,Nasi Gulai Otak - Perkedel,21 Juni 2020,2025-07-12 01:36:49
"RM Sederhana SA, Kertajaya Indah 100",T*** D***********,21 Mei 2016,2.0,kikil yg diberikan tdk layak konsumsi,Nasi Gulai Kikil,14 Juni 2020,2025-07-12 01:36:49
"RM Sederhana SA, Kertajaya Indah 100",I*****,22 September 2015,2.0,To small alias terlalu sedikit,Martabak Mesir,11 Juni 2020,2025-07-12 01:36:49
"RM Sederhana SA, Kertajaya Indah 100",A***,30 Mei 2017,1.0,belinya daging tp dikasih nya jeroan,Sate Padang Daging,10 Juni 2020,2025-07-12 01:36:49
"RM Sederhana SA, Kertajaya Indah 100",Z*,16 Maret 2017,1.0,GAK PERNAH DIKSIH BUMBU RENDANG BANYAK PADAHAL UDAH MINTA !,Nasi Rendang Daging - Sambal Terong Pete,29 Mei 2020,2025-07-12 01:36:49
"RM Sederhana SA, Kertajaya Indah 100",F**** H****,23 Agustus 2018,4.0,"lebih memperhatikan ketelitian dlm pengemasan, contoh hari ini saya order makanan yg saya order tdk ikut terbungkus tapi sudaha di bayar.",Kolak - Rendang Daging - Ayam Goreng Panas - Gulai Kikil - Nasi Rendang Daging - Sambal Kentang Telur Puyuh - Perkedel - Telor Dadar,13 Mei 2020,2025-07-12 01:36:49
"RM Sederhana SA, Kertajaya Indah 100",P******* S**** B*******,18 September 2015,4.0,Mohon untuk lebih teliti di catatan pesanannya. Terima kasih.,Paket 2,4 Mei 2020,2025-07-12 01:36:49
"RM Sederhana SA, Kertajaya Indah 100",A** C****** S,21 Agustus 2015,1.0,Sate nya daging ayam nya sudah lama kecut dan bau!!!!!,Nasi Ayam Goreng Panas,30 April 2020,2025-07-12 01:36:49
"RM Sederhana SA, Kertajaya Indah 100",J****,9 Desember 2015,5.0,packaging needs precaution. not secure enough for take away.,Nasi Rendang Daging - Perkedel - Sambal Terong Pete - Nasi Putih,1 Mei 2020,2025-07-12 01:36:49
"RM Sederhana SA, Kertajaya Indah 100",F****,1 September 2015,5.0,never failed ♡ awesome 😍 thank you . love it ❤ || telor dadar nya juara. bumbu rendangnya mantab 👍 cuma cabang kertajaya yg mantaaaaff 🎉,Nasi Telor Dadar/ Gulai/ Balado - Nasi Rendang Daging,1 Mei 2020,2025-07-12 01:36:49
"RM Sederhana SA, Kertajaya Indah 100",K*** P**** A*******,23 Desember 2016,3.0,menunya ga lengkap,Nasi Ikan Tengiri (Gulai/ Asam Pedas/ Balado) - Telor Gulai / Balado - Kolak - Bubur Kampiun - Martabak Mesir,2 Mei 2020,2025-07-12 01:36:49
"RM Sederhana SA, Kertajaya Indah 100",L****** D***,21 Desember 2015,3.0,Packaging not proper juring this pandemi,Kolak - Dendeng Balado - Nasi Sayur - Ayam Goreng - Ayam Pop - Teri Balado,30 April 2020,2025-07-12 01:36:49
"RM Sederhana SA, Kertajaya Indah 100",C****,10 Oktober 2015,5.0,Selalu pesan 👍 karna kualitas dan rasa tdk diragukan lg!,Perkedel - Nasi Rendang Daging,28 April 2020,2025-07-12 01:36:49
"RM Sederhana SA, Kertajaya Indah 100",A**,11 November 2016,5.0,Gak Ada Obat CUUUUYYYYYY,Nasi Rendang Daging,23 April 2020,2025-07-12 01:36:49
"RM Sederhana SA, Kertajaya Indah 100",N*****,2 Agustus 2015,5.0,mantap deh. tpi ada kirangnya kok gak ada sambelnya ijo or merah ya,Nasi Ikan Tengiri (Gulai/ Asam Pedas/ Balado) - Nasi Gulai Ati / Limpa - Nasi Ayam Goreng/ Bakar/ Gulai,19 April 2020,2025-07-12 01:36:49
"RM Sederhana SA, Kertajaya Indah 100",F****,1 September 2015,5.0,good job 👍 trm ksh,Nasi Telor Dadar/ Gulai/ Balado,19 April 2020,2025-07-12 01:36:49
"RM Sederhana SA, Kertajaya Indah 100",B*** J***,17 November 2019,1.0,ada menu yg kosong tapi di aplikasi tidak di matikan,Nasi Telor Dadar/ Gulai/ Balado,16 April 2020,2025-07-12 01:36:49
"RM Sederhana SA, Kertajaya Indah 100",D*** D K********,10 April 2018,4.0,minta tambah kuah aja gk di kasih.  tp enak makanannya,Gulai Kikil - Gulai Otak - Ayam Pop - Sambal Hijau - Sayur Nangka,25 Maret 2020,2025-07-12 01:36:49
"RM Sederhana SA, Kertajaya Indah 100",J*****,28 Juli 2015,2.0,gak konfirm asal kasi telur gule..driver kurang komunikasi.sendok juga ga di kasi .,Nasi Telor Dadar/ Gulai/ Balado,25 Maret 2020,2025-07-12 01:36:49
"RM Sederhana SA, Kertajaya Indah 100",N***,7 Oktober 2015,4.0,porsi dan harga ndak seimbang hehee,Telor Gulai / Balado - Ayam Goreng - Ayam Pop - Gulai Cumi,22 Maret 2020,2025-07-12 01:36:49
"RM Sederhana SA, Kertajaya Indah 100",H******,2 April 2017,5.0,Mahal tolong turunin harga,Martabak Mesir - Rendang Daging - Ayam Gulai - Paru,21 Maret 2020,2025-07-12 01:36:49
"RM Sederhana SA, Kertajaya Indah 100",B***,18 Januari 2018,5.0,porsinya digedein lg,Martabak Mesir - Sate Padang,14 Maret 2020,2025-07-12 01:36:49
"RM Sederhana SA, Kertajaya Indah 100",A*****,2 Februari 2015,4.0,pesenan sy ga sesuai sama yg diantar..,Sambal Terong Pete - Sayur Daun Singkong - Sayur Nangka - Gulai Telor Ikan - Sambal Goreng Jengkol,8 Maret 2020,2025-07-12 01:36:49
"RM Sederhana SA, Kertajaya Indah 100",Y**** G*****,14 Juni 2017,5.0,satang kikilnya kecil bgt,Nasi Gulai Kikil,5 Maret 2020,2025-07-12 01:36:49
"RM Sederhana SA, Kertajaya Indah 100",H***,17 Desember 2015,1.0,"Sudah pesan kembung bakar , ternyata habis , padahal klik di pesanan bisa, sehingga tidak mendapat kan diskon karena jumlah ruoiahnya kurang,   Di dalam memo Sudah ditulis unt diberikan bumbu rendang sedikit ( dulu biasanya selalu ada), ternyata tidak diberikan",Nasi Ayam Goreng/ Bakar/ Gulai - Ikan Kembung Bakar,3 Maret 2020,2025-07-12 01:36:49
"RM Sederhana SA, Kertajaya Indah 100",H******,3 Oktober 2015,1.0,saya pesan tdk dapat sambalnya sama sekali dalam 3 porsi,Ayam Goreng - Ikan Tengiri Asam Pedas - Ikan Tengiri Gulai,27 Februari 2020,2025-07-12 01:36:49
"RM Sederhana SA, Kertajaya Indah 100",A***,21 September 2015,5.0,So far it taste is delicious. Cuman yang harus jadi concern di sini buah semangka dan pepaya dalam es telernya agak kurang fresh dan mulai kecut sih rasa buahnya. Tks,Nasi Telor Dadar/ Gulai/ Balado - Es Teler,23 Februari 2020,2025-07-12 01:36:49
"RM Sederhana SA, Kertajaya Indah 100",A** K*****,6 September 2015,4.0,"Mungkin kurang siap sayur dan timun jadi ga dikasih , tp kuah gulai nya di pisah mantap sekali , baru sekali seperti ini ,",Nasi Rendang Daging,23 Februari 2020,2025-07-12 01:36:49
"RM Sederhana SA, Kertajaya Indah 100",F*** A******** M*,21 April 2017,5.0,"more exclusive package. the price is worthed for the taste, but not the package",Ayam Goreng Panas - Sambal Terong Pete - Sayur Daun Singkong - Sayur Nangka - Sate Padang Daging - Gulai Kikil,22 Februari 2020,2025-07-12 01:36:49
"RM Sederhana SA, Kertajaya Indah 100",H************,10 Juni 2016,4.0,utk sop buntutnya terlalu asin,Sambal Goreng Udang - Ayam Gulai - Sop Buntut - Ayam Bakar - Sayur Buncis,20 Februari 2020,2025-07-12 01:36:49
"RM Sederhana SA, Kertajaya Indah 100",A***,21 September 2015,3.0,buah es campurnya ga seger. mohon diperhatikan. btk,Sate Padang - Es Campur,15 Februari 2020,2025-07-12 01:36:49
"RM Sederhana SA, Kertajaya Indah 100",N***,27 November 2017,3.0,"Manis masakannya, sambelnya dikiiiiiiiiiiiiiitt bgt",Telor Gulai / Balado - Nasi Gulai Otak,10 Februari 2020,2025-07-12 01:36:49
"RM Sederhana SA, Kertajaya Indah 100",A**********,22 Oktober 2016,4.0,"Remdang enak, tp terlalu kering, jadinya agsk asin dan bumbunya nggak bisa dimakan karena asin",Paket 1 - Paket 2,7 Februari 2020,2025-07-12 01:36:49
"RM Sederhana SA, Kertajaya Indah 100",L** R****,31 Mei 2016,5.0,Sebenernya g tau rasanya sbb dibawak kepapua naik pesawat. Semoga tidak basi sbb buat menjamu tamu2 disana. Semoga menjadi langganan,Rendang Daging /Kg,4 Februari 2020,2025-07-12 01:36:49
"RM Sederhana SA, Kertajaya Indah 100",D***,14 Agustus 2015,2.0,yg masak agak gosong,Martabak Mesir,3 Februari 2020,2025-07-12 01:36:49
"RM Sederhana SA, Kertajaya Indah 100",D****,31 Agustus 2015,5.0,Sederhana namanya meriah rasanya,Nasi Gulai Kikil - Nasi Ayam Goreng Panas,28 Januari 2020,2025-07-12 01:36:49
"RM Sederhana SA, Kertajaya Indah 100",L****,3 Mei 2017,5.0,sedikit terlalu pedas. pedasnya dikurangin sedikit boleh...,Rendang Daging,26 Januari 2020,2025-07-12 01:36:49
"RM Sederhana SA, Kertajaya Indah 100",A***** H*******,29 September 2016,3.0,rendangnya keasinan,Nasi Rendang Daging,25 Januari 2020,2025-07-12 01:36:49
"RM Sederhana SA, Kertajaya Indah 100",F*******,6 Oktober 2019,5.0,ueeeeenaaaaaaaaaaaaak banget,Nasi Rendang Daging,14 Januari 2020,2025-07-12 01:36:49
"RM Sederhana SA, Kertajaya Indah 100",I*****,7 Maret 2019,1.0,paru Goreng nya bisa mematahkan gigi.... gigi itu Mahal sekali.... mungkin terlalu berulang using dipanaskan ataupun terlalu lama di Goreng....,Roti Cane - Paru - Ayam Gulai,10 Januari 2020,2025-07-12 01:36:49
"RM Sederhana SA, Kertajaya Indah 100",D**** S,25 September 2018,5.0,top markotop deh,Nasi Gulai Kikil,4 Januari 2020,2025-07-12 01:36:49
"RM Sederhana SA, Kertajaya Indah 100",R******* N********,15 Juli 2016,3.0,"Ada lalat pada nasi, lebih di perhatikan kebersihannya",Gulai Kikil - Nasi Telor Dadar/ Gulai/ Balado,23 Desember 2019,2025-07-12 01:36:49
"RM Sederhana SA, Kertajaya Indah 100",H************,10 Juni 2016,5.0,rasanya tetap terjaga,Ikan Tengiri Gulai - Ayam Gulai - Ayam Goreng - Nasi Ayam Goreng/ Bakar/ Gulai - Ikan Tengiri Goreng,14 Desember 2019,2025-07-12 01:36:49
"RM Sederhana SA, Kertajaya Indah 100",J****** I***,28 September 2015,5.0,rasa bintang 5 harga ya bintang 5,Nasi Perkedel,11 Desember 2019,2025-07-12 01:36:49
"RM Sederhana SA, Kertajaya Indah 100",M*** F*****,17 April 2018,4.0,Lada di sop buntut terlalu banyak.. jadi terlalu pedas lada..,Sop Buntut,13 Desember 2019,2025-07-12 01:36:49
"RM Sederhana SA, Kertajaya Indah 100",N**** S******,16 Mei 2016,1.0,kemarin sayur singkong nya ase,Sayur Daun Singkong - Ayam Goreng Panas,12 Desember 2019,2025-07-12 01:36:49
"RM Sederhana SA, Kertajaya Indah 100",K** R***,21 Juli 2019,4.0,Sesuai dengan harganya,Sambal Goreng Teri Pete - Sambal Goreng Udang - Nasi Putih - Jus Nangka - Nasi Gulai Kikil,12 Desember 2019,2025-07-12 01:36:49
"RM Sederhana SA, Kertajaya Indah 100",T*** P******,3 Juni 2016,5.0,enak pol pol pol,Nasi Perkedel,11 Desember 2019,2025-07-12 01:36:49
"RM Sederhana SA, Kertajaya Indah 100",M****,20 Mei 2016,2.0,minta dada dikasi paha. kremes ga dikasi.sambel ga dikasi,Nasi Ayam Goreng/ Bakar/ Gulai - Nasi Gulai Kikil,8 Desember 2019,2025-07-12 01:36:49
"RM Sederhana SA, Kertajaya Indah 100",M****,6 November 2018,1.0,Pelit kalo kasih daun pepaya dan sayur nangka,Nasi Rendang Daging,3 Desember 2019,2025-07-12 01:36:49
"RM Sederhana SA, Kertajaya Indah 100",I***,5 Agustus 2017,3.0,satenya keras dan rendangnya juga...pedas sekali..,Martabak Mesir - Nasi Rendang Daging - Sate Padang Daging,5 Desember 2019,2025-07-12 01:36:49
"RM Sederhana SA, Kertajaya Indah 100",R*** Y******,3 Desember 2019,5.0,untuk ukuran anak saya rendangnya terlalu pedas,Nasi Rendang Daging,4 Desember 2019,2025-07-12 01:36:49
"RM Sederhana SA, Kertajaya Indah 100",F****,1 September 2015,5.0,good job 👍 terimakasih. klo bole saran. sayur kubis itu tdk perlu ada hehehe. oia klo paket nasi bungkus itu sayurnya ga bs dipisah hehehe .. jd musti langsung d makan ..,Nasi Gulai Kikil - Telor Dadar,4 Desember 2019,2025-07-12 01:36:49
"RM Sederhana SA, Kertajaya Indah 100",F****,1 September 2015,4.0,"maaf ya sebelum nya . jujur sempat kecewa saat pesan nasi bungkus dan minta tlg dipisah antara nasi & sayur, ga dibolehin. maksud minta dipisah itu karena takute ga bs makan langsung saat pesanan dtg. kan klo nasi kesiram kuah, lalu ga d makan langsung, kan nasi jd mengembang dan ga enak di maka. 😁
so. klo pesen nasi bungkus, harus langsung dimakan, apalagi jarak restoran ke   customer jauh hehehe.
kali ini coba order pakai box, ternyata minus nya itu sayurnya, kuah nya dikit hehehe
tapi bs ga dimakan langsung
over all rasanya nyaman ❤ || favorit nya ayah. terimakasih 👌",Paket 3,2 Desember 2019,2025-07-12 01:36:49
"RM Sederhana SA, Kertajaya Indah 100",R***,6 September 2015,4.0,"Pelit ngasih bumbu dan sayur, beda klo beli langsung kesana dikasih banyak, klo order dikasih dikit... Huhuu",Nasi Rendang Daging,27 November 2019,2025-07-12 01:36:49
"RM Sederhana SA, Kertajaya Indah 100",L****,12 September 2015,4.0,daging rendang sgt keras,Paket 6,28 November 2019,2025-07-12 01:36:49
"RM Sederhana SA, Kertajaya Indah 100",M****,6 November 2018,1.0,I asked them to reduce the rice and more veggie and pour rendang sauce and they refused it. Extremely disappointed,Nasi Telor Dadar/ Gulai/ Balado,25 November 2019,2025-07-12 01:36:49
"RM Sederhana SA, Kertajaya Indah 100",F****,1 September 2015,5.0,terimakasih. good job 👍,Nasi Gulai Kikil,21 November 2019,2025-07-12 01:36:49
"RM Sederhana SA, Kertajaya Indah 100",R** I*****,25 September 2016,5.0,makanan sederhana tp harga tdk sederhana. 😂😂😂😂,Nasi Rendang Daging,20 November 2019,2025-07-12 01:36:49
"RM Sederhana SA, Kertajaya Indah 100",Z*****,20 Agustus 2016,3.0,"Telor gulai sudah keras, seperti bola karet, sudah tidak segar. Baru pertama kali beli dapetnya telor lama/sudah dipanaskan berulang kali.",Nasi Telor Dadar/ Gulai/ Balado - Nasi Gulai Cincang,16 November 2019,2025-07-12 01:36:49
"RM Sederhana SA, Kertajaya Indah 100",F***** B,20 November 2015,5.0,enak tapi terlalu pedas,Gulai Telor Ikan,16 November 2019,2025-07-12 01:36:49
"RM Sederhana SA, Kertajaya Indah 100",A***,23 Mei 2017,5.0,lamak bana kohaaaaa....badaceh,Es Teler - Sambal Goreng Jengkol - Ayam Goreng Panas,16 November 2019,2025-07-12 01:36:49
"RM Sederhana SA, Kertajaya Indah 100",H*****,12 Juli 2017,5.0,"rasanya mantap, porsinya cukup",Gulai Otak - Gulai Kikil,14 November 2019,2025-07-12 01:36:49
"RM Sederhana SA, Kertajaya Indah 100",B****,28 September 2016,1.0,"pesan dan bayar utk beli sambel teri Pete sesuai aplikasi dikasih sambel terong,menyebalkan,saya ga suka terong,hilang gopay percuma,mana mahall ,lain kali yg teliti dong!!!",Sambel Goreng Jengkol - Sambal Goreng Teri Pete - Sate Padang - Martabak Mesir,13 November 2019,2025-07-12 01:36:49
"RM Sederhana SA, Kertajaya Indah 100",H****,21 Mei 2019,5.0,Mantab masakan chef nya,Nasi Ayam Goreng/ Bakar/ Gulai,10 November 2019,2025-07-12 01:36:49
"RM Sederhana SA, Kertajaya Indah 100",M**** A** H******,3 Februari 2017,1.0,sy pesan es campur. buahnya ga ada yg fresh. kecuali kelapa muda yg setengah tua. sgt mengecewakan.,Rendang Daging,12 November 2019,2025-07-12 01:36:49
"RM Sederhana SA, Kertajaya Indah 100",S****** R*******,15 April 2019,1.0,"masak mau nambah nasi karna di menu gfood nya gak ada sampai harga 13k, mahal banget, udah sayur nya cuma di bungkus plastik doang lagi",Sayur Pakis,5 November 2019,2025-07-12 01:36:49
"RM Sederhana SA, Kertajaya Indah 100",H****,21 Mei 2019,5.0,Mantabz kokinya,Nasi Ayam Goreng/ Bakar/ Gulai,5 November 2019,2025-07-12 01:36:49
"RM Sederhana SA, Kertajaya Indah 100",F****,1 September 2015,5.0,good job 👍 trm ksh,Nasi Telor Dadar/ Gulai/ Balado,1 November 2019,2025-07-12 01:36:49
"RM Sederhana SA, Kertajaya Indah 100",H************,10 Juni 2016,5.0,rasanya sesuai espektasi,Ikan Tengiri Goreng - Nasi Ayam Goreng/ Bakar/ Gulai,1 November 2019,2025-07-12 01:36:49
"RM Sederhana SA, Kertajaya Indah 100",I**,10 Agustus 2015,5.0,"porsi banyak, harga murah, rasa enak , pelayanan cepat",Nasi Ayam Goreng/ Bakar/ Gulai,2 November 2019,2025-07-12 01:36:49
"RM Sederhana SA, Kertajaya Indah 100",M****,6 November 2018,5.0,The best food ever,Nasi Telor Dadar/ Gulai/ Balado,29 Oktober 2019,2025-07-12 01:36:49
"RM Sederhana SA, Kertajaya Indah 100",V******,13 Maret 2016,4.0,ayamnya kalau bisa agak besar,Nasi Ayam Goreng/ Bakar/ Gulai,27 Oktober 2019,2025-07-12 01:36:49
"RM Sederhana SA, Kertajaya Indah 100",D***,18 Februari 2017,1.0,"Ada ulet’y,kecewa bgt gx jd dimakan",Sayur Daun Singkong - Nasi Rendang Daging - Sambal Kentang Telur Puyuh,28 Oktober 2019,2025-07-12 01:36:49
"RM Sederhana SA, Kertajaya Indah 100",K******,23 Oktober 2017,2.0,sotonya terlalu sdkit dgn hrga 27.000 tdk pkai nasi lg,Soto Padang - Martabak Mesir,28 Oktober 2019,2025-07-12 01:36:49
"RM Sederhana SA, Kertajaya Indah 100",R****,24 Februari 2017,5.0,paru goreng kering ny melempem krna di gabung di nasi harusny kalo renyah2 di pisah aja lebih enak 😁,Nasi Paru,26 Oktober 2019,2025-07-12 01:36:49
"RM Sederhana SA, Kertajaya Indah 100",E**,9 September 2018,4.0,antriannnya lama bangettt,Nasi Telor Dadar/ Gulai/ Balado,20 Oktober 2019,2025-07-12 01:36:49
"RM Sederhana SA, Kertajaya Indah 100",S**** S******,25 September 2015,5.0,"Dari jamam kuliah, rasa nya ga pernah berubah. 👌🏿",Martabak Mesir,14 Oktober 2019,2025-07-12 01:36:49
"RM Sederhana SA, Kertajaya Indah 100",H*****,12 Juli 2017,5.0,kuah gulai otaknya cukup pedas menurut saya :),Gulai Otak - Nasi Rendang Daging,8 Oktober 2019,2025-07-12 01:36:49
"RM Sederhana SA, Kertajaya Indah 100",H****,21 Mei 2019,5.0,Rasanya mantul (mantab betul),Nasi Gulai Kikil,7 Oktober 2019,2025-07-12 01:36:49
"RM Sederhana SA, Kertajaya Indah 100",M****,6 November 2018,5.0,Ueeeeenaaaak poool,Nasi Telor Dadar/ Gulai/ Balado,3 Oktober 2019,2025-07-12 01:36:49
"RM Sederhana SA, Kertajaya Indah 100",W**** W***,23 November 2018,5.0,selalu istimewa lah,Nasi Rendang Daging - Nasi Telor Dadar/ Gulai/ Balado,6 Oktober 2019,2025-07-12 01:36:49
"RM Sederhana SA, Kertajaya Indah 100",N** S********,9 September 2017,5.0,lebih banyak bumbunya dari sebelumnya sy pesen,Nasi Rendang Daging - Sayur Daun Singkong,1 Oktober 2019,2025-07-12 01:36:49
"RM Sederhana SA, Kertajaya Indah 100",D****,31 Juli 2015,4.0,cuminya kecil banget,Gulai Cumi,5 Oktober 2019,2025-07-12 01:36:49
"RM Sederhana SA, Kertajaya Indah 100",G****** I***,26 April 2018,1.0,"masa harga 28rb kemasannya plastik aja
harusnya lebih elit dikit
juga ditambah sayur
ini bumhu rendangnya pelit banget juga",Soto Padang,4 Oktober 2019,2025-07-12 01:36:49
"RM Sederhana SA, Kertajaya Indah 100",M****,6 November 2018,5.0,Beautiful taste masyaAllah,Nasi Ayam Goreng/ Bakar/ Gulai,28 September 2019,2025-07-12 01:36:49
"RM Sederhana SA, Kertajaya Indah 100",M*** F*****,17 April 2018,4.0,"Bumbu kuah Gulai otak jangan pake rawit dan lada banyak2 pak, sederhana pusat yang rawamangun rasa pedas dari kuah Gulai nya authentic karena hanya pkai cabe keriting",Rendang Daging - Gulai Otak,29 September 2019,2025-07-12 01:36:49
"RM Sederhana SA, Kertajaya Indah 100",C******* S*****,17 September 2015,5.0,rendang nya juaraaa,Nasi Sayur - Teri Balado - Rendang Daging - Sambal Hijau,10 September 2019,2025-07-12 01:36:49
"RM Sederhana SA, Kertajaya Indah 100",A*,3 Juli 2018,5.0,"enak rendang nya,, bikin kangen pulang",Sayur Daun Singkong - Rendang Daging,8 September 2019,2025-07-12 01:36:49
"RM Sederhana SA, Kertajaya Indah 100",T***** A***,31 Oktober 2015,5.0,top abis rasanya,Sate Padang Daging - Roti Cane,7 September 2019,2025-07-12 01:36:49
"RM Sederhana SA, Kertajaya Indah 100",N***,10 Mei 2017,3.0,harga nasi padang tambah lama tambah naik nih,Nasi Perkedel,1 September 2019,2025-07-12 01:36:49
"RM Sederhana SA, Kertajaya Indah 100",H************,10 Juni 2016,4.0,packing tidak sesuai dengan pesanan,N/A,31 Agustus 2019,2025-07-12 01:36:49
"RM Sederhana SA, Kertajaya Indah 100",M**,22 Oktober 2017,5.0,"Mantap banget...👍👍👍
enak banget..... 👍👍👍",N/A,25 Agustus 2019,2025-07-12 01:36:49
"RM Sederhana SA, Kertajaya Indah 100",I******* A******* A*****,4 September 2015,3.0,"Porsi ayamnya kurang, nasinya bnyk bingit. Rasa ok lah",N/A,19 Agustus 2019,2025-07-12 01:36:49
"RM Sederhana SA, Kertajaya Indah 100",M**,22 Oktober 2017,5.0,enak banget..... top banget.....👍👍👍👍👍,N/A,14 Agustus 2019,2025-07-12 01:36:49
"RM Sederhana SA, Kertajaya Indah 100",A**** A******,13 Juni 2017,3.0,"untuk kemasan minum ,misal coca cola lebih baik yang kemasan botol langsung bukan yang dikemas ulang.",Nasi Ayam Goreng/ Bakar/ Gulai - Coca Cola,11 Agustus 2019,2025-07-12 01:36:49
"RM Sederhana SA, Kertajaya Indah 100",L*** W*****,7 Agustus 2015,3.0,sambel dan kuah kari kurang banyak,N/A,10 Agustus 2019,2025-07-12 01:36:49
"RM Sederhana SA, Kertajaya Indah 100",O****** E** Z****,28 Oktober 2017,4.0,kenapa sekali ini ada yg terasa manis??? sangat mengganggu di lidah...karena masakan minang identik dengan rasa pedas dan gurih...gula na jangan kebanyakan ya mas...,N/A,10 Agustus 2019,2025-07-12 01:36:49
"RM Sederhana SA, Kertajaya Indah 100",I*** M******,9 November 2015,1.0,tidak sesuai pesanan,N/A,2 Agustus 2019,2025-07-12 01:36:49
"RM Sederhana SA, Kertajaya Indah 100",A**** Z*******,5 Juli 2015,5.0,telat membaca pesan dgn details,N/A,22 Juli 2019,2025-07-12 01:36:49
"RM Sederhana SA, Kertajaya Indah 100",N***,10 Mei 2017,3.0,"kuahnya sedikit, biasanya nas padang kan keistimewaannya krn kuah yg banyak di nasinya, tapi kali ini dapat yg nasi nya kering gt",N/A,20 Juli 2019,2025-07-12 01:36:49
"RM Sederhana SA, Kertajaya Indah 100",A***,23 Juli 2016,5.0,"Great, as expected. It matches the menu from the apps. The only problem is the arrangements from the food are messy.",N/A,18 Juli 2019,2025-07-12 01:36:49
"RM Sederhana SA, Kertajaya Indah 100",M**** N*,23 Januari 2016,5.0,porsi jumbo mantap,N/A,8 Juli 2019,2025-07-12 01:36:49
"RM Sederhana SA, Kertajaya Indah 100",M*** S***,13 April 2016,3.0,Ayam kecil untuk harga 30k.,N/A,4 Juli 2019,2025-07-12 01:36:49
"RM Sederhana SA, Kertajaya Indah 100",V**** A******,15 Juli 2018,3.0,gak se enak dulu..bumbu agak berkurang,N/A,30 Juni 2019,2025-07-12 01:36:49
"RM Sederhana SA, Kertajaya Indah 100",I*** A*****,15 November 2015,5.0,lamak bana samo raso nyo jo yg di bukiktinggi,N/A,24 Juni 2019,2025-07-12 01:36:49
"RM Sederhana SA, Kertajaya Indah 100",T****,30 Juli 2015,3.0,"sllu ya klo yg d bungkus sm yg mkn tempat pst beda porsi, ga puas sih",N/A,18 Juni 2019,2025-07-12 01:36:49
"RM Sederhana SA, Kertajaya Indah 100",S***,5 September 2016,1.0,bungkus nasi padang tapi dicampur jadi 1. kalau minta pisah kena charge mahal banget. padahal kalau beli nasi padang dipinggir jalan tanpa diminta pisah aja pasti sdh dipisah,N/A,11 Juni 2019,2025-07-12 01:36:49
"RM Sederhana SA, Kertajaya Indah 100",L******,10 Maret 2017,5.0,nasi Padang terenak di dunia 😍😍,N/A,28 Mei 2019,2025-07-12 01:36:49
"RM Sederhana SA, Kertajaya Indah 100",R**** A*** A**,24 Mei 2017,5.0,rasanya seperti dikampung saya sndiri... #saya orang minang😀,N/A,30 Mei 2019,2025-07-12 01:36:49
"RM Sederhana SA, Kertajaya Indah 100",L*** W*****,7 Agustus 2015,5.0,RM Sederhana kertajaya selalu MANTUL,N/A,27 Mei 2019,2025-07-12 01:36:49
"RM Sederhana SA, Kertajaya Indah 100",J****** I***,28 September 2015,4.0,"kuah padangnya kurang
biasanya agak banyak",N/A,18 Mei 2019,2025-07-12 01:36:49
"RM Sederhana SA, Kertajaya Indah 100",A****,25 Juni 2018,5.0,"yang kangen masakan padang kesini aja,dijamin kelepas rindunya kalian",N/A,12 Mei 2019,2025-07-12 01:36:49
"RM Sederhana SA, Kertajaya Indah 100",P****,11 Juli 2017,4.0,"sayurnya gaada kuahnya, sayur doang",N/A,12 Mei 2019,2025-07-12 01:36:49
"RM Sederhana SA, Kertajaya Indah 100",S**** H******,27 April 2017,5.0,"Sayang tdk sesuai pesanan.
Kurang 1ptg ayam panggang!!!
Go-Food harap lihat pesanan.",N/A,4 Mei 2019,2025-07-12 01:36:49
"RM Sederhana SA, Kertajaya Indah 100",S***** B****,31 Juli 2016,4.0,Porsi tidak sesuai dengan foto,N/A,3 Mei 2019,2025-07-12 01:36:49
"RM Sederhana SA, Kertajaya Indah 100",S***** B****,31 Juli 2016,4.0,"Di gambar ada 2, ternyata cuman 1. Tolong ditulis di deskripsi.",N/A,1 Mei 2019,2025-07-12 01:36:49
"RM Sederhana SA, Kertajaya Indah 100",I***** D******,5 Mei 2016,4.0,kecil amat ikannya .. hrheheehje,N/A,1 Mei 2019,2025-07-12 01:36:49
"RM Sederhana SA, Kertajaya Indah 100",M**,2 September 2015,5.0,enak pake banget,N/A,30 April 2019,2025-07-12 01:36:49
"RM Sederhana SA, Kertajaya Indah 100",F***** P****,17 Maret 2018,3.0,Kuah gulai nya kalau malam udah mulai sedikit asam.,N/A,23 April 2019,2025-07-12 01:36:49
"RM Sederhana SA, Kertajaya Indah 100",H****,5 November 2017,4.0,porsinya dikurangi sedikit ya.,N/A,22 April 2019,2025-07-12 01:36:49
"RM Sederhana SA, Kertajaya Indah 100",S*********,13 Maret 2017,5.0,wenaak banget. reorder skr,N/A,17 April 2019,2025-07-12 01:36:49
"RM Sederhana SA, Kertajaya Indah 100",B********,20 Agustus 2018,4.0,i like the taste some time.,N/A,17 April 2019,2025-07-12 01:36:49
"RM Sederhana SA, Kertajaya Indah 100",B*** W**** W*****,5 Maret 2017,5.0,Weeenaaakkk Boskuuu,N/A,17 April 2019,2025-07-12 01:36:49
"RM Sederhana SA, Kertajaya Indah 100",N***,10 Mei 2017,4.0,"waktu pesan nasi rendang daging, ukuran dagingnya kecil sekali dan kualitas dagingnya gak oke, keras alot dikunyahnya.",N/A,14 April 2019,2025-07-12 01:36:49
"RM Sederhana SA, Kertajaya Indah 100",L****,26 September 2018,5.0,kesukaan mami q,N/A,14 April 2019,2025-07-12 01:36:49
"RM Sederhana SA, Kertajaya Indah 100",R******,15 Oktober 2015,5.0,telor ikannya mantap,N/A,5 April 2019,2025-07-12 01:36:49
"RM Sederhana SA, Kertajaya Indah 100",N*****,2 Agustus 2015,5.0,mantap rasa nya,N/A,31 Maret 2019,2025-07-12 01:36:49
"RM Sederhana SA, Kertajaya Indah 100",W******,7 Februari 2018,3.0,rendangnya tidak fresh seperti makan dissna,N/A,27 Maret 2019,2025-07-12 01:36:49
"RM Sederhana SA, Kertajaya Indah 100",I******* Y***,29 Juli 2018,3.0,rasa roti cane sgt tdk recomended krn terlalu banyak minyak jd krg enak dimakan,N/A,31 Maret 2019,2025-07-12 01:36:49
"RM Sederhana SA, Kertajaya Indah 100",I*** A*****,15 November 2015,5.0,di antra beberapa resto sederhana di surabaya yg di Ra kertajaya yg paling enak....  sabana lamak.. samo raso nyo jo yg di simpang yarsi bukiktggi,N/A,25 Maret 2019,2025-07-12 01:36:49
"RM Sederhana SA, Kertajaya Indah 100",F****,14 Januari 2017,3.0,harganya jgn mahal,N/A,17 Maret 2019,2025-07-12 01:36:49
"RM Sederhana SA, Kertajaya Indah 100",R**** F*****,15 April 2016,5.0,Lamak banaaaaa!!!!!,N/A,10 Maret 2019,2025-07-12 01:36:49
"RM Sederhana SA, Kertajaya Indah 100",P****,6 September 2015,3.0,Salah items parah,N/A,9 Maret 2019,2025-07-12 01:36:49
"RM Sederhana SA, Kertajaya Indah 100",J***** A* F****,30 April 2015,1.0,dagingnya keras banget,N/A,9 Maret 2019,2025-07-12 01:36:49
"RM Sederhana SA, Kertajaya Indah 100",B****,9 Februari 2017,4.0,"Sebenernya makanan / tempat nya enak banget sih. Ak langganan trs, ga pernah ganti2 tempat makan padang. Cuman ketika aku gojek sering banget ada yg ketinggalan. Udah 2x gojek ketinggalan rendang. Harusnya lebih teliti krn kasian gojeknya kalau hrs bolak balik loh.",N/A,7 Maret 2019,2025-07-12 01:36:49
"RM Sederhana SA, Kertajaya Indah 100",F**** R*******,30 Oktober 2016,3.0,"sate padang fotonya pakai ketupat, tetapi kenapa ketupatnya gak ada",N/A,7 Maret 2019,2025-07-12 01:36:49
"RM Sederhana SA, Kertajaya Indah 100",D*** K*********,30 April 2017,3.0,Pesanan ayam kremes tapi tidak ada kremesnya,N/A,5 Maret 2019,2025-07-12 01:36:49
"RM Sederhana SA, Kertajaya Indah 100",Y***,13 April 2018,5.0,saosnya enak banget,N/A,2 Maret 2019,2025-07-12 01:36:49
"RM Sederhana SA, Kertajaya Indah 100",I*****,25 Desember 2016,5.0,semoga tetep.enak..jaya..sederhana sa...Matursembahnuhun..,N/A,1 Maret 2019,2025-07-12 01:36:49
"RM Sederhana SA, Kertajaya Indah 100",A****,30 Oktober 2015,5.0,makasih pak .cekatan dan cepat sampai 🙏🙏🙏,N/A,28 Februari 2019,2025-07-12 01:36:49
"RM Sederhana SA, Kertajaya Indah 100",Y**** H*****,28 September 2015,4.0,kemarin pesan sup buntut tp koq g ada sambal n jeruk nipisnya y???,N/A,26 Februari 2019,2025-07-12 01:36:49
"RM Sederhana SA, Kertajaya Indah 100",T*****,31 Agustus 2015,4.0,less spicy will be good for the satay sauce,N/A,26 Februari 2019,2025-07-12 01:36:49
"RM Sederhana SA, Kertajaya Indah 100",R**** F*****,15 April 2016,5.0,I enjoyed every bite of it,N/A,23 Februari 2019,2025-07-12 01:36:49
"RM Sederhana SA, Kertajaya Indah 100",R****,4 Februari 2017,3.0,kyknya keasinan dech kuah gulenya,N/A,21 Februari 2019,2025-07-12 01:36:49
"RM Sederhana SA, Kertajaya Indah 100",M******* A***** J*** P****,23 Mei 2018,1.0,lontongnya dingin,N/A,16 Februari 2019,2025-07-12 01:36:49
"RM Sederhana SA, Kertajaya Indah 100",A*** R******,11 Desember 2015,3.0,cutleries are not always given.,N/A,6 Februari 2019,2025-07-12 01:36:49
"RM Sederhana SA, Kertajaya Indah 100",A*****,16 Oktober 2017,5.0,mas pelayan dan mas gojek nya oke2 pisan euh..👍🏻👍🏻,N/A,5 Februari 2019,2025-07-12 01:36:49
"RM Sederhana SA, Kertajaya Indah 100",N****,18 September 2015,2.0,Menu dendeng yg diberikan paru,N/A,2 Februari 2019,2025-07-12 01:36:49
"RM Sederhana SA, Kertajaya Indah 100",A**** S*,27 Oktober 2015,5.0,hari ini saya pesan nasi rendang lagi dan kali ini daging nya empukkkk bumbunya seperti biasa  sangat enak berbumbu tolong di jaga kualitas daging yg di sajikan jangan keras kaya kemaren2 yaa,N/A,3 Februari 2019,2025-07-12 01:36:49
"RM Sederhana SA, Kertajaya Indah 100",A**** S*,27 Oktober 2015,5.0,rasanya enak tapi daging rendang keras kaya sol sepatu masa gak bisa kaya warung padang pinggiran yg daging rendang nya bisa empuk gt,N/A,1 Februari 2019,2025-07-12 01:36:49
"RM Sederhana SA, Kertajaya Indah 100",F****,2 Juni 2016,5.0,akhirnya nemu yg mayan enak,N/A,1 Februari 2019,2025-07-12 01:36:49
"RM Sederhana SA, Kertajaya Indah 100",B******,7 Desember 2017,3.0,telornya sedikit sekali,N/A,16 Oktober 2018,2025-07-12 01:36:49
"RM Sederhana SA, Kertajaya Indah 100",F***,6 Juli 2017,5.0,#2019prabowopresidenyamas🙏😊,N/A,6 Oktober 2018,2025-07-12 01:36:49
"RM Sederhana SA, Kertajaya Indah 100",L****,10 Juni 2015,3.0,makanan tdk ada sambal utk sup nya kuah dkit sekali dan asin,N/A,15 September 2018,2025-07-12 01:36:49
"RM Sederhana SA, Kertajaya Indah 100",D***,21 Juni 2016,1.0,Sudah di potong go pay kenapa di tagih tunai lagi kurang bayar 22 rb katanya bpk gojek nya !!!!!!!! Tlg uang saya di kembalikan !!!!!!!!!,N/A,9 September 2018,2025-07-12 01:36:49
"RM Sederhana SA, Kertajaya Indah 100",S**** S******,18 Desember 2015,3.0,"nasinya dikit,sama pesen sate padang tapi ndak dikasih kupat",N/A,1 September 2018,2025-07-12 01:36:49
"RM Sederhana SA, Kertajaya Indah 100",Y****** Y******,1 September 2015,3.0,dagingnya ga kyk biasanya kecil bgt,N/A,18 Agustus 2018,2025-07-12 01:36:49
"RM Sederhana SA, Kertajaya Indah 100",N****,10 April 2018,1.0,tidak enak.  sate nya gak di pake ketupat.  sate nya sedikit mahal lagi.,N/A,7 Agustus 2018,2025-07-12 01:36:49
"RM Sederhana SA, Kertajaya Indah 100",Z*****,20 Agustus 2016,4.0,Harga cukup mahal,N/A,31 Juli 2018,2025-07-12 01:36:49
"RM Sederhana SA, Kertajaya Indah 100",S*****,4 Agustus 2015,3.0,Agak asin sedikit,N/A,11 Juli 2018,2025-07-12 01:36:49
"RM Sederhana SA, Kertajaya Indah 100",T***,11 Juli 2016,3.0,"menu sate padangnya tidak termasuk dengan paket ketupat.
sehingga makan sate padangnya pakai nasi.",N/A,2 Juni 2018,2025-07-12 01:36:49
"RM Sederhana SA, Kertajaya Indah 100",M******,24 Agustus 2015,1.0,Pesen nasi rendang cuma nasi sayur ga ada rendangnya,N/A,5 Juni 2018,2025-07-12 01:36:49
"RM Sederhana SA, Kertajaya Indah 100",M**,11 Agustus 2015,3.0,lupa bumbu rendang dan sambalnya dicampur.,N/A,20 Mei 2018,2025-07-12 01:36:49
"RM Sederhana SA, Kertajaya Indah 100",A*****,16 Oktober 2017,5.0,"siipp puas bgett mskan ny,,sedaaaappp👍👍👍",N/A,12 Mei 2018,2025-07-12 01:36:49
