Nama Restoran,Nama Menu,Detail Menu,Harga,Status,Waktu Scraping
"HC Resto, Gubeng",Nasi Goreng Sayur,"Nasi Goreng Dengan Aneka Sayur (Wortel, Buncis, Jagung)",41.000,Tersedia,2025-07-12 01:34:02
"HC Resto, Gubeng",Nasi Bakmoy,"Nasi Putih, Ayam, Gorengan Udang, Telur 1 Butir, Kerupuk Udang",51.000,Tersedia,2025-07-12 01:34:02
"HC Resto, Gubeng",Sop Merah,"Ayam, Gorengan Udang, Sosis, Jamur, Wortel, Kacang Polong",47.000,Tersedia,2025-07-12 01:34:02
"HC Resto, Gubeng",Lidah Asin Goreng,N/A,60.000,Tersedia,2025-07-12 01:34:02
"HC Resto, Gubeng",Galantine,N/A,59.000,Tersedia,2025-07-12 01:34:02
"HC Resto, Gubeng",Asam Asam Iga,Iga dengan kuah asam yang segar,76.000,Tersedia,2025-07-12 01:34:02
"HC Resto, Gubeng",Empal Suwir,"Empal Suwir Bumbu HC, Sambal Terasi, Lalapan",42.000,Tersedia,2025-07-12 01:34:02
"HC Resto, Gubeng",Soto Betawi,"Daging dengan kuah nikmat, dilengkapi kentang, Tomat, Emping",50.000,Tersedia,2025-07-12 01:34:02
"HC Resto, Gubeng",Sop Sayur Daging,"Sop Daging Dengan Sayuran Wortel, Buncis, Kentang, Kubis",50.000,Tersedia,2025-07-12 01:34:02
"HC Resto, Gubeng",Sop Iga,Sop Iga Dengan Kuah Kaldu Yang Gurih,76.000,Tersedia,2025-07-12 01:34:02
"HC Resto, Gubeng",Empal Suwir Penyet,Empal Suwir Dengan Bumbu Khas HC Resto,46.000,Tersedia,2025-07-12 01:34:02
"HC Resto, Gubeng",Iga Bakar Sambal Matah,Iga Yang Dibakar Dilengkapi Dengan Sambal Matah,83.000,Tersedia,2025-07-12 01:34:02
"HC Resto, Gubeng",Rendang Suwir,Daging Rendang Yang Disuwir,70.000,Tersedia,2025-07-12 01:34:02
"HC Resto, Gubeng",Rawon,N/A,50.000,Tersedia,2025-07-12 01:34:02
"HC Resto, Gubeng",Soto Mie,N/A,50.000,Tersedia,2025-07-12 01:34:02
"HC Resto, Gubeng",Iga Penyet,N/A,83.000,Tersedia,2025-07-12 01:34:02
"HC Resto, Gubeng",Lidah Asin Goreng,Lidah Asin Mentega Dilengkapi Dengan Tumisan Bawang Merah,60.000,Tersedia,2025-07-12 01:34:02
"HC Resto, Gubeng",Semur Lidah,Olahan Lidah Dengan Kentang dan Suun Sebagai Pelengkapnya,60.000,Tersedia,2025-07-12 01:34:02
"HC Resto, Gubeng",Bistik Lidah,Lidah Dimasak Dengan Bumbu Bistik Dilengkapi Sayuran,60.000,Tersedia,2025-07-12 01:34:02
"HC Resto, Gubeng",Sayur Asem,N/A,26.000,Tersedia,2025-07-12 01:34:02
"HC Resto, Gubeng",Urap Urap,N/A,28.000,Tersedia,2025-07-12 01:34:02
"HC Resto, Gubeng",Tumis Kangkung,N/A,31.000,Tersedia,2025-07-12 01:34:02
"HC Resto, Gubeng",Gado Gado,N/A,45.000,Tersedia,2025-07-12 01:34:02
"HC Resto, Gubeng",Rujak Cingur,N/A,51.000,Tersedia,2025-07-12 01:34:02
"HC Resto, Gubeng",Rujak Manis,N/A,44.000,Tersedia,2025-07-12 01:34:02
"HC Resto, Gubeng",Tumis Jagung,N/A,35.000,Tersedia,2025-07-12 01:34:02
"HC Resto, Gubeng",Tumis Buncis Telur,N/A,35.000,Tersedia,2025-07-12 01:34:02
"HC Resto, Gubeng",Tumis Tauge Ikan Asin,N/A,35.000,Tersedia,2025-07-12 01:34:02
"HC Resto, Gubeng",Tumis Buncis,N/A,31.000,Tersedia,2025-07-12 01:34:02
"HC Resto, Gubeng",Tumis Udang Buncis,N/A,57.000,Tersedia,2025-07-12 01:34:02
"HC Resto, Gubeng",Dadar Jagung,Gorengan Jagung Renyah Gurih,32.000,Tersedia,2025-07-12 01:34:02
"HC Resto, Gubeng",Tahu Telur,Tahu Telor Disajikan Dengan Bumbu Kacang Spesial,44.000,Tersedia,2025-07-12 01:34:02
"HC Resto, Gubeng",Siomay Bandung,N/A,51.000,Tersedia,2025-07-12 01:34:02
"HC Resto, Gubeng",Tahu Tek,N/A,41.000,Tersedia,2025-07-12 01:34:02
"HC Resto, Gubeng",Tahu Goreng,N/A,13.000,Tersedia,2025-07-12 01:34:02
"HC Resto, Gubeng",Pohong Goreng,N/A,32.000,Tersedia,2025-07-12 01:34:02
"HC Resto, Gubeng",Perkedel Kentang,2 Biji Perkedel Kentang,13.000,Tersedia,2025-07-12 01:34:02
"HC Resto, Gubeng",Sambal Pencit,N/A,26.000,Tersedia,2025-07-12 01:34:02
"HC Resto, Gubeng",Sambal Tempe,N/A,26.000,Tersedia,2025-07-12 01:34:02
"HC Resto, Gubeng",Sambal Terasi,N/A,16.000,Tersedia,2025-07-12 01:34:02
"HC Resto, Gubeng",Sambal Teri Kacang,N/A,28.000,Tersedia,2025-07-12 01:34:02
"HC Resto, Gubeng",Sambal Pete,N/A,26.000,Tersedia,2025-07-12 01:34:02
"HC Resto, Gubeng",Tempe Goreng,N/A,13.000,Tersedia,2025-07-12 01:34:02
"HC Resto, Gubeng",Tahu Tempe Goreng,N/A,13.000,Tersedia,2025-07-12 01:34:02
"HC Resto, Gubeng",Tahu Gejrot,N/A,26.000,Tersedia,2025-07-12 01:34:02
"HC Resto, Gubeng",Risol Bihun,N/A,13.000,Tersedia,2025-07-12 01:34:02
"HC Resto, Gubeng",Lumpia Goreng,N/A,26.000,Tersedia,2025-07-12 01:34:02
"HC Resto, Gubeng",Tahu Goreng Kering,N/A,32.000,Tersedia,2025-07-12 01:34:02
"HC Resto, Gubeng",French Fries,N/A,26.000,Tersedia,2025-07-12 01:34:02
"HC Resto, Gubeng",Roti Kaya,N/A,23.000,Tersedia,2025-07-12 01:34:02
"HC Resto, Gubeng",Roti Kaya Butter,N/A,28.000,Tersedia,2025-07-12 01:34:02
"HC Resto, Gubeng",Tim Ayam Kampung (Dada / Paha),Sup Ayam Kampung Dengan Jamur Hioko,49.000,Tersedia,2025-07-12 01:34:02
"HC Resto, Gubeng",Galantine,"2 Pieces Galantin, Keripik Kentang, Sayuran",59.000,Tersedia,2025-07-12 01:34:02
"HC Resto, Gubeng",Soto Ayam,"Ayam Telor 1 Butir, Suun, Kubis, Keripik Kentang",42.000,Tersedia,2025-07-12 01:34:02
"HC Resto, Gubeng",Sop Merah,"Ayam, Gorengan Udang, Sosis, Jamur, Wortel, Kacang Polong",47.000,Tersedia,2025-07-12 01:34:02
"HC Resto, Gubeng",Ayam Goreng (Paha / Dada),N/A,28.000,Tersedia,2025-07-12 01:34:02
"HC Resto, Gubeng",Selada Ayam Banjar,N/A,57.000,Tersedia,2025-07-12 01:34:02
"HC Resto, Gubeng",Sate Ayam Bumbu Kacang,6 Tusuk,44.000,Tersedia,2025-07-12 01:34:02
"HC Resto, Gubeng",Sate Ayam Banjar,6 Tusuk Dengan Bumbu Khas Banjar,44.000,Tersedia,2025-07-12 01:34:02
"HC Resto, Gubeng",Ayam Penyet (Paha / Dada),N/A,36.000,Tersedia,2025-07-12 01:34:02
"HC Resto, Gubeng",Ayam Opor + 1 Telur (D/P),"Ayam opor (Dada / Paha), telur 1 butir dimasak dengan kuah santan gurih",41.000,Tersedia,2025-07-12 01:34:02
"HC Resto, Gubeng",Soto Banjar,"Ayam, Perkedel, Telur, Suun Dan kuah Soto Banjar Yg Gurih",45.000,Tersedia,2025-07-12 01:34:02
"HC Resto, Gubeng",Telur,N/A,8.000,Tersedia,2025-07-12 01:34:02
"HC Resto, Gubeng",Bakmoi,N/A,42.000,Tersedia,2025-07-12 01:34:02
"HC Resto, Gubeng",Orak Arik Tuna,Ikan Tuna Dimasak Dengan Telur,47.000,Tersedia,2025-07-12 01:34:02
"HC Resto, Gubeng",Asam Asam Bandeng,N/A,73.000,Tersedia,2025-07-12 01:34:02
"HC Resto, Gubeng",Bandeng Goreng Tanpa Duri,1 Ekor Ikan Bandeng Tanpa Duri,73.000,Tersedia,2025-07-12 01:34:02
"HC Resto, Gubeng",Nasi Putih / Lontong,N/A,13.000,Tersedia,2025-07-12 01:34:02
"HC Resto, Gubeng",Nasi Bali Daging,"Nasi Putih, Daging, Tahu, Telor 1 Butir, Dimasak Dengan Bunbu Bali, Kering Kentang, Sambal",46.000,Tersedia,2025-07-12 01:34:02
"HC Resto, Gubeng",Nasi Bakmoy,"Nasi Putih, Ayam, Gorengan Udang, Telur 1 Butir, Kerupuk Udang",51.000,Tersedia,2025-07-12 01:34:02
"HC Resto, Gubeng",Nasi Campur,"Nasi Putih, Ayam Suwir Bumbu Rujak, Daging Rendang Suwir, Tahu, Telor 1 Butir Bumbu Bali, Kering Kentang, Sambal",46.000,Tersedia,2025-07-12 01:34:02
"HC Resto, Gubeng",Nasi Empal Suwir,"Nasi Putih, Empal Suwir Bumhu HC, Sambal Terasi, Lalapan",46.000,Tersedia,2025-07-12 01:34:02
"HC Resto, Gubeng",Nasi Lidah Matah,"Lidah Goreng Bumbu HC, Sambal Matah, Nasi Putih",46.000,Tersedia,2025-07-12 01:34:02
"HC Resto, Gubeng",Nasi Rendang Suwir,"Daging Rendang Suwir, Telor 1 Butir, Perkedel Kentang, Sambal",54.000,Tersedia,2025-07-12 01:34:02
"HC Resto, Gubeng",Nasi Goreng Mawut,"Nasi Goreng Dengan Ayam, Telur, Sayuran, Kerupuk",41.000,Tersedia,2025-07-12 01:34:02
"HC Resto, Gubeng",Nasi Urap Komplit,Nasi Urap Dilengkapi Ayam Suwir Bunbu Rujak Dan Peyek,47.000,Tersedia,2025-07-12 01:34:02
"HC Resto, Gubeng",Nasi Goreng Jawa,"Nasgor Khas Jawa Dilengkapi Dengan Ayam, Tauge, Mie, Irisan Telur Rebus  Kerupuk",41.000,Tersedia,2025-07-12 01:34:02
"HC Resto, Gubeng",Nasi Goreng Sayur,"Nasi Goreng Dengan Aneka Sayur (Wortel, Buncis, Jagung)",41.000,Tersedia,2025-07-12 01:34:02
"HC Resto, Gubeng",Nasi Pecel Ayam Goreng (Paha / Dada) Dan Peyek,"Nasi, Sayuran Dengan Bumbu Kacang Dilengkapi Dengan Ayam",50.000,Tersedia,2025-07-12 01:34:02
"HC Resto, Gubeng",Nasi Pecel Empal,Nasi Sayuran Dengan Bunbu Kacang Dilengkapi Dengan Empal Dan Peyek,59.000,Tersedia,2025-07-12 01:34:02
"HC Resto, Gubeng",Lontong Cap Gomeh (D/P),"Lontong, Rebung, Ayam Opor (Dada/Paha), Telur, Daging Bali, Serundeng, Koya",64.000,Tersedia,2025-07-12 01:34:02
"HC Resto, Gubeng",Mi Goreng,N/A,41.000,Tersedia,2025-07-12 01:34:02
"HC Resto, Gubeng",Lontong Opor Ayam (Dada/Paha),"Lontong dengan Ayam, 1 Butir Telur bumbu Opor",49.000,Tersedia,2025-07-12 01:34:02
"HC Resto, Gubeng",Nasi Ayam,N/A,38.000,Tersedia,2025-07-12 01:34:02
"HC Resto, Gubeng",Nasi Cap Cay,N/A,49.000,Tersedia,2025-07-12 01:34:02
"HC Resto, Gubeng",Nasi Goreng Spesial,N/A,64.000,Tersedia,2025-07-12 01:34:02
"HC Resto, Gubeng",Nasi Goreng Ayam Krispi,N/A,64.000,Tersedia,2025-07-12 01:34:02
"HC Resto, Gubeng",Sirup,N/A,11.000,Tersedia,2025-07-12 01:34:02
"HC Resto, Gubeng",Es Campur,N/A,38.000,Tersedia,2025-07-12 01:34:02
"HC Resto, Gubeng",Jeruk Manis,N/A,28.000,Tersedia,2025-07-12 01:34:02
"HC Resto, Gubeng",Es Kacang Merah,N/A,41.000,Tersedia,2025-07-12 01:34:02
"HC Resto, Gubeng",Es Cendol,N/A,36.000,Tersedia,2025-07-12 01:34:02
"HC Resto, Gubeng",Es Kacang Hijau,N/A,38.000,Tersedia,2025-07-12 01:34:02
"HC Resto, Gubeng",Jus Strawberry,N/A,32.000,Tersedia,2025-07-12 01:34:02
"HC Resto, Gubeng",Jus Sirsak,N/A,32.000,Tersedia,2025-07-12 01:34:02
"HC Resto, Gubeng",Air Mineral 300ml,N/A,8.000,Tersedia,2025-07-12 01:34:02
"HC Resto, Gubeng",Fruittea,N/A,13.000,Tersedia,2025-07-12 01:34:02
"HC Resto, Gubeng",Es Bandung,N/A,19.000,Tersedia,2025-07-12 01:34:02
"HC Resto, Gubeng",Es Cao,N/A,19.000,Tersedia,2025-07-12 01:34:02
"HC Resto, Gubeng",Es Cao Kolkal,N/A,23.000,Tersedia,2025-07-12 01:34:02
"HC Resto, Gubeng",Es Leci Tea,N/A,32.000,Tersedia,2025-07-12 01:34:02
"HC Resto, Gubeng",Es Lime Tea,N/A,21.000,Tersedia,2025-07-12 01:34:02
"HC Resto, Gubeng",Es Lychee Jelly,N/A,32.000,Tersedia,2025-07-12 01:34:02
"HC Resto, Gubeng",Es Selasih Kolkal,N/A,23.000,Tersedia,2025-07-12 01:34:02
"HC Resto, Gubeng",Honey Lime,N/A,32.000,Tersedia,2025-07-12 01:34:02
"HC Resto, Gubeng",Es Jeruk Manis,N/A,28.000,Tersedia,2025-07-12 01:34:02
"HC Resto, Gubeng",Es Jeruk Nipis,N/A,21.000,Tersedia,2025-07-12 01:34:02
"HC Resto, Gubeng",Teh Tarik HC,N/A,19.000,Tersedia,2025-07-12 01:34:02
"HC Resto, Gubeng",Kopi Jelly,N/A,22.000,Tersedia,2025-07-12 01:34:02
"HC Resto, Gubeng",Kopi Susu,N/A,23.000,Tersedia,2025-07-12 01:34:02
"HC Resto, Gubeng",Kopi Tubruk,N/A,19.000,Tersedia,2025-07-12 01:34:02
"HC Resto, Gubeng",Jus Alpukat,N/A,32.000,Tersedia,2025-07-12 01:34:02
"HC Resto, Gubeng",Jus Jeruk,N/A,26.000,Tersedia,2025-07-12 01:34:02
"HC Resto, Gubeng",Jus Tomat,N/A,19.000,Tersedia,2025-07-12 01:34:02
"HC Resto, Gubeng",Es Cao Milo,N/A,26.000,Tersedia,2025-07-12 01:34:02
"HC Resto, Gubeng",Teh Manis Hc,N/A,11.000,Tersedia,2025-07-12 01:34:02
"HC Resto, Gubeng",Teh Tawar Hc,N/A,9.000,Tersedia,2025-07-12 01:34:02
"HC Resto, Gubeng",Hc Bowl Ayam Krispi Original,N/A,32.000,Tersedia,2025-07-12 01:34:02
"HC Resto, Gubeng",Hc Bowl Ayam Sambal Bawang,N/A,36.000,Tersedia,2025-07-12 01:34:02
"HC Resto, Gubeng",Hc Bowl Ayam Sambal Matah,N/A,36.000,Tersedia,2025-07-12 01:34:02
"HC Resto, Gubeng",Hc Bowl Ayam Bumbu Kacang,N/A,41.000,Tersedia,2025-07-12 01:34:02
"HC Resto, Gubeng",Hc Bowl Ayam Saus Telur Asin,N/A,41.000,Tersedia,2025-07-12 01:34:02
"Steak Hut, Mulyorejo",Red Salmon Steak,Steak ikan salmon dibakar dengan brandy,195.555,Tersedia,2025-07-12 01:34:04
"Steak Hut, Mulyorejo",Tenderloin Steak,Steak lulur dalam original / spicy / Blackpepper / Cordon Bleu,131.111,Tersedia,2025-07-12 01:34:04
"Steak Hut, Mulyorejo",Snow Fish Steak Original grilled,Steak fillet ikan dory,118.518,Tersedia,2025-07-12 01:34:04
"Steak Hut, Mulyorejo",Snow Fish Steak Original grilled,Steak fillet ikan dory,118.518,Tersedia,2025-07-12 01:34:04
"Steak Hut, Mulyorejo",Red Salmon Steak,Steak ikan salmon dibakar dengan brandy,195.555,Tersedia,2025-07-12 01:34:04
"Steak Hut, Mulyorejo",Snow Fish Steak Crispy grilled,Steak fillet ikan dory,118.518,Tersedia,2025-07-12 01:34:04
"Steak Hut, Mulyorejo",Snow Fish Steak Spicy grilled,Steak fillet ikan dory,122.963,Tersedia,2025-07-12 01:34:04
"Steak Hut, Mulyorejo",Mixed Grill BBQ,"Steak kombinasi daging sapi, ayam dan sosis",128.888,Tersedia,2025-07-12 01:34:04
"Steak Hut, Mulyorejo",Persian Kebab BBQ 1 porsi,"Tusukan BBQ kombinasi daging sapi, ayam, ham, dan sosis",128.888,Tersedia,2025-07-12 01:34:04
"Steak Hut, Mulyorejo",Persian Kebab BBQ 1/2 porsi,"Tusukan BBQ kombinasi daging sapi, ayam, ham, dan sosis",80.000,Tersedia,2025-07-12 01:34:04
"Steak Hut, Mulyorejo",Chicken Cordon Bleu,Steak ayam digoreng dengan tepung roti dan keju,118.518,Tersedia,2025-07-12 01:34:04
"Steak Hut, Mulyorejo",Chicken Cheese,Steak ayam cincang dengan sosis ayam digulung dengan keju,103.703,Tersedia,2025-07-12 01:34:04
"Steak Hut, Mulyorejo",Chicken Steak Original,Steak ayam yang empuk,106.629,Tersedia,2025-07-12 01:34:04
"Steak Hut, Mulyorejo",Mozarella Crispy Chicken,Steak ayam digoreng dengan tepung roti dan keju,103.703,Tersedia,2025-07-12 01:34:04
"Steak Hut, Mulyorejo",Chicken Steak Spicy,Steak ayam yang empuk. Original / spicy / with / Crispy,112.592,Tersedia,2025-07-12 01:34:04
"Steak Hut, Mulyorejo",Chicken Steak With Ham,Steak ayam yang empuk. Original / spicy / with / crispy,112.592,Tersedia,2025-07-12 01:34:04
"Steak Hut, Mulyorejo",Chicken Steak Crispy,Steak ayam yang empuk. Original / spicy / with / Crispy,109.629,Tersedia,2025-07-12 01:34:04
"Steak Hut, Mulyorejo",Spring Chicken 1 ekor,Ayam muda,170.370,Tersedia,2025-07-12 01:34:04
"Steak Hut, Mulyorejo",Spring Chicken 1/2 ekor,Ayam muda,99.259,Tersedia,2025-07-12 01:34:04
"Steak Hut, Mulyorejo",Mozarella Tenderloin Roll,Steak lulur dalam diisi dengan smoked beef dan disiram dengan lelehan keju mozarella,163.333,Tersedia,2025-07-12 01:34:04
"Steak Hut, Mulyorejo",Ribeye Yuu Steak,N/A,222.222,Tersedia,2025-07-12 01:34:04
"Steak Hut, Mulyorejo",Beef Tongue Steak,Steak lidah sapi original / spicy,127.778,Tersedia,2025-07-12 01:34:04
"Steak Hut, Mulyorejo",Beef Roll,Beef lulur dalam original beef roll / mozarella beef roll,136.667,Tersedia,2025-07-12 01:34:04
"Steak Hut, Mulyorejo",Africana Sunrise ST,Steak daging cincang dengan saus merica hitam.,110.000,Tersedia,2025-07-12 01:34:04
"Steak Hut, Mulyorejo",Sirloin Steak,Steak lulur luar,123.333,Tersedia,2025-07-12 01:34:04
"Steak Hut, Mulyorejo",T-Bone Steak,Steak tulang paha original / spicy,222.222,Tersedia,2025-07-12 01:34:04
"Steak Hut, Mulyorejo",Tenderloin Steak,Steak lulur dalam original / spicy / Blackpepper / Cordon Bleu,131.111,Tersedia,2025-07-12 01:34:04
"Steak Hut, Mulyorejo",NZ Grilled Sirloin ST,Steak lulur luar dengan daging sapi import,161.111,Tersedia,2025-07-12 01:34:04
"Steak Hut, Mulyorejo",Hawaian Hamburger ST,"Steak daging cincang digoreng dengan tepung roti, ditambahkan telur mata sapi diatasnya",110.000,Tersedia,2025-07-12 01:34:04
"Steak Hut, Mulyorejo",NS Beef Ribs,Steak iga sapi premium New Zealand,235.556,Tersedia,2025-07-12 01:34:04
"Steak Hut, Mulyorejo",Cordon Bleu,"Steak lulur dalam isi keju mozarella dan Ham, digoreng dengan tepung roti",140.000,Tersedia,2025-07-12 01:34:04
"Steak Hut, Mulyorejo",Macaroni Spiral Soup,"Sup bening isi makaroi, daging ayam, lidah,sosis, wortel dan kacang polong",45.926,Tersedia,2025-07-12 01:34:04
"Steak Hut, Mulyorejo",Chicken Cream Soup,Sup krim Steak Hut isi sweet corn / Asparagus / Chicken / Mushroom,47.407,Tersedia,2025-07-12 01:34:04
"Steak Hut, Mulyorejo",Crabmeat Soup with Egg,"Sup kepiting isi telur kepiting, asparagus dan jagung",56.296,Tersedia,2025-07-12 01:34:04
"Steak Hut, Mulyorejo",Red Tomato Soup,"Sup tomat isi daging ayam, lidah, sosis, wortel dan kacang polong",47.407,Tersedia,2025-07-12 01:34:04
"Steak Hut, Mulyorejo",Erwten Soup,"Resep dari nenek sup krim ala Belanda isi sosis ayam, sosis sapi dan daging ayam",47.407,Tersedia,2025-07-12 01:34:04
"Steak Hut, Mulyorejo",Spaghetty Bolognese,Spaghetti dengan daging sapi cincang disiram dengan saus tiram,77.037,Tersedia,2025-07-12 01:34:04
"Steak Hut, Mulyorejo",Mountain Burger Complete,"Roti burger komplit daging cincang, ham, telur, keju, tomat, selada, timun dengan kentang goreng",77.036,Tersedia,2025-07-12 01:34:04
"Steak Hut, Mulyorejo",Galantine,Daging cincang roll lapis telur,106.666,Tersedia,2025-07-12 01:34:04
"Steak Hut, Mulyorejo",Fried Rice Chicken,Fried rice by steak hut - beef / seafood / chicken / vegetarian,69.630,Tersedia,2025-07-12 01:34:04
"Steak Hut, Mulyorejo",Steak Hut Omelette,"Telur dadar isi ham, sosis, jamur, keju, bawang bombay",68.148,Tersedia,2025-07-12 01:34:04
"Steak Hut, Mulyorejo",Hot Dog,N/A,59.259,Tersedia,2025-07-12 01:34:04
"Steak Hut, Mulyorejo",Steamed Rice,Nasi Putih,17.778,Tersedia,2025-07-12 01:34:04
"Steak Hut, Mulyorejo",Garlic Bread,Roti mentega dengan bawang putih,26.667,Tersedia,2025-07-12 01:34:04
"Steak Hut, Mulyorejo",Soft Roll,Roti steak yang empuk,11.852,Tersedia,2025-07-12 01:34:04
"Steak Hut, Mulyorejo",Spaghetti Bolognese,Spaghetti dengan daging sapi cincang disiram dengan saus tiram,64.444,Tersedia,2025-07-12 01:34:04
"Steak Hut, Mulyorejo",Spaghetti Carbonara,"Spaghetti dengan daging sapi panggang, jamur dan keju, disiram saus creamy",77.037,Tersedia,2025-07-12 01:34:04
"Steak Hut, Mulyorejo",Fried Rice Beef,N/A,69.630,Tersedia,2025-07-12 01:34:04
"Steak Hut, Mulyorejo",Fried Rice Seafood,N/A,71.111,Tersedia,2025-07-12 01:34:04
"Steak Hut, Mulyorejo",Fried Rice vegetarian,N/A,62.222,Tersedia,2025-07-12 01:34:04
"Steak Hut, Mulyorejo",Tuna Sandwich,"Roti tawar isi ikan tuna, keju, tomat, selada, dan timun",59.259,Tersedia,2025-07-12 01:34:04
"Steak Hut, Mulyorejo",Smoked Beef Sandwich,"Roti tawar isi daging sapi panggang, keju, tomat, selada, dan timun",62.222,Tersedia,2025-07-12 01:34:04
"Steak Hut, Mulyorejo",Fruity Cocktail Salad,Salad bermacam buah dengan siraman mayonaise dan keju,56.296,Tersedia,2025-07-12 01:34:04
"Steak Hut, Mulyorejo",Steak Hut Salad,"Salad isi daging sapi, ayam, sosis, udang, kol ungu, wortel dan selada",77.037,Tersedia,2025-07-12 01:34:04
"Steak Hut, Mulyorejo",Potato Salad,Salad kentang dengan daging sapi panggang dan makaroni,54.815,Tersedia,2025-07-12 01:34:04
"Steak Hut, Mulyorejo",Huzarenzia Salad,"Salad buah nanas, apel, pir, wortel, kentang, kacang polong , lidah asin dan sosis",57.778,Tersedia,2025-07-12 01:34:04
"Steak Hut, Mulyorejo",Tuna Salad,"Salad isi ikan tuna, kol ungu, wortel dan selada",62.222,Tersedia,2025-07-12 01:34:04
"Steak Hut, Mulyorejo",Peach Tea,N/A,22.222,Tersedia,2025-07-12 01:34:04
"Steak Hut, Mulyorejo",Passion Tea,N/A,22.222,Tersedia,2025-07-12 01:34:04
"Steak Hut, Mulyorejo",Blended,Blended Chocolate / Dalmation / Caramel Mocca / Double Mocca Cookies / Strawberry Coffe / Coffe Toffe,40.000,Tersedia,2025-07-12 01:34:04
"Steak Hut, Mulyorejo",Steak Hut Fruity Tea,N/A,22.222,Tersedia,2025-07-12 01:34:04
"Steak Hut, Mulyorejo",Citrus Lychee Tea,Dengan potongan buah leci,40.000,Tersedia,2025-07-12 01:34:04
"Steak Hut, Mulyorejo",Lychee Tea,N/A,22.222,Tersedia,2025-07-12 01:34:04
"Steak Hut, Mulyorejo",Angel Nutty,N/A,40.000,Tersedia,2025-07-12 01:34:04
"Steak Hut, Mulyorejo",Healthy Pink Smoothies,"Mixed strawberry cavendish banana, pineapple",37.778,Tersedia,2025-07-12 01:34:04
"Steak Hut, Mulyorejo",Pumpkin Smoothies,"Pumpkin juice, Panen dari kebun sendiri tanpa Pestisida",29.333,Tersedia,2025-07-12 01:34:04
"Steak Hut, Mulyorejo",Hot Chocolate,Coklat bubuk disiram dengan susu panas,40.000,Tersedia,2025-07-12 01:34:04
"Steak Hut, Mulyorejo",Espresso,N/A,40.000,Tersedia,2025-07-12 01:34:04
"Steak Hut, Mulyorejo",Iced Chocolate,Susu coklat manis dengan es,40.000,Tersedia,2025-07-12 01:34:04
"Steak Hut, Mulyorejo",Caramel Macchiato,N/A,48.889,Tersedia,2025-07-12 01:34:04
"Steak Hut, Mulyorejo",Cappucino,N/A,40.000,Tersedia,2025-07-12 01:34:04
"Steak Hut, Mulyorejo",Hot Royal Irish Coffee,N/A,53.333,Tersedia,2025-07-12 01:34:04
"Steak Hut, Mulyorejo",Hot Mexican Royal Coffee,N/A,53.333,Tersedia,2025-07-12 01:34:04
"Steak Hut, Mulyorejo",Café Latte,Cafe Latte Original / Caramel / Hazelnut / Irish / Vanila,40.000,Tersedia,2025-07-12 01:34:04
"Steak Hut, Mulyorejo",Orange Juice,N/A,35.556,Tersedia,2025-07-12 01:34:04
"Steak Hut, Mulyorejo",Kopyor Juice,N/A,48.889,Tersedia,2025-07-12 01:34:04
"Steak Hut, Mulyorejo",Tomato Juice,N/A,28.889,Tersedia,2025-07-12 01:34:04
"Steak Hut, Mulyorejo",Dragon Juice,N/A,40.000,Tersedia,2025-07-12 01:34:04
"Steak Hut, Mulyorejo",Strawberry Splash,Jus strawbery dengan potong leci,40.000,Tersedia,2025-07-12 01:34:04
"Steak Hut, Mulyorejo",Melon Juice,N/A,28.889,Tersedia,2025-07-12 01:34:04
"Steak Hut, Mulyorejo",Guava Juice,N/A,33.333,Tersedia,2025-07-12 01:34:04
"Steak Hut, Mulyorejo",Strawberry Juice,N/A,35.556,Tersedia,2025-07-12 01:34:04
"Steak Hut, Mulyorejo",Apple Juice,N/A,31.111,Tersedia,2025-07-12 01:34:04
"Steak Hut, Mulyorejo",Durian Juice,N/A,42.222,Tersedia,2025-07-12 01:34:04
"Steak Hut, Mulyorejo",Lychee Juice,N/A,37.778,Tersedia,2025-07-12 01:34:04
"Steak Hut, Mulyorejo",Kiwi Juice,N/A,40.000,Tersedia,2025-07-12 01:34:04
"Steak Hut, Mulyorejo",Pineapple Juice,N/A,28.889,Tersedia,2025-07-12 01:34:04
"Steak Hut, Mulyorejo",Soursop Juice,Jus sirsat,35.556,Tersedia,2025-07-12 01:34:04
"Steak Hut, Mulyorejo",Sunshine Splash,Jus jeruk dengan kelapa muda,44.444,Tersedia,2025-07-12 01:34:04
"Steak Hut, Mulyorejo",Kopyor Durian Juice,N/A,62.222,Tersedia,2025-07-12 01:34:04
"Steak Hut, Mulyorejo",Avocado Durian Juice,N/A,53.333,Tersedia,2025-07-12 01:34:04
"Steak Hut, Mulyorejo",Mix Juice,N/A,40.000,Tersedia,2025-07-12 01:34:04
"Steak Hut, Mulyorejo",Avocado Juice,N/A,40.000,Tersedia,2025-07-12 01:34:04
"Steak Hut, Mulyorejo",Mango Juice,N/A,35.556,Tersedia,2025-07-12 01:34:04
"Steak Hut, Mulyorejo",Virgin Mojito,Kombinasi jeruk nipis dan mint dengan air soda,37.778,Tersedia,2025-07-12 01:34:04
"Steak Hut, Mulyorejo",Milk Shake,N/A,42.222,Tersedia,2025-07-12 01:34:04
"Steak Hut, Mulyorejo",Ice Cream Soda,N/A,40.000,Tersedia,2025-07-12 01:34:04
"Steak Hut, Mulyorejo",Strawberry Passion Punch,N/A,37.778,Tersedia,2025-07-12 01:34:04
"Steak Hut, Mulyorejo",Strawberry Delight,N/A,37.778,Tersedia,2025-07-12 01:34:04
"Steak Hut, Mulyorejo",Fruit Punch,N/A,37.778,Tersedia,2025-07-12 01:34:04
"Steak Hut, Mulyorejo",Strawberry Minty,"Kombinasi strawberry, mint dan jeruk dengan air soda",37.778,Tersedia,2025-07-12 01:34:04
"Steak Hut, Mulyorejo",Peach Melba Punch,"Kombinasi peach, apel dan jeruk nipis dengan air soda",37.778,Tersedia,2025-07-12 01:34:04
"Steak Hut, Mulyorejo",Steak Hut Punch,N/A,37.778,Tersedia,2025-07-12 01:34:04
"Steak Hut, Mulyorejo",Float Variation,N/A,40.000,Tersedia,2025-07-12 01:34:04
"Steak Hut, Mulyorejo",Peach Lemon Pie,N/A,37.778,Tersedia,2025-07-12 01:34:04
"Steak Hut, Mulyorejo",Es Campur,"Mutiara, kolang kaling, cao, nanas, kelapa muda, buah coctail",35.556,Tersedia,2025-07-12 01:34:04
"Steak Hut, Mulyorejo",Es Jagung,"Jagung, krim dan susu",35.556,Tersedia,2025-07-12 01:34:04
"Steak Hut, Mulyorejo",Avocado Coffe,N/A,44.444,Tersedia,2025-07-12 01:34:04
"Steak Hut, Mulyorejo",Es Alpukat Susu,N/A,40.000,Tersedia,2025-07-12 01:34:04
"Steak Hut, Mulyorejo",Fresh Fruit,N/A,35.556,Tersedia,2025-07-12 01:34:04
"Steak Hut, Mulyorejo",Es Teler,"Kelapa muda, alpukat, nangka, kolang kaling, melon, agar-agar, durian",35.556,Tersedia,2025-07-12 01:34:04
"Steak Hut, Mulyorejo",Corn With Butter & Cheese,Jagung goreng mentega dengan taburan keju,41.481,Tersedia,2025-07-12 01:34:04
"Steak Hut, Mulyorejo",Mayo Shrimp,N/A,80.000,Tersedia,2025-07-12 01:34:04
"Steak Hut, Mulyorejo",Crunchy Snowfish,Snack fillet ikan dori yang renyah,57.778,Tersedia,2025-07-12 01:34:04
"Steak Hut, Mulyorejo",Spring Roll,Lumpia basah,41.481,Tersedia,2025-07-12 01:34:04
"Steak Hut, Mulyorejo",Onion Ring,N/A,41.481,Tersedia,2025-07-12 01:34:04
"Steak Hut, Mulyorejo",Steak Hut Sampler,"Ikan dory, udang, bawang bombai, digoreng tepung dengan mayonaise",77.037,Tersedia,2025-07-12 01:34:04
"Steak Hut, Mulyorejo",Crispy Spring Roll,Lumpia kecil goreng,48.889,Tersedia,2025-07-12 01:34:04
"Steak Hut, Mulyorejo",Crispy Chicken Skin,Kulit ayam goreng,51.852,Tersedia,2025-07-12 01:34:04
"Steak Hut, Mulyorejo",French Fries,Kentang goreng,38.518,Tersedia,2025-07-12 01:34:04
"Steak Hut, Mulyorejo",Potato Croquettes,Kroket kentang isi 5 biji,31.111,Tersedia,2025-07-12 01:34:04
"Steak Hut, Mulyorejo",Bird Nest,"Resep dari nenek sup krim ala Belanda isi sosis ayam, sosis sapi dan daging ayam",41.481,Tersedia,2025-07-12 01:34:04
"Steak Hut, Mulyorejo",Chicken Risoles,N/A,41.481,Tersedia,2025-07-12 01:34:04
"Steak Hut, Mulyorejo",Es Kelapa Muda Syrup,N/A,26.667,Tersedia,2025-07-12 01:34:04
"Steak Hut, Mulyorejo",Es Lychee,N/A,40.000,Tersedia,2025-07-12 01:34:04
"Steak Hut, Mulyorejo",Soft Drinks,N/A,13.333,Tersedia,2025-07-12 01:34:04
"Steak Hut, Mulyorejo",Es Soda Gembira,N/A,35.556,Tersedia,2025-07-12 01:34:04
"Steak Hut, Mulyorejo",Es Lemon Squash,N/A,20.000,Tersedia,2025-07-12 01:34:04
"Steak Hut, Mulyorejo",Jeruk Nipis,N/A,20.000,Tersedia,2025-07-12 01:34:04
"Steak Hut, Mulyorejo",Es Kelapa Muda Susu,N/A,31.111,Tersedia,2025-07-12 01:34:04
"Steak Hut, Mulyorejo",Es Dawet,N/A,24.444,Tersedia,2025-07-12 01:34:04
"Steak Hut, Mulyorejo",Es Telasih Sirup,N/A,20.000,Tersedia,2025-07-12 01:34:04
"Steak Hut, Mulyorejo",Air Mineral,N/A,15.000,Tersedia,2025-07-12 01:34:04
"Steak Hut, Mulyorejo",Teh Tawar/Manis,N/A,16.667,Tersedia,2025-07-12 01:34:04
"Steak Hut, Mulyorejo",Lemon Tea,N/A,24.444,Tersedia,2025-07-12 01:34:04
"Steak Hut, Mulyorejo",Es Kelapa Muda,N/A,26.667,Tersedia,2025-07-12 01:34:04
"Steak Hut, Mulyorejo",Es Kopyor,N/A,35.556,Tersedia,2025-07-12 01:34:04
"Steak Hut, Mulyorejo",Pink Lady Tea,N/A,40.000,Tersedia,2025-07-12 01:34:04
"Steak Hut, Mulyorejo",Jeruk manis,N/A,40.000,Tersedia,2025-07-12 01:34:04
"Steak Hut, Mulyorejo",Wedang Jahe + Sereh,N/A,33.336,Tersedia,2025-07-12 01:34:04
"Steak Hut, Mulyorejo",Kopi tubruk,N/A,27.780,Tersedia,2025-07-12 01:34:04
"Steak Hut, Mulyorejo",Teh tubruk,N/A,22.224,Tersedia,2025-07-12 01:34:04
"Steak Hut, Mulyorejo",Es Lengkeng,N/A,40.000,Tersedia,2025-07-12 01:34:04
"Steak Hut, Mulyorejo",Green Sands,N/A,24.444,Tersedia,2025-07-12 01:34:04
"Steak Hut, Mulyorejo",Teh nenek,N/A,36.670,Tersedia,2025-07-12 01:34:04
"Steak Hut, Mulyorejo",Grill Beef Bento,"Slice Grilled Beef, sosis sapi, rice, veggie",43.333,Tersedia,2025-07-12 01:34:04
"Steak Hut, Mulyorejo",Grill Chicken Bento,"Grilled chicken, sosis ayam, rice, veggie",41.111,Tersedia,2025-07-12 01:34:04
"Steak Hut, Mulyorejo",Grill Beef Tongue Bento,"Slice Grill Beef Tongue, Rice+salad",43.333,Tersedia,2025-07-12 01:34:04
"Steak Hut, Mulyorejo",Mayo Shrimp Bento,"Mayo shrimp, samosa, chicken nugget, salad, rice",43.333,Tersedia,2025-07-12 01:34:04
"Steak Hut, Mulyorejo",Chicken Crunchy Bento,Chicken crunchy + crispy seafood + potato nugget + rice,43.333,Tersedia,2025-07-12 01:34:04
"Steak Hut, Mulyorejo",Chicken Katsu Bento,Chicken katsu + fish nugget+ samosa + rice,43.333,Tersedia,2025-07-12 01:34:04
"Steak Hut, Mulyorejo",Fried Chicken Bento,"Fried chicken, potato nugget, rice,  tomato sauce,  chili sauce",41.111,Tersedia,2025-07-12 01:34:04
"Steak Hut, Mulyorejo",Fried Rice Seafood Bento,"Seafood fried rice, egg, cucumber",28.889,Tersedia,2025-07-12 01:34:04
"Steak Hut, Mulyorejo",Chicken Teriyaki Bento,"Chicken teriyaki, samosa",35.556,Tersedia,2025-07-12 01:34:04
"Steak Hut, Mulyorejo",Beef Teriyaki Bento,"Beef Teriyaki, Crispy Seafood, Fish Nugget, Salad. rice",41.111,Tersedia,2025-07-12 01:34:04
"Steak Hut, Mulyorejo",Plater,"Corn Fritters, Milk Tofu, Perkedel Potatoes, Mini Spring Rols",66.667,Tersedia,2025-07-12 01:34:04
"Steak Hut, Mulyorejo",Dadar Jagung,Corn Omelette,35.556,Tersedia,2025-07-12 01:34:04
"Steak Hut, Mulyorejo",Lumpia Basah,"2 pcs, Sauce, Scallions, Chili",31.111,Tersedia,2025-07-12 01:34:04
"Steak Hut, Mulyorejo",Lumpia Goreng,Fried Spring Rolls,35.556,Tersedia,2025-07-12 01:34:04
"Steak Hut, Mulyorejo",Risoles,Rissole,31.111,Tersedia,2025-07-12 01:34:04
"Steak Hut, Mulyorejo",Kulit Ayam,Crispy-fried Chicken Skin,33.333,Tersedia,2025-07-12 01:34:04
"Steak Hut, Mulyorejo",Charcoal Truffle Cheese,Fried Chicken Ball coated with Charcoal and Truffle Cheese Sauce,66.667,Tersedia,2025-07-12 01:34:04
"Steak Hut, Mulyorejo",Tahu Susu,Milk Tofu,31.111,Tersedia,2025-07-12 01:34:04
"Steak Hut, Mulyorejo",Nasi Bakar Tuna / Ayam Set,"Grilled Rice, Tuna / Chicken, Lalapan (cucumber & tomatoes) Tofu, Tempeh, Jambrong Fish and Tamarind Vegetables",66.667,Tersedia,2025-07-12 01:34:04
"Steak Hut, Mulyorejo",Nasi Kuning Set,"Yellow Rice, Fried Chicken, Perkedel Potatoes, Shredded Rice, Dried Tempe, Omelet Slices, Lettuce, Cucumber, Potato Fried Sambal",74.075,Tersedia,2025-07-12 01:34:04
"Steak Hut, Mulyorejo",Nasi Kacang Hijau Set,"Green Bean Rice, Fried Chicken, Stir-fried Squid, Shredded, Eggs, Stir-Fried Vegetables, Omelet & Crackers",74.075,Tersedia,2025-07-12 01:34:04
"Steak Hut, Mulyorejo",Nasi Daun Jeruk Set,"Nasi daun jeruk,ayam goreng,dadar jagung,tahu,kering tempe,terong balado,sate lilit,telur asin,sambal matah",74.075,Tersedia,2025-07-12 01:34:04
"Steak Hut, Mulyorejo",Gado-Gado,"Curly Lettuce, Boiled Bean Sprouts, Boiled Cabbage, Boiled Potatoes, Cucumber, Tofu, Tempeh, Boiled Eggs, Belinjo Crackers, Peanut Sauce, Chili Sauce",46.667,Tersedia,2025-07-12 01:34:04
"Steak Hut, Mulyorejo",Sate Lilit,Balinese-style Chicken Satay with Herbs,83.333,Tersedia,2025-07-12 01:34:04
"Steak Hut, Mulyorejo",Tumis Cumi Cabe Ijo,Sauteed Green Chili Squid,94.444,Tersedia,2025-07-12 01:34:04
"Steak Hut, Mulyorejo",Cah Kangkung Bunga Pepaya,Sauteed Water Spinach with Papaya Flowers,66.667,Tersedia,2025-07-12 01:34:04
"Steak Hut, Mulyorejo",Tumis Buncis,Sauteed Green Beans,53.333,Tersedia,2025-07-12 01:34:04
"Steak Hut, Mulyorejo",Tumis Daun Singkong,Sauteed casasava leaves,44.444,Tersedia,2025-07-12 01:34:04
"Steak Hut, Mulyorejo",Gulai Daun Singkong,Casasava leaves curry,53.333,Tersedia,2025-07-12 01:34:04
"Steak Hut, Mulyorejo",Nasi Kacang Ijo,Steamed Mung Bean Rice,17.778,Tersedia,2025-07-12 01:34:04
"Steak Hut, Mulyorejo",Nasi Daun Jeruk,Steamed kaffir-lime leave rice,17.778,Tersedia,2025-07-12 01:34:04
"Steak Hut, Mulyorejo",Single Scoop,N/A,22.222,Tersedia,2025-07-12 01:34:04
"Steak Hut, Mulyorejo",Two Scoop,N/A,33.333,Tersedia,2025-07-12 01:34:04
"Steak Hut, Mulyorejo",Three Scoop Ice Cream,N/A,44.444,Tersedia,2025-07-12 01:34:04
"Steak Hut, Mulyorejo",Es puter Betawi,N/A,48.889,Tersedia,2025-07-12 01:34:04
"Steak Hut, Mulyorejo",Cleopatra,N/A,48.889,Tersedia,2025-07-12 01:34:04
"Steak Hut, Mulyorejo",Banana Boat,N/A,48.889,Tersedia,2025-07-12 01:34:04
"Steak Hut, Mulyorejo",Black Angel,N/A,46.667,Tersedia,2025-07-12 01:34:04
"Steak Hut, Mulyorejo",Kahlua Avocado Blended,N/A,60.000,Tersedia,2025-07-12 01:34:04
"Steak Hut, Mulyorejo",Combination Avocado,N/A,57.778,Tersedia,2025-07-12 01:34:04
"Steak Hut, Mulyorejo",Macedonia,N/A,57.778,Tersedia,2025-07-12 01:34:04
"Steak Hut, Mulyorejo",Kahlua  Ice Cream,N/A,60.000,Tersedia,2025-07-12 01:34:04
"Steak Hut, Mulyorejo",Cinnamon Expresso,N/A,71.111,Tersedia,2025-07-12 01:34:04
"Steak Hut, Mulyorejo",Mochachino Martini,N/A,71.111,Tersedia,2025-07-12 01:34:04
"Steak Hut, Mulyorejo",Coconut Crème Pie,N/A,71.111,Tersedia,2025-07-12 01:34:04
"Steak Hut, Mulyorejo",Ice Spirit,N/A,71.111,Tersedia,2025-07-12 01:34:04
"Steak Hut, Mulyorejo",Vanila Ice Cream Spirit,N/A,71.111,Tersedia,2025-07-12 01:34:04
"Steak Hut, Mulyorejo",Café Cream Delight,N/A,71.111,Tersedia,2025-07-12 01:34:04
"Frutamix Cold Pressed Juice & Healthy Smoothie Bowl, Sukolilo",Immune Kicker,"Pure cold pressed ginger, apple, carrot, beetroot and lemon HIGH ANTIOXIDANT, immune booster",44.000,Tersedia,2025-07-12 01:34:02
"Frutamix Cold Pressed Juice & Healthy Smoothie Bowl, Sukolilo",Cold Pressed Juice - Shine On,"100% pure cold pressed tomato, apple, carrot, and watermelon  - NO ADDED SUGAR, NO PRESERVATIVES - clear & bright skin, eye's health, anti-cancer, anti-aging",41.500,Tersedia,2025-07-12 01:34:02
"Frutamix Cold Pressed Juice & Healthy Smoothie Bowl, Sukolilo",Detox Bowl,"Smoothie bowl dari buah strawberry, nanas, apel, kelapa, pisang dan active charcoal dengan topping buah peach, corn flakes, granola, dan coconut flakes",48.000,Tersedia,2025-07-12 01:34:02
"Frutamix Cold Pressed Juice & Healthy Smoothie Bowl, Sukolilo",Fruit Salad With Granola Almond ( kids / small size),"salad buah-buahan segar  jelly dengan toping Honey Roasted Granola Almond dan keju, ukuran 200 ml",32.500,Tersedia,2025-07-12 01:34:02
"Frutamix Cold Pressed Juice & Healthy Smoothie Bowl, Sukolilo",Klepon Almond Dessert Jar,"Premium Healthy Dessert Jar made from 100 almond mylk with Coconut, pandan jelly, pearl, jackfruit",49.500,Tersedia,2025-07-12 01:34:02
"Frutamix Cold Pressed Juice & Healthy Smoothie Bowl, Sukolilo",Fruit Salad With Granola Almond ( kids / small size),N/A,32.500,Tersedia,2025-07-12 01:34:02
"Frutamix Cold Pressed Juice & Healthy Smoothie Bowl, Sukolilo",Mango Bowl,N/A,48.000,Tersedia,2025-07-12 01:34:02
"Frutamix Cold Pressed Juice & Healthy Smoothie Bowl, Sukolilo",Fruit Salad With Granola Almond (Medium),N/A,58.500,Tersedia,2025-07-12 01:34:02
"Frutamix Cold Pressed Juice & Healthy Smoothie Bowl, Sukolilo",Fruit Salad With Granola Almond (Large Size),N/A,84.500,Tersedia,2025-07-12 01:34:02
"Frutamix Cold Pressed Juice & Healthy Smoothie Bowl, Sukolilo",Vegan Baby Sobek Smurf,N/A,67.600,Tersedia,2025-07-12 01:34:02
"Frutamix Cold Pressed Juice & Healthy Smoothie Bowl, Sukolilo",Gluten Free Choco Almond Brownies,N/A,49.400,Tersedia,2025-07-12 01:34:02
"Frutamix Cold Pressed Juice & Healthy Smoothie Bowl, Sukolilo",Golden Pine Cold Brew,"Fruit infused cold brew tropical pineappl, sweetened with monk fruit. No added sugar",65.000,Tersedia,2025-07-12 01:34:02
"Frutamix Cold Pressed Juice & Healthy Smoothie Bowl, Sukolilo",Brew Berries Cold Brew,"Fruit Infused Cold Brew Blueberry, Sweetened with Monk Fruit. NO ADDED SUGAR",65.000,Tersedia,2025-07-12 01:34:02
"Frutamix Cold Pressed Juice & Healthy Smoothie Bowl, Sukolilo",Exotic Floral Cold Brew,"Fruit Infused Cold Brew Floral, Sweetened with Monk Fruit. NO ADDED SUGAR",65.000,Tersedia,2025-07-12 01:34:02
"Frutamix Cold Pressed Juice & Healthy Smoothie Bowl, Sukolilo",Orange Calypso Cold Brew,"Fruit Infused Cold Brew Citrus Orange, Sweetened with Monk Fruit. NO ADDED SUGAR",65.000,Tersedia,2025-07-12 01:34:02
"Frutamix Cold Pressed Juice & Healthy Smoothie Bowl, Sukolilo",Peach Wave Cold Brew,"Fruit Infused Cold Brew Peach Wave, Sweetened with Monk Fruit. NO ADDED SUGAR",65.000,Tersedia,2025-07-12 01:34:02
"Frutamix Cold Pressed Juice & Healthy Smoothie Bowl, Sukolilo",Artisan Cranberry Walnut Sourdough (Half),"Low Gluten, Zero Eggs, Zero Sugar, Dairy Free and Vegan",62.400,Tersedia,2025-07-12 01:34:02
"Frutamix Cold Pressed Juice & Healthy Smoothie Bowl, Sukolilo",Artisan Choco Almond Brownie Sourdough (Half),"Low gluten, zero eggs, zero sugar, dairy free and vegan",62.400,Tersedia,2025-07-12 01:34:02
"Frutamix Cold Pressed Juice & Healthy Smoothie Bowl, Sukolilo",Artisan Cheese Sourdough (Half),"Low Gluten, Zero Eggs, Zero Sugar, Dairy Free and Vegan",54.600,Tersedia,2025-07-12 01:34:02
"Frutamix Cold Pressed Juice & Healthy Smoothie Bowl, Sukolilo",Sugar Free Almond Mocha Choco Pudding,Sugar Free and Dairy Free Pudding Mocha Choco With Sugar Free Rhum Vla. 100percent Made from Almond Mylk,38.000,Tersedia,2025-07-12 01:34:02
"Frutamix Cold Pressed Juice & Healthy Smoothie Bowl, Sukolilo",Sugar Free Almond Pudding Zebra,Sugar Free and Dairy Free Pudding With Sugar Free Rhum Vla. 100percent Made from Almond Mylk,38.000,Tersedia,2025-07-12 01:34:02
"Frutamix Cold Pressed Juice & Healthy Smoothie Bowl, Sukolilo",Cold Pressed Juice - Love Struck,"100% pure cold pressed guava, apple, strawberry and honey - NO ADDED SUGAR, NO PRESERVATIVES - anti-aging, reduce pimple, bright skin, help lose weight, better digestion",41.500,Tersedia,2025-07-12 01:34:02
"Frutamix Cold Pressed Juice & Healthy Smoothie Bowl, Sukolilo",Cold Pressed Juice - Copacabana (NEW),"100% pure cold pressed pineapple, coconut water, and sea salt - NO ADDED SUGAR, NO PRESERVATIVES - immune booster, heart health, control appetite",41.500,Tersedia,2025-07-12 01:34:02
"Frutamix Cold Pressed Juice & Healthy Smoothie Bowl, Sukolilo",Cold Pressed Juice - Dragon's Blood,"100% pure cold pressed dragon's fruit, apple, watermelon, NO ADDED SUGAR, NO PRESERVATIVES - stabilize blood pressure, help lose weight",41.500,Tersedia,2025-07-12 01:34:02
"Frutamix Cold Pressed Juice & Healthy Smoothie Bowl, Sukolilo",Cold Pressed Juice - Beauty & The Beet,"100% pure cold pressed apple, carrot, beetroot and lime - NO ADDED SUGAR, NO PRESERVATIVES - anti-aging, anti-cancer, immune booster, stabilize blood pressure, lower blood cholesterol & trygliceride, reduce pimple",41.500,Tersedia,2025-07-12 01:34:02
"Frutamix Cold Pressed Juice & Healthy Smoothie Bowl, Sukolilo",Cold Pressed Juice - Shine On,"100% pure cold pressed tomato, apple, carrot, and watermelon  - NO ADDED SUGAR, NO PRESERVATIVES - clear & bright skin, eye's health, anti-cancer, anti-aging",41.500,Tersedia,2025-07-12 01:34:02
"Frutamix Cold Pressed Juice & Healthy Smoothie Bowl, Sukolilo",Cold Pressed Juice - Orange Blast,"100% pure cold pressed orange, apple, carrot, kiwi and lemon - NO ADDED SUGAR, NO PRESERVATIVES - flu fighter, immune booster, reduce pimple, bright skin, help lose weight",41.500,Tersedia,2025-07-12 01:34:02
"Frutamix Cold Pressed Juice & Healthy Smoothie Bowl, Sukolilo",Cold Pressed juice - Black Magic,"100% pure cold pressed apple, lemon, chia seed, and honey - NO ADDED SUGAR, NO PRESERVATIVES - detox, help lose weight, lower blood cholesterol",41.500,Tersedia,2025-07-12 01:34:02
"Frutamix Cold Pressed Juice & Healthy Smoothie Bowl, Sukolilo",Cold Pressed Juice - Heartbeet,"100% pure cold pressed orange, guava, watermelon and beetroot - NO ADDED SUGAR, NO PRESERVATIVES - anti-aging, anti-cancer, immune booster, stabilize blood pressure, lower blood cholesterol & trygliceride, reduce pimple",41.500,Tersedia,2025-07-12 01:34:02
"Frutamix Cold Pressed Juice & Healthy Smoothie Bowl, Sukolilo",Cold Pressed Juice - The Hulk,"100% pure cold pressed pineapple, baby spinach, cucumber, lemon and honey - NO ADDED SUGAR, NO PRESERVATIVES - immune booster, mouth ulcer (sariawan), muscle recovery, prevent hairloss, better digestion",41.500,Tersedia,2025-07-12 01:34:02
"Frutamix Cold Pressed Juice & Healthy Smoothie Bowl, Sukolilo",Cold Pressed Juice - Happy Go Berry,"100% pure cold pressed strawberry, banana, and low fat yogurt - NO ADDED SUGAR, NO PRESERVATIVES - better digestion, healthy & clear skin, lower blood cholesterol",41.500,Tersedia,2025-07-12 01:34:02
"Frutamix Cold Pressed Juice & Healthy Smoothie Bowl, Sukolilo",Cold Pressed Juice - Y.O.L.O,"100% pure cold pressed strawberry, banana, and low fat yogurt - NO ADDED SUGAR, NO PRESERVATIVES - mood booster, better digestion, healthy & clear skin, lower blood cholesterol",41.500,Tersedia,2025-07-12 01:34:02
"Frutamix Cold Pressed Juice & Healthy Smoothie Bowl, Sukolilo",Cold Pressed Juice -  The Smurfs (NEW),"100 pure cold pressed lychee, blueberry, and low fat yogurt - NO ADDED SUGAR, NO PRESERVATIVES - anti-aging, immune booster, reduce pimple, bright skin, help lose weight",46.000,Tersedia,2025-07-12 01:34:02
"Frutamix Cold Pressed Juice & Healthy Smoothie Bowl, Sukolilo",Vo2 Max (Before You Run),"Cold pressed juice with beetroot, apple, celery and coconut water - no added sugar, no preservatives,drink it before you run!",44.000,Tersedia,2025-07-12 01:34:02
"Frutamix Cold Pressed Juice & Healthy Smoothie Bowl, Sukolilo",Recovery Booster+,"Cold pressed juice with beetroot, watermelon, pineapple, coconut water and raw honey - no added sugar, no preservatives,drink it after you run!",44.000,Tersedia,2025-07-12 01:34:02
"Frutamix Cold Pressed Juice & Healthy Smoothie Bowl, Sukolilo",Running Series Bundle,"Include 4 Bottles : Vo2 Max, Recovery Booster+, Power Ranger and Green Booster",174.000,Tersedia,2025-07-12 01:34:02
"Frutamix Cold Pressed Juice & Healthy Smoothie Bowl, Sukolilo",NEW Green Booster (Green Series),"100% pure cold pressed kale, horenzo, lettuce, apple, kiwi and pineapple NO ADDED SUGAR, NO PRESERVATIVES - hi antioxidant and fiber, help digestion and boost immunity",44.000,Tersedia,2025-07-12 01:34:02
"Frutamix Cold Pressed Juice & Healthy Smoothie Bowl, Sukolilo",Doctor Green,"100% pure cold pressed celery stick (import), kale, lettuce, orange, apple, lemon -  NO ADDED SUGAR, NO PRESERVATIVES, boost overall health",44.000,Tersedia,2025-07-12 01:34:02
"Frutamix Cold Pressed Juice & Healthy Smoothie Bowl, Sukolilo",Kalefornia,"100% pure cold pressed kale, spinach, lettuce, kiwi, apple, orange - NO ADDED SUGAR, NO PRESERVATIVES, good for your skin",44.000,Tersedia,2025-07-12 01:34:02
"Frutamix Cold Pressed Juice & Healthy Smoothie Bowl, Sukolilo",Immunity Bundle,"2 set juice immune series, 1 pilihan doctor green / kalefornia, 1 pilihan heartbeet / beauty and the beet",174.000,Tersedia,2025-07-12 01:34:02
"Frutamix Cold Pressed Juice & Healthy Smoothie Bowl, Sukolilo",NEW Golden Warrior (Immunity Series),"100% pure cold pressed golden pear, pineapple, orange, turmeric with chia seed. NO ADDED SUGAR, NO PRESERVATIVES - antivirus, boost immunity, high antioxidant, healthy heart",44.000,Tersedia,2025-07-12 01:34:02
"Frutamix Cold Pressed Juice & Healthy Smoothie Bowl, Sukolilo",Power Ranger,"Pure cold pressed turmeric, orange, pineapple and goji berry HIGH ANTIOXIDANT boost immunity",44.000,Tersedia,2025-07-12 01:34:02
"Frutamix Cold Pressed Juice & Healthy Smoothie Bowl, Sukolilo",Immune Kicker,"Pure cold pressed ginger, apple, carrot, beetroot and lemon HIGH ANTIOXIDANT, immune booster",44.000,Tersedia,2025-07-12 01:34:02
"Frutamix Cold Pressed Juice & Healthy Smoothie Bowl, Sukolilo",Tropical Breeze,"Soursop , Orange , Mango",44.000,Tersedia,2025-07-12 01:34:02
"Frutamix Cold Pressed Juice & Healthy Smoothie Bowl, Sukolilo",Super Green,"Kale , Horenzo , Soursop , Lettuce , Pineaple , Coconut Water",44.000,Tersedia,2025-07-12 01:34:02
"Frutamix Cold Pressed Juice & Healthy Smoothie Bowl, Sukolilo",Pure Coconut Water,Pure Coconut Water. NO ADDED SUGAR. Fresh and Natural,40.000,Tersedia,2025-07-12 01:34:02
"Frutamix Cold Pressed Juice & Healthy Smoothie Bowl, Sukolilo",Blue Coco,Pure Coconut Water With Blue Pea Flower. NO ADDED SUGAR. Fresh and Natural,42.000,Tersedia,2025-07-12 01:34:02
"Frutamix Cold Pressed Juice & Healthy Smoothie Bowl, Sukolilo",Premium Almond Mylk - Chocolate (500 mL),"Raw almond mylk naturally sweetened with dates, NO ADDED SUGAR, NO PRESERVATIVES - source of Omega 3&6, Vitamin E, low carbohydrate (keto friendly)",78.000,Tersedia,2025-07-12 01:34:02
"Frutamix Cold Pressed Juice & Healthy Smoothie Bowl, Sukolilo",Premium Almond Mylk - Original (500 mL),"Raw almond mylk naturally sweetened with dates, NO ADDED SUGAR, NO PRESERVATIVES - source of Omega 3&6, Vitamin E, low carbohydrate (keto friendly)",78.000,Tersedia,2025-07-12 01:34:02
"Frutamix Cold Pressed Juice & Healthy Smoothie Bowl, Sukolilo",Asi Booster Bundle,2 Almond Vanila 500ml + 1 Almond Chocolate 500ml,245.700,Tersedia,2025-07-12 01:34:02
"Frutamix Cold Pressed Juice & Healthy Smoothie Bowl, Sukolilo",Premium Almond Mylk - Original (275mL),"Sari kacang almond murni TANPA tambahan susu sapi, rasa manis alami buah kurma (dates) NO ADDED SUGAR, NO PRESERVATIVES. NO SYRUP",41.500,Tersedia,2025-07-12 01:34:02
"Frutamix Cold Pressed Juice & Healthy Smoothie Bowl, Sukolilo",Premium Almond Mylk - Chocolate (275mL),"Sari kacang almond murni TANPA tambahan susu sapi, dengan bubuk dark chocolate asli.Rasa manis alami buah kurma (dates) NO ADDED SUGAR, NO PRESERVATIVES. Mengandung Omega-3 dan 6",41.500,Tersedia,2025-07-12 01:34:02
"Frutamix Cold Pressed Juice & Healthy Smoothie Bowl, Sukolilo",Fruit Salad With Granola Almond ( kids / small size),"salad buah-buahan segar  jelly dengan toping Honey Roasted Granola Almond dan keju, ukuran 200 ml",32.500,Tersedia,2025-07-12 01:34:02
"Frutamix Cold Pressed Juice & Healthy Smoothie Bowl, Sukolilo",Fruit Salad With Granola Almond (Medium),"Salad buah-buahan segar  jelly dengan toping Honey Roasted Granola Almond dan keju,ukuran 425 ml",58.500,Tersedia,2025-07-12 01:34:02
"Frutamix Cold Pressed Juice & Healthy Smoothie Bowl, Sukolilo",Fruit Salad With Granola Almond (Large Size),"Salad buah-buahan segar  jelly dengan toping honey roasted granola almond dan keju, ukuran 650ml",84.500,Tersedia,2025-07-12 01:34:02
"Frutamix Cold Pressed Juice & Healthy Smoothie Bowl, Sukolilo",Fruit Salad With Granola Almond (Family Size),"Salad buah-buahan segar  jelly dengan toping haney roasted granola almond dan keju,ukuran 1000ml",126.750,Tersedia,2025-07-12 01:34:02
"Frutamix Cold Pressed Juice & Healthy Smoothie Bowl, Sukolilo",Acai Diet Bowl,"Smoothie bowl dari acai berry, blueberry, strawberry, dan pisang dengan topping potongan buah pisang, chia seed, granola, dan coconut flakes",48.000,Tersedia,2025-07-12 01:34:02
"Frutamix Cold Pressed Juice & Healthy Smoothie Bowl, Sukolilo",Mango Bowl,"Blended Mango,Banana and Coconut With Crunchy Toppings, No Added Sugar,No Syrup",48.000,Tersedia,2025-07-12 01:34:02
"Frutamix Cold Pressed Juice & Healthy Smoothie Bowl, Sukolilo",Pinacolanda Bowl,"Smoothie bowl dari buah mangga, nanas, dan coconut, dengan topping potongan buah pisang, chia seed, granola, dan coconut flakes",48.000,Tersedia,2025-07-12 01:34:02
"Frutamix Cold Pressed Juice & Healthy Smoothie Bowl, Sukolilo",Detox Bowl,"Smoothie bowl dari buah strawberry, nanas, apel, kelapa, pisang dan active charcoal dengan topping buah peach, corn flakes, granola, dan coconut flakes",48.000,Tersedia,2025-07-12 01:34:02
"Frutamix Cold Pressed Juice & Healthy Smoothie Bowl, Sukolilo",Dragon's Bowl,"Smoothie bowl dari strawberry, naga merah, dengan topping potongan buah pisang, chia seed, granola, dan coconut flakes",48.000,Tersedia,2025-07-12 01:34:02
"Frutamix Cold Pressed Juice & Healthy Smoothie Bowl, Sukolilo",Berry Yogurt Bowl,"Smoothie bowl dari buah strawberry, pisang, dan yogurt dengan topping buah pisang, chia seed, corn flakes, granola, dan coconut flakes",48.000,Tersedia,2025-07-12 01:34:02
"Frutamix Cold Pressed Juice & Healthy Smoothie Bowl, Sukolilo",Pinacolada Smoothies,"Blended Pineapple, Mango, Banana and Coconut",42.000,Tersedia,2025-07-12 01:34:02
"Frutamix Cold Pressed Juice & Healthy Smoothie Bowl, Sukolilo",Dragons Smooch,"Blended Red Dragon Fruit, Banana, Apple and Strawberry",42.000,Tersedia,2025-07-12 01:34:02
"Frutamix Cold Pressed Juice & Healthy Smoothie Bowl, Sukolilo",Berry Yoghurt Smoothies,"Blended Strawberry, Banana and Low Fat Yogurt",42.000,Tersedia,2025-07-12 01:34:02
"Frutamix Cold Pressed Juice & Healthy Smoothie Bowl, Sukolilo",Detox Smoothies,"Blended Pineapple, Strawberry, Banana and Coconut With Activated Charcoal",42.000,Tersedia,2025-07-12 01:34:02
"Frutamix Cold Pressed Juice & Healthy Smoothie Bowl, Sukolilo",Muscle Builder,"Blended Whey Protein, Banana, Raw Cocoa, Peanut Butter",48.000,Tersedia,2025-07-12 01:34:02
"Frutamix Cold Pressed Juice & Healthy Smoothie Bowl, Sukolilo",Mango Magic,"Blended Mango, Banana and Low Fat Yogurt",42.000,Tersedia,2025-07-12 01:34:02
"Frutamix Cold Pressed Juice & Healthy Smoothie Bowl, Sukolilo",Acai Smoothies,"Blended Acai Berry, Blueberry, Banana and Apple Juice",42.000,Tersedia,2025-07-12 01:34:02
"Frutamix Cold Pressed Juice & Healthy Smoothie Bowl, Sukolilo",Tuttifrutti Almond,"Premium Healthy Dessert Jar made from Almond Mylk With Pearl, Apple, Strawberry Jelly and Dragon Fruit. NO ADDED SUGAR, DAIRY FREE and GLUTEN FREE",49.500,Tersedia,2025-07-12 01:34:02
"Frutamix Cold Pressed Juice & Healthy Smoothie Bowl, Sukolilo",Teler Almond,"Premium Healthy Dessert Jar made from Almond Mylk With Pearl, Coconut, Jack Fruit, Avocado and Jelly. NO ADDED SUGAR, DAIRY FREE and GLUTEN FREE",49.500,Tersedia,2025-07-12 01:34:02
"Frutamix Cold Pressed Juice & Healthy Smoothie Bowl, Sukolilo",Strawberry Lychee Sago,"Premium Healthy Dessert Jar made from Almond Mylk With Pearl, Strawberry, Lychee and Jelly. NO ADDED SUGAR, DAIRY FREE and GLUTEN FREE",52.500,Tersedia,2025-07-12 01:34:02
"Frutamix Cold Pressed Juice & Healthy Smoothie Bowl, Sukolilo",Mango Sago Almond,"Premium Healthy Dessert Jar made from Almond Mylk With Pearl, Mango, Longan and Jelly. NO ADDED SUGAR, DAIRY FREE and GLUTEN FREE",52.500,Tersedia,2025-07-12 01:34:02
"Frutamix Cold Pressed Juice & Healthy Smoothie Bowl, Sukolilo",Premium Peach Gum Dessert / Cheng Teng with Almond Pudding - SUGAR FREE,"Dessert jar peach gum made from Almond pudding, Angco, Goji berry, Snow mushroom, Peach gum, Longan, Lotus seed, Chia seed - SUGAR FREE, VEGAN, EGG FREE, DAIRY FREE",48.000,Tersedia,2025-07-12 01:34:02
"Frutamix Cold Pressed Juice & Healthy Smoothie Bowl, Sukolilo",Red Bean Almond,"Premium Healthy Dessert Jar made from Almond Mylk With Red Bean, Crunchy Peanut and Jelly. NO ADDED SUGAR, DAIRY FREE and GLUTEN FREE",49.500,Tersedia,2025-07-12 01:34:02
"Frutamix Cold Pressed Juice & Healthy Smoothie Bowl, Sukolilo",Grass Jelly Almond,"Dessert Jar with Taro BallPremium almond dessert jar with Taro ball, Sweet potato ball, Grass jelly, Coconut jelly, Red bean  Premium almond mylk - VEGAN, EGG FREE, DAIRY FREE",48.000,Tersedia,2025-07-12 01:34:02
"Frutamix Cold Pressed Juice & Healthy Smoothie Bowl, Sukolilo",Kacang Ijo Almond,"Premium Healthy Dessert Jar made from Almond Mylk With Mung Bean, Coconut and Crunchy Peanut. NO ADDED SUGAR, DAIRY FREE and GLUTEN FREE",49.500,Tersedia,2025-07-12 01:34:02
"Frutamix Cold Pressed Juice & Healthy Smoothie Bowl, Sukolilo",Angsle Almond,"Premium Healthy Dessert Jar made from Almond mylk with pearl, kolang kaling, crunchy peanut, mung bean, NUDE Vegan bread and coconut",49.500,Tersedia,2025-07-12 01:34:02
"Frutamix Cold Pressed Juice & Healthy Smoothie Bowl, Sukolilo",Klepon Almond Dessert Jar,"Premium Healthy Dessert Jar made from 100 almond mylk with Coconut, pandan jelly, pearl, jackfruit",49.500,Tersedia,2025-07-12 01:34:02
"Frutamix Cold Pressed Juice & Healthy Smoothie Bowl, Sukolilo",Kolak Pisang Almond,"Premium Healthy Dessert Jar made from Almond Mylk With Cassava, Banana, Sweet Potato, Kolang Kaling, Pearl and Arenga Sugar. NO ADDED SUGAR, DAIRY FREE and GLUTEN FREE",49.500,Tersedia,2025-07-12 01:34:02
"Frutamix Cold Pressed Juice & Healthy Smoothie Bowl, Sukolilo",Vegan Pumpkin Bao (Bakpao),Vegan Healthy Whole Wheat Bread and High Fiber,24.000,Tersedia,2025-07-12 01:34:02
"Frutamix Cold Pressed Juice & Healthy Smoothie Bowl, Sukolilo",Whole Wheat Almond Bread,"Vegan Healthy Whole Wheat Bread, Low Calories, Very Less Sugar",24.000,Tersedia,2025-07-12 01:34:02
"Frutamix Cold Pressed Juice & Healthy Smoothie Bowl, Sukolilo",Gluten Free and Vegan Choco Muffin,"Muffin Dark Choco, Gluten Free, Egg Free, Dairy Free and Vegan",41.600,Tersedia,2025-07-12 01:34:02
"Frutamix Cold Pressed Juice & Healthy Smoothie Bowl, Sukolilo",Premium Gluten Free Mocha Cake,"Gluten Free Mocha Cake 1slice, Butter Free, Low Sugar, Less Egg, Low Calories",36.400,Tersedia,2025-07-12 01:34:02
"Frutamix Cold Pressed Juice & Healthy Smoothie Bowl, Sukolilo",Vegan Baby Sobek Smurf,"Blue  bread (blue pea flower)+ isi vegan dark chocolate. Vegan, dairy free, whole wheat, low cal, soy free, egg free, butter free.",67.600,Tersedia,2025-07-12 01:34:02
"Frutamix Cold Pressed Juice & Healthy Smoothie Bowl, Sukolilo",Vegan Baby Sobek Tinky Winky,"Ube bread + isi taro. Vegan, dairy free, whole wheat, low cal, soy free, egg free, butter free.",49.500,Tersedia,2025-07-12 01:34:02
"Frutamix Cold Pressed Juice & Healthy Smoothie Bowl, Sukolilo",Gluten Free Choco Almond Brownies,"Brownies with almond, gluten free, less sugar, and dairy free",49.400,Tersedia,2025-07-12 01:34:02
"Frutamix Cold Pressed Juice & Healthy Smoothie Bowl, Sukolilo",Vegan Pandan Raisin Roti Tawar (Whole Wheat),"Roti Tawar Vegan, Egg Free and Dairy Free With Pandan Leaf Extract and Raisin",50.700,Tersedia,2025-07-12 01:34:02
"Frutamix Cold Pressed Juice & Healthy Smoothie Bowl, Sukolilo",Pumpkin Bread Roti tawar (Labu Kuning),"Roti tawar terbuat dari labu dan gandum, egg free, sugar free and dairy free. only 88cal/slice (isi 8 slice).",50.700,Tersedia,2025-07-12 01:34:02
"Frutamix Cold Pressed Juice & Healthy Smoothie Bowl, Sukolilo",Vegan Baby Sobek Minion,"Yellow Bread (tumeric)+ isi banana  nutella vegan (dairy free). Vegan, Dairy Free, Whole Wheat, Low Cal, Soy Free, Egg Free, Butter Free.",54.600,Tersedia,2025-07-12 01:34:02
"Frutamix Cold Pressed Juice & Healthy Smoothie Bowl, Sukolilo",Skinny Banana Bread (2 slices),"2 slices of Gluten free & low calorie banana bread, dairy free, lactose free",41.600,Tersedia,2025-07-12 01:34:02
"Frutamix Cold Pressed Juice & Healthy Smoothie Bowl, Sukolilo",Skinny Banana Bread Loaf (300g) 6-7 slices,"Gluten free & low calorie banana bread, dairy free, lactose free",102.700,Tersedia,2025-07-12 01:34:02
"Frutamix Cold Pressed Juice & Healthy Smoothie Bowl, Sukolilo",Skinny Brownies (2 slices),"2 slices of Gluten free & low calorie brownies, dairy free, lactose free",41.600,Tersedia,2025-07-12 01:34:02
"Frutamix Cold Pressed Juice & Healthy Smoothie Bowl, Sukolilo",Skinny Brownies Loaf (300g) 6-7 slices,"Gluten free & low calorie brownies, dairy free, lactose free",115.700,Tersedia,2025-07-12 01:34:02
"Frutamix Cold Pressed Juice & Healthy Smoothie Bowl, Sukolilo",Vegan Roti Sobek Chocochip,"Egg free, low calorie, dairy free roti sobek dengan whole wheat flour (hi fiber) dengan dark chocolate",41.600,Tersedia,2025-07-12 01:34:02
"Frutamix Cold Pressed Juice & Healthy Smoothie Bowl, Sukolilo",Vegan Roti Sobek Almond Cranberry & Raisin,"Egg free, low calorie, dairy free roti sobek dengan whole wheat flour (hi fiber) dengan almond, cranberry dan raisin",41.600,Tersedia,2025-07-12 01:34:02
"Frutamix Cold Pressed Juice & Healthy Smoothie Bowl, Sukolilo",Vegan Red Bean Bun,"Vegan bun whole wheat dengan isian kacang merah, Egg Free & Dairy Free",20.800,Tersedia,2025-07-12 01:34:02
"Frutamix Cold Pressed Juice & Healthy Smoothie Bowl, Sukolilo",Vegan Kaya Bun,"Vegan bun whole wheat dengan isian kaya, Egg Free & Dairy Free",20.800,Tersedia,2025-07-12 01:34:02
"Frutamix Cold Pressed Juice & Healthy Smoothie Bowl, Sukolilo",Vegan Pandan Bun,"Vegan bun whole wheat dengan isian pandan, Egg Free & Dairy Free",20.800,Tersedia,2025-07-12 01:34:02
"Frutamix Cold Pressed Juice & Healthy Smoothie Bowl, Sukolilo",Roti Tawar Vegan Low GI Multiseed,"Vegan Low GI Bread, Egg Free & Dairy Free, Oil Free, No added sugar, Diabetic friendly. Terbuat dari gandum dan multi seed (Isi 6 slices)",54.600,Tersedia,2025-07-12 01:34:02
"Frutamix Cold Pressed Juice & Healthy Smoothie Bowl, Sukolilo",Vegan Baby Sobek  Patrick Star,"Patrick star : strawberry bread + crunchy peanut butter  strawberry filling (egg free  dairy free, 100 vegan)",49.500,Tersedia,2025-07-12 01:34:02
"Frutamix Cold Pressed Juice & Healthy Smoothie Bowl, Sukolilo",Vegan Baby Sobek Shrek,N/A,54.600,Tersedia,2025-07-12 01:34:02
"Frutamix Cold Pressed Juice & Healthy Smoothie Bowl, Sukolilo",Vegan Cinnamon Roll,"Vegan Whole wheat cinnamon roll, Egg Free & Dairy Free, Oil Free, using organic Palm Sugar 175 cal / roll",23.400,Tersedia,2025-07-12 01:34:02
"Frutamix Cold Pressed Juice & Healthy Smoothie Bowl, Sukolilo",Gluten Free & Vegan Premium Choco Chip Cookies,120g Premium choco chip cookies gluten free & vegan,115.700,Tersedia,2025-07-12 01:34:02
"Frutamix Cold Pressed Juice & Healthy Smoothie Bowl, Sukolilo",Guten Free & Vegan Nastar,"200g Gluten Free & Vegan Nastar made from almond, brown rice, potato starch with real pineapple filling",128.700,Tersedia,2025-07-12 01:34:02
"Frutamix Cold Pressed Juice & Healthy Smoothie Bowl, Sukolilo",Roti Tawar Vegan Oat Bread,"Roti tawar vegan bebas telur, tanpa butter, tanpa mentega, tanpa susu, terbuat dari Australian rolled oat. 1 Loaf 8 slices (90 cal / slice)",50.700,Tersedia,2025-07-12 01:34:02
"Frutamix Cold Pressed Juice & Healthy Smoothie Bowl, Sukolilo",Unicorn Oat Bread Vegan Roti Tawar,"Roti tawar warna-warni terbuat dari buah naga, blue pea flower dan turmeric, vegan bebas telur, tanpa butter, tanpa mentega, tanpa susu, terbuat dari Australian rolled oat. 1 Loaf 8 slices (90 cal / slice)",50.700,Tersedia,2025-07-12 01:34:02
"Frutamix Cold Pressed Juice & Healthy Smoothie Bowl, Sukolilo",Ultimate Gluten Free Bread,"Roti tawar bebas tepung (Gluten Free), wheat free, dairy free, high fiber, nut free, soy free. Butter & margarine free. (80 cal / slice)",62.400,Tersedia,2025-07-12 01:34:02
"Frutamix Cold Pressed Juice & Healthy Smoothie Bowl, Sukolilo",Baby Toast Pandan Cheese,"Gandum utuh, natural flavour, color dari pandan wangi asli, terdapat topping keju (non vegan), egg free, butter free, soy free",59.800,Tersedia,2025-07-12 01:34:02
"Frutamix Cold Pressed Juice & Healthy Smoothie Bowl, Sukolilo",Baby Toast Vegan Pandan,"Gandum utuh, natural flavour, color dari pandan wangi asli, terdapat isian selai pandan di dalamnya, egg free, dairy free,butter free, soy free",50.700,Tersedia,2025-07-12 01:34:02
"Frutamix Cold Pressed Juice & Healthy Smoothie Bowl, Sukolilo",Vegan Giraffe Bread (Roti Tawar),"Low calories  vegan roti tawar dengan motif jerapah, cocok untuk diet. Egg Free, dairy free, butter free, cholesterol free, 93cal/slice cocok dipadukan dengan selai Nude Spread",50.700,Tersedia,2025-07-12 01:34:02
"Frutamix Cold Pressed Juice & Healthy Smoothie Bowl, Sukolilo",Premium Gluten Free Chiffon Cake - Rasa Cheese,NEW!! PREMIUM Gluten Free Chiffon Cake Gluten Free Butter Free Dairy Free Sweetened with Stevia  Contains very less palm sugar Made with organic coconut oil Only 197 cal / pcs compared to other chiffon 250 cal ++ / pcs,45.500,Tersedia,2025-07-12 01:34:02
"Frutamix Cold Pressed Juice & Healthy Smoothie Bowl, Sukolilo",Premium Gluten Free Chiffon Cake - Rasa Mocha,NEW!! PREMIUM Gluten Free Chiffon Cake Gluten Free Butter Free Dairy Free Sweetened with Stevia  Contains very less palm sugar Made with organic coconut oil Only 197 cal / pcs compared to other chiffon 250 cal ++ / pcs,45.500,Tersedia,2025-07-12 01:34:02
"Frutamix Cold Pressed Juice & Healthy Smoothie Bowl, Sukolilo",Premium Gluten Free Chiffon Cake - Rasa Pandan,NEW!! PREMIUM Gluten Free Chiffon Cake Gluten Free Butter Free Dairy Free Sweetened with Stevia  Contains very less palm sugar Made with organic coconut oil Only 197 cal / pcs compared to other chiffon 250 cal ++ / pcs,45.500,Tersedia,2025-07-12 01:34:02
"Frutamix Cold Pressed Juice & Healthy Smoothie Bowl, Sukolilo",Premium Gluten Free Chiffon Cake - Rasa Taro,NEW!! PREMIUM Gluten Free Chiffon Cake Gluten Free Butter Free Dairy Free Sweetened with Stevia  Contains very less palm sugar Made with organic coconut oil Only 197 cal / pcs compared to other chiffon 250 cal ++ / pcs,45.500,Tersedia,2025-07-12 01:34:02
"Frutamix Cold Pressed Juice & Healthy Smoothie Bowl, Sukolilo",Premiun Gluten Free Chiffon - Rasa Strawberry Cheese,NEW!! PREMIUM Gluten Free Chiffon Cake Gluten Free Butter Free Dairy Free Sweetened with Stevia  Contains very less palm sugar Made with organic coconut oil Only 197 cal / pcs compared to other chiffon 250 cal ++ / pcs,50.700,Tersedia,2025-07-12 01:34:02
"Frutamix Cold Pressed Juice & Healthy Smoothie Bowl, Sukolilo","Vegan Shokupan - Roti Tawar slice tebal  EGG FREE, DAIRY FREE, BUTTER FREE","Roti Tawar low calories, egg free, dairy free",50.700,Tersedia,2025-07-12 01:34:02
"Frutamix Cold Pressed Juice & Healthy Smoothie Bowl, Sukolilo",Healthy Brownie Thins X Andrea,"GLUTEN FREE  EGG FREE  Made from almond, organic flax seed, organic brown rice, coconut oil, stevia, less palm sugar, almond, cheese (non vegan  contain dairy from cheese)",68.000,Tersedia,2025-07-12 01:34:02
"Frutamix Cold Pressed Juice & Healthy Smoothie Bowl, Sukolilo",Vegan Baby Sobek Vanilla X Oatside,"Vegan baby sobek isi fla vanilla vegan, egg free, dairy free, whole wheat, butter free, no dairy  lactose free, less sugar",54.600,Tersedia,2025-07-12 01:34:02
"Frutamix Cold Pressed Juice & Healthy Smoothie Bowl, Sukolilo",Gluten Free  Vegan Cashew Cookies,120g Premium Cashew cookies gluten free and vegan,102.700,Tersedia,2025-07-12 01:34:02
"Frutamix Cold Pressed Juice & Healthy Smoothie Bowl, Sukolilo",Gluten Free  Vegan Matcha Almond Cookies,120g Premium matcha almond cookies gluten free and vegan with almond toppings,102.700,Tersedia,2025-07-12 01:34:02
"Frutamix Cold Pressed Juice & Healthy Smoothie Bowl, Sukolilo",Gluten Free  Vegan Triple Choco Cookies,120g Premium Triple Choco cookies gluten free and vegan,115.700,Tersedia,2025-07-12 01:34:02
"Frutamix Cold Pressed Juice & Healthy Smoothie Bowl, Sukolilo",Soft Cookies Double Choco 1pc,"Gluten Free, Dairy Free, Egg Free, No Refined Sugar",36.400,Tersedia,2025-07-12 01:34:02
"Frutamix Cold Pressed Juice & Healthy Smoothie Bowl, Sukolilo",Vegan Baby Sobek Totoro,"Baby sobek dengan black sesame filling. egg free, dairy free and low calori healthy bread",54.600,Tersedia,2025-07-12 01:34:02
"Frutamix Cold Pressed Juice & Healthy Smoothie Bowl, Sukolilo",Vegan Garlic Bread,"Garlic Bread Vegan, sugar free, bebas telur,  tanpa mentega, tanpa butter, dibuat denga extra virgin olive oil. Per pack 70g",58.500,Tersedia,2025-07-12 01:34:02
"Frutamix Cold Pressed Juice & Healthy Smoothie Bowl, Sukolilo",Vegan Baby Sobek Alien,"Matcha bread + red bean filling. Vegan, Dairy Free, Whole Wheat, Low Cal, Soy Free, Egg Free, Butter Free.",54.600,Tersedia,2025-07-12 01:34:02
"Frutamix Cold Pressed Juice & Healthy Smoothie Bowl, Sukolilo",Choco Banana Cheese Bun,"Vegan Whole Wheat Bun, Banana, Dark Chocolate, Non Vegan Cheese (176cal/bun)",31.200,Tersedia,2025-07-12 01:34:02
"Frutamix Cold Pressed Juice & Healthy Smoothie Bowl, Sukolilo",Baby Sobek Panda Bear (Non Vegan),"Charcoal bread + isi non-vegan cream cheese. Vegan, Dairy Free, Whole Wheat, Low Cal, Soy Free, Egg Free, Butter Free.",49.500,Tersedia,2025-07-12 01:34:02
"Frutamix Cold Pressed Juice & Healthy Smoothie Bowl, Sukolilo",Low Cal Mochi Bread,"Low calories mochi bread, less sugar. masih mengandung susu dan telur. (opsi : cheese, black sesame, ube,Choco dan Red Velvet)",24.000,Tersedia,2025-07-12 01:34:02
"Frutamix Cold Pressed Juice & Healthy Smoothie Bowl, Sukolilo",Original Peanut Butter 200g - NO ADDED SUGAR,Selai kacang original tanpa tambahan gula. Tekstur smooth,84.500,Tersedia,2025-07-12 01:34:02
"Frutamix Cold Pressed Juice & Healthy Smoothie Bowl, Sukolilo",Crunchy Peanut Butter 200g - NO ADDED SUGAR,Selai kacang original tekstur crunchy tanpa tambahan gula,84.500,Tersedia,2025-07-12 01:34:02
"Frutamix Cold Pressed Juice & Healthy Smoothie Bowl, Sukolilo",Original Almond Butter 200g - NO ADDED SUGAR,Selai Almond Original tanpa tambahan gula. Tekstur smooth. Vegan. Dairy free  No added oil,154.700,Tersedia,2025-07-12 01:34:02
"Frutamix Cold Pressed Juice & Healthy Smoothie Bowl, Sukolilo",Vegan Fore Almond Butter 180g,Selai Almond rasa Ferrer Rcher (bukan dibuat menggunakan coklat ferero) tanpa tambahan gula. Tekstur crunchy. Vegan. Dairy free  No added oil,154.700,Tersedia,2025-07-12 01:34:02
"Frutamix Cold Pressed Juice & Healthy Smoothie Bowl, Sukolilo",Chocolate Peanut Butter 200g,"Selai kacang dengan dark chocolate, tanpa tambahan gula. Tekstur smooth. Vegan. Dairy free  No added oil",110.500,Tersedia,2025-07-12 01:34:02
"Frutamix Cold Pressed Juice & Healthy Smoothie Bowl, Sukolilo",Vegan Nood Almond Butter 180g,Selai Almond rasa Ntella (bukan dibuat menggunakan nutella) tanpa tambahan gula. Tekstur smooth. Vegan. Dairy free  No added oil,154.700,Tersedia,2025-07-12 01:34:02
"Frutamix Cold Pressed Juice & Healthy Smoothie Bowl, Sukolilo",Espresso Almond Butter 180g - NO ADDED SUGAR,Selai Almond dengan rasa kopi espresso tanpa tambahan gula,128.700,Tersedia,2025-07-12 01:34:02
"Frutamix Cold Pressed Juice & Healthy Smoothie Bowl, Sukolilo",Berry  Dragon Jam Sugar Free Strawberry (Selai) Keto,"Selai Strawberry dengan buah Naga (Murni) NO ADDED SUGAR, NO PRESERVATIVES",97.500,Tersedia,2025-07-12 01:34:02
"Frutamix Cold Pressed Juice & Healthy Smoothie Bowl, Sukolilo",Vegan Salted Caramel,"Coconut milk, dates, cashew, Himalayan sea salt",97.500,Tersedia,2025-07-12 01:34:02
"Frutamix Cold Pressed Juice & Healthy Smoothie Bowl, Sukolilo",Crunchy Almond Butter 200g,"Bahan Alami Almond (tanpa pengawet, tanpa pemanis, tanpa bahan kimia / emulsifier) Gluten Free Egg Free Dairy Free (bebas susu, butter, dan segala turunan susu)",154.700,Tersedia,2025-07-12 01:34:02
"Frutamix Cold Pressed Juice & Healthy Smoothie Bowl, Sukolilo",Dark Chocolate Crunchy Almond Butter 200g,"Almond dan Dark Chocolate  (tanpa pengawet, tanpa pemanis, tanpa bahan kimia / emulsifier) Gluten Free Egg Free Dairy Free (bebas susu, butter, dan segala turunan susu)",154.700,Tersedia,2025-07-12 01:34:02
"Frutamix Cold Pressed Juice & Healthy Smoothie Bowl, Sukolilo",1 Day Detox Without Bag,Paket Detox Tanpa Disertai Tas Detox. Choose 6 cold pressed juice and 1 premium almond mylk. Drink every 2 hours.,299.000,Tersedia,2025-07-12 01:34:02
"Frutamix Cold Pressed Juice & Healthy Smoothie Bowl, Sukolilo",Paket Detox Tanpa Disertai Tas Detox. 1 Day Immunity Detox Without Bag,6 Cold Pressed Juice include immunity series and green series and 1 Premium Almond Mylk. Drink every 2 hours.,328.000,Tersedia,2025-07-12 01:34:02
"Frutamix Cold Pressed Juice & Healthy Smoothie Bowl, Sukolilo",Combo Premium Almond Mylk + Granola 40g,Bundle of Premium almond mylk 500 mL (choose Vanilla / Chocolate) + Granola 40g,87.000,Tersedia,2025-07-12 01:34:02
"Frutamix Cold Pressed Juice & Healthy Smoothie Bowl, Sukolilo",Honey Roasted Granola 40g (2 servings size),"Original crunchy honey roasted granola with almond and chia seed. Roasted using OLIVE OIL, no added sugar (2 servings per pack)",18.000,Tersedia,2025-07-12 01:34:02
"Frutamix Cold Pressed Juice & Healthy Smoothie Bowl, Sukolilo",Honey Roasted Granola 175g,"Original crunchy honey roasted granola with almond and chia seed. Roasted using OLIVE OIL, no added sugar (8-9 servings per pack)",69.000,Tersedia,2025-07-12 01:34:02
"Frutamix Cold Pressed Juice & Healthy Smoothie Bowl, Sukolilo",Dark Chocolate Granola 40g (2 servings size),"Dark chocolate granola with corn flakes and chia seed. Roasted using OLIVE OIL, no added sugar (2 servings per pack)",18.000,Tersedia,2025-07-12 01:34:02
"Frutamix Cold Pressed Juice & Healthy Smoothie Bowl, Sukolilo",Dark Chocolate Granola 175g,"Dark chocolate granola with corn flakes and chia seed. Roasted using OLIVE OIL, no added sugar (2 servings per pack)",69.000,Tersedia,2025-07-12 01:34:02
de jazzio - Nasi hainan Chasio,Classic Mixed - Hainan Rice,"Nasi Hainan, Ayam Panggang (Sioke), Chasio, Telor Kecap, Saos, Sambal",39.200,Tersedia,2025-07-12 01:34:23
de jazzio - Nasi hainan Chasio,Classic Roasted Chicken Rice,"Nasi Putih, Ayam Panggang, Telur Kecap, Saos, Sambal",28.000,Tersedia,2025-07-12 01:34:23
de jazzio - Nasi hainan Chasio,Classic Chasio Chicken - Hainan Rice,"Nasi Hainan, Chasio Ayam,, Telor Kecap, Saos, Sambal",30.400,Tersedia,2025-07-12 01:34:23
de jazzio - Nasi hainan Chasio,Classic Chasio Chicken Rice,"Nasi Putih, Chasio Ayam,, Telor Kecap, Saos, Sambal",28.000,Tersedia,2025-07-12 01:34:23
de jazzio - Nasi hainan Chasio,Classic Mixed - Hainan Rice,"Nasi Hainan, Ayam Panggang (Sioke), Chasio, Telor Kecap, Saos, Sambal",39.200,Tersedia,2025-07-12 01:34:23
de jazzio - Nasi hainan Chasio,Classic Mixed Rice,"Nasi Putih, Aya Panggang (Sioke), Chasio, Telor Kecap, Saos, Sa,Bal",36.800,Tersedia,2025-07-12 01:34:23
de jazzio - Nasi hainan Chasio,Classic Roasted Chicken - Hainan Rice,"Nasi Hainan, Ayam Panggang, Telor Kecap, Saos, Sambal",30.400,Tersedia,2025-07-12 01:34:23
de jazzio - Nasi hainan Chasio,Roasted Chicken 250,Ayam panggang spesial 250gr untuk 3-4 org,72.000,Tersedia,2025-07-12 01:34:23
de jazzio - Nasi hainan Chasio,Chasio Chicken 250,Ayam Chasio Spesial Untuk 3-4 orang,72.000,Tersedia,2025-07-12 01:34:23
de jazzio - Nasi hainan Chasio,Mixed Roasted - Chasio Chicken 250,Ayam panggang dan chasio spesial untuk 3-4 orang,76.000,Tersedia,2025-07-12 01:34:23
de jazzio - Nasi hainan Chasio,Classic Chasio Chicken - Hainan Rice,N/A,30.400,Tersedia,2025-07-12 01:34:23
de jazzio - Nasi hainan Chasio,Classic Mixed - Hainan Rice,N/A,39.200,Tersedia,2025-07-12 01:34:23
de jazzio - Nasi hainan Chasio,Classic Roasted Chicken - Hainan Rice,N/A,30.400,Tersedia,2025-07-12 01:34:23
de jazzio - Nasi hainan Chasio,Roasted Chicken 250,N/A,72.000,Tersedia,2025-07-12 01:34:23
de jazzio - Nasi hainan Chasio,Chasio Chicken 250,N/A,72.000,Tersedia,2025-07-12 01:34:23
de jazzio - Nasi hainan Chasio,Mixed Roasted - Chasio Chicken 250,N/A,76.000,Tersedia,2025-07-12 01:34:23
de jazzio - Nasi hainan Chasio,Classic Roasted Chicken Rice,"Nasi Putih, Ayam Panggang, Telur Kecap, Saos, Sambal",28.000,Tersedia,2025-07-12 01:34:23
de jazzio - Nasi hainan Chasio,Classic Chasio Chicken - Hainan Rice,"Nasi Hainan, Chasio Ayam,, Telor Kecap, Saos, Sambal",30.400,Tersedia,2025-07-12 01:34:23
de jazzio - Nasi hainan Chasio,Classic Chasio Chicken Rice,"Nasi Putih, Chasio Ayam,, Telor Kecap, Saos, Sambal",28.000,Tersedia,2025-07-12 01:34:23
de jazzio - Nasi hainan Chasio,Classic Mixed - Hainan Rice,"Nasi Hainan, Ayam Panggang (Sioke), Chasio, Telor Kecap, Saos, Sambal",39.200,Tersedia,2025-07-12 01:34:23
de jazzio - Nasi hainan Chasio,Classic Mixed Rice,"Nasi Putih, Aya Panggang (Sioke), Chasio, Telor Kecap, Saos, Sa,Bal",36.800,Tersedia,2025-07-12 01:34:23
de jazzio - Nasi hainan Chasio,Classic Roasted Chicken - Hainan Rice,"Nasi Hainan, Ayam Panggang, Telor Kecap, Saos, Sambal",30.400,Tersedia,2025-07-12 01:34:23
de jazzio - Nasi hainan Chasio,Roasted Chicken 250,Ayam panggang spesial 250gr untuk 3-4 org,72.000,Tersedia,2025-07-12 01:34:23
de jazzio - Nasi hainan Chasio,Chasio Chicken 250,Ayam Chasio Spesial Untuk 3-4 orang,72.000,Tersedia,2025-07-12 01:34:23
de jazzio - Nasi hainan Chasio,Mixed Roasted - Chasio Chicken 250,Ayam panggang dan chasio spesial untuk 3-4 orang,76.000,Tersedia,2025-07-12 01:34:23
de jazzio - Nasi hainan Chasio,BlackJazz,Black pepper chasio dg saos barbeque khad de jazxio,35.000,Tersedia,2025-07-12 01:34:23
"Anita Spiku Tart, Mulyorejo",Spiku 2 Lapis ( 22 x 11cm ) Vanilla - Chocolate,N/A,117.000,Tersedia,2025-07-12 01:34:24
"Anita Spiku Tart, Mulyorejo",Spiku 2 Lapis ( 22 x 11cm ) Vanilla - Mocha,N/A,117.000,Tersedia,2025-07-12 01:34:24
"Anita Spiku Tart, Mulyorejo",Roll Spiku Mocha ( p : 30cm ),N/A,181.000,Tersedia,2025-07-12 01:34:24
"Anita Spiku Tart, Mulyorejo",Spiku 2 Lapis ( 22 x 11cm ) Vanilla - Chocolate,N/A,117.000,Tersedia,2025-07-12 01:34:24
"Anita Spiku Tart, Mulyorejo",Chocolate Cheese Spiku ( 24 x 12cm ),N/A,99.500,Tersedia,2025-07-12 01:34:24
"Anita Spiku Tart, Mulyorejo",Spiku Bites,N/A,47.000,Tersedia,2025-07-12 01:34:24
"Anita Spiku Tart, Mulyorejo",Roll Spiku Vanilla ( p : 30cm ),N/A,181.000,Tersedia,2025-07-12 01:34:24
"Anita Spiku Tart, Mulyorejo",Spiku 2 Lapis ( 22 x 11cm ) Vanilla - Mocha,N/A,117.000,Tersedia,2025-07-12 01:34:24
"Anita Spiku Tart, Mulyorejo",Spiku 2 Lapis ( 22 x 11cm ) Vanilla - Chocolate,N/A,117.000,Tersedia,2025-07-12 01:34:24
"Anita Spiku Tart, Mulyorejo",Chocolate Cheese Spiku ( 24 x 12cm ),N/A,99.500,Tersedia,2025-07-12 01:34:24
"Anita Spiku Tart, Mulyorejo",Spiku 2 Lapis ( 22 x 22cm ) Vanilla - Chocolate,N/A,263.000,Tersedia,2025-07-12 01:34:24
"Anita Spiku Tart, Mulyorejo",Spiku Bites,"Lembutnya spiku bertemu dengan cokelat lezat, menghadirkan cita rasa yang sempurna dalam setiap gigitannya😍",47.000,Tersedia,2025-07-12 01:34:24
"Anita Spiku Tart, Mulyorejo",Spiku 3 Lapis ( 22 x 22cm ) Vanilla - Mocha - Chocolate,N/A,345.000,Tersedia,2025-07-12 01:34:24
"Anita Spiku Tart, Mulyorejo",Spiku 3 Lapis ( 22 x 22cm ) Vanilla - Chocolate - Vanilla,N/A,345.000,Tersedia,2025-07-12 01:34:24
"Anita Spiku Tart, Mulyorejo",Spiku 2 Lapis ( 22 x 22cm ) Vanilla - Mocha,N/A,263.000,Tersedia,2025-07-12 01:34:24
"Anita Spiku Tart, Mulyorejo",Vanilla Cheese 24x12,Spiku vanilla dengan topping keju yang melimpah,99.500,Tersedia,2025-07-12 01:34:24
"Anita Spiku Tart, Mulyorejo",Mocca Nougat 24x12,Spiku Mocca dengan taburan kacang caramel,105.000,Tersedia,2025-07-12 01:34:24
"Anita Spiku Tart, Mulyorejo",Choco 24x12,Spiku Coklat dengan taburan full coklat serut,99.500,Tersedia,2025-07-12 01:34:24
"Anita Spiku Tart, Mulyorejo",Pandan Cheese 24x12,Spiku aroma pandan dengan topping keju yang melimpah,99.500,Tersedia,2025-07-12 01:34:24
"Anita Spiku Tart, Mulyorejo",Spiku Classic Wisjman,Spiku Vanilla-Choco Full butter Wisjman dengan selai strawberry,193.000,Tersedia,2025-07-12 01:34:24
"Anita Spiku Tart, Mulyorejo",Roll Spiku Mocha ( p : 30cm ),N/A,181.000,Tersedia,2025-07-12 01:34:24
"Anita Spiku Tart, Mulyorejo",Roll Spiku Pandan Cheese ( p : 30cm ),N/A,204.000,Tersedia,2025-07-12 01:34:24
"Anita Spiku Tart, Mulyorejo",Roll Spiku Vanilla ( p : 30cm ),N/A,181.000,Tersedia,2025-07-12 01:34:24
"Anita Spiku Tart, Mulyorejo",Spiku Bundle,Terdapat 2 box spiku dalam 1 Tas . Rasa tidak bisa pilih,251.000,Tersedia,2025-07-12 01:34:24
"Anita Spiku Tart, Mulyorejo",Sago Cheese Cookies,N/A,76.000,Tersedia,2025-07-12 01:34:24
"Anita Spiku Tart, Mulyorejo",Palm Edam Cookies,N/A,99.000,Tersedia,2025-07-12 01:34:24
"Anita Spiku Tart, Mulyorejo",Almond Oatmeal Cookies,N/A,111.000,Tersedia,2025-07-12 01:34:24
"Anita Spiku Tart, Mulyorejo",Vienna Strawberry Small,N/A,78.000,Tersedia,2025-07-12 01:34:24
"Anita Spiku Tart, Mulyorejo",Choco Cashew Cookies,N/A,122.000,Tersedia,2025-07-12 01:34:24
"Anita Spiku Tart, Mulyorejo",Cheese Almond Cookies,N/A,134.000,Tersedia,2025-07-12 01:34:24
"Anita Spiku Tart, Mulyorejo",Nastar Cookies,N/A,181.000,Tersedia,2025-07-12 01:34:24
"Anita Spiku Tart, Mulyorejo",Sagoo Cheese Small,N/A,78.000,Tersedia,2025-07-12 01:34:24
"Anita Spiku Tart, Mulyorejo",Palm Edam Small,N/A,78.000,Tersedia,2025-07-12 01:34:24
"Anita Spiku Tart, Mulyorejo",Choco Cashew Small,N/A,78.000,Tersedia,2025-07-12 01:34:24
"Anita Spiku Tart, Mulyorejo",Cookies Hampers,N/A,180.000,Tersedia,2025-07-12 01:34:24
"Anita Spiku Tart, Mulyorejo",Sakura Cake,Sakura Cake No Custom Isi 6pcs,70.000,Tersedia,2025-07-12 01:34:24
"Anita Spiku Tart, Mulyorejo",Spiku Wisjman Mix Flavours,Nikmati Spiku Wisjman Mix 8 Flavours in 1 box,204.000,Tersedia,2025-07-12 01:34:24
"Anita Spiku Tart, Mulyorejo",Ontbijtkoek,"Ontbijtkoek canary, 1box isi 5 pcs",70.000,Tersedia,2025-07-12 01:34:24
"Anita Spiku Tart, Mulyorejo",Marble Cake 22x11,N/A,146.000,Tersedia,2025-07-12 01:34:24
"Anita Spiku Tart, Mulyorejo",Baba Nana Cake,N/A,134.000,Tersedia,2025-07-12 01:34:24
"Ayam Bakar Primarasa, Manyar Kertoarjo",Ayam Kampung 1Ekor ( Bakar/goreng),N/A,142.858,Tersedia,2025-07-12 01:34:03
"Ayam Bakar Primarasa, Manyar Kertoarjo",Nasi Ayam + Lalapan (Bakar / Goreng),"Nasi ayam kampung 1 potong + lalapan, sambal, kecap",42.857,Tersedia,2025-07-12 01:34:03
"Ayam Bakar Primarasa, Manyar Kertoarjo",Ikan Gurami (Hidup) Bakar / Goreng 1 ekor,"Free sambal, size large, dimasak dari ikan hidup (grilled / fried live gourami fish)",122.858,Tersedia,2025-07-12 01:34:03
"Ayam Bakar Primarasa, Manyar Kertoarjo",Nasi Ayam Special Komplit (Bakar / Goreng),"Nasi, 1 pot ayam bakar/goreng, terong balado, tahu tempe bacem, bihun, lalapan, sambal",54.286,Tersedia,2025-07-12 01:34:03
"Ayam Bakar Primarasa, Manyar Kertoarjo",Kue Lumpur Madu 1 biji,Dibuat Fresh Dari Labu Dan Madu Yang Baik Bagi Kesehatan Tubuh (Pumpkin Honey Cake 1 Piece). Cocok Untuk Melengkapi Break/Tea Time Anda. Tahan Hari Ini Saja.,8.571,Tersedia,2025-07-12 01:34:03
"Ayam Bakar Primarasa, Manyar Kertoarjo",Ikan Gurami (Hidup) Rica Rica 1 Ekor,N/A,145.715,Tersedia,2025-07-12 01:34:03
"Ayam Bakar Primarasa, Manyar Kertoarjo",Kue Lumpur Madu 1 biji,N/A,8.571,Tersedia,2025-07-12 01:34:03
"Ayam Bakar Primarasa, Manyar Kertoarjo",Pepes Bandeng Cabut Duri 1 Ekor,N/A,137.144,Tersedia,2025-07-12 01:34:03
"Ayam Bakar Primarasa, Manyar Kertoarjo",ROTI BOLEN,N/A,68.000,Tersedia,2025-07-12 01:34:03
"Ayam Bakar Primarasa, Manyar Kertoarjo",Ayam (Kampung) 1 Potong (Bakar / Goreng),"Chicken kampung 1/4 part, free sambal",37.143,Tersedia,2025-07-12 01:34:03
"Ayam Bakar Primarasa, Manyar Kertoarjo",Sate Ayam 1 Porsi (10 tusuk),"Chicken satay tanpa kulit dan lemak, without skin nor fat (10 sticks)",60.715,Tersedia,2025-07-12 01:34:03
"Ayam Bakar Primarasa, Manyar Kertoarjo",Ayam Kampung 1Ekor ( Bakar/goreng),N/A,142.858,Tersedia,2025-07-12 01:34:03
"Ayam Bakar Primarasa, Manyar Kertoarjo",Ayam (Kampung) Penyet 1potong,"Chiken Kampung 1/4 Part, Smashed In Fresh Chilli",41.429,Tersedia,2025-07-12 01:34:03
"Ayam Bakar Primarasa, Manyar Kertoarjo",Ikan Gurami (Hidup) Bakar / Goreng 1 ekor,"Free sambal, size large, dimasak dari ikan hidup (grilled / fried live gourami fish)",122.858,Tersedia,2025-07-12 01:34:03
"Ayam Bakar Primarasa, Manyar Kertoarjo",Ikan Gurami Asam Manis 1 Ekor,"Size large, dimasak dari ikan hidup (sweet and sour live gourami fish)",125.715,Tersedia,2025-07-12 01:34:03
"Ayam Bakar Primarasa, Manyar Kertoarjo",Ikan Gurami (Hidup) Pesmol 1 Ekor Ala Primarasa (Heritage),"Size large, dimasak dari ikan hidup (fresh, tangy cooked Pesmol-style live gourami fish)",125.715,Tersedia,2025-07-12 01:34:03
"Ayam Bakar Primarasa, Manyar Kertoarjo",Ikan Gurami (Hidup) Rica Rica 1 Ekor,"Size large, dimasak dari ikan hidup (spicy rica-rica live gourami fish)",145.715,Tersedia,2025-07-12 01:34:03
"Ayam Bakar Primarasa, Manyar Kertoarjo",Udang,Deep-Fried Fresh Shrimp / With Mayonaise / Sweet & Sour,100.000,Tersedia,2025-07-12 01:34:03
"Ayam Bakar Primarasa, Manyar Kertoarjo",Cumi,Deep-Fried Fresh Calamari / With Mayonaise / Sweet & Sour,97.143,Tersedia,2025-07-12 01:34:03
"Ayam Bakar Primarasa, Manyar Kertoarjo",Udang Saos Inggris,Fresh Shrimp Sauteed In Worchester-Style Sauce,105.715,Tersedia,2025-07-12 01:34:03
"Ayam Bakar Primarasa, Manyar Kertoarjo",Bandeng Cabut Duri 1 Ekor,"Free Sambal, Size Large (Boneless Milkfish Grilled / Fried)",114.286,Tersedia,2025-07-12 01:34:03
"Ayam Bakar Primarasa, Manyar Kertoarjo",Pepes Bandeng Cabut Duri 1 Ekor,Boneless Milkfish Steamed Spicy In Banana Leaves Boneless,137.144,Tersedia,2025-07-12 01:34:03
"Ayam Bakar Primarasa, Manyar Kertoarjo",Udang Renyah,"Udang Kecil Digoreng Crispy, Free Sambal Rica (Small-Sized Shrimp Crispy-Fried)",91.429,Tersedia,2025-07-12 01:34:03
"Ayam Bakar Primarasa, Manyar Kertoarjo","Soup Seafood (Isi Udang, Cumi, Ikan, Jamur)","Rasa Gurih Asam Segar. With Fresh Shrimps, Calamari, Fish Fillet, And Mushroom. Fresh, Savoury, Sour.",60.000,Tersedia,2025-07-12 01:34:03
"Ayam Bakar Primarasa, Manyar Kertoarjo",Udang Bakar Madu,N/A,137.100,Tersedia,2025-07-12 01:34:03
"Ayam Bakar Primarasa, Manyar Kertoarjo",Kerapu 1 Ekor (Ikan Laut),"Masak Bakar / Goreng / Kuah Kuning / Asam Manis. Style Grilled / Fried / Yellow Soup / Sweet & Sour, Deep-Sea Fish",158.572,Tersedia,2025-07-12 01:34:03
"Ayam Bakar Primarasa, Manyar Kertoarjo",Nasi Ayam Special Komplit (Bakar / Goreng),"Nasi, 1 pot ayam bakar/goreng, terong balado, tahu tempe bacem, bihun, lalapan, sambal",54.286,Tersedia,2025-07-12 01:34:03
"Ayam Bakar Primarasa, Manyar Kertoarjo",Nasi Ayam + Lalapan (Bakar / Goreng),"Nasi ayam kampung 1 potong + lalapan, sambal, kecap",42.857,Tersedia,2025-07-12 01:34:03
"Ayam Bakar Primarasa, Manyar Kertoarjo",Nasi Ayam Special Komplit + Pia,"Pia 1 bj. nasi,1 pot ayam bkr/grng, terong balado, tahu tempe bacem, bihun, sambal, kecap, kremes",60.000,Tersedia,2025-07-12 01:34:03
"Ayam Bakar Primarasa, Manyar Kertoarjo",Dua Kotak Nasi Gurami Setengah Ekor (Bakar / Goreng),"+ cah kangkung + fresh sambal. 2 boxes of grilled / fried gourami rice meals w/ sauteed kangkong veggie,",151.430,Tersedia,2025-07-12 01:34:03
"Ayam Bakar Primarasa, Manyar Kertoarjo",Nasi Ayam Penyet 1 potong,Nasi ayam kampung penyet + lalap (Rice w/ Smashed kampong chicken in fresh chili),48.001,Tersedia,2025-07-12 01:34:03
"Ayam Bakar Primarasa, Manyar Kertoarjo",Nasi Cumi Hitam Special + Ayam Kampung Komplit,"Nasi Putih, Cumi Hitam, Ayam 1 Potong, Tahu Tempe Bacem, Bihun, Terong Balado, Lalapan",62.858,Tersedia,2025-07-12 01:34:03
"Ayam Bakar Primarasa, Manyar Kertoarjo",Nasi Ayam Kampung Setengah Ekor(bakar/goreng),Nasi+sambal+lalapan+kecap+1/2 Ayam,80.000,Tersedia,2025-07-12 01:34:03
"Ayam Bakar Primarasa, Manyar Kertoarjo",Cah Tauge Ikan Asin,Sauteed Beansprout With Salted Fish,47.143,Tersedia,2025-07-12 01:34:03
"Ayam Bakar Primarasa, Manyar Kertoarjo",Cah Ginseng,Sauteed Ginseng Vegetable,42.857,Tersedia,2025-07-12 01:34:03
"Ayam Bakar Primarasa, Manyar Kertoarjo",Cah Selada Wangi,Sauteed Siomak Vegetable,42.857,Tersedia,2025-07-12 01:34:03
"Ayam Bakar Primarasa, Manyar Kertoarjo",Cah Sayur Asin Tahu,Sauteed Salt-Cured Vegetable With Tofu,47.143,Tersedia,2025-07-12 01:34:03
"Ayam Bakar Primarasa, Manyar Kertoarjo",Sayur Asem,"Fresh, Tasty Assorted Vegetable In Tamarind-Infused Soup. Your Daily Dose Of Salad But With Soup.",21.429,Tersedia,2025-07-12 01:34:03
"Ayam Bakar Primarasa, Manyar Kertoarjo",Lalapan Sayur,Fresh Assorted Raw Vegetable,20.000,Tersedia,2025-07-12 01:34:03
"Ayam Bakar Primarasa, Manyar Kertoarjo",Cah Kangkung,Sauteed Morning Glory / Kangkong Veggie With Chicken Bits,38.572,Tersedia,2025-07-12 01:34:03
"Ayam Bakar Primarasa, Manyar Kertoarjo",Bakmie Goreng (Fried Noodle),"Isi Ayam, Sayur, Telur + (Sauteed noodles with chicken bits, veggies, and eggs)",57.143,Tersedia,2025-07-12 01:34:03
"Ayam Bakar Primarasa, Manyar Kertoarjo",Nasi Goreng Merah/ Putih (Fried Rice),Free 1 telor ceplok/ egg +,45.715,Tersedia,2025-07-12 01:34:03
"Ayam Bakar Primarasa, Manyar Kertoarjo",Nasi Putih,Steamed Rice,12.857,Tersedia,2025-07-12 01:34:03
"Ayam Bakar Primarasa, Manyar Kertoarjo",Tahu / Tempe Goreng,Isi 3 potong/pcs (Tofu / Tempeh),21.429,Tersedia,2025-07-12 01:34:03
"Ayam Bakar Primarasa, Manyar Kertoarjo",Telur,Sunny-Side Up / Omelette Egg,8.572,Tersedia,2025-07-12 01:34:03
"Ayam Bakar Primarasa, Manyar Kertoarjo",Telur Gulung Isi 2,Tahu Tempe Telur,21.429,Tersedia,2025-07-12 01:34:03
"Ayam Bakar Primarasa, Manyar Kertoarjo",Tahu /Tempe Penyet,Isi 3 Potong Tahu/ 4 Potong Tempe,28.572,Tersedia,2025-07-12 01:34:03
"Ayam Bakar Primarasa, Manyar Kertoarjo",Sambal Terong,Smashed Eggplant With Fresh Chili Sambal,24.286,Tersedia,2025-07-12 01:34:03
"Ayam Bakar Primarasa, Manyar Kertoarjo",Sambal Terasi,Fresh Shrimp-Paste Chili Sambal,10.714,Tersedia,2025-07-12 01:34:03
"Ayam Bakar Primarasa, Manyar Kertoarjo",Sambal Mangga Muda (Pencit),Fresh Chili Sambal With Shaved Young Mango,28.572,Tersedia,2025-07-12 01:34:03
"Ayam Bakar Primarasa, Manyar Kertoarjo",Sambal Poco Poco,"Sambal Irisan Tomat, Bawang Merah, Dll (Fresh Raw Chili Sambal With Shaved Tomatoes, Shallots, Etc)",10.714,Tersedia,2025-07-12 01:34:03
"Ayam Bakar Primarasa, Manyar Kertoarjo",Sambal Lalap,Fresh Assorted Raw Vegetables With Chilli Sambal,25.714,Tersedia,2025-07-12 01:34:03
"Ayam Bakar Primarasa, Manyar Kertoarjo",Pia Rasa Kuno 1 Box Isi 10 Biji,"Isi 10 pcs mix kacang hijau, coklat, keju. Resep turun temurun sejak 1900. Packing premium exclusive. Cocok untuk break/tea-time.",71.429,Tersedia,2025-07-12 01:34:03
"Ayam Bakar Primarasa, Manyar Kertoarjo",Sambal Tradisional Primarasa (sedang),"Tanpa pengawet, dengan olive oil. Per botol isi 150 ml (No preservatives, with olive oil)",31.429,Tersedia,2025-07-12 01:34:03
"Ayam Bakar Primarasa, Manyar Kertoarjo",Sambal Tradisional Primarasa (pedas),"Tanpa pengawet, dengan olive oil. Per botol isi 150 ml (No preservatives, with olive oil)",31.429,Tersedia,2025-07-12 01:34:03
"Ayam Bakar Primarasa, Manyar Kertoarjo",Paket Kue Lumpur Madu isi 6 biji,Dibuat Fresh Dari Labu Dan Madu Yang Baik Bagi Kesehatan Tubuh (Pumpkin Honey Cake 6 Pieces). Cocok Untuk Melengkapi Break/Tea Time Anda. Tahan Hari Ini Saja.,51.429,Tersedia,2025-07-12 01:34:03
"Ayam Bakar Primarasa, Manyar Kertoarjo",Kue Lumpur Madu 1 biji,Dibuat Fresh Dari Labu Dan Madu Yang Baik Bagi Kesehatan Tubuh (Pumpkin Honey Cake 1 Piece). Cocok Untuk Melengkapi Break/Tea Time Anda. Tahan Hari Ini Saja.,8.571,Tersedia,2025-07-12 01:34:03
"Ayam Bakar Primarasa, Manyar Kertoarjo",Pop U Corn Original (300 gram) Popcorn,Best-Selling Pop Corn In Town! Sweet Caramel-Y. 300 Gram Per Toples. Tahan 1 Bulan.,46.429,Tersedia,2025-07-12 01:34:03
"Ayam Bakar Primarasa, Manyar Kertoarjo",Pop U Corn Coklat Chocolate (300 gram) Popcorn,Best-Selling Pop Corn In Town! Sweet Chocolate-Y. 300 Gram Per Toples. Tahan 1 Bulan.,53.572,Tersedia,2025-07-12 01:34:03
"Ayam Bakar Primarasa, Manyar Kertoarjo",Pop U Corn Keju Cheese (300 gram) Popcorn,Best-Selling Pop Corn In Town! Sweet And Cheese-Y. 300 Gram Per Toples. Tahan 1 Bulan.,57.143,Tersedia,2025-07-12 01:34:03
"Ayam Bakar Primarasa, Manyar Kertoarjo",Madu Hutan 100% Murni dari Nusa Tenggara Timur,Gross Weight 250 Grams (Authentic Raw Honey From Wild Forest In East Nusa Tenggara),142.858,Tersedia,2025-07-12 01:34:03
"Ayam Bakar Primarasa, Manyar Kertoarjo",ROTI BOLEN,N/A,68.000,Tersedia,2025-07-12 01:34:03
"Ayam Bakar Primarasa, Manyar Kertoarjo",Banana Cake,Banana Cake With Almond Slice And Chochote Chips,68.000,Tersedia,2025-07-12 01:34:03
"Ayam Bakar Primarasa, Manyar Kertoarjo",Pia Rasa Kuno 1 Biji,"Varian: Kacang Hijau/Mung Bean, Coklat/Chocolate, Keju/Cheese. Resep Turun Temurun Sejak 1900. Cocok Untuk Break/Tea Time",7.143,Tersedia,2025-07-12 01:34:03
"Ayam Bakar Primarasa, Manyar Kertoarjo",Kremesan Ayam,Cocok Sebagai Pelengkap Makanan Apa Saja,21.429,Tersedia,2025-07-12 01:34:03
"Ayam Bakar Primarasa, Manyar Kertoarjo",Nasi Campur,"Ayam Bumbu Rujak + Setengah Telur Asin, Kerirng Tempe, Cah sayunr, Bakmie. Khusus makan siang",44.286,Tersedia,2025-07-12 01:34:03
"Ayam Bakar Primarasa, Manyar Kertoarjo",Nasi Paket Hemat,"Telur Bumbu Rujak + Sambal Goreng Ati + Bakmie + Cah Buncis Wortel,  Khusus makan siang",35.175,Tersedia,2025-07-12 01:34:03
"Ayam Bakar Primarasa, Manyar Kertoarjo",Nasi Udang Renyah+ Ayam Suwir,Paket prima makan siang,42.857,Tersedia,2025-07-12 01:34:03
"Ayam Bakar Primarasa, Manyar Kertoarjo",Nasi  Ayam Suwir,Ayam Suwir Telur Gulung Cah Sayur,42.857,Tersedia,2025-07-12 01:34:03
"Ayam Bakar Primarasa, Manyar Kertoarjo",Es Susu Cao Gula Aren,Tasty Milk With Grass Jelly And Palm Sugar,28.572,Tersedia,2025-07-12 01:34:03
"Ayam Bakar Primarasa, Manyar Kertoarjo",Ice Tea Susu,Susu Terbaik Dicampur Dengan Teh Terbaik. Tasty Milk Blended With Brewed Tea.,21.429,Tersedia,2025-07-12 01:34:03
"Ayam Bakar Primarasa, Manyar Kertoarjo",Es Campur,"Indonesian Iced Dessert Of Sugar Palm (Kolang Kaling), Nata Decoco, Grass Jelly, Pandan Jelly, Pearls, Young Coconut, Pineapple, Jackfruit, Pudding",35.715,Tersedia,2025-07-12 01:34:03
"Ayam Bakar Primarasa, Manyar Kertoarjo",Chocolate / Mocha Blended,"Coklat Pilihan Dari Amerika, Diblend Dengan Susu Creamy",31.429,Tersedia,2025-07-12 01:34:03
"Ayam Bakar Primarasa, Manyar Kertoarjo",Jeruk Nipis (Es / Hangat),Lime Drink From Real Fruit. Not From Concentrate,21.429,Tersedia,2025-07-12 01:34:03
"Ayam Bakar Primarasa, Manyar Kertoarjo",Ice Tea Fruit,Sweet Tea Drink With Fruit Flavors,22.857,Tersedia,2025-07-12 01:34:03
"Ayam Bakar Primarasa, Manyar Kertoarjo",Lemon Tea,N/A,21.429,Tersedia,2025-07-12 01:34:03
"Ayam Bakar Primarasa, Manyar Kertoarjo",Teh Manis / Tawar,Sweet / Unsweetened Freshly Brewed Tea,10.715,Tersedia,2025-07-12 01:34:03
"Ayam Bakar Primarasa, Manyar Kertoarjo",Es Dawet,Iced Coconut Milk Drink With Pandan Jelly And Palm Sugar,22.857,Tersedia,2025-07-12 01:34:03
"Ayam Bakar Primarasa, Manyar Kertoarjo",Es Sirup,Syrup Iced Drink,14.286,Tersedia,2025-07-12 01:34:03
"Ayam Bakar Primarasa, Manyar Kertoarjo",Kopi Hitam Hangat / Es,Black Coffee Warm / Iced,22.857,Tersedia,2025-07-12 01:34:03
"Ayam Bakar Primarasa, Manyar Kertoarjo",Air Mineral Botol,Mineral Bottled Water,14.429,Tersedia,2025-07-12 01:34:03
"Ayam Bakar Primarasa, Manyar Kertoarjo",Es Batu,Ice Cubes,3.571,Tersedia,2025-07-12 01:34:03
"Ayam Bakar Primarasa, Manyar Kertoarjo",Soda Gembira / Susu Coca Cola / Susu Soda,Condensed Milk Mixed With Soda / Coca Cola,32.143,Tersedia,2025-07-12 01:34:03
"Ayam Bakar Primarasa, Manyar Kertoarjo",Coca Cola / Sprite / Fanta / Soda,N/A,14.286,Tersedia,2025-07-12 01:34:03
"Ayam Bakar Primarasa, Manyar Kertoarjo",Es Kelapa Muda,Iced young coconut drink,31.429,Tersedia,2025-07-12 01:34:03
"Ayam Bakar Primarasa, Manyar Kertoarjo",Jeruk Manis (Es/hangat),Orange drink from real fruit. not from concentrate,31.429,Tersedia,2025-07-12 01:34:03
"Ayam Bakar Primarasa, Manyar Kertoarjo",Lemon/markisa Squash,Lemon/passionfruit Squash,37.143,Tersedia,2025-07-12 01:34:03
"Ayam Bakar Primarasa, Manyar Kertoarjo",Es Cao,Iced grass jelly drink,21.429,Tersedia,2025-07-12 01:34:03
"Ayam Bakar Primarasa, Manyar Kertoarjo",Cappucino/iced Cappucino,Warm/iced Tradisional Cappucino,31.429,Tersedia,2025-07-12 01:34:03
"Ayam Bakar Primarasa, Manyar Kertoarjo",Juice Apokat,Real Fruit. Not From Concentrate. Avocado Juice,37.143,Tersedia,2025-07-12 01:34:03
"Ayam Bakar Primarasa, Manyar Kertoarjo",Juice Kopyor,Real Fruit. Not From Concentrate. Macapuno (Sport Coconut) Juice.,60.000,Tersedia,2025-07-12 01:34:03
"Ayam Bakar Primarasa, Manyar Kertoarjo",Juice Durian,Real Fruit. Not From Concentrate. Durian Juice.,40.000,Tersedia,2025-07-12 01:34:03
"Ayam Bakar Primarasa, Manyar Kertoarjo",Juice Apokat Durian,Real Fruit. Not From Concentrate. Avocado Durian Juice.,57.143,Tersedia,2025-07-12 01:34:03
"Ayam Bakar Primarasa, Manyar Kertoarjo",Juice Kopyor Durian,Real Fruit. Not From Concentrate. Macapuno (Sport Coconut) Durian Juice.,78.572,Tersedia,2025-07-12 01:34:03
"Ayam Bakar Primarasa, Manyar Kertoarjo",Juice Sirsak,Real Fruit. Not From Concentrate. Soursop Juice.,34.286,Tersedia,2025-07-12 01:34:03
"Ayam Bakar Primarasa, Manyar Kertoarjo",Juice Mangga,Real Fruit. Not From Concentrate. Mango Juice.,34.286,Tersedia,2025-07-12 01:34:03
"Ayam Bakar Primarasa, Manyar Kertoarjo",Juice Jambu Merah,Real Fruit. Not From Concentrate. Guava Juice.,34.286,Tersedia,2025-07-12 01:34:03
"Ayam Bakar Primarasa, Manyar Kertoarjo",Juice Strawberry,Real Fruit. Not From Concentrate.,34.286,Tersedia,2025-07-12 01:34:03
"Ayam Bakar Primarasa, Manyar Kertoarjo",Es Markisa,Real Fruit. Not From Concentrate. Passionfruit.,25.714,Tersedia,2025-07-12 01:34:03
"Ayam Bakar Primarasa, Manyar Kertoarjo",Juice Leci,Real Fruit. Not From Concentrate. Lychee Juice.,34.286,Tersedia,2025-07-12 01:34:03
"Ayam Bakar Primarasa, Manyar Kertoarjo",Juice Jeruk,Real Fruit. Not From Concentrate. Orange Juice,34.286,Tersedia,2025-07-12 01:34:03
"Ayam Bakar Primarasa, Manyar Kertoarjo",Juice Melon,Real Fruit. Not From Concentrate. Rock Melon Juice,31.429,Tersedia,2025-07-12 01:34:03
"Ayam Bakar Primarasa, Manyar Kertoarjo",Juice Apel,Real Fruit. Not From Concentrate. Apple Juice,31.429,Tersedia,2025-07-12 01:34:03
"Ayam Bakar Primarasa, Manyar Kertoarjo",Juice Campur (Mixed),Apel+melon+tomat. real fruit. Not from concentrate (apple+rock melon+tomato),42.857,Tersedia,2025-07-12 01:34:03
"Ayam Bakar Primarasa, Manyar Kertoarjo",Juice Markisa,Real Fruit. Not From Concentrate. Passonfruit Juice,31.429,Tersedia,2025-07-12 01:34:03
"Ayam Bakar Primarasa, Manyar Kertoarjo",Juice Tomat,Real Fruit. Not From Concentrate. Tomato Juice,31.429,Tersedia,2025-07-12 01:34:03
"Ayam Bakar Primarasa, Manyar Kertoarjo",Banana Cake,Banana Cake With Almond Slice And Chocolate Chips,68.000,Tersedia,2025-07-12 01:34:03
"Ayam Bakar Primarasa, Manyar Kertoarjo",Pisang Bolen,Pisang Bolen Hidangan Ringan Berbahan Baku Pisang Yang Dilapisi Gulungan Lembar Pastry Dan Kemudian Dilengkapi dengan Sepotong Keju Atau Coklat,68.000,Tersedia,2025-07-12 01:34:03
"Ayam Bakar Primarasa, Manyar Kertoarjo",Mahabbah Hampers,6 pcs pia rasa kuno dengan kartu ucapan lebaran dan kotak cantik disertai pita,84.286,Tersedia,2025-07-12 01:34:03
"Ayam Bakar Primarasa, Manyar Kertoarjo",Safa Hampers,"6 pcs pia rasa kuno, 1 toples kue sagu vanilla, kurma jelly dengan kartu ucapan lebaran dan kotak cantik disertai pita",127.143,Tersedia,2025-07-12 01:34:03
"Ayam Bakar Primarasa, Manyar Kertoarjo",Firdaus Hampers,"1 ekor ayam bakar/goreng primarasa, 3 pcs pia rasa kuno, kurma jelly dengan kartu ucapan lebaran dan tas serut batik cantik disetai pita",227.143,Tersedia,2025-07-12 01:34:03
"Depot Langgeng Jaya, Jojoran",Nasi Kuning Ayam,N/A,30.000,Tersedia,2025-07-12 01:34:28
"Depot Langgeng Jaya, Jojoran",Gado - Gado,N/A,28.000,Tersedia,2025-07-12 01:34:28
"Depot Langgeng Jaya, Jojoran",Nasi Kare,N/A,26.000,Tersedia,2025-07-12 01:34:28
"Depot Langgeng Jaya, Jojoran",Perkedel,N/A,6.000,Tersedia,2025-07-12 01:34:28
"Depot Langgeng Jaya, Jojoran",Nasi Kuning Ayam,N/A,30.000,Tersedia,2025-07-12 01:34:28
"Depot Langgeng Jaya, Jojoran",Nasi Rames,N/A,34.000,Tersedia,2025-07-12 01:34:28
"Depot Langgeng Jaya, Jojoran",Lontong Cap Gomeh,N/A,40.000,Tersedia,2025-07-12 01:34:28
"Depot Langgeng Jaya, Jojoran",Nasi Pecel Empal,N/A,34.000,Tersedia,2025-07-12 01:34:28
"Depot Langgeng Jaya, Jojoran",Nasi Kuning Special,N/A,45.000,Tersedia,2025-07-12 01:34:28
"Depot Langgeng Jaya, Jojoran",Nasi Kuning Empal,N/A,36.000,Tersedia,2025-07-12 01:34:28
"Depot Langgeng Jaya, Jojoran",Nasi Kuning Polos,N/A,12.000,Tersedia,2025-07-12 01:34:28
"Depot Langgeng Jaya, Jojoran",Gado - Gado,N/A,28.000,Tersedia,2025-07-12 01:34:28
"Depot Langgeng Jaya, Jojoran",Nasi Kare,N/A,26.000,Tersedia,2025-07-12 01:34:28
"Depot Langgeng Jaya, Jojoran",Nasi Kuning Ayam,N/A,30.000,Tersedia,2025-07-12 01:34:28
"Depot Langgeng Jaya, Jojoran",Telur Dadar,N/A,8.000,Tersedia,2025-07-12 01:34:28
"Depot Langgeng Jaya, Jojoran",Nasi Putih,N/A,8.000,Tersedia,2025-07-12 01:34:28
"Depot Langgeng Jaya, Jojoran",Perkedel,N/A,6.000,Tersedia,2025-07-12 01:34:28
"Depot Langgeng Jaya, Jojoran",Tahu / Tempe Goreng,N/A,13.000,Tersedia,2025-07-12 01:34:28
"Depot Langgeng Jaya, Jojoran",Telur Ceplok,N/A,8.000,Tersedia,2025-07-12 01:34:28
"Depot Langgeng Jaya, Jojoran",Nasi Rames,N/A,34.000,Tersedia,2025-07-12 01:34:28
"Depot Langgeng Jaya, Jojoran",Nasi Campur,N/A,40.000,Tersedia,2025-07-12 01:34:28
"Depot Langgeng Jaya, Jojoran",Nasi Pecel Ayam,N/A,26.000,Tersedia,2025-07-12 01:34:28
"Depot Langgeng Jaya, Jojoran",Lontong Cap Gomeh,N/A,40.000,Tersedia,2025-07-12 01:34:28
"Depot Langgeng Jaya, Jojoran",Mie Ayam + Bakso,N/A,23.000,Tersedia,2025-07-12 01:34:28
"Depot Langgeng Jaya, Jojoran",Nasi Urap Bandeng Presto,"Nasi putih, urap sayur, tempe goreng, bandeng presto, peyek",26.000,Tersedia,2025-07-12 01:34:28
"Depot Langgeng Jaya, Jojoran",Nasi Bandeng Presto,N/A,26.000,Tersedia,2025-07-12 01:34:28
"Depot Langgeng Jaya, Jojoran",Nasi Empal Penyet,N/A,35.000,Tersedia,2025-07-12 01:34:28
"Depot Langgeng Jaya, Jojoran",Nasi Pecel Empal,N/A,34.000,Tersedia,2025-07-12 01:34:28
"Depot Langgeng Jaya, Jojoran",Nasi Kuning Special,N/A,45.000,Tersedia,2025-07-12 01:34:28
"Depot Langgeng Jaya, Jojoran",Nasi Kuning Empal,N/A,36.000,Tersedia,2025-07-12 01:34:28
"Depot Langgeng Jaya, Jojoran",Nasi Bakwan Penyet,N/A,26.000,Tersedia,2025-07-12 01:34:28
"Depot Langgeng Jaya, Jojoran",Nasi Lele Penyet,N/A,26.000,Tersedia,2025-07-12 01:34:28
"Depot Langgeng Jaya, Jojoran",Teh Tawar Hangat,N/A,5.000,Tersedia,2025-07-12 01:34:28
"Depot Langgeng Jaya, Jojoran",Jeruk Manis Hangat,N/A,12.000,Tersedia,2025-07-12 01:34:28
"Depot Langgeng Jaya, Jojoran",Teh Manis Hangat,N/A,6.000,Tersedia,2025-07-12 01:34:28
"Depot Langgeng Jaya, Jojoran",Wedang Jahe,N/A,12.000,Tersedia,2025-07-12 01:34:28
"Depot Langgeng Jaya, Jojoran",Es Teh Tawar,N/A,5.000,Tersedia,2025-07-12 01:34:28
"Depot Langgeng Jaya, Jojoran",Es Jeruk Manis,N/A,12.000,Tersedia,2025-07-12 01:34:28
"Depot Langgeng Jaya, Jojoran",Es Teh Manis,N/A,6.000,Tersedia,2025-07-12 01:34:28
"Warung Gudeg Bu Toegijo, Pindahan Kertajaya",Lontong Cap Gomeh,"Lontong, Sayur labu siam, Ayam Suwir, Telor 1 / 2, bubuk kedelai, Srundeng, sambal",30.800,Tersedia,2025-07-12 01:34:46
"Warung Gudeg Bu Toegijo, Pindahan Kertajaya",Nasi Gudeg Telor,"Nasi, Gudeg, Krecek, Telor bacem, Bumbu dan Sambal",28.000,Tersedia,2025-07-12 01:34:46
"Warung Gudeg Bu Toegijo, Pindahan Kertajaya",Gudeg Komplit Tanpa Nasi Ayam Suwir,"Gudeg, Krecek, Ayam Suwir, Telor Bacem, Bumbu dan Sambal",56.000,Tersedia,2025-07-12 01:34:46
"Warung Gudeg Bu Toegijo, Pindahan Kertajaya",Nasi Gudeg Suwir Ayam,"Nasi, Gudeg, Krecek, Ayam suwir, Telor Bacem 1 / 2, Bumbu dan Sambal",36.400,Tersedia,2025-07-12 01:34:46
"Warung Gudeg Bu Toegijo, Pindahan Kertajaya",Nasi Gudeg Ayam Potong,"Nasi, Gudeg, Krecek, Ayam Potong, Sambal",30.800,Tersedia,2025-07-12 01:34:46
"Warung Gudeg Bu Toegijo, Pindahan Kertajaya",Beli 2 Lontong Cap Gomeh Gratis 1 Lontong Cap Gomeh Telor,N/A,61.600,Tersedia,2025-07-12 01:34:46
"Warung Gudeg Bu Toegijo, Pindahan Kertajaya",Lontong Cap Gomeh,N/A,30.800,Tersedia,2025-07-12 01:34:46
"Warung Gudeg Bu Toegijo, Pindahan Kertajaya",Beli 2 Lontong Cap Gomeh Gratis 1 Lontong Cap Gomeh Telor,"Beli 2 Lontong Cap Gomeh (Lauk Ayam Potong + Telor 1/2), Gratis 1 Lontong Cap Gomeh (Lauk Telor)",61.600,Tersedia,2025-07-12 01:34:46
"Warung Gudeg Bu Toegijo, Pindahan Kertajaya",Nasi Gudeg Polos + Gratis Es Teh,PROMO Nasi Gudeg Polos Gratis Es Teh,23.800,Tersedia,2025-07-12 01:34:46
"Warung Gudeg Bu Toegijo, Pindahan Kertajaya",Nasi Gudeg Telor + Gratis Es Teh,PROMO Nasi Gudeg Telor Gratis Es Teh,28.000,Tersedia,2025-07-12 01:34:46
"Warung Gudeg Bu Toegijo, Pindahan Kertajaya",Nasi Gudeg Ayam Potong + Gratis Es Teh,Promo nasi gudeg ayam potong gratis es teh,30.800,Tersedia,2025-07-12 01:34:46
"Warung Gudeg Bu Toegijo, Pindahan Kertajaya",Nasi Gudeg Suwir Ayam + Gratis Es Teh,PROMO Nasi Gudeg Suwir Ayam Gratis Es Teh,36.400,Tersedia,2025-07-12 01:34:46
"Warung Gudeg Bu Toegijo, Pindahan Kertajaya",Nasi Gudeg Ayam Potong + Gratis Telor Bumbu Rujak,PROMO Nasi Gudeg Ayam Potong Gratis Telor Bacem Bumbu Rujak,30.800,Tersedia,2025-07-12 01:34:46
"Warung Gudeg Bu Toegijo, Pindahan Kertajaya",Nasi Gudeg Polos,"Nasi, Gudeg, Krecek, Bumbu dan Sambal",23.800,Tersedia,2025-07-12 01:34:46
"Warung Gudeg Bu Toegijo, Pindahan Kertajaya",Nasi Gudeg Telor,"Nasi, Gudeg, Krecek, Telor bacem, Bumbu dan Sambal",28.000,Tersedia,2025-07-12 01:34:46
"Warung Gudeg Bu Toegijo, Pindahan Kertajaya",Nasi Gudeg Ayam Potong,"Nasi, Gudeg, Krecek, Ayam Potong, Sambal",30.800,Tersedia,2025-07-12 01:34:46
"Warung Gudeg Bu Toegijo, Pindahan Kertajaya",Nasi Gudeg Suwir Ayam,"Nasi, Gudeg, Krecek, Ayam suwir, Telor Bacem 1 / 2, Bumbu dan Sambal",36.400,Tersedia,2025-07-12 01:34:46
"Warung Gudeg Bu Toegijo, Pindahan Kertajaya",Nasi Gudeg Ayam Kampung,"Nasi, Gudeg, Krecek, Ayam Kampung 1 / 4 ekor, Bumbu dan Sambal",44.800,Tersedia,2025-07-12 01:34:46
"Warung Gudeg Bu Toegijo, Pindahan Kertajaya",Nasi Gudeg Daging,"Nasi, Gudeg, Krecek, Daging lapis / Krengsengan, Bumbu dan Sambal",44.800,Tersedia,2025-07-12 01:34:46
"Warung Gudeg Bu Toegijo, Pindahan Kertajaya",Gudeg Komplit Tanpa Nasi Ayam Kampung,"Gudeg, Krecek, Ayam 1 / 4 ekor, Telor Bacem, Bumbu dan Sambal",63.000,Tersedia,2025-07-12 01:34:46
"Warung Gudeg Bu Toegijo, Pindahan Kertajaya",Gudeg Komplit Tanpa Nasi Ayam Potong,"Gudeg, Krecek, Ayam Potong, Telor Bacem, Bumbu dan Sambal",49.000,Tersedia,2025-07-12 01:34:46
"Warung Gudeg Bu Toegijo, Pindahan Kertajaya",Gudeg Komplit Tanpa Nasi Ayam Suwir,"Gudeg, Krecek, Ayam Suwir, Telor Bacem, Bumbu dan Sambal",56.000,Tersedia,2025-07-12 01:34:46
"Warung Gudeg Bu Toegijo, Pindahan Kertajaya",Nasi Gudeg Ampela Ati,"Nasi, Gudeg, Krecek, Krengsengan Ampela Ati, Sambal",28.000,Tersedia,2025-07-12 01:34:46
"Warung Gudeg Bu Toegijo, Pindahan Kertajaya",Nasi Campur Polos,"Nasi, Oseng Buncis, So'un, Tahu, Serundeng, Bumbu dan Sambal",22.400,Tersedia,2025-07-12 01:34:46
"Warung Gudeg Bu Toegijo, Pindahan Kertajaya",Nasi Campur Telor,"Nasi, Oseng Buncis, So'un, Telor, Tahu, Serundeng, Bumbu dan Sambal",25.200,Tersedia,2025-07-12 01:34:46
"Warung Gudeg Bu Toegijo, Pindahan Kertajaya",Nasi Campur Ayam Potong,"Nasi, Oseng Buncis, Soun, Telor, Tahu, Serundeng, Bumbu dan Sambal",28.000,Tersedia,2025-07-12 01:34:46
"Warung Gudeg Bu Toegijo, Pindahan Kertajaya",Nasi Campur Suwir Ayam,"Nasi, Oseng Buncis, So'un, Ayam Suwir, Telor 1 / 2, Tahu, Serundeng, Bumbu dan Sambal",33.600,Tersedia,2025-07-12 01:34:46
"Warung Gudeg Bu Toegijo, Pindahan Kertajaya",Nasi Campur Ayam Kampung,"Nasi, Oseng Buncis, So'un, Ayam Kampung 1 / 4 ekor, Tahu, Serundeng, Bumbu dan Sambal",39.200,Tersedia,2025-07-12 01:34:46
"Warung Gudeg Bu Toegijo, Pindahan Kertajaya",Nasi Campur Daging,"Nasi, Oseng Buncis, So'un, Daging Krengsengan / Lapis, Tahu, Serundeng, Bumbu dan Sambal",39.200,Tersedia,2025-07-12 01:34:46
"Warung Gudeg Bu Toegijo, Pindahan Kertajaya",Nasi Campur Ampela Ati,"Nasi, Oseng Buncis, Soun, Krengsengan Ampela Ati, Tahu, Serundeng, Bumbu dan Sambal",25.200,Tersedia,2025-07-12 01:34:46
"Warung Gudeg Bu Toegijo, Pindahan Kertajaya",Mangut Ikan Manyung (Tanpa Nasi),N/A,32.000,Tersedia,2025-07-12 01:34:46
"Warung Gudeg Bu Toegijo, Pindahan Kertajaya",Nasi Mangut Ikan Manyung,N/A,32.000,Tersedia,2025-07-12 01:34:46
"Warung Gudeg Bu Toegijo, Pindahan Kertajaya",Gudeg (Tewel),N/A,28.000,Tersedia,2025-07-12 01:34:46
"Warung Gudeg Bu Toegijo, Pindahan Kertajaya",Krecek,N/A,28.000,Tersedia,2025-07-12 01:34:46
"Warung Gudeg Bu Toegijo, Pindahan Kertajaya",Nasi Krengsengan,"Nasi, Daging Krengsengan, Timun, Bumbu dan Sambal",28.000,Tersedia,2025-07-12 01:34:46
"Warung Gudeg Bu Toegijo, Pindahan Kertajaya",Lontong Cap Gomeh,"Lontong, Sayur labu siam, Ayam Suwir, Telor 1 / 2, bubuk kedelai, Srundeng, sambal",30.800,Tersedia,2025-07-12 01:34:46
"Warung Gudeg Bu Toegijo, Pindahan Kertajaya",Nasi Liwet,"Nasi Uduk, sayur manisa, ayam suwir, telor 1 / 2, dan sambal",28.000,Tersedia,2025-07-12 01:34:46
"Warung Gudeg Bu Toegijo, Pindahan Kertajaya",Nasi Bumbu Rujak,"Nasi, Ayam Potong Bumbu Rujak, Oseng Buncis, Tahu dan Sambal",25.200,Tersedia,2025-07-12 01:34:46
"Warung Gudeg Bu Toegijo, Pindahan Kertajaya",Nasi Rawon,"Nasi Rawon daging sapi + otot, tauge muda dan sambal",37.800,Tersedia,2025-07-12 01:34:46
"Warung Gudeg Bu Toegijo, Pindahan Kertajaya",Rawon / Porsi (tanpa Nasi),"Rawon daging sapi, tauge muda dan sambal",56.000,Tersedia,2025-07-12 01:34:46
"Warung Gudeg Bu Toegijo, Pindahan Kertajaya",Nasi Ayam Semarang,"Nasi, Ayam Potong, Telor 1/2, Sayur Manisa, Usus Bumbu Rujak, Tahu, Sambal",30.000,Tersedia,2025-07-12 01:34:46
"Warung Gudeg Bu Toegijo, Pindahan Kertajaya",Nasi Krengsengan Ampela Ati,"Nasi, Krengsengan Ampela Ati, Timun, Soun, Bumbu dan Sambal",23.800,Tersedia,2025-07-12 01:34:46
"Warung Gudeg Bu Toegijo, Pindahan Kertajaya",Tempe Bacem,N/A,5.600,Tersedia,2025-07-12 01:34:46
"Warung Gudeg Bu Toegijo, Pindahan Kertajaya",Tahu Bacem,N/A,5.600,Tersedia,2025-07-12 01:34:46
"Warung Gudeg Bu Toegijo, Pindahan Kertajaya",Telor Bacem,N/A,8.400,Tersedia,2025-07-12 01:34:46
"Warung Gudeg Bu Toegijo, Pindahan Kertajaya",Kerupuk Putih,N/A,3.000,Tersedia,2025-07-12 01:34:46
"Warung Gudeg Bu Toegijo, Pindahan Kertajaya",Kerupuk Udang,N/A,3.000,Tersedia,2025-07-12 01:34:46
"Warung Gudeg Bu Toegijo, Pindahan Kertajaya",Kerupuk Blinjo,N/A,7.000,Tersedia,2025-07-12 01:34:46
"Warung Gudeg Bu Toegijo, Pindahan Kertajaya",Nasi Putih / Lontong,N/A,6.000,Tersedia,2025-07-12 01:34:46
"Warung Gudeg Bu Toegijo, Pindahan Kertajaya",Ayam Opor Potong,Ayam Horen Potongan,12.000,Tersedia,2025-07-12 01:34:46
"Warung Gudeg Bu Toegijo, Pindahan Kertajaya",Ayam Opor Suwir,Ayam Horen Suwiran Dada,17.000,Tersedia,2025-07-12 01:34:46
"Warung Gudeg Bu Toegijo, Pindahan Kertajaya",Ayam Opor Kampung,Ayam Jenis Kampung Paha / Dada,20.000,Tersedia,2025-07-12 01:34:46
"Warung Gudeg Bu Toegijo, Pindahan Kertajaya",Dadar Jagung,N/A,5.600,Tersedia,2025-07-12 01:34:46
"Warung Gudeg Bu Toegijo, Pindahan Kertajaya",Telor Asin,N/A,8.400,Tersedia,2025-07-12 01:34:46
"Warung Gudeg Bu Toegijo, Pindahan Kertajaya",Es Teh,N/A,7.000,Tersedia,2025-07-12 01:34:46
"Warung Gudeg Bu Toegijo, Pindahan Kertajaya",Es Jeruk,N/A,9.000,Tersedia,2025-07-12 01:34:46
"Warung Gudeg Bu Toegijo, Pindahan Kertajaya",Air Mineral,N/A,5.000,Tersedia,2025-07-12 01:34:46
"Warung Gudeg Bu Toegijo, Pindahan Kertajaya",Cincau,"Kemasan Gelas Cup. Rasa original clasic, gula jawa, capuccino, coklat",10.000,Tersedia,2025-07-12 01:34:46
"Warung Gudeg Bu Toegijo, Pindahan Kertajaya",Sinom,Kemasan Botol,9.000,Tersedia,2025-07-12 01:34:46
"Warung Gudeg Bu Toegijo, Pindahan Kertajaya",Beras Kencur,Kemasan Botol,9.000,Tersedia,2025-07-12 01:34:46
"Warung Gudeg Bu Toegijo, Pindahan Kertajaya",Kopyor,N/A,9.000,Tersedia,2025-07-12 01:34:46
"Warung Gudeg Bu Toegijo, Pindahan Kertajaya",Milo,Kemasan botol,9.000,Tersedia,2025-07-12 01:34:46
"Warung Gudeg Bu Toegijo, Pindahan Kertajaya",Gudeg Komplit Frozen,N/A,35.000,Tersedia,2025-07-12 01:34:46
"Warung Gudeg Bu Toegijo, Pindahan Kertajaya",Garang Asem Frozen,N/A,35.000,Tersedia,2025-07-12 01:34:46
"Warung Gudeg Bu Toegijo, Pindahan Kertajaya",Gudeg Koyor Frozen,N/A,35.000,Tersedia,2025-07-12 01:34:46
"Warung Gudeg Bu Toegijo, Pindahan Kertajaya",Ayam Rendang Frozen,Isi : 2 potong ayam horen bumbu rendang,30.000,Tersedia,2025-07-12 01:34:46
"Warung Gudeg Bu Toegijo, Pindahan Kertajaya",Daging Lapis Frozen,N/A,63.000,Tersedia,2025-07-12 01:34:46
"Warung Gudeg Bu Toegijo, Pindahan Kertajaya",Nasi Gudeg Ampela Ati,"Nasi, Gudeg, Krecek, Krengsengan Ampela Ati, Sambal",28.000,Tersedia,2025-07-12 01:34:46
"Warung Gudeg Bu Toegijo, Pindahan Kertajaya",Nasi Campur Ampela Ati,"Nasi, Oseng Buncis, Soun, Krengsengan Ampela Ati, Tahu, Serundeng, Bumbu dan Sambal",25.200,Tersedia,2025-07-12 01:34:46
"Warung Gudeg Bu Toegijo, Pindahan Kertajaya",Nasi Krengsengan Ampela Ati,"Nasi, Krengsengan Ampela Ati, Timun, Soun, Bumbu dan Sambal",23.800,Tersedia,2025-07-12 01:34:46
"Warung Gudeg Bu Toegijo, Pindahan Kertajaya",Nasi Empal,"Nasi, Lalapan, Empal, Serundeng, Sambal",21.000,Tersedia,2025-07-12 01:34:46
"Warung Gudeg Bu Toegijo, Pindahan Kertajaya",Nasi babat,"Nasi, Lalapan, Babat, Serundeng, Sambal",21.000,Tersedia,2025-07-12 01:34:46
"Warung Gudeg Bu Toegijo, Pindahan Kertajaya",Nasi Paru,"Nasi, Lalapan, Paru, Serundeng, Sambal",21.000,Tersedia,2025-07-12 01:34:46
"Warung Gudeg Bu Toegijo, Pindahan Kertajaya",Nasi Rawon Empal,"Nasi, Kuah Rawon, Empal, Sambal",25.200,Tersedia,2025-07-12 01:34:46
"Warung Gudeg Bu Toegijo, Pindahan Kertajaya",Nasi Rawon Babat,"Nasi, Kuah Rawon, Babat, Sambal",25.200,Tersedia,2025-07-12 01:34:46
"Warung Gudeg Bu Toegijo, Pindahan Kertajaya",Nasi Rawon Paru,"Nasi, Kuah Rawon, Paru, Sambal",25.200,Tersedia,2025-07-12 01:34:46
"Fajar Chinese Restaurant, Manyar",Frozen Pork-Bone Soup Ala Yamagoya Ramen,N/A,193.000,Tersedia,2025-07-12 01:35:25
"Fajar Chinese Restaurant, Manyar",Frozen Tim Lumpia Kulit Tahu,N/A,70.000,Tersedia,2025-07-12 01:35:25
"Fajar Chinese Restaurant, Manyar",Kepiting Soka Goreng Telur  Asin,N/A,182.000,Tersedia,2025-07-12 01:35:25
"Fajar Chinese Restaurant, Manyar",Lumpia Udang ( isi 6 ),N/A,156.000,Tersedia,2025-07-12 01:35:25
"Fajar Chinese Restaurant, Manyar",Angsio Tahu Jepang (Ayam / Babi / Seafood),N/A,125.000,Tersedia,2025-07-12 01:35:25
"Fajar Chinese Restaurant, Manyar",Tim Gurami Bawang Putih ( M ),N/A,182.000,Tersedia,2025-07-12 01:35:25
"Fajar Chinese Restaurant, Manyar",Gurami Masak Bawang Kecap (M),N/A,182.000,Tersedia,2025-07-12 01:35:25
"Fajar Chinese Restaurant, Manyar",Cakwe Goreng isi Udang,N/A,35.000,Tersedia,2025-07-12 01:35:25
"Fajar Chinese Restaurant, Manyar",Lumpia Kulit Tahu Goreng,N/A,35.000,Tersedia,2025-07-12 01:35:25
"Fajar Chinese Restaurant, Manyar",Lumpia Kulit Tahu Tim,N/A,35.000,Tersedia,2025-07-12 01:35:25
"Fajar Chinese Restaurant, Manyar",Yammie Ayam Jamur,N/A,50.000,Tersedia,2025-07-12 01:35:25
"Fajar Chinese Restaurant, Manyar",Yammie Polos,N/A,37.000,Tersedia,2025-07-12 01:35:25
"Fajar Chinese Restaurant, Manyar",Yammie Ayam Special,Ayam Jamur+Ayam Kecap,65.000,Tersedia,2025-07-12 01:35:25
"Fajar Chinese Restaurant, Manyar",Yammie Pangsit,N/A,56.000,Tersedia,2025-07-12 01:35:25
"Fajar Chinese Restaurant, Manyar",Yammie Siram Hipio (Ayam / Babi / Seafood),N/A,143.000,Tersedia,2025-07-12 01:35:25
"Fajar Chinese Restaurant, Manyar",Mie Pok ala Singapore,Pedas / Pedas Sedang / No Pedas,64.000,Tersedia,2025-07-12 01:35:25
"Fajar Chinese Restaurant, Manyar",Yammie Bebek panggang,N/A,70.000,Tersedia,2025-07-12 01:35:25
"Fajar Chinese Restaurant, Manyar",Yammie Siobak,N/A,86.000,Tersedia,2025-07-12 01:35:25
"Fajar Chinese Restaurant, Manyar",Mie Pok Polos,No Pedas,37.000,Tersedia,2025-07-12 01:35:25
"Fajar Chinese Restaurant, Manyar",Mie Pok Polos Pedas,N/A,43.000,Tersedia,2025-07-12 01:35:25
"Fajar Chinese Restaurant, Manyar",Mie Pok Singapore Siobak,N/A,85.000,Tersedia,2025-07-12 01:35:25
"Fajar Chinese Restaurant, Manyar",Yammie Casiew Siobak,N/A,86.000,Tersedia,2025-07-12 01:35:25
"Fajar Chinese Restaurant, Manyar",Lao Sa Bao Telur Asin,N/A,34.000,Tersedia,2025-07-12 01:35:25
"Fajar Chinese Restaurant, Manyar",Bakpao Tausa Tim,N/A,35.000,Tersedia,2025-07-12 01:35:25
"Fajar Chinese Restaurant, Manyar",Siomay Tim,N/A,36.000,Tersedia,2025-07-12 01:35:25
"Fajar Chinese Restaurant, Manyar",Tim Kaki Ayam,N/A,35.000,Tersedia,2025-07-12 01:35:25
"Fajar Chinese Restaurant, Manyar",Kuotie,Isi 5 Pcs,40.000,Tersedia,2025-07-12 01:35:25
"Fajar Chinese Restaurant, Manyar",Bakpao Casiew,N/A,35.000,Tersedia,2025-07-12 01:35:25
"Fajar Chinese Restaurant, Manyar",Lumpia Ayam,N/A,35.000,Tersedia,2025-07-12 01:35:25
"Fajar Chinese Restaurant, Manyar",Pangsit Udang,N/A,35.000,Tersedia,2025-07-12 01:35:25
"Fajar Chinese Restaurant, Manyar",Tim Hakau Udang,N/A,40.000,Tersedia,2025-07-12 01:35:25
"Fajar Chinese Restaurant, Manyar",Mantau Lipat Ala Carte 5pcs,Mantau kotak goreng,34.000,Tersedia,2025-07-12 01:35:25
"Fajar Chinese Restaurant, Manyar",Siomay Ayam/Babi,N/A,36.000,Tersedia,2025-07-12 01:35:25
"Fajar Chinese Restaurant, Manyar",Bakpao Coklat,N/A,36.000,Tersedia,2025-07-12 01:35:25
"Fajar Chinese Restaurant, Manyar",Frozen Steak Sapi Ala Canton,Porsi 2 Orang,124.000,Tersedia,2025-07-12 01:35:25
"Fajar Chinese Restaurant, Manyar",Frozen Bakpao Casiew,6 pcs,70.000,Tersedia,2025-07-12 01:35:25
"Fajar Chinese Restaurant, Manyar",Frozen Bakpao Lao Sa Telur Asin,6 pcs Bakpao,70.000,Tersedia,2025-07-12 01:35:25
"Fajar Chinese Restaurant, Manyar",Frozen Sapi Lada Hitam,Porsi 2 Orang,124.000,Tersedia,2025-07-12 01:35:25
"Fajar Chinese Restaurant, Manyar",Frozen Bakpao Tausa Tim,6 pcs Bakpao,70.000,Tersedia,2025-07-12 01:35:25
"Fajar Chinese Restaurant, Manyar",Frozen Siomay Tim Ayam,8 pcs Siomay,76.000,Tersedia,2025-07-12 01:35:25
"Fajar Chinese Restaurant, Manyar",Frozen Ayam Saus Mentega,Porsi 2 Orang,86.000,Tersedia,2025-07-12 01:35:25
"Fajar Chinese Restaurant, Manyar",Frozen Tim Kaki Ayam,2 Porsi,70.000,Tersedia,2025-07-12 01:35:25
"Fajar Chinese Restaurant, Manyar",Frozen Yammie Polos,2 Porsi,76.000,Tersedia,2025-07-12 01:35:25
"Fajar Chinese Restaurant, Manyar",Frozen Mie Pok Singapore,2 porsi,130.000,Tersedia,2025-07-12 01:35:25
"Fajar Chinese Restaurant, Manyar",Frozen Yammie Ayam Jamur,2 Porsi,102.000,Tersedia,2025-07-12 01:35:25
"Fajar Chinese Restaurant, Manyar",Frozen Siomay Tim Babi,8 pcs,76.000,Tersedia,2025-07-12 01:35:25
"Fajar Chinese Restaurant, Manyar",Frozen Babi Hong Ala Khee,N/A,202.000,Tersedia,2025-07-12 01:35:25
"Fajar Chinese Restaurant, Manyar",Frozen Pork-Bone Soup Ala Yamagoya Ramen,2 porsi,193.000,Tersedia,2025-07-12 01:35:25
"Fajar Chinese Restaurant, Manyar",Frozen Tim Lumpia Kulit Tahu,2 Porsi,70.000,Tersedia,2025-07-12 01:35:25
"Fajar Chinese Restaurant, Manyar",Frozen Chicken Collagen Ramen,N/A,193.000,Tersedia,2025-07-12 01:35:25
"Fajar Chinese Restaurant, Manyar",Frozen Lumpia Udang,7pcs,109.000,Tersedia,2025-07-12 01:35:25
"Fajar Chinese Restaurant, Manyar",Air Mineral Cheers 330ml,N/A,20.000,Tersedia,2025-07-12 01:35:25
"Fajar Chinese Restaurant, Manyar",Softdrink Can,N/A,18.000,Tersedia,2025-07-12 01:35:25
"Fajar Chinese Restaurant, Manyar",Yeos Can,N/A,16.000,Tersedia,2025-07-12 01:35:25
"Fajar Chinese Restaurant, Manyar",Bubur Polos,N/A,53.000,Tersedia,2025-07-12 01:35:25
"Fajar Chinese Restaurant, Manyar",Bubur Ayam,N/A,58.000,Tersedia,2025-07-12 01:35:25
"Fajar Chinese Restaurant, Manyar",Bubur Bakso Babi,N/A,58.000,Tersedia,2025-07-12 01:35:25
"Fajar Chinese Restaurant, Manyar",Bubur Babi,N/A,58.000,Tersedia,2025-07-12 01:35:25
"Fajar Chinese Restaurant, Manyar",Bubur Ikan,N/A,58.000,Tersedia,2025-07-12 01:35:25
"Fajar Chinese Restaurant, Manyar",Bubur Sapi,N/A,58.000,Tersedia,2025-07-12 01:35:25
"Fajar Chinese Restaurant, Manyar",Bubur Pitan,N/A,58.000,Tersedia,2025-07-12 01:35:25
"Fajar Chinese Restaurant, Manyar",Topping Ayam Kampung,N/A,26.000,Tersedia,2025-07-12 01:35:25
"Fajar Chinese Restaurant, Manyar",Topping Daging Sapi,N/A,26.000,Tersedia,2025-07-12 01:35:25
"Fajar Chinese Restaurant, Manyar",Topping Bakso Babi,N/A,26.000,Tersedia,2025-07-12 01:35:25
"Fajar Chinese Restaurant, Manyar",Topping Ikan Gurami,N/A,26.000,Tersedia,2025-07-12 01:35:25
"Fajar Chinese Restaurant, Manyar",Topping Babi Pien,N/A,26.000,Tersedia,2025-07-12 01:35:25
"Fajar Chinese Restaurant, Manyar",Topping Telur Pitan,N/A,26.000,Tersedia,2025-07-12 01:35:25
"Fajar Chinese Restaurant, Manyar",Topping Cakwe Goreng,N/A,13.000,Tersedia,2025-07-12 01:35:25
"Fajar Chinese Restaurant, Manyar",Babi Hong Ala Khee,N/A,185.000,Tersedia,2025-07-12 01:35:25
"Fajar Chinese Restaurant, Manyar",Sapo Kaki Babi,N/A,129.000,Tersedia,2025-07-12 01:35:25
"Fajar Chinese Restaurant, Manyar",Kolobak,N/A,129.000,Tersedia,2025-07-12 01:35:25
"Fajar Chinese Restaurant, Manyar",Baikut Cabe Garam,N/A,143.000,Tersedia,2025-07-12 01:35:25
"Fajar Chinese Restaurant, Manyar",Baikut Goreng Madu,N/A,143.000,Tersedia,2025-07-12 01:35:25
"Fajar Chinese Restaurant, Manyar",Cingtu Baikut,N/A,143.000,Tersedia,2025-07-12 01:35:25
"Fajar Chinese Restaurant, Manyar",Champagne Baikut,N/A,143.000,Tersedia,2025-07-12 01:35:25
"Fajar Chinese Restaurant, Manyar",Bebek Panggang Per 1/2 Ekor,N/A,261.000,Tersedia,2025-07-12 01:35:25
"Fajar Chinese Restaurant, Manyar",Bebek Panggang Per Porsi,N/A,124.000,Tersedia,2025-07-12 01:35:25
"Fajar Chinese Restaurant, Manyar",Casiew 1/2 Kg,N/A,327.000,Tersedia,2025-07-12 01:35:25
"Fajar Chinese Restaurant, Manyar",Casiew Per Porsi,N/A,131.000,Tersedia,2025-07-12 01:35:25
"Fajar Chinese Restaurant, Manyar",Siobak 1/2 Kg,N/A,380.000,Tersedia,2025-07-12 01:35:25
"Fajar Chinese Restaurant, Manyar",Siobak Per Porsi,N/A,145.000,Tersedia,2025-07-12 01:35:25
"Fajar Chinese Restaurant, Manyar",Panggangan Campur ( S ),N/A,370.000,Tersedia,2025-07-12 01:35:25
"Fajar Chinese Restaurant, Manyar",Cap Cay Kuah,N/A,125.000,Tersedia,2025-07-12 01:35:25
"Fajar Chinese Restaurant, Manyar",Hippio Kuah Baso Ikan,N/A,139.000,Tersedia,2025-07-12 01:35:25
"Fajar Chinese Restaurant, Manyar",Sup Asparagus Telur Kepiting ( Porsi Individu ),N/A,63.000,Tersedia,2025-07-12 01:35:25
"Fajar Chinese Restaurant, Manyar",Sup Asparagus Sari Ayam ( Porsi Individu ),N/A,50.000,Tersedia,2025-07-12 01:35:25
"Fajar Chinese Restaurant, Manyar",Sup Bibir Ikan (Porsi Individu),N/A,55.000,Tersedia,2025-07-12 01:35:25
"Fajar Chinese Restaurant, Manyar",Kakap Tahu Sayur Asin Kuah,N/A,139.000,Tersedia,2025-07-12 01:35:25
"Fajar Chinese Restaurant, Manyar",Sup Jagung Telur Kepiting ( Porsi Individu ),N/A,63.000,Tersedia,2025-07-12 01:35:25
"Fajar Chinese Restaurant, Manyar",Angsio Haisom Ala Khee,N/A,618.000,Tersedia,2025-07-12 01:35:25
"Fajar Chinese Restaurant, Manyar",Nasi Haisom,N/A,327.000,Tersedia,2025-07-12 01:35:25
"Fajar Chinese Restaurant, Manyar",Kakap Asam Manis,N/A,131.000,Tersedia,2025-07-12 01:35:25
"Fajar Chinese Restaurant, Manyar",Gurami Asam Manis,N/A,182.000,Tersedia,2025-07-12 01:35:25
"Fajar Chinese Restaurant, Manyar",Gurami ala Khe,N/A,182.000,Tersedia,2025-07-12 01:35:25
"Fajar Chinese Restaurant, Manyar",Gurami Ala Sze,N/A,182.000,Tersedia,2025-07-12 01:35:25
"Fajar Chinese Restaurant, Manyar",Kakap Tahu Tausi,N/A,131.000,Tersedia,2025-07-12 01:35:25
"Fajar Chinese Restaurant, Manyar",Gurami Tahu Tausi,N/A,182.000,Tersedia,2025-07-12 01:35:25
"Fajar Chinese Restaurant, Manyar",Tim Gurami Bawang Putih ( M ),N/A,182.000,Tersedia,2025-07-12 01:35:25
"Fajar Chinese Restaurant, Manyar",Gurami Masak Bawang Kecap (M),N/A,182.000,Tersedia,2025-07-12 01:35:25
"Fajar Chinese Restaurant, Manyar",Lumpia Udang ( isi 6 ),N/A,156.000,Tersedia,2025-07-12 01:35:25
"Fajar Chinese Restaurant, Manyar",Udang Cabe Garam,N/A,156.000,Tersedia,2025-07-12 01:35:25
"Fajar Chinese Restaurant, Manyar",Udang Mayonaise,N/A,156.000,Tersedia,2025-07-12 01:35:25
"Fajar Chinese Restaurant, Manyar",Fu Yung Hai,N/A,125.000,Tersedia,2025-07-12 01:35:25
"Fajar Chinese Restaurant, Manyar",Udang Seledri Cah Mente,N/A,139.000,Tersedia,2025-07-12 01:35:25
"Fajar Chinese Restaurant, Manyar",Kepiting Soka Goreng Telur  Asin,N/A,182.000,Tersedia,2025-07-12 01:35:25
"Fajar Chinese Restaurant, Manyar",Kepiting Soka Goreng Kering,N/A,182.000,Tersedia,2025-07-12 01:35:25
"Fajar Chinese Restaurant, Manyar",Kepiting Soka Cabe Garam,N/A,182.000,Tersedia,2025-07-12 01:35:25
"Fajar Chinese Restaurant, Manyar",Cumi Goreng Mentega,N/A,143.000,Tersedia,2025-07-12 01:35:25
"Fajar Chinese Restaurant, Manyar",Cumi Cabe Garam,N/A,143.000,Tersedia,2025-07-12 01:35:25
"Fajar Chinese Restaurant, Manyar",Cumi Goreng Tepung,N/A,143.000,Tersedia,2025-07-12 01:35:25
"Fajar Chinese Restaurant, Manyar",Sapi Ala Kanton,N/A,157.000,Tersedia,2025-07-12 01:35:25
"Fajar Chinese Restaurant, Manyar",Sapi Lada Hitam,N/A,157.000,Tersedia,2025-07-12 01:35:25
"Fajar Chinese Restaurant, Manyar",Sapi Vietnam,N/A,157.000,Tersedia,2025-07-12 01:35:25
"Fajar Chinese Restaurant, Manyar",Ayam Rebus Hainan Per 1/2 Ekor,N/A,195.000,Tersedia,2025-07-12 01:35:25
"Fajar Chinese Restaurant, Manyar",Ayam Goreng Wangi Per 1/2 Ekor,N/A,169.000,Tersedia,2025-07-12 01:35:25
"Fajar Chinese Restaurant, Manyar",Ayam Goreng Asam Garam 1/2  Ekor,N/A,169.000,Tersedia,2025-07-12 01:35:25
"Fajar Chinese Restaurant, Manyar",Ayam Goreng Mentega 1/2 Ekor,N/A,169.000,Tersedia,2025-07-12 01:35:25
"Fajar Chinese Restaurant, Manyar",Koloke,N/A,129.000,Tersedia,2025-07-12 01:35:25
"Fajar Chinese Restaurant, Manyar",Ayam Kungpao,N/A,129.000,Tersedia,2025-07-12 01:35:25
"Fajar Chinese Restaurant, Manyar",Ayam Goreng Kanton 1/2 Ekor,N/A,169.000,Tersedia,2025-07-12 01:35:25
"Fajar Chinese Restaurant, Manyar",Ayam Cabai Garam 1/2 Ekor,N/A,169.000,Tersedia,2025-07-12 01:35:25
"Fajar Chinese Restaurant, Manyar",Burung Dara Goreng Mentega Per Ekor,N/A,82.000,Tersedia,2025-07-12 01:35:25
"Fajar Chinese Restaurant, Manyar",Hotplate Tahu Jepang,N/A,125.000,Tersedia,2025-07-12 01:35:25
"Fajar Chinese Restaurant, Manyar",Sapo Tahu,N/A,125.000,Tersedia,2025-07-12 01:35:25
"Fajar Chinese Restaurant, Manyar",Mapo Tahu,N/A,125.000,Tersedia,2025-07-12 01:35:25
"Fajar Chinese Restaurant, Manyar",Mun Tahu,N/A,125.000,Tersedia,2025-07-12 01:35:25
"Fajar Chinese Restaurant, Manyar",Yong Tahu Ala Khe,N/A,125.000,Tersedia,2025-07-12 01:35:25
"Fajar Chinese Restaurant, Manyar",Angsio Tahu Jepang (Ayam / Babi / Seafood),N/A,125.000,Tersedia,2025-07-12 01:35:25
"Fajar Chinese Restaurant, Manyar",Angsio Tahu Biasa (Ayam / Babi / Seafood),N/A,125.000,Tersedia,2025-07-12 01:35:25
"Fajar Chinese Restaurant, Manyar",Angsio Kembang Tahu Dengan Siobak,N/A,125.000,Tersedia,2025-07-12 01:35:25
"Fajar Chinese Restaurant, Manyar",Sapo Soun Kembang Tahu,N/A,125.000,Tersedia,2025-07-12 01:35:25
"Fajar Chinese Restaurant, Manyar",Kembang Tahu Goreng Telur Asin,N/A,84.000,Tersedia,2025-07-12 01:35:25
"Fajar Chinese Restaurant, Manyar",Kembang Tahu Goreng Cabai Garam,N/A,84.000,Tersedia,2025-07-12 01:35:25
"Fajar Chinese Restaurant, Manyar",Brokoli Sapi Masak Saus XO,N/A,169.000,Tersedia,2025-07-12 01:35:25
"Fajar Chinese Restaurant, Manyar",Kailan Lokal Cah Sapi,N/A,139.000,Tersedia,2025-07-12 01:35:25
"Fajar Chinese Restaurant, Manyar",Baby Buncis Ala Szechuan,N/A,129.000,Tersedia,2025-07-12 01:35:25
"Fajar Chinese Restaurant, Manyar",Cah Siongmak,Bawang Putih / Cah Anco,110.000,Tersedia,2025-07-12 01:35:25
"Fajar Chinese Restaurant, Manyar",Cap Cay Goreng (Ayam / Babi ),N/A,116.000,Tersedia,2025-07-12 01:35:25
"Fajar Chinese Restaurant, Manyar",Brokoli Cah Bawang Putih,N/A,103.000,Tersedia,2025-07-12 01:35:25
"Fajar Chinese Restaurant, Manyar",Siongmak HK Cah Belut,N/A,143.000,Tersedia,2025-07-12 01:35:25
"Fajar Chinese Restaurant, Manyar",Baby Buncis Cah Bawang Putih,N/A,98.000,Tersedia,2025-07-12 01:35:25
"Fajar Chinese Restaurant, Manyar",Kailan Lokal Cah Bawang Putih,N/A,112.000,Tersedia,2025-07-12 01:35:25
"Fajar Chinese Restaurant, Manyar",Pocai Polos,N/A,95.000,Tersedia,2025-07-12 01:35:25
"Fajar Chinese Restaurant, Manyar",Cap Cay Goreng (Seafood),N/A,116.000,Tersedia,2025-07-12 01:35:25
"Fajar Chinese Restaurant, Manyar",Caisim Cah Bawang Putih,N/A,99.000,Tersedia,2025-07-12 01:35:25
"Fajar Chinese Restaurant, Manyar",Tauge Cah Ikan Asin,N/A,119.000,Tersedia,2025-07-12 01:35:25
"Fajar Chinese Restaurant, Manyar",Pocay 2 Telur,N/A,125.000,Tersedia,2025-07-12 01:35:25
"Fajar Chinese Restaurant, Manyar",Bihun Goreng (Ayam / Babi / Seafood ),N/A,103.000,Tersedia,2025-07-12 01:35:25
"Fajar Chinese Restaurant, Manyar",Bihun Kuah (Ayam / Babi / Seafood),N/A,103.000,Tersedia,2025-07-12 01:35:25
"Fajar Chinese Restaurant, Manyar",I Fu Mie Basah (Ayam / Babi / Seafood),N/A,103.000,Tersedia,2025-07-12 01:35:25
"Fajar Chinese Restaurant, Manyar",Nasi Goreng Seafood,N/A,103.000,Tersedia,2025-07-12 01:35:25
"Fajar Chinese Restaurant, Manyar",Nasi Goreng Yang Chow,N/A,103.000,Tersedia,2025-07-12 01:35:25
"Fajar Chinese Restaurant, Manyar",Kwetiaw Goreng (Seafood / Sapi / Ayam / Babi),N/A,103.000,Tersedia,2025-07-12 01:35:25
"Fajar Chinese Restaurant, Manyar",Kwetiaw Siram (Seafood/ Sapi / Ayam / Babi),N/A,103.000,Tersedia,2025-07-12 01:35:25
"Fajar Chinese Restaurant, Manyar",Tamie Cap Cay (Ayam / Babi / Seafood),N/A,110.000,Tersedia,2025-07-12 01:35:25
"Fajar Chinese Restaurant, Manyar",Bakmie Goreng (Seafood / Ayam / Yang Chow),N/A,103.000,Tersedia,2025-07-12 01:35:25
"Fajar Chinese Restaurant, Manyar",Nasi Cap Cay (Seafood / Ayam/ Babi),N/A,116.000,Tersedia,2025-07-12 01:35:25
"Fajar Chinese Restaurant, Manyar",Nasi Hainam Ayam Rebus,N/A,79.000,Tersedia,2025-07-12 01:35:25
"Fajar Chinese Restaurant, Manyar",Nasi Hainam Bebek Pg,N/A,82.000,Tersedia,2025-07-12 01:35:25
"Fajar Chinese Restaurant, Manyar",Nasi Hainam Casiew Pg,N/A,82.000,Tersedia,2025-07-12 01:35:25
"Fajar Chinese Restaurant, Manyar",Nasi Hainam Siobak Pg,N/A,95.000,Tersedia,2025-07-12 01:35:25
"Fajar Chinese Restaurant, Manyar",Nasi Putih Bebek Pg,N/A,82.000,Tersedia,2025-07-12 01:35:25
"Fajar Chinese Restaurant, Manyar",Nasi Putih Casiew,N/A,82.000,Tersedia,2025-07-12 01:35:25
"Fajar Chinese Restaurant, Manyar",Nasi Putih Siobak,N/A,95.000,Tersedia,2025-07-12 01:35:25
"Fajar Chinese Restaurant, Manyar",Nasi Putih,N/A,18.000,Tersedia,2025-07-12 01:35:25
"Fajar Chinese Restaurant, Manyar",Nasi Hainam,N/A,24.000,Tersedia,2025-07-12 01:35:25
"Fajar Chinese Restaurant, Manyar",Bakmi Goreng Special,N/A,110.000,Tersedia,2025-07-12 01:35:25
"Fajar Chinese Restaurant, Manyar",Nasi Putih Ayam Rebus,N/A,73.000,Tersedia,2025-07-12 01:35:25
"Fajar Chinese Restaurant, Manyar",Nasi Hokkian,N/A,110.000,Tersedia,2025-07-12 01:35:25
"Fajar Chinese Restaurant, Manyar",Siobak Cabai Garam,N/A,158.000,Tersedia,2025-07-12 01:35:25
"Fajar Chinese Restaurant, Manyar",Siobak Bebek Masak Bawang Jahe,N/A,185.000,Tersedia,2025-07-12 01:35:25
"Fajar Chinese Restaurant, Manyar",Siobak Cah Bawang Bombay,N/A,158.000,Tersedia,2025-07-12 01:35:25
"Fajar Chinese Restaurant, Manyar",Bebek Masak Bawang Jahe,N/A,231.000,Tersedia,2025-07-12 01:35:25
"Pizza Hut, Manyar Kertoarjo",L1MO Pizza,"L1MO Pizza dengan Topping Tuna Melt, Meat Lovers dan Super Supreme. Pesan sekarang!",339.000,Tersedia,2025-07-12 01:35:15
"Pizza Hut, Manyar Kertoarjo",My Box Pizza,Bisa pilih Pizza dengan 1 Snack dan 1 Minuman. Tersedia kombinasi menu untukmu. Pesan sekarang!,50.001,Tersedia,2025-07-12 01:35:15
"Pizza Hut, Manyar Kertoarjo",Melts Pizza,"Cheesy, Crispy, Loaded. Pizza Baru topping Seru Langsung Melts and Go! Pesan sekarang.",62.000,Tersedia,2025-07-12 01:35:15
"Pizza Hut, Manyar Kertoarjo",Garlic Bread,Roti Panggang dengan Mentega Beraroma Bawang Putih,38.000,Tersedia,2025-07-12 01:35:15
"Pizza Hut, Manyar Kertoarjo",Beef Lasagna,"Pasta Lasagna Panggang, Daging Sapi Cincang dan Saus Krim Putih",79.000,Tersedia,2025-07-12 01:35:15
"Pizza Hut, Manyar Kertoarjo",Beef Lasagna,N/A,79.000,Tersedia,2025-07-12 01:35:15
"Pizza Hut, Manyar Kertoarjo",Big Box,N/A,258.001,Tersedia,2025-07-12 01:35:15
"Pizza Hut, Manyar Kertoarjo",L1MO 6 Topping Free 6 Drinks,L1mo baru lebih seru bisa dinikmati hingga 10 orang. Free 6 Coca Cola. Pesan sekarang!,350.000,Tersedia,2025-07-12 01:35:15
"Pizza Hut, Manyar Kertoarjo",Paket Special 1,"1 Pizza Personal Cheesy Bites, 1 Cheese Rolls 6 pcs dan 1 Coca Cola Cup. Pesan sekarang!",100.001,Tersedia,2025-07-12 01:35:15
"Pizza Hut, Manyar Kertoarjo",Paket Special 2,"1 Pizza Personal Cheesy Bites, 1 Beef Lasagna dan 1 Coca Cola Cup. Pesan sekarang!",130.000,Tersedia,2025-07-12 01:35:15
"Pizza Hut, Manyar Kertoarjo",My Box Pizza,Bisa pilih Pizza dengan 1 Snack dan 1 Minuman. Tersedia kombinasi menu untukmu. Pesan sekarang!,50.001,Tersedia,2025-07-12 01:35:15
"Pizza Hut, Manyar Kertoarjo",My Box Pasta,Bisa pilih Pasta dengan 1 Snack dan 1 Minuman. Tersedia kombinasi menu untukmu. Pesan sekarang!,50.001,Tersedia,2025-07-12 01:35:15
"Pizza Hut, Manyar Kertoarjo",My Box Special Pizza,Bisa pilih Pizza dengan 1 Snack dan 1 Minuman. Tersedia kombinasi menu untukmu. Pesan sekarang!,65.000,Tersedia,2025-07-12 01:35:15
"Pizza Hut, Manyar Kertoarjo",My Box Healthy Pizza,"Bisa pilih Pizza dengan 1 Snack, 1 Salad dan 1 Minuman. Tersedia kombinasi menu untukmu. Pesan sekarang!",75.000,Tersedia,2025-07-12 01:35:15
"Pizza Hut, Manyar Kertoarjo",My Box Duo Pizza,Bisa pilih 2 Pizza dengan 2 Snack dan 2 Minuman. Tersedia kombinasi menu untukmu. Pesan sekarang!,77.000,Tersedia,2025-07-12 01:35:15
"Pizza Hut, Manyar Kertoarjo",My Box Duo Pasta,Bisa pilih 2 Pasta dengan 2 Snack dan 2 Minuman. Tersedia kombinasi menu untukmu. Pesan sekarang!,77.000,Tersedia,2025-07-12 01:35:15
"Pizza Hut, Manyar Kertoarjo",My Box Duo Special Pizza,Bisa pilih 2 Pizza dengan 2 Snack dan 2 Minuman. Tersedia kombinasi menu untukmu. Pesan sekarang!,110.000,Tersedia,2025-07-12 01:35:15
"Pizza Hut, Manyar Kertoarjo",My Box Duo Healthy Pizza,"Bisa pilih 2 Pizza dengan 2 Snack, 2 Salad dan 2 Minuman. Tersedia kombinasi menu untukmu. Pesan sekarang!",130.000,Tersedia,2025-07-12 01:35:15
"Pizza Hut, Manyar Kertoarjo",Melts Pizza,"Cheesy, Crispy, Loaded. Pizza Baru topping Seru Langsung Melts and Go! Pesan sekarang.",62.000,Tersedia,2025-07-12 01:35:15
"Pizza Hut, Manyar Kertoarjo",QU4RTZA,"1 Pizza-nya, 4 Topping-nya, Banyak cuan-nya! Pesan sekarang.",156.001,Tersedia,2025-07-12 01:35:15
"Pizza Hut, Manyar Kertoarjo",Pizza Heart,Ungkapin sayang bisa kapan saja dengan Pizza Heart. Pesan untuk dinikmati bersama orang tersayangmu. Pesan sekarang!,146.000,Tersedia,2025-07-12 01:35:15
"Pizza Hut, Manyar Kertoarjo",L1MO Pizza,"L1MO Pizza dengan Topping Tuna Melt, Meat Lovers dan Super Supreme. Pesan sekarang!",339.000,Tersedia,2025-07-12 01:35:15
"Pizza Hut, Manyar Kertoarjo",L1MO 6 Topping,L1mo baru lebih seru bisa dinikmati hingga 10 orang. Pesan sekarang!,360.000,Tersedia,2025-07-12 01:35:15
"Pizza Hut, Manyar Kertoarjo",Double Box Regular,Selalu Lebih Hemat. Bisa pilih 2 pizza dengan topping kesukaanmu. Beli sekarang!,200.000,Tersedia,2025-07-12 01:35:15
"Pizza Hut, Manyar Kertoarjo",Double Box Large,Pizza kesukaanmu tersedia ukuran Large dengan 8 potongan yang lebih mengenyangkan. Ayo pesan sekarang!,255.001,Tersedia,2025-07-12 01:35:15
"Pizza Hut, Manyar Kertoarjo",Big Box Bites Superman,Spesial Box Superman. Menu lengkap dengan regular pizza topping favorit lengkap dengan 5 snack asin manis yang nikmat Gratis Coca Cola 1 Liter. Pesan sekarang!,192.000,Tersedia,2025-07-12 01:35:15
"Pizza Hut, Manyar Kertoarjo",Big Box Bites Free 4 Coke,Menu lengkap dengan regular pizza topping favorit lengkap dengan 5 snack asin manis yang nikmat. Gratis 4 Coca Cola. Beli sekarang!,192.000,Tersedia,2025-07-12 01:35:15
"Pizza Hut, Manyar Kertoarjo",Big Box Bites,Menu lengkap dengan regular pizza topping favorit lengkap dengan 5 snack asin manis yang nikmat. Pesan sekarang!,192.000,Tersedia,2025-07-12 01:35:15
"Pizza Hut, Manyar Kertoarjo",Big Box,"Makin puas buat rame-rame dengan menu lengkap Pizza, Pasta, dan Appetizer. Pesan sekarang!",258.001,Tersedia,2025-07-12 01:35:15
"Pizza Hut, Manyar Kertoarjo",Sweet Melts,"Heavenly, Crispy, Loaded. Pizza Baru dengan Topping Manis, Langsung Melts and Go! Pesan Sekarang!",45.001,Tersedia,2025-07-12 01:35:15
"Pizza Hut, Manyar Kertoarjo",Cheese Rizz Personal Pizza,"Real Cheese inside, outside, top side, on the side, on all sides!",80.001,Tersedia,2025-07-12 01:35:15
"Pizza Hut, Manyar Kertoarjo",Cheese Rizz Regular Pizza,"Real Cheese inside, outside, top side, on the side, on all sides!",174.000,Tersedia,2025-07-12 01:35:15
"Pizza Hut, Manyar Kertoarjo",Cheese Rizz Large Pizza,"Real Cheese inside, outside, top side, on the side, on all sides!",231.000,Tersedia,2025-07-12 01:35:15
"Pizza Hut, Manyar Kertoarjo",Cheese Rizz Double Box Regular,Bisa pilih 1 Regular Pizza Cheese Rizz dengan 1 Pan Pizza Regular. Pesan sekarang!,250.000,Tersedia,2025-07-12 01:35:15
"Pizza Hut, Manyar Kertoarjo",Cheese Rizz QU4RTZA,"1 Pizza-nya, 4 Topping-nya, Banyak cuan-nya, Luber Kejunya, Pecah Rasanya. Pesan Sekarang!",231.000,Tersedia,2025-07-12 01:35:15
"Pizza Hut, Manyar Kertoarjo",Value Bundle Cheese Overflow,Bisa pilih 1 Pan Personal Pizza Cheese Overflow dengan 1 Minuman. Pesan sekarang!,71.001,Tersedia,2025-07-12 01:35:15
"Pizza Hut, Manyar Kertoarjo",Value Bundle Cheese Rizz,1 Personal Pizza Cheese Rizz + 1 Drink,71.001,Tersedia,2025-07-12 01:35:15
"Pizza Hut, Manyar Kertoarjo",Cheese Overflow Personal Pizza,"Personal Pizza Cheese Overflow. Luber Kejunya, Pecah Rasanya. Pesan Sekarang!",66.000,Tersedia,2025-07-12 01:35:15
"Pizza Hut, Manyar Kertoarjo",Cheese Overflow Regular Pizza,"Regular Pizza Cheese Overflow. Luber Kejunya, Pecah Rasanya. Pesan Sekarang!",152.000,Tersedia,2025-07-12 01:35:15
"Pizza Hut, Manyar Kertoarjo",Cheese Overflow Large Pizza,"Large Pizza Cheese Overflow. Luber Kejunya, Pecah Rasanya. Pesan Sekarang!",200.001,Tersedia,2025-07-12 01:35:15
"Pizza Hut, Manyar Kertoarjo",Cheese Overflow Pasta,"Pasta Cheese Overflow. Luber Kejunya, Pecah Rasanya. Pesan Sekarang!",82.001,Tersedia,2025-07-12 01:35:15
"Pizza Hut, Manyar Kertoarjo",Cheese Overflow Double Box Regular,Bisa pilih 1 Pizza Regular Cheese Overflow dengan 1 Pan Pizza Regular. Pesan sekarang!,225.001,Tersedia,2025-07-12 01:35:15
"Pizza Hut, Manyar Kertoarjo",PAN Regular Pizza,3-4 pax,127.001,Tersedia,2025-07-12 01:35:15
"Pizza Hut, Manyar Kertoarjo",PAN Personal Pizza,1-2 pax,59.000,Tersedia,2025-07-12 01:35:15
"Pizza Hut, Manyar Kertoarjo",PAN Large Pizza,4-5 pax,166.000,Tersedia,2025-07-12 01:35:15
"Pizza Hut, Manyar Kertoarjo",Classic Fettuccine With Crispy Chicken,"Pasta Fettuccine, Daging Ayam Asap, Saus Creamy dengan Chicken Strip dibalur Cream Cheese Mayo dan Beef Bits",86.000,Tersedia,2025-07-12 01:35:15
"Pizza Hut, Manyar Kertoarjo",Creamy Truffle,"Pasta Penne, Sosis Beef Chorizo, Bayam, Saus Alfredo dan Truffle Oil",86.000,Tersedia,2025-07-12 01:35:15
"Pizza Hut, Manyar Kertoarjo",Creamy Beef Classic Fettuccine,"Pasta Fettuccine, Daging Sapi Asap, Jamur dan Saus Krim",77.000,Tersedia,2025-07-12 01:35:15
"Pizza Hut, Manyar Kertoarjo",Creamy Chicken Classic Fettuccine,"Pasta Fettuccine, Daging Ayam Asap, Jamur dan Saus Krim",77.000,Tersedia,2025-07-12 01:35:15
"Pizza Hut, Manyar Kertoarjo",Beef Spaghetti,"Pasta Spaghetti, Daging Sapi Cincang, Saus Tomat dan Keju Cheddar",77.000,Tersedia,2025-07-12 01:35:15
"Pizza Hut, Manyar Kertoarjo",Oriental Chicken Spaghetti,"Spaghetti dengan potongan ayam panggang, disiram saus oriental yang pas manisnya",77.000,Tersedia,2025-07-12 01:35:15
"Pizza Hut, Manyar Kertoarjo",Beef Lasagna,"Pasta Lasagna Panggang, Daging Sapi Cincang dan Saus Krim Putih",79.000,Tersedia,2025-07-12 01:35:15
"Pizza Hut, Manyar Kertoarjo",Cheese Beef Fusilli,"Pasta Fusilli Panggang, Saus Keju Cheddar dan Beef Bits",77.000,Tersedia,2025-07-12 01:35:15
"Pizza Hut, Manyar Kertoarjo",Oriental Chicken Rice,"Nasi, Ayam Panggang, Saus Oriental",63.000,Tersedia,2025-07-12 01:35:15
"Pizza Hut, Manyar Kertoarjo",Black Pepper Chicken Rice,"Nasi, Ayam Berbalut Tepung Roti, Saus Lada Hitam",63.000,Tersedia,2025-07-12 01:35:15
"Pizza Hut, Manyar Kertoarjo",New Orleans Chicken Wings,Sayap Ayam Panggang dengan Bumbu khas New Orleans,53.000,Tersedia,2025-07-12 01:35:15
"Pizza Hut, Manyar Kertoarjo",Cheese Rolls,Roti dengan Keju Mozzarella,43.000,Tersedia,2025-07-12 01:35:15
"Pizza Hut, Manyar Kertoarjo",Mushroom Soup,Sup Krim Jamur,25.000,Tersedia,2025-07-12 01:35:15
"Pizza Hut, Manyar Kertoarjo",Chicken Royale,"Chicken Stick,Chicken Popcorn,Potato Wedges dan Garlic Bread",53.000,Tersedia,2025-07-12 01:35:15
"Pizza Hut, Manyar Kertoarjo",Garlic Bread,Roti Panggang dengan Mentega Beraroma Bawang Putih,38.000,Tersedia,2025-07-12 01:35:15
"Pizza Hut, Manyar Kertoarjo",Puff Pastry Mushroom Cream Soup,Sup Krim Jamur dan Puff Pastry,42.000,Tersedia,2025-07-12 01:35:15
"Pizza Hut, Manyar Kertoarjo",Deluxe Beef Bruschetta,"Roti Panggang, Daging Sapi Asap, Jagung, Onion dan Saus Thousand Island",40.000,Tersedia,2025-07-12 01:35:15
"Pizza Hut, Manyar Kertoarjo",Garlicheese Bread,Roti Panggang dengan Bumbu Bawang Putih dan Keju Mozzarella,37.000,Tersedia,2025-07-12 01:35:15
"Pizza Hut, Manyar Kertoarjo",Choco Puff,"Puff Pastry, Cokelat dan Keju",38.000,Tersedia,2025-07-12 01:35:15
"Pizza Hut, Manyar Kertoarjo",Potato Wedges,Kentang Panggang dengan Bumbu Special,38.000,Tersedia,2025-07-12 01:35:15
"Pizza Hut, Manyar Kertoarjo",Wingstreet 6 pcs,Tersedia dengan 4 pilihan sauce baru,57.000,Tersedia,2025-07-12 01:35:15
"Pizza Hut, Manyar Kertoarjo",Green Salad,Green Salad,53.000,Tersedia,2025-07-12 01:35:15
"Pizza Hut, Manyar Kertoarjo",Fruit Salad,Fruit Salad,53.000,Tersedia,2025-07-12 01:35:15
"Pizza Hut, Manyar Kertoarjo",2 Fresh Juice 500ml,Pilihan Juice Segar. Pesan Sekarang !,72.001,Tersedia,2025-07-12 01:35:15
"Pizza Hut, Manyar Kertoarjo",Blue Ocean,"Soda Bluberi, Sirup Mangga dan Biji Selasih",39.001,Tersedia,2025-07-12 01:35:15
"Pizza Hut, Manyar Kertoarjo",Lychee Breeze,"Buah Leci, Sirup Leci, Soda dan Jeruk Nipis",43.000,Tersedia,2025-07-12 01:35:15
"Pizza Hut, Manyar Kertoarjo",Mixberry,"Soda Bluberi, Sirup Stroberi, Biji Selasih dan Jelly",39.001,Tersedia,2025-07-12 01:35:15
"Pizza Hut, Manyar Kertoarjo",Lychee Spring,"Yakult, Sirup Leci dan Potongan Buah Leci",39.001,Tersedia,2025-07-12 01:35:15
"Pizza Hut, Manyar Kertoarjo",Coca Cola 1 Liter,Coca-Cola 1 Liter,30.000,Tersedia,2025-07-12 01:35:15
"Pizza Hut, Manyar Kertoarjo",Vanilla Milkshake,Susu Segar dan Es Krim Vanila,39.001,Tersedia,2025-07-12 01:35:15
"Pizza Hut, Manyar Kertoarjo",Chocolate Milkshake,Susu Segar dan Es Krim Cokelat,39.001,Tersedia,2025-07-12 01:35:15
"Pizza Hut, Manyar Kertoarjo",Strawberry Milkshake,Susu Segar dan Es Krim Stroberi,39.001,Tersedia,2025-07-12 01:35:15
"Pizza Hut, Manyar Kertoarjo",Aqua Bottle,Aqua Botol,20.000,Tersedia,2025-07-12 01:35:15
"Pizza Hut, Manyar Kertoarjo",Orange Juice,Orange Juice,33.000,Tersedia,2025-07-12 01:35:15
"Pizza Hut, Manyar Kertoarjo",Coca Cola,Coca Cola,29.000,Tersedia,2025-07-12 01:35:15
"Pizza Hut, Manyar Kertoarjo",Sprite,Sprite,29.000,Tersedia,2025-07-12 01:35:15
"Pizza Hut, Manyar Kertoarjo",Lemon Tea,Frestea,29.000,Tersedia,2025-07-12 01:35:15
"Pizza Hut, Manyar Kertoarjo",Paket Meeting 1,"Terdiri dari 1 L1MO 6 Topping, 1 Pasta Beef Spaghetti, 1 Oriental Chicken Rice, 1 New Orleans Chicken Wings, 1 Cheese Rolls, 1 Beef Bruschetta, 1 Garlic Bread dan 1 Coca Cola 1L",595.001,Tersedia,2025-07-12 01:35:15
"Pizza Hut, Manyar Kertoarjo",Paket Meeting 2,"Terdiri dari 1 L1MO Pizza, 1 Cheesy Bites Pizza Regular, 1 New Orleans Chicken Wings, 1 Chicken Royale, 2 Garlic Bread, 1 Beef Bruschetta, 1 Cheese Roll dan 1 Coca-Cola 1L",705.001,Tersedia,2025-07-12 01:35:15
"Pizza Hut, Manyar Kertoarjo",Paket Resign,"Terdiri dari 2 L1MO 6 Topping, 1 New Orleans Chicken Wings, 1 Beef Bruschetta, 3 Garlic Bread, 1 Cheese Roll dan 1 Coca-Cola 1L",815.001,Tersedia,2025-07-12 01:35:15
"KFC, Manyar Kertoarjo",Cream Soup,1 Porsi Cream Soup,12.500,Tersedia,2025-07-12 01:34:03
"KFC, Manyar Kertoarjo",Spaghetti deluxe,1 Porsi Spaghetti Deluxe,12.500,Tersedia,2025-07-12 01:34:03
"KFC, Manyar Kertoarjo",Spaghetti Supreme,1 Porsi Spaghetti Supreme,23.000,Tersedia,2025-07-12 01:34:03
"KFC, Manyar Kertoarjo",Crispy Burger,1pc Crispy Burger,18.500,Tersedia,2025-07-12 01:34:03
"KFC, Manyar Kertoarjo",Snack Bucket BBQ 1,1 Porsi French Fries Large + 4 pcs Chicken Strips + 1 KFC Winger + 6 pcs Chicken Balls + Bumbu BBQ,92.500,Tersedia,2025-07-12 01:34:03
"KFC, Manyar Kertoarjo",KFC Puas Burger,Crispy Burger + Softdrink Reguler,15.000,Tersedia,2025-07-12 01:34:03
"KFC, Manyar Kertoarjo",KFC Puas Noodle,Noodle + Softdrink Reguler,15.000,Tersedia,2025-07-12 01:34:03
"KFC, Manyar Kertoarjo",KFC Puas Nasi Uduk,Nasi Uduk + Softdrink Reguler,15.000,Tersedia,2025-07-12 01:34:03
"KFC, Manyar Kertoarjo",Klepon Float,1 Klepon Float,19.500,Tersedia,2025-07-12 01:34:03
"KFC, Manyar Kertoarjo",LDR Package,1Pc Chicken + 1Rice + 1 Coke Zero Reg,26.500,Tersedia,2025-07-12 01:34:03
"KFC, Manyar Kertoarjo",Triple Treat,3Pc Chicken + 3Rice + 3 Fanta Reguler,69.000,Tersedia,2025-07-12 01:34:03
"KFC, Manyar Kertoarjo",Combo Latte 1,1 Pc Chicken + 1 Rice + 1 Spaghetti Deluxe New + 1 Ice Latte Nescafe,50.000,Tersedia,2025-07-12 01:34:03
"KFC, Manyar Kertoarjo",Combo Latte 2,1 Pc Chicken + 1 Crispy Burger + 1 Ice Latte Nescafe,42.500,Tersedia,2025-07-12 01:34:03
"KFC, Manyar Kertoarjo",Nasi Uduk,Nasi Uduk,20.500,Tersedia,2025-07-12 01:34:03
"KFC, Manyar Kertoarjo",Nasi Uduk+Telur Dadar,1 Nasi Uduk + 1 Telur Dadar,26.500,Tersedia,2025-07-12 01:34:03
"KFC, Manyar Kertoarjo",Sup Tahu Bakso,2 Tahu Bakso,16.000,Tersedia,2025-07-12 01:34:03
"KFC, Manyar Kertoarjo",KFC Noodle,1 porsi KFC Noodle,16.000,Tersedia,2025-07-12 01:34:03
"KFC, Manyar Kertoarjo",Add On Sambal Bawang,1 Sambal Bawang Sachet,3.000,Tersedia,2025-07-12 01:34:03
"KFC, Manyar Kertoarjo",Don Series With Egg,1 porsi Don Series  + 1 Egg,26.000,Tersedia,2025-07-12 01:34:03
"KFC, Manyar Kertoarjo",Hot Chocolate Nescafe,Hot Chocolate Nescafe,15.500,Tersedia,2025-07-12 01:34:03
"KFC, Manyar Kertoarjo",Iced Chocolate Float Nescafe,Iced Chocolate Float Nescafe,19.500,Tersedia,2025-07-12 01:34:03
"KFC, Manyar Kertoarjo",Avocado Float,Avocado Float,17.500,Tersedia,2025-07-12 01:34:03
"KFC, Manyar Kertoarjo",Super Komplit 1,1 Crispy Burger + Half Winger + 1 French Fries Reg + 1 Fanta Reguler,55.000,Tersedia,2025-07-12 01:34:03
"KFC, Manyar Kertoarjo",Super Komplit 2,1 Pc Chicken + 1 Rice + 1 Cream Soup + 1 Mocha Float,49.000,Tersedia,2025-07-12 01:34:03
"KFC, Manyar Kertoarjo",Super Komplit 3,1 Pc Chicken + 1 Rice  + 1 porsi Chicken Strips + 1 Mocha Float,54.500,Tersedia,2025-07-12 01:34:03
"KFC, Manyar Kertoarjo",Super Komplit 4,1 Pc Chicken + 1 Rice + 1 Colonel Burger + 1 Mocha Float,64.000,Tersedia,2025-07-12 01:34:03
"KFC, Manyar Kertoarjo",Super Family,5 Pcs Chicken + 3 Pcs Rice + 3 Fanta Medium,139.000,Tersedia,2025-07-12 01:34:03
"KFC, Manyar Kertoarjo",Super Besar 1,1 pc Chicken + 1 Rice + 1 Coca-Cola Medium,40.500,Tersedia,2025-07-12 01:34:03
"KFC, Manyar Kertoarjo",Super Besar 2,2 pc Chicken + 1 Rice + 1 Coca-Cola Medium,53.500,Tersedia,2025-07-12 01:34:03
"KFC, Manyar Kertoarjo",Breakfast Combo 1,1 Original Porridge + Hot Tea / Hot Coffee,15.000,Tersedia,2025-07-12 01:34:03
"KFC, Manyar Kertoarjo",Breakfast Combo 2,1 Chicken Porridge + Hot Tea / Hot Coffee,23.500,Tersedia,2025-07-12 01:34:03
"KFC, Manyar Kertoarjo",Kombo Colonel Burger,1  Colonel Burger  + 1 French Fries Reguler + 1 Fanta Reguler,58.000,Tersedia,2025-07-12 01:34:03
"KFC, Manyar Kertoarjo",Kombo Crispy Burger,1  Crispy Burger + 1 French Fries Reguler + 1 Fanta Reguler,44.500,Tersedia,2025-07-12 01:34:03
"KFC, Manyar Kertoarjo",Kombo Single SuperStar,1 Pc Chicken + 1 Rice + 1 Fanta Reguler + 1 CD / CD Digital,71.000,Tersedia,2025-07-12 01:34:03
"KFC, Manyar Kertoarjo",Kombo Duo SuperStar,2 pcs Chicken + 2 Rice + 1 Fanta Reguler + 1 Fun Fries BBQ + 1 Mocha Float + 1 CD,106.500,Tersedia,2025-07-12 01:34:03
"KFC, Manyar Kertoarjo",Kombo Triple SuperStar,4 Chicken + 3 Rice + 3 Fanta Reguler + 3 KFC Soup + 1 CD,172.500,Tersedia,2025-07-12 01:34:03
"KFC, Manyar Kertoarjo",9 Pcs Chicken Bucket,9 Potong Ayam,179.000,Tersedia,2025-07-12 01:34:03
"KFC, Manyar Kertoarjo",Winger Bucket,7 Pcs Half winger,106.000,Tersedia,2025-07-12 01:34:03
"KFC, Manyar Kertoarjo",Snack Bucket BBQ 1,1 Porsi French Fries Large + 4 pcs Chicken Strips + 1 KFC Winger + 6 pcs Chicken Balls + Bumbu BBQ,92.500,Tersedia,2025-07-12 01:34:03
"KFC, Manyar Kertoarjo",Snack Bucket BBQ 2,1 Porsi French Fries Large + 2 pcs Chicken Strips + 1 KFC Winger + 6 pcs Chicken Balls + Bumbu BBQ,78.500,Tersedia,2025-07-12 01:34:03
"KFC, Manyar Kertoarjo",1 Pc Chicken,1pc Chicken,23.500,Tersedia,2025-07-12 01:34:03
"KFC, Manyar Kertoarjo",3 Pcs Chicken,3 Pcs Chicken,68.500,Tersedia,2025-07-12 01:34:03
"KFC, Manyar Kertoarjo",5 Pcs Chicken,5 Pcs Chicken,112.500,Tersedia,2025-07-12 01:34:03
"KFC, Manyar Kertoarjo",KFC Winger,KFC Winger,28.000,Tersedia,2025-07-12 01:34:03
"KFC, Manyar Kertoarjo",Crispy Strips,2pcs Chicken Strips,21.000,Tersedia,2025-07-12 01:34:03
"KFC, Manyar Kertoarjo",Rice,Rice,11.000,Tersedia,2025-07-12 01:34:03
"KFC, Manyar Kertoarjo",Winger BBQ,Winger BBQ,32.000,Tersedia,2025-07-12 01:34:03
"KFC, Manyar Kertoarjo",Perkedel,1pc Perkedel,11.000,Tersedia,2025-07-12 01:34:03
"KFC, Manyar Kertoarjo",Telur Dadar,Telur Dadar,12.000,Tersedia,2025-07-12 01:34:03
"KFC, Manyar Kertoarjo",Colonel Burger,1pc Colonel Burger,33.500,Tersedia,2025-07-12 01:34:03
"KFC, Manyar Kertoarjo",Chick Ball BBQ,6pcs Chicken Balls Barbeque,17.000,Tersedia,2025-07-12 01:34:03
"KFC, Manyar Kertoarjo",Twisty,1pc Twisty,21.000,Tersedia,2025-07-12 01:34:03
"KFC, Manyar Kertoarjo",Fun Fries,Fun Fries,29.000,Tersedia,2025-07-12 01:34:03
"KFC, Manyar Kertoarjo",French Fries Reguler,French Fries Reguler,22.500,Tersedia,2025-07-12 01:34:03
"KFC, Manyar Kertoarjo",French Fries Large,French Fries Large,28.000,Tersedia,2025-07-12 01:34:03
"KFC, Manyar Kertoarjo",Pudding,Pudding,9.500,Tersedia,2025-07-12 01:34:03
"KFC, Manyar Kertoarjo",Tote Bag,1 pc Tote Bag/Kantong Ramah Lingkungan Cukup untuk 2 Bucket Besar KFC,5.000,Tersedia,2025-07-12 01:34:03
"KFC, Manyar Kertoarjo",Spaghetti Supreme,1 Porsi Spaghetti Supreme,23.000,Tersedia,2025-07-12 01:34:03
"KFC, Manyar Kertoarjo",Kolak Alacarte,1 Pcs Kolak Alacarte,9.500,Tersedia,2025-07-12 01:34:03
"KFC, Manyar Kertoarjo",Yakiniku Don,1 Porsi Yakiniku Don,20.500,Tersedia,2025-07-12 01:34:03
"KFC, Manyar Kertoarjo",Spaghetti deluxe,1 Porsi Spaghetti Deluxe,12.500,Tersedia,2025-07-12 01:34:03
"KFC, Manyar Kertoarjo",KFC Soup,1 Prosi KFC Soup,12.500,Tersedia,2025-07-12 01:34:03
"KFC, Manyar Kertoarjo",Cream Soup,1 Porsi Cream Soup,12.500,Tersedia,2025-07-12 01:34:03
"KFC, Manyar Kertoarjo",Mango Float,Mango Float,13.000,Tersedia,2025-07-12 01:34:03
"KFC, Manyar Kertoarjo",Mocha Float,Mocha Float,17.500,Tersedia,2025-07-12 01:34:03
"KFC, Manyar Kertoarjo",Crispy Burger,1pc Crispy Burger,18.500,Tersedia,2025-07-12 01:34:03
"KFC, Manyar Kertoarjo",Oriental Don,1 Porsi Oriental Don,20.500,Tersedia,2025-07-12 01:34:03
"KFC, Manyar Kertoarjo",Klepon Coffe Float,1 Klepon Coffe Float,19.500,Tersedia,2025-07-12 01:34:03
"KFC, Manyar Kertoarjo",Cola Float,Cola Float,11.500,Tersedia,2025-07-12 01:34:03
"KFC, Manyar Kertoarjo",Fanta Float,Fanta Float,11.500,Tersedia,2025-07-12 01:34:03
"KFC, Manyar Kertoarjo",Sprite Float,Sprite Float,11.500,Tersedia,2025-07-12 01:34:03
"KFC, Manyar Kertoarjo",Coca Cola Zero Medium,Coca – Cola Zero Medium,13.500,Tersedia,2025-07-12 01:34:03
"KFC, Manyar Kertoarjo",Coca Cola,Coca-Cola,13.500,Tersedia,2025-07-12 01:34:03
"KFC, Manyar Kertoarjo",Sprite,Sprite,13.500,Tersedia,2025-07-12 01:34:03
"KFC, Manyar Kertoarjo",Fanta,Fanta,13.500,Tersedia,2025-07-12 01:34:03
"KFC, Manyar Kertoarjo",Mineral Water,Mineral Water,10.000,Tersedia,2025-07-12 01:34:03
"RM Sederhana SA, Kertajaya Indah 100",Nasi Rames,"Nasi putih, sayur, sambel ijo, lalap daun singkong, timun, dengan pilihan lauk",34.822,Tersedia,2025-07-12 01:34:47
"RM Sederhana SA, Kertajaya Indah 100",Martabak Mesir,N/A,79.140,Tersedia,2025-07-12 01:34:47
"RM Sederhana SA, Kertajaya Indah 100",Rendang Daging,N/A,44.318,Tersedia,2025-07-12 01:34:47
"RM Sederhana SA, Kertajaya Indah 100",Paket 1 (Rendang),"Nasi + Rendang + Sayur Nangka + Sambal Hijau + Lalap Daun Singkong, Timun + Kerupuk",60.146,Tersedia,2025-07-12 01:34:47
"RM Sederhana SA, Kertajaya Indah 100",Sate Padang,N/A,63.312,Tersedia,2025-07-12 01:34:47
"RM Sederhana SA, Kertajaya Indah 100",Explorasa - Bundle Makanan A,Nasi rames ayam panas + nasi rames ayam gulai + nasi rames telor dadar,98.958,Tersedia,2025-07-12 01:34:47
"RM Sederhana SA, Kertajaya Indah 100",Explorasa - Bundle Makanan B,Nasi rames ayam panas + nasi rames ayam gulai,72.797,Tersedia,2025-07-12 01:34:47
"RM Sederhana SA, Kertajaya Indah 100",Explorasa - Bundle Paket Minum A,Nasi ayam panas + es teh manis / tawar,48.018,Tersedia,2025-07-12 01:34:47
"RM Sederhana SA, Kertajaya Indah 100",Nasi Rames,"Nasi putih, sayur, sambel ijo, lalap daun singkong, timun, dengan pilihan lauk",34.822,Tersedia,2025-07-12 01:34:47
"RM Sederhana SA, Kertajaya Indah 100",Nasi Putih,N/A,18.943,Tersedia,2025-07-12 01:34:47
"RM Sederhana SA, Kertajaya Indah 100",Nasi Sayur,N/A,26.619,Tersedia,2025-07-12 01:34:47
"RM Sederhana SA, Kertajaya Indah 100",Ayam,N/A,39.569,Tersedia,2025-07-12 01:34:47
"RM Sederhana SA, Kertajaya Indah 100",Rendang Daging,N/A,44.318,Tersedia,2025-07-12 01:34:47
"RM Sederhana SA, Kertajaya Indah 100",Dendeng,N/A,42.736,Tersedia,2025-07-12 01:34:47
"RM Sederhana SA, Kertajaya Indah 100",Gulai Kikil,N/A,44.318,Tersedia,2025-07-12 01:34:47
"RM Sederhana SA, Kertajaya Indah 100",Gulai Otak,N/A,41.152,Tersedia,2025-07-12 01:34:47
"RM Sederhana SA, Kertajaya Indah 100",Gulai Ati/ Limpa,N/A,37.987,Tersedia,2025-07-12 01:34:47
"RM Sederhana SA, Kertajaya Indah 100",Paru,N/A,37.987,Tersedia,2025-07-12 01:34:47
"RM Sederhana SA, Kertajaya Indah 100",Gulai Cincang,N/A,63.312,Tersedia,2025-07-12 01:34:47
"RM Sederhana SA, Kertajaya Indah 100",Ikan Tengiri,N/A,42.736,Tersedia,2025-07-12 01:34:47
"RM Sederhana SA, Kertajaya Indah 100",Gulai Telor Ikan,N/A,42.736,Tersedia,2025-07-12 01:34:47
"RM Sederhana SA, Kertajaya Indah 100",Gulai Kepala Kakap,N/A,182.021,Tersedia,2025-07-12 01:34:47
"RM Sederhana SA, Kertajaya Indah 100",Gulai Babat,N/A,39.569,Tersedia,2025-07-12 01:34:47
"RM Sederhana SA, Kertajaya Indah 100",Gulai Usus Isi,N/A,39.569,Tersedia,2025-07-12 01:34:47
"RM Sederhana SA, Kertajaya Indah 100",Telor,N/A,23.743,Tersedia,2025-07-12 01:34:47
"RM Sederhana SA, Kertajaya Indah 100",Perkedel,N/A,23.743,Tersedia,2025-07-12 01:34:47
"RM Sederhana SA, Kertajaya Indah 100",Telor Barendo,Telor Dadar Krispi Khas Masakan Padang,39.569,Tersedia,2025-07-12 01:34:47
"RM Sederhana SA, Kertajaya Indah 100",Sambal Kentang Telor Puyuh,N/A,31.656,Tersedia,2025-07-12 01:34:47
"RM Sederhana SA, Kertajaya Indah 100",Sambal Goreng Udang,N/A,47.484,Tersedia,2025-07-12 01:34:47
"RM Sederhana SA, Kertajaya Indah 100",Sambal Goreng Ati,N/A,34.822,Tersedia,2025-07-12 01:34:47
"RM Sederhana SA, Kertajaya Indah 100",Sambal Terong Pete,N/A,26.907,Tersedia,2025-07-12 01:34:47
"RM Sederhana SA, Kertajaya Indah 100",Sambal Teri pete,N/A,26.907,Tersedia,2025-07-12 01:34:47
"RM Sederhana SA, Kertajaya Indah 100",Sambal Hijau,N/A,15.828,Tersedia,2025-07-12 01:34:47
"RM Sederhana SA, Kertajaya Indah 100",Lalap Daun Singkong,N/A,22.159,Tersedia,2025-07-12 01:34:47
"RM Sederhana SA, Kertajaya Indah 100",Sayur,N/A,22.159,Tersedia,2025-07-12 01:34:47
"RM Sederhana SA, Kertajaya Indah 100",Sayur Tumis,N/A,22.159,Tersedia,2025-07-12 01:34:47
"RM Sederhana SA, Kertajaya Indah 100",Nasi Goreng Padang,N/A,47.484,Tersedia,2025-07-12 01:34:47
"RM Sederhana SA, Kertajaya Indah 100",Mie Goreng Padang,N/A,47.484,Tersedia,2025-07-12 01:34:47
"RM Sederhana SA, Kertajaya Indah 100",Mie Rebus Padang,N/A,47.484,Tersedia,2025-07-12 01:34:47
"RM Sederhana SA, Kertajaya Indah 100",Gulai Cumi,N/A,63.312,Tersedia,2025-07-12 01:34:47
"RM Sederhana SA, Kertajaya Indah 100",Ikan Kembung Bakar,N/A,39.569,Tersedia,2025-07-12 01:34:47
"RM Sederhana SA, Kertajaya Indah 100",Bawal Bakar,N/A,55.397,Tersedia,2025-07-12 01:34:47
"RM Sederhana SA, Kertajaya Indah 100",Sambal Goreng Jengkol,N/A,31.656,Tersedia,2025-07-12 01:34:47
"RM Sederhana SA, Kertajaya Indah 100",Teri Balado,N/A,30.074,Tersedia,2025-07-12 01:34:47
"RM Sederhana SA, Kertajaya Indah 100",Ikan Bilis,Ikan Asin Khas Danau,47.484,Tersedia,2025-07-12 01:34:47
"RM Sederhana SA, Kertajaya Indah 100",Martabak Mesir,N/A,79.140,Tersedia,2025-07-12 01:34:47
"RM Sederhana SA, Kertajaya Indah 100",Sate Padang,N/A,63.312,Tersedia,2025-07-12 01:34:47
"RM Sederhana SA, Kertajaya Indah 100",Soto Padang,"Bihun, perkedel, irisan daging sapi kering, kuah kaldu",39.569,Tersedia,2025-07-12 01:34:47
"RM Sederhana SA, Kertajaya Indah 100",Roti Cane,N/A,39.569,Tersedia,2025-07-12 01:34:47
"RM Sederhana SA, Kertajaya Indah 100",Sop Buntut,N/A,63.312,Tersedia,2025-07-12 01:34:47
"RM Sederhana SA, Kertajaya Indah 100",Rendang Paru,N/A,158.280,Tersedia,2025-07-12 01:34:47
"RM Sederhana SA, Kertajaya Indah 100",Rendang 1 kg,N/A,565.851,Tersedia,2025-07-12 01:34:47
"RM Sederhana SA, Kertajaya Indah 100",Keripik Balado,N/A,71.227,Tersedia,2025-07-12 01:34:47
"RM Sederhana SA, Kertajaya Indah 100",Aneka Buah Potong,N/A,55.397,Tersedia,2025-07-12 01:34:47
"RM Sederhana SA, Kertajaya Indah 100",Kerupuk Kuah Gulai,N/A,34.821,Tersedia,2025-07-12 01:34:47
"RM Sederhana SA, Kertajaya Indah 100",Pudding Gula Merah,N/A,17.410,Tersedia,2025-07-12 01:34:47
"RM Sederhana SA, Kertajaya Indah 100",Ketupat Sayur + Telur,N/A,39.569,Tersedia,2025-07-12 01:34:47
"RM Sederhana SA, Kertajaya Indah 100",Paket 1 (Rendang),"Nasi + Rendang + Sayur Nangka + Sambal Hijau + Lalap Daun Singkong, Timun + Kerupuk",60.146,Tersedia,2025-07-12 01:34:47
"RM Sederhana SA, Kertajaya Indah 100",Paket 2 (AYAM),"Nasi + Ayam + Sayur Nangka + Sambal Hijau + Lalap Daun Singkong, Timun + Kerupuk",55.397,Tersedia,2025-07-12 01:34:47
"RM Sederhana SA, Kertajaya Indah 100",Paket 3 (RENDANG+TELUR),"Nasi + Rendang + Telor + Sayur Nangka + Sambal Hijau + Lalap Daun Singkong, Timun + Kerupuk",82.982,Tersedia,2025-07-12 01:34:47
"RM Sederhana SA, Kertajaya Indah 100",Paket 4 (AYAM+TELUR),"Nasi + Ayam + Telor + Sayur Nangka + Sambal Hijau + Lalap Daun Singkong, Timun + Kerupuk",78.349,Tersedia,2025-07-12 01:34:47
"RM Sederhana SA, Kertajaya Indah 100",Paket 5 (AYAM+RENDANG),"Nasi + Rendang + Ayam + Sayur Nangka + Sambal Hijau + Lalap Daun Singkong, Timun + Kerupuk",98.924,Tersedia,2025-07-12 01:34:47
"RM Sederhana SA, Kertajaya Indah 100",Paket 6 (RENDANG+AYAM+TELUR),"Nasi + Rendang + Ayam + Telor Sayur Nangka + Sambal Hijau + Lalap Daun Singkong, Timun + Kerupuk",121.533,Tersedia,2025-07-12 01:34:47
"RM Sederhana SA, Kertajaya Indah 100",Jus Durian,N/A,47.484,Tersedia,2025-07-12 01:34:47
"RM Sederhana SA, Kertajaya Indah 100",Jus Sari Buah,N/A,47.484,Tersedia,2025-07-12 01:34:47
"RM Sederhana SA, Kertajaya Indah 100",Jus Tomat,N/A,34.822,Tersedia,2025-07-12 01:34:47
"RM Sederhana SA, Kertajaya Indah 100",Jus Melon,N/A,34.822,Tersedia,2025-07-12 01:34:47
"RM Sederhana SA, Kertajaya Indah 100",Jus Nanas,N/A,34.822,Tersedia,2025-07-12 01:34:47
"RM Sederhana SA, Kertajaya Indah 100",Jus Pepaya,N/A,34.822,Tersedia,2025-07-12 01:34:47
"RM Sederhana SA, Kertajaya Indah 100",Jus Timun,N/A,34.822,Tersedia,2025-07-12 01:34:47
"RM Sederhana SA, Kertajaya Indah 100",Jus Alpokat,N/A,39.569,Tersedia,2025-07-12 01:34:47
"RM Sederhana SA, Kertajaya Indah 100",Jus Mangga,N/A,39.569,Tersedia,2025-07-12 01:34:47
"RM Sederhana SA, Kertajaya Indah 100",Jus Sirsak,N/A,47.484,Tersedia,2025-07-12 01:34:47
"RM Sederhana SA, Kertajaya Indah 100",Jus Nangka,N/A,34.822,Tersedia,2025-07-12 01:34:47
"RM Sederhana SA, Kertajaya Indah 100",Jus Wortel,N/A,34.822,Tersedia,2025-07-12 01:34:47
"RM Sederhana SA, Kertajaya Indah 100",Jus Orange,N/A,34.822,Tersedia,2025-07-12 01:34:47
"RM Sederhana SA, Kertajaya Indah 100",Jus Jambu,N/A,39.569,Tersedia,2025-07-12 01:34:47
"RM Sederhana SA, Kertajaya Indah 100",Jus Apel,N/A,34.822,Tersedia,2025-07-12 01:34:47
"RM Sederhana SA, Kertajaya Indah 100",Jus Belimbing,N/A,34.822,Tersedia,2025-07-12 01:34:47
"RM Sederhana SA, Kertajaya Indah 100",Jus Buah Naga,N/A,41.152,Tersedia,2025-07-12 01:34:47
"RM Sederhana SA, Kertajaya Indah 100",Jus Terong Belanda,N/A,47.484,Tersedia,2025-07-12 01:34:47
"RM Sederhana SA, Kertajaya Indah 100",Jeruk,N/A,30.302,Tersedia,2025-07-12 01:34:47
"RM Sederhana SA, Kertajaya Indah 100",Es Teh Tawar,N/A,11.079,Tersedia,2025-07-12 01:34:47
"RM Sederhana SA, Kertajaya Indah 100",Teh Manis,N/A,14.246,Tersedia,2025-07-12 01:34:47
"RM Sederhana SA, Kertajaya Indah 100",Teh Telor,N/A,47.484,Tersedia,2025-07-12 01:34:47
"RM Sederhana SA, Kertajaya Indah 100",Teh Susu,N/A,28.490,Tersedia,2025-07-12 01:34:47
"RM Sederhana SA, Kertajaya Indah 100",Kopi Telor,N/A,47.484,Tersedia,2025-07-12 01:34:47
"RM Sederhana SA, Kertajaya Indah 100",Kopi Susu,N/A,28.490,Tersedia,2025-07-12 01:34:47
"RM Sederhana SA, Kertajaya Indah 100",Kopi Hitam,N/A,23.743,Tersedia,2025-07-12 01:34:47
"RM Sederhana SA, Kertajaya Indah 100",Es Campur,N/A,39.569,Tersedia,2025-07-12 01:34:47
"RM Sederhana SA, Kertajaya Indah 100",Es Teler,N/A,39.569,Tersedia,2025-07-12 01:34:47
"RM Sederhana SA, Kertajaya Indah 100",Es Kelapa Muda,N/A,34.822,Tersedia,2025-07-12 01:34:47
"RM Sederhana SA, Kertajaya Indah 100",Teh Botol,N/A,14.246,Tersedia,2025-07-12 01:34:47
"RM Sederhana SA, Kertajaya Indah 100",Air Mineral Botol,N/A,11.079,Tersedia,2025-07-12 01:34:47
"RM Sederhana SA, Kertajaya Indah 100",Sprite,N/A,15.828,Tersedia,2025-07-12 01:34:47
"RM Sederhana SA, Kertajaya Indah 100",Coca Cola,N/A,15.828,Tersedia,2025-07-12 01:34:47
"RM Sederhana SA, Kertajaya Indah 100",Alpokat Kerok,N/A,47.484,Tersedia,2025-07-12 01:34:47
"RM Sederhana SA, Kertajaya Indah 100",Durian Kerok,N/A,47.484,Tersedia,2025-07-12 01:34:47
"RM Sederhana SA, Kertajaya Indah 100",Jus Kopyor,N/A,47.484,Tersedia,2025-07-12 01:34:47
"RM Sederhana SA, Kertajaya Indah 100",Kopyor Kerok,N/A,47.484,Tersedia,2025-07-12 01:34:47
"RM Sederhana SA, Kertajaya Indah 100",Soda Susu,N/A,31.656,Tersedia,2025-07-12 01:34:47
"RM Sederhana SA, Kertajaya Indah 100",Soda Gembira,N/A,31.656,Tersedia,2025-07-12 01:34:47
"RM Sederhana SA, Kertajaya Indah 100",Explorasa - Bundle Makanan A,Nasi rames ayam panas + nasi rames ayam gulai + nasi rames telor dadar,98.958,Tersedia,2025-07-12 01:34:47
"RM Sederhana SA, Kertajaya Indah 100",Explorasa - Bundle Makanan B,Nasi rames ayam panas + nasi rames ayam gulai,72.797,Tersedia,2025-07-12 01:34:47
"RM Sederhana SA, Kertajaya Indah 100",Explorasa - Bundle Paket Minum A,Nasi ayam panas + es teh manis / tawar,48.018,Tersedia,2025-07-12 01:34:47
