Points_Redeemed,Dollar_Cost_Points_Redeemed
438,79
685,123
464,84
581,105
828,149
832,150
365,66
644,116
468,84
353,64
555,100
579,104
770,139
325,59
720,130
454,82
509,92
397,71
523,94
608,109
551,99
551,99
742,134
481,87
499,90
386,69
570,103
493,89
310,56
364,66
458,82
667,120
632,114
489,88
358,64
387,70
547,98
444,80
450,81
315,57
450,81
600,108
371,67
312,56
680,122
436,78
784,141
565,102
622,112
488,88
612,110
483,87
558,100
628,113
484,87
531,96
740,133
625,113
796,143
421,76
654,118
787,142
457,82
503,91
817,147
639,115
473,85
565,102
329,59
388,70
580,104
509,92
487,88
660,119
556,100
563,101
535,96
564,102
545,98
507,91
549,99
413,74
392,71
476,86
460,83
415,75
423,76
484,87
457,82
463,83
423,76
612,110
430,77
531,96
475,86
421,76
655,118
427,77
794,143
505,91
449,81
370,67
415,75
549,99
339,61
635,114
565,102
379,68
415,75
521,94
404,73
580,104
544,98
747,134
482,87
638,115
612,110
437,79
324,58
422,76
561,101
595,107
525,95
607,109
553,100
717,129
400,72
449,81
449,81
475,86
565,102
756,136
536,96
381,69
386,69
683,123
439,79
526,95
646,116
345,62
456,82
485,87
594,107
510,92
467,84
387,70
718,129
474,85
477,86
449,81
520,94
525,95
529,95
693,125
353,64
560,101
433,78
452,81
374,67
380,68
832,150
571,103
377,68
505,91
412,74
569,102
337,61
333,60
536,96
393,71
581,105
675,122
434,78
502,90
389,70
567,102
367,66
588,106
524,94
800,144
343,62
431,78
378,68
485,87
365,66
589,106
533,96
360,65
377,68
433,78
596,107
477,86
383,69
318,57
563,101
546,98
511,92
413,74
683,123
481,87
683,123
467,84
506,91
612,110
488,88
558,100
487,88
493,89
512,92
580,104
483,87
637,115
580,104
492,89
398,72
370,67
364,66
505,91
640,115
598,108
648,117
497,89
543,98
509,92
419,75
861,155
598,108
465,84
785,141
463,83
765,138
531,96
752,135
401,72
381,69
362,65
596,107
570,103
727,131
430,77
704,127
470,85
563,101
645,116
521,94
798,144
339,61
468,84
599,108
579,104
454,82
757,136
329,59
466,84
586,105
581,105
586,105
579,104
469,84
399,72
400,72
427,77
403,73
561,101
576,104
583,105
576,104
670,121
722,130
543,98
540,97
400,72
833,150
453,82
650,117
562,101
597,107
401,72
617,111
409,74
692,125
312,56
525,95
430,77
513,92
415,75
672,121
300,54
500,90
375,68
627,113
497,89
511,92
442,80
325,59
497,89
322,58
609,110
728,131
406,73
606,109
646,116
532,96
495,89
497,89
639,115
526,95
300,54
537,97
445,80
365,66
544,98
479,86
506,91
736,132
618,111
572,103
520,94
364,66
423,76
531,96
351,63
669,120
643,116
584,105
449,81
672,121
637,115
331,60
443,80
441,79
416,75
701,126
426,77
548,99
574,103
562,101
533,96
423,76
521,94
499,90
579,104
575,104
421,76
541,97
726,131
486,87
569,102
658,118
531,96
688,124
501,90
656,118
508,91
323,58
616,111
645,116
582,105
612,110
411,74
375,68
353,64
382,69
362,65
655,118
339,61
460,83
486,87
516,93
471,85
499,90
344,62
500,90
805,145
367,66
513,92
391,70
510,92
503,91
402,72
484,87
706,127
391,70
539,97
731,132
367,66
516,93
639,115
556,100
364,66
648,117
681,123
473,85
815,147
651,117
581,105
443,80
445,80
753,136
436,78
331,60
542,98
428,77
391,70
575,104
659,119
395,71
438,79
502,90
379,68
429,77
798,144
408,73
401,72
320,58
503,91
463,83
640,115
470,85
470,85
554,100
515,93
494,89
561,101
445,80
476,86
782,141
717,129
492,89
423,76
523,94
328,59
513,92
748,135
523,94
508,91
535,96
545,98
520,94
554,100
375,68
325,59
334,60
519,93
425,77
410,74
446,80
613,110
570,103
462,83
507,91
350,63
409,74
703,127
393,71
664,120
388,70
398,72
785,141
475,86
434,78
726,131
760,137
323,58
374,67
505,91
527,95
671,121
491,88
552,99
600,108
426,77
585,105
574,103
452,81
589,106
618,111
535,96
747,134
713,128
444,80
543,98
398,72
445,80
382,69
405,73
404,73
522,94
719,129
704,127
403,73
463,83
499,90
574,103
669,120
381,69
336,60
527,95
559,101
418,75
800,144
657,118
514,93
471,85
515,93
526,95
391,70
701,126
413,74
605,109
414,75
625,113
702,126
475,86
577,104
615,111
474,85
413,74
323,58
492,89
564,102
485,87
367,66
531,96
407,73
474,85
382,69
690,124
532,96
328,59
356,64
471,85
423,76
544,98
377,68
321,58
686,123
517,93
409,74
451,81
301,54
510,92
464,84
353,64
411,74
529,95
433,78
503,91
447,80
596,107
500,90
615,111
702,126
589,106
389,70
353,64
582,105
616,111
336,60
844,152
580,104
541,97
527,95
469,84
571,103
522,94
499,90
563,101
447,80
602,108
455,82
412,74
524,94
339,61
593,107
505,91
468,84
377,68
540,97
402,72
448,81
691,124
543,98
543,98
411,74
489,88
839,151
836,150
433,78
464,84
331,60
420,76
567,102
461,83
464,84
472,85
380,68
353,64
568,102
481,87
340,61
501,90
520,94
517,93
364,66
535,96
679,122
530,95
454,82
382,69
526,95
354,64
416,75
309,56
531,96
467,84
611,110
344,62
409,74
311,56
581,105
578,104
483,87
398,72
546,98
589,106
352,63
367,66
473,85
393,71
469,84
440,79
673,121
682,123
501,90
495,89
597,107
513,92
798,144
436,78
457,82
579,104
670,121
575,104
449,81
575,104
793,143
547,98
489,88
503,91
419,75
501,90
355,64
503,91
588,106
572,103
531,96
521,94
485,87
378,68
444,80
406,73
452,81
297,53
692,125
377,68
392,71
588,106
374,67
737,133
441,79
360,65
614,111
541,97
513,92
414,75
399,72
585,105
744,134
534,96
404,73
630,113
519,93
588,106
619,111
419,75
792,143
466,84
342,62
771,139
462,83
343,62
672,121
554,100
432,78
538,97
416,75
495,89
477,86
758,136
593,107
386,69
831,150
516,93
404,73
308,55
738,133
370,67
382,69
773,139
363,65
403,73
326,59
827,149
601,108
443,80
362,65
534,96
766,138
376,68
362,65
520,94
418,75
453,82
471,85
783,141
469,84
413,74
504,91
456,82
663,119
668,120
405,73
657,118
615,111
385,69
787,142
330,59
486,87
689,124
367,66
462,83
594,107
400,72
568,102
570,103
434,78
480,86
489,88
457,82
747,134
606,109
659,119
622,112
486,87
504,91
366,66
553,100
637,115
569,102
563,101
828,149
629,113
345,62
521,94
477,86
532,96
444,80
639,115
389,70
438,79
456,82
438,79
584,105
477,86
402,72
503,91
664,120
603,109
522,94
317,57
682,123
523,94
434,78
459,83
363,65
597,107
510,92
343,62
785,141
695,125
678,122
568,102
468,84
653,118
689,124
405,73
386,69
580,104
554,100
390,70
473,85
381,69
769,138
355,64
419,75
623,112
617,111
407,73
430,77
697,125
749,135
621,112
574,103
434,78
358,64
574,103
540,97
528,95
455,82
498,90
383,69
344,62
299,54
448,81
465,84
336,60
634,114
411,74
379,68
875,158
443,80
565,102
787,142
426,77
347,62
452,81
756,136
476,86
615,111
450,81
502,90
455,82
503,91
476,86
740,133
686,123
355,64
365,66
520,94
550,99
595,107
464,84
327,59
392,71
626,113
607,109
701,126
797,143
598,108
625,113
391,70
593,107
562,101
554,100
497,89
300,54
367,66
606,109
440,79
496,89
429,77
418,75
413,74
517,93
475,86
599,108
705,127
339,61
387,70
407,73
500,90
390,70
559,101
739,133
337,61
586,105
368,66
397,71
420,76
571,103
533,96
416,75
557,100
516,93
656,118
356,64
341,61
566,102
436,78
584,105
544,98
700,126
481,87
582,105
340,61
593,107
370,67
410,74
409,74
826,149
737,133
578,104
604,109
653,118
438,79
637,115
842,152
458,82
490,88
462,83
603,109
432,78
678,122
355,64
472,85
440,79
461,83
534,96
758,136
379,68
531,96
476,86
565,102
736,132
582,105
683,123
516,93
465,84
394,71
534,96
458,82
356,64
614,111
446,80
604,109
531,96
792,143
515,93
554,100
628,113
374,67
506,91
408,73
388,70
504,91
414,75
324,58
592,107
561,101
569,102
432,78
556,100
562,101
429,77
412,74
619,111
439,79
353,64
351,63
839,151
537,97
466,84
723,130
639,115
553,100
466,84
542,98
440,79
554,100
322,58
365,66
582,105
362,65
556,100
667,120
523,94
403,73
602,108
445,80
449,81
677,122
548,99
443,80
553,100
699,126
686,123
523,94
737,133
645,116
390,70
852,153
720,130
723,130
465,84
588,106
403,73
605,109
328,59
481,87
739,133
485,87
530,95
330,59
707,127
432,78
393,71
547,98
376,68
481,87
625,113
336,60
516,93
424,76
650,117
567,102
515,93
581,105
423,76
521,94
432,78
457,82
528,95
471,85
512,92
714,129
544,98
377,68
367,66
473,85
719,129
600,108
457,82
340,61
372,67
641,115
728,131
369,66
466,84
491,88
489,88
547,98
670,121
421,76
628,113
313,56
412,74
345,62
591,106
557,100
528,95
325,59
565,102
514,93
474,85
444,80
510,92
681,123
648,117
385,69
542,98
396,71
470,85
460,83
517,93
311,56
580,104
590,106
470,85
474,85
503,91
420,76
762,137
356,64
506,91
396,71
618,111
719,129
488,88
439,79
459,83
444,80
560,101
430,77
525,95
464,84
505,91
446,80
388,70
518,93
475,86
491,88
438,79
564,102
466,84
485,87
669,120
424,76
487,88
407,73
401,72
694,125
553,100
365,66
425,77
661,119
409,74
461,83
740,133
480,86
418,75
292,53
313,56
519,93
593,107
362,65
413,74
477,86
344,62
535,96
618,111
438,79
645,116
424,76
396,71
385,69
509,92
457,82
531,96
487,88
365,66
766,138
533,96
363,65
696,125
536,96
585,105
423,76
492,89
512,92
779,140
549,99
418,75
370,67
456,82
418,75
417,75
443,80
439,79
485,87
645,116
435,78
561,101
606,109
450,81
452,81
472,85
664,120
337,61
676,122
387,70
807,145
587,106
372,67
491,88
539,97
598,108
496,89
374,67
561,101
809,146
438,79
447,80
394,71
715,129
656,118
514,93
572,103
504,91
394,71
422,76
571,103
624,112
810,146
346,62
616,111
808,145
452,81
497,89
358,64
325,59
794,143
660,119
576,104
473,85
771,139
468,84
482,87
362,65
631,114
388,70
455,82
362,65
566,102
680,122
474,85
422,76
494,89
617,111
781,141
517,93
387,70
584,105
479,86
625,113
374,67
406,73
665,120
383,69
757,136
726,131
352,63
580,104
769,138
486,87
533,96
495,89
460,83
419,75
598,108
467,84
564,102
308,55
527,95
632,114
618,111
700,126
870,157
690,124
393,71
337,61
476,86
551,99
454,82
394,71
434,78
567,102
316,57
618,111
607,109
586,105
457,82
498,90
341,61
492,89
378,68
480,86
505,91
492,89
404,73
439,79
457,82
581,105
476,86
768,138
312,56
508,91
437,79
451,81
604,109
351,63
635,114
417,75
479,86
768,138
386,69
469,84
498,90
502,90
630,113
381,69
583,105
488,88
507,91
362,65
336,60
476,86
543,98
629,113
301,54
395,71
423,76
407,73
466,84
483,87
578,104
319,57
474,85
438,79
475,86
437,79
327,59
430,77
743,134
588,106
539,97
539,97
733,132
647,116
705,127
625,113
469,84
689,124
496,89
409,74
352,63
426,77
369,66
579,104
700,126
461,83
353,64
435,78
387,70
619,111
534,96
299,54
523,94
436,78
375,68
411,74
778,140
379,68
557,100
481,87
748,135
529,95
590,106
606,109
443,80
397,71
471,85
418,75
625,113
490,88
454,82
517,93
444,80
610,110
417,75
461,83
408,73
419,75
491,88
602,108
371,67
510,92
383,69
359,65
448,81
377,68
566,102
512,92
800,144
391,70
476,86
474,85
613,110
575,104
479,86
404,73
445,80
540,97
506,91
675,122
383,69
544,98
532,96
378,68
842,152
472,85
415,75
383,69
472,85
537,97
330,59
598,108
706,127
526,95
374,67
619,111
553,100
741,133
598,108
529,95
533,96
452,81
418,75
497,89
506,91
363,65
349,63
393,71
548,99
573,103
297,53
376,68
521,94
559,101
363,65
501,90
706,127
683,123
654,118
354,64
524,94
545,98
513,92
729,131
496,89
694,125
520,94
431,78
449,81
558,100
577,104
510,92
424,76
651,117
648,117
328,59
571,103
487,88
589,106
460,83
503,91
449,81
419,75
472,85
300,54
501,90
714,129
466,84
473,85
337,61
474,85
643,116
490,88
613,110
382,69
443,80
467,84
610,110
368,66
611,110
352,63
549,99
685,123
333,60
578,104
664,120
456,82
479,86
559,101
479,86
780,140
515,93
392,71
646,116
403,73
377,68
469,84
546,98
441,79
843,152
553,100
368,66
841,151
590,106
464,84
430,77
669,120
511,92
439,79
400,72
411,74
377,68
517,93
384,69
449,81
383,69
336,60
605,109
409,74
475,86
778,140
765,138
368,66
353,64
514,93
446,80
370,67
553,100
479,86
322,58
552,99
311,56
703,127
438,79
475,86
675,122
321,58
529,95
557,100
477,86
676,122
321,58
487,88
634,114
492,89
521,94
612,110
466,84
587,106
344,62
577,104
626,113
705,127
643,116
480,86
437,79
502,90
380,68
596,107
323,58
344,62
415,75
587,106
680,122
523,94
755,136
497,89
393,71
418,75
593,107
543,98
488,88
507,91
516,93
391,70
581,105
582,105
498,90
511,92
328,59
400,72
407,73
405,73
453,82
509,92
676,122
575,104
385,69
532,96
474,85
777,140
481,87
648,117
531,96
595,107
536,96
296,53
544,98
366,66
370,67
383,69
477,86
496,89
576,104
617,111
431,78
506,91
493,89
450,81
301,54
623,112
777,140
595,107
391,70
647,116
387,70
579,104
542,98
371,67
544,98
551,99
748,135
464,84
622,112
780,140
543,98
559,101
466,84
477,86
436,78
415,75
461,83
528,95
471,85
378,68
326,59
530,95
601,108
472,85
435,78
640,115
760,137
445,80
532,96
375,68
576,104
616,111
630,113
425,77
607,109
698,126
777,140
710,128
681,123
526,95
654,118
581,105
576,104
542,98
473,85
408,73
835,150
491,88
485,87
396,71
761,137
411,74
538,97
548,99
562,101
416,75
447,80
417,75
513,92
327,59
692,125
385,69
431,78
461,83
603,109
503,91
446,80
379,68
819,147
405,73
599,108
412,74
592,107
343,62
447,80
532,96
694,125
397,71
318,57
440,79
331,60
444,80
784,141
426,77
359,65
366,66
546,98
302,54
504,91
592,107
426,77
395,71
500,90
428,77
587,106
704,127
620,112
629,113
334,60
409,74
538,97
559,101
471,85
486,87
531,96
464,84
500,90
798,144
492,89
368,66
477,86
702,126
468,84
541,97
495,89
418,75
542,98
673,121
454,82
531,96
546,98
455,82
538,97
633,114
557,100
582,105
836,150
494,89
389,70
631,114
561,101
536,96
558,100
367,66
557,100
469,84
396,71
625,113
463,83
429,77
661,119
427,77
394,71
645,116
425,77
321,58
393,71
431,78
595,107
384,69
403,73
612,110
538,97
841,151
518,93
594,107
395,71
384,69
699,126
621,112
790,142
749,135
371,67
475,86
779,140
440,79
488,88
548,99
557,100
472,85
644,116
509,92
528,95
743,134
485,87
441,79
607,109
457,82
550,99
464,84
661,119
696,125
710,128
482,87
473,85
475,86
537,97
504,91
384,69
480,86
488,88
720,130
350,63
671,121
781,141
416,75
481,87
374,67
439,79
486,87
470,85
770,139
556,100
496,89
716,129
444,80
327,59
504,91
385,69
666,120
659,119
606,109
493,89
359,65
543,98
614,111
374,67
442,80
386,69
549,99
342,62
504,91
538,97
525,95
485,87
750,135
490,88
356,64
413,74
469,84
640,115
421,76
553,100
551,99
502,90
478,86
353,64
357,64
342,62
293,53
403,73
443,80
543,98
442,80
412,74
581,105
671,121
487,88
489,88
504,91
539,97
381,69
700,126
328,59
386,69
312,56
515,93
451,81
507,91
507,91
400,72
441,79
474,85
393,71
693,125
363,65
754,136
354,64
399,72
515,93
583,105
324,58
835,150
527,95
556,100
499,90
366,66
536,96
459,83
608,109
395,71
497,89
503,91
403,73
576,104
759,137
444,80
542,98
478,86
850,153
498,90
431,78
673,121
389,70
628,113
696,125
338,61
488,88
598,108
574,103
386,69
488,88
430,77
511,92
499,90
434,78
610,110
363,65
587,106
612,110
726,131
431,78
460,83
456,82
643,116
527,95
550,99
539,97
511,92
576,104
610,110
416,75
575,104
524,94
531,96
640,115
589,106
493,89
625,113
743,134
658,118
550,99
393,71
518,93
488,88
594,107
351,63
345,62
507,91
421,76
459,83
556,100
550,99
393,71
760,137
414,75
515,93
624,112
424,76
341,61
461,83
336,60
473,85
449,81
326,59
497,89
744,134
596,107
630,113
425,77
517,93
786,141
452,81
571,103
448,81
398,72
647,116
552,99
527,95
501,90
452,81
523,94
516,93
403,73
426,77
533,96
437,79
635,114
574,103
661,119
581,105
775,140
386,69
664,120
710,128
538,97
360,65
368,66
743,134
424,76
509,92
456,82
687,124
622,112
762,137
617,111
616,111
401,72
525,95
838,151
667,120
656,118
523,94
514,93
597,107
534,96
477,86
453,82
441,79
464,84
496,89
328,59
397,71
432,78
477,86
618,111
603,109
453,82
721,130
425,77
498,90
432,78
320,58
540,97
456,82
340,61
404,73
511,92
598,108
559,101
503,91
392,71
486,87
551,99
411,74
825,149
314,57
389,70
394,71
465,84
654,118
578,104
684,123
666,120
630,113
517,93
717,129
538,97
604,109
343,62
436,78
415,75
719,129
813,146
855,154
323,58
542,98
537,97
409,74
555,100
460,83
497,89
523,94
576,104
588,106
458,82
745,134
484,87
350,63
483,87
710,128
686,123
514,93
590,106
470,85
573,103
360,65
642,116
620,112
680,122
615,111
383,69
313,56
526,95
408,73
459,83
433,78
562,101
628,113
445,80
604,109
490,88
506,91
413,74
581,105
335,60
607,109
759,137
420,76
438,79
704,127
584,105
501,90
467,84
730,131
761,137
343,62
382,69
543,98
697,125
338,61
427,77
620,112
504,91
546,98
439,79
486,87
341,61
584,105
484,87
450,81
459,83
481,87
372,67
722,130
740,133
505,91
507,91
506,91
351,63
428,77
619,111
539,97
496,89
507,91
792,143
674,121
408,73
374,67
483,87
551,99
506,91
393,71
581,105
337,61
441,79
442,80
444,80
449,81
543,98
596,107
582,105
440,79
538,97
614,111
291,52
597,107
510,92
393,71
508,91
688,124
387,70
550,99
431,78
552,99
559,101
585,105
414,75
722,130
798,144
424,76
701,126
613,110
562,101
520,94
365,66
464,84
793,143
414,75
456,82
445,80
409,74
421,76
532,96
574,103
493,89
396,71
401,72
623,112
345,62
622,112
618,111
342,62
399,72
562,101
300,54
672,121
382,69
381,69
432,78
629,113
465,84
444,80
552,99
626,113
356,64
454,82
500,90
326,59
467,84
453,82
525,95
366,66
471,85
484,87
306,55
381,69
494,89
394,71
577,104
424,76
643,116
537,97
430,77
583,105
705,127
718,129
704,127
486,87
607,109
679,122
532,96
662,119
369,66
378,68
603,109
458,82
516,93
590,106
385,69
534,96
470,85
844,152
590,106
394,71
527,95
333,60
409,74
542,98
580,104
635,114
548,99
777,140
523,94
804,145
619,111
395,71
520,94
472,85
620,112
723,130
434,78
605,109
464,84
448,81
441,79
475,86
369,66
544,98
593,107
833,150
650,117
464,84
360,65
350,63
566,102
509,92
489,88
560,101
505,91
477,86
736,132
524,94
827,149
708,127
490,88
647,116
447,80
603,109
726,131
747,134
707,127
357,64
465,84
485,87
571,103
569,102
544,98
420,76
458,82
372,67
615,111
450,81
671,121
673,121
526,95
398,72
322,58
366,66
431,78
355,64
404,73
381,69
596,107
560,101
319,57
778,140
427,77
566,102
455,82
399,72
590,106
458,82
770,139
401,72
568,102
584,105
577,104
600,108
483,87
745,134
679,122
467,84
487,88
439,79
480,86
590,106
399,72
409,74
311,56
539,97
466,84
370,67
444,80
409,74
589,106
640,115
352,63
807,145
447,80
516,93
485,87
757,136
379,68
378,68
585,105
599,108
484,87
571,103
432,78
530,95
514,93
566,102
546,98
680,122
500,90
579,104
624,112
347,62
451,81
529,95
617,111
425,77
400,72
355,64
454,82
594,107
372,67
505,91
306,55
569,102
692,125
704,127
620,112
294,53
487,88
609,110
392,71
560,101
692,125
491,88
409,74
543,98
406,73
628,113
437,79
699,126
528,95
420,76
656,118
369,66
520,94
567,102
563,101
730,131
364,66
462,83
408,73
537,97
512,92
409,74
728,131
401,72
424,76
688,124
353,64
494,89
581,105
468,84
572,103
575,104
413,74
471,85
704,127
487,88
604,109
442,80
561,101
494,89
539,97
676,122
492,89
470,85
601,108
509,92
478,86
521,94
476,86
333,60
515,93
703,127
604,109
625,113
663,119
442,80
486,87
310,56
823,148
507,91
461,83
684,123
517,93
462,83
646,116
444,80
466,84
588,106
458,82
428,77
482,87
621,112
771,139
570,103
441,79
393,71
698,126
544,98
478,86
358,64
489,88
690,124
441,79
471,85
669,120
572,103
426,77
502,90
300,54
590,106
377,68
821,148
495,89
378,68
580,104
578,104
615,111
585,105
439,79
512,92
446,80
338,61
556,100
559,101
303,55
290,52
453,82
428,77
363,65
510,92
539,97
360,65
599,108
659,119
595,107
459,83
435,78
561,101
608,109
619,111
636,114
349,63
836,150
718,129
435,78
462,83
563,101
581,105
597,107
382,69
496,89
653,118
617,111
523,94
394,71
514,93
608,109
526,95
374,67
369,66
476,86
515,93
510,92
409,74
604,109
450,81
639,115
662,119
393,71
768,138
408,73
367,66
737,133
565,102
658,118
453,82
437,79
423,76
528,95
669,120
457,82
515,93
457,82
463,83
459,83
423,76
389,70
687,124
841,151
412,74
425,77
474,85
399,72
473,85
679,122
439,79
540,97
339,61
571,103
402,72
654,118
526,95
516,93
444,80
363,65
473,85
493,89
560,101
753,136
718,129
338,61
420,76
603,109
584,105
525,95
700,126
314,57
387,70
391,70
502,90
639,115
485,87
342,62
429,77
388,70
440,79
396,71
513,92
382,69
497,89
511,92
412,74
493,89
357,64
564,102
520,94
415,75
476,86
519,93
497,89
461,83
598,108
424,76
534,96
795,143
636,114
488,88
486,87
322,58
579,104
556,100
387,70
471,85
567,102
766,138
462,83
464,84
557,100
431,78
368,66
562,101
368,66
809,146
554,100
783,141
396,71
733,132
509,92
459,83
530,95
771,139
403,73
737,133
358,64
348,63
437,79
529,95
488,88
300,54
441,79
653,118
422,76
722,130
464,84
458,82
521,94
389,70
754,136
416,75
436,78
567,102
470,85
482,87
376,68
590,106
385,69
676,122
777,140
583,105
656,118
534,96
387,70
524,94
519,93
568,102
552,99
404,73
551,99
754,136
525,95
424,76
658,118
449,81
393,71
528,95
564,102
379,68
563,101
546,98
490,88
664,120
583,105
536,96
508,91
606,109
524,94
483,87
641,115
601,108
512,92
516,93
472,85
564,102
675,122
409,74
500,90
780,140
364,66
532,96
706,127
503,91
419,75
601,108
849,153
719,129
838,151
673,121
333,60
566,102
573,103
450,81
513,92
354,64
555,100
488,88
348,63
576,104
637,115
384,69
645,116
809,146
406,73
487,88
505,91
514,93
521,94
589,106
795,143
623,112
618,111
526,95
540,97
841,151
297,53
340,61
561,101
554,100
561,101
610,110
547,98
504,91
503,91
378,68
499,90
497,89
486,87
488,88
344,62
457,82
704,127
390,70
545,98
524,94
669,120
437,79
763,137
703,127
623,112
467,84
576,104
554,100
720,130
554,100
566,102
366,66
520,94
364,66
544,98
571,103
411,74
534,96
391,70
458,82
687,124
372,67
709,128
776,140
418,75
421,76
539,97
462,83
344,62
464,84
483,87
370,67
772,139
537,97
555,100
307,55
615,111
474,85
806,145
363,65
523,94
493,89
533,96
613,110
468,84
608,109
385,69
688,124
495,89
421,76
427,77
481,87
573,103
602,108
543,98
632,114
504,91
432,78
293,53
460,83
298,54
435,78
746,134
515,93
387,70
699,126
551,99
372,67
400,72
362,65
582,105
656,118
363,65
625,113
538,97
545,98
681,123
584,105
610,110
636,114
460,83
535,96
485,87
415,75
499,90
590,106
488,88
590,106
656,118
589,106
422,76
684,123
473,85
597,107
391,70
582,105
465,84
734,132
540,97
577,104
572,103
649,117
372,67
530,95
415,75
519,93
480,86
663,119
351,63
507,91
358,64
753,136
559,101
392,71
642,116
539,97
628,113
552,99
568,102
571,103
345,62
383,69
355,64
638,115
317,57
562,101
434,78
681,123
705,127
574,103
469,84
528,95
751,135
612,110
500,90
577,104
491,88
553,100
379,68
602,108
467,84
460,83
718,129
349,63
488,88
373,67
392,71
411,74
379,68
557,100
575,104
324,58
518,93
431,78
507,91
593,107
464,84
441,79
423,76
575,104
353,64
505,91
374,67
483,87
502,90
339,61
614,111
567,102
513,92
392,71
727,131
564,102
539,97
373,67
542,98
520,94
714,129
665,120
728,131
449,81
847,152
458,82
390,70
444,80
802,144
339,61
518,93
580,104
543,98
497,89
354,64
346,62
483,87
733,132
475,86
440,79
474,85
401,72
434,78
542,98
490,88
409,74
321,58
414,75
703,127
607,109
495,89
405,73
872,157
471,85
457,82
710,128
651,117
603,109
591,106
500,90
531,96
712,128
422,76
499,90
676,122
389,70
452,81
327,59
573,103
594,107
465,84
618,111
493,89
464,84
476,86
319,57
343,62
546,98
330,59
628,113
345,62
526,95
389,70
531,96
629,113
318,57
678,122
795,143
501,90
556,100
395,71
664,120
327,59
453,82
659,119
595,107
489,88
413,74
341,61
484,87
526,95
348,63
508,91
487,88
605,109
674,121
459,83
668,120
544,98
344,62
379,68
507,91
635,114
565,102
690,124
647,116
579,104
374,67
347,62
373,67
519,93
447,80
709,128
688,124
484,87
414,75
431,78
452,81
652,117
392,71
536,96
469,84
592,107
524,94
433,78
423,76
549,99
644,116
618,111
305,55
444,80
556,100
388,70
657,118
439,79
407,73
505,91
492,89
779,140
727,131
511,92
575,104
619,111
595,107
585,105
760,137
439,79
735,132
504,91
478,86
528,95
813,146
574,103
558,100
682,123
359,65
642,116
700,126
667,120
389,70
550,99
489,88
357,64
400,72
518,93
759,137
372,67
451,81
670,121
592,107
416,75
530,95
449,81
535,96
519,93
620,112
734,132
325,59
575,104
496,89
548,99
679,122
672,121
506,91
396,71
692,125
411,74
435,78
590,106
424,76
558,100
723,130
548,99
594,107
443,80
638,115
608,109
442,80
611,110
753,136
515,93
459,83
598,108
396,71
670,121
438,79
570,103
455,82
614,111
620,112
679,122
470,85
387,70
443,80
516,93
370,67
472,85
412,74
325,59
364,66
431,78
479,86
542,98
695,125
491,88
558,100
533,96
447,80
408,73
605,109
319,57
341,61
384,69
537,97
497,89
301,54
583,105
526,95
700,126
455,82
413,74
376,68
824,148
389,70
518,93
539,97
760,137
530,95
547,98
314,57
503,91
706,127
750,135
460,83
492,89
521,94
565,102
554,100
363,65
744,134
645,116
631,114
294,53
697,125
594,107
784,141
405,73
434,78
291,52
679,122
515,93
683,123
499,90
768,138
554,100
339,61
593,107
366,66
426,77
448,81
420,76
754,136
680,122
704,127
837,151
581,105
357,64
415,75
432,78
483,87
386,69
688,124
411,74
418,75
704,127
626,113
737,133
570,103
550,99
353,64
481,87
405,73
841,151
363,65
715,129
459,83
517,93
605,109
541,97
533,96
539,97
519,93
724,130
365,66
363,65
387,70
489,88
599,108
626,113
485,87
458,82
723,130
378,68
371,67
479,86
531,96
345,62
313,56
416,75
625,113
571,103
578,104
343,62
615,111
600,108
457,82
467,84
383,69
531,96
707,127
597,107
383,69
480,86
774,139
443,80
449,81
590,106
311,56
478,86
509,92
615,111
739,133
493,89
678,122
421,76
404,73
619,111
801,144
347,62
339,61
487,88
431,78
453,82
477,86
793,143
486,87
737,133
449,81
496,89
366,66
626,113
438,79
409,74
421,76
344,62
601,108
482,87
563,101
624,112
585,105
315,57
398,72
469,84
414,75
632,114
450,81
583,105
469,84
516,93
554,100
298,54
560,101
791,142
334,60
541,97
692,125
812,146
404,73
468,84
689,124
422,76
443,80
585,105
561,101
447,80
486,87
689,124
585,105
864,156
623,112
513,92
576,104
692,125
595,107
410,74
525,95
703,127
765,138
698,126
430,77
403,73
478,86
664,120
531,96
480,86
495,89
814,147
730,131
429,77
375,68
411,74
385,69
540,97
621,112
550,99
480,86
397,71
551,99
642,116
403,73
728,131
555,100
439,79
406,73
481,87
344,62
661,119
431,78
598,108
410,74
530,95
631,114
446,80
485,87
609,110
529,95
408,73
792,143
551,99
473,85
688,124
676,122
637,115
553,100
595,107
552,99
491,88
446,80
403,73
563,101
486,87
548,99
343,62
353,64
444,80
613,110
696,125
479,86
418,75
301,54
311,56
687,124
389,70
626,113
442,80
515,93
350,63
328,59
458,82
457,82
349,63
504,91
504,91
556,100
481,87
366,66
480,86
405,73
459,83
684,123
526,95
514,93
451,81
724,130
605,109
615,111
569,102
598,108
535,96
572,103
596,107
450,81
475,86
442,80
338,61
410,74
570,103
696,125
473,85
670,121
450,81
460,83
391,70
505,91
389,70
418,75
355,64
569,102
443,80
679,122
377,68
535,96
495,89
380,68
506,91
466,84
502,90
663,119
791,142
637,115
738,133
577,104
622,112
347,62
434,78
542,98
489,88
487,88
515,93
444,80
474,85
692,125
676,122
611,110
412,74
505,91
732,132
437,79
583,105
511,92
797,143
479,86
501,90
531,96
554,100
462,83
511,92
523,94
557,100
473,85
790,142
699,126
343,62
500,90
407,73
489,88
562,101
421,76
466,84
495,89
419,75
797,143
392,71
612,110
516,93
724,130
446,80
491,88
543,98
557,100
556,100
366,66
452,81
315,57
407,73
678,122
511,92
568,102
498,90
509,92
741,133
701,126
385,69
542,98
362,65
455,82
432,78
569,102
326,59
613,110
601,108
653,118
555,100
511,92
689,124
518,93
626,113
486,87
444,80
543,98
358,64
789,142
639,115
506,91
316,57
534,96
428,77
513,92
462,83
764,138
387,70
549,99
519,93
698,126
527,95
388,70
610,110
751,135
414,75
690,124
510,92
335,60
683,123
461,83
712,128
559,101
410,74
341,61
484,87
382,69
515,93
505,91
471,85
746,134
576,104
456,82
488,88
366,66
528,95
564,102
344,62
358,64
524,94
289,52
473,85
501,90
454,82
365,66
628,113
613,110
690,124
706,127
512,92
386,69
450,81
669,120
435,78
391,70
491,88
342,62
489,88
374,67
298,54
641,115
345,62
533,96
293,53
656,118
481,87
483,87
368,66
349,63
643,116
594,107
493,89
546,98
550,99
676,122
422,76
664,120
574,103
449,81
500,90
841,151
470,85
727,131
410,74
593,107
413,74
353,64
527,95
314,57
424,76
410,74
402,72
386,69
663,119
497,89
629,113
461,83
463,83
736,132
511,92
526,95
782,141
400,72
479,86
696,125
417,75
531,96
478,86
361,65
718,129
364,66
546,98
426,77
451,81
502,90
411,74
632,114
566,102
391,70
548,99
777,140
471,85
395,71
598,108
574,103
491,88
304,55
442,80
525,95
468,84
337,61
474,85
513,92
627,113
384,69
334,60
570,103
486,87
523,94
494,89
613,110
465,84
372,67
531,96
497,89
525,95
340,61
694,125
601,108
450,81
652,117
387,70
653,118
389,70
712,128
367,66
443,80
622,112
469,84
468,84
426,77
596,107
512,92
667,120
422,76
492,89
551,99
366,66
503,91
621,112
436,78
522,94
439,79
483,87
459,83
579,104
444,80
556,100
529,95
434,78
466,84
466,84
525,95
671,121
405,73
567,102
618,111
692,125
749,135
401,72
419,75
596,107
727,131
389,70
362,65
447,80
442,80
707,127
706,127
580,104
741,133
531,96
634,114
517,93
646,116
492,89
588,106
501,90
591,106
473,85
579,104
505,91
491,88
582,105
433,78
406,73
483,87
488,88
562,101
786,141
602,108
552,99
447,80
454,82
505,91
373,67
633,114
401,72
493,89
549,99
381,69
658,118
482,87
482,87
674,121
593,107
499,90
332,60
460,83
628,113
615,111
521,94
493,89
558,100
558,100
523,94
430,77
470,85
397,71
680,122
318,57
815,147
567,102
524,94
508,91
552,99
586,105
504,91
458,82
740,133
610,110
375,68
384,69
448,81
540,97
794,143
561,101
421,76
684,123
497,89
570,103
535,96
460,83
736,132
407,73
617,111
317,57
522,94
408,73
521,94
474,85
542,98
406,73
327,59
608,109
319,57
640,115
460,83
415,75
470,85
720,130
572,103
434,78
435,78
647,116
745,134
486,87
393,71
584,105
663,119
384,69
562,101
400,72
348,63
565,102
579,104
492,89
603,109
534,96
721,130
660,119
486,87
863,155
412,74
552,99
584,105
445,80
424,76
491,88
593,107
635,114
431,78
638,115
528,95
634,114
485,87
536,96
308,55
394,71
496,89
393,71
532,96
560,101
372,67
521,94
585,105
594,107
507,91
467,84
531,96
778,140
550,99
299,54
349,63
460,83
444,80
672,121
682,123
404,73
455,82
462,83
444,80
556,100
403,73
508,91
314,57
432,78
608,109
588,106
471,85
623,112
568,102
508,91
483,87
487,88
382,69
350,63
550,99
463,83
808,145
674,121
502,90
501,90
414,75
655,118
519,93
389,70
501,90
369,66
666,120
547,98
341,61
580,104
617,111
324,58
588,106
422,76
609,110
461,83
449,81
615,111
558,100
502,90
448,81
548,99
540,97
346,62
354,64
464,84
475,86
372,67
614,111
464,84
719,129
516,93
413,74
498,90
758,136
772,139
538,97
431,78
512,92
828,149
455,82
415,75
568,102
516,93
341,61
490,88
508,91
778,140
455,82
525,95
493,89
765,138
517,93
496,89
624,112
456,82
454,82
412,74
573,103
354,64
540,97
373,67
464,84
436,78
694,125
464,84
348,63
371,67
787,142
515,93
430,77
609,110
510,92
425,77
504,91
534,96
530,95
610,110
374,67
526,95
693,125
610,110
583,105
621,112
578,104
549,99
524,94
584,105
411,74
514,93
523,94
459,83
625,113
582,105
429,77
545,98
349,63
390,70
579,104
500,90
367,66
516,93
583,105
716,129
769,138
630,113
374,67
715,129
318,57
495,89
441,79
486,87
619,111
557,100
327,59
535,96
650,117
305,55
299,54
837,151
428,77
463,83
389,70
380,68
382,69
463,83
752,135
441,79
744,134
391,70
693,125
546,98
431,78
433,78
508,91
745,134
569,102
490,88
471,85
399,72
463,83
301,54
501,90
435,78
711,128
448,81
456,82
437,79
428,77
469,84
644,116
645,116
506,91
537,97
462,83
572,103
499,90
617,111
432,78
364,66
736,132
666,120
549,99
455,82
510,92
701,126
428,77
615,111
371,67
532,96
496,89
394,71
691,124
435,78
376,68
585,105
395,71
450,81
618,111
548,99
476,86
684,123
463,83
649,117
639,115
410,74
481,87
601,108
420,76
726,131
523,94
622,112
455,82
507,91
472,85
638,115
434,78
685,123
505,91
607,109
534,96
399,72
391,70
470,85
431,78
350,63
470,85
387,70
608,109
433,78
572,103
705,127
808,145
762,137
469,84
546,98
660,119
500,90
439,79
642,116
447,80
565,102
435,78
370,67
446,80
507,91
552,99
406,73
486,87
322,58
458,82
406,73
427,77
547,98
435,78
696,125
493,89
639,115
363,65
371,67
292,53
535,96
390,70
350,63
585,105
420,76
374,67
537,97
580,104
707,127
520,94
519,93
472,85
636,114
534,96
490,88
605,109
532,96
470,85
398,72
460,83
576,104
353,64
404,73
465,84
437,79
329,59
449,81
526,95
517,93
351,63
481,87
637,115
452,81
365,66
523,94
368,66
334,60
449,81
332,60
454,82
371,67
377,68
534,96
506,91
313,56
518,93
561,101
675,122
482,87
427,77
617,111
375,68
425,77
678,122
538,97
442,80
588,106
567,102
462,83
405,73
465,84
477,86
601,108
385,69
556,100
728,131
621,112
553,100
739,133
556,100
585,105
715,129
316,57
552,99
508,91
414,75
686,123
575,104
359,65
427,77
477,86
709,128
374,67
808,145
746,134
434,78
436,78
495,89
502,90
509,92
541,97
605,109
467,84
826,149
588,106
552,99
400,72
375,68
684,123
752,135
482,87
386,69
422,76
603,109
628,113
364,66
516,93
469,84
724,130
565,102
419,75
390,70
484,87
328,59
553,100
536,96
511,92
378,68
640,115
477,86
520,94
574,103
293,53
471,85
615,111
544,98
805,145
531,96
467,84
487,88
537,97
391,70
598,108
372,67
500,90
726,131
327,59
464,84
404,73
412,74
605,109
389,70
583,105
414,75
599,108
546,98
376,68
315,57
597,107
326,59
416,75
448,81
409,74
609,110
475,86
518,93
516,93
341,61
730,131
551,99
437,79
436,78
350,63
397,71
679,122
324,58
409,74
701,126
681,123
519,93
639,115
478,86
597,107
522,94
503,91
460,83
434,78
476,86
458,82
415,75
772,139
467,84
666,120
585,105
425,77
785,141
509,92
528,95
618,111
555,100
540,97
585,105
451,81
411,74
293,53
518,93
433,78
525,95
683,123
600,108
412,74
342,62
566,102
684,123
477,86
401,72
321,58
291,52
455,82
523,94
616,111
490,88
667,120
351,63
608,109
689,124
631,114
529,95
451,81
492,89
358,64
379,68
528,95
519,93
587,106
541,97
419,75
450,81
420,76
520,94
690,124
300,54
502,90
701,126
408,73
429,77
468,84
386,69
427,77
592,107
358,64
605,109
760,137
639,115
549,99
400,72
542,98
464,84
469,84
420,76
407,73
452,81
765,138
503,91
437,79
491,88
645,116
466,84
502,90
360,65
732,132
497,89
784,141
681,123
406,73
572,103
684,123
655,118
511,92
342,62
327,59
706,127
472,85
405,73
304,55
579,104
363,65
420,76
680,122
526,95
533,96
586,105
672,121
567,102
430,77
375,68
541,97
356,64
501,90
330,59
654,118
500,90
363,65
588,106
585,105
514,93
468,84
501,90
675,122
502,90
528,95
527,95
352,63
519,93
565,102
519,93
409,74
373,67
371,67
429,77
727,131
584,105
443,80
595,107
650,117
475,86
349,63
422,76
524,94
531,96
388,70
531,96
712,128
561,101
775,140
401,72
547,98
516,93
405,73
576,104
505,91
630,113
563,101
504,91
508,91
681,123
344,62
372,67
397,71
620,112
486,87
539,97
522,94
771,139
564,102
455,82
473,85
480,86
352,63
431,78
747,134
469,84
440,79
477,86
482,87
318,57
474,85
424,76
335,60
549,99
442,80
439,79
409,74
447,80
557,100
613,110
370,67
439,79
360,65
427,77
675,122
375,68
452,81
648,117
612,110
379,68
440,79
513,92
699,126
381,69
720,130
493,89
649,117
603,109
419,75
666,120
656,118
308,55
501,90
338,61
656,118
520,94
496,89
466,84
461,83
470,85
403,73
613,110
443,80
614,111
393,71
642,116
352,63
356,64
567,102
453,82
567,102
417,75
370,67
336,60
623,112
492,89
335,60
376,68
691,124
465,84
740,133
613,110
653,118
622,112
429,77
367,66
607,109
388,70
686,123
347,62
486,87
591,106
668,120
584,105
418,75
511,92
553,100
531,96
416,75
313,56
468,84
693,125
647,116
675,122
629,113
348,63
429,77
338,61
518,93
634,114
792,143
452,81
375,68
480,86
440,79
393,71
349,63
547,98
414,75
431,78
408,73
502,90
409,74
297,53
543,98
766,138
550,99
589,106
499,90
496,89
801,144
540,97
451,81
524,94
303,55
463,83
528,95
634,114
526,95
536,96
400,72
555,100
313,56
706,127
618,111
325,59
606,109
816,147
373,67
419,75
553,100
665,120
404,73
351,63
606,109
440,79
529,95
569,102
556,100
450,81
713,128
779,140
526,95
448,81
560,101
368,66
527,95
551,99
548,99
465,84
442,80
371,67
605,109
419,75
857,154
533,96
621,112
525,95
656,118
407,73
418,75
387,70
490,88
472,85
638,115
442,80
467,84
563,101
509,92
665,120
429,77
490,88
414,75
368,66
350,63
740,133
458,82
496,89
542,98
404,73
443,80
424,76
717,129
457,82
487,88
336,60
480,86
435,78
305,55
676,122
831,150
754,136
642,116
433,78
735,132
608,109
366,66
684,123
519,93
342,62
386,69
376,68
489,88
705,127
313,56
321,58
477,86
369,66
690,124
522,94
338,61
726,131
718,129
463,83
603,109
450,81
556,100
543,98
572,103
728,131
444,80
412,74
506,91
697,125
584,105
583,105
582,105
507,91
340,61
387,70
440,79
553,100
546,98
495,89
417,75
340,61
370,67
366,66
680,122
579,104
615,111
548,99
334,60
502,90
409,74
396,71
525,95
661,119
548,99
455,82
574,103
517,93
462,83
518,93
606,109
357,64
630,113
575,104
683,123
622,112
554,100
343,62
468,84
534,96
491,88
763,137
320,58
314,57
589,106
498,90
529,95
487,88
793,143
427,77
447,80
710,128
438,79
445,80
453,82
543,98
598,108
374,67
670,121
701,126
719,129
429,77
414,75
430,77
461,83
366,66
508,91
779,140
590,106
688,124
596,107
579,104
541,97
339,61
483,87
523,94
663,119
779,140
514,93
397,71
771,139
447,80
644,116
575,104
611,110
774,139
585,105
518,93
600,108
485,87
390,70
425,77
738,133
399,72
545,98
390,70
581,105
364,66
481,87
619,111
396,71
522,94
643,116
481,87
596,107
650,117
539,97
391,70
510,92
374,67
330,59
335,60
424,76
620,112
459,83
561,101
454,82
694,125
498,90
325,59
416,75
501,90
559,101
456,82
575,104
705,127
573,103
429,77
505,91
507,91
534,96
440,79
511,92
335,60
845,152
403,73
468,84
466,84
845,152
477,86
333,60
509,92
451,81
778,140
694,125
419,75
557,100
567,102
453,82
331,60
359,65
654,118
351,63
544,98
378,68
519,93
485,87
499,90
383,69
526,95
413,74
516,93
670,121
477,86
442,80
711,128
415,75
434,78
777,140
568,102
478,86
391,70
425,77
375,68
537,97
523,94
498,90
539,97
469,84
352,63
381,69
326,59
656,118
315,57
463,83
584,105
482,87
417,75
637,115
474,85
526,95
569,102
379,68
494,89
476,86
743,134
394,71
814,147
644,116
552,99
480,86
645,116
570,103
702,126
741,133
528,95
593,107
477,86
361,65
594,107
707,127
354,64
584,105
615,111
440,79
345,62
696,125
435,78
491,88
474,85
561,101
391,70
601,108
651,117
332,60
793,143
424,76
483,87
659,119
552,99
413,74
628,113
354,64
338,61
743,134
486,87
522,94
672,121
481,87
574,103
487,88
566,102
373,67
367,66
301,54
410,74
506,91
437,79
520,94
470,85
378,68
384,69
672,121
342,62
360,65
424,76
420,76
460,83
782,141
392,71
564,102
327,59
392,71
600,108
524,94
608,109
371,67
374,67
503,91
469,84
710,128
834,150
304,55
453,82
339,61
824,148
539,97
593,107
442,80
479,86
429,77
457,82
536,96
624,112
320,58
461,83
661,119
685,123
476,86
323,58
504,91
453,82
498,90
646,116
498,90
305,55
309,56
444,80
418,75
603,109
528,95
448,81
622,112
447,80
414,75
509,92
765,138
511,92
633,114
737,133
559,101
514,93
747,134
485,87
683,123
410,74
490,88
508,91
427,77
550,99
701,126
701,126
365,66
670,121
369,66
714,129
587,106
515,93
594,107
561,101
530,95
372,67
529,95
516,93
497,89
674,121
454,82
606,109
536,96
506,91
444,80
380,68
337,61
572,103
529,95
512,92
646,116
340,61
477,86
460,83
446,80
549,99
358,64
726,131
542,98
337,61
448,81
484,87
621,112
476,86
492,89
714,129
432,78
400,72
489,88
538,97
514,93
469,84
489,88
574,103
551,99
504,91
504,91
364,66
506,91
369,66
322,58
496,89
488,88
479,86
664,120
380,68
451,81
438,79
321,58
333,60
552,99
530,95
352,63
583,105
660,119
340,61
562,101
814,147
492,89
577,104
448,81
482,87
646,116
679,122
470,85
544,98
638,115
384,69
364,66
505,91
556,100
823,148
520,94
615,111
667,120
595,107
494,89
585,105
359,65
761,137
355,64
478,86
518,93
583,105
748,135
446,80
513,92
557,100
381,69
670,121
589,106
619,111
426,77
326,59
419,75
431,78
371,67
630,113
412,74
379,68
464,84
465,84
365,66
481,87
467,84
408,73
386,69
618,111
414,75
655,118
520,94
536,96
365,66
641,115
688,124
447,80
431,78
494,89
727,131
472,85
623,112
524,94
746,134
462,83
506,91
490,88
732,132
427,77
508,91
591,106
602,108
451,81
720,130
554,100
530,95
447,80
384,69
522,94
510,92
305,55
596,107
535,96
447,80
585,105
586,105
536,96
500,90
416,75
768,138
379,68
371,67
572,103
611,110
488,88
363,65
425,77
527,95
405,73
432,78
481,87
560,101
322,58
417,75
642,116
472,85
556,100
395,71
365,66
468,84
538,97
391,70
436,78
546,98
690,124
462,83
532,96
649,117
341,61
548,99
789,142
389,70
623,112
447,80
646,116
524,94
551,99
644,116
500,90
613,110
390,70
556,100
414,75
385,69
781,141
652,117
539,97
536,96
643,116
439,79
306,55
379,68
724,130
534,96
783,141
539,97
597,107
416,75
392,71
767,138
421,76
477,86
568,102
678,122
446,80
543,98
615,111
302,54
487,88
411,74
823,148
316,57
488,88
518,93
535,96
488,88
402,72
491,88
550,99
613,110
541,97
386,69
407,73
474,85
574,103
723,130
348,63
405,73
623,112
481,87
559,101
401,72
514,93
721,130
569,102
580,104
520,94
544,98
477,86
379,68
429,77
335,60
438,79
378,68
390,70
366,66
494,89
514,93
593,107
600,108
802,144
320,58
523,94
359,65
460,83
642,116
566,102
347,62
386,69
699,126
684,123
394,71
488,88
416,75
446,80
419,75
334,60
603,109
549,99
499,90
515,93
626,113
516,93
569,102
562,101
603,109
444,80
481,87
334,60
537,97
460,83
533,96
678,122
712,128
523,94
615,111
330,59
733,132
469,84
808,145
469,84
376,68
432,78
348,63
565,102
675,122
501,90
357,64
638,115
340,61
595,107
463,83
334,60
503,91
516,93
640,115
848,153
538,97
554,100
379,68
598,108
766,138
520,94
376,68
495,89
541,97
643,116
648,117
521,94
820,148
508,91
446,80
469,84
359,65
598,108
464,84
413,74
430,77
368,66
775,140
466,84
565,102
468,84
431,78
574,103
520,94
372,67
814,147
475,86
394,71
583,105
392,71
473,85
396,71
754,136
778,140
475,86
509,92
457,82
358,64
659,119
597,107
323,58
430,77
616,111
353,64
768,138
630,113
693,125
598,108
324,58
495,89
739,133
540,97
392,71
476,86
343,62
506,91
649,117
450,81
674,121
343,62
616,111
687,124
723,130
673,121
598,108
354,64
354,64
504,91
416,75
607,109
524,94
593,107
383,69
563,101
500,90
452,81
608,109
730,131
357,64
338,61
455,82
437,79
399,72
564,102
570,103
750,135
550,99
447,80
621,112
464,84
497,89
424,76
364,66
331,60
871,157
441,79
523,94
557,100
531,96
395,71
320,58
420,76
562,101
470,85
537,97
585,105
413,74
542,98
543,98
487,88
728,131
536,96
382,69
496,89
802,144
404,73
566,102
844,152
658,118
429,77
588,106
868,156
439,79
648,117
367,66
316,57
427,77
463,83
639,115
453,82
534,96
366,66
525,95
555,100
508,91
731,132
661,119
547,98
535,96
536,96
634,114
450,81
356,64
367,66
437,79
789,142
695,125
417,75
465,84
408,73
382,69
447,80
694,125
350,63
606,109
518,93
344,62
608,109
682,123
380,68
605,109
532,96
482,87
548,99
459,83
529,95
511,92
570,103
557,100
536,96
350,63
412,74
606,109
468,84
607,109
433,78
370,67
607,109
607,109
766,138
570,103
503,91
566,102
424,76
481,87
563,101
613,110
572,103
629,113
470,85
440,79
443,80
422,76
456,82
566,102
468,84
685,123
407,73
509,92
562,101
500,90
811,146
730,131
388,70
654,118
515,93
738,133
518,93
393,71
339,61
577,104
362,65
497,89
507,91
584,105
517,93
836,150
731,132
535,96
664,120
651,117
483,87
813,146
451,81
511,92
606,109
432,78
481,87
328,59
349,63
351,63
366,66
553,100
482,87
506,91
449,81
325,59
668,120
339,61
585,105
441,79
532,96
821,148
767,138
552,99
569,102
449,81
402,72
680,122
338,61
639,115
395,71
607,109
417,75
437,79
520,94
466,84
302,54
771,139
611,110
507,91
673,121
530,95
563,101
720,130
481,87
635,114
432,78
389,70
436,78
532,96
675,122
388,70
555,100
625,113
370,67
518,93
332,60
580,104
793,143
447,80
704,127
655,118
722,130
816,147
701,126
846,152
470,85
686,123
746,134
543,98
552,99
597,107
439,79
398,72
344,62
388,70
519,93
421,76
407,73
755,136
418,75
619,111
483,87
365,66
329,59
443,80
537,97
489,88
330,59
630,113
549,99
448,81
400,72
474,85
615,111
480,86
810,146
462,83
850,153
399,72
528,95
324,58
467,84
682,123
401,72
454,82
482,87
489,88
682,123
455,82
359,65
531,96
415,75
398,72
440,79
426,77
307,55
408,73
374,67
328,59
423,76
842,152
544,98
334,60
769,138
584,105
441,79
379,68
667,120
653,118
389,70
518,93
490,88
588,106
327,59
532,96
498,90
491,88
479,86
436,78
847,152
638,115
541,97
416,75
760,137
372,67
396,71
377,68
522,94
461,83
396,71
750,135
378,68
840,151
554,100
704,127
593,107
694,125
405,73
738,133
548,99
465,84
518,93
597,107
736,132
510,92
442,80
425,77
431,78
561,101
542,98
322,58
311,56
546,98
678,122
302,54
629,113
388,70
750,135
515,93
653,118
515,93
372,67
436,78
525,95
447,80
437,79
403,73
473,85
605,109
561,101
571,103
717,129
562,101
429,77
521,94
386,69
323,58
511,92
468,84
476,86
496,89
593,107
354,64
401,72
509,92
836,150
451,81
510,92
414,75
483,87
399,72
308,55
591,106
535,96
550,99
455,82
512,92
324,58
355,64
405,73
629,113
620,112
477,86
516,93
398,72
537,97
358,64
435,78
555,100
561,101
477,86
343,62
610,110
464,84
346,62
590,106
581,105
637,115
529,95
376,68
543,98
717,129
473,85
483,87
417,75
500,90
408,73
710,128
388,70
394,71
561,101
517,93
585,105
319,57
406,73
496,89
453,82
503,91
662,119
577,104
558,100
461,83
449,81
454,82
486,87
458,82
504,91
374,67
564,102
538,97
639,115
436,78
600,108
667,120
654,118
518,93
643,116
674,121
507,91
399,72
590,106
685,123
513,92
395,71
351,63
588,106
576,104
471,85
439,79
620,112
568,102
523,94
517,93
659,119
402,72
593,107
565,102
408,73
404,73
666,120
551,99
551,99
635,114
403,73
342,62
424,76
573,103
501,90
327,59
697,125
619,111
460,83
501,90
434,78
369,66
459,83
568,102
744,134
497,89
559,101
766,138
396,71
500,90
467,84
541,97
355,64
445,80
389,70
313,56
410,74
748,135
590,106
333,60
417,75
533,96
383,69
598,108
532,96
348,63
351,63
411,74
464,84
500,90
580,104
667,120
617,111
693,125
374,67
669,120
571,103
422,76
621,112
609,110
644,116
424,76
392,71
693,125
323,58
496,89
576,104
651,117
748,135
447,80
565,102
490,88
483,87
605,109
590,106
700,126
575,104
348,63
482,87
559,101
368,66
578,104
595,107
467,84
720,130
515,93
589,106
554,100
407,73
525,95
390,70
704,127
376,68
535,96
701,126
473,85
409,74
349,63
646,116
781,141
607,109
498,90
651,117
495,89
531,96
522,94
440,79
312,56
508,91
624,112
317,57
368,66
408,73
618,111
443,80
659,119
394,71
682,123
382,69
371,67
442,80
434,78
408,73
375,68
533,96
431,78
342,62
455,82
477,86
525,95
429,77
634,114
341,61
742,134
628,113
468,84
579,104
523,94
660,119
509,92
511,92
536,96
466,84
553,100
494,89
438,79
560,101
558,100
639,115
642,116
459,83
336,60
515,93
614,111
595,107
490,88
548,99
608,109
745,134
604,109
445,80
521,94
526,95
417,75
511,92
574,103
678,122
588,106
538,97
620,112
655,118
698,126
496,89
758,136
502,90
409,74
689,124
424,76
588,106
341,61
681,123
335,60
695,125
407,73
587,106
531,96
620,112
695,125
544,98
679,122
546,98
580,104
442,80
526,95
327,59
525,95
343,62
704,127
599,108
384,69
331,60
675,122
526,95
455,82
541,97
342,62
611,110
607,109
513,92
458,82
623,112
464,84
575,104
366,66
596,107
428,77
708,127
412,74
648,117
503,91
616,111
416,75
420,76
449,81
324,58
428,77
472,85
629,113
747,134
377,68
493,89
596,107
462,83
468,84
413,74
543,98
330,59
591,106
504,91
395,71
491,88
382,69
394,71
454,82
350,63
410,74
443,80
426,77
619,111
689,124
502,90
533,96
436,78
589,106
523,94
460,83
690,124
308,55
413,74
531,96
344,62
455,82
459,83
695,125
393,71
439,79
328,59
532,96
725,131
547,98
554,100
645,116
453,82
697,125
359,65
629,113
665,120
551,99
478,86
373,67
613,110
642,116
528,95
557,100
618,111
610,110
450,81
521,94
582,105
356,64
329,59
667,120
325,59
352,63
520,94
462,83
365,66
407,73
512,92
308,55
456,82
671,121
342,62
552,99
623,112
538,97
498,90
381,69
520,94
586,105
442,80
353,64
512,92
562,101
535,96
585,105
698,126
402,72
386,69
593,107
769,138
495,89
712,128
467,84
724,130
741,133
521,94
552,99
584,105
573,103
466,84
525,95
447,80
617,111
604,109
397,71
546,98
434,78
412,74
744,134
508,91
570,103
394,71
396,71
506,91
597,107
532,96
514,93
445,80
784,141
457,82
816,147
539,97
414,75
387,70
405,73
455,82
583,105
439,79
417,75
509,92
297,53
575,104
388,70
406,73
321,58
416,75
404,73
412,74
724,130
488,88
397,71
435,78
447,80
429,77
436,78
344,62
398,72
376,68
366,66
494,89
382,69
554,100
526,95
519,93
550,99
512,92
454,82
533,96
618,111
561,101
335,60
520,94
413,74
622,112
571,103
484,87
565,102
797,143
644,116
495,89
529,95
599,108
352,63
457,82
497,89
404,73
690,124
548,99
447,80
570,103
554,100
721,130
491,88
468,84
486,87
568,102
546,98
351,63
583,105
650,117
611,110
669,120
383,69
522,94
445,80
400,72
366,66
559,101
658,118
599,108
423,76
512,92
758,136
525,95
390,70
464,84
567,102
697,125
722,130
573,103
344,62
489,88
583,105
663,119
578,104
540,97
380,68
736,132
425,77
376,68
390,70
403,73
403,73
603,109
429,77
372,67
392,71
447,80
676,122
844,152
362,65
379,68
726,131
670,121
553,100
473,85
565,102
483,87
486,87
509,92
398,72
766,138
389,70
573,103
378,68
484,87
507,91
483,87
421,76
345,62
575,104
321,58
531,96
778,140
353,64
433,78
382,69
493,89
573,103
518,93
669,120
412,74
452,81
404,73
343,62
687,124
452,81
530,95
688,124
337,61
379,68
387,70
605,109
479,86
487,88
451,81
391,70
411,74
515,93
568,102
506,91
413,74
448,81
343,62
645,116
333,60
360,65
489,88
360,65
600,108
670,121
378,68
431,78
534,96
367,66
381,69
346,62
729,131
777,140
728,131
465,84
659,119
562,101
608,109
429,77
510,92
436,78
429,77
458,82
632,114
412,74
421,76
424,76
530,95
351,63
443,80
651,117
723,130
506,91
444,80
515,93
579,104
725,131
444,80
458,82
413,74
446,80
567,102
684,123
506,91
597,107
495,89
366,66
452,81
423,76
608,109
435,78
524,94
442,80
421,76
456,82
593,107
358,64
458,82
635,114
409,74
586,105
654,118
797,143
556,100
723,130
477,86
687,124
504,91
447,80
476,86
759,137
621,112
474,85
458,82
432,78
633,114
370,67
569,102
456,82
743,134
611,110
643,116
575,104
465,84
458,82
450,81
512,92
477,86
479,86
359,65
506,91
403,73
541,97
646,116
504,91
454,82
411,74
647,116
377,68
312,56
455,82
527,95
574,103
569,102
376,68
443,80
436,78
422,76
779,140
367,66
763,137
714,129
535,96
410,74
659,119
500,90
558,100
768,138
623,112
546,98
415,75
610,110
363,65
398,72
820,148
470,85
329,59
457,82
495,89
470,85
325,59
616,111
521,94
784,141
598,108
379,68
719,129
551,99
356,64
673,121
495,89
472,85
449,81
391,70
573,103
510,92
434,78
366,66
580,104
680,122
583,105
377,68
426,77
520,94
523,94
556,100
486,87
610,110
684,123
556,100
590,106
459,83
624,112
605,109
394,71
562,101
379,68
662,119
671,121
303,55
406,73
438,79
533,96
361,65
425,77
661,119
712,128
609,110
475,86
703,127
410,74
532,96
597,107
581,105
460,83
777,140
436,78
409,74
389,70
419,75
431,78
665,120
579,104
499,90
495,89
378,68
655,118
695,125
479,86
456,82
544,98
515,93
600,108
627,113
490,88
548,99
342,62
638,115
429,77
836,150
776,140
755,136
302,54
461,83
407,73
395,71
515,93
414,75
551,99
510,92
511,92
591,106
474,85
325,59
589,106
443,80
461,83
521,94
472,85
355,64
472,85
669,120
763,137
486,87
648,117
614,111
365,66
507,91
591,106
499,90
434,78
413,74
820,148
336,60
506,91
550,99
469,84
360,65
698,126
343,62
612,110
351,63
365,66
534,96
342,62
528,95
349,63
531,96
374,67
685,123
444,80
518,93
582,105
412,74
763,137
376,68
544,98
452,81
735,132
720,130
655,118
447,80
488,88
519,93
669,120
521,94
595,107
760,137
674,121
544,98
622,112
657,118
380,68
777,140
604,109
384,69
525,95
583,105
550,99
405,73
627,113
501,90
483,87
448,81
380,68
750,135
816,147
537,97
384,69
418,75
343,62
455,82
510,92
467,84
521,94
757,136
411,74
585,105
514,93
322,58
581,105
357,64
748,135
362,65
714,129
392,71
765,138
434,78
688,124
476,86
565,102
593,107
468,84
585,105
475,86
585,105
507,91
504,91
463,83
352,63
496,89
493,89
475,86
518,93
607,109
411,74
499,90
349,63
592,107
461,83
475,86
493,89
469,84
366,66
452,81
639,115
684,123
483,87
569,102
405,73
480,86
394,71
700,126
417,75
481,87
489,88
618,111
564,102
622,112
495,89
560,101
767,138
543,98
362,65
466,84
514,93
471,85
749,135
398,72
769,138
572,103
537,97
367,66
438,79
528,95
374,67
534,96
421,76
393,71
431,78
577,104
490,88
722,130
418,75
437,79
610,110
511,92
423,76
496,89
516,93
701,126
409,74
648,117
601,108
420,76
588,106
431,78
476,86
610,110
581,105
653,118
549,99
523,94
482,87
504,91
342,62
468,84
632,114
720,130
469,84
433,78
577,104
348,63
525,95
324,58
691,124
609,110
575,104
427,77
470,85
342,62
470,85
491,88
444,80
645,116
357,64
334,60
464,84
632,114
428,77
661,119
696,125
471,85
560,101
616,111
516,93
704,127
398,72
471,85
435,78
539,97
458,82
345,62
377,68
450,81
372,67
450,81
733,132
477,86
792,143
507,91
507,91
416,75
361,65
487,88
696,125
357,64
413,74
341,61
653,118
745,134
309,56
591,106
609,110
553,100
501,90
480,86
870,157
436,78
566,102
441,79
509,92
738,133
663,119
539,97
492,89
488,88
460,83
830,149
438,79
766,138
332,60
386,69
482,87
518,93
450,81
637,115
507,91
510,92
744,134
684,123
341,61
492,89
469,84
525,95
429,77
301,54
584,105
569,102
764,138
511,92
343,62
686,123
629,113
374,67
522,94
367,66
414,75
390,70
653,118
402,72
314,57
696,125
434,78
661,119
804,145
577,104
587,106
395,71
490,88
451,81
518,93
434,78
453,82
475,86
588,106
409,74
516,93
529,95
508,91
442,80
415,75
561,101
625,113
350,63
585,105
514,93
685,123
429,77
389,70
317,57
584,105
505,91
557,100
406,73
340,61
398,72
416,75
476,86
365,66
558,100
383,69
399,72
585,105
561,101
486,87
584,105
432,78
377,68
512,92
591,106
646,116
443,80
391,70
648,117
536,96
436,78
351,63
441,79
410,74
384,69
472,85
541,97
410,74
382,69
374,67
346,62
505,91
380,68
610,110
601,108
497,89
425,77
533,96
530,95
700,126
595,107
378,68
370,67
399,72
355,64
659,119
463,83
456,82
375,68
517,93
354,64
615,111
428,77
437,79
379,68
443,80
601,108
669,120
609,110
402,72
547,98
506,91
481,87
547,98
368,66
450,81
579,104
530,95
467,84
320,58
421,76
452,81
351,63
575,104
453,82
456,82
485,87
622,112
569,102
646,116
464,84
574,103
404,73
605,109
701,126
706,127
730,131
564,102
491,88
471,85
594,107
462,83
479,86
314,57
517,93
440,79
485,87
324,58
476,86
556,100
487,88
700,126
396,71
467,84
394,71
569,102
377,68
751,135
445,80
409,74
389,70
689,124
525,95
498,90
720,130
319,57
340,61
443,80
401,72
413,74
633,114
604,109
478,86
303,55
384,69
672,121
544,98
459,83
495,89
431,78
556,100
493,89
549,99
389,70
556,100
567,102
402,72
407,73
719,129
368,66
385,69
464,84
379,68
403,73
333,60
733,132
402,72
415,75
522,94
466,84
844,152
417,75
506,91
647,116
488,88
340,61
796,143
348,63
558,100
500,90
375,68
543,98
647,116
429,77
667,120
496,89
587,106
458,82
398,72
598,108
385,69
682,123
433,78
597,107
535,96
541,97
341,61
480,86
379,68
410,74
543,98
320,58
495,89
363,65
373,67
309,56
579,104
512,92
401,72
625,113
354,64
576,104
429,77
557,100
572,103
524,94
489,88
422,76
511,92
336,60
617,111
499,90
437,79
347,62
385,69
514,93
371,67
651,117
414,75
349,63
505,91
384,69
613,110
430,77
441,79
733,132
350,63
606,109
337,61
466,84
491,88
642,116
363,65
370,67
526,95
464,84
494,89
596,107
360,65
528,95
528,95
560,101
664,120
464,84
343,62
516,93
527,95
467,84
622,112
435,78
454,82
451,81
593,107
642,116
650,117
535,96
433,78
432,78
785,141
490,88
434,78
555,100
431,78
778,140
610,110
588,106
447,80
692,125
762,137
533,96
519,93
696,125
674,121
769,138
542,98
685,123
537,97
349,63
633,114
669,120
442,80
417,75
409,74
369,66
553,100
638,115
668,120
679,122
403,73
581,105
467,84
485,87
685,123
521,94
435,78
583,105
468,84
766,138
302,54
382,69
514,93
469,84
453,82
626,113
575,104
752,135
385,69
585,105
509,92
313,56
713,128
544,98
441,79
659,119
619,111
652,117
665,120
691,124
304,55
542,98
444,80
488,88
490,88
577,104
729,131
533,96
530,95
447,80
444,80
359,65
586,105
771,139
784,141
582,105
443,80
756,136
730,131
357,64
670,121
779,140
548,99
383,69
457,82
348,63
489,88
430,77
519,93
472,85
353,64
717,129
341,61
500,90
353,64
583,105
457,82
591,106
338,61
410,74
534,96
452,81
596,107
737,133
520,94
385,69
565,102
752,135
632,114
477,86
540,97
824,148
353,64
587,106
372,67
531,96
468,84
464,84
675,122
654,118
533,96
343,62
503,91
682,123
579,104
760,137
467,84
357,64
498,90
443,80
444,80
526,95
484,87
421,76
598,108
483,87
324,58
453,82
469,84
523,94
448,81
526,95
357,64
643,116
437,79
486,87
496,89
552,99
563,101
723,130
484,87
544,98
542,98
551,99
418,75
509,92
509,92
479,86
469,84
554,100
539,97
359,65
405,73
721,130
772,139
590,106
565,102
399,72
587,106
688,124
420,76
615,111
633,114
590,106
491,88
393,71
518,93
432,78
567,102
557,100
365,66
608,109
358,64
811,146
633,114
745,134
653,118
593,107
833,150
325,59
787,142
566,102
501,90
514,93
449,81
682,123
515,93
557,100
340,61
428,77
497,89
345,62
568,102
410,74
703,127
476,86
740,133
386,69
397,71
556,100
362,65
306,55
693,125
445,80
419,75
507,91
542,98
355,64
536,96
353,64
533,96
723,130
671,121
347,62
576,104
448,81
488,88
309,56
536,96
614,111
765,138
563,101
776,140
325,59
448,81
382,69
433,78
665,120
694,125
553,100
542,98
462,83
476,86
562,101
579,104
468,84
570,103
331,60
538,97
636,114
554,100
389,70
613,110
414,75
544,98
425,77
398,72
463,83
397,71
734,132
688,124
414,75
460,83
361,65
525,95
673,121
326,59
660,119
343,62
655,118
498,90
676,122
647,116
490,88
574,103
357,64
502,90
322,58
817,147
502,90
493,89
554,100
323,58
701,126
370,67
631,114
633,114
622,112
497,89
375,68
417,75
597,107
421,76
720,130
506,91
836,150
666,120
661,119
797,143
533,96
644,116
461,83
786,141
409,74
439,79
539,97
587,106
597,107
496,89
523,94
339,61
371,67
377,68
442,80
338,61
687,124
439,79
426,77
516,93
407,73
311,56
598,108
809,146
617,111
381,69
409,74
405,73
736,132
430,77
383,69
682,123
676,122
536,96
451,81
560,101
522,94
334,60
488,88
458,82
601,108
332,60
738,133
696,125
353,64
550,99
496,89
692,125
383,69
473,85
549,99
592,107
401,72
365,66
478,86
348,63
552,99
452,81
354,64
705,127
522,94
397,71
417,75
634,114
470,85
628,113
668,120
401,72
509,92
315,57
348,63
511,92
479,86
605,109
683,123
692,125
486,87
376,68
503,91
329,59
396,71
423,76
543,98
349,63
554,100
441,79
459,83
487,88
531,96
512,92
660,119
552,99
646,116
814,147
610,110
474,85
514,93
587,106
623,112
343,62
511,92
333,60
585,105
744,134
694,125
546,98
589,106
463,83
642,116
557,100
446,80
586,105
466,84
513,92
785,141
412,74
512,92
581,105
468,84
794,143
561,101
438,79
635,114
453,82
468,84
337,61
351,63
464,84
530,95
365,66
491,88
514,93
625,113
421,76
751,135
299,54
342,62
499,90
475,86
552,99
480,86
433,78
688,124
424,76
431,78
611,110
386,69
674,121
414,75
841,151
646,116
424,76
514,93
625,113
703,127
592,107
554,100
585,105
407,73
468,84
424,76
360,65
381,69
495,89
358,64
723,130
518,93
619,111
305,55
499,90
476,86
607,109
597,107
813,146
487,88
395,71
440,79
554,100
457,82
435,78
616,111
490,88
375,68
657,118
396,71
435,78
682,123
568,102
534,96
480,86
749,135
364,66
328,59
361,65
595,107
572,103
295,53
571,103
620,112
617,111
437,79
398,72
631,114
577,104
465,84
369,66
458,82
422,76
439,79
326,59
762,137
337,61
409,74
603,109
490,88
565,102
341,61
648,117
543,98
408,73
646,116
383,69
484,87
554,100
542,98
447,80
593,107
408,73
356,64
571,103
502,90
713,128
534,96
622,112
672,121
612,110
441,79
672,121
501,90
510,92
735,132
548,99
620,112
346,62
625,113
533,96
445,80
457,82
322,58
484,87
398,72
777,140
418,75
619,111
541,97
530,95
534,96
539,97
487,88
787,142
434,78
581,105
526,95
528,95
471,85
367,66
412,74
676,122
447,80
305,55
363,65
586,105
671,121
427,77
468,84
391,70
699,126
477,86
416,75
582,105
603,109
371,67
616,111
611,110
381,69
437,79
402,72
535,96
431,78
345,62
357,64
363,65
622,112
554,100
374,67
671,121
621,112
513,92
517,93
537,97
562,101
401,72
467,84
447,80
429,77
434,78
420,76
592,107
416,75
402,72
691,124
550,99
505,91
378,68
495,89
320,58
727,131
511,92
358,64
436,78
457,82
584,105
521,94
498,90
382,69
410,74
398,72
673,121
510,92
485,87
564,102
601,108
435,78
613,110
397,71
356,64
577,104
565,102
434,78
443,80
461,83
745,134
531,96
330,59
852,153
863,155
595,107
571,103
396,71
389,70
479,86
414,75
393,71
718,129
316,57
520,94
483,87
815,147
465,84
740,133
355,64
440,79
522,94
487,88
855,154
414,75
417,75
300,54
623,112
488,88
604,109
393,71
415,75
564,102
540,97
370,67
458,82
478,86
545,98
548,99
331,60
537,97
408,73
520,94
539,97
765,138
509,92
745,134
389,70
500,90
509,92
353,64
583,105
442,80
379,68
475,86
500,90
326,59
632,114
470,85
400,72
557,100
561,101
622,112
556,100
416,75
506,91
430,77
572,103
839,151
690,124
572,103
567,102
555,100
564,102
557,100
425,77
588,106
757,136
597,107
560,101
731,132
408,73
364,66
313,56
344,62
667,120
442,80
409,74
698,126
593,107
510,92
740,133
450,81
413,74
563,101
326,59
531,96
369,66
620,112
322,58
447,80
737,133
435,78
395,71
485,87
631,114
455,82
441,79
435,78
576,104
328,59
499,90
650,117
662,119
506,91
618,111
675,122
439,79
578,104
422,76
520,94
493,89
541,97
470,85
833,150
501,90
446,80
432,78
634,114
357,64
434,78
659,119
614,111
568,102
482,87
781,141
404,73
487,88
574,103
400,72
677,122
429,77
544,98
500,90
337,61
290,52
690,124
496,89
396,71
718,129
484,87
519,93
603,109
571,103
507,91
483,87
549,99
473,85
541,97
392,71
490,88
618,111
327,59
391,70
484,87
380,68
629,113
638,115
365,66
496,89
364,66
506,91
553,100
427,77
375,68
500,90
408,73
455,82
703,127
796,143
586,105
519,93
472,85
466,84
598,108
384,69
608,109
809,146
384,69
429,77
613,110
483,87
708,127
384,69
457,82
395,71
504,91
315,57
614,111
410,74
351,63
536,96
612,110
483,87
451,81
602,108
487,88
664,120
665,120
573,103
526,95
816,147
551,99
673,121
615,111
422,76
312,56
324,58
367,66
393,71
680,122
496,89
688,124
571,103
425,77
524,94
579,104
448,81
311,56
523,94
556,100
394,71
534,96
558,100
618,111
481,87
448,81
750,135
454,82
420,76
641,115
557,100
511,92
402,72
504,91
471,85
562,101
694,125
505,91
415,75
474,85
450,81
439,79
536,96
343,62
584,105
336,60
367,66
539,97
544,98
560,101
651,117
565,102
509,92
725,131
595,107
423,76
408,73
503,91
530,95
519,93
314,57
467,84
405,73
511,92
576,104
369,66
376,68
431,78
680,122
404,73
620,112
445,80
512,92
495,89
480,86
557,100
662,119
558,100
353,64
703,127
531,96
363,65
463,83
417,75
672,121
571,103
446,80
519,93
533,96
454,82
432,78
543,98
444,80
518,93
410,74
583,105
712,128
611,110
479,86
538,97
447,80
571,103
653,118
347,62
332,60
487,88
466,84
647,116
377,68
573,103
611,110
397,71
561,101
384,69
393,71
466,84
434,78
555,100
441,79
718,129
357,64
529,95
534,96
481,87
551,99
723,130
539,97
352,63
581,105
567,102
430,77
474,85
446,80
517,93
383,69
829,149
746,134
434,78
443,80
360,65
487,88
462,83
393,71
371,67
845,152
399,72
368,66
672,121
399,72
781,141
360,65
539,97
592,107
495,89
427,77
478,86
464,84
457,82
375,68
567,102
477,86
706,127
346,62
335,60
730,131
430,77
426,77
515,93
562,101
436,78
650,117
454,82
519,93
715,129
332,60
366,66
524,94
610,110
375,68
323,58
448,81
559,101
325,59
629,113
688,124
658,118
493,89
611,110
489,88
581,105
458,82
457,82
372,67
346,62
455,82
538,97
329,59
615,111
735,132
379,68
540,97
404,73
445,80
783,141
341,61
523,94
615,111
550,99
673,121
555,100
439,79
520,94
737,133
614,111
394,71
363,65
455,82
547,98
570,103
597,107
348,63
528,95
592,107
725,131
550,99
663,119
354,64
653,118
446,80
742,134
694,125
534,96
491,88
411,74
531,96
665,120
495,89
765,138
357,64
375,68
353,64
614,111
655,118
779,140
488,88
410,74
554,100
395,71
417,75
695,125
553,100
570,103
422,76
683,123
532,96
519,93
399,72
497,89
352,63
491,88
475,86
589,106
459,83
431,78
488,88
398,72
474,85
438,79
574,103
368,66
422,76
452,81
552,99
322,58
522,94
510,92
367,66
595,107
607,109
499,90
509,92
418,75
555,100
738,133
563,101
475,86
444,80
593,107
725,131
338,61
412,74
367,66
448,81
351,63
686,123
581,105
393,71
448,81
486,87
533,96
455,82
631,114
399,72
377,68
526,95
454,82
502,90
309,56
590,106
349,63
442,80
700,126
515,93
359,65
587,106
701,126
728,131
347,62
435,78
620,112
432,78
459,83
480,86
701,126
309,56
676,122
470,85
473,85
474,85
509,92
340,61
429,77
577,104
383,69
455,82
541,97
394,71
359,65
490,88
517,93
447,80
509,92
558,100
522,94
390,70
498,90
684,123
321,58
648,117
497,89
706,127
618,111
516,93
348,63
644,116
667,120
388,70
473,85
570,103
675,122
581,105
552,99
446,80
685,123
603,109
456,82
603,109
500,90
490,88
560,101
583,105
378,68
367,66
499,90
399,72
462,83
395,71
474,85
507,91
515,93
433,78
446,80
319,57
720,130
430,77
524,94
524,94
611,110
325,59
607,109
491,88
516,93
771,139
558,100
542,98
659,119
806,145
518,93
727,131
458,82
370,67
508,91
698,126
331,60
488,88
337,61
453,82
354,64
539,97
619,111
617,111
405,73
576,104
395,71
349,63
799,144
339,61
738,133
726,131
749,135
468,84
426,77
650,117
342,62
544,98
408,73
430,77
585,105
546,98
549,99
506,91
760,137
708,127
542,98
408,73
466,84
533,96
337,61
386,69
431,78
487,88
550,99
519,93
398,72
547,98
545,98
587,106
476,86
490,88
483,87
325,59
606,109
591,106
399,72
401,72
590,106
601,108
422,76
443,80
646,116
611,110
562,101
529,95
477,86
742,134
363,65
588,106
637,115
351,63
672,121
456,82
450,81
488,88
408,73
450,81
385,69
406,73
442,80
368,66
474,85
460,83
482,87
485,87
335,60
553,100
509,92
791,142
573,103
775,140
397,71
374,67
520,94
322,58
428,77
444,80
709,128
600,108
419,75
515,93
651,117
424,76
546,98
683,123
488,88
569,102
630,113
350,63
364,66
347,62
657,118
497,89
471,85
363,65
437,79
365,66
617,111
594,107
376,68
573,103
382,69
421,76
387,70
745,134
581,105
602,108
398,72
363,65
601,108
429,77
351,63
699,126
385,69
488,88
528,95
381,69
389,70
646,116
403,73
403,73
481,87
478,86
715,129
729,131
327,59
517,93
503,91
469,84
516,93
400,72
507,91
347,62
605,109
507,91
634,114
385,69
370,67
465,84
393,71
436,78
293,53
422,76
518,93
443,80
564,102
378,68
625,113
572,103
350,63
364,66
499,90
662,119
450,81
527,95
430,77
341,61
490,88
574,103
720,130
437,79
497,89
623,112
512,92
809,146
405,73
594,107
525,95
470,85
392,71
518,93
371,67
408,73
439,79
401,72
470,85
715,129
688,124
424,76
827,149
467,84
562,101
532,96
513,92
509,92
594,107
423,76
849,153
531,96
408,73
443,80
480,86
439,79
642,116
601,108
372,67
664,120
586,105
365,66
593,107
515,93
551,99
349,63
496,89
708,127
407,73
458,82
615,111
483,87
353,64
749,135
713,128
503,91
535,96
350,63
554,100
411,74
656,118
483,87
532,96
358,64
431,78
584,105
375,68
508,91
607,109
459,83
727,131
587,106
537,97
387,70
750,135
676,122
752,135
512,92
836,150
434,78
398,72
671,121
631,114
376,68
850,153
480,86
652,117
424,76
480,86
574,103
537,97
594,107
728,131
820,148
540,97
506,91
675,122
596,107
421,76
543,98
576,104
443,80
317,57
628,113
528,95
641,115
523,94
434,78
372,67
540,97
326,59
843,152
342,62
711,128
419,75
491,88
399,72
581,105
362,65
393,71
676,122
518,93
389,70
612,110
392,71
527,95
529,95
358,64
591,106
464,84
561,101
355,64
528,95
527,95
334,60
371,67
612,110
618,111
375,68
578,104
846,152
501,90
702,126
482,87
365,66
426,77
347,62
607,109
464,84
621,112
469,84
558,100
380,68
491,88
557,100
452,81
613,110
343,62
327,59
448,81
523,94
357,64
808,145
405,73
847,152
643,116
348,63
475,86
507,91
454,82
681,123
491,88
438,79
635,114
519,93
386,69
599,108
497,89
621,112
396,71
551,99
522,94
626,113
501,90
643,116
682,123
549,99
479,86
390,70
494,89
498,90
626,113
412,74
448,81
450,81
380,68
624,112
403,73
618,111
761,137
577,104
517,93
444,80
382,69
355,64
424,76
674,121
361,65
387,70
434,78
603,109
571,103
494,89
547,98
453,82
404,73
481,87
668,120
533,96
490,88
338,61
374,67
414,75
329,59
330,59
474,85
633,114
726,131
462,83
451,81
537,97
552,99
490,88
391,70
759,137
437,79
437,79
566,102
465,84
453,82
549,99
602,108
447,80
545,98
430,77
412,74
538,97
604,109
382,69
420,76
578,104
526,95
675,122
353,64
669,120
552,99
791,142
670,121
508,91
439,79
402,72
424,76
629,113
594,107
448,81
516,93
361,65
539,97
554,100
430,77
568,102
587,106
563,101
868,156
416,75
820,148
521,94
568,102
531,96
598,108
558,100
851,153
548,99
498,90
662,119
324,58
537,97
463,83
523,94
531,96
443,80
661,119
642,116
644,116
367,66
617,111
529,95
538,97
658,118
646,116
383,69
524,94
377,68
622,112
523,94
503,91
482,87
418,75
398,72
670,121
507,91
456,82
516,93
500,90
557,100
451,81
643,116
600,108
513,92
573,103
467,84
389,70
539,97
648,117
474,85
358,64
461,83
546,98
581,105
401,72
348,63
313,56
407,73
377,68
437,79
470,85
745,134
489,88
586,105
475,86
674,121
323,58
645,116
340,61
723,130
317,57
299,54
570,103
556,100
491,88
582,105
503,91
720,130
767,138
470,85
635,114
518,93
585,105
402,72
413,74
445,80
424,76
812,146
603,109
423,76
730,131
474,85
460,83
704,127
523,94
506,91
522,94
688,124
536,96
785,141
448,81
631,114
433,78
522,94
339,61
372,67
562,101
565,102
799,144
321,58
824,148
492,89
618,111
655,118
617,111
572,103
354,64
550,99
393,71
810,146
400,72
416,75
441,79
350,63
700,126
426,77
598,108
726,131
488,88
456,82
629,113
780,140
367,66
448,81
561,101
476,86
573,103
726,131
556,100
506,91
645,116
430,77
515,93
598,108
528,95
718,129
353,64
437,79
360,65
573,103
449,81
489,88
803,145
435,78
630,113
541,97
528,95
556,100
472,85
681,123
660,119
492,89
352,63
339,61
522,94
438,79
404,73
516,93
326,59
426,77
536,96
486,87
473,85
307,55
545,98
565,102
736,132
429,77
440,79
642,116
459,83
396,71
360,65
479,86
545,98
696,125
421,76
539,97
709,128
509,92
693,125
530,95
381,69
483,87
383,69
676,122
385,69
372,67
608,109
626,113
757,136
531,96
366,66
504,91
498,90
589,106
355,64
388,70
614,111
541,97
695,125
772,139
481,87
400,72
697,125
642,116
622,112
606,109
406,73
388,70
521,94
426,77
525,95
450,81
345,62
718,129
626,113
322,58
337,61
435,78
443,80
429,77
598,108
821,148
622,112
644,116
448,81
703,127
322,58
675,122
302,54
477,86
380,68
701,126
541,97
319,57
383,69
428,77
379,68
521,94
473,85
379,68
492,89
382,69
441,79
450,81
488,88
575,104
354,64
561,101
725,131
476,86
520,94
829,149
346,62
501,90
344,62
457,82
789,142
377,68
579,104
486,87
353,64
517,93
396,71
477,86
586,105
571,103
540,97
578,104
475,86
367,66
628,113
416,75
704,127
366,66
672,121
437,79
502,90
485,87
517,93
376,68
570,103
378,68
345,62
373,67
642,116
684,123
575,104
507,91
434,78
536,96
371,67
575,104
618,111
479,86
650,117
464,84
534,96
438,79
717,129
746,134
524,94
430,77
502,90
606,109
310,56
332,60
396,71
404,73
470,85
439,79
536,96
423,76
498,90
439,79
563,101
588,106
699,126
696,125
520,94
490,88
610,110
482,87
466,84
710,128
379,68
376,68
501,90
362,65
457,82
567,102
609,110
429,77
387,70
624,112
407,73
398,72
484,87
488,88
469,84
640,115
321,58
364,66
702,126
525,95
399,72
515,93
724,130
511,92
466,84
500,90
627,113
390,70
405,73
363,65
743,134
426,77
476,86
392,71
534,96
402,72
470,85
466,84
746,134
381,69
348,63
616,111
385,69
457,82
670,121
385,69
478,86
530,95
422,76
523,94
631,114
424,76
494,89
512,92
386,69
653,118
556,100
423,76
514,93
488,88
453,82
624,112
534,96
455,82
465,84
475,86
520,94
512,92
413,74
568,102
435,78
502,90
391,70
482,87
377,68
532,96
511,92
321,58
454,82
474,85
427,77
444,80
476,86
592,107
526,95
553,100
869,156
595,107
497,89
845,152
534,96
561,101
569,102
657,118
348,63
399,72
577,104
685,123
447,80
643,116
476,86
529,95
480,86
376,68
461,83
430,77
696,125
315,57
604,109
429,77
346,62
386,69
343,62
535,96
468,84
437,79
353,64
644,116
591,106
414,75
372,67
426,77
496,89
740,133
568,102
678,122
322,58
376,68
466,84
362,65
490,88
432,78
381,69
356,64
409,74
358,64
398,72
599,108
387,70
443,80
546,98
509,92
558,100
404,73
533,96
457,82
330,59
492,89
302,54
378,68
399,72
404,73
686,123
348,63
525,95
426,77
576,104
379,68
679,122
429,77
478,86
347,62
387,70
475,86
664,120
541,97
446,80
635,114
315,57
433,78
582,105
478,86
530,95
484,87
402,72
352,63
442,80
570,103
568,102
412,74
733,132
483,87
738,133
585,105
458,82
463,83
661,119
328,59
354,64
591,106
694,125
370,67
425,77
511,92
306,55
440,79
435,78
334,60
340,61
457,82
534,96
291,52
584,105
457,82
448,81
363,65
785,141
415,75
667,120
545,98
447,80
590,106
635,114
476,86
339,61
557,100
374,67
412,74
556,100
753,136
470,85
500,90
444,80
498,90
462,83
529,95
541,97
319,57
341,61
521,94
375,68
505,91
629,113
556,100
529,95
554,100
401,72
745,134
524,94
610,110
328,59
619,111
341,61
467,84
504,91
386,69
697,125
548,99
535,96
383,69
688,124
563,101
434,78
517,93
701,126
543,98
587,106
460,83
499,90
476,86
500,90
439,79
330,59
509,92
453,82
559,101
623,112
521,94
644,116
500,90
712,128
580,104
431,78
715,129
411,74
366,66
402,72
831,150
519,93
560,101
663,119
392,71
682,123
429,77
426,77
310,56
707,127
305,55
463,83
509,92
328,59
511,92
485,87
526,95
377,68
548,99
649,117
628,113
451,81
757,136
591,106
462,83
641,115
389,70
411,74
582,105
704,127
829,149
449,81
486,87
719,129
721,130
512,92
474,85
301,54
449,81
643,116
565,102
346,62
393,71
603,109
523,94
492,89
462,83
483,87
536,96
717,129
412,74
416,75
656,118
516,93
560,101
389,70
446,80
702,126
476,86
529,95
314,57
666,120
720,130
322,58
531,96
648,117
544,98
673,121
680,122
695,125
741,133
644,116
540,97
537,97
447,80
609,110
370,67
414,75
298,54
399,72
516,93
678,122
419,75
613,110
521,94
574,103
460,83
414,75
469,84
627,113
777,140
385,69
422,76
336,60
733,132
762,137
360,65
528,95
786,141
602,108
847,152
545,98
313,56
326,59
498,90
439,79
548,99
393,71
450,81
459,83
533,96
514,93
403,73
742,134
386,69
485,87
484,87
445,80
426,77
519,93
581,105
461,83
489,88
425,77
480,86
403,73
644,116
542,98
418,75
747,134
385,69
321,58
321,58
413,74
644,116
512,92
341,61
507,91
573,103
371,67
490,88
403,73
410,74
340,61
484,87
527,95
468,84
669,120
597,107
460,83
873,157
365,66
775,140
464,84
501,90
463,83
540,97
403,73
477,86
658,118
518,93
490,88
421,76
356,64
421,76
460,83
694,125
360,65
478,86
676,122
406,73
625,113
495,89
381,69
792,143
577,104
589,106
401,72
389,70
527,95
314,57
703,127
503,91
378,68
654,118
409,74
430,77
372,67
703,127
471,85
425,77
368,66
470,85
603,109
379,68
570,103
525,95
423,76
422,76
668,120
637,115
600,108
483,87
681,123
400,72
596,107
431,78
544,98
499,90
537,97
437,79
310,56
423,76
447,80
720,130
448,81
405,73
519,93
552,99
491,88
386,69
617,111
735,132
603,109
600,108
651,117
662,119
758,136
506,91
304,55
360,65
588,106
542,98
628,113
359,65
727,131
487,88
478,86
423,76
565,102
776,140
594,107
459,83
664,120
378,68
735,132
535,96
449,81
557,100
599,108
466,84
416,75
640,115
420,76
422,76
723,130
524,94
400,72
511,92
627,113
609,110
510,92
864,156
576,104
312,56
397,71
611,110
695,125
473,85
658,118
471,85
476,86
518,93
460,83
441,79
645,116
619,111
648,117
448,81
556,100
383,69
735,132
536,96
432,78
618,111
678,122
435,78
362,65
393,71
536,96
503,91
334,60
670,121
396,71
325,59
750,135
611,110
458,82
343,62
820,148
428,77
428,77
310,56
810,146
548,99
577,104
569,102
520,94
605,109
445,80
574,103
678,122
387,70
393,71
424,76
446,80
470,85
509,92
733,132
634,114
607,109
548,99
641,115
545,98
523,94
519,93
377,68
432,78
389,70
583,105
483,87
633,114
450,81
643,116
496,89
316,57
579,104
557,100
520,94
377,68
444,80
536,96
628,113
629,113
707,127
615,111
451,81
424,76
309,56
632,114
547,98
375,68
730,131
650,117
378,68
441,79
544,98
441,79
518,93
377,68
476,86
629,113
418,75
493,89
664,120
604,109
556,100
519,93
505,91
487,88
452,81
698,126
399,72
331,60
751,135
559,101
540,97
611,110
512,92
437,79
448,81
673,121
685,123
564,102
586,105
498,90
740,133
611,110
449,81
625,113
575,104
369,66
671,121
501,90
477,86
422,76
393,71
685,123
412,74
651,117
416,75
525,95
602,108
628,113
348,63
443,80
627,113
441,79
730,131
466,84
502,90
461,83
614,111
546,98
724,130
660,119
604,109
479,86
535,96
485,87
339,61
470,85
427,77
390,70
583,105
737,133
573,103
605,109
406,73
457,82
584,105
556,100
407,73
606,109
569,102
571,103
535,96
571,103
448,81
636,114
472,85
713,128
684,123
438,79
551,99
733,132
438,79
657,118
481,87
530,95
460,83
386,69
343,62
467,84
478,86
606,109
489,88
475,86
502,90
733,132
691,124
533,96
330,59
659,119
376,68
459,83
543,98
496,89
563,101
760,137
487,88
571,103
584,105
804,145
367,66
480,86
458,82
495,89
553,100
426,77
620,112
689,124
572,103
497,89
679,122
431,78
582,105
339,61
648,117
492,89
688,124
428,77
493,89
675,122
471,85
682,123
662,119
527,95
795,143
356,64
466,84
503,91
528,95
372,67
449,81
608,109
619,111
417,75
388,70
621,112
518,93
698,126
537,97
635,114
479,86
360,65
404,73
541,97
368,66
421,76
581,105
684,123
744,134
650,117
530,95
350,63
617,111
532,96
448,81
421,76
464,84
393,71
786,141
327,59
644,116
437,79
376,68
541,97
421,76
798,144
416,75
483,87
367,66
362,65
422,76
394,71
543,98
375,68
682,123
386,69
318,57
464,84
589,106
543,98
460,83
426,77
421,76
564,102
745,134
496,89
462,83
676,122
552,99
498,90
597,107
356,64
529,95
506,91
548,99
385,69
298,54
594,107
663,119
556,100
605,109
372,67
596,107
445,80
673,121
722,130
742,134
337,61
494,89
515,93
847,152
596,107
447,80
844,152
418,75
334,60
797,143
391,70
497,89
695,125
496,89
491,88
485,87
553,100
298,54
818,147
369,66
521,94
441,79
542,98
339,61
513,92
637,115
670,121
488,88
617,111
543,98
329,59
593,107
796,143
455,82
588,106
495,89
445,80
544,98
379,68
696,125
426,77
822,148
300,54
615,111
559,101
530,95
555,100
529,95
519,93
509,92
651,117
693,125
500,90
787,142
320,58
690,124
557,100
583,105
309,56
795,143
793,143
604,109
831,150
553,100
746,134
427,77
479,86
575,104
448,81
393,71
484,87
437,79
466,84
512,92
398,72
356,64
713,128
422,76
370,67
549,99
501,90
463,83
529,95
662,119
539,97
589,106
464,84
563,101
586,105
566,102
515,93
301,54
560,101
606,109
528,95
438,79
432,78
407,73
396,71
339,61
571,103
424,76
641,115
434,78
532,96
859,155
376,68
770,139
589,106
594,107
560,101
495,89
703,127
400,72
372,67
528,95
443,80
579,104
496,89
388,70
357,64
536,96
582,105
290,52
437,79
539,97
842,152
741,133
315,57
788,142
780,140
384,69
585,105
368,66
577,104
353,64
541,97
541,97
699,126
446,80
472,85
823,148
619,111
684,123
840,151
518,93
364,66
396,71
476,86
529,95
566,102
460,83
537,97
474,85
553,100
345,62
480,86
759,137
516,93
346,62
325,59
781,141
643,116
627,113
576,104
399,72
715,129
426,77
441,79
482,87
514,93
538,97
530,95
387,70
456,82
525,95
541,97
353,64
702,126
403,73
403,73
455,82
543,98
567,102
445,80
320,58
516,93
761,137
479,86
375,68
472,85
665,120
604,109
565,102
498,90
607,109
535,96
745,134
396,71
347,62
411,74
475,86
543,98
418,75
483,87
391,70
419,75
445,80
382,69
396,71
383,69
338,61
607,109
500,90
620,112
581,105
510,92
380,68
518,93
423,76
497,89
412,74
575,104
431,78
625,113
420,76
533,96
718,129
470,85
490,88
582,105
344,62
394,71
407,73
671,121
525,95
713,128
484,87
452,81
778,140
492,89
392,71
515,93
516,93
399,72
371,67
358,64
470,85
847,152
367,66
698,126
601,108
351,63
693,125
458,82
378,68
381,69
465,84
473,85
331,60
453,82
403,73
560,101
543,98
410,74
571,103
551,99
690,124
546,98
480,86
573,103
491,88
520,94
369,66
406,73
376,68
511,92
464,84
339,61
488,88
555,100
426,77
506,91
545,98
330,59
443,80
763,137
510,92
517,93
486,87
743,134
388,70
370,67
773,139
368,66
629,113
481,87
511,92
468,84
609,110
579,104
479,86
449,81
541,97
415,75
584,105
468,84
377,68
340,61
459,83
598,108
420,76
525,95
753,136
471,85
541,97
392,71
474,85
733,132
516,93
352,63
325,59
454,82
602,108
388,70
381,69
457,82
473,85
497,89
430,77
499,90
565,102
460,83
686,123
386,69
791,142
528,95
356,64
375,68
467,84
627,113
319,57
583,105
430,77
366,66
870,157
516,93
531,96
348,63
690,124
624,112
462,83
600,108
404,73
544,98
526,95
461,83
438,79
455,82
351,63
487,88
525,95
547,98
478,86
506,91
451,81
525,95
460,83
637,115
546,98
407,73
365,66
685,123
509,92
436,78
589,106
617,111
608,109
651,117
461,83
428,77
410,74
758,136
498,90
633,114
477,86
490,88
503,91
666,120
548,99
450,81
619,111
337,61
815,147
541,97
435,78
448,81
550,99
324,58
364,66
461,83
674,121
483,87
552,99
560,101
423,76
442,80
309,56
452,81
653,118
519,93
368,66
625,113
499,90
604,109
380,68
466,84
752,135
336,60
610,110
673,121
455,82
593,107
443,80
435,78
470,85
409,74
683,123
456,82
533,96
549,99
429,77
365,66
658,118
553,100
486,87
437,79
477,86
421,76
528,95
778,140
382,69
315,57
543,98
609,110
787,142
423,76
689,124
530,95
553,100
588,106
665,120
361,65
596,107
507,91
628,113
454,82
334,60
383,69
456,82
824,148
432,78
846,152
641,115
670,121
631,114
475,86
546,98
628,113
637,115
578,104
372,67
440,79
813,146
401,72
544,98
492,89
466,84
411,74
771,139
331,60
382,69
522,94
549,99
684,123
497,89
624,112
675,122
438,79
555,100
531,96
725,131
491,88
527,95
450,81
403,73
390,70
498,90
455,82
664,120
454,82
549,99
570,103
376,68
503,91
485,87
388,70
357,64
336,60
530,95
564,102
582,105
594,107
404,73
445,80
713,128
552,99
624,112
489,88
518,93
659,119
391,70
363,65
514,93
601,108
557,100
501,90
523,94
315,57
416,75
507,91
343,62
408,73
338,61
592,107
315,57
342,62
374,67
632,114
548,99
385,69
432,78
472,85
439,79
571,103
416,75
343,62
616,111
550,99
744,134
486,87
440,79
415,75
577,104
327,59
473,85
633,114
603,109
654,118
386,69
464,84
471,85
515,93
477,86
452,81
607,109
462,83
475,86
469,84
710,128
478,86
648,117
351,63
443,80
623,112
583,105
432,78
750,135
452,81
573,103
492,89
385,69
499,90
605,109
512,92
502,90
760,137
340,61
342,62
552,99
737,133
444,80
507,91
448,81
541,97
376,68
449,81
465,84
457,82
323,58
589,106
324,58
474,85
584,105
552,99
546,98
465,84
702,126
403,73
676,122
379,68
423,76
408,73
424,76
668,120
739,133
413,74
574,103
454,82
357,64
529,95
666,120
457,82
748,135
503,91
347,62
352,63
485,87
818,147
619,111
867,156
550,99
480,86
319,57
460,83
521,94
857,154
535,96
677,122
455,82
533,96
418,75
496,89
545,98
509,92
531,96
680,122
638,115
477,86
527,95
651,117
463,83
538,97
753,136
689,124
300,54
557,100
781,141
479,86
543,98
651,117
443,80
371,67
543,98
423,76
507,91
391,70
498,90
585,105
311,56
562,101
467,84
662,119
480,86
427,77
356,64
571,103
744,134
433,78
390,70
476,86
568,102
776,140
379,68
332,60
490,88
414,75
598,108
800,144
396,71
783,141
589,106
473,85
619,111
654,118
569,102
384,69
602,108
463,83
417,75
443,80
646,116
461,83
352,63
354,64
577,104
476,86
392,71
471,85
704,127
482,87
372,67
692,125
544,98
500,90
534,96
364,66
403,73
378,68
570,103
554,100
312,56
299,54
492,89
428,77
650,117
640,115
500,90
473,85
419,75
583,105
739,133
709,128
475,86
387,70
541,97
436,78
397,71
438,79
644,116
550,99
331,60
550,99
535,96
324,58
564,102
429,77
506,91
507,91
379,68
320,58
503,91
516,93
629,113
330,59
657,118
447,80
368,66
436,78
327,59
440,79
628,113
495,89
384,69
486,87
573,103
402,72
695,125
490,88
644,116
537,97
437,79
462,83
362,65
340,61
576,104
538,97
439,79
302,54
553,100
501,90
530,95
498,90
446,80
620,112
689,124
483,87
681,123
583,105
758,136
563,101
603,109
447,80
490,88
405,73
506,91
380,68
696,125
704,127
565,102
446,80
609,110
750,135
743,134
465,84
599,108
328,59
622,112
409,74
428,77
741,133
367,66
305,55
453,82
567,102
721,130
553,100
379,68
734,132
482,87
619,111
765,138
394,71
591,106
390,70
412,74
454,82
363,65
566,102
468,84
515,93
613,110
563,101
811,146
382,69
688,124
634,114
540,97
642,116
553,100
561,101
446,80
472,85
561,101
601,108
366,66
370,67
415,75
468,84
547,98
386,69
324,58
371,67
572,103
560,101
611,110
717,129
553,100
450,81
351,63
653,118
529,95
542,98
437,79
592,107
838,151
398,72
447,80
723,130
441,79
748,135
792,143
403,73
393,71
338,61
366,66
583,105
589,106
633,114
498,90
516,93
438,79
490,88
408,73
404,73
446,80
617,111
779,140
473,85
642,116
731,132
618,111
557,100
528,95
484,87
366,66
576,104
418,75
502,90
568,102
840,151
446,80
556,100
733,132
543,98
532,96
605,109
302,54
660,119
552,99
558,100
854,154
427,77
489,88
527,95
603,109
483,87
410,74
425,77
724,130
437,79
581,105
458,82
619,111
408,73
449,81
557,100
585,105
385,69
310,56
396,71
740,133
646,116
631,114
627,113
365,66
390,70
333,60
406,73
575,104
706,127
689,124
388,70
625,113
391,70
364,66
444,80
400,72
340,61
387,70
631,114
511,92
660,119
509,92
462,83
501,90
585,105
424,76
530,95
405,73
370,67
617,111
492,89
369,66
489,88
567,102
448,81
446,80
378,68
524,94
322,58
428,77
622,112
837,151
593,107
743,134
484,87
343,62
485,87
733,132
550,99
442,80
347,62
653,118
427,77
517,93
656,118
680,122
642,116
530,95
417,75
369,66
395,71
535,96
615,111
483,87
728,131
329,59
321,58
459,83
683,123
398,72
526,95
387,70
377,68
300,54
410,74
639,115
475,86
410,74
562,101
541,97
470,85
388,70
339,61
489,88
447,80
801,144
581,105
752,135
796,143
483,87
693,125
328,59
637,115
683,123
491,88
465,84
516,93
406,73
447,80
626,113
391,70
632,114
405,73
635,114
349,63
546,98
415,75
671,121
419,75
375,68
516,93
420,76
651,117
507,91
419,75
714,129
388,70
486,87
426,77
523,94
415,75
789,142
355,64
598,108
744,134
559,101
496,89
379,68
653,118
400,72
334,60
495,89
454,82
330,59
444,80
461,83
510,92
765,138
648,117
459,83
477,86
570,103
437,79
596,107
428,77
463,83
746,134
385,69
735,132
579,104
453,82
522,94
440,79
537,97
481,87
477,86
413,74
704,127
778,140
453,82
752,135
521,94
409,74
345,62
348,63
811,146
529,95
642,116
495,89
544,98
511,92
631,114
367,66
370,67
509,92
576,104
653,118
537,97
335,60
321,58
603,109
418,75
510,92
696,125
469,84
338,61
539,97
496,89
333,60
448,81
362,65
582,105
404,73
601,108
477,86
428,77
710,128
717,129
540,97
581,105
585,105
359,65
523,94
359,65
518,93
424,76
600,108
792,143
420,76
657,118
699,126
478,86
711,128
490,88
551,99
499,90
607,109
470,85
454,82
371,67
468,84
468,84
476,86
675,122
501,90
519,93
498,90
478,86
366,66
332,60
364,66
406,73
476,86
608,109
396,71
644,116
505,91
364,66
354,64
773,139
419,75
570,103
472,85
622,112
483,87
577,104
543,98
371,67
740,133
401,72
575,104
428,77
398,72
716,129
826,149
635,114
627,113
414,75
590,106
781,141
580,104
486,87
578,104
536,96
630,113
580,104
480,86
744,134
434,78
780,140
405,73
539,97
509,92
395,71
576,104
340,61
798,144
650,117
527,95
375,68
356,64
381,69
445,80
513,92
466,84
629,113
392,71
548,99
627,113
846,152
318,57
564,102
480,86
396,71
368,66
517,93
489,88
513,92
722,130
618,111
506,91
326,59
507,91
326,59
775,140
305,55
491,88
432,78
413,74
460,83
620,112
542,98
626,113
581,105
753,136
475,86
355,64
483,87
617,111
518,93
596,107
551,99
398,72
481,87
389,70
452,81
339,61
601,108
588,106
351,63
301,54
348,63
464,84
349,63
467,84
821,148
419,75
541,97
518,93
611,110
608,109
512,92
373,67
433,78
641,115
424,76
572,103
338,61
364,66
489,88
774,139
339,61
613,110
561,101
492,89
648,117
447,80
458,82
338,61
468,84
478,86
446,80
573,103
432,78
424,76
358,64
473,85
605,109
366,66
515,93
447,80
815,147
696,125
447,80
459,83
583,105
572,103
474,85
465,84
536,96
435,78
432,78
603,109
446,80
601,108
333,60
578,104
401,72
608,109
412,74
649,117
544,98
642,116
484,87
294,53
367,66
548,99
361,65
579,104
722,130
578,104
600,108
554,100
381,69
386,69
583,105
619,111
760,137
485,87
549,99
489,88
479,86
465,84
455,82
538,97
434,78
499,90
548,99
511,92
355,64
764,138
476,86
400,72
524,94
389,70
706,127
480,86
577,104
384,69
514,93
744,134
452,81
605,109
540,97
468,84
723,130
416,75
619,111
461,83
456,82
418,75
393,71
579,104
469,84
514,93
385,69
571,103
458,82
353,64
597,107
459,83
585,105
582,105
621,112
535,96
523,94
375,68
414,75
491,88
627,113
482,87
698,126
583,105
589,106
461,83
477,86
603,109
573,103
448,81
395,71
528,95
608,109
611,110
457,82
556,100
433,78
762,137
336,60
469,84
561,101
374,67
366,66
381,69
416,75
675,122
403,73
486,87
534,96
536,96
650,117
582,105
627,113
480,86
757,136
470,85
445,80
481,87
479,86
445,80
418,75
405,73
397,71
517,93
467,84
479,86
586,105
343,62
365,66
602,108
500,90
844,152
725,131
817,147
474,85
455,82
602,108
487,88
601,108
339,61
608,109
340,61
463,83
582,105
348,63
399,72
362,65
646,116
516,93
464,84
495,89
697,125
378,68
816,147
509,92
497,89
386,69
359,65
321,58
690,124
551,99
535,96
407,73
739,133
353,64
714,129
609,110
568,102
564,102
367,66
487,88
523,94
578,104
473,85
404,73
391,70
691,124
367,66
675,122
362,65
803,145
593,107
706,127
464,84
380,68
728,131
584,105
473,85
602,108
338,61
500,90
447,80
670,121
443,80
379,68
426,77
429,77
839,151
639,115
320,58
468,84
334,60
469,84
485,87
428,77
560,101
492,89
338,61
516,93
603,109
522,94
463,83
558,100
587,106
452,81
602,108
513,92
438,79
487,88
522,94
330,59
493,89
369,66
334,60
572,103
573,103
559,101
402,72
515,93
482,87
510,92
648,117
752,135
400,72
350,63
662,119
496,89
387,70
524,94
393,71
519,93
447,80
310,56
399,72
502,90
424,76
547,98
725,131
456,82
534,96
585,105
367,66
528,95
439,79
648,117
406,73
490,88
365,66
561,101
312,56
645,116
455,82
852,153
563,101
512,92
461,83
559,101
557,100
725,131
542,98
466,84
639,115
430,77
401,72
498,90
597,107
563,101
401,72
516,93
454,82
519,93
588,106
706,127
442,80
513,92
367,66
667,120
725,131
464,84
672,121
355,64
401,72
351,63
481,87
702,126
840,151
410,74
582,105
328,59
493,89
484,87
373,67
655,118
493,89
620,112
525,95
447,80
533,96
780,140
597,107
290,52
436,78
501,90
409,74
529,95
420,76
530,95
500,90
627,113
490,88
805,145
421,76
435,78
736,132
435,78
707,127
462,83
563,101
367,66
309,56
523,94
717,129
643,116
357,64
792,143
565,102
362,65
487,88
642,116
459,83
454,82
569,102
535,96
706,127
491,88
379,68
598,108
544,98
402,72
705,127
408,73
413,74
631,114
607,109
453,82
434,78
860,155
434,78
474,85
390,70
516,93
801,144
476,86
323,58
368,66
634,114
442,80
372,67
327,59
386,69
383,69
409,74
561,101
589,106
562,101
630,113
575,104
806,145
644,116
483,87
572,103
487,88
540,97
510,92
412,74
389,70
618,111
653,118
416,75
792,143
576,104
652,117
482,87
574,103
561,101
365,66
628,113
568,102
506,91
585,105
636,114
437,79
437,79
429,77
723,130
539,97
391,70
499,90
666,120
644,116
392,71
695,125
523,94
482,87
538,97
455,82
651,117
608,109
453,82
565,102
672,121
640,115
341,61
374,67
409,74
628,113
629,113
369,66
513,92
646,116
792,143
548,99
449,81
660,119
369,66
356,64
618,111
666,120
426,77
377,68
485,87
554,100
398,72
455,82
385,69
578,104
472,85
590,106
418,75
535,96
498,90
641,115
411,74
315,57
583,105
823,148
663,119
515,93
519,93
692,125
529,95
462,83
299,54
332,60
611,110
469,84
460,83
435,78
535,96
320,58
336,60
542,98
344,62
513,92
518,93
382,69
432,78
472,85
463,83
772,139
348,63
419,75
733,132
420,76
646,116
312,56
416,75
499,90
462,83
556,100
691,124
492,89
475,86
660,119
534,96
548,99
316,57
661,119
528,95
324,58
602,108
329,59
689,124
344,62
466,84
576,104
577,104
665,120
507,91
465,84
564,102
820,148
436,78
642,116
457,82
669,120
613,110
365,66
393,71
480,86
418,75
614,111
507,91
554,100
547,98
692,125
364,66
721,130
388,70
637,115
625,113
477,86
833,150
631,114
524,94
337,61
591,106
627,113
773,139
313,56
496,89
738,133
513,92
577,104
347,62
504,91
839,151
576,104
525,95
735,132
393,71
389,70
549,99
610,110
662,119
329,59
449,81
518,93
605,109
561,101
374,67
555,100
551,99
541,97
637,115
537,97
428,77
368,66
605,109
421,76
335,60
393,71
569,102
396,71
463,83
332,60
384,69
725,131
437,79
724,130
420,76
433,78
670,121
434,78
368,66
407,73
322,58
421,76
637,115
629,113
304,55
820,148
331,60
843,152
539,97
548,99
435,78
415,75
521,94
457,82
513,92
459,83
448,81
434,78
437,79
429,77
545,98
410,74
536,96
550,99
422,76
416,75
444,80
575,104
505,91
473,85
332,60
485,87
646,116
461,83
659,119
575,104
432,78
545,98
355,64
465,84
405,73
434,78
423,76
518,93
504,91
478,86
683,123
580,104
585,105
473,85
633,114
733,132
496,89
634,114
587,106
513,92
513,92
471,85
384,69
598,108
771,139
367,66
653,118
488,88
594,107
345,62
582,105
373,67
376,68
590,106
568,102
403,73
432,78
482,87
430,77
370,67
562,101
353,64
537,97
462,83
506,91
458,82
602,108
447,80
348,63
652,117
479,86
655,118
746,134
337,61
483,87
690,124
536,96
610,110
589,106
667,120
414,75
465,84
383,69
396,71
744,134
379,68
632,114
744,134
550,99
425,77
441,79
515,93
864,156
449,81
533,96
541,97
496,89
409,74
757,136
673,121
482,87
332,60
333,60
485,87
553,100
634,114
509,92
436,78
569,102
388,70
783,141
538,97
486,87
551,99
521,94
416,75
452,81
415,75
529,95
497,89
450,81
397,71
303,55
542,98
461,83
375,68
832,150
588,106
396,71
426,77
520,94
399,72
642,116
582,105
583,105
535,96
410,74
514,93
453,82
553,100
457,82
494,89
481,87
490,88
365,66
332,60
478,86
298,54
393,71
408,73
844,152
557,100
372,67
301,54
518,93
531,96
682,123
388,70
507,91
415,75
626,113
343,62
637,115
376,68
646,116
467,84
451,81
299,54
528,95
786,141
421,76
481,87
469,84
385,69
433,78
575,104
344,62
460,83
732,132
608,109
461,83
497,89
530,95
389,70
601,108
403,73
344,62
402,72
485,87
791,142
589,106
497,89
466,84
427,77
450,81
359,65
688,124
503,91
458,82
362,65
611,110
570,103
620,112
647,116
635,114
484,87
335,60
423,76
496,89
504,91
565,102
597,107
445,80
370,67
745,134
322,58
537,97
424,76
341,61
384,69
337,61
290,52
416,75
523,94
424,76
461,83
583,105
498,90
423,76
336,60
503,91
509,92
681,123
584,105
533,96
540,97
615,111
820,148
621,112
448,81
749,135
425,77
514,93
546,98
351,63
684,123
691,124
448,81
521,94
378,68
312,56
507,91
680,122
473,85
434,78
766,138
435,78
744,134
442,80
306,55
792,143
814,147
814,147
636,114
451,81
511,92
547,98
598,108
327,59
499,90
377,68
431,78
544,98
450,81
487,88
426,77
680,122
519,93
361,65
402,72
482,87
405,73
519,93
710,128
477,86
525,95
432,78
487,88
547,98
391,70
332,60
480,86
406,73
595,107
487,88
322,58
494,89
439,79
370,67
456,82
296,53
846,152
620,112
335,60
413,74
347,62
541,97
514,93
587,106
597,107
628,113
790,142
730,131
510,92
447,80
533,96
474,85
452,81
700,126
467,84
533,96
612,110
376,68
399,72
690,124
477,86
535,96
320,58
439,79
435,78
312,56
589,106
415,75
530,95
410,74
406,73
370,67
493,89
516,93
665,120
476,86
468,84
408,73
511,92
657,118
626,113
772,139
437,79
365,66
508,91
487,88
519,93
645,116
480,86
548,99
396,71
597,107
571,103
333,60
715,129
467,84
488,88
411,74
448,81
458,82
618,111
520,94
562,101
814,147
590,106
362,65
490,88
382,69
422,76
480,86
503,91
739,133
469,84
366,66
447,80
482,87
499,90
373,67
460,83
724,130
591,106
495,89
483,87
557,100
660,119
604,109
337,61
472,85
391,70
389,70
388,70
337,61
375,68
587,106
474,85
625,113
548,99
761,137
470,85
504,91
605,109
334,60
501,90
308,55
521,94
499,90
412,74
514,93
660,119
409,74
372,67
416,75
549,99
375,68
687,124
617,111
466,84
322,58
450,81
750,135
507,91
473,85
418,75
709,128
671,121
392,71
574,103
676,122
571,103
383,69
400,72
314,57
578,104
335,60
485,87
489,88
450,81
450,81
650,117
405,73
394,71
474,85
493,89
730,131
684,123
587,106
321,58
326,59
872,157
440,79
639,115
377,68
488,88
459,83
362,65
566,102
480,86
320,58
415,75
527,95
571,103
660,119
493,89
479,86
505,91
505,91
480,86
596,107
434,78
397,71
437,79
388,70
472,85
405,73
391,70
572,103
419,75
776,140
502,90
594,107
362,65
536,96
489,88
501,90
327,59
515,93
377,68
471,85
322,58
544,98
472,85
432,78
393,71
326,59
405,73
402,72
551,99
454,82
605,109
591,106
366,66
416,75
435,78
666,120
386,69
568,102
354,64
551,99
512,92
471,85
498,90
418,75
716,129
415,75
354,64
708,127
770,139
490,88
311,56
479,86
473,85
660,119
526,95
598,108
501,90
300,54
546,98
529,95
817,147
442,80
719,129
499,90
636,114
598,108
557,100
804,145
399,72
523,94
439,79
636,114
538,97
605,109
418,75
355,64
512,92
541,97
468,84
618,111
529,95
462,83
513,92
433,78
562,101
453,82
379,68
521,94
748,135
566,102
542,98
476,86
374,67
472,85
753,136
708,127
336,60
479,86
517,93
526,95
586,105
648,117
440,79
549,99
511,92
371,67
448,81
443,80
660,119
590,106
657,118
603,109
665,120
540,97
526,95
613,110
511,92
321,58
619,111
360,65
582,105
508,91
391,70
300,54
455,82
557,100
386,69
408,73
506,91
476,86
520,94
340,61
751,135
776,140
622,112
516,93
664,120
614,111
477,86
684,123
648,117
522,94
595,107
443,80
593,107
484,87
440,79
475,86
663,119
531,96
516,93
446,80
716,129
496,89
375,68
401,72
535,96
460,83
366,66
610,110
540,97
568,102
629,113
678,122
353,64
540,97
443,80
333,60
486,87
574,103
386,69
669,120
550,99
687,124
721,130
345,62
497,89
419,75
561,101
664,120
487,88
684,123
390,70
574,103
412,74
569,102
502,90
567,102
466,84
514,93
539,97
555,100
347,62
574,103
359,65
418,75
309,56
423,76
455,82
439,79
579,104
671,121
433,78
535,96
585,105
531,96
632,114
549,99
441,79
397,71
760,137
491,88
438,79
536,96
583,105
667,120
431,78
345,62
399,72
383,69
665,120
445,80
632,114
613,110
353,64
513,92
491,88
427,77
610,110
483,87
457,82
428,77
375,68
746,134
534,96
391,70
475,86
613,110
396,71
480,86
406,73
510,92
543,98
487,88
319,57
368,66
669,120
759,137
297,53
383,69
439,79
681,123
544,98
617,111
529,95
556,100
597,107
634,114
499,90
535,96
801,144
404,73
491,88
501,90
518,93
594,107
356,64
315,57
585,105
507,91
512,92
416,75
398,72
413,74
797,143
655,118
527,95
511,92
533,96
745,134
465,84
612,110
480,86
642,116
368,66
603,109
442,80
491,88
461,83
536,96
356,64
667,120
398,72
454,82
522,94
482,87
503,91
374,67
492,89
592,107
347,62
690,124
726,131
374,67
315,57
567,102
399,72
403,73
591,106
492,89
324,58
544,98
401,72
374,67
617,111
497,89
800,144
363,65
353,64
301,54
693,125
423,76
548,99
402,72
516,93
429,77
556,100
321,58
497,89
484,87
421,76
493,89
416,75
767,138
374,67
374,67
393,71
590,106
538,97
457,82
537,97
463,83
459,83
771,139
472,85
480,86
673,121
723,130
377,68
645,116
443,80
723,130
440,79
441,79
324,58
616,111
376,68
548,99
533,96
537,97
673,121
493,89
563,101
776,140
787,142
718,129
541,97
518,93
411,74
449,81
700,126
359,65
435,78
360,65
415,75
559,101
441,79
409,74
562,101
639,115
507,91
625,113
559,101
348,63
668,120
519,93
622,112
537,97
353,64
601,108
351,63
569,102
681,123
534,96
373,67
575,104
451,81
579,104
375,68
510,92
656,118
474,85
811,146
480,86
621,112
443,80
761,137
530,95
464,84
338,61
696,125
605,109
510,92
542,98
496,89
766,138
474,85
472,85
490,88
597,107
555,100
451,81
530,95
795,143
395,71
303,55
626,113
630,113
557,100
507,91
536,96
582,105
501,90
354,64
695,125
403,73
329,59
703,127
357,64
370,67
692,125
466,84
363,65
549,99
604,109
376,68
529,95
298,54
355,64
467,84
758,136
398,72
433,78
627,113
460,83
339,61
534,96
413,74
582,105
544,98
393,71
361,65
457,82
524,94
332,60
754,136
540,97
432,78
509,92
702,126
506,91
656,118
674,121
354,64
443,80
499,90
676,122
480,86
688,124
457,82
360,65
638,115
492,89
398,72
603,109
715,129
491,88
627,113
671,121
353,64
611,110
464,84
729,131
566,102
363,65
389,70
601,108
513,92
569,102
359,65
488,88
373,67
507,91
796,143
464,84
420,76
567,102
509,92
637,115
350,63
429,77
567,102
392,71
663,119
778,140
442,80
442,80
813,146
461,83
542,98
403,73
505,91
599,108
613,110
733,132
438,79
576,104
501,90
638,115
479,86
368,66
512,92
536,96
567,102
360,65
697,125
322,58
703,127
743,134
343,62
632,114
405,73
308,55
444,80
334,60
795,143
490,88
607,109
637,115
605,109
440,79
410,74
353,64
358,64
539,97
809,146
510,92
818,147
618,111
336,60
483,87
403,73
544,98
592,107
424,76
653,118
374,67
512,92
569,102
680,122
505,91
567,102
420,76
642,116
602,108
403,73
843,152
742,134
489,88
312,56
486,87
353,64
326,59
565,102
339,61
639,115
333,60
668,120
632,114
511,92
459,83
503,91
488,88
562,101
452,81
472,85
391,70
434,78
644,116
669,120
420,76
384,69
640,115
421,76
736,132
663,119
341,61
370,67
369,66
623,112
533,96
364,66
531,96
531,96
471,85
617,111
716,129
495,89
539,97
506,91
492,89
645,116
521,94
723,130
573,103
444,80
636,114
545,98
402,72
444,80
652,117
332,60
571,103
375,68
360,65
394,71
571,103
581,105
467,84
418,75
370,67
415,75
458,82
557,100
581,105
572,103
445,80
419,75
440,79
421,76
658,118
347,62
497,89
632,114
413,74
513,92
537,97
566,102
516,93
681,123
573,103
847,152
459,83
518,93
770,139
381,69
385,69
633,114
691,124
522,94
404,73
457,82
343,62
465,84
531,96
623,112
523,94
651,117
377,68
365,66
610,110
344,62
483,87
409,74
625,113
626,113
418,75
426,77
583,105
415,75
474,85
435,78
364,66
588,106
427,77
417,75
663,119
537,97
663,119
555,100
389,70
339,61
564,102
758,136
485,87
664,120
342,62
429,77
324,58
525,95
365,66
498,90
554,100
330,59
675,122
385,69
731,132
692,125
409,74
349,63
320,58
403,73
503,91
478,86
445,80
384,69
443,80
379,68
831,150
711,128
415,75
533,96
613,110
325,59
506,91
660,119
650,117
307,55
596,107
659,119
565,102
733,132
578,104
398,72
647,116
607,109
575,104
393,71
740,133
691,124
585,105
507,91
661,119
497,89
300,54
568,102
395,71
516,93
715,129
581,105
340,61
510,92
507,91
730,131
479,86
611,110
515,93
529,95
472,85
548,99
709,128
718,129
686,123
789,142
684,123
358,64
703,127
667,120
377,68
431,78
504,91
575,104
478,86
758,136
750,135
659,119
814,147
357,64
770,139
508,91
510,92
696,125
510,92
454,82
766,138
529,95
610,110
413,74
343,62
756,136
371,67
414,75
469,84
521,94
312,56
651,117
368,66
654,118
353,64
868,156
465,84
544,98
448,81
376,68
673,121
470,85
519,93
599,108
598,108
548,99
622,112
570,103
515,93
527,95
792,143
388,70
682,123
324,58
548,99
457,82
701,126
361,65
455,82
405,73
346,62
613,110
562,101
585,105
519,93
417,75
550,99
663,119
607,109
555,100
399,72
674,121
541,97
461,83
452,81
347,62
689,124
354,64
652,117
780,140
479,86
320,58
427,77
368,66
392,71
573,103
506,91
523,94
687,124
350,63
359,65
512,92
350,63
492,89
745,134
517,93
393,71
509,92
398,72
577,104
486,87
503,91
789,142
487,88
568,102
420,76
610,110
586,105
530,95
345,62
717,129
475,86
520,94
448,81
318,57
386,69
551,99
691,124
338,61
655,118
310,56
466,84
566,102
478,86
441,79
704,127
642,116
509,92
364,66
471,85
572,103
451,81
548,99
485,87
551,99
412,74
595,107
342,62
332,60
539,97
689,124
702,126
363,65
683,123
807,145
313,56
846,152
646,116
614,111
595,107
755,136
420,76
567,102
522,94
490,88
601,108
546,98
678,122
613,110
334,60
347,62
573,103
685,123
580,104
501,90
540,97
559,101
432,78
627,113
367,66
522,94
543,98
601,108
434,78
622,112
338,61
531,96
621,112
624,112
443,80
344,62
443,80
415,75
706,127
328,59
387,70
550,99
654,118
674,121
642,116
592,107
410,74
442,80
309,56
626,113
350,63
480,86
586,105
372,67
569,102
772,139
690,124
802,144
676,122
573,103
593,107
442,80
655,118
492,89
452,81
354,64
306,55
463,83
576,104
504,91
324,58
572,103
369,66
585,105
871,157
647,116
342,62
611,110
530,95
496,89
468,84
443,80
549,99
310,56
628,113
464,84
531,96
466,84
518,93
775,140
448,81
384,69
790,142
558,100
497,89
382,69
596,107
643,116
604,109
496,89
480,86
348,63
663,119
645,116
672,121
588,106
637,115
559,101
353,64
360,65
701,126
644,116
557,100
674,121
846,152
522,94
543,98
457,82
438,79
566,102
539,97
493,89
324,58
354,64
529,95
585,105
428,77
324,58
692,125
594,107
479,86
706,127
563,101
690,124
588,106
376,68
439,79
500,90
551,99
491,88
673,121
446,80
563,101
426,77
384,69
536,96
572,103
429,77
333,60
430,77
757,136
533,96
669,120
405,73
422,76
403,73
555,100
539,97
504,91
658,118
511,92
531,96
626,113
678,122
388,70
484,87
387,70
777,140
432,78
558,100
529,95
530,95
413,74
455,82
765,138
556,100
399,72
590,106
610,110
462,83
511,92
431,78
470,85
603,109
754,136
536,96
435,78
442,80
802,144
424,76
670,121
586,105
666,120
779,140
438,79
516,93
418,75
393,71
361,65
547,98
313,56
590,106
361,65
442,80
483,87
574,103
795,143
378,68
603,109
382,69
513,92
722,130
526,95
385,69
532,96
777,140
461,83
562,101
406,73
481,87
660,119
411,74
487,88
581,105
522,94
491,88
518,93
325,59
499,90
516,93
573,103
876,158
500,90
561,101
537,97
607,109
402,72
528,95
593,107
453,82
582,105
313,56
550,99
611,110
555,100
589,106
348,63
451,81
512,92
393,71
465,84
622,112
583,105
454,82
560,101
390,70
672,121
561,101
527,95
403,73
397,71
526,95
374,67
677,122
466,84
513,92
570,103
565,102
605,109
367,66
391,70
419,75
577,104
494,89
494,89
493,89
311,56
694,125
669,120
487,88
454,82
499,90
687,124
460,83
478,86
347,62
698,126
723,130
342,62
628,113
368,66
469,84
429,77
393,71
375,68
441,79
471,85
602,108
386,69
466,84
444,80
537,97
584,105
508,91
521,94
394,71
518,93
466,84
638,115
812,146
478,86
408,73
696,125
402,72
603,109
429,77
591,106
530,95
401,72
655,118
549,99
629,113
434,78
312,56
375,68
604,109
516,93
426,77
292,53
443,80
442,80
438,79
587,106
343,62
745,134
446,80
570,103
446,80
472,85
332,60
435,78
462,83
501,90
419,75
501,90
475,86
458,82
599,108
504,91
539,97
350,63
421,76
518,93
326,59
736,132
701,126
339,61
684,123
782,141
500,90
446,80
462,83
733,132
387,70
371,67
556,100
410,74
377,68
538,97
405,73
846,152
521,94
463,83
449,81
581,105
502,90
547,98
631,114
620,112
625,113
517,93
524,94
506,91
608,109
514,93
587,106
353,64
773,139
339,61
630,113
405,73
627,113
432,78
432,78
483,87
771,139
375,68
761,137
446,80
536,96
585,105
392,71
695,125
343,62
499,90
300,54
592,107
534,96
389,70
416,75
429,77
462,83
447,80
351,63
471,85
419,75
576,104
476,86
479,86
799,144
566,102
357,64
430,77
691,124
529,95
425,77
776,140
640,115
549,99
504,91
401,72
366,66
826,149
419,75
445,80
582,105
440,79
697,125
313,56
698,126
321,58
603,109
412,74
469,84
615,111
559,101
357,64
582,105
720,130
310,56
578,104
525,95
415,75
384,69
567,102
314,57
506,91
322,58
378,68
576,104
443,80
301,54
379,68
616,111
545,98
375,68
551,99
497,89
418,75
525,95
373,67
546,98
417,75
643,116
501,90
539,97
484,87
322,58
480,86
606,109
527,95
366,66
398,72
462,83
643,116
780,140
770,139
537,97
848,153
446,80
755,136
509,92
427,77
693,125
393,71
521,94
464,84
610,110
566,102
412,74
400,72
637,115
618,111
583,105
447,80
442,80
516,93
739,133
609,110
797,143
507,91
340,61
473,85
601,108
397,71
510,92
603,109
572,103
602,108
309,56
388,70
319,57
557,100
620,112
671,121
514,93
598,108
369,66
767,138
460,83
617,111
357,64
635,114
585,105
456,82
511,92
810,146
496,89
481,87
471,85
464,84
719,129
354,64
392,71
445,80
392,71
463,83
519,93
383,69
523,94
488,88
514,93
342,62
557,100
502,90
631,114
463,83
446,80
460,83
357,64
494,89
550,99
561,101
448,81
377,68
714,129
484,87
396,71
791,142
339,61
430,77
371,67
600,108
833,150
527,95
483,87
520,94
483,87
559,101
574,103
564,102
453,82
553,100
567,102
438,79
595,107
746,134
430,77
620,112
658,118
566,102
744,134
674,121
329,59
609,110
555,100
356,64
529,95
552,99
424,76
462,83
555,100
511,92
476,86
443,80
564,102
669,120
536,96
464,84
421,76
522,94
480,86
480,86
720,130
639,115
526,95
443,80
318,57
690,124
360,65
393,71
537,97
485,87
349,63
376,68
855,154
468,84
613,110
741,133
560,101
529,95
655,118
516,93
531,96
547,98
534,96
475,86
370,67
575,104
354,64
394,71
450,81
571,103
367,66
432,78
341,61
376,68
466,84
402,72
379,68
636,114
576,104
617,111
629,113
684,123
415,75
518,93
672,121
364,66
516,93
347,62
519,93
478,86
327,59
742,134
409,74
398,72
452,81
350,63
516,93
647,116
595,107
664,120
430,77
615,111
695,125
440,79
439,79
377,68
473,85
519,93
434,78
524,94
554,100
528,95
444,80
500,90
480,86
485,87
329,59
462,83
643,116
465,84
753,136
561,101
700,126
526,95
558,100
432,78
750,135
631,114
573,103
472,85
583,105
626,113
691,124
422,76
400,72
414,75
414,75
466,84
470,85
568,102
809,146
487,88
410,74
402,72
559,101
561,101
501,90
505,91
493,89
484,87
487,88
548,99
379,68
517,93
670,121
678,122
511,92
448,81
440,79
505,91
489,88
467,84
547,98
519,93
391,70
687,124
396,71
582,105
392,71
384,69
507,91
557,100
493,89
480,86
625,113
623,112
500,90
729,131
366,66
503,91
604,109
383,69
788,142
353,64
611,110
433,78
408,73
523,94
451,81
556,100
436,78
409,74
753,136
332,60
393,71
556,100
556,100
678,122
379,68
547,98
487,88
521,94
596,107
671,121
430,77
862,155
397,71
575,104
351,63
401,72
706,127
552,99
472,85
670,121
806,145
559,101
439,79
515,93
378,68
819,147
564,102
403,73
562,101
472,85
515,93
661,119
491,88
500,90
357,64
656,118
757,136
689,124
372,67
873,157
554,100
434,78
476,86
442,80
528,95
747,134
507,91
797,143
461,83
501,90
429,77
470,85
641,115
405,73
401,72
515,93
486,87
581,105
492,89
482,87
493,89
313,56
500,90
526,95
460,83
389,70
374,67
339,61
719,129
660,119
327,59
350,63
731,132
553,100
486,87
683,123
500,90
527,95
544,98
347,62
602,108
476,86
705,127
706,127
860,155
293,53
476,86
539,97
553,100
840,151
512,92
466,84
368,66
469,84
522,94
360,65
447,80
547,98
619,111
546,98
529,95
487,88
316,57
797,143
708,127
443,80
694,125
320,58
406,73
359,65
564,102
556,100
482,87
635,114
439,79
568,102
510,92
388,70
578,104
466,84
417,75
635,114
731,132
513,92
505,91
577,104
581,105
719,129
576,104
660,119
653,118
634,114
405,73
794,143
460,83
688,124
426,77
377,68
448,81
401,72
437,79
387,70
393,71
612,110
410,74
479,86
639,115
359,65
374,67
478,86
534,96
589,106
354,64
491,88
663,119
424,76
498,90
470,85
457,82
393,71
521,94
719,129
547,98
522,94
451,81
357,64
499,90
591,106
442,80
676,122
404,73
502,90
413,74
407,73
754,136
354,64
503,91
601,108
497,89
456,82
451,81
437,79
607,109
411,74
787,142
548,99
645,116
605,109
666,120
525,95
622,112
656,118
538,97
414,75
740,133
399,72
595,107
704,127
412,74
603,109
515,93
568,102
765,138
584,105
574,103
359,65
428,77
406,73
544,98
486,87
635,114
499,90
495,89
642,116
661,119
567,102
376,68
591,106
514,93
531,96
353,64
469,84
379,68
740,133
782,141
549,99
519,93
479,86
554,100
439,79
527,95
365,66
398,72
394,71
494,89
579,104
311,56
539,97
523,94
488,88
667,120
414,75
701,126
406,73
480,86
541,97
624,112
321,58
649,117
457,82
298,54
563,101
572,103
597,107
519,93
662,119
431,78
419,75
508,91
431,78
630,113
537,97
429,77
492,89
523,94
561,101
460,83
512,92
446,80
533,96
801,144
610,110
600,108
374,67
447,80
602,108
322,58
441,79
561,101
641,115
504,91
540,97
397,71
383,69
483,87
698,126
353,64
306,55
521,94
488,88
466,84
752,135
334,60
359,65
524,94
329,59
371,67
622,112
459,83
498,90
465,84
719,129
417,75
457,82
567,102
371,67
448,81
489,88
489,88
733,132
416,75
343,62
361,65
778,140
321,58
333,60
529,95
703,127
636,114
342,62
536,96
645,116
575,104
469,84
496,89
703,127
442,80
416,75
529,95
693,125
460,83
609,110
357,64
684,123
636,114
416,75
596,107
509,92
666,120
669,120
496,89
339,61
536,96
497,89
470,85
422,76
305,55
433,78
544,98
465,84
345,62
521,94
422,76
437,79
365,66
447,80
357,64
642,116
546,98
414,75
811,146
556,100
821,148
447,80
334,60
589,106
729,131
445,80
744,134
562,101
581,105
414,75
475,86
531,96
558,100
550,99
671,121
479,86
608,109
394,71
523,94
568,102
528,95
636,114
443,80
418,75
406,73
428,77
446,80
427,77
352,63
621,112
683,123
581,105
391,70
338,61
490,88
534,96
577,104
570,103
424,76
465,84
613,110
847,152
484,87
524,94
743,134
532,96
437,79
659,119
452,81
479,86
517,93
379,68
394,71
562,101
649,117
424,76
684,123
513,92
440,79
722,130
323,58
467,84
561,101
327,59
444,80
524,94
456,82
415,75
532,96
418,75
386,69
466,84
591,106
544,98
573,103
576,104
408,73
636,114
643,116
314,57
661,119
697,125
851,153
483,87
463,83
599,108
368,66
376,68
410,74
582,105
539,97
427,77
799,144
521,94
483,87
615,111
553,100
451,81
570,103
402,72
591,106
524,94
590,106
504,91
587,106
354,64
447,80
312,56
544,98
822,148
573,103
775,140
715,129
450,81
547,98
389,70
384,69
547,98
647,116
548,99
603,109
389,70
438,79
472,85
607,109
621,112
357,64
514,93
408,73
545,98
373,67
498,90
469,84
339,61
370,67
402,72
574,103
468,84
499,90
494,89
435,78
344,62
396,71
487,88
417,75
544,98
412,74
648,117
565,102
735,132
345,62
333,60
386,69
545,98
522,94
439,79
672,121
399,72
356,64
668,120
336,60
444,80
428,77
615,111
513,92
577,104
511,92
580,104
430,77
490,88
509,92
363,65
447,80
572,103
392,71
323,58
540,97
443,80
418,75
500,90
743,134
812,146
577,104
555,100
630,113
703,127
720,130
491,88
529,95
372,67
578,104
634,114
301,54
836,150
700,126
578,104
496,89
376,68
476,86
320,58
573,103
567,102
374,67
731,132
479,86
554,100
625,113
554,100
537,97
462,83
349,63
664,120
346,62
718,129
567,102
330,59
607,109
652,117
424,76
328,59
332,60
494,89
565,102
617,111
422,76
534,96
381,69
618,111
411,74
648,117
588,106
326,59
385,69
606,109
324,58
358,64
333,60
563,101
426,77
292,53
463,83
470,85
447,80
556,100
381,69
446,80
552,99
435,78
495,89
383,69
488,88
385,69
511,92
650,117
568,102
376,68
554,100
610,110
603,109
492,89
653,118
487,88
540,97
381,69
842,152
685,123
331,60
501,90
449,81
501,90
558,100
425,77
578,104
443,80
553,100
502,90
354,64
653,118
474,85
597,107
554,100
483,87
754,136
524,94
409,74
651,117
527,95
870,157
528,95
350,63
589,106
373,67
601,108
421,76
607,109
343,62
441,79
527,95
521,94
561,101
616,111
336,60
849,153
439,79
465,84
464,84
501,90
398,72
394,71
414,75
511,92
608,109
649,117
446,80
541,97
542,98
355,64
349,63
494,89
587,106
752,135
438,79
478,86
673,121
500,90
378,68
405,73
570,103
686,123
460,83
550,99
489,88
643,116
571,103
525,95
441,79
434,78
541,97
798,144
396,71
526,95
547,98
471,85
736,132
555,100
572,103
327,59
435,78
757,136
386,69
418,75
444,80
534,96
702,126
537,97
602,108
507,91
576,104
437,79
701,126
541,97
609,110
749,135
479,86
526,95
433,78
424,76
476,86
431,78
369,66
356,64
578,104
589,106
338,61
572,103
402,72
451,81
502,90
426,77
476,86
515,93
723,130
520,94
642,116
435,78
381,69
339,61
408,73
373,67
360,65
575,104
331,60
606,109
479,86
332,60
453,82
474,85
567,102
535,96
559,101
480,86
421,76
412,74
702,126
388,70
644,116
461,83
657,118
628,113
381,69
540,97
782,141
644,116
445,80
379,68
560,101
440,79
476,86
404,73
658,118
480,86
643,116
372,67
465,84
611,110
599,108
479,86
737,133
505,91
519,93
551,99
313,56
518,93
475,86
329,59
429,77
592,107
548,99
641,115
386,69
367,66
412,74
616,111
668,120
790,142
684,123
364,66
648,117
517,93
419,75
653,118
625,113
436,78
445,80
492,89
541,97
581,105
475,86
567,102
543,98
562,101
467,84
322,58
405,73
779,140
719,129
314,57
320,58
419,75
576,104
432,78
816,147
359,65
481,87
504,91
512,92
398,72
519,93
464,84
364,66
437,79
555,100
440,79
530,95
391,70
374,67
566,102
382,69
669,120
656,118
523,94
574,103
488,88
449,81
433,78
502,90
598,108
360,65
343,62
634,114
517,93
349,63
331,60
495,89
532,96
328,59
427,77
538,97
435,78
492,89
527,95
469,84
537,97
650,117
687,124
447,80
535,96
426,77
482,87
422,76
542,98
669,120
604,109
366,66
571,103
515,93
435,78
574,103
690,124
557,100
555,100
421,76
397,71
526,95
427,77
582,105
718,129
732,132
475,86
561,101
393,71
334,60
804,145
797,143
686,123
581,105
548,99
302,54
476,86
585,105
499,90
439,79
634,114
684,123
482,87
628,113
449,81
602,108
358,64
438,79
489,88
427,77
514,93
401,72
526,95
490,88
459,83
515,93
505,91
440,79
486,87
699,126
661,119
430,77
651,117
396,71
435,78
570,103
599,108
413,74
548,99
409,74
717,129
542,98
530,95
608,109
488,88
473,85
356,64
604,109
332,60
701,126
410,74
455,82
659,119
335,60
525,95
598,108
461,83
343,62
422,76
530,95
448,81
482,87
698,126
589,106
822,148
562,101
363,65
492,89
383,69
366,66
501,90
565,102
520,94
636,114
530,95
413,74
442,80
630,113
480,86
348,63
461,83
526,95
529,95
471,85
669,120
405,73
335,60
452,81
370,67
496,89
344,62
565,102
502,90
622,112
397,71
393,71
541,97
458,82
752,135
493,89
576,104
533,96
522,94
542,98
386,69
449,81
396,71
491,88
586,105
457,82
556,100
578,104
445,80
646,116
492,89
290,52
433,78
605,109
322,58
505,91
380,68
607,109
500,90
608,109
486,87
302,54
644,116
440,79
534,96
528,95
595,107
754,136
545,98
361,65
526,95
411,74
374,67
510,92
480,86
625,113
532,96
402,72
556,100
407,73
409,74
396,71
784,141
318,57
588,106
532,96
577,104
506,91
353,64
501,90
515,93
495,89
617,111
434,78
512,92
347,62
514,93
322,58
847,152
625,113
558,100
717,129
758,136
452,81
525,95
528,95
681,123
763,137
472,85
700,126
361,65
398,72
368,66
509,92
389,70
334,60
612,110
354,64
593,107
550,99
564,102
833,150
502,90
442,80
433,78
447,80
660,119
437,79
633,114
553,100
376,68
388,70
381,69
409,74
411,74
350,63
411,74
628,113
746,134
456,82
423,76
625,113
533,96
503,91
341,61
480,86
445,80
544,98
501,90
621,112
775,140
381,69
534,96
385,69
747,134
574,103
640,115
511,92
341,61
551,99
496,89
512,92
517,93
516,93
403,73
708,127
368,66
848,153
608,109
305,55
434,78
494,89
721,130
539,97
353,64
324,58
549,99
566,102
439,79
358,64
492,89
487,88
487,88
486,87
524,94
689,124
489,88
855,154
605,109
399,72
490,88
697,125
461,83
402,72
429,77
324,58
527,95
542,98
557,100
801,144
511,92
428,77
588,106
548,99
849,153
518,93
487,88
548,99
768,138
547,98
371,67
545,98
502,90
332,60
379,68
357,64
433,78
420,76
496,89
412,74
565,102
472,85
533,96
596,107
504,91
452,81
785,141
580,104
571,103
619,111
574,103
334,60
464,84
380,68
439,79
483,87
308,55
457,82
646,116
353,64
546,98
493,89
504,91
701,126
356,64
448,81
492,89
436,78
636,114
600,108
390,70
316,57
704,127
387,70
390,70
465,84
386,69
743,134
597,107
364,66
600,108
583,105
607,109
526,95
615,111
302,54
343,62
700,126
524,94
502,90
374,67
516,93
488,88
650,117
754,136
343,62
459,83
353,64
571,103
365,66
433,78
483,87
367,66
476,86
454,82
674,121
346,62
557,100
411,74
677,122
304,55
480,86
344,62
710,128
471,85
649,117
374,67
422,76
647,116
669,120
586,105
546,98
497,89
531,96
609,110
516,93
344,62
597,107
663,119
544,98
347,62
651,117
778,140
557,100
339,61
653,118
597,107
528,95
361,65
821,148
505,91
701,126
762,137
379,68
572,103
534,96
443,80
354,64
411,74
379,68
446,80
424,76
358,64
351,63
325,59
538,97
762,137
466,84
439,79
810,146
422,76
402,72
692,125
592,107
461,83
343,62
376,68
566,102
733,132
487,88
343,62
525,95
454,82
601,108
477,86
454,82
659,119
733,132
793,143
463,83
563,101
621,112
474,85
456,82
388,70
359,65
538,97
708,127
578,104
774,139
568,102
679,122
687,124
516,93
476,86
565,102
458,82
512,92
438,79
575,104
471,85
617,111
740,133
514,93
587,106
742,134
444,80
450,81
700,126
469,84
434,78
647,116
586,105
655,118
417,75
386,69
643,116
376,68
610,110
597,107
625,113
505,91
522,94
436,78
656,118
549,99
486,87
785,141
616,111
392,71
700,126
433,78
480,86
418,75
560,101
775,140
681,123
346,62
473,85
365,66
458,82
551,99
671,121
548,99
433,78
523,94
506,91
726,131
482,87
811,146
567,102
551,99
663,119
522,94
354,64
584,105
537,97
633,114
350,63
696,125
490,88
523,94
364,66
653,118
469,84
499,90
605,109
341,61
426,77
400,72
590,106
432,78
694,125
379,68
539,97
477,86
746,134
642,116
393,71
482,87
605,109
584,105
738,133
689,124
413,74
479,86
771,139
462,83
556,100
397,71
623,112
554,100
550,99
399,72
506,91
647,116
453,82
679,122
320,58
514,93
464,84
527,95
569,102
553,100
532,96
458,82
533,96
353,64
386,69
440,79
402,72
462,83
551,99
611,110
378,68
554,100
295,53
747,134
531,96
792,143
470,85
720,130
584,105
289,52
579,104
709,128
370,67
469,84
395,71
588,106
352,63
456,82
516,93
412,74
701,126
369,66
421,76
448,81
569,102
422,76
408,73
471,85
608,109
392,71
499,90
414,75
473,85
550,99
512,92
806,145
463,83
550,99
770,139
404,73
343,62
527,95
526,95
413,74
523,94
483,87
487,88
550,99
499,90
427,77
643,116
522,94
477,86
635,114
359,65
428,77
438,79
658,118
422,76
502,90
404,73
453,82
483,87
797,143
758,136
650,117
313,56
502,90
643,116
405,73
377,68
653,118
587,106
330,59
567,102
518,93
438,79
394,71
384,69
624,112
629,113
560,101
555,100
588,106
501,90
420,76
583,105
421,76
429,77
669,120
443,80
355,64
571,103
459,83
575,104
666,120
578,104
428,77
402,72
790,142
401,72
582,105
663,119
766,138
431,78
330,59
511,92
638,115
685,123
557,100
371,67
607,109
484,87
508,91
452,81
580,104
467,84
572,103
521,94
660,119
696,125
446,80
585,105
547,98
628,113
430,77
531,96
305,55
582,105
478,86
312,56
412,74
749,135
528,95
451,81
663,119
362,65
625,113
714,129
781,141
374,67
336,60
444,80
523,94
651,117
784,141
397,71
584,105
550,99
637,115
545,98
420,76
494,89
378,68
526,95
417,75
562,101
619,111
323,58
610,110
456,82
353,64
757,136
708,127
822,148
777,140
563,101
403,73
593,107
560,101
517,93
365,66
586,105
639,115
830,149
369,66
632,114
577,104
307,55
382,69
340,61
491,88
438,79
392,71
467,84
441,79
395,71
344,62
536,96
480,86
408,73
444,80
431,78
561,101
447,80
472,85
639,115
730,131
434,78
786,141
403,73
345,62
457,82
503,91
374,67
545,98
589,106
539,97
480,86
814,147
582,105
510,92
494,89
338,61
506,91
426,77
479,86
472,85
431,78
315,57
494,89
404,73
384,69
554,100
387,70
324,58
662,119
536,96
750,135
608,109
535,96
451,81
780,140
538,97
523,94
537,97
324,58
541,97
548,99
492,89
319,57
512,92
418,75
435,78
400,72
547,98
687,124
359,65
469,84
597,107
510,92
569,102
779,140
384,69
369,66
636,114
423,76
573,103
507,91
472,85
823,148
481,87
422,76
325,59
328,59
712,128
301,54
772,139
666,120
579,104
525,95
501,90
466,84
758,136
787,142
831,150
530,95
781,141
554,100
700,126
649,117
491,88
546,98
507,91
333,60
389,70
463,83
604,109
702,126
581,105
792,143
545,98
695,125
428,77
377,68
484,87
503,91
463,83
692,125
517,93
688,124
357,64
390,70
489,88
661,119
585,105
638,115
402,72
540,97
555,100
536,96
328,59
635,114
312,56
657,118
542,98
483,87
406,73
455,82
340,61
344,62
431,78
534,96
573,103
461,83
469,84
444,80
350,63
557,100
418,75
535,96
465,84
731,132
537,97
319,57
394,71
623,112
327,59
632,114
521,94
424,76
516,93
496,89
618,111
440,79
416,75
486,87
588,106
467,84
480,86
471,85
683,123
411,74
605,109
638,115
622,112
494,89
837,151
541,97
543,98
861,155
394,71
300,54
351,63
663,119
531,96
526,95
349,63
409,74
544,98
474,85
656,118
501,90
543,98
527,95
635,114
423,76
661,119
752,135
471,85
618,111
521,94
630,113
427,77
625,113
322,58
533,96
572,103
370,67
443,80
571,103
545,98
623,112
562,101
463,83
465,84
779,140
450,81
466,84
771,139
453,82
327,59
462,83
582,105
320,58
443,80
344,62
607,109
410,74
396,71
320,58
861,155
375,68
482,87
718,129
525,95
581,105
578,104
659,119
471,85
441,79
423,76
586,105
408,73
336,60
463,83
384,69
584,105
698,126
487,88
435,78
463,83
509,92
402,72
616,111
469,84
538,97
623,112
472,85
568,102
475,86
537,97
563,101
447,80
447,80
391,70
431,78
418,75
664,120
479,86
437,79
376,68
656,118
642,116
465,84
432,78
560,101
595,107
622,112
435,78
329,59
425,77
515,93
626,113
406,73
432,78
742,134
727,131
440,79
476,86
644,116
438,79
472,85
485,87
346,62
562,101
338,61
448,81
389,70
368,66
801,144
575,104
571,103
518,93
514,93
358,64
547,98
557,100
536,96
654,118
504,91
876,158
366,66
653,118
705,127
353,64
532,96
794,143
585,105
696,125
655,118
457,82
475,86
630,113
393,71
513,92
509,92
461,83
786,141
700,126
291,52
639,115
477,86
762,137
426,77
534,96
561,101
569,102
394,71
562,101
381,69
592,107
731,132
400,72
427,77
482,87
436,78
511,92
337,61
486,87
542,98
449,81
803,145
425,77
540,97
572,103
545,98
622,112
440,79
547,98
671,121
306,55
640,115
401,72
710,128
604,109
727,131
688,124
391,70
499,90
393,71
822,148
718,129
362,65
383,69
487,88
547,98
335,60
350,63
644,116
737,133
485,87
538,97
614,111
515,93
677,122
340,61
355,64
525,95
663,119
512,92
492,89
545,98
506,91
484,87
413,74
694,125
572,103
491,88
353,64
571,103
371,67
543,98
517,93
552,99
391,70
758,136
523,94
399,72
690,124
505,91
426,77
390,70
566,102
457,82
367,66
320,58
493,89
531,96
429,77
592,107
440,79
646,116
376,68
816,147
405,73
554,100
309,56
709,128
498,90
391,70
771,139
564,102
647,116
338,61
384,69
363,65
561,101
518,93
650,117
700,126
524,94
387,70
343,62
506,91
622,112
712,128
672,121
695,125
484,87
751,135
619,111
462,83
545,98
509,92
556,100
328,59
482,87
597,107
429,77
469,84
620,112
431,78
377,68
665,120
574,103
636,114
449,81
708,127
510,92
715,129
429,77
491,88
450,81
721,130
574,103
541,97
705,127
840,151
522,94
488,88
497,89
548,99
620,112
618,111
403,73
513,92
604,109
516,93
461,83
457,82
367,66
527,95
492,89
426,77
393,71
639,115
716,129
539,97
418,75
547,98
775,140
502,90
480,86
731,132
500,90
513,92
506,91
614,111
569,102
562,101
588,106
542,98
701,126
424,76
318,57
496,89
412,74
302,54
545,98
463,83
387,70
325,59
479,86
411,74
492,89
504,91
612,110
618,111
541,97
344,62
527,95
661,119
652,117
372,67
697,125
511,92
336,60
495,89
713,128
451,81
714,129
474,85
465,84
338,61
575,104
464,84
401,72
706,127
396,71
439,79
490,88
439,79
542,98
602,108
344,62
858,154
541,97
337,61
545,98
709,128
357,64
457,82
577,104
831,150
471,85
434,78
353,64
468,84
416,75
706,127
336,60
314,57
396,71
671,121
722,130
593,107
545,98
477,86
530,95
411,74
697,125
695,125
632,114
535,96
444,80
531,96
549,99
453,82
666,120
358,64
496,89
804,145
458,82
432,78
486,87
675,122
529,95
447,80
562,101
463,83
560,101
514,93
578,104
556,100
452,81
696,125
577,104
529,95
704,127
597,107
584,105
431,78
733,132
371,67
496,89
565,102
312,56
484,87
490,88
704,127
695,125
388,70
645,116
470,85
476,86
339,61
479,86
689,124
495,89
491,88
668,120
712,128
464,84
326,59
403,73
496,89
336,60
532,96
454,82
453,82
397,71
402,72
696,125
544,98
300,54
422,76
547,98
631,114
374,67
488,88
527,95
555,100
453,82
356,64
360,65
443,80
377,68
632,114
435,78
598,108
650,117
437,79
596,107
337,61
425,77
538,97
756,136
536,96
468,84
717,129
757,136
457,82
556,100
593,107
431,78
491,88
325,59
407,73
362,65
483,87
346,62
470,85
447,80
765,138
461,83
460,83
544,98
620,112
670,121
556,100
533,96
445,80
634,114
541,97
405,73
782,141
401,72
479,86
488,88
526,95
444,80
537,97
502,90
398,72
342,62
436,78
529,95
622,112
444,80
576,104
617,111
379,68
545,98
679,122
724,130
720,130
350,63
459,83
430,77
525,95
797,143
328,59
545,98
585,105
529,95
729,131
456,82
401,72
425,77
474,85
567,102
499,90
400,72
398,72
497,89
541,97
342,62
540,97
562,101
628,113
539,97
485,87
571,103
701,126
484,87
402,72
466,84
456,82
541,97
656,118
298,54
584,105
497,89
504,91
492,89
532,96
763,137
715,129
344,62
413,74
479,86
585,105
483,87
425,77
506,91
619,111
621,112
591,106
635,114
572,103
514,93
429,77
512,92
409,74
468,84
498,90
430,77
534,96
368,66
438,79
330,59
486,87
368,66
721,130
592,107
504,91
694,125
449,81
633,114
424,76
568,102
523,94
581,105
422,76
679,122
681,123
387,70
637,115
358,64
541,97
415,75
460,83
456,82
363,65
369,66
572,103
560,101
497,89
338,61
515,93
641,115
820,148
520,94
809,146
445,80
636,114
493,89
513,92
506,91
874,157
290,52
484,87
580,104
758,136
468,84
415,75
554,100
549,99
538,97
599,108
676,122
414,75
476,86
506,91
413,74
324,58
560,101
459,83
496,89
359,65
411,74
623,112
502,90
473,85
465,84
626,113
494,89
432,78
352,63
536,96
362,65
462,83
549,99
419,75
559,101
566,102
588,106
344,62
492,89
507,91
527,95
458,82
429,77
599,108
393,71
377,68
633,114
612,110
772,139
678,122
448,81
504,91
414,75
435,78
490,88
373,67
477,86
660,119
687,124
659,119
557,100
736,132
789,142
334,60
725,131
714,129
469,84
648,117
398,72
496,89
358,64
332,60
587,106
744,134
606,109
563,101
427,77
660,119
434,78
807,145
561,101
539,97
638,115
374,67
452,81
701,126
438,79
792,143
408,73
313,56
577,104
384,69
598,108
300,54
447,80
608,109
475,86
499,90
423,76
473,85
493,89
578,104
603,109
365,66
463,83
462,83
423,76
531,96
647,116
436,78
403,73
339,61
425,77
539,97
306,55
440,79
470,85
431,78
695,125
491,88
591,106
483,87
523,94
540,97
386,69
384,69
556,100
728,131
431,78
585,105
495,89
448,81
458,82
690,124
379,68
553,100
502,90
352,63
522,94
423,76
471,85
613,110
490,88
627,113
404,73
631,114
587,106
709,128
580,104
590,106
447,80
424,76
368,66
354,64
370,67
488,88
638,115
450,81
448,81
544,98
646,116
496,89
784,141
436,78
412,74
419,75
419,75
588,106
345,62
500,90
419,75
473,85
408,73
381,69
647,116
437,79
323,58
429,77
550,99
609,110
578,104
852,153
307,55
459,83
660,119
617,111
381,69
681,123
411,74
591,106
369,66
637,115
432,78
468,84
327,59
525,95
419,75
522,94
590,106
478,86
491,88
444,80
744,134
684,123
553,100
478,86
746,134
563,101
516,93
427,77
441,79
656,118
543,98
833,150
579,104
397,71
544,98
680,122
384,69
567,102
497,89
378,68
451,81
681,123
480,86
567,102
391,70
332,60
450,81
791,142
492,89
450,81
415,75
477,86
532,96
479,86
557,100
449,81
401,72
456,82
506,91
543,98
434,78
461,83
556,100
498,90
438,79
331,60
555,100
692,125
592,107
481,87
506,91
590,106
709,128
541,97
607,109
366,66
501,90
545,98
440,79
313,56
669,120
688,124
457,82
480,86
451,81
506,91
446,80
328,59
549,99
397,71
569,102
688,124
589,106
577,104
406,73
343,62
590,106
704,127
392,71
416,75
431,78
657,118
588,106
621,112
671,121
502,90
784,141
490,88
667,120
483,87
618,111
631,114
673,121
778,140
435,78
474,85
382,69
519,93
470,85
661,119
455,82
436,78
625,113
330,59
328,59
671,121
309,56
802,144
529,95
384,69
846,152
461,83
565,102
439,79
480,86
476,86
419,75
474,85
434,78
651,117
474,85
427,77
569,102
305,55
822,148
642,116
365,66
480,86
441,79
509,92
426,77
510,92
484,87
528,95
395,71
540,97
547,98
392,71
620,112
452,81
456,82
329,59
628,113
481,87
579,104
371,67
473,85
511,92
632,114
449,81
410,74
404,73
547,98
552,99
529,95
602,108
317,57
628,113
584,105
448,81
539,97
471,85
550,99
492,89
474,85
487,88
410,74
344,62
335,60
483,87
745,134
457,82
414,75
532,96
439,79
635,114
583,105
504,91
512,92
344,62
369,66
317,57
651,117
622,112
357,64
578,104
433,78
464,84
466,84
614,111
386,69
418,75
547,98
515,93
500,90
359,65
632,114
480,86
797,143
531,96
453,82
528,95
469,84
627,113
795,143
358,64
577,104
547,98
639,115
620,112
874,157
533,96
659,119
662,119
291,52
457,82
484,87
571,103
313,56
403,73
617,111
444,80
463,83
415,75
352,63
579,104
514,93
354,64
528,95
444,80
695,125
442,80
617,111
849,153
468,84
491,88
738,133
336,60
365,66
593,107
501,90
485,87
748,135
546,98
601,108
393,71
408,73
658,118
373,67
519,93
550,99
494,89
568,102
676,122
453,82
329,59
559,101
545,98
445,80
780,140
610,110
497,89
381,69
408,73
560,101
533,96
532,96
476,86
524,94
476,86
432,78
428,77
613,110
341,61
688,124
363,65
420,76
362,65
388,70
476,86
575,104
730,131
372,67
578,104
473,85
432,78
790,142
543,98
609,110
425,77
366,66
403,73
457,82
461,83
363,65
662,119
715,129
343,62
438,79
321,58
438,79
596,107
550,99
685,123
544,98
482,87
351,63
334,60
456,82
422,76
447,80
572,103
435,78
431,78
500,90
470,85
448,81
731,132
585,105
561,101
491,88
700,126
628,113
435,78
647,116
575,104
349,63
533,96
691,124
453,82
376,68
551,99
648,117
336,60
567,102
424,76
453,82
485,87
522,94
366,66
400,72
465,84
340,61
713,128
385,69
341,61
417,75
523,94
564,102
612,110
538,97
730,131
443,80
644,116
662,119
451,81
463,83
615,111
541,97
367,66
608,109
692,125
442,80
330,59
615,111
585,105
320,58
506,91
537,97
566,102
504,91
343,62
372,67
599,108
620,112
439,79
580,104
429,77
678,122
434,78
486,87
376,68
482,87
701,126
577,104
575,104
555,100
592,107
483,87
781,141
666,120
496,89
469,84
438,79
439,79
636,114
423,76
570,103
332,60
686,123
666,120
536,96
685,123
733,132
499,90
608,109
600,108
610,110
491,88
552,99
396,71
377,68
416,75
378,68
767,138
410,74
569,102
373,67
643,116
656,118
377,68
406,73
454,82
781,141
469,84
568,102
563,101
632,114
370,67
322,58
474,85
473,85
461,83
701,126
457,82
531,96
615,111
847,152
648,117
570,103
340,61
703,127
390,70
381,69
456,82
414,75
515,93
351,63
635,114
401,72
496,89
493,89
435,78
317,57
321,58
501,90
493,89
697,125
660,119
442,80
450,81
620,112
794,143
311,56
459,83
504,91
476,86
439,79
548,99
642,116
502,90
683,123
780,140
535,96
545,98
403,73
465,84
483,87
361,65
792,143
493,89
639,115
466,84
552,99
420,76
528,95
352,63
458,82
666,120
385,69
603,109
567,102
751,135
324,58
615,111
436,78
812,146
609,110
749,135
437,79
419,75
449,81
577,104
526,95
635,114
416,75
502,90
543,98
731,132
625,113
485,87
600,108
439,79
333,60
408,73
506,91
424,76
405,73
381,69
601,108
310,56
602,108
682,123
729,131
426,77
563,101
339,61
433,78
524,94
575,104
437,79
797,143
667,120
683,123
755,136
447,80
484,87
721,130
515,93
610,110
619,111
785,141
583,105
368,66
606,109
336,60
506,91
431,78
441,79
353,64
413,74
331,60
552,99
427,77
389,70
452,81
839,151
653,118
536,96
499,90
476,86
414,75
468,84
754,136
360,65
631,114
545,98
451,81
537,97
430,77
417,75
411,74
424,76
639,115
494,89
324,58
381,69
450,81
352,63
486,87
505,91
486,87
550,99
479,86
515,93
532,96
517,93
456,82
737,133
321,58
532,96
552,99
354,64
753,136
375,68
698,126
642,116
608,109
767,138
437,79
505,91
423,76
681,123
540,97
489,88
366,66
406,73
513,92
554,100
596,107
440,79
549,99
645,116
424,76
495,89
595,107
581,105
412,74
355,64
508,91
398,72
700,126
437,79
629,113
464,84
437,79
377,68
698,126
388,70
684,123
532,96
633,114
465,84
442,80
365,66
576,104
701,126
487,88
420,76
325,59
411,74
476,86
420,76
598,108
468,84
753,136
325,59
532,96
630,113
762,137
307,55
693,125
795,143
379,68
691,124
451,81
486,87
500,90
465,84
567,102
718,129
766,138
500,90
342,62
556,100
473,85
619,111
677,122
552,99
435,78
543,98
550,99
487,88
503,91
526,95
491,88
541,97
356,64
477,86
415,75
444,80
394,71
394,71
365,66
527,95
320,58
314,57
474,85
423,76
437,79
678,122
614,111
348,63
503,91
505,91
500,90
519,93
441,79
668,120
554,100
402,72
702,126
354,64
566,102
471,85
556,100
733,132
368,66
593,107
505,91
579,104
343,62
832,150
598,108
445,80
689,124
538,97
363,65
461,83
582,105
534,96
562,101
746,134
351,63
405,73
778,140
688,124
295,53
541,97
630,113
605,109
526,95
475,86
330,59
554,100
692,125
655,118
839,151
362,65
547,98
407,73
622,112
470,85
481,87
417,75
400,72
612,110
430,77
385,69
312,56
608,109
405,73
341,61
526,95
417,75
547,98
699,126
427,77
693,125
635,114
482,87
478,86
384,69
518,93
419,75
411,74
382,69
364,66
305,55
387,70
515,93
548,99
487,88
387,70
682,123
684,123
402,72
428,77
424,76
482,87
403,73
411,74
490,88
355,64
573,103
562,101
461,83
540,97
680,122
583,105
477,86
452,81
783,141
489,88
513,92
560,101
461,83
488,88
520,94
321,58
616,111
499,90
577,104
338,61
514,93
595,107
459,83
403,73
365,66
525,95
490,88
627,113
348,63
577,104
484,87
377,68
421,76
383,69
418,75
577,104
725,131
670,121
446,80
343,62
334,60
485,87
634,114
674,121
425,77
717,129
404,73
610,110
514,93
534,96
348,63
328,59
622,112
643,116
541,97
435,78
388,70
344,62
485,87
518,93
647,116
527,95
613,110
436,78
453,82
451,81
735,132
826,149
390,70
494,89
544,98
517,93
457,82
615,111
646,116
729,131
534,96
400,72
538,97
619,111
589,106
479,86
754,136
538,97
748,135
686,123
359,65
656,118
367,66
412,74
530,95
502,90
713,128
409,74
381,69
574,103
426,77
485,87
666,120
326,59
442,80
732,132
424,76
569,102
675,122
597,107
425,77
581,105
426,77
522,94
581,105
390,70
443,80
669,120
432,78
540,97
790,142
509,92
695,125
445,80
610,110
361,65
655,118
593,107
393,71
614,111
371,67
546,98
425,77
324,58
681,123
700,126
698,126
608,109
373,67
556,100
761,137
506,91
397,71
468,84
419,75
594,107
308,55
539,97
549,99
608,109
632,114
541,97
526,95
327,59
384,69
546,98
363,65
618,111
490,88
640,115
435,78
687,124
522,94
765,138
497,89
639,115
405,73
481,87
588,106
342,62
508,91
469,84
662,119
482,87
446,80
383,69
404,73
607,109
683,123
618,111
553,100
478,86
708,127
551,99
501,90
412,74
528,95
516,93
726,131
392,71
481,87
595,107
431,78
453,82
458,82
394,71
655,118
601,108
487,88
528,95
528,95
506,91
362,65
334,60
357,64
461,83
484,87
458,82
662,119
605,109
506,91
483,87
494,89
437,79
561,101
496,89
535,96
490,88
664,120
673,121
686,123
311,56
368,66
515,93
562,101
689,124
814,147
696,125
328,59
548,99
440,79
370,67
510,92
643,116
368,66
487,88
418,75
826,149
569,102
545,98
609,110
364,66
328,59
471,85
583,105
353,64
373,67
704,127
534,96
355,64
412,74
513,92
746,134
664,120
558,100
383,69
661,119
342,62
610,110
400,72
592,107
359,65
439,79
329,59
637,115
787,142
386,69
351,63
460,83
366,66
638,115
613,110
321,58
398,72
550,99
504,91
479,86
719,129
528,95
306,55
362,65
320,58
482,87
653,118
569,102
476,86
524,94
727,131
382,69
653,118
581,105
558,100
539,97
646,116
640,115
515,93
330,59
539,97
685,123
655,118
682,123
424,76
434,78
432,78
426,77
535,96
530,95
496,89
556,100
381,69
398,72
641,115
538,97
432,78
475,86
561,101
678,122
392,71
390,70
554,100
543,98
514,93
613,110
628,113
463,83
586,105
608,109
644,116
612,110
599,108
812,146
452,81
739,133
412,74
391,70
441,79
615,111
332,60
326,59
665,120
645,116
520,94
556,100
449,81
591,106
365,66
473,85
607,109
485,87
796,143
459,83
710,128
370,67
413,74
627,113
516,93
511,92
575,104
435,78
671,121
489,88
585,105
861,155
494,89
710,128
566,102
658,118
402,72
540,97
569,102
483,87
546,98
497,89
541,97
513,92
367,66
651,117
675,122
456,82
504,91
601,108
460,83
397,71
589,106
539,97
439,79
457,82
489,88
398,72
508,91
466,84
649,117
471,85
525,95
825,149
354,64
346,62
617,111
709,128
452,81
476,86
695,125
410,74
366,66
492,89
547,98
329,59
424,76
321,58
395,71
621,112
771,139
643,116
458,82
472,85
392,71
478,86
669,120
376,68
576,104
501,90
413,74
530,95
589,106
560,101
424,76
555,100
623,112
484,87
470,85
573,103
443,80
736,132
541,97
638,115
378,68
603,109
681,123
612,110
367,66
519,93
375,68
582,105
413,74
599,108
523,94
604,109
602,108
553,100
551,99
474,85
460,83
374,67
565,102
575,104
476,86
472,85
479,86
543,98
661,119
709,128
574,103
643,116
425,77
400,72
361,65
716,129
747,134
446,80
450,81
654,118
571,103
414,75
409,74
396,71
329,59
373,67
356,64
596,107
427,77
608,109
377,68
594,107
438,79
596,107
708,127
312,56
835,150
875,158
369,66
348,63
704,127
436,78
542,98
351,63
466,84
399,72
704,127
364,66
744,134
444,80
519,93
406,73
355,64
386,69
552,99
436,78
697,125
627,113
444,80
533,96
477,86
459,83
488,88
487,88
350,63
485,87
431,78
633,114
573,103
697,125
399,72
564,102
366,66
589,106
345,62
472,85
497,89
559,101
545,98
440,79
496,89
392,71
646,116
621,112
351,63
307,55
636,114
623,112
471,85
327,59
451,81
433,78
366,66
682,123
528,95
520,94
313,56
562,101
506,91
515,93
445,80
494,89
600,108
604,109
536,96
596,107
383,69
381,69
337,61
483,87
497,89
594,107
680,122
313,56
636,114
372,67
407,73
487,88
556,100
447,80
447,80
308,55
431,78
576,104
765,138
492,89
653,118
444,80
388,70
576,104
368,66
485,87
517,93
538,97
508,91
347,62
606,109
420,76
453,82
496,89
361,65
310,56
590,106
537,97
566,102
605,109
573,103
628,113
574,103
472,85
664,120
572,103
498,90
442,80
555,100
561,101
622,112
735,132
337,61
510,92
539,97
559,101
471,85
495,89
476,86
480,86
546,98
779,140
616,111
367,66
531,96
727,131
451,81
452,81
539,97
518,93
551,99
533,96
601,108
638,115
390,70
668,120
517,93
484,87
347,62
410,74
528,95
570,103
595,107
602,108
365,66
627,113
637,115
651,117
407,73
694,125
428,77
515,93
562,101
408,73
621,112
720,130
397,71
760,137
685,123
479,86
329,59
508,91
540,97
438,79
566,102
527,95
439,79
429,77
555,100
480,86
326,59
393,71
504,91
458,82
507,91
669,120
344,62
541,97
618,111
390,70
459,83
549,99
363,65
554,100
513,92
794,143
630,113
558,100
644,116
418,75
377,68
492,89
378,68
513,92
730,131
705,127
477,86
488,88
417,75
399,72
582,105
567,102
401,72
329,59
701,126
477,86
299,54
416,75
443,80
521,94
390,70
435,78
406,73
512,92
811,146
528,95
850,153
476,86
529,95
393,71
740,133
458,82
458,82
482,87
437,79
438,79
602,108
394,71
480,86
597,107
563,101
505,91
556,100
728,131
611,110
604,109
533,96
410,74
368,66
487,88
417,75
698,126
508,91
347,62
601,108
408,73
539,97
465,84
549,99
368,66
645,116
438,79
496,89
354,64
462,83
535,96
338,61
422,76
786,141
497,89
343,62
550,99
709,128
522,94
345,62
642,116
456,82
572,103
563,101
583,105
556,100
411,74
543,98
503,91
426,77
590,106
443,80
460,83
378,68
379,68
438,79
427,77
346,62
541,97
504,91
705,127
311,56
666,120
680,122
495,89
424,76
533,96
403,73
406,73
444,80
473,85
470,85
618,111
596,107
602,108
675,122
651,117
557,100
550,99
415,75
420,76
307,55
632,114
638,115
546,98
432,78
545,98
699,126
523,94
669,120
522,94
321,58
354,64
490,88
567,102
571,103
392,71
632,114
538,97
655,118
548,99
423,76
437,79
787,142
505,91
506,91
817,147
366,66
583,105
729,131
390,70
564,102
500,90
435,78
371,67
477,86
533,96
543,98
306,55
316,57
502,90
623,112
585,105
648,117
476,86
701,126
564,102
419,75
530,95
373,67
428,77
394,71
613,110
471,85
391,70
357,64
439,79
347,62
564,102
413,74
523,94
376,68
352,63
577,104
419,75
618,111
789,142
597,107
644,116
393,71
489,88
687,124
475,86
541,97
825,149
542,98
382,69
628,113
542,98
521,94
315,57
515,93
484,87
417,75
531,96
696,125
371,67
746,134
329,59
488,88
797,143
602,108
417,75
560,101
496,89
388,70
765,138
488,88
466,84
388,70
443,80
490,88
523,94
636,114
549,99
617,111
721,130
409,74
433,78
503,91
575,104
539,97
540,97
619,111
470,85
421,76
455,82
529,95
472,85
365,66
804,145
550,99
568,102
575,104
590,106
591,106
392,71
551,99
423,76
372,67
486,87
402,72
379,68
350,63
527,95
450,81
469,84
591,106
434,78
708,127
449,81
510,92
423,76
458,82
341,61
425,77
568,102
571,103
297,53
428,77
387,70
501,90
344,62
434,78
486,87
314,57
515,93
498,90
686,123
550,99
374,67
482,87
770,139
339,61
311,56
433,78
590,106
459,83
458,82
451,81
699,126
477,86
567,102
394,71
660,119
431,78
459,83
462,83
688,124
294,53
561,101
343,62
530,95
672,121
310,56
419,75
462,83
664,120
456,82
434,78
293,53
457,82
570,103
498,90
393,71
588,106
388,70
377,68
593,107
393,71
421,76
363,65
439,79
399,72
677,122
721,130
372,67
530,95
463,83
670,121
544,98
800,144
444,80
478,86
578,104
571,103
565,102
481,87
477,86
554,100
391,70
538,97
470,85
385,69
689,124
440,79
732,132
511,92
455,82
365,66
444,80
321,58
448,81
567,102
431,78
517,93
505,91
403,73
456,82
463,83
389,70
504,91
469,84
604,109
459,83
735,132
617,111
331,60
594,107
466,84
454,82
457,82
690,124
637,115
469,84
458,82
444,80
696,125
538,97
393,71
584,105
530,95
470,85
405,73
319,57
369,66
405,73
499,90
389,70
620,112
702,126
543,98
439,79
544,98
438,79
728,131
629,113
423,76
540,97
324,58
388,70
383,69
547,98
805,145
475,86
676,122
463,83
545,98
312,56
676,122
456,82
351,63
545,98
669,120
528,95
525,95
631,114
558,100
427,77
352,63
475,86
642,116
812,146
483,87
344,62
383,69
674,121
551,99
592,107
513,92
367,66
617,111
394,71
514,93
518,93
593,107
410,74
802,144
591,106
750,135
630,113
627,113
518,93
483,87
460,83
740,133
366,66
311,56
487,88
398,72
475,86
600,108
383,69
419,75
372,67
407,73
700,126
761,137
513,92
595,107
460,83
519,93
504,91
725,131
551,99
568,102
623,112
583,105
725,131
424,76
321,58
682,123
584,105
469,84
600,108
439,79
640,115
331,60
706,127
645,116
677,122
501,90
466,84
518,93
612,110
333,60
545,98
466,84
474,85
744,134
497,89
770,139
291,52
398,72
426,77
490,88
662,119
441,79
356,64
522,94
577,104
373,67
460,83
604,109
398,72
570,103
521,94
719,129
435,78
469,84
415,75
781,141
726,131
321,58
751,135
547,98
452,81
644,116
626,113
628,113
538,97
647,116
378,68
476,86
522,94
645,116
384,69
424,76
503,91
436,78
560,101
733,132
579,104
425,77
438,79
497,89
612,110
653,118
365,66
533,96
573,103
367,66
476,86
317,57
347,62
561,101
312,56
663,119
547,98
588,106
353,64
348,63
613,110
766,138
673,121
416,75
755,136
798,144
366,66
396,71
446,80
445,80
494,89
457,82
747,134
723,130
557,100
621,112
403,73
781,141
511,92
793,143
500,90
657,118
627,113
484,87
457,82
515,93
444,80
343,62
394,71
368,66
510,92
543,98
500,90
531,96
607,109
804,145
385,69
623,112
575,104
307,55
439,79
455,82
604,109
629,113
670,121
405,73
704,127
780,140
522,94
461,83
821,148
590,106
589,106
426,77
369,66
522,94
597,107
473,85
443,80
556,100
358,64
532,96
691,124
381,69
453,82
531,96
614,111
557,100
660,119
607,109
526,95
537,97
508,91
404,73
593,107
364,66
670,121
441,79
607,109
526,95
652,117
472,85
453,82
509,92
349,63
494,89
487,88
487,88
490,88
578,104
617,111
420,76
301,54
409,74
623,112
528,95
536,96
792,143
650,117
404,73
473,85
383,69
538,97
585,105
706,127
541,97
595,107
456,82
620,112
486,87
502,90
635,114
416,75
633,114
327,59
348,63
743,134
607,109
425,77
686,123
415,75
850,153
518,93
653,118
734,132
365,66
597,107
477,86
425,77
539,97
505,91
430,77
591,106
358,64
427,77
468,84
486,87
290,52
733,132
592,107
427,77
467,84
555,100
402,72
641,115
545,98
440,79
328,59
475,86
494,89
660,119
346,62
780,140
573,103
386,69
373,67
414,75
472,85
314,57
766,138
452,81
523,94
420,76
445,80
614,111
466,84
562,101
721,130
450,81
448,81
383,69
503,91
398,72
541,97
355,64
485,87
410,74
360,65
452,81
318,57
444,80
457,82
322,58
499,90
385,69
378,68
448,81
400,72
482,87
567,102
610,110
495,89
580,104
813,146
529,95
351,63
374,67
684,123
392,71
572,103
483,87
374,67
480,86
538,97
661,119
599,108
475,86
605,109
429,77
404,73
343,62
423,76
386,69
434,78
726,131
422,76
444,80
816,147
312,56
631,114
385,69
746,134
510,92
354,64
566,102
455,82
523,94
388,70
593,107
322,58
426,77
633,114
590,106
401,72
534,96
412,74
754,136
365,66
455,82
425,77
443,80
363,65
639,115
473,85
375,68
727,131
404,73
568,102
625,113
738,133
353,64
477,86
498,90
594,107
405,73
597,107
468,84
392,71
515,93
471,85
341,61
526,95
503,91
357,64
489,88
401,72
549,99
830,149
595,107
424,76
527,95
449,81
409,74
562,101
425,77
797,143
388,70
377,68
647,116
438,79
637,115
389,70
586,105
369,66
431,78
509,92
556,100
428,77
326,59
436,78
610,110
433,78
324,58
658,118
423,76
510,92
453,82
328,59
493,89
560,101
414,75
411,74
531,96
737,133
334,60
526,95
487,88
741,133
463,83
671,121
624,112
395,71
464,84
367,66
423,76
584,105
576,104
777,140
362,65
594,107
443,80
667,120
491,88
547,98
389,70
477,86
432,78
537,97
322,58
549,99
393,71
688,124
746,134
499,90
527,95
551,99
447,80
390,70
666,120
650,117
355,64
445,80
616,111
426,77
524,94
432,78
558,100
691,124
459,83
565,102
429,77
398,72
429,77
472,85
471,85
531,96
504,91
324,58
656,118
439,79
441,79
383,69
404,73
334,60
531,96
532,96
726,131
491,88
620,112
576,104
442,80
446,80
663,119
515,93
377,68
385,69
504,91
511,92
478,86
446,80
437,79
342,62
366,66
427,77
413,74
462,83
663,119
499,90
491,88
489,88
506,91
418,75
554,100
506,91
474,85
424,76
507,91
598,108
532,96
454,82
689,124
577,104
358,64
462,83
538,97
367,66
499,90
615,111
704,127
373,67
546,98
673,121
509,92
346,62
560,101
353,64
430,77
447,80
456,82
497,89
298,54
501,90
320,58
653,118
405,73
512,92
609,110
548,99
357,64
549,99
346,62
716,129
302,54
394,71
532,96
619,111
389,70
386,69
403,73
469,84
649,117
389,70
427,77
497,89
493,89
498,90
670,121
498,90
498,90
385,69
465,84
394,71
531,96
417,75
625,113
409,74
576,104
490,88
637,115
562,101
342,62
480,86
370,67
797,143
373,67
482,87
735,132
791,142
750,135
565,102
365,66
486,87
328,59
445,80
413,74
347,62
514,93
485,87
450,81
383,69
315,57
602,108
472,85
599,108
758,136
432,78
544,98
478,86
745,134
670,121
518,93
428,77
458,82
455,82
639,115
351,63
451,81
728,131
868,156
383,69
451,81
421,76
677,122
377,68
507,91
332,60
440,79
758,136
439,79
347,62
397,71
422,76
302,54
558,100
373,67
379,68
471,85
403,73
765,138
560,101
526,95
368,66
752,135
456,82
412,74
336,60
619,111
474,85
493,89
355,64
409,74
699,126
486,87
504,91
411,74
393,71
564,102
704,127
504,91
512,92
710,128
577,104
471,85
757,136
523,94
348,63
543,98
322,58
391,70
409,74
482,87
424,76
357,64
574,103
384,69
367,66
575,104
662,119
433,78
593,107
357,64
523,94
568,102
356,64
627,113
387,70
626,113
600,108
459,83
600,108
364,66
574,103
535,96
527,95
717,129
564,102
403,73
560,101
477,86
494,89
701,126
462,83
763,137
456,82
565,102
581,105
473,85
772,139
829,149
469,84
505,91
851,153
399,72
395,71
328,59
583,105
508,91
544,98
466,84
361,65
451,81
613,110
397,71
521,94
358,64
619,111
482,87
545,98
497,89
415,75
307,55
412,74
440,79
429,77
739,133
421,76
441,79
467,84
521,94
753,136
472,85
644,116
428,77
330,59
699,126
408,73
427,77
668,120
457,82
439,79
318,57
408,73
564,102
493,89
315,57
412,74
601,108
595,107
585,105
680,122
480,86
460,83
515,93
543,98
418,75
592,107
485,87
562,101
477,86
642,116
571,103
681,123
480,86
311,56
754,136
745,134
534,96
409,74
466,84
457,82
376,68
389,70
531,96
526,95
501,90
355,64
469,84
333,60
605,109
721,130
693,125
602,108
526,95
361,65
381,69
494,89
762,137
458,82
645,116
400,72
488,88
346,62
467,84
697,125
464,84
498,90
596,107
349,63
619,111
623,112
420,76
740,133
563,101
625,113
640,115
524,94
560,101
596,107
365,66
426,77
514,93
352,63
448,81
717,129
607,109
627,113
638,115
544,98
446,80
457,82
440,79
526,95
504,91
412,74
337,61
815,147
544,98
627,113
457,82
534,96
586,105
659,119
456,82
716,129
595,107
378,68
650,117
594,107
556,100
504,91
322,58
421,76
626,113
741,133
394,71
509,92
434,78
656,118
631,114
347,62
467,84
671,121
531,96
815,147
363,65
472,85
525,95
556,100
580,104
786,141
766,138
561,101
829,149
489,88
778,140
560,101
451,81
664,120
478,86
540,97
768,138
565,102
441,79
509,92
466,84
404,73
405,73
495,89
582,105
399,72
457,82
406,73
614,111
457,82
567,102
379,68
581,105
402,72
422,76
487,88
595,107
403,73
493,89
751,135
679,122
554,100
542,98
472,85
452,81
297,53
488,88
551,99
458,82
448,81
457,82
540,97
406,73
442,80
593,107
417,75
692,125
510,92
428,77
426,77
541,97
594,107
672,121
517,93
350,63
307,55
638,115
608,109
440,79
710,128
844,152
567,102
489,88
417,75
336,60
422,76
425,77
695,125
421,76
557,100
619,111
353,64
596,107
596,107
425,77
659,119
396,71
472,85
687,124
491,88
510,92
524,94
451,81
570,103
455,82
678,122
678,122
470,85
534,96
557,100
573,103
364,66
577,104
492,89
489,88
450,81
291,52
503,91
510,92
521,94
382,69
410,74
742,134
429,77
408,73
439,79
492,89
420,76
457,82
565,102
419,75
333,60
627,113
394,71
437,79
508,91
587,106
517,93
594,107
586,105
377,68
341,61
294,53
514,93
582,105
707,127
588,106
487,88
744,134
492,89
382,69
516,93
564,102
375,68
350,63
637,115
644,116
360,65
459,83
454,82
447,80
410,74
474,85
447,80
347,62
492,89
523,94
403,73
491,88
443,80
441,79
523,94
637,115
673,121
615,111
361,65
661,119
378,68
439,79
474,85
449,81
352,63
491,88
490,88
744,134
432,78
474,85
591,106
421,76
680,122
469,84
322,58
446,80
536,96
629,113
500,90
546,98
544,98
313,56
435,78
518,93
451,81
612,110
544,98
404,73
688,124
543,98
564,102
456,82
443,80
618,111
455,82
413,74
519,93
622,112
516,93
687,124
453,82
527,95
331,60
724,130
387,70
715,129
780,140
445,80
685,123
563,101
341,61
504,91
449,81
578,104
527,95
575,104
523,94
536,96
456,82
571,103
490,88
455,82
606,109
479,86
517,93
429,77
478,86
455,82
323,58
516,93
522,94
765,138
426,77
647,116
439,79
332,60
619,111
414,75
511,92
786,141
470,85
602,108
638,115
405,73
367,66
425,77
562,101
557,100
492,89
430,77
409,74
804,145
625,113
593,107
429,77
503,91
361,65
595,107
349,63
680,122
606,109
348,63
733,132
356,64
620,112
317,57
641,115
637,115
594,107
543,98
430,77
570,103
386,69
386,69
726,131
678,122
765,138
507,91
446,80
467,84
820,148
513,92
466,84
521,94
546,98
460,83
370,67
467,84
422,76
513,92
619,111
875,158
578,104
654,118
398,72
390,70
473,85
568,102
380,68
692,125
367,66
544,98
409,74
463,83
496,89
639,115
373,67
375,68
510,92
667,120
433,78
647,116
452,81
463,83
446,80
473,85
551,99
710,128
370,67
553,100
552,99
334,60
351,63
418,75
421,76
561,101
312,56
549,99
590,106
342,62
562,101
477,86
531,96
440,79
490,88
561,101
455,82
594,107
549,99
631,114
678,122
873,157
723,130
403,73
472,85
519,93
496,89
421,76
602,108
759,137
388,70
443,80
520,94
545,98
333,60
553,100
364,66
455,82
385,69
449,81
591,106
670,121
562,101
483,87
586,105
496,89
422,76
820,148
496,89
403,73
350,63
500,90
580,104
475,86
652,117
538,97
565,102
498,90
335,60
502,90
486,87
746,134
588,106
479,86
400,72
397,71
377,68
361,65
417,75
645,116
681,123
527,95
360,65
628,113
403,73
464,84
836,150
404,73
715,129
558,100
615,111
668,120
352,63
509,92
314,57
615,111
352,63
548,99
524,94
664,120
520,94
380,68
455,82
515,93
492,89
505,91
501,90
419,75
354,64
458,82
411,74
634,114
407,73
483,87
468,84
673,121
654,118
485,87
465,84
580,104
389,70
812,146
839,151
798,144
388,70
699,126
611,110
504,91
411,74
517,93
548,99
418,75
431,78
327,59
302,54
390,70
791,142
371,67
434,78
460,83
775,140
771,139
530,95
485,87
430,77
470,85
450,81
306,55
415,75
584,105
419,75
616,111
539,97
533,96
482,87
512,92
326,59
580,104
588,106
684,123
510,92
489,88
719,129
441,79
541,97
532,96
302,54
709,128
449,81
392,71
448,81
428,77
330,59
455,82
412,74
493,89
784,141
348,63
645,116
320,58
390,70
489,88
379,68
441,79
518,93
387,70
466,84
592,107
639,115
363,65
591,106
484,87
661,119
404,73
541,97
606,109
632,114
724,130
577,104
543,98
506,91
491,88
511,92
456,82
743,134
638,115
400,72
529,95
379,68
497,89
560,101
669,120
603,109
375,68
446,80
433,78
624,112
534,96
401,72
386,69
530,95
623,112
413,74
365,66
567,102
606,109
432,78
639,115
611,110
771,139
508,91
588,106
376,68
708,127
542,98
333,60
349,63
540,97
625,113
840,151
516,93
779,140
657,118
449,81
506,91
594,107
537,97
673,121
414,75
671,121
644,116
643,116
444,80
459,83
566,102
510,92
510,92
455,82
575,104
556,100
544,98
567,102
571,103
487,88
599,108
603,109
493,89
345,62
429,77
444,80
488,88
509,92
502,90
423,76
773,139
590,106
792,143
469,84
412,74
682,123
468,84
686,123
645,116
622,112
441,79
361,65
529,95
596,107
381,69
548,99
426,77
663,119
626,113
329,59
361,65
577,104
583,105
445,80
347,62
741,133
490,88
546,98
408,73
733,132
508,91
614,111
505,91
596,107
555,100
660,119
448,81
614,111
488,88
527,95
572,103
468,84
424,76
775,140
551,99
534,96
559,101
408,73
445,80
418,75
360,65
714,129
383,69
483,87
436,78
327,59
422,76
446,80
353,64
562,101
375,68
627,113
553,100
329,59
641,115
462,83
349,63
347,62
455,82
470,85
355,64
406,73
310,56
696,125
435,78
338,61
346,62
433,78
383,69
559,101
728,131
579,104
358,64
508,91
342,62
476,86
507,91
427,77
554,100
401,72
357,64
501,90
645,116
518,93
438,79
624,112
531,96
370,67
504,91
378,68
471,85
348,63
618,111
639,115
530,95
542,98
515,93
462,83
589,106
815,147
492,89
616,111
425,77
739,133
322,58
631,114
443,80
393,71
612,110
484,87
394,71
660,119
600,108
317,57
339,61
528,95
364,66
438,79
534,96
430,77
627,113
342,62
324,58
472,85
484,87
438,79
409,74
353,64
342,62
341,61
393,71
468,84
564,102
503,91
489,88
372,67
464,84
448,81
559,101
591,106
440,79
430,77
463,83
448,81
388,70
376,68
361,65
389,70
608,109
393,71
509,92
508,91
480,86
347,62
474,85
450,81
392,71
687,124
485,87
437,79
511,92
554,100
495,89
356,64
528,95
417,75
616,111
489,88
456,82
725,131
390,70
386,69
495,89
424,76
597,107
612,110
645,116
726,131
516,93
676,122
820,148
325,59
318,57
368,66
512,92
498,90
600,108
398,72
364,66
584,105
638,115
334,60
416,75
596,107
671,121
463,83
582,105
465,84
500,90
480,86
542,98
511,92
480,86
443,80
633,114
536,96
380,68
317,57
491,88
422,76
449,81
667,120
407,73
477,86
380,68
643,116
566,102
474,85
477,86
585,105
677,122
716,129
524,94
652,117
689,124
527,95
541,97
554,100
450,81
785,141
424,76
429,77
317,57
486,87
723,130
417,75
478,86
430,77
645,116
828,149
629,113
590,106
488,88
833,150
575,104
854,154
597,107
506,91
542,98
519,93
432,78
372,67
352,63
589,106
536,96
443,80
452,81
518,93
578,104
430,77
461,83
731,132
629,113
631,114
616,111
791,142
474,85
399,72
414,75
771,139
395,71
402,72
498,90
648,117
457,82
356,64
438,79
490,88
366,66
386,69
536,96
849,153
584,105
737,133
559,101
515,93
683,123
598,108
660,119
510,92
523,94
487,88
533,96
441,79
342,62
356,64
327,59
733,132
550,99
404,73
392,71
460,83
422,76
739,133
494,89
694,125
381,69
444,80
508,91
410,74
640,115
323,58
538,97
480,86
509,92
540,97
552,99
819,147
467,84
581,105
437,79
311,56
517,93
339,61
334,60
431,78
387,70
428,77
300,54
471,85
479,86
465,84
343,62
823,148
506,91
540,97
455,82
638,115
522,94
467,84
347,62
599,108
589,106
715,129
669,120
545,98
430,77
738,133
497,89
406,73
380,68
488,88
468,84
746,134
455,82
404,73
589,106
754,136
334,60
413,74
398,72
610,110
581,105
369,66
324,58
331,60
691,124
395,71
616,111
750,135
349,63
312,56
622,112
443,80
538,97
343,62
496,89
581,105
572,103
469,84
632,114
349,63
819,147
393,71
332,60
501,90
488,88
591,106
446,80
479,86
569,102
757,136
605,109
446,80
620,112
368,66
292,53
446,80
529,95
637,115
399,72
371,67
597,107
505,91
668,120
560,101
449,81
553,100
659,119
388,70
412,74
468,84
498,90
424,76
374,67
447,80
424,76
454,82
469,84
456,82
571,103
419,75
518,93
725,131
512,92
698,126
485,87
423,76
464,84
770,139
659,119
560,101
407,73
452,81
681,123
500,90
833,150
576,104
523,94
429,77
485,87
437,79
658,118
727,131
691,124
433,78
570,103
300,54
824,148
708,127
574,103
577,104
592,107
673,121
420,76
469,84
518,93
537,97
412,74
546,98
758,136
351,63
334,60
762,137
517,93
399,72
491,88
449,81
693,125
360,65
531,96
639,115
548,99
511,92
389,70
518,93
585,105
794,143
632,114
292,53
639,115
816,147
425,77
409,74
424,76
709,128
373,67
367,66
750,135
792,143
622,112
404,73
500,90
542,98
493,89
494,89
345,62
778,140
807,145
640,115
568,102
534,96
474,85
626,113
372,67
609,110
358,64
739,133
448,81
491,88
653,118
483,87
438,79
408,73
498,90
362,65
789,142
452,81
689,124
317,57
508,91
474,85
348,63
323,58
452,81
724,130
426,77
453,82
513,92
509,92
379,68
470,85
483,87
429,77
462,83
414,75
615,111
442,80
671,121
455,82
651,117
661,119
353,64
528,95
610,110
401,72
418,75
510,92
393,71
367,66
392,71
321,58
588,106
443,80
511,92
470,85
680,122
602,108
331,60
595,107
715,129
448,81
346,62
550,99
484,87
538,97
523,94
458,82
449,81
527,95
524,94
682,123
655,118
453,82
542,98
393,71
666,120
534,96
384,69
863,155
568,102
504,91
381,69
511,92
759,137
671,121
440,79
705,127
559,101
509,92
614,111
562,101
710,128
449,81
551,99
572,103
409,74
370,67
437,79
415,75
350,63
530,95
424,76
383,69
555,100
472,85
380,68
386,69
659,119
685,123
506,91
511,92
539,97
406,73
445,80
385,69
343,62
658,118
622,112
579,104
684,123
645,116
446,80
534,96
533,96
662,119
370,67
300,54
448,81
457,82
538,97
410,74
663,119
358,64
800,144
452,81
344,62
334,60
653,118
312,56
625,113
585,105
461,83
374,67
468,84
462,83
442,80
469,84
426,77
589,106
541,97
359,65
401,72
395,71
571,103
688,124
424,76
522,94
469,84
396,71
616,111
326,59
304,55
456,82
395,71
560,101
613,110
648,117
360,65
490,88
400,72
516,93
584,105
410,74
512,92
546,98
375,68
792,143
718,129
804,145
394,71
370,67
579,104
371,67
634,114
806,145
502,90
818,147
696,125
585,105
373,67
550,99
507,91
564,102
377,68
493,89
485,87
497,89
307,55
354,64
617,111
557,100
316,57
605,109
516,93
395,71
358,64
527,95
634,114
571,103
350,63
511,92
563,101
495,89
581,105
701,126
413,74
703,127
588,106
431,78
479,86
376,68
365,66
434,78
844,152
496,89
605,109
535,96
388,70
559,101
305,55
386,69
373,67
538,97
672,121
550,99
771,139
499,90
353,64
335,60
608,109
383,69
502,90
563,101
432,78
548,99
472,85
324,58
412,74
332,60
417,75
415,75
360,65
458,82
569,102
547,98
374,67
425,77
614,111
537,97
407,73
340,61
625,113
526,95
365,66
512,92
394,71
580,104
744,134
495,89
362,65
610,110
501,90
379,68
431,78
508,91
342,62
552,99
501,90
529,95
428,77
781,141
353,64
370,67
606,109
359,65
451,81
630,113
332,60
527,95
508,91
555,100
408,73
373,67
505,91
534,96
542,98
625,113
453,82
540,97
294,53
514,93
486,87
339,61
628,113
360,65
702,126
517,93
377,68
448,81
668,120
741,133
602,108
498,90
539,97
499,90
373,67
493,89
489,88
377,68
406,73
488,88
566,102
497,89
327,59
668,120
464,84
618,111
400,72
516,93
395,71
846,152
761,137
495,89
431,78
435,78
391,70
533,96
746,134
741,133
624,112
454,82
395,71
358,64
636,114
488,88
412,74
598,108
495,89
354,64
350,63
383,69
608,109
595,107
397,71
409,74
332,60
469,84
464,84
550,99
414,75
658,118
393,71
402,72
426,77
460,83
688,124
625,113
564,102
645,116
468,84
403,73
514,93
568,102
465,84
596,107
361,65
604,109
333,60
454,82
448,81
467,84
672,121
652,117
508,91
356,64
523,94
547,98
436,78
612,110
374,67
484,87
505,91
494,89
501,90
339,61
507,91
487,88
290,52
688,124
518,93
554,100
433,78
447,80
520,94
655,118
664,120
567,102
569,102
446,80
632,114
606,109
390,70
396,71
757,136
572,103
589,106
541,97
570,103
375,68
517,93
417,75
414,75
617,111
514,93
564,102
439,79
620,112
473,85
304,55
513,92
548,99
439,79
350,63
428,77
578,104
725,131
419,75
378,68
362,65
370,67
441,79
510,92
574,103
540,97
591,106
475,86
434,78
756,136
504,91
580,104
299,54
447,80
603,109
551,99
521,94
462,83
670,121
567,102
721,130
390,70
454,82
499,90
385,69
466,84
383,69
506,91
421,76
302,54
720,130
361,65
564,102
517,93
416,75
558,100
574,103
425,77
297,53
664,120
440,79
536,96
617,111
461,83
493,89
441,79
647,116
672,121
491,88
780,140
766,138
509,92
751,135
477,86
334,60
577,104
577,104
663,119
645,116
710,128
489,88
549,99
564,102
795,143
574,103
386,69
471,85
505,91
532,96
553,100
641,115
456,82
677,122
551,99
624,112
477,86
511,92
412,74
354,64
586,105
492,89
631,114
665,120
456,82
696,125
437,79
544,98
870,157
530,95
429,77
474,85
484,87
543,98
386,69
398,72
515,93
687,124
353,64
457,82
481,87
437,79
311,56
579,104
318,57
644,116
589,106
744,134
407,73
496,89
455,82
603,109
474,85
642,116
747,134
551,99
604,109
502,90
532,96
513,92
514,93
590,106
363,65
453,82
421,76
749,135
482,87
657,118
769,138
459,83
469,84
528,95
672,121
498,90
351,63
481,87
630,113
580,104
459,83
580,104
507,91
420,76
364,66
474,85
468,84
680,122
643,116
696,125
339,61
429,77
402,72
434,78
636,114
506,91
358,64
485,87
455,82
641,115
455,82
380,68
406,73
720,130
797,143
402,72
420,76
347,62
652,117
569,102
561,101
540,97
551,99
454,82
520,94
339,61
311,56
450,81
866,156
663,119
653,118
392,71
709,128
759,137
498,90
523,94
508,91
546,98
526,95
525,95
415,75
570,103
560,101
443,80
599,108
629,113
317,57
425,77
428,77
467,84
657,118
517,93
634,114
326,59
682,123
407,73
514,93
584,105
582,105
800,144
441,79
780,140
518,93
513,92
431,78
442,80
485,87
706,127
421,76
525,95
590,106
347,62
516,93
704,127
557,100
554,100
510,92
526,95
374,67
618,111
579,104
422,76
572,103
627,113
371,67
361,65
469,84
485,87
587,106
622,112
593,107
394,71
561,101
744,134
537,97
574,103
369,66
639,115
547,98
682,123
400,72
308,55
555,100
408,73
462,83
452,81
550,99
559,101
574,103
505,91
394,71
680,122
475,86
398,72
747,134
638,115
432,78
676,122
495,89
491,88
475,86
453,82
389,70
401,72
566,102
519,93
610,110
558,100
381,69
311,56
645,116
396,71
648,117
772,139
362,65
538,97
396,71
593,107
400,72
502,90
349,63
497,89
521,94
477,86
515,93
399,72
556,100
422,76
487,88
804,145
419,75
596,107
751,135
444,80
448,81
778,140
624,112
632,114
484,87
523,94
476,86
485,87
387,70
587,106
573,103
779,140
399,72
359,65
332,60
539,97
583,105
543,98
726,131
471,85
673,121
412,74
355,64
374,67
597,107
375,68
492,89
351,63
390,70
792,143
520,94
762,137
334,60
372,67
398,72
382,69
562,101
593,107
641,115
443,80
718,129
728,131
447,80
434,78
388,70
725,131
678,122
407,73
618,111
474,85
535,96
434,78
451,81
516,93
318,57
523,94
642,116
449,81
629,113
402,72
584,105
462,83
523,94
366,66
467,84
763,137
741,133
503,91
544,98
563,101
657,118
555,100
476,86
577,104
509,92
432,78
328,59
506,91
547,98
343,62
515,93
396,71
490,88
648,117
568,102
723,130
324,58
312,56
527,95
609,110
342,62
537,97
516,93
454,82
349,63
409,74
432,78
435,78
518,93
599,108
419,75
739,133
658,118
743,134
630,113
553,100
722,130
669,120
541,97
547,98
445,80
458,82
737,133
521,94
441,79
588,106
333,60
633,114
385,69
498,90
328,59
587,106
386,69
516,93
379,68
554,100
670,121
478,86
750,135
640,115
551,99
454,82
531,96
448,81
343,62
693,125
293,53
515,93
672,121
681,123
565,102
597,107
566,102
320,58
602,108
399,72
323,58
531,96
642,116
565,102
530,95
319,57
475,86
529,95
343,62
672,121
682,123
339,61
488,88
578,104
506,91
426,77
561,101
591,106
595,107
446,80
374,67
563,101
495,89
499,90
435,78
681,123
525,95
382,69
428,77
450,81
658,118
476,86
404,73
375,68
452,81
605,109
558,100
450,81
409,74
712,128
335,60
474,85
470,85
433,78
587,106
758,136
704,127
715,129
723,130
544,98
824,148
415,75
529,95
408,73
575,104
640,115
509,92
498,90
737,133
326,59
475,86
704,127
760,137
437,79
445,80
338,61
617,111
438,79
459,83
455,82
631,114
420,76
544,98
569,102
394,71
424,76
581,105
447,80
438,79
459,83
461,83
372,67
389,70
608,109
539,97
598,108
530,95
365,66
444,80
706,127
476,86
435,78
552,99
500,90
534,96
549,99
452,81
559,101
543,98
493,89
364,66
477,86
598,108
364,66
550,99
653,118
499,90
469,84
518,93
715,129
408,73
380,68
293,53
460,83
619,111
517,93
801,144
667,120
499,90
715,129
553,100
618,111
665,120
512,92
396,71
447,80
596,107
408,73
833,150
460,83
591,106
409,74
365,66
497,89
490,88
490,88
798,144
402,72
457,82
388,70
508,91
354,64
440,79
348,63
701,126
531,96
572,103
367,66
467,84
594,107
488,88
374,67
344,62
457,82
613,110
529,95
644,116
586,105
480,86
457,82
546,98
516,93
349,63
455,82
356,64
467,84
706,127
390,70
511,92
407,73
484,87
497,89
564,102
498,90
355,64
733,132
496,89
507,91
470,85
595,107
504,91
703,127
444,80
516,93
423,76
322,58
582,105
436,78
530,95
615,111
405,73
608,109
544,98
457,82
494,89
335,60
484,87
490,88
520,94
506,91
776,140
504,91
487,88
452,81
413,74
445,80
343,62
819,147
486,87
518,93
456,82
725,131
603,109
368,66
541,97
657,118
366,66
366,66
585,105
656,118
360,65
671,121
305,55
614,111
300,54
694,125
564,102
864,156
345,62
536,96
397,71
549,99
316,57
557,100
524,94
460,83
635,114
684,123
521,94
682,123
462,83
514,93
625,113
536,96
293,53
709,128
484,87
429,77
465,84
533,96
476,86
527,95
604,109
377,68
415,75
541,97
351,63
505,91
526,95
686,123
545,98
570,103
381,69
747,134
522,94
555,100
624,112
450,81
557,100
740,133
320,58
448,81
373,67
366,66
580,104
449,81
439,79
679,122
470,85
693,125
488,88
388,70
497,89
466,84
513,92
661,119
729,131
380,68
382,69
688,124
368,66
638,115
584,105
492,89
498,90
529,95
325,59
545,98
547,98
503,91
626,113
638,115
527,95
431,78
690,124
384,69
348,63
519,93
438,79
414,75
729,131
580,104
512,92
631,114
507,91
573,103
398,72
318,57
618,111
866,156
375,68
586,105
493,89
487,88
512,92
691,124
474,85
438,79
321,58
490,88
595,107
376,68
584,105
325,59
469,84
522,94
814,147
322,58
418,75
783,141
324,58
789,142
560,101
835,150
527,95
553,100
381,69
353,64
329,59
334,60
584,105
659,119
439,79
557,100
539,97
618,111
405,73
373,67
643,116
364,66
583,105
522,94
466,84
434,78
377,68
486,87
364,66
713,128
691,124
587,106
652,117
793,143
443,80
330,59
558,100
397,71
659,119
345,62
461,83
680,122
597,107
345,62
817,147
446,80
511,92
474,85
538,97
749,135
624,112
580,104
422,76
690,124
459,83
590,106
386,69
622,112
580,104
416,75
362,65
442,80
365,66
541,97
406,73
303,55
418,75
506,91
361,65
356,64
343,62
591,106
416,75
403,73
765,138
579,104
499,90
422,76
446,80
606,109
479,86
371,67
629,113
584,105
529,95
328,59
537,97
489,88
769,138
521,94
522,94
655,118
397,71
672,121
309,56
508,91
631,114
434,78
457,82
486,87
517,93
379,68
493,89
593,107
461,83
571,103
382,69
299,54
444,80
445,80
346,62
381,69
478,86
533,96
646,116
515,93
609,110
510,92
615,111
556,100
324,58
563,101
531,96
346,62
637,115
459,83
392,71
406,73
537,97
426,77
556,100
363,65
594,107
606,109
343,62
409,74
660,119
710,128
402,72
582,105
448,81
430,77
626,113
449,81
331,60
604,109
558,100
433,78
472,85
315,57
498,90
722,130
422,76
510,92
682,123
617,111
323,58
443,80
504,91
510,92
628,113
493,89
496,89
608,109
542,98
464,84
748,135
520,94
524,94
431,78
471,85
319,57
493,89
363,65
472,85
532,96
500,90
594,107
523,94
562,101
573,103
488,88
574,103
397,71
537,97
393,71
448,81
383,69
529,95
446,80
656,118
317,57
343,62
798,144
548,99
390,70
743,134
494,89
429,77
478,86
475,86
351,63
608,109
752,135
450,81
742,134
551,99
408,73
537,97
495,89
529,95
405,73
369,66
504,91
582,105
415,75
638,115
477,86
705,127
449,81
717,129
458,82
530,95
740,133
355,64
506,91
381,69
366,66
315,57
310,56
468,84
716,129
553,100
451,81
694,125
740,133
659,119
523,94
362,65
337,61
458,82
370,67
852,153
543,98
480,86
776,140
419,75
622,112
400,72
433,78
405,73
628,113
415,75
676,122
341,61
397,71
531,96
535,96
403,73
436,78
710,128
572,103
551,99
488,88
359,65
488,88
390,70
449,81
541,97
496,89
525,95
637,115
551,99
501,90
694,125
435,78
389,70
605,109
352,63
384,69
555,100
487,88
673,121
511,92
537,97
589,106
638,115
355,64
429,77
608,109
453,82
562,101
613,110
587,106
731,132
319,57
392,71
471,85
743,134
506,91
324,58
480,86
343,62
348,63
366,66
370,67
499,90
396,71
435,78
393,71
313,56
367,66
376,68
520,94
366,66
598,108
429,77
410,74
581,105
647,116
478,86
551,99
532,96
325,59
335,60
472,85
657,118
840,151
554,100
557,100
648,117
426,77
324,58
501,90
442,80
417,75
359,65
300,54
514,93
434,78
559,101
515,93
797,143
428,77
491,88
517,93
589,106
470,85
405,73
480,86
442,80
560,101
493,89
505,91
511,92
741,133
394,71
669,120
497,89
478,86
404,73
745,134
380,68
551,99
453,82
378,68
391,70
683,123
543,98
375,68
293,53
389,70
481,87
855,154
608,109
400,72
507,91
353,64
497,89
574,103
579,104
502,90
333,60
515,93
577,104
516,93
570,103
544,98
297,53
778,140
524,94
672,121
414,75
686,123
635,114
691,124
510,92
348,63
702,126
452,81
503,91
346,62
610,110
701,126
644,116
612,110
577,104
337,61
685,123
475,86
555,100
832,150
560,101
437,79
435,78
546,98
443,80
464,84
524,94
768,138
689,124
694,125
559,101
474,85
612,110
381,69
807,145
450,81
479,86
702,126
421,76
611,110
356,64
400,72
543,98
574,103
502,90
348,63
389,70
645,116
507,91
350,63
341,61
504,91
401,72
366,66
520,94
692,125
667,120
364,66
706,127
537,97
609,110
657,118
379,68
394,71
539,97
625,113
549,99
547,98
458,82
387,70
441,79
355,64
345,62
422,76
413,74
427,77
555,100
454,82
488,88
578,104
533,96
481,87
327,59
462,83
379,68
561,101
373,67
790,142
470,85
629,113
392,71
510,92
403,73
462,83
570,103
871,157
575,104
515,93
528,95
731,132
447,80
599,108
439,79
631,114
476,86
408,73
460,83
475,86
785,141
512,92
520,94
412,74
748,135
650,117
541,97
400,72
535,96
551,99
374,67
744,134
489,88
372,67
630,113
630,113
539,97
568,102
474,85
400,72
548,99
608,109
338,61
416,75
372,67
443,80
495,89
419,75
425,77
602,108
521,94
477,86
572,103
654,118
592,107
445,80
309,56
496,89
444,80
630,113
309,56
521,94
487,88
658,118
603,109
522,94
603,109
522,94
532,96
790,142
546,98
612,110
338,61
317,57
628,113
365,66
418,75
484,87
423,76
531,96
597,107
654,118
358,64
482,87
638,115
541,97
824,148
583,105
464,84
554,100
389,70
487,88
512,92
347,62
528,95
466,84
549,99
566,102
379,68
570,103
629,113
516,93
558,100
519,93
556,100
352,63
454,82
482,87
572,103
572,103
428,77
609,110
326,59
330,59
607,109
545,98
870,157
613,110
561,101
347,62
550,99
533,96
737,133
694,125
543,98
535,96
440,79
499,90
420,76
394,71
691,124
342,62
496,89
585,105
391,70
492,89
314,57
488,88
488,88
412,74
647,116
616,111
558,100
491,88
458,82
445,80
560,101
625,113
382,69
516,93
437,79
414,75
448,81
489,88
690,124
550,99
519,93
523,94
411,74
627,113
512,92
473,85
520,94
588,106
747,134
493,89
677,122
485,87
387,70
453,82
380,68
524,94
615,111
647,116
720,130
419,75
369,66
481,87
581,105
592,107
591,106
353,64
776,140
743,134
437,79
797,143
365,66
646,116
666,120
373,67
623,112
463,83
427,77
647,116
391,70
559,101
381,69
671,121
549,99
557,100
582,105
380,68
567,102
495,89
449,81
603,109
462,83
546,98
481,87
591,106
604,109
418,75
621,112
705,127
676,122
474,85
435,78
524,94
514,93
339,61
338,61
403,73
442,80
631,114
383,69
733,132
795,143
400,72
331,60
405,73
657,118
711,128
558,100
556,100
452,81
547,98
398,72
639,115
357,64
579,104
705,127
508,91
378,68
468,84
634,114
417,75
865,156
666,120
466,84
520,94
510,92
744,134
578,104
557,100
793,143
488,88
487,88
601,108
474,85
366,66
351,63
618,111
538,97
352,63
559,101
645,116
458,82
481,87
374,67
693,125
583,105
449,81
476,86
417,75
508,91
518,93
364,66
457,82
404,73
383,69
643,116
390,70
650,117
630,113
538,97
492,89
585,105
619,111
458,82
408,73
564,102
390,70
465,84
343,62
574,103
542,98
590,106
425,77
585,105
380,68
351,63
383,69
517,93
318,57
313,56
794,143
340,61
833,150
611,110
454,82
462,83
442,80
368,66
447,80
387,70
536,96
697,125
610,110
528,95
449,81
511,92
429,77
681,123
525,95
715,129
526,95
452,81
392,71
411,74
445,80
484,87
465,84
472,85
444,80
439,79
435,78
432,78
342,62
473,85
530,95
481,87
444,80
470,85
626,113
503,91
353,64
671,121
525,95
554,100
470,85
394,71
514,93
523,94
389,70
415,75
466,84
465,84
506,91
428,77
604,109
388,70
564,102
462,83
500,90
361,65
453,82
791,142
472,85
499,90
504,91
563,101
407,73
559,101
434,78
363,65
404,73
600,108
340,61
452,81
760,137
471,85
517,93
489,88
519,93
449,81
523,94
320,58
543,98
367,66
823,148
453,82
539,97
455,82
497,89
534,96
419,75
703,127
460,83
405,73
648,117
491,88
526,95
700,126
320,58
683,123
469,84
757,136
503,91
576,104
383,69
361,65
721,130
552,99
771,139
314,57
609,110
302,54
543,98
784,141
405,73
425,77
426,77
477,86
620,112
447,80
408,73
500,90
637,115
549,99
402,72
362,65
462,83
667,120
694,125
598,108
749,135
455,82
413,74
500,90
514,93
437,79
581,105
701,126
579,104
563,101
437,79
702,126
678,122
475,86
534,96
649,117
671,121
523,94
730,131
302,54
550,99
586,105
740,133
440,79
460,83
397,71
291,52
631,114
512,92
467,84
567,102
608,109
588,106
573,103
387,70
464,84
507,91
564,102
686,123
491,88
578,104
578,104
577,104
402,72
465,84
426,77
445,80
807,145
476,86
454,82
515,93
392,71
664,120
758,136
362,65
704,127
566,102
463,83
411,74
665,120
492,89
526,95
452,81
339,61
526,95
379,68
447,80
703,127
401,72
301,54
543,98
740,133
523,94
481,87
544,98
429,77
408,73
654,118
425,77
802,144
351,63
603,109
745,134
501,90
875,158
464,84
478,86
387,70
493,89
328,59
656,118
461,83
571,103
685,123
364,66
328,59
620,112
477,86
475,86
371,67
452,81
488,88
354,64
645,116
459,83
812,146
503,91
536,96
493,89
497,89
383,69
556,100
588,106
470,85
654,118
485,87
411,74
615,111
330,59
627,113
608,109
403,73
632,114
477,86
651,117
444,80
597,107
486,87
514,93
629,113
374,67
526,95
814,147
411,74
535,96
349,63
566,102
659,119
510,92
639,115
372,67
312,56
442,80
548,99
547,98
370,67
726,131
423,76
785,141
562,101
436,78
725,131
792,143
439,79
563,101
494,89
626,113
321,58
755,136
405,73
505,91
605,109
673,121
387,70
812,146
555,100
631,114
378,68
496,89
444,80
659,119
413,74
396,71
390,70
382,69
516,93
358,64
400,72
407,73
531,96
336,60
523,94
366,66
352,63
494,89
484,87
524,94
389,70
625,113
386,69
599,108
443,80
470,85
612,110
591,106
585,105
421,76
373,67
379,68
485,87
363,65
626,113
643,116
401,72
327,59
483,87
352,63
403,73
611,110
530,95
425,77
363,65
473,85
759,137
558,100
781,141
491,88
318,57
591,106
657,118
468,84
338,61
714,129
512,92
611,110
646,116
398,72
339,61
365,66
389,70
436,78
517,93
593,107
406,73
643,116
405,73
379,68
464,84
416,75
799,144
565,102
533,96
421,76
649,117
385,69
539,97
751,135
614,111
330,59
668,120
342,62
454,82
662,119
530,95
613,110
614,111
495,89
606,109
435,78
548,99
399,72
380,68
427,77
503,91
389,70
422,76
525,95
433,78
470,85
515,93
486,87
852,153
447,80
526,95
756,136
553,100
867,156
543,98
506,91
523,94
820,148
630,113
655,118
479,86
413,74
423,76
675,122
506,91
638,115
507,91
549,99
645,116
504,91
520,94
435,78
687,124
626,113
756,136
500,90
480,86
422,76
457,82
639,115
372,67
509,92
367,66
382,69
485,87
519,93
649,117
457,82
491,88
509,92
461,83
649,117
393,71
629,113
542,98
351,63
503,91
354,64
406,73
440,79
590,106
779,140
355,64
483,87
782,141
705,127
388,70
523,94
747,134
539,97
607,109
623,112
446,80
673,121
300,54
555,100
559,101
408,73
567,102
552,99
476,86
517,93
569,102
448,81
401,72
531,96
418,75
578,104
591,106
744,134
365,66
441,79
681,123
645,116
577,104
753,136
559,101
396,71
733,132
524,94
549,99
374,67
394,71
310,56
612,110
565,102
355,64
426,77
385,69
550,99
623,112
451,81
568,102
647,116
387,70
440,79
497,89
653,118
337,61
382,69
512,92
520,94
408,73
335,60
466,84
623,112
563,101
597,107
368,66
374,67
741,133
489,88
598,108
587,106
379,68
650,117
462,83
733,132
610,110
416,75
484,87
347,62
615,111
439,79
588,106
604,109
512,92
617,111
558,100
454,82
454,82
700,126
453,82
464,84
319,57
404,73
393,71
656,118
399,72
679,122
480,86
483,87
514,93
407,73
502,90
603,109
492,89
498,90
518,93
754,136
372,67
543,98
302,54
486,87
455,82
371,67
753,136
502,90
480,86
566,102
548,99
420,76
515,93
542,98
339,61
344,62
322,58
439,79
544,98
468,84
393,71
669,120
519,93
475,86
713,128
527,95
584,105
469,84
505,91
495,89
427,77
508,91
504,91
629,113
454,82
484,87
388,70
511,92
680,122
450,81
545,98
432,78
556,100
454,82
697,125
597,107
437,79
504,91
443,80
434,78
444,80
421,76
777,140
625,113
659,119
542,98
545,98
692,125
704,127
511,92
299,54
574,103
537,97
403,73
823,148
425,77
512,92
781,141
616,111
576,104
434,78
750,135
594,107
728,131
408,73
368,66
358,64
613,110
529,95
675,122
453,82
505,91
380,68
722,130
494,89
537,97
442,80
558,100
554,100
611,110
574,103
730,131
318,57
506,91
375,68
491,88
381,69
340,61
521,94
547,98
356,64
677,122
546,98
728,131
706,127
621,112
603,109
432,78
499,90
463,83
630,113
647,116
556,100
614,111
492,89
512,92
386,69
471,85
563,101
362,65
440,79
458,82
476,86
409,74
475,86
434,78
589,106
305,55
561,101
517,93
570,103
547,98
600,108
599,108
341,61
369,66
643,116
587,106
444,80
485,87
404,73
460,83
356,64
450,81
716,129
505,91
591,106
388,70
653,118
647,116
445,80
623,112
749,135
359,65
428,77
655,118
533,96
509,92
492,89
517,93
416,75
303,55
468,84
452,81
427,77
506,91
442,80
585,105
378,68
577,104
325,59
461,83
670,121
476,86
465,84
320,58
741,133
656,118
297,53
379,68
450,81
534,96
577,104
431,78
409,74
485,87
347,62
558,100
409,74
541,97
509,92
748,135
586,105
615,111
459,83
726,131
379,68
577,104
375,68
390,70
429,77
695,125
530,95
528,95
485,87
376,68
472,85
378,68
496,89
525,95
418,75
590,106
517,93
525,95
484,87
435,78
451,81
485,87
553,100
532,96
483,87
481,87
438,79
463,83
436,78
498,90
567,102
312,56
623,112
420,76
496,89
458,82
549,99
421,76
727,131
433,78
617,111
466,84
770,139
462,83
385,69
701,126
681,123
591,106
405,73
865,156
550,99
595,107
447,80
595,107
469,84
572,103
465,84
422,76
699,126
603,109
619,111
459,83
581,105
635,114
495,89
638,115
333,60
599,108
451,81
610,110
680,122
500,90
609,110
408,73
419,75
359,65
612,110
570,103
648,117
698,126
538,97
503,91
446,80
388,70
542,98
555,100
713,128
326,59
633,114
503,91
439,79
791,142
671,121
755,136
715,129
652,117
796,143
378,68
461,83
391,70
854,154
588,106
527,95
385,69
323,58
603,109
756,136
494,89
409,74
573,103
702,126
436,78
465,84
462,83
306,55
651,117
550,99
573,103
591,106
724,130
419,75
377,68
557,100
489,88
427,77
421,76
336,60
479,86
468,84
367,66
354,64
378,68
520,94
321,58
516,93
404,73
453,82
462,83
721,130
364,66
524,94
421,76
593,107
733,132
504,91
508,91
622,112
338,61
405,73
362,65
516,93
797,143
776,140
337,61
482,87
493,89
837,151
292,53
447,80
556,100
655,118
538,97
439,79
603,109
423,76
472,85
454,82
374,67
536,96
545,98
485,87
625,113
586,105
545,98
520,94
823,148
396,71
430,77
318,57
521,94
698,126
311,56
650,117
477,86
474,85
492,89
403,73
638,115
424,76
564,102
512,92
582,105
785,141
440,79
815,147
766,138
411,74
448,81
618,111
413,74
508,91
655,118
496,89
344,62
648,117
415,75
589,106
827,149
482,87
563,101
721,130
635,114
833,150
574,103
689,124
436,78
427,77
621,112
821,148
561,101
408,73
431,78
499,90
496,89
363,65
616,111
398,72
376,68
543,98
645,116
612,110
509,92
383,69
569,102
653,118
343,62
445,80
399,72
464,84
529,95
345,62
501,90
620,112
394,71
640,115
776,140
453,82
439,79
578,104
365,66
578,104
740,133
653,118
746,134
578,104
531,96
339,61
532,96
425,77
348,63
482,87
527,95
586,105
426,77
559,101
488,88
579,104
424,76
495,89
362,65
637,115
585,105
408,73
737,133
450,81
414,75
456,82
623,112
542,98
326,59
467,84
495,89
326,59
510,92
372,67
521,94
359,65
578,104
419,75
471,85
339,61
660,119
477,86
529,95
314,57
477,86
567,102
535,96
436,78
614,111
556,100
674,121
343,62
704,127
648,117
511,92
460,83
464,84
330,59
478,86
442,80
472,85
320,58
595,107
523,94
728,131
838,151
777,140
528,95
679,122
376,68
472,85
635,114
475,86
338,61
661,119
550,99
676,122
437,79
570,103
391,70
572,103
600,108
589,106
591,106
497,89
598,108
613,110
653,118
422,76
443,80
455,82
706,127
769,138
633,114
540,97
543,98
562,101
580,104
623,112
513,92
593,107
497,89
680,122
394,71
630,113
392,71
573,103
449,81
546,98
611,110
448,81
496,89
617,111
502,90
370,67
618,111
501,90
562,101
341,61
425,77
609,110
530,95
560,101
584,105
338,61
625,113
790,142
491,88
363,65
803,145
460,83
463,83
393,71
309,56
632,114
490,88
681,123
849,153
643,116
808,145
396,71
537,97
339,61
614,111
685,123
479,86
407,73
