Loyalty_Number,Year,Avg_Flights_Per_Year
100018,2017,2.0
100018,2018,1.8333333333333333
100102,2017,2.0833333333333335
100102,2018,2.1666666666666665
100140,2017,1.8333333333333333
100140,2018,2.0833333333333335
100214,2017,0.8333333333333334
100214,2018,1.0
100272,2017,1.6666666666666667
100272,2018,1.4166666666666667
100301,2017,2.5833333333333335
100301,2018,0.8333333333333334
100364,2017,1.8333333333333333
100364,2018,0.9166666666666666
100380,2017,1.4166666666666667
100380,2018,1.3333333333333333
100428,2017,1.0
100428,2018,1.9166666666666667
100504,2017,1.0833333333333333
100504,2018,0.5
100550,2017,1.9166666666666667
100550,2018,1.5833333333333333
100585,2017,1.75
100585,2018,1.6666666666666667
100590,2018,2.5454545454545454
100642,2017,1.75
100642,2018,1.25
100644,2017,1.5
100644,2018,0.9166666666666666
100646,2017,1.0
100646,2018,1.5
100727,2017,1.75
100727,2018,2.25
100737,2017,1.5
100737,2018,2.4166666666666665
100753,2017,3.0
100753,2018,1.25
100816,2017,1.0833333333333333
100816,2018,1.5
100853,2017,1.6666666666666667
100853,2018,1.5833333333333333
100883,2017,1.0833333333333333
100883,2018,1.75
100890,2017,0.9166666666666666
100890,2018,1.3333333333333333
101018,2017,1.8333333333333333
101018,2018,1.5833333333333333
101148,2017,1.75
101148,2018,0.75
101356,2017,0.0
101356,2018,0.0
101363,2017,1.25
101363,2018,1.3333333333333333
101487,2017,2.4166666666666665
101487,2018,2.25
101515,2017,1.4166666666666667
101515,2018,1.0
101540,2017,0.9166666666666666
101540,2018,1.5833333333333333
101544,2017,1.4166666666666667
101544,2018,1.9166666666666667
101547,2017,0.0
101547,2018,1.4166666666666667
101581,2017,1.5
101581,2018,1.5
101594,2017,1.3333333333333333
101594,2018,2.25
101644,2017,0.0
101644,2018,0.16666666666666666
101663,2017,1.9166666666666667
101663,2018,1.5
101664,2017,0.9166666666666666
101664,2018,1.5
101709,2017,2.1666666666666665
101709,2018,1.0
101768,2017,0.0
101768,2018,0.08333333333333333
101876,2017,0.4166666666666667
101876,2018,0.5833333333333334
101895,2017,1.5833333333333333
101895,2018,0.6666666666666666
101902,2017,1.5789473684210527
101902,2018,1.9583333333333333
101945,2017,1.5833333333333333
101945,2018,1.6666666666666667
102168,2017,0.0
102168,2018,2.0833333333333335
102184,2017,1.9166666666666667
102184,2018,1.8333333333333333
102207,2017,1.1666666666666667
102207,2018,0.9166666666666666
102299,2017,1.8333333333333333
102299,2018,2.1666666666666665
102308,2017,0.0
102308,2018,0.0
102311,2017,2.5
102311,2018,1.75
102376,2018,6.636363636363637
102464,2017,0.5
102464,2018,0.6666666666666666
102615,2017,0.0
102615,2018,0.16666666666666666
102726,2017,0.3333333333333333
102726,2018,1.4166666666666667
102730,2017,0.0
102730,2018,2.25
102740,2017,0.0
102740,2018,0.4166666666666667
102788,2018,7.636363636363637
102851,2017,1.6666666666666667
102851,2018,1.5833333333333333
102877,2017,2.3333333333333335
102877,2018,1.4166666666666667
102982,2017,0.5833333333333334
102982,2018,1.8333333333333333
103043,2017,2.25
103043,2018,1.3333333333333333
103151,2017,1.5
103151,2018,1.0833333333333333
103217,2017,1.1666666666666667
103217,2018,1.8333333333333333
103304,2017,1.8333333333333333
103304,2018,1.25
103340,2017,2.5833333333333335
103340,2018,1.0833333333333333
103352,2017,0.0
103352,2018,0.0
103359,2017,1.5
103359,2018,2.9166666666666665
103362,2017,0.0
103362,2018,0.25
103383,2017,0.0
103383,2018,0.0
103436,2017,2.0
103436,2018,2.0833333333333335
103490,2017,1.5
103490,2018,2.25
103502,2017,0.6666666666666666
103502,2018,0.8333333333333334
103536,2017,2.5833333333333335
103536,2018,2.3333333333333335
103699,2017,0.0
103699,2018,2.0
103731,2017,1.3333333333333333
103731,2018,1.4166666666666667
103758,2017,0.0
103758,2018,1.5
103823,2017,2.0833333333333335
103823,2018,1.4166666666666667
103860,2017,1.75
103860,2018,1.5833333333333333
103862,2017,1.25
103862,2018,1.8333333333333333
103916,2017,1.75
103916,2018,1.25
103969,2017,1.6666666666666667
103969,2018,1.0833333333333333
103970,2017,1.5833333333333333
103970,2018,2.1666666666666665
103975,2017,0.0
103975,2018,1.25
103985,2017,0.0
103985,2018,0.3333333333333333
104103,2017,2.0
104103,2018,0.6666666666666666
104267,2018,3.4545454545454546
104353,2017,2.1666666666666665
104353,2018,1.3333333333333333
104431,2017,1.9166666666666667
104431,2018,1.6666666666666667
104541,2017,0.8333333333333334
104541,2018,2.0
104586,2017,2.0833333333333335
104586,2018,1.25
104673,2017,1.8333333333333333
104673,2018,2.1666666666666665
104732,2017,1.5
104732,2018,1.5833333333333333
104739,2017,0.0
104739,2018,0.0
104849,2017,1.5
104849,2018,1.4166666666666667
104960,2017,0.8333333333333334
104960,2018,1.8333333333333333
105063,2018,2.4545454545454546
105073,2018,4.7272727272727275
105074,2017,2.0
105074,2018,1.8333333333333333
105145,2017,0.0
105145,2018,0.0
105193,2017,0.0
105193,2018,0.25
105214,2017,1.8333333333333333
105214,2018,1.0833333333333333
105251,2017,0.8333333333333334
105251,2018,0.0
105335,2017,1.6666666666666667
105335,2018,1.3333333333333333
105352,2017,0.0
105352,2018,0.0
105552,2017,1.1666666666666667
105552,2018,1.3333333333333333
105688,2017,2.0
105688,2018,1.75
105700,2017,0.0
105700,2018,0.0
105712,2017,1.75
105712,2018,0.8333333333333334
105789,2017,2.1666666666666665
105789,2018,1.0
105835,2018,3.1818181818181817
105841,2018,6.636363636363637
105921,2017,2.5
105921,2018,1.5833333333333333
105932,2017,1.1666666666666667
105932,2018,1.3333333333333333
105992,2017,2.5
105992,2018,1.0
106001,2017,1.875
106001,2018,1.3478260869565217
106037,2017,2.75
106037,2018,1.5
106038,2017,1.1666666666666667
106038,2018,1.5
106046,2018,4.363636363636363
106048,2017,0.0
106048,2018,0.25
106218,2017,1.8333333333333333
106218,2018,1.3333333333333333
106397,2017,0.8333333333333334
106397,2018,1.25
106444,2017,0.0
106444,2018,1.1666666666666667
106477,2017,0.8333333333333334
106477,2018,1.0833333333333333
106509,2017,0.0
106509,2018,0.7142857142857143
106589,2017,0.0
106589,2018,0.0
106592,2017,2.8333333333333335
106592,2018,1.0833333333333333
106616,2017,0.0
106616,2018,0.5
106623,2017,0.0
106623,2018,0.3333333333333333
106637,2017,1.3333333333333333
106637,2018,1.3333333333333333
106689,2017,0.5833333333333334
106689,2018,1.3333333333333333
106754,2017,1.1666666666666667
106754,2018,1.4166666666666667
106757,2017,1.25
106757,2018,1.6666666666666667
106776,2017,1.8333333333333333
106776,2018,1.75
106838,2017,2.1666666666666665
106838,2018,1.0833333333333333
106839,2017,1.3333333333333333
106839,2018,2.4166666666666665
106936,2017,1.75
106936,2018,2.0
106946,2017,2.1666666666666665
106946,2018,2.0
106964,2017,0.0
106964,2018,0.3333333333333333
106978,2017,1.8333333333333333
106978,2018,2.0
106979,2017,2.25
106979,2018,0.9166666666666666
107037,2017,1.5
107037,2018,1.0833333333333333
107067,2017,1.3333333333333333
107067,2018,1.5833333333333333
107119,2017,1.6666666666666667
107119,2018,2.25
107141,2017,1.25
107141,2018,1.5
107203,2017,2.4166666666666665
107203,2018,1.5
107212,2017,1.5833333333333333
107212,2018,1.6666666666666667
107296,2017,0.5
107296,2018,1.25
107385,2017,0.08333333333333333
107385,2018,1.75
107420,2017,0.08333333333333333
107420,2018,1.4166666666666667
107461,2017,0.6666666666666666
107461,2018,0.8333333333333334
107466,2017,1.4166666666666667
107466,2018,0.5833333333333334
107487,2017,0.3333333333333333
107487,2018,1.1666666666666667
107519,2018,5.545454545454546
107571,2017,1.5833333333333333
107571,2018,1.0
107649,2017,2.5833333333333335
107649,2018,1.1666666666666667
107719,2017,1.0
107719,2018,1.5
107730,2017,0.4166666666666667
107730,2018,2.6666666666666665
107835,2017,0.0
107835,2018,0.4166666666666667
107902,2017,1.3333333333333333
107902,2018,1.3333333333333333
107993,2017,0.9166666666666666
107993,2018,1.75
108264,2017,3.0833333333333335
108264,2018,2.5833333333333335
108346,2017,0.0
108346,2018,0.8333333333333334
108367,2017,1.0833333333333333
108367,2018,0.08333333333333333
108381,2017,1.4166666666666667
108381,2018,1.9166666666666667
108430,2017,1.6666666666666667
108430,2018,2.25
108440,2017,1.5833333333333333
108440,2018,1.3333333333333333
108462,2017,1.1666666666666667
108462,2018,1.9166666666666667
108481,2017,0.0
108481,2018,0.0
108528,2017,2.0
108528,2018,2.25
108625,2017,2.0
108625,2018,1.8333333333333333
108666,2017,0.4166666666666667
108666,2018,1.75
108857,2017,0.3333333333333333
108857,2018,0.5
108896,2017,0.75
108896,2018,0.0
108907,2017,1.6666666666666667
108907,2018,1.4166666666666667
109022,2017,1.3333333333333333
109022,2018,0.9166666666666666
109023,2017,1.4166666666666667
109023,2018,1.5
109029,2017,0.0
109029,2018,0.16666666666666666
109203,2017,1.75
109203,2018,1.6666666666666667
109399,2017,1.0833333333333333
109399,2018,1.6666666666666667
109478,2017,1.8333333333333333
109478,2018,1.8333333333333333
109495,2017,1.8333333333333333
109495,2018,1.8333333333333333
109517,2017,1.9166666666666667
109517,2018,0.9166666666666666
109552,2017,0.5833333333333334
109552,2018,1.25
109612,2017,0.4166666666666667
109612,2018,1.0
109660,2017,1.3333333333333333
109660,2018,2.1666666666666665
109767,2017,1.5833333333333333
109767,2018,2.0833333333333335
109840,2017,1.25
109840,2018,1.0
109896,2017,1.5833333333333333
109896,2018,1.9166666666666667
109903,2017,1.75
109903,2018,1.4166666666666667
109956,2017,1.0833333333333333
109956,2018,0.25
110001,2017,1.5833333333333333
110001,2018,1.0833333333333333
110030,2017,1.0
110030,2018,0.0
110065,2018,8.818181818181818
110073,2017,0.0
110073,2018,0.0
110099,2017,2.0
110099,2018,1.0
110142,2018,6.636363636363637
110170,2017,0.0
110170,2018,0.5833333333333334
110211,2017,2.1666666666666665
110211,2018,0.0
110262,2018,4.090909090909091
110296,2017,1.3333333333333333
110296,2018,1.5
110394,2017,1.6666666666666667
110394,2018,2.1666666666666665
110422,2017,0.0
110422,2018,1.1666666666666667
110476,2017,2.25
110476,2018,1.6666666666666667
110603,2017,0.0
110603,2018,0.0
110678,2017,1.25
110678,2018,1.8333333333333333
110691,2017,1.1666666666666667
110691,2018,1.3333333333333333
110752,2017,1.1666666666666667
110752,2018,2.25
111022,2017,1.1666666666666667
111022,2018,1.1666666666666667
111034,2017,1.5833333333333333
111034,2018,2.5
111171,2017,1.75
111171,2018,2.0
111176,2017,1.6666666666666667
111176,2018,1.4166666666666667
111255,2017,1.9166666666666667
111255,2018,2.0833333333333335
111286,2017,1.6666666666666667
111286,2018,1.0
111329,2017,1.3333333333333333
111329,2018,1.6666666666666667
111387,2017,0.0
111387,2018,0.0
111485,2017,1.5
111485,2018,2.75
111507,2017,1.4166666666666667
111507,2018,1.0
111573,2017,1.8333333333333333
111573,2018,1.6666666666666667
111584,2017,1.0
111584,2018,1.0833333333333333
111646,2017,2.0
111646,2018,0.0
111788,2017,3.0
111788,2018,2.4166666666666665
111899,2017,1.3333333333333333
111899,2018,0.0
111912,2017,1.3333333333333333
111912,2018,2.5833333333333335
112026,2017,2.3333333333333335
112026,2018,2.3333333333333335
112142,2017,1.736842105263158
112142,2018,0.4
112226,2017,1.25
112226,2018,1.9166666666666667
112393,2017,1.5833333333333333
112393,2018,2.4166666666666665
112522,2018,4.545454545454546
112632,2017,1.75
112632,2018,2.1666666666666665
112661,2017,0.8333333333333334
112661,2018,0.0
112678,2017,0.6666666666666666
112678,2018,1.75
112709,2017,1.4166666666666667
112709,2018,1.5833333333333333
112732,2017,1.4166666666666667
112732,2018,1.6666666666666667
112733,2017,1.75
112733,2018,2.0833333333333335
112797,2017,0.0
112797,2018,0.0
112842,2017,0.8333333333333334
112842,2018,1.8333333333333333
112856,2017,1.5833333333333333
112856,2018,1.9166666666666667
112863,2017,1.75
112863,2018,1.5833333333333333
112894,2017,0.0
112894,2018,0.0
113040,2017,2.0
113040,2018,0.4166666666666667
113184,2017,0.0
113184,2018,1.0833333333333333
113220,2017,0.8333333333333334
113220,2018,2.1666666666666665
113293,2017,0.0
113293,2018,0.75
113316,2017,0.0
113316,2018,1.25
113363,2017,0.0
113363,2018,1.8333333333333333
113442,2017,0.0
113442,2018,0.4166666666666667
113476,2017,1.5833333333333333
113476,2018,2.4166666666666665
113529,2017,0.0
113529,2018,0.5
113558,2017,0.9166666666666666
113558,2018,1.75
113578,2017,0.25
113578,2018,0.0
113656,2017,0.0
113656,2018,0.0
113679,2017,2.5
113679,2018,1.8333333333333333
113694,2017,1.5
113694,2018,2.9166666666666665
113755,2017,0.5
113755,2018,1.0
113779,2017,2.25
113779,2018,0.8333333333333334
113804,2017,1.25
113804,2018,0.8333333333333334
113831,2017,2.6666666666666665
113831,2018,2.0833333333333335
113839,2017,1.4166666666666667
113839,2018,1.0833333333333333
113861,2017,0.5833333333333334
113861,2018,1.5833333333333333
113864,2017,0.3333333333333333
113864,2018,1.0
113874,2018,3.8181818181818183
113877,2017,2.4166666666666665
113877,2018,1.3333333333333333
113904,2017,1.0833333333333333
113904,2018,2.5833333333333335
113919,2017,1.5
113919,2018,1.4166666666666667
114018,2017,1.0833333333333333
114018,2018,1.6666666666666667
114021,2017,1.75
114021,2018,2.0833333333333335
114131,2018,4.454545454545454
114214,2017,0.4166666666666667
114214,2018,0.9166666666666666
114219,2017,0.5833333333333334
114219,2018,2.3333333333333335
114242,2017,1.8333333333333333
114242,2018,1.3333333333333333
114307,2017,2.0
114307,2018,0.75
114399,2017,0.0
114399,2018,0.3333333333333333
114414,2017,1.05
114414,2018,1.565217391304348
114493,2017,1.6666666666666667
114493,2018,1.0
114553,2017,2.1666666666666665
114553,2018,1.25
114638,2017,2.1666666666666665
114638,2018,2.0833333333333335
114700,2017,0.0
114700,2018,1.3333333333333333
114743,2017,0.5
114743,2018,0.75
114835,2017,0.6666666666666666
114835,2018,1.8333333333333333
114857,2017,1.5
114857,2018,1.6666666666666667
114903,2017,1.0833333333333333
114903,2018,1.9166666666666667
114924,2017,0.4166666666666667
114924,2018,0.6666666666666666
114927,2017,1.4166666666666667
114927,2018,1.1666666666666667
114983,2017,1.1666666666666667
114983,2018,1.0833333333333333
115198,2017,0.0
115198,2018,0.0
115322,2017,2.1666666666666665
115322,2018,1.8333333333333333
115354,2017,2.0
115354,2018,2.3333333333333335
115405,2017,1.8333333333333333
115405,2018,1.0833333333333333
115427,2017,2.3333333333333335
115427,2018,1.5
115505,2018,2.3636363636363638
115529,2017,1.8333333333333333
115529,2018,1.0
115633,2017,1.8333333333333333
115633,2018,1.75
115705,2017,1.9166666666666667
115705,2018,1.4166666666666667
115749,2017,0.0
115749,2018,0.75
115805,2017,1.9166666666666667
115805,2018,1.9166666666666667
115852,2017,1.0
115852,2018,2.1666666666666665
116016,2017,1.1666666666666667
116016,2018,2.4166666666666665
116045,2017,2.1666666666666665
116045,2018,1.9166666666666667
116164,2017,0.0
116164,2018,0.75
116207,2017,1.1666666666666667
116207,2018,0.0
116238,2017,0.0
116238,2018,1.25
116288,2017,1.0833333333333333
116288,2018,1.6666666666666667
116332,2017,2.1666666666666665
116332,2018,1.8333333333333333
116372,2017,1.5833333333333333
116372,2018,1.3333333333333333
116562,2017,0.0
116562,2018,0.9166666666666666
116703,2017,1.25
116703,2018,0.8333333333333334
116732,2017,0.0
116732,2018,1.8333333333333333
116735,2017,1.4166666666666667
116735,2018,2.0833333333333335
116895,2018,3.4545454545454546
116897,2017,0.0
116897,2018,0.8333333333333334
116932,2017,1.4166666666666667
116932,2018,1.8333333333333333
116948,2017,0.16666666666666666
116948,2018,1.0
116999,2017,1.0
116999,2018,2.3333333333333335
117033,2017,1.1666666666666667
117033,2018,1.75
117053,2017,1.6666666666666667
117053,2018,1.3333333333333333
117169,2017,1.1666666666666667
117169,2018,2.1666666666666665
117219,2017,1.5833333333333333
117219,2018,2.25
117240,2017,0.0
117240,2018,1.5833333333333333
117333,2017,2.4166666666666665
117333,2018,2.75
117342,2017,1.8333333333333333
117342,2018,1.6666666666666667
117351,2017,0.0
117351,2018,0.0
117358,2017,0.0
117358,2018,0.25
117408,2017,1.5
117408,2018,2.1666666666666665
117456,2017,2.5
117456,2018,1.75
117460,2017,1.4166666666666667
117460,2018,1.4166666666666667
117482,2018,7.090909090909091
117618,2017,2.0
117618,2018,0.4166666666666667
117725,2017,0.0
117725,2018,0.0
117782,2017,1.8333333333333333
117782,2018,2.0
117832,2017,0.0
117832,2018,0.0
117910,2017,1.3333333333333333
117910,2018,1.4166666666666667
117915,2018,7.0
117932,2017,0.5833333333333334
117932,2018,1.5
117939,2017,0.6666666666666666
117939,2018,0.0
117975,2017,0.08333333333333333
117975,2018,0.0
118076,2017,1.75
118076,2018,1.4166666666666667
118298,2017,0.0
118298,2018,0.0
118320,2017,1.8333333333333333
118320,2018,1.5
118332,2017,2.1666666666666665
118332,2018,0.5833333333333334
118355,2017,0.5833333333333334
118355,2018,1.1666666666666667
118365,2017,1.0
118365,2018,1.5
118376,2017,0.0
118376,2018,0.6666666666666666
118379,2017,1.1666666666666667
118379,2018,1.0833333333333333
118418,2018,7.181818181818182
118511,2017,0.3333333333333333
118511,2018,0.0
118514,2017,0.0
118514,2018,0.6666666666666666
118612,2017,0.5833333333333334
118612,2018,1.1666666666666667
118628,2017,1.8333333333333333
118628,2018,2.0833333333333335
118632,2017,2.6666666666666665
118632,2018,1.3333333333333333
118675,2017,2.1666666666666665
118675,2018,1.1666666666666667
118688,2017,0.0
118688,2018,0.0
118729,2017,0.16666666666666666
118729,2018,0.5833333333333334
118864,2017,1.5833333333333333
118864,2018,1.5833333333333333
119009,2017,1.5
119009,2018,1.25
119015,2017,0.0
119015,2018,1.1666666666666667
119135,2017,2.0
119135,2018,1.6666666666666667
119198,2018,3.727272727272727
119200,2017,0.8333333333333334
119200,2018,1.75
119408,2017,0.0
119408,2018,0.3333333333333333
119460,2017,1.25
119460,2018,1.0833333333333333
119488,2017,1.0833333333333333
119488,2018,1.6666666666666667
119519,2017,1.4166666666666667
119519,2018,1.25
119633,2017,1.25
119633,2018,1.4166666666666667
119634,2018,5.454545454545454
119638,2018,4.818181818181818
119690,2017,0.0
119690,2018,0.0
119731,2017,2.3333333333333335
119731,2018,1.1666666666666667
119837,2017,1.6666666666666667
119837,2018,1.4166666666666667
119845,2017,1.9166666666666667
119845,2018,1.4166666666666667
119917,2017,0.0
119917,2018,0.0
119997,2017,2.3333333333333335
119997,2018,1.75
120046,2017,0.5
120046,2018,1.0
120126,2017,0.5
120126,2018,1.6666666666666667
120140,2017,1.9166666666666667
120140,2018,1.3333333333333333
120164,2017,1.9166666666666667
120164,2018,2.0833333333333335
120192,2017,1.5
120192,2018,1.75
120206,2017,0.0
120206,2018,0.0
120393,2017,1.6666666666666667
120393,2018,1.5
120434,2017,1.0833333333333333
120434,2018,0.8333333333333334
120554,2017,1.1666666666666667
120554,2018,1.3333333333333333
120583,2017,2.25
120583,2018,1.1666666666666667
120594,2017,2.1666666666666665
120594,2018,2.0
120613,2017,0.9166666666666666
120613,2018,1.5
120635,2017,0.0
120635,2018,0.0
120799,2017,0.5
120799,2018,1.3333333333333333
120868,2017,1.5833333333333333
120868,2018,1.4166666666666667
121068,2017,2.0833333333333335
121068,2018,1.1666666666666667
121095,2017,1.5833333333333333
121095,2018,1.75
121139,2017,1.5
121139,2018,1.4166666666666667
121183,2017,1.8333333333333333
121183,2018,2.75
121236,2017,0.5833333333333334
121236,2018,0.0
121351,2018,1.0
121410,2017,2.5833333333333335
121410,2018,2.4166666666666665
121469,2017,0.0
121469,2018,0.0
121605,2017,1.8333333333333333
121605,2018,2.6666666666666665
121710,2017,1.9166666666666667
121710,2018,1.75
121737,2017,0.6666666666666666
121737,2018,1.5
121751,2017,0.0
121751,2018,0.75
121856,2017,0.16666666666666666
121856,2018,1.3333333333333333
121919,2017,0.4166666666666667
121919,2018,1.5833333333333333
121930,2017,0.0
121930,2018,0.25
121935,2017,1.25
121935,2018,0.8333333333333334
121999,2017,0.0
121999,2018,0.0
122009,2017,1.0
122009,2018,0.4166666666666667
122020,2017,2.25
122020,2018,1.9166666666666667
122049,2017,1.4166666666666667
122049,2018,1.8333333333333333
122094,2017,1.3333333333333333
122094,2018,0.8333333333333334
122166,2017,2.0
122166,2018,1.0
122173,2017,0.0
122173,2018,0.0
122206,2017,0.0
122206,2018,0.0
122283,2017,1.5833333333333333
122283,2018,0.75
122357,2017,1.3333333333333333
122357,2018,1.0
122456,2017,1.75
122456,2018,1.4166666666666667
122517,2017,0.3333333333333333
122517,2018,0.0
122519,2018,3.727272727272727
122545,2017,0.25
122545,2018,2.0
122561,2017,0.0
122561,2018,1.0833333333333333
122577,2017,1.3333333333333333
122577,2018,1.4166666666666667
122685,2017,1.3333333333333333
122685,2018,1.4166666666666667
122797,2018,5.2727272727272725
122858,2017,0.0
122858,2018,0.75
122890,2017,2.1666666666666665
122890,2018,1.25
122946,2017,1.1666666666666667
122946,2018,1.1666666666666667
122958,2017,3.0833333333333335
122958,2018,1.8333333333333333
123060,2017,2.5
123060,2018,1.75
123083,2017,1.8333333333333333
123083,2018,2.1666666666666665
123094,2017,0.0
123094,2018,2.0
123115,2017,0.9166666666666666
123115,2018,1.5
123151,2017,0.0
123151,2018,0.0
123164,2017,1.0833333333333333
123164,2018,2.0833333333333335
123344,2017,1.5
123344,2018,1.1666666666666667
123393,2017,0.75
123393,2018,1.9166666666666667
123420,2017,1.5
123420,2018,2.0833333333333335
123525,2017,2.3333333333333335
123525,2018,1.4166666666666667
123538,2017,0.0
123538,2018,0.0
123586,2017,1.4166666666666667
123586,2018,1.0833333333333333
123667,2017,0.6666666666666666
123667,2018,1.3333333333333333
123668,2017,2.5
123668,2018,2.1666666666666665
123697,2017,1.3333333333333333
123697,2018,1.9166666666666667
123702,2017,0.75
123702,2018,2.0833333333333335
123727,2017,0.0
123727,2018,1.75
123773,2017,1.1666666666666667
123773,2018,2.0833333333333335
123780,2017,0.0
123780,2018,0.0
123784,2017,0.0
123784,2018,0.0
123830,2017,0.25
123830,2018,0.0
123908,2017,0.8333333333333334
123908,2018,1.0
123928,2017,0.0
123928,2018,0.0
123944,2017,0.3333333333333333
123944,2018,1.5833333333333333
124038,2017,2.0833333333333335
124038,2018,1.25
124056,2017,1.3333333333333333
124056,2018,1.25
124085,2017,0.5833333333333334
124085,2018,1.5
124088,2017,2.0
124088,2018,1.1666666666666667
124119,2017,1.25
124119,2018,0.75
124195,2017,0.0
124195,2018,1.75
124207,2017,0.0
124207,2018,0.5
124351,2018,0.0
124355,2017,1.5
124355,2018,1.4166666666666667
124377,2017,0.0
124377,2018,0.08333333333333333
124536,2017,0.0
124536,2018,0.0
124678,2017,2.1666666666666665
124678,2018,2.0833333333333335
124761,2017,1.9166666666666667
124761,2018,1.6666666666666667
124931,2017,0.0
124931,2018,0.0
124987,2017,0.0
124987,2018,0.0
125059,2017,0.0
125059,2018,0.4166666666666667
125068,2018,6.090909090909091
125300,2017,1.8333333333333333
125300,2018,1.3333333333333333
125393,2017,1.4166666666666667
125393,2018,2.0
125493,2017,0.0
125493,2018,0.5833333333333334
125606,2017,0.0
125606,2018,0.0
125919,2017,1.25
125919,2018,1.3333333333333333
125969,2017,2.0
125969,2018,1.9166666666666667
125996,2017,1.25
125996,2018,1.3333333333333333
126097,2017,2.25
126097,2018,1.75
126100,2017,0.0
126100,2018,0.0
126148,2017,0.0
126148,2018,0.0
126181,2017,0.0
126181,2018,0.0
126216,2017,1.3333333333333333
126216,2018,2.0833333333333335
126219,2017,1.0
126219,2018,2.0833333333333335
126239,2017,1.25
126239,2018,1.0
126262,2017,2.3333333333333335
126262,2018,1.5
126308,2017,0.0
126308,2018,0.0
126424,2017,1.0
126424,2018,1.4166666666666667
126466,2017,1.8333333333333333
126466,2018,1.3333333333333333
126490,2017,1.565217391304348
126490,2018,0.0
126526,2017,0.0
126526,2018,0.0
126581,2017,2.25
126581,2018,2.5
126665,2017,1.5833333333333333
126665,2018,1.3333333333333333
127039,2017,2.0833333333333335
127039,2018,2.0
127052,2017,0.0
127052,2018,0.0
127127,2017,2.0
127127,2018,1.75
127128,2017,0.4166666666666667
127128,2018,1.8333333333333333
127137,2017,1.5833333333333333
127137,2018,2.25
127185,2017,2.0
127185,2018,1.0833333333333333
127241,2017,0.0
127241,2018,0.9166666666666666
127279,2017,1.5833333333333333
127279,2018,1.5
127289,2017,1.1666666666666667
127289,2018,1.3333333333333333
127311,2017,1.0
127311,2018,1.5833333333333333
127350,2017,2.25
127350,2018,1.25
127400,2017,1.0833333333333333
127400,2018,1.3333333333333333
127410,2017,1.75
127410,2018,1.75
127496,2017,0.0
127496,2018,0.3333333333333333
127590,2017,0.9166666666666666
127590,2018,2.0
127645,2017,2.1666666666666665
127645,2018,1.3333333333333333
127663,2017,2.3333333333333335
127663,2018,1.1666666666666667
127725,2017,0.5833333333333334
127725,2018,1.9166666666666667
127785,2017,1.4166666666666667
127785,2018,2.25
127827,2017,0.8333333333333334
127827,2018,1.25
127882,2017,1.1666666666666667
127882,2018,1.1666666666666667
127946,2017,1.0833333333333333
127946,2018,2.1666666666666665
127966,2017,0.9166666666666666
127966,2018,1.6666666666666667
128007,2017,2.25
128007,2018,1.75
128032,2017,0.16666666666666666
128032,2018,0.75
128039,2017,2.0833333333333335
128039,2018,1.5
128041,2017,0.9166666666666666
128041,2018,2.0833333333333335
128156,2017,2.6666666666666665
128156,2018,2.4166666666666665
128210,2017,1.5833333333333333
128210,2018,1.5
128245,2017,0.25
128245,2018,0.0
128280,2017,1.0833333333333333
128280,2018,1.3333333333333333
128325,2017,0.5833333333333334
128325,2018,2.1666666666666665
128405,2017,0.0
128405,2018,0.0
128459,2017,1.8333333333333333
128459,2018,2.0
128467,2017,2.1666666666666665
128467,2018,1.5
128475,2017,0.9166666666666666
128475,2018,1.25
128534,2017,1.4166666666666667
128534,2018,1.3333333333333333
128572,2017,0.0
128572,2018,0.5833333333333334
128587,2017,0.6666666666666666
128587,2018,1.0833333333333333
128611,2017,1.8333333333333333
128611,2018,2.0
128615,2017,0.0
128615,2018,0.0
128633,2017,0.5833333333333334
128633,2018,1.5833333333333333
128749,2017,0.0
128749,2018,0.5
128753,2017,0.0
128753,2018,0.0
128754,2017,1.1666666666666667
128754,2018,0.0
128789,2017,1.9166666666666667
128789,2018,1.3333333333333333
128950,2017,1.6666666666666667
128950,2018,1.5
128975,2017,1.75
128975,2018,1.5833333333333333
129030,2017,1.8333333333333333
129030,2018,2.4166666666666665
129071,2017,0.0
129071,2018,0.0
129171,2017,0.0
129171,2018,0.9166666666666666
129328,2017,0.0
129328,2018,0.0
129343,2017,1.75
129343,2018,0.8333333333333334
129372,2017,2.5833333333333335
129372,2018,1.5
129409,2018,4.818181818181818
129429,2017,1.5833333333333333
129429,2018,2.9166666666666665
129434,2017,1.5
129434,2018,1.6666666666666667
129510,2017,1.0833333333333333
129510,2018,1.25
129515,2017,1.1666666666666667
129515,2018,0.8333333333333334
129533,2018,0.0
129555,2017,2.0
129555,2018,1.4166666666666667
129743,2017,0.0
129743,2018,0.0
129817,2017,1.1666666666666667
129817,2018,1.1666666666666667
129827,2017,1.5833333333333333
129827,2018,0.8333333333333334
129914,2017,0.75
129914,2018,2.1666666666666665
129976,2017,1.4166666666666667
129976,2018,1.5
130032,2018,1.5454545454545454
130077,2017,1.3333333333333333
130077,2018,0.6666666666666666
130086,2017,1.4166666666666667
130086,2018,2.0833333333333335
130179,2017,0.0
130179,2018,0.4166666666666667
130208,2017,1.75
130208,2018,2.4166666666666665
130217,2017,0.08333333333333333
130217,2018,0.0
130326,2017,0.4166666666666667
130326,2018,2.0833333333333335
130331,2017,0.0
130331,2018,1.5909090909090908
130368,2017,1.6666666666666667
130368,2018,1.5833333333333333
130419,2017,1.6666666666666667
130419,2018,1.5833333333333333
130439,2017,0.8333333333333334
130439,2018,0.16666666666666666
130446,2018,3.4545454545454546
130497,2018,4.818181818181818
130548,2017,1.6666666666666667
130548,2018,2.6666666666666665
130593,2017,1.25
130593,2018,1.8333333333333333
130823,2017,1.0833333333333333
130823,2018,1.5
130953,2017,2.0833333333333335
130953,2018,1.6666666666666667
131001,2017,1.5
131001,2018,2.0
131036,2017,0.75
131036,2018,1.25
131047,2017,3.0
131047,2018,2.0833333333333335
131098,2017,1.3333333333333333
131098,2018,1.4166666666666667
131228,2017,0.75
131228,2018,1.9166666666666667
131253,2017,1.8333333333333333
131253,2018,0.9166666666666666
131257,2017,1.6666666666666667
131257,2018,1.25
131321,2017,1.75
131321,2018,1.75
131342,2017,2.0
131342,2018,1.0833333333333333
131463,2017,2.1666666666666665
131463,2018,2.1666666666666665
131558,2017,1.5833333333333333
131558,2018,1.5833333333333333
131560,2017,1.4166666666666667
131560,2018,1.3333333333333333
131637,2017,0.0
131637,2018,0.0
131673,2017,1.6666666666666667
131673,2018,1.75
131680,2017,1.25
131680,2018,1.25
131717,2017,0.0
131717,2018,0.0
131721,2017,2.1666666666666665
131721,2018,1.1666666666666667
131761,2017,1.8333333333333333
131761,2018,1.0
131772,2017,1.25
131772,2018,1.6666666666666667
131815,2017,1.5
131815,2018,2.25
131893,2017,1.6666666666666667
131893,2018,1.9166666666666667
131956,2017,0.0
131956,2018,0.9166666666666666
131990,2017,1.4166666666666667
131990,2018,1.0
131997,2017,1.5
131997,2018,1.0833333333333333
132045,2017,0.9166666666666666
132045,2018,1.75
132209,2017,1.6666666666666667
132209,2018,2.1666666666666665
132296,2017,1.25
132296,2018,0.8333333333333334
132319,2017,1.5833333333333333
132319,2018,1.3333333333333333
132320,2017,0.9166666666666666
132320,2018,1.4166666666666667
132337,2017,1.1666666666666667
132337,2018,1.3333333333333333
132552,2017,0.08333333333333333
132552,2018,1.5833333333333333
132563,2018,0.0
132592,2017,1.8333333333333333
132592,2018,1.4166666666666667
132705,2017,2.0833333333333335
132705,2018,1.6666666666666667
132756,2017,0.5
132756,2018,1.8333333333333333
132774,2017,1.6666666666666667
132774,2018,1.5833333333333333
132884,2017,1.6666666666666667
132884,2018,1.0
132914,2017,1.1666666666666667
132914,2018,1.6666666666666667
132928,2017,0.25
132928,2018,0.0
132935,2017,2.0833333333333335
132935,2018,1.75
133035,2017,1.0
133035,2018,1.1666666666666667
133065,2017,1.75
133065,2018,0.5
133066,2017,1.3333333333333333
133066,2018,1.75
133128,2018,4.818181818181818
133324,2018,8.454545454545455
133429,2017,2.1666666666666665
133429,2018,1.8333333333333333
133463,2017,0.0
133463,2018,0.0
133518,2017,1.6666666666666667
133518,2018,1.5
133608,2017,1.5833333333333333
133608,2018,1.25
133698,2017,1.25
133698,2018,1.8333333333333333
133730,2017,1.1666666666666667
133730,2018,1.75
133732,2017,1.6666666666666667
133732,2018,1.1666666666666667
133821,2017,1.1666666666666667
133821,2018,2.0
133859,2017,1.5833333333333333
133859,2018,1.0
133956,2018,6.0
134000,2017,0.0
134000,2018,0.3333333333333333
134012,2017,0.0
134012,2018,0.4166666666666667
134085,2017,2.0
134085,2018,1.5
134148,2017,0.4166666666666667
134148,2018,1.5833333333333333
134180,2017,1.1666666666666667
134180,2018,0.5833333333333334
134202,2017,1.5
134202,2018,0.75
134241,2017,2.1666666666666665
134241,2018,1.6666666666666667
134273,2017,1.6666666666666667
134273,2018,1.8333333333333333
134279,2017,0.0
134279,2018,1.0
134397,2017,1.0
134397,2018,1.4166666666666667
134470,2017,1.25
134470,2018,1.4166666666666667
134717,2018,2.090909090909091
134738,2017,1.8333333333333333
134738,2018,1.5
134760,2017,2.3333333333333335
134760,2018,1.5
134827,2017,0.0
134827,2018,0.0
134847,2017,0.0
134847,2018,0.3333333333333333
134857,2017,1.25
134857,2018,1.1666666666666667
135016,2017,1.75
135016,2018,1.1666666666666667
135076,2017,1.0
135076,2018,2.0833333333333335
135134,2018,5.090909090909091
135250,2017,1.5
135250,2018,1.3333333333333333
135257,2018,3.0
135279,2017,0.0
135279,2018,1.6666666666666667
135312,2017,1.4166666666666667
135312,2018,1.8333333333333333
135381,2017,1.9166666666666667
135381,2018,1.0833333333333333
135382,2017,2.0833333333333335
135382,2018,1.8333333333333333
135392,2017,2.0
135392,2018,2.25
135421,2017,1.0476190476190477
135421,2018,2.0952380952380953
135554,2017,1.25
135554,2018,1.0833333333333333
135574,2017,0.8333333333333334
135574,2018,1.0833333333333333
135578,2017,1.9166666666666667
135578,2018,2.0833333333333335
135635,2017,0.0
135635,2018,0.0
135808,2017,1.4166666666666667
135808,2018,2.1666666666666665
135841,2017,1.6666666666666667
135841,2018,2.25
135872,2017,0.16666666666666666
135872,2018,0.0
135878,2017,1.3333333333333333
135878,2018,0.8333333333333334
135977,2017,1.25
135977,2018,1.1666666666666667
136020,2017,2.25
136020,2018,1.3333333333333333
136022,2017,2.25
136022,2018,1.9166666666666667
136049,2017,0.0
136049,2018,0.8333333333333334
136065,2017,0.0
136065,2018,0.0
136089,2017,1.4166666666666667
136089,2018,1.0
136106,2017,1.75
136106,2018,2.0833333333333335
136121,2017,2.0
136121,2018,1.25
136169,2017,1.4166666666666667
136169,2018,2.8333333333333335
136230,2017,0.0
136230,2018,0.25
136232,2017,1.5833333333333333
136232,2018,1.4166666666666667
136334,2017,2.0833333333333335
136334,2018,1.5
136345,2017,0.0
136345,2018,0.0
136430,2017,1.6666666666666667
136430,2018,1.0833333333333333
136464,2017,0.0
136464,2018,0.0
136470,2017,1.8333333333333333
136470,2018,0.9166666666666666
136473,2018,4.363636363636363
136516,2017,2.5833333333333335
136516,2018,1.8333333333333333
136547,2017,1.0
136547,2018,2.25
136608,2017,0.25
136608,2018,1.5833333333333333
136637,2017,1.9166666666666667
136637,2018,1.8333333333333333
136715,2017,1.3333333333333333
136715,2018,1.25
136772,2017,0.6666666666666666
136772,2018,0.25
136879,2017,0.0
136879,2018,1.5833333333333333
136906,2017,2.0833333333333335
136906,2018,2.0833333333333335
137020,2017,0.0
137020,2018,0.5833333333333334
137040,2017,0.75
137040,2018,1.8333333333333333
137106,2017,0.9166666666666666
137106,2018,1.1666666666666667
137161,2018,5.2727272727272725
137185,2017,0.75
137185,2018,1.3333333333333333
137209,2017,0.0
137209,2018,0.5833333333333334
137227,2017,1.4166666666666667
137227,2018,1.1666666666666667
137251,2017,0.0
137251,2018,0.25
137383,2017,0.0
137383,2018,0.0
137529,2017,0.5
137529,2018,0.0
137646,2017,1.3333333333333333
137646,2018,1.5
137744,2017,0.0
137744,2018,1.5
137751,2017,1.1666666666666667
137751,2018,1.25
137845,2017,2.1666666666666665
137845,2018,2.0
137850,2017,1.5
137850,2018,2.0
137852,2018,4.7272727272727275
137858,2017,0.0
137858,2018,1.75
137944,2017,1.0
137944,2018,1.25
137952,2017,1.75
137952,2018,0.9166666666666666
137968,2017,0.0
137968,2018,1.9166666666666667
137973,2017,0.0
137973,2018,1.8333333333333333
137985,2017,1.1666666666666667
137985,2018,1.3333333333333333
137999,2017,1.8333333333333333
137999,2018,1.5833333333333333
138025,2017,1.0833333333333333
138025,2018,0.0
138065,2017,0.16666666666666666
138065,2018,0.4166666666666667
138121,2017,1.9166666666666667
138121,2018,1.8333333333333333
138204,2017,1.5833333333333333
138204,2018,0.8333333333333334
138369,2017,1.1666666666666667
138369,2018,1.75
138421,2017,1.25
138421,2018,1.0833333333333333
138449,2017,0.0
138449,2018,0.0
138475,2017,1.6666666666666667
138475,2018,1.3333333333333333
138565,2017,1.25
138565,2018,1.75
138653,2017,0.0
138653,2018,0.4166666666666667
138737,2017,1.9166666666666667
138737,2018,1.75
138746,2017,1.25
138746,2018,1.1666666666666667
138759,2017,0.0
138759,2018,0.25
138768,2017,2.6666666666666665
138768,2018,2.25
138777,2017,0.0
138777,2018,0.0
138810,2017,0.0
138810,2018,1.5
138853,2017,0.0
138853,2018,1.3333333333333333
138873,2017,1.25
138873,2018,0.0
138894,2017,1.75
138894,2018,2.4166666666666665
138896,2017,1.1666666666666667
138896,2018,2.0833333333333335
138908,2017,1.9166666666666667
138908,2018,1.5833333333333333
138981,2017,2.0
138981,2018,1.1666666666666667
138993,2017,1.6666666666666667
138993,2018,1.4166666666666667
139022,2017,0.16666666666666666
139022,2018,1.25
139023,2018,4.909090909090909
139087,2017,2.4166666666666665
139087,2018,1.5833333333333333
139135,2017,0.5833333333333334
139135,2018,1.75
139270,2017,0.0
139270,2018,0.0
139356,2017,0.0
139356,2018,0.0
139479,2017,1.0833333333333333
139479,2018,0.25
139511,2017,1.3333333333333333
139511,2018,1.1666666666666667
139518,2017,2.25
139518,2018,1.3333333333333333
139532,2017,0.9166666666666666
139532,2018,1.4166666666666667
139600,2017,0.0
139600,2018,0.5
139682,2017,0.0
139682,2018,0.0
139699,2017,0.0
139699,2018,0.3333333333333333
139863,2017,1.3333333333333333
139863,2018,1.1666666666666667
139932,2017,1.3333333333333333
139932,2018,2.0
139974,2017,0.0
139974,2018,0.3333333333333333
140005,2017,1.8333333333333333
140005,2018,0.5833333333333334
140042,2017,0.0
140042,2018,0.0
140077,2018,5.909090909090909
140079,2017,1.25
140079,2018,1.3333333333333333
140130,2017,1.75
140130,2018,0.16666666666666666
140191,2017,0.6666666666666666
140191,2018,0.9166666666666666
140208,2017,2.8333333333333335
140208,2018,1.0833333333333333
140223,2017,0.0
140223,2018,0.0
140290,2017,1.3333333333333333
140290,2018,2.25
140375,2017,0.0
140375,2018,0.0
140381,2017,1.75
140381,2018,2.5
140391,2017,0.8333333333333334
140391,2018,0.9166666666666666
140392,2017,1.25
140392,2018,1.4166666666666667
140419,2017,1.5
140419,2018,0.9166666666666666
140483,2017,1.5833333333333333
140483,2018,1.25
140534,2017,0.75
140534,2018,1.5833333333333333
140598,2017,1.0833333333333333
140598,2018,1.75
140674,2017,0.8333333333333334
140674,2018,1.0
140735,2017,0.0
140735,2018,0.0
140750,2017,1.0833333333333333
140750,2018,1.8333333333333333
140768,2017,0.5833333333333334
140768,2018,1.8333333333333333
140769,2017,0.0
140769,2018,0.0
140823,2017,1.8333333333333333
140823,2018,1.9166666666666667
140891,2017,1.25
140891,2018,2.5
140977,2017,0.9166666666666666
140977,2018,1.8333333333333333
141023,2017,1.75
141023,2018,1.4166666666666667
141043,2017,0.25
141043,2018,0.08333333333333333
141047,2017,2.0
141047,2018,0.9166666666666666
141139,2017,2.75
141139,2018,1.5
141181,2017,1.0
141181,2018,0.75
141233,2017,1.4166666666666667
141233,2018,1.75
141266,2017,1.25
141266,2018,1.25
141456,2017,0.0
141456,2018,0.5833333333333334
141497,2018,2.0
141614,2017,2.75
141614,2018,1.0
141655,2017,1.5833333333333333
141655,2018,1.75
141703,2017,1.9166666666666667
141703,2018,2.3333333333333335
141742,2017,0.75
141742,2018,0.9166666666666666
141844,2017,2.0
141844,2018,0.8333333333333334
141877,2017,1.8333333333333333
141877,2018,1.8333333333333333
141945,2017,1.4166666666666667
141945,2018,1.75
142122,2017,0.0
142122,2018,0.0
142190,2017,1.3333333333333333
142190,2018,1.9166666666666667
142224,2017,0.8333333333333334
142224,2018,2.0833333333333335
142290,2018,5.0
142354,2017,1.8333333333333333
142354,2018,2.5
142371,2017,1.1666666666666667
142371,2018,1.75
142434,2017,0.16666666666666666
142434,2018,0.0
142511,2017,0.75
142511,2018,1.3333333333333333
142545,2017,2.1666666666666665
142545,2018,1.6666666666666667
142609,2018,4.0
142621,2018,4.636363636363637
142649,2017,0.0
142649,2018,0.0
142686,2017,1.4166666666666667
142686,2018,1.5833333333333333
142715,2017,1.5
142715,2018,1.5833333333333333
142717,2017,1.5833333333333333
142717,2018,1.6666666666666667
142726,2018,5.090909090909091
142749,2017,2.0833333333333335
142749,2018,0.75
142763,2017,0.0
142763,2018,0.0
142800,2017,0.0
142800,2018,0.0
142812,2017,1.75
142812,2018,1.25
142855,2017,1.1666666666666667
142855,2018,0.5833333333333334
142906,2017,2.3333333333333335
142906,2018,1.0833333333333333
142925,2017,0.0
142925,2018,0.8333333333333334
142950,2017,1.5
142950,2018,1.5833333333333333
143087,2017,1.3333333333333333
143087,2018,1.0833333333333333
143151,2017,1.5833333333333333
143151,2018,2.1666666666666665
143266,2017,0.0
143266,2018,0.08333333333333333
143389,2017,2.25
143389,2018,1.5833333333333333
143422,2017,2.5
143422,2018,1.75
143730,2017,1.0833333333333333
143730,2018,1.6666666666666667
143784,2017,2.1666666666666665
143784,2018,1.5833333333333333
143981,2017,2.0
143981,2018,2.3333333333333335
144261,2017,0.0
144261,2018,0.0
144301,2017,0.0
144301,2018,0.0
144328,2017,1.1666666666666667
144328,2018,1.5
144355,2017,1.5833333333333333
144355,2018,1.75
144402,2017,1.3333333333333333
144402,2018,2.1666666666666665
144514,2017,1.0
144514,2018,1.5833333333333333
144523,2017,1.8333333333333333
144523,2018,2.4166666666666665
144565,2017,1.5
144565,2018,1.4166666666666667
144593,2017,1.5833333333333333
144593,2018,1.5
144615,2017,1.0833333333333333
144615,2018,1.9166666666666667
144633,2017,2.0
144633,2018,2.1666666666666665
144641,2017,0.0
144641,2018,2.0
144695,2017,0.0
144695,2018,0.0
144702,2017,0.0
144702,2018,0.0
144756,2017,1.1666666666666667
144756,2018,1.1666666666666667
144830,2017,1.5
144830,2018,2.0
144879,2017,1.5
144879,2018,1.5
144936,2017,1.25
144936,2018,0.08333333333333333
144977,2017,2.1666666666666665
144977,2018,2.0
145017,2017,0.0
145017,2018,0.5
145177,2017,2.1666666666666665
145177,2018,1.6666666666666667
145192,2017,0.0
145192,2018,0.0
145193,2017,0.0
145193,2018,0.3333333333333333
145220,2017,1.4166666666666667
145220,2018,0.8333333333333334
145292,2017,0.0
145292,2018,0.0
145322,2017,2.1666666666666665
145322,2018,1.75
145323,2017,2.3333333333333335
145323,2018,1.3333333333333333
145449,2018,0.9090909090909091
145480,2017,1.75
145480,2018,1.3333333333333333
145542,2017,0.0
145542,2018,0.0
145552,2017,0.9166666666666666
145552,2018,1.25
145688,2017,0.0
145688,2018,2.1666666666666665
145988,2017,1.5833333333333333
145988,2018,1.75
146028,2017,1.5833333333333333
146028,2018,1.3333333333333333
146037,2017,1.5
146037,2018,1.75
146067,2017,1.5
146067,2018,0.6666666666666666
146086,2017,2.0833333333333335
146086,2018,1.25
146090,2018,0.7272727272727273
146099,2018,6.818181818181818
146215,2017,2.1666666666666665
146215,2018,1.75
146354,2017,0.0
146354,2018,1.5
146400,2017,0.25
146400,2018,0.9166666666666666
146527,2017,1.75
146527,2018,1.9166666666666667
146560,2017,0.0
146560,2018,1.3333333333333333
146572,2017,0.0
146572,2018,0.0
146702,2018,3.1818181818181817
146760,2017,1.3333333333333333
146760,2018,0.9166666666666666
146839,2017,1.0
146839,2018,1.8333333333333333
147064,2017,1.6666666666666667
147064,2018,1.25
147241,2017,1.9166666666666667
147241,2018,1.75
147272,2017,1.3333333333333333
147272,2018,1.75
147408,2017,0.0
147408,2018,0.25
147602,2017,2.0833333333333335
147602,2018,2.0
147700,2017,1.9166666666666667
147700,2018,0.75
147754,2017,1.5
147754,2018,2.5833333333333335
147891,2017,1.3333333333333333
147891,2018,1.25
147898,2017,1.6666666666666667
147898,2018,1.3333333333333333
147986,2017,1.25
147986,2018,0.0
148111,2017,0.0
148111,2018,0.0
148201,2017,2.1666666666666665
148201,2018,2.0
148208,2018,2.8181818181818183
148216,2017,0.0
148216,2018,1.5
148234,2017,1.9166666666666667
148234,2018,0.9166666666666666
148258,2017,2.0
148258,2018,1.0
148289,2018,2.272727272727273
148299,2017,1.4166666666666667
148299,2018,1.5
148322,2017,0.08333333333333333
148322,2018,1.4166666666666667
148368,2017,2.5833333333333335
148368,2018,1.9166666666666667
148381,2017,2.5833333333333335
148381,2018,1.25
148382,2017,0.4166666666666667
148382,2018,1.0833333333333333
148453,2017,0.0
148453,2018,0.5833333333333334
148486,2017,0.6666666666666666
148486,2018,1.8333333333333333
148487,2017,1.75
148487,2018,2.25
148570,2018,3.272727272727273
148612,2017,1.5833333333333333
148612,2018,1.4166666666666667
148677,2017,0.0
148677,2018,0.0
148690,2017,2.4166666666666665
148690,2018,1.0833333333333333
148749,2018,1.7272727272727273
148753,2017,1.5833333333333333
148753,2018,1.4166666666666667
148766,2017,0.0
148766,2018,0.0
148767,2017,2.5
148767,2018,2.1666666666666665
148810,2017,0.0
148810,2018,0.0
148865,2017,0.0
148865,2018,1.8333333333333333
148942,2017,2.0833333333333335
148942,2018,1.5
148982,2018,2.5454545454545454
149174,2017,0.0
149174,2018,0.5
149225,2017,1.5833333333333333
149225,2018,1.4166666666666667
149318,2018,6.545454545454546
149348,2017,1.5833333333333333
149348,2018,1.0833333333333333
149426,2017,0.9166666666666666
149426,2018,1.6666666666666667
149430,2017,0.0
149430,2018,1.3333333333333333
149462,2017,2.5
149462,2018,1.4166666666666667
149542,2017,0.0
149542,2018,0.0
149549,2018,4.090909090909091
149655,2017,0.4166666666666667
149655,2018,1.5
149782,2017,2.5
149782,2018,1.75
149841,2017,0.0
149841,2018,0.8333333333333334
149846,2017,1.8333333333333333
149846,2018,2.0833333333333335
149884,2017,1.5833333333333333
149884,2018,1.3333333333333333
149912,2017,0.0
149912,2018,1.1666666666666667
149981,2017,0.0
149981,2018,0.0
149993,2017,1.9166666666666667
149993,2018,0.8333333333333334
150004,2017,1.1666666666666667
150004,2018,1.5
150074,2017,0.75
150074,2018,2.1666666666666665
150134,2017,1.4166666666666667
150134,2018,1.8333333333333333
150141,2017,0.0
150141,2018,0.3333333333333333
150233,2017,1.0
150233,2018,0.0
150253,2017,1.1666666666666667
150253,2018,2.3333333333333335
150291,2017,1.1666666666666667
150291,2018,1.4166666666666667
150301,2017,1.5
150301,2018,1.5
150383,2018,4.181818181818182
150596,2017,0.0
150596,2018,0.0
150656,2017,0.16666666666666666
150656,2018,2.0833333333333335
150671,2017,0.0
150671,2018,0.0
150751,2017,0.0
150751,2018,0.6666666666666666
150754,2017,1.25
150754,2018,1.25
150767,2017,1.6666666666666667
150767,2018,1.9166666666666667
150883,2017,1.8333333333333333
150883,2018,2.3333333333333335
150909,2017,1.3333333333333333
150909,2018,1.8333333333333333
151010,2017,0.0
151010,2018,1.0833333333333333
151030,2018,3.6363636363636362
151036,2017,0.0
151036,2018,1.5833333333333333
151183,2017,1.9166666666666667
151183,2018,1.8333333333333333
151327,2017,2.1666666666666665
151327,2018,1.0833333333333333
151399,2017,1.8333333333333333
151399,2018,1.1666666666666667
151554,2017,1.1666666666666667
151554,2018,1.8333333333333333
151571,2017,0.0
151571,2018,1.75
151627,2017,1.0833333333333333
151627,2018,2.0
151655,2017,1.0833333333333333
151655,2018,2.75
151967,2017,0.0
151967,2018,1.1666666666666667
152007,2017,0.0
152007,2018,0.8333333333333334
152014,2017,2.5833333333333335
152014,2018,1.5
152016,2018,6.818181818181818
152139,2017,1.5833333333333333
152139,2018,2.0
152148,2017,1.0
152148,2018,1.0833333333333333
152276,2017,2.0
152276,2018,1.5833333333333333
152305,2017,1.6666666666666667
152305,2018,1.9166666666666667
152307,2018,3.5454545454545454
152338,2017,1.8333333333333333
152338,2018,1.75
152355,2017,0.9166666666666666
152355,2018,1.1666666666666667
152406,2017,1.8333333333333333
152406,2018,1.5
152423,2017,0.9166666666666666
152423,2018,2.0
152499,2017,0.75
152499,2018,0.5833333333333334
152681,2017,1.3333333333333333
152681,2018,2.0
152685,2017,0.0
152685,2018,0.0
152740,2017,0.0
152740,2018,2.1666666666666665
152778,2017,1.0833333333333333
152778,2018,1.3333333333333333
152936,2017,0.0
152936,2018,0.0
153003,2017,1.3333333333333333
153003,2018,2.0833333333333335
153072,2017,0.6666666666666666
153072,2018,1.8333333333333333
153075,2017,0.0
153075,2018,0.0
153146,2017,1.9166666666666667
153146,2018,2.3333333333333335
153193,2017,2.1666666666666665
153193,2018,1.25
153261,2017,1.75
153261,2018,2.25
153395,2017,2.25
153395,2018,1.75
153439,2017,0.0
153439,2018,0.5833333333333334
153462,2017,0.3333333333333333
153462,2018,2.0
153582,2018,5.545454545454546
153586,2017,2.1666666666666665
153586,2018,1.8333333333333333
153600,2017,1.5
153600,2018,1.5
153626,2017,1.9166666666666667
153626,2018,0.8333333333333334
153645,2017,0.08333333333333333
153645,2018,0.0
153656,2017,1.3333333333333333
153656,2018,0.0
153760,2017,0.5
153760,2018,0.0
153884,2017,0.75
153884,2018,2.0833333333333335
153953,2017,0.0
153953,2018,2.0833333333333335
153968,2017,0.0
153968,2018,0.0
153987,2017,0.0
153987,2018,1.1666666666666667
153998,2018,2.8181818181818183
154136,2017,1.5
154136,2018,0.0
154172,2017,1.5
154172,2018,2.0833333333333335
154173,2017,0.0
154173,2018,0.6666666666666666
154175,2017,1.25
154175,2018,1.9166666666666667
154194,2017,0.0
154194,2018,0.8333333333333334
154230,2017,2.5
154230,2018,1.9166666666666667
154480,2017,1.25
154480,2018,1.5
154606,2018,2.1818181818181817
154643,2018,4.636363636363637
154644,2017,2.3333333333333335
154644,2018,1.25
154652,2017,1.4166666666666667
154652,2018,1.75
154680,2017,1.5833333333333333
154680,2018,1.25
154726,2017,0.5
154726,2018,0.0
154736,2017,1.75
154736,2018,1.1666666666666667
154782,2017,0.0
154782,2018,1.0
154855,2017,0.0
154855,2018,1.8333333333333333
154864,2017,1.0833333333333333
154864,2018,1.3333333333333333
154868,2018,5.818181818181818
154889,2017,0.9166666666666666
154889,2018,0.0
154958,2017,0.0
154958,2018,0.0
154981,2017,1.8333333333333333
154981,2018,1.8333333333333333
155020,2018,3.6363636363636362
155118,2017,2.1666666666666665
155118,2018,0.75
155253,2017,1.1666666666666667
155253,2018,0.08333333333333333
155348,2017,0.0
155348,2018,0.0
155354,2017,2.0833333333333335
155354,2018,2.0833333333333335
155374,2017,0.8333333333333334
155374,2018,1.8333333333333333
155488,2017,1.9166666666666667
155488,2018,1.25
155623,2017,0.0
155623,2018,0.0
155654,2018,4.2727272727272725
155763,2017,1.4166666666666667
155763,2018,1.4166666666666667
155791,2017,0.8333333333333334
155791,2018,1.0
155795,2018,6.909090909090909
155820,2017,2.4166666666666665
155820,2018,1.3333333333333333
155964,2018,4.545454545454546
155965,2017,0.0
155965,2018,2.25
156031,2017,0.0
156031,2018,0.0
156071,2018,0.0
156138,2017,1.25
156138,2018,1.25
156305,2017,0.75
156305,2018,1.5833333333333333
156313,2017,1.75
156313,2018,1.5833333333333333
156355,2017,0.8333333333333334
156355,2018,1.1666666666666667
156457,2017,0.8333333333333334
156457,2018,1.3333333333333333
156666,2017,0.0
156666,2018,0.16666666666666666
156673,2017,1.4166666666666667
156673,2018,1.6666666666666667
156684,2017,1.5
156684,2018,1.4166666666666667
156730,2017,0.0
156730,2018,1.0
156750,2017,1.5
156750,2018,1.8333333333333333
156868,2017,2.75
156868,2018,1.1666666666666667
156870,2017,0.0
156870,2018,1.0833333333333333
156879,2018,1.8181818181818181
156945,2017,0.5833333333333334
156945,2018,1.5833333333333333
156948,2017,2.0833333333333335
156948,2018,2.3333333333333335
156959,2017,1.8333333333333333
156959,2018,1.9166666666666667
156980,2017,0.0
156980,2018,1.3333333333333333
157005,2017,2.3333333333333335
157005,2018,1.6666666666666667
157092,2017,1.8333333333333333
157092,2018,1.75
157200,2017,1.1666666666666667
157200,2018,1.75
157212,2017,2.25
157212,2018,1.6666666666666667
157300,2018,4.818181818181818
157566,2017,0.0
157566,2018,0.08333333333333333
157672,2017,0.3333333333333333
157672,2018,1.0
157674,2017,1.4166666666666667
157674,2018,2.0833333333333335
157704,2017,1.9166666666666667
157704,2018,1.9166666666666667
157712,2017,2.0833333333333335
157712,2018,1.75
157729,2018,5.363636363636363
157731,2017,1.5833333333333333
157731,2018,1.1666666666666667
157751,2017,1.5833333333333333
157751,2018,1.9166666666666667
157766,2017,1.0
157766,2018,1.75
157771,2017,0.8333333333333334
157771,2018,0.0
157816,2017,1.0833333333333333
157816,2018,2.3333333333333335
157879,2017,0.5
157879,2018,0.5
157902,2017,0.0
157902,2018,0.16666666666666666
157911,2017,1.6666666666666667
157911,2018,1.25
157971,2017,0.0
157971,2018,0.0
158113,2017,1.9166666666666667
158113,2018,1.6666666666666667
158314,2017,0.3333333333333333
158314,2018,1.0
158400,2017,1.5
158400,2018,0.9166666666666666
158401,2017,0.0
158401,2018,1.0833333333333333
158508,2017,1.9166666666666667
158508,2018,1.6666666666666667
158560,2017,1.25
158560,2018,1.5
158680,2017,1.1666666666666667
158680,2018,1.6666666666666667
158901,2017,1.6666666666666667
158901,2018,1.75
158969,2017,1.9166666666666667
158969,2018,1.4166666666666667
158995,2017,0.0
158995,2018,0.16666666666666666
159227,2017,1.3333333333333333
159227,2018,1.8333333333333333
159233,2017,0.3333333333333333
159233,2018,0.8333333333333334
159272,2017,1.1666666666666667
159272,2018,1.9166666666666667
159275,2017,2.3333333333333335
159275,2018,1.5833333333333333
159344,2017,2.25
159344,2018,1.8333333333333333
159351,2017,1.3333333333333333
159351,2018,1.5833333333333333
159359,2017,0.0
159359,2018,1.1666666666666667
159397,2017,1.0
159397,2018,1.3333333333333333
159486,2017,1.5833333333333333
159486,2018,0.0
159500,2018,7.7272727272727275
159525,2017,1.5
159525,2018,2.0833333333333335
159531,2017,1.6666666666666667
159531,2018,1.75
159533,2017,0.0
159533,2018,0.25
159608,2017,1.8333333333333333
159608,2018,1.8333333333333333
159680,2017,2.1666666666666665
159680,2018,1.8333333333333333
159688,2017,1.8333333333333333
159688,2018,1.75
159745,2017,1.9166666666666667
159745,2018,1.5
159751,2017,2.25
159751,2018,1.25
159800,2017,0.5833333333333334
159800,2018,0.0
159856,2017,1.9166666666666667
159856,2018,1.3333333333333333
159942,2017,0.8333333333333334
159942,2018,0.0
159960,2017,1.25
159960,2018,1.0833333333333333
160135,2017,1.3333333333333333
160135,2018,1.1666666666666667
160143,2017,1.0
160143,2018,1.3333333333333333
160154,2017,1.1666666666666667
160154,2018,2.0
160181,2017,1.75
160181,2018,1.0
160203,2017,1.75
160203,2018,1.8333333333333333
160250,2017,2.25
160250,2018,1.5
160266,2017,0.0
160266,2018,0.5
160320,2017,1.0
160320,2018,2.1666666666666665
160471,2017,0.0
160471,2018,1.0
160640,2017,1.4166666666666667
160640,2018,0.8333333333333334
160686,2017,2.5833333333333335
160686,2018,1.25
160707,2017,1.4166666666666667
160707,2018,2.0
160740,2017,0.9166666666666666
160740,2018,1.9166666666666667
160773,2017,2.4166666666666665
160773,2018,1.5833333333333333
160779,2017,0.0
160779,2018,0.0
160905,2017,2.0833333333333335
160905,2018,1.5833333333333333
160927,2017,1.1666666666666667
160927,2018,2.0833333333333335
160993,2017,1.5
160993,2018,0.6666666666666666
161045,2017,1.0833333333333333
161045,2018,1.0
161103,2017,1.5
161103,2018,1.4166666666666667
161180,2017,1.9166666666666667
161180,2018,2.3333333333333335
161241,2017,1.5833333333333333
161241,2018,1.0833333333333333
161276,2017,0.5
161276,2018,2.4166666666666665
161338,2017,1.6666666666666667
161338,2018,1.25
161373,2017,0.9166666666666666
161373,2018,0.0
161414,2017,0.5
161414,2018,0.75
161415,2017,0.8333333333333334
161415,2018,1.75
161437,2017,2.0833333333333335
161437,2018,1.4166666666666667
161525,2017,0.0
161525,2018,0.0
161546,2017,0.0
161546,2018,0.0
161557,2017,0.0
161557,2018,0.0
161574,2017,1.3333333333333333
161574,2018,1.5833333333333333
161650,2017,1.0
161650,2018,0.0
161728,2017,0.0
161728,2018,0.8333333333333334
161766,2017,1.0833333333333333
161766,2018,1.8333333333333333
161769,2017,2.0833333333333335
161769,2018,2.1666666666666665
161774,2017,0.0
161774,2018,0.0
161780,2018,3.0
161956,2017,0.0
161956,2018,1.5833333333333333
162013,2017,1.0833333333333333
162013,2018,1.4166666666666667
162155,2017,0.0
162155,2018,0.0
162166,2017,1.9166666666666667
162166,2018,1.5833333333333333
162167,2017,1.0
162167,2018,1.0833333333333333
162180,2017,0.75
162180,2018,1.75
162420,2017,1.4166666666666667
162420,2018,2.25
162456,2017,1.25
162456,2018,2.5833333333333335
162472,2017,0.0
162472,2018,1.0
162485,2017,1.3333333333333333
162485,2018,0.0
162489,2017,1.6666666666666667
162489,2018,1.1666666666666667
162496,2017,1.5833333333333333
162496,2018,1.6666666666666667
162568,2017,0.0
162568,2018,0.0
162658,2017,1.4166666666666667
162658,2018,1.9166666666666667
163002,2017,1.4166666666666667
163002,2018,1.5
163058,2017,2.25
163058,2018,2.1666666666666665
163083,2017,1.9166666666666667
163083,2018,0.5
163137,2017,0.0
163137,2018,0.0
163260,2017,0.6666666666666666
163260,2018,2.0
163301,2017,0.0
163301,2018,0.9166666666666666
163388,2017,1.9166666666666667
163388,2018,2.25
163405,2017,0.0
163405,2018,0.3333333333333333
163445,2017,0.0
163445,2018,0.9166666666666666
163481,2017,0.0
163481,2018,0.0
163598,2017,2.3333333333333335
163598,2018,1.0
163608,2017,1.4166666666666667
163608,2018,1.9166666666666667
163615,2017,0.75
163615,2018,1.5
163639,2017,1.1666666666666667
163639,2018,2.5
163645,2017,1.3333333333333333
163645,2018,2.0
163723,2017,0.0
163723,2018,0.0
163757,2017,1.4166666666666667
163757,2018,2.5
163776,2017,1.6666666666666667
163776,2018,1.75
163970,2017,1.8333333333333333
163970,2018,1.5833333333333333
164013,2017,1.75
164013,2018,2.0
164017,2017,0.5833333333333334
164017,2018,1.1666666666666667
164034,2017,1.1666666666666667
164034,2018,1.1666666666666667
164064,2017,0.0
164064,2018,0.0
164094,2017,1.0
164094,2018,1.6666666666666667
164192,2017,1.0833333333333333
164192,2018,0.75
164211,2017,0.0
164211,2018,0.0
164224,2018,2.1818181818181817
164226,2017,1.75
164226,2018,1.1666666666666667
164298,2017,1.75
164298,2018,0.0
164313,2017,1.9166666666666667
164313,2018,2.0
164363,2017,1.4166666666666667
164363,2018,0.3333333333333333
164374,2017,2.0833333333333335
164374,2018,1.75
164388,2017,1.25
164388,2018,1.0
164429,2017,2.1666666666666665
164429,2018,1.0
164500,2017,0.0
164500,2018,0.8333333333333334
164512,2017,1.5
164512,2018,1.3333333333333333
164559,2018,3.727272727272727
164657,2017,1.4166666666666667
164657,2018,1.75
164743,2017,1.9166666666666667
164743,2018,1.4166666666666667
164794,2017,0.0
164794,2018,1.5833333333333333
164947,2017,1.75
164947,2018,1.75
164973,2017,2.25
164973,2018,1.5
164983,2017,1.25
164983,2018,1.25
165019,2017,1.3333333333333333
165019,2018,2.0
165022,2017,0.0
165022,2018,0.9166666666666666
165056,2017,1.5
165056,2018,1.25
165138,2017,1.0833333333333333
165138,2018,1.6666666666666667
165188,2017,1.1666666666666667
165188,2018,1.25
165224,2017,0.4166666666666667
165224,2018,0.0
165260,2017,1.5
165260,2018,1.5833333333333333
165265,2017,1.8333333333333333
165265,2018,1.6666666666666667
165339,2018,5.0
165443,2017,0.9166666666666666
165443,2018,1.5
165484,2017,1.75
165484,2018,1.8333333333333333
165550,2017,1.8333333333333333
165550,2018,2.1666666666666665
165554,2017,0.5833333333333334
165554,2018,1.8333333333333333
165596,2017,1.3333333333333333
165596,2018,2.4166666666666665
165742,2017,1.9166666666666667
165742,2018,0.6666666666666666
165759,2017,2.0
165759,2018,1.5
165827,2017,1.1666666666666667
165827,2018,1.4166666666666667
165893,2017,1.3333333333333333
165893,2018,1.4166666666666667
165900,2017,1.6666666666666667
165900,2018,1.5
166011,2017,0.0
166011,2018,1.8333333333333333
166037,2017,1.6666666666666667
166037,2018,1.6666666666666667
166110,2017,0.0
166110,2018,0.0
166175,2018,4.454545454545454
166239,2017,2.3333333333333335
166239,2018,1.5
166273,2018,4.7272727272727275
166333,2017,1.3333333333333333
166333,2018,1.4166666666666667
166475,2017,1.4166666666666667
166475,2018,1.25
166535,2017,1.5
166535,2018,1.8333333333333333
166537,2017,1.25
166537,2018,2.0833333333333335
166577,2017,2.3333333333333335
166577,2018,1.6666666666666667
166677,2017,2.1666666666666665
166677,2018,0.0
166693,2017,1.4166666666666667
166693,2018,2.4166666666666665
166705,2017,2.0
166705,2018,1.5833333333333333
166712,2017,1.8333333333333333
166712,2018,1.4166666666666667
166825,2017,0.25
166825,2018,0.75
166829,2017,0.5
166829,2018,1.6666666666666667
166846,2017,2.5
166846,2018,1.5833333333333333
166865,2017,1.8333333333333333
166865,2018,1.1666666666666667
166911,2017,1.75
166911,2018,1.4166666666666667
166938,2017,1.4166666666666667
166938,2018,1.4166666666666667
166953,2017,0.8333333333333334
166953,2018,1.1666666666666667
166955,2017,1.4166666666666667
166955,2018,1.1666666666666667
166966,2018,4.909090909090909
167001,2017,0.8333333333333334
167001,2018,0.0
167016,2017,0.4166666666666667
167016,2018,1.25
167026,2017,1.5833333333333333
167026,2018,0.8333333333333334
167062,2017,1.3333333333333333
167062,2018,0.9166666666666666
167177,2017,0.0
167177,2018,1.5833333333333333
167219,2017,0.0
167219,2018,0.0
167257,2017,1.6666666666666667
167257,2018,1.6666666666666667
167335,2017,1.8333333333333333
167335,2018,1.5833333333333333
167363,2017,1.75
167363,2018,0.9166666666666666
167465,2017,0.5
167465,2018,1.9166666666666667
167491,2017,0.0
167491,2018,0.0
167515,2017,2.0
167515,2018,1.3333333333333333
167569,2018,0.0
167575,2017,1.6666666666666667
167575,2018,0.0
167578,2017,1.1666666666666667
167578,2018,1.75
167587,2017,2.4166666666666665
167587,2018,1.5833333333333333
167660,2017,2.0833333333333335
167660,2018,0.75
167670,2017,0.0
167670,2018,0.0
167795,2017,1.9166666666666667
167795,2018,2.0833333333333335
167879,2017,0.0
167879,2018,0.3333333333333333
167933,2017,1.4166666666666667
167933,2018,2.0
168026,2017,1.4166666666666667
168026,2018,1.0
168123,2017,0.0
168123,2018,0.8333333333333334
168160,2018,5.181818181818182
168290,2017,2.3333333333333335
168290,2018,1.4166666666666667
168302,2017,0.0
168302,2018,0.5
168316,2017,2.4166666666666665
168316,2018,2.0833333333333335
168349,2017,0.75
168349,2018,1.5833333333333333
168385,2017,1.5
168385,2018,1.1666666666666667
168418,2017,1.0833333333333333
168418,2018,1.0
168641,2017,0.0
168641,2018,0.0
168727,2017,0.0
168727,2018,0.25
168843,2017,1.8333333333333333
168843,2018,1.25
168887,2018,4.363636363636363
169054,2017,1.0
169054,2018,1.4166666666666667
169129,2017,1.6666666666666667
169129,2018,2.25
169131,2017,0.0
169131,2018,0.4166666666666667
169137,2017,1.8333333333333333
169137,2018,0.9166666666666666
169247,2017,1.5833333333333333
169247,2018,1.6666666666666667
169253,2017,0.0
169253,2018,0.75
169270,2017,0.0
169270,2018,0.0
169302,2017,0.0
169302,2018,2.5833333333333335
169393,2017,1.3333333333333333
169393,2018,1.6666666666666667
169418,2017,0.0
169418,2018,1.25
169525,2017,2.0
169525,2018,2.0833333333333335
169529,2018,2.909090909090909
169603,2017,0.0
169603,2018,1.25
169661,2017,2.0
169661,2018,1.0833333333333333
169665,2017,1.6666666666666667
169665,2018,1.1666666666666667
169697,2017,1.75
169697,2018,1.4166666666666667
169699,2017,1.0833333333333333
169699,2018,0.0
169857,2017,1.5833333333333333
169857,2018,1.3333333333333333
169865,2017,0.0
169865,2018,0.0
169932,2017,1.8333333333333333
169932,2018,1.6666666666666667
169948,2017,1.9166666666666667
169948,2018,2.3333333333333335
169950,2017,0.0
169950,2018,0.0
170027,2017,2.3333333333333335
170027,2018,1.5833333333333333
170079,2017,1.75
170079,2018,3.0833333333333335
170091,2017,0.0
170091,2018,0.08333333333333333
170152,2017,0.0
170152,2018,0.6666666666666666
170211,2017,1.8333333333333333
170211,2018,2.0
170232,2017,0.25
170232,2018,0.0
170311,2017,1.1666666666666667
170311,2018,1.1666666666666667
170321,2017,1.25
170321,2018,1.3333333333333333
170368,2018,2.8181818181818183
170404,2017,1.25
170404,2018,2.1666666666666665
170443,2018,3.090909090909091
170531,2017,2.8333333333333335
170531,2018,1.5833333333333333
170534,2017,0.0
170534,2018,0.0
170544,2017,0.4166666666666667
170544,2018,1.8333333333333333
170566,2017,0.8333333333333334
170566,2018,1.0
170585,2017,1.4166666666666667
170585,2018,1.4166666666666667
170655,2018,0.0
170656,2017,1.6666666666666667
170656,2018,1.3333333333333333
170710,2017,0.6666666666666666
170710,2018,1.6666666666666667
170791,2017,2.75
170791,2018,1.75
170799,2017,1.0833333333333333
170799,2018,1.5833333333333333
170801,2017,0.0
170801,2018,1.1666666666666667
170903,2017,0.4166666666666667
170903,2018,0.0
170965,2017,1.1666666666666667
170965,2018,2.1666666666666665
170982,2017,0.0
170982,2018,0.0
171027,2017,0.0
171027,2018,0.0
171042,2017,0.0
171042,2018,0.0
171047,2017,1.4166666666666667
171047,2018,1.5
171137,2017,0.0
171137,2018,2.1666666666666665
171192,2018,3.6363636363636362
171257,2017,1.3333333333333333
171257,2018,1.1666666666666667
171264,2017,2.25
171264,2018,1.5833333333333333
171350,2017,1.4166666666666667
171350,2018,1.3333333333333333
171419,2017,1.1666666666666667
171419,2018,2.0833333333333335
171582,2017,0.16666666666666666
171582,2018,1.1666666666666667
171638,2017,0.16666666666666666
171638,2018,2.25
171691,2018,4.545454545454546
171788,2018,4.363636363636363
171883,2017,1.5
171883,2018,1.0833333333333333
171902,2017,0.6666666666666666
171902,2018,0.3333333333333333
171906,2017,1.3333333333333333
171906,2018,1.0
171908,2018,3.5454545454545454
171937,2017,1.6666666666666667
171937,2018,2.5
172059,2017,1.75
172059,2018,1.3333333333333333
172135,2017,1.3333333333333333
172135,2018,1.25
172162,2017,0.0
172162,2018,0.5833333333333334
172200,2018,6.454545454545454
172233,2017,0.25
172233,2018,1.3333333333333333
172259,2017,1.8333333333333333
172259,2018,0.0
172284,2017,0.0
172284,2018,0.25
172345,2017,1.25
172345,2018,0.3333333333333333
172348,2017,0.6666666666666666
172348,2018,1.8333333333333333
172444,2017,1.3333333333333333
172444,2018,1.6666666666666667
172491,2017,0.0
172491,2018,0.9166666666666666
172532,2017,0.0
172532,2018,0.75
172593,2017,2.0833333333333335
172593,2018,1.4166666666666667
172610,2018,3.272727272727273
172724,2017,0.0
172724,2018,0.08333333333333333
172731,2017,0.0
172731,2018,0.0
172755,2018,3.6363636363636362
172757,2017,2.3333333333333335
172757,2018,1.8333333333333333
172971,2018,4.454545454545454
172983,2017,0.9166666666666666
172983,2018,2.5
172987,2017,1.9166666666666667
172987,2018,1.0
173092,2017,1.8333333333333333
173092,2018,1.4166666666666667
173178,2017,0.0
173178,2018,0.0
173212,2017,1.5833333333333333
173212,2018,1.6666666666666667
173227,2017,0.0
173227,2018,1.25
173235,2017,0.0
173235,2018,1.4166666666666667
173252,2017,1.3333333333333333
173252,2018,1.0833333333333333
173343,2018,7.181818181818182
173356,2017,1.5
173356,2018,1.1666666666666667
173398,2017,1.6666666666666667
173398,2018,1.3333333333333333
173416,2017,1.5833333333333333
173416,2018,1.6666666666666667
173446,2017,1.75
173446,2018,0.8333333333333334
173485,2017,2.3333333333333335
173485,2018,1.4166666666666667
173506,2018,4.363636363636363
173531,2017,0.16666666666666666
173531,2018,2.1666666666666665
173548,2017,2.6666666666666665
173548,2018,1.6666666666666667
173666,2017,1.1666666666666667
173666,2018,0.6666666666666666
173673,2017,1.0
173673,2018,0.6666666666666666
173798,2017,1.5
173798,2018,1.0
173834,2017,0.0
173834,2018,0.6666666666666666
173873,2017,3.0833333333333335
173873,2018,2.3333333333333335
173884,2017,0.0
173884,2018,1.0
173938,2017,1.9166666666666667
173938,2018,1.9166666666666667
174044,2017,1.3333333333333333
174044,2018,1.1666666666666667
174343,2017,2.4166666666666665
174343,2018,2.0833333333333335
174439,2017,1.75
174439,2018,1.8333333333333333
174666,2017,0.0
174666,2018,0.3333333333333333
174669,2017,0.0
174669,2018,0.0
174702,2017,0.0
174702,2018,1.25
174729,2017,1.25
174729,2018,2.0
174743,2017,1.4166666666666667
174743,2018,1.3333333333333333
174803,2017,0.9166666666666666
174803,2018,0.75
174896,2017,0.0
174896,2018,0.0
174923,2017,1.5
174923,2018,1.5
174925,2017,0.0
174925,2018,0.0
174996,2017,1.4166666666666667
174996,2018,2.0833333333333335
175017,2017,1.4166666666666667
175017,2018,1.25
175104,2017,2.0833333333333335
175104,2018,1.5833333333333333
175169,2017,0.9166666666666666
175169,2018,1.9166666666666667
175191,2017,0.0
175191,2018,0.0
175249,2017,2.6666666666666665
175249,2018,1.1666666666666667
175285,2017,2.0
175285,2018,1.6666666666666667
175320,2017,1.3333333333333333
175320,2018,1.5
175342,2017,2.5
175342,2018,0.8333333333333334
175360,2017,1.5833333333333333
175360,2018,1.4166666666666667
175387,2017,0.75
175387,2018,0.8333333333333334
175488,2017,2.1666666666666665
175488,2018,1.1666666666666667
175528,2017,1.5
175528,2018,1.9166666666666667
175584,2017,1.3333333333333333
175584,2018,2.4166666666666665
175711,2017,1.4166666666666667
175711,2018,1.1666666666666667
175804,2017,1.4166666666666667
175804,2018,0.8333333333333334
175814,2017,2.25
175814,2018,1.8333333333333333
175832,2017,0.0
175832,2018,0.0
175902,2018,3.272727272727273
175954,2017,1.9166666666666667
175954,2018,1.3333333333333333
175967,2018,4.2727272727272725
176115,2017,2.25
176115,2018,1.5
176142,2018,6.363636363636363
176166,2017,2.1666666666666665
176166,2018,1.4166666666666667
176278,2017,1.6666666666666667
176278,2018,0.75
176284,2017,0.8333333333333334
176284,2018,1.3333333333333333
176359,2017,1.0833333333333333
176359,2018,2.0833333333333335
176379,2018,3.4545454545454546
176480,2017,0.75
176480,2018,2.0
176521,2018,5.363636363636363
176599,2017,2.1666666666666665
176599,2018,1.5
176611,2017,0.0
176611,2018,2.1666666666666665
176688,2017,1.25
176688,2018,1.4166666666666667
176848,2017,0.0
176848,2018,0.4166666666666667
176885,2017,0.0
176885,2018,0.0
177029,2017,0.0
177029,2018,1.25
177146,2017,1.75
177146,2018,1.9166666666666667
177199,2017,0.0
177199,2018,0.0
177345,2017,0.0
177345,2018,1.0833333333333333
177457,2017,2.4166666666666665
177457,2018,1.0833333333333333
177483,2017,2.0
177483,2018,1.6666666666666667
177518,2017,2.0833333333333335
177518,2018,2.25
177583,2018,4.818181818181818
177598,2017,2.6666666666666665
177598,2018,1.4166666666666667
177677,2017,0.0
177677,2018,0.0
177700,2017,2.0833333333333335
177700,2018,1.5833333333333333
177713,2018,5.818181818181818
177814,2017,0.0
177814,2018,0.4166666666666667
177962,2017,1.75
177962,2018,1.75
177993,2017,2.3333333333333335
177993,2018,1.4166666666666667
178036,2017,1.25
178036,2018,1.75
178077,2017,2.0833333333333335
178077,2018,2.1666666666666665
178081,2017,0.0
178081,2018,0.16666666666666666
178157,2017,0.8333333333333334
178157,2018,0.0
178160,2017,1.3333333333333333
178160,2018,1.6666666666666667
178331,2017,1.6666666666666667
178331,2018,1.8333333333333333
178335,2017,1.1666666666666667
178335,2018,0.75
178403,2018,2.5454545454545454
178409,2018,5.909090909090909
178459,2017,0.0
178459,2018,0.0
178461,2017,1.25
178461,2018,0.6666666666666666
178540,2017,1.6666666666666667
178540,2018,2.0
178565,2017,0.0
178565,2018,0.4166666666666667
178643,2017,0.5
178643,2018,1.6666666666666667
178720,2017,1.25
178720,2018,1.75
178864,2017,1.3333333333333333
178864,2018,1.3333333333333333
179042,2017,2.5
179042,2018,1.6666666666666667
179053,2018,4.090909090909091
179075,2017,1.75
179075,2018,1.6666666666666667
179153,2017,1.9166666666666667
179153,2018,1.4166666666666667
179489,2017,0.0
179489,2018,0.5
179585,2017,1.9166666666666667
179585,2018,1.75
179590,2017,0.8333333333333334
179590,2018,0.75
179603,2017,2.4166666666666665
179603,2018,2.3333333333333335
179707,2017,0.0
179707,2018,0.3333333333333333
179719,2017,1.5833333333333333
179719,2018,1.0833333333333333
179773,2017,1.4166666666666667
179773,2018,0.0
179870,2017,1.0
179870,2018,1.75
179944,2017,1.5833333333333333
179944,2018,1.75
179956,2017,0.0
179956,2018,2.0
180009,2017,2.0
180009,2018,1.25
180024,2017,0.0
180024,2018,0.75
180137,2017,0.0
180137,2018,1.0
180140,2017,1.9166666666666667
180140,2018,2.0833333333333335
180207,2017,0.9166666666666666
180207,2018,1.8333333333333333
180216,2017,1.75
180216,2018,2.0833333333333335
180219,2017,0.8333333333333334
180219,2018,1.9166666666666667
180231,2017,0.0
180231,2018,0.75
180321,2017,0.3333333333333333
180321,2018,1.6666666666666667
180380,2017,3.0
180380,2018,1.75
180411,2017,1.5833333333333333
180411,2018,1.9166666666666667
180484,2017,0.0
180484,2018,0.0
180488,2017,2.0833333333333335
180488,2018,2.5
180832,2017,1.5
180832,2018,0.0
180922,2017,0.9166666666666666
180922,2018,1.4166666666666667
180925,2017,1.1666666666666667
180925,2018,1.5833333333333333
180977,2017,1.5833333333333333
180977,2018,1.25
181033,2017,0.0
181033,2018,0.9166666666666666
181082,2017,2.0
181082,2018,0.6428571428571429
181139,2017,2.75
181139,2018,0.8333333333333334
181140,2018,3.272727272727273
181184,2017,1.5833333333333333
181184,2018,2.3333333333333335
181377,2017,1.4166666666666667
181377,2018,1.4166666666666667
181423,2017,1.6666666666666667
181423,2018,2.25
181434,2017,0.0
181434,2018,0.0
181498,2017,0.0
181498,2018,0.0
181607,2017,0.0
181607,2018,0.6666666666666666
181726,2017,1.5833333333333333
181726,2018,1.5
181728,2017,1.6666666666666667
181728,2018,0.5
181770,2017,0.0
181770,2018,0.0
181825,2017,1.8333333333333333
181825,2018,2.4166666666666665
181830,2017,2.0
181830,2018,1.5
181852,2017,2.0833333333333335
181852,2018,1.25
182058,2017,2.1666666666666665
182058,2018,1.8333333333333333
182124,2017,2.0833333333333335
182124,2018,1.5833333333333333
182130,2017,1.4166666666666667
182130,2018,0.9166666666666666
182148,2017,0.75
182148,2018,1.1666666666666667
182159,2017,0.4166666666666667
182159,2018,1.3333333333333333
182184,2017,1.0833333333333333
182184,2018,1.6666666666666667
182205,2017,0.0
182205,2018,0.9166666666666666
182235,2017,1.25
182235,2018,1.0833333333333333
182272,2017,2.0833333333333335
182272,2018,1.0
182320,2017,2.0833333333333335
182320,2018,0.5
182459,2017,0.8333333333333334
182459,2018,2.0833333333333335
182490,2017,1.9166666666666667
182490,2018,0.5833333333333334
182519,2017,1.25
182519,2018,1.5833333333333333
182531,2017,1.4166666666666667
182531,2018,0.4166666666666667
182534,2017,1.9166666666666667
182534,2018,1.3333333333333333
182543,2017,1.3333333333333333
182543,2018,1.9166666666666667
182587,2017,2.25
182587,2018,0.0
182749,2017,1.4166666666666667
182749,2018,2.25
182782,2017,1.75
182782,2018,1.1666666666666667
182785,2017,0.9166666666666666
182785,2018,2.1666666666666665
183020,2017,1.6666666666666667
183020,2018,1.4166666666666667
183023,2017,0.0
183023,2018,0.5833333333333334
183025,2017,1.1666666666666667
183025,2018,1.8333333333333333
183052,2017,1.5
183052,2018,1.5
183096,2017,1.6666666666666667
183096,2018,1.5833333333333333
183129,2017,1.3333333333333333
183129,2018,1.1666666666666667
183208,2017,1.75
183208,2018,1.0
183224,2017,1.5
183224,2018,2.0833333333333335
183235,2017,1.9166666666666667
183235,2018,2.1666666666666665
183305,2017,1.0833333333333333
183305,2018,2.0833333333333335
183339,2017,0.0
183339,2018,0.0
183374,2017,0.5833333333333334
183374,2018,2.0833333333333335
183388,2017,0.3333333333333333
183388,2018,1.0833333333333333
183456,2017,0.0
183456,2018,1.75
183523,2017,2.0
183523,2018,1.1666666666666667
183626,2017,1.4166666666666667
183626,2018,0.8333333333333334
183692,2018,2.909090909090909
183716,2017,1.3333333333333333
183716,2018,1.5
183748,2017,1.9166666666666667
183748,2018,1.3333333333333333
183754,2017,1.3333333333333333
183754,2018,1.25
183755,2017,2.0833333333333335
183755,2018,1.0833333333333333
183885,2017,0.0
183885,2018,0.0
183948,2017,2.25
183948,2018,1.5833333333333333
184009,2017,2.0833333333333335
184009,2018,1.1666666666666667
184035,2017,0.8333333333333334
184035,2018,1.25
184045,2018,2.6363636363636362
184090,2017,0.08333333333333333
184090,2018,1.0
184151,2017,1.3333333333333333
184151,2018,2.0833333333333335
184206,2017,2.5
184206,2018,2.0
184207,2017,0.0
184207,2018,0.0
184306,2017,2.25
184306,2018,1.0
184456,2017,2.0
184456,2018,0.9166666666666666
184466,2017,1.0833333333333333
184466,2018,1.9166666666666667
184478,2017,0.08333333333333333
184478,2018,1.6666666666666667
184490,2017,0.0
184490,2018,0.0
184496,2017,2.0833333333333335
184496,2018,1.75
184635,2017,1.5833333333333333
184635,2018,1.25
184678,2017,1.5833333333333333
184678,2018,0.5
184735,2017,2.4166666666666665
184735,2018,1.5
184754,2017,1.0
184754,2018,1.5833333333333333
184755,2018,6.7272727272727275
184895,2017,1.5
184895,2018,2.0
184924,2017,1.3333333333333333
184924,2018,1.3333333333333333
184959,2017,0.75
184959,2018,1.8333333333333333
184976,2017,2.4166666666666665
184976,2018,2.5
185013,2017,0.9166666666666666
185013,2018,1.75
185101,2017,1.25
185101,2018,1.6666666666666667
185129,2017,1.8333333333333333
185129,2018,1.8333333333333333
185153,2017,1.6666666666666667
185153,2018,1.5
185285,2017,0.5833333333333334
185285,2018,1.3333333333333333
185288,2017,0.0
185288,2018,0.0
185496,2017,1.0
185496,2018,1.4166666666666667
185509,2017,2.25
185509,2018,1.5
185531,2017,0.6666666666666666
185531,2018,0.0
185561,2017,1.0833333333333333
185561,2018,1.5833333333333333
185573,2017,1.0833333333333333
185573,2018,1.3333333333333333
185774,2017,1.5833333333333333
185774,2018,2.4166666666666665
185808,2017,1.1666666666666667
185808,2018,1.6666666666666667
185815,2017,0.0
185815,2018,0.0
185830,2017,1.4166666666666667
185830,2018,1.4166666666666667
185835,2017,2.0833333333333335
185835,2018,1.0833333333333333
185857,2017,1.4166666666666667
185857,2018,2.25
185919,2017,1.9166666666666667
185919,2018,2.5
186015,2017,1.3333333333333333
186015,2018,2.0833333333333335
186020,2017,1.6666666666666667
186020,2018,1.4166666666666667
186146,2017,0.0
186146,2018,0.5
186199,2017,1.5
186199,2018,1.9166666666666667
186246,2017,0.9166666666666666
186246,2018,1.1666666666666667
186295,2017,1.0833333333333333
186295,2018,2.25
186469,2017,0.0
186469,2018,0.3333333333333333
186539,2017,1.1666666666666667
186539,2018,1.6666666666666667
186593,2017,1.4166666666666667
186593,2018,1.4166666666666667
186668,2017,1.3333333333333333
186668,2018,1.0
186729,2017,0.0
186729,2018,0.5833333333333334
186754,2017,1.5833333333333333
186754,2018,1.9166666666666667
186807,2017,1.0833333333333333
186807,2018,0.0
186810,2017,1.0
186810,2018,1.75
186901,2017,1.6666666666666667
186901,2018,0.3333333333333333
186942,2017,0.4166666666666667
186942,2018,1.1666666666666667
187010,2018,5.0
187025,2017,0.08333333333333333
187025,2018,2.0
187041,2017,2.0
187041,2018,1.0833333333333333
187077,2017,0.5833333333333334
187077,2018,1.0
187141,2018,3.8181818181818183
187161,2017,0.16666666666666666
187161,2018,0.0
187175,2017,2.5
187175,2018,1.4166666666666667
187291,2017,0.0
187291,2018,2.0833333333333335
187318,2017,1.5833333333333333
187318,2018,0.5833333333333334
187390,2017,0.0
187390,2018,2.25
187435,2017,0.5
187435,2018,1.8333333333333333
187459,2017,0.0
187459,2018,1.9166666666666667
187618,2017,0.0
187618,2018,0.4166666666666667
187710,2017,1.1666666666666667
187710,2018,1.5833333333333333
187758,2018,2.3636363636363638
187835,2017,0.0
187835,2018,0.0
187838,2017,1.0833333333333333
187838,2018,1.25
187876,2017,0.0
187876,2018,0.3333333333333333
187887,2017,1.4166666666666667
187887,2018,0.75
187902,2017,0.5
187902,2018,0.5
187958,2017,0.0
187958,2018,0.0
188006,2017,2.1666666666666665
188006,2018,1.1666666666666667
188033,2017,0.9166666666666666
188033,2018,1.4166666666666667
188071,2017,1.9166666666666667
188071,2018,0.75
188120,2017,1.9166666666666667
188120,2018,1.0833333333333333
188136,2017,0.8333333333333334
188136,2018,2.4166666666666665
188147,2017,1.8333333333333333
188147,2018,2.1666666666666665
188218,2017,0.0
188218,2018,0.0
188307,2017,1.8333333333333333
188307,2018,1.0833333333333333
188318,2017,1.0833333333333333
188318,2018,2.1666666666666665
188328,2018,3.8181818181818183
188340,2017,1.6666666666666667
188340,2018,2.5833333333333335
188470,2017,1.25
188470,2018,0.0
188542,2017,2.0
188542,2018,1.4166666666666667
188559,2017,1.5833333333333333
188559,2018,1.9166666666666667
188655,2017,0.8333333333333334
188655,2018,1.25
188668,2017,0.9166666666666666
188668,2018,1.3333333333333333
188828,2017,2.1666666666666665
188828,2018,1.75
188893,2017,1.9166666666666667
188893,2018,1.5
189139,2017,1.5
189139,2018,2.0
189146,2017,1.4166666666666667
189146,2018,0.0
189158,2017,1.6666666666666667
189158,2018,0.8333333333333334
189197,2017,2.5
189197,2018,1.5833333333333333
189294,2018,3.727272727272727
189329,2017,0.75
189329,2018,2.1666666666666665
189611,2017,1.75
189611,2018,2.75
189613,2017,0.0
189613,2018,0.6666666666666666
189666,2017,0.0
189666,2018,0.75
189707,2017,0.3333333333333333
189707,2018,1.25
189775,2017,2.25
189775,2018,2.0833333333333335
189817,2017,1.5
189817,2018,1.9166666666666667
189822,2017,1.9166666666666667
189822,2018,1.1666666666666667
189836,2017,1.5
189836,2018,2.5833333333333335
189854,2017,0.0
189854,2018,0.25
189914,2017,1.5833333333333333
189914,2018,1.9166666666666667
190052,2017,2.0833333333333335
190052,2018,1.25
190149,2017,2.4166666666666665
190149,2018,0.6666666666666666
190227,2017,2.3333333333333335
190227,2018,1.0833333333333333
190236,2017,1.8333333333333333
190236,2018,1.25
190256,2017,1.25
190256,2018,2.3333333333333335
190405,2017,1.0
190405,2018,0.0
190429,2018,4.545454545454546
190465,2017,0.8333333333333334
190465,2018,1.3333333333333333
190524,2017,1.9166666666666667
190524,2018,1.0833333333333333
190529,2017,1.5833333333333333
190529,2018,2.3333333333333335
190561,2017,0.8333333333333334
190561,2018,1.1666666666666667
190570,2017,1.4166666666666667
190570,2018,0.0
190716,2017,1.3333333333333333
190716,2018,1.3333333333333333
190720,2017,1.6666666666666667
190720,2018,2.0833333333333335
190791,2017,1.0
190791,2018,0.8333333333333334
190827,2017,0.5
190827,2018,0.9166666666666666
191044,2017,0.0
191044,2018,0.0
191057,2017,1.8333333333333333
191057,2018,0.3333333333333333
191065,2017,2.8333333333333335
191065,2018,1.75
191150,2018,3.6363636363636362
191189,2017,0.0
191189,2018,0.0
191508,2017,0.0
191508,2018,1.0
191537,2017,1.75
191537,2018,1.0
191558,2017,0.0
191558,2018,1.5833333333333333
191626,2017,0.0
191626,2018,1.3333333333333333
191638,2017,1.8333333333333333
191638,2018,1.5833333333333333
191656,2017,0.0
191656,2018,1.6666666666666667
191780,2017,0.0
191780,2018,0.0
191814,2017,1.5
191814,2018,1.9166666666666667
191869,2017,1.75
191869,2018,1.4166666666666667
191917,2017,2.5833333333333335
191917,2018,1.1666666666666667
192009,2017,1.8333333333333333
192009,2018,1.3333333333333333
192013,2017,1.1666666666666667
192013,2018,1.6666666666666667
192096,2017,0.0
192096,2018,0.25
192098,2018,6.363636363636363
192115,2017,0.3333333333333333
192115,2018,1.9166666666666667
192136,2017,1.3333333333333333
192136,2018,1.4166666666666667
192141,2017,2.3333333333333335
192141,2018,0.8333333333333334
192177,2017,2.25
192177,2018,1.8333333333333333
192250,2017,1.5833333333333333
192250,2018,1.0
192355,2017,1.75
192355,2018,1.3333333333333333
192405,2017,2.4166666666666665
192405,2018,1.9166666666666667
192543,2017,1.75
192543,2018,2.0833333333333335
192554,2017,1.1666666666666667
192554,2018,1.75
192556,2017,0.0
192556,2018,0.16666666666666666
192600,2017,1.1666666666666667
192600,2018,1.0833333333333333
192651,2017,2.0833333333333335
192651,2018,1.4166666666666667
192685,2017,1.8333333333333333
192685,2018,1.0833333333333333
192691,2017,1.75
192691,2018,1.9166666666666667
192772,2017,0.0
192772,2018,0.0
192816,2018,5.545454545454546
192898,2017,1.6666666666666667
192898,2018,0.9166666666666666
192994,2017,1.8333333333333333
192994,2018,2.8333333333333335
193020,2018,3.4545454545454546
193037,2017,0.0
193037,2018,1.9166666666666667
193147,2017,1.5
193147,2018,2.3333333333333335
193150,2017,1.5833333333333333
193150,2018,2.0
193212,2017,1.5833333333333333
193212,2018,1.5
193519,2018,5.090909090909091
193564,2017,2.0
193564,2018,1.4166666666666667
193662,2017,2.260869565217391
193662,2018,1.619047619047619
193665,2017,1.0833333333333333
193665,2018,1.9166666666666667
193722,2017,1.3333333333333333
193722,2018,2.1666666666666665
193747,2017,1.75
193747,2018,2.0
193775,2017,0.9166666666666666
193775,2018,2.0
193781,2017,1.5833333333333333
193781,2018,2.25
193824,2017,1.75
193824,2018,1.5
193827,2017,1.5833333333333333
193827,2018,0.9166666666666666
193917,2017,1.5
193917,2018,1.0833333333333333
193928,2017,1.75
193928,2018,1.75
193946,2017,0.0
193946,2018,0.25
193953,2017,1.4166666666666667
193953,2018,1.1666666666666667
194009,2017,1.3333333333333333
194009,2018,0.75
194065,2018,0.0
194200,2017,0.75
194200,2018,1.3333333333333333
194254,2017,1.6666666666666667
194254,2018,1.0
194297,2017,2.0
194297,2018,1.8333333333333333
194394,2017,2.25
194394,2018,0.8333333333333334
194480,2017,0.0
194480,2018,0.9166666666666666
194482,2017,1.1666666666666667
194482,2018,1.25
194493,2017,1.9166666666666667
194493,2018,1.9166666666666667
194571,2017,1.75
194571,2018,0.8333333333333334
194640,2017,1.75
194640,2018,1.8333333333333333
194657,2017,0.0
194657,2018,1.5
194694,2017,1.5
194694,2018,1.0833333333333333
194709,2017,1.5833333333333333
194709,2018,1.25
194722,2017,1.4166666666666667
194722,2018,1.4166666666666667
194737,2017,0.5
194737,2018,1.6666666666666667
194758,2017,1.0
194758,2018,1.4166666666666667
194762,2017,0.0
194762,2018,0.0
194786,2017,2.25
194786,2018,2.0
194813,2017,0.6666666666666666
194813,2018,1.0833333333333333
194855,2017,1.0833333333333333
194855,2018,2.0833333333333335
194859,2018,3.272727272727273
194886,2017,2.0833333333333335
194886,2018,1.75
194959,2017,0.8333333333333334
194959,2018,2.3333333333333335
195069,2017,0.0
195069,2018,0.16666666666666666
195131,2017,0.0
195131,2018,0.0
195137,2017,0.75
195137,2018,2.6666666666666665
195150,2018,6.545454545454546
195368,2017,2.25
195368,2018,1.3333333333333333
195419,2017,1.4166666666666667
195419,2018,1.25
195594,2017,2.75
195594,2018,1.8333333333333333
195684,2017,0.0
195684,2018,1.1666666666666667
195806,2017,2.0
195806,2018,1.4166666666666667
195848,2017,1.4166666666666667
195848,2018,1.9166666666666667
195895,2018,5.636363636363637
195960,2017,1.9166666666666667
195960,2018,2.1666666666666665
195977,2017,0.8333333333333334
195977,2018,1.5833333333333333
195994,2018,8.454545454545455
196016,2017,1.75
196016,2018,2.5
196096,2017,0.0
196096,2018,0.4166666666666667
196202,2017,1.0833333333333333
196202,2018,1.8333333333333333
196240,2017,1.25
196240,2018,1.75
196367,2017,1.9166666666666667
196367,2018,1.75
196442,2017,1.4166666666666667
196442,2018,1.6666666666666667
196467,2017,0.9166666666666666
196467,2018,2.0
196469,2017,1.3333333333333333
196469,2018,1.5
196514,2017,1.0
196514,2018,1.5833333333333333
196582,2017,1.5833333333333333
196582,2018,1.8333333333333333
196583,2017,1.9166666666666667
196583,2018,1.75
196757,2017,0.0
196757,2018,0.0
196777,2017,0.3333333333333333
196777,2018,2.25
196779,2017,1.5
196779,2018,1.4166666666666667
196798,2017,2.4166666666666665
196798,2018,1.6666666666666667
196812,2017,1.1666666666666667
196812,2018,1.4166666666666667
196845,2017,1.8333333333333333
196845,2018,1.5
196892,2017,0.6666666666666666
196892,2018,2.1666666666666665
196905,2017,1.5
196905,2018,1.75
196992,2017,1.25
196992,2018,1.75
197062,2017,0.0
197062,2018,0.9166666666666666
197063,2017,0.0
197063,2018,0.0
197067,2017,1.75
197067,2018,1.5
197086,2017,1.0
197086,2018,1.75
197096,2017,1.0833333333333333
197096,2018,1.6666666666666667
197113,2017,1.6666666666666667
197113,2018,1.9166666666666667
197138,2017,2.75
197138,2018,1.4166666666666667
197192,2017,2.0
197192,2018,1.6666666666666667
197239,2017,0.0
197239,2018,0.0
197320,2017,2.0833333333333335
197320,2018,1.0833333333333333
197491,2017,0.0
197491,2018,0.0
197509,2017,1.5
197509,2018,1.5
197514,2017,1.0833333333333333
197514,2018,1.8333333333333333
197529,2017,0.0
197529,2018,0.0
197578,2017,1.0833333333333333
197578,2018,1.4166666666666667
197608,2017,1.8333333333333333
197608,2018,2.0
197642,2017,1.5833333333333333
197642,2018,1.4166666666666667
197855,2017,0.0
197855,2018,0.5
197890,2017,1.8333333333333333
197890,2018,2.0833333333333335
197973,2017,0.0
197973,2018,1.3333333333333333
198010,2017,1.4166666666666667
198010,2018,2.5833333333333335
198075,2017,1.75
198075,2018,1.75
198123,2017,1.3333333333333333
198123,2018,1.0833333333333333
198147,2017,1.1666666666666667
198147,2018,0.9166666666666666
198167,2017,2.0833333333333335
198167,2018,1.5
198354,2017,0.0
198354,2018,0.0
198407,2017,0.0
198407,2018,0.0
198424,2017,1.5
198424,2018,1.4166666666666667
198456,2017,0.0
198456,2018,0.0
198485,2017,1.25
198485,2018,2.1666666666666665
198499,2017,1.6363636363636365
198499,2018,1.6818181818181819
198570,2017,0.0
198570,2018,0.5
198625,2017,1.3333333333333333
198625,2018,1.75
198645,2017,0.9166666666666666
198645,2018,1.5
198713,2017,1.3333333333333333
198713,2018,1.9166666666666667
198785,2017,0.0
198785,2018,0.08333333333333333
198813,2017,1.1666666666666667
198813,2018,1.25
198836,2017,1.9166666666666667
198836,2018,0.6666666666666666
198900,2017,1.6666666666666667
198900,2018,0.6666666666666666
198961,2017,0.9166666666666666
198961,2018,0.8333333333333334
199021,2017,1.25
199021,2018,0.0
199073,2017,1.6666666666666667
199073,2018,1.75
199342,2017,1.75
199342,2018,1.5833333333333333
199358,2017,0.0
199358,2018,0.5
199374,2018,4.7272727272727275
199405,2017,1.5
199405,2018,2.1666666666666665
199478,2017,1.3333333333333333
199478,2018,1.75
199493,2017,0.0
199493,2018,0.0
199494,2017,0.0
199494,2018,0.0
199507,2017,1.6666666666666667
199507,2018,1.3333333333333333
199509,2017,1.0
199509,2018,1.8333333333333333
199513,2017,1.25
199513,2018,1.8333333333333333
199603,2017,1.3333333333333333
199603,2018,1.4166666666666667
199652,2017,2.0833333333333335
199652,2018,1.3333333333333333
199792,2017,0.0
199792,2018,1.0
199809,2017,1.5
199809,2018,1.0
199810,2017,1.5833333333333333
199810,2018,1.6666666666666667
199959,2018,5.363636363636363
200012,2017,0.4166666666666667
200012,2018,1.5
200065,2017,2.0833333333333335
200065,2018,2.4166666666666665
200067,2017,1.5
200067,2018,1.6666666666666667
200077,2017,0.25
200077,2018,1.8333333333333333
200168,2017,0.8333333333333334
200168,2018,2.1666666666666665
200309,2017,1.9166666666666667
200309,2018,1.1666666666666667
200321,2017,2.1666666666666665
200321,2018,1.3333333333333333
200326,2017,1.0
200326,2018,0.5833333333333334
200519,2017,2.3043478260869565
200519,2018,1.5217391304347827
200552,2017,1.9166666666666667
200552,2018,1.1666666666666667
200663,2017,0.0
200663,2018,0.8333333333333334
200681,2017,2.0833333333333335
200681,2018,1.75
200708,2017,1.9166666666666667
200708,2018,1.5
200744,2017,1.5
200744,2018,1.1666666666666667
200764,2017,0.0
200764,2018,0.4166666666666667
200802,2017,0.8333333333333334
200802,2018,1.4166666666666667
200863,2017,1.0833333333333333
200863,2018,2.3333333333333335
200877,2017,2.25
200877,2018,1.5833333333333333
200960,2017,1.75
200960,2018,2.0833333333333335
200991,2017,1.4166666666666667
200991,2018,2.0
201055,2017,0.0
201055,2018,0.0
201115,2018,6.909090909090909
201220,2017,2.1666666666666665
201220,2018,1.9166666666666667
201256,2017,0.9166666666666666
201256,2018,1.0
201273,2018,8.090909090909092
201276,2017,0.8333333333333334
201276,2018,1.25
201292,2017,2.75
201292,2018,1.0833333333333333
201339,2017,1.5833333333333333
201339,2018,1.9166666666666667
201343,2017,1.0833333333333333
201343,2018,1.0833333333333333
201355,2017,2.0
201355,2018,1.25
201365,2017,1.75
201365,2018,1.0833333333333333
201436,2017,0.25
201436,2018,0.0
201475,2018,3.8181818181818183
201550,2017,0.0
201550,2018,0.0
201561,2017,0.4166666666666667
201561,2018,0.6666666666666666
201564,2017,1.8333333333333333
201564,2018,1.0
201574,2017,0.0
201574,2018,0.0
201683,2017,1.6666666666666667
201683,2018,1.8333333333333333
201709,2017,1.25
201709,2018,2.25
201816,2017,2.8333333333333335
201816,2018,1.0833333333333333
201891,2017,2.75
201891,2018,0.5
201898,2017,0.8333333333333334
201898,2018,0.08333333333333333
202035,2017,0.0
202035,2018,0.25
202052,2017,1.3333333333333333
202052,2018,1.0
202055,2017,1.3333333333333333
202055,2018,1.75
202108,2017,0.0
202108,2018,0.0
202156,2017,0.9166666666666666
202156,2018,1.75
202182,2017,1.75
202182,2018,2.1666666666666665
202218,2017,0.0
202218,2018,1.0833333333333333
202227,2017,0.0
202227,2018,0.0
202248,2017,1.9166666666666667
202248,2018,2.25
202271,2017,0.0
202271,2018,0.0
202293,2017,2.5833333333333335
202293,2018,1.8333333333333333
202299,2017,1.5
202299,2018,1.3333333333333333
202329,2018,2.3636363636363638
202358,2017,1.6666666666666667
202358,2018,1.0833333333333333
202585,2017,1.3333333333333333
202585,2018,0.75
202696,2017,3.0833333333333335
202696,2018,0.6666666666666666
202716,2017,1.0833333333333333
202716,2018,1.3333333333333333
202761,2017,0.0
202761,2018,0.0
202784,2017,1.1666666666666667
202784,2018,2.1666666666666665
202807,2017,2.1666666666666665
202807,2018,1.6666666666666667
202831,2017,2.1666666666666665
202831,2018,1.8333333333333333
202859,2017,0.9166666666666666
202859,2018,1.3333333333333333
202864,2017,1.3333333333333333
202864,2018,2.0
203033,2017,2.1666666666666665
203033,2018,2.0833333333333335
203084,2017,1.6666666666666667
203084,2018,1.4166666666666667
203133,2017,1.9166666666666667
203133,2018,1.25
203143,2017,1.0833333333333333
203143,2018,0.0
203184,2017,1.0833333333333333
203184,2018,1.3333333333333333
203245,2017,0.0
203245,2018,0.0
203258,2017,0.0
203258,2018,0.0
203293,2017,1.4166666666666667
203293,2018,1.3333333333333333
203306,2018,3.8181818181818183
203409,2017,1.3333333333333333
203409,2018,0.75
203517,2017,0.0
203517,2018,0.0
203550,2017,1.1666666666666667
203550,2018,1.3333333333333333
203577,2017,1.0
203577,2018,1.6666666666666667
203607,2017,0.0
203607,2018,1.9166666666666667
203625,2017,1.9166666666666667
203625,2018,0.5
203696,2017,2.4166666666666665
203696,2018,1.6666666666666667
203698,2017,1.75
203698,2018,1.6666666666666667
203745,2017,1.5
203745,2018,1.8333333333333333
203772,2017,2.4166666666666665
203772,2018,1.5
203773,2017,0.0
203773,2018,1.0
203809,2017,0.0
203809,2018,0.0
203815,2017,0.08333333333333333
203815,2018,0.8333333333333334
203864,2017,1.5833333333333333
203864,2018,1.0
203947,2017,0.8333333333333334
203947,2018,0.0
203950,2017,0.25
203950,2018,1.25
203973,2017,0.25
203973,2018,1.75
204000,2017,0.25
204000,2018,2.3333333333333335
204042,2017,1.1666666666666667
204042,2018,1.8333333333333333
204111,2017,0.25
204111,2018,0.0
204220,2017,1.75
204220,2018,2.0833333333333335
204237,2017,1.0
204237,2018,0.08333333333333333
204311,2017,0.0
204311,2018,0.4166666666666667
204343,2017,1.1666666666666667
204343,2018,2.0
204375,2017,0.5
204375,2018,0.9166666666666666
204424,2017,1.1666666666666667
204424,2018,1.5
204484,2017,1.75
204484,2018,1.6666666666666667
204507,2017,0.0
204507,2018,0.0
204535,2017,0.0
204535,2018,0.0
204686,2017,1.1666666666666667
204686,2018,1.5
204693,2017,1.5833333333333333
204693,2018,0.8333333333333334
204763,2017,1.0833333333333333
204763,2018,1.75
204840,2017,0.0
204840,2018,0.0
204848,2017,0.0
204848,2018,0.0
204926,2017,0.5833333333333334
204926,2018,0.0
204935,2017,1.8333333333333333
204935,2018,1.6666666666666667
204994,2017,1.4166666666666667
204994,2018,2.5
205087,2017,2.0
205087,2018,0.75
205111,2017,1.0
205111,2018,1.5
205156,2017,0.9166666666666666
205156,2018,3.0
205170,2017,1.1666666666666667
205170,2018,1.75
205195,2017,0.0
205195,2018,0.0
205197,2017,2.0833333333333335
205197,2018,1.1666666666666667
205256,2017,1.8333333333333333
205256,2018,1.25
205367,2017,0.4166666666666667
205367,2018,1.9166666666666667
205371,2017,1.5
205371,2018,1.75
205413,2018,4.090909090909091
205430,2017,1.6666666666666667
205430,2018,1.6666666666666667
205445,2017,1.75
205445,2018,1.3333333333333333
205465,2017,0.0
205465,2018,1.0833333333333333
205505,2017,2.1666666666666665
205505,2018,1.5
205658,2017,1.5
205658,2018,1.1666666666666667
205671,2017,1.6666666666666667
205671,2018,2.1666666666666665
205697,2017,0.8333333333333334
205697,2018,2.1666666666666665
205698,2017,2.0833333333333335
205698,2018,1.4166666666666667
205785,2017,2.25
205785,2018,0.6666666666666666
205826,2017,0.0
205826,2018,0.4166666666666667
206050,2017,0.9333333333333333
206050,2018,0.0
206108,2017,1.5833333333333333
206108,2018,1.6666666666666667
206119,2017,1.5833333333333333
206119,2018,1.0
206207,2017,1.25
206207,2018,2.6666666666666665
206284,2018,6.545454545454546
206328,2017,1.5
206328,2018,1.1666666666666667
206332,2017,0.0
206332,2018,0.0
206366,2017,1.6666666666666667
206366,2018,2.4166666666666665
206466,2018,2.0
206576,2017,0.0
206576,2018,0.0
206591,2017,1.8333333333333333
206591,2018,2.3333333333333335
206680,2017,1.1666666666666667
206680,2018,2.0
206772,2017,1.0833333333333333
206772,2018,1.8333333333333333
206773,2017,1.9166666666666667
206773,2018,1.8333333333333333
206871,2017,2.5833333333333335
206871,2018,2.0833333333333335
206890,2017,1.9166666666666667
206890,2018,1.0833333333333333
206914,2017,2.0
206914,2018,1.6666666666666667
206925,2017,1.25
206925,2018,2.25
206947,2017,1.3333333333333333
206947,2018,0.75
206992,2017,1.3333333333333333
206992,2018,1.9166666666666667
207001,2017,2.8333333333333335
207001,2018,1.25
207047,2017,0.0
207047,2018,0.5833333333333334
207110,2017,0.8333333333333334
207110,2018,1.6666666666666667
207195,2017,1.1666666666666667
207195,2018,1.3333333333333333
207220,2017,1.75
207220,2018,1.75
207372,2017,0.0
207372,2018,2.25
207453,2017,1.6666666666666667
207453,2018,1.6666666666666667
207484,2017,0.0
207484,2018,0.0
207492,2017,1.5833333333333333
207492,2018,1.9166666666666667
207500,2017,2.0833333333333335
207500,2018,2.1666666666666665
207543,2017,0.6666666666666666
207543,2018,2.25
207576,2017,1.9166666666666667
207576,2018,1.75
207821,2017,1.0
207821,2018,0.75
207860,2017,0.4166666666666667
207860,2018,1.0833333333333333
207865,2017,1.5
207865,2018,1.4166666666666667
208234,2017,1.9166666666666667
208234,2018,1.5833333333333333
208241,2017,0.0
208241,2018,0.7857142857142857
208256,2017,1.4166666666666667
208256,2018,1.6666666666666667
208323,2017,1.25
208323,2018,1.0
208329,2017,2.1666666666666665
208329,2018,1.9166666666666667
208368,2018,2.4545454545454546
208375,2017,0.0
208375,2018,1.1666666666666667
208485,2017,2.2916666666666665
208485,2018,0.7894736842105263
208517,2018,3.0
208553,2017,1.5833333333333333
208553,2018,1.5833333333333333
208584,2017,0.6666666666666666
208584,2018,1.8333333333333333
208585,2017,0.0
208585,2018,0.0
208586,2017,0.0
208586,2018,1.75
208630,2017,0.0
208630,2018,0.0
208634,2017,1.1666666666666667
208634,2018,2.0833333333333335
208649,2017,1.4166666666666667
208649,2018,1.25
208668,2017,0.0
208668,2018,0.08333333333333333
208787,2017,1.75
208787,2018,1.8333333333333333
208940,2017,1.9166666666666667
208940,2018,1.75
208961,2018,7.909090909090909
208967,2017,2.25
208967,2018,2.1666666666666665
209021,2017,0.9166666666666666
209021,2018,1.75
209022,2017,1.5
209022,2018,1.25
209058,2017,0.75
209058,2018,1.1666666666666667
209102,2017,1.1666666666666667
209102,2018,2.0
209107,2018,0.0
209134,2017,0.0
209134,2018,1.25
209172,2017,1.5833333333333333
209172,2018,1.3333333333333333
209249,2017,0.75
209249,2018,1.6666666666666667
209357,2017,1.6666666666666667
209357,2018,2.1666666666666665
209405,2017,1.75
209405,2018,1.0833333333333333
209675,2017,1.9166666666666667
209675,2018,0.4166666666666667
209729,2017,2.1666666666666665
209729,2018,1.5833333333333333
209787,2017,1.5
209787,2018,1.5
209831,2017,1.8333333333333333
209831,2018,0.4166666666666667
209846,2017,0.0
209846,2018,0.0
209850,2017,0.0
209850,2018,0.8333333333333334
209886,2017,2.3333333333333335
209886,2018,2.1666666666666665
209994,2017,1.5
209994,2018,2.0
210100,2017,0.0
210100,2018,0.4166666666666667
210148,2017,0.4166666666666667
210148,2018,0.0
210205,2017,0.5
210205,2018,2.25
210226,2017,1.0833333333333333
210226,2018,1.9166666666666667
210236,2017,1.75
210236,2018,0.8333333333333334
210247,2017,0.3333333333333333
210247,2018,0.75
210291,2017,0.25
210291,2018,2.3333333333333335
210298,2017,2.0
210298,2018,1.75
210339,2017,1.8333333333333333
210339,2018,1.1666666666666667
210385,2018,2.6363636363636362
210416,2017,1.5833333333333333
210416,2018,2.3333333333333335
210442,2018,2.3636363636363638
210485,2017,0.0
210485,2018,0.0
210498,2017,1.6666666666666667
210498,2018,1.8333333333333333
210630,2017,1.8333333333333333
210630,2018,2.0
210647,2017,2.0833333333333335
210647,2018,1.5
210725,2017,1.4166666666666667
210725,2018,1.75
210734,2017,1.5833333333333333
210734,2018,1.6666666666666667
210746,2017,0.0
210746,2018,0.0
210752,2017,1.75
210752,2018,0.6666666666666666
210755,2017,1.8333333333333333
210755,2018,2.25
210761,2017,0.0
210761,2018,1.3333333333333333
210770,2017,1.0833333333333333
210770,2018,1.5833333333333333
210815,2017,0.16666666666666666
210815,2018,1.6666666666666667
210835,2017,1.9166666666666667
210835,2018,1.6666666666666667
210870,2017,0.0
210870,2018,1.75
210910,2017,1.5833333333333333
210910,2018,1.75
211030,2017,0.25
211030,2018,1.75
211043,2017,1.75
211043,2018,2.4166666666666665
211058,2017,1.75
211058,2018,2.0
211083,2017,1.25
211083,2018,2.0833333333333335
211217,2017,1.0833333333333333
211217,2018,1.4166666666666667
211475,2017,0.08333333333333333
211475,2018,1.25
211524,2017,0.0
211524,2018,2.4166666666666665
211549,2017,2.4166666666666665
211549,2018,1.4166666666666667
211575,2017,0.4166666666666667
211575,2018,1.8333333333333333
211589,2017,1.0
211589,2018,2.1666666666666665
211625,2017,1.5833333333333333
211625,2018,2.25
211714,2017,2.25
211714,2018,1.8333333333333333
211715,2017,0.25
211715,2018,0.0
211755,2017,1.25
211755,2018,1.5
211802,2017,0.0
211802,2018,2.75
211842,2017,1.8333333333333333
211842,2018,1.4166666666666667
211891,2017,1.3333333333333333
211891,2018,2.0833333333333335
211966,2017,0.8333333333333334
211966,2018,1.8333333333333333
211984,2017,0.3333333333333333
211984,2018,1.25
212128,2018,4.0
212130,2017,2.5833333333333335
212130,2018,1.5
212189,2017,1.5
212189,2018,1.8333333333333333
212209,2017,1.6666666666666667
212209,2018,1.3333333333333333
212230,2017,2.5
212230,2018,1.6666666666666667
212301,2017,1.5
212301,2018,0.0
212304,2017,0.6666666666666666
212304,2018,1.5833333333333333
212350,2017,1.5833333333333333
212350,2018,1.6666666666666667
212477,2017,0.3333333333333333
212477,2018,1.5
212484,2017,0.0
212484,2018,1.5833333333333333
212493,2017,0.0
212493,2018,0.0
212544,2017,0.5
212544,2018,1.5833333333333333
212553,2017,0.0
212553,2018,0.25
212579,2017,0.0
212579,2018,0.25
212602,2018,3.8181818181818183
212604,2017,1.6666666666666667
212604,2018,1.5833333333333333
212695,2017,0.0
212695,2018,0.08333333333333333
212707,2017,1.3333333333333333
212707,2018,2.0
212735,2017,1.6666666666666667
212735,2018,1.3333333333333333
212762,2017,1.0
212762,2018,1.25
212848,2017,0.0
212848,2018,0.6666666666666666
212849,2017,1.4166666666666667
212849,2018,1.1666666666666667
212862,2017,1.25
212862,2018,1.3333333333333333
212977,2017,0.0
212977,2018,0.4166666666666667
213013,2017,0.9166666666666666
213013,2018,2.6666666666666665
213086,2017,0.75
213086,2018,0.9166666666666666
213112,2017,0.16666666666666666
213112,2018,2.25
213113,2017,2.25
213113,2018,0.6666666666666666
213177,2017,3.0
213177,2018,1.25
213246,2017,0.4166666666666667
213246,2018,1.5833333333333333
213297,2017,1.75
213297,2018,1.25
213303,2017,2.0
213303,2018,1.6666666666666667
213432,2017,1.5
213432,2018,1.0
213480,2017,0.0
213480,2018,2.0833333333333335
213545,2017,0.0
213545,2018,0.9166666666666666
213723,2017,1.75
213723,2018,1.4166666666666667
213813,2017,1.8333333333333333
213813,2018,1.4166666666666667
213841,2017,1.3333333333333333
213841,2018,1.1666666666666667
213934,2017,1.4166666666666667
213934,2018,1.5833333333333333
213979,2017,1.0833333333333333
213979,2018,2.0833333333333335
214020,2017,1.5
214020,2018,1.6666666666666667
214030,2017,1.6666666666666667
214030,2018,2.0833333333333335
214095,2018,5.363636363636363
214123,2017,0.25
214123,2018,0.0
214322,2017,0.25
214322,2018,1.5833333333333333
214354,2017,1.5833333333333333
214354,2018,1.6666666666666667
214504,2017,1.8333333333333333
214504,2018,1.3333333333333333
214605,2017,1.3333333333333333
214605,2018,1.6666666666666667
214639,2017,1.25
214639,2018,2.5833333333333335
214661,2017,1.1666666666666667
214661,2018,1.25
214878,2017,1.0833333333333333
214878,2018,0.6666666666666666
214995,2017,1.0833333333333333
214995,2018,1.8333333333333333
215051,2017,0.25
215051,2018,2.0
215089,2017,1.8333333333333333
215089,2018,1.75
215257,2017,1.5833333333333333
215257,2018,1.5
215260,2017,0.0
215260,2018,2.25
215294,2017,0.0
215294,2018,0.0
215314,2017,0.0
215314,2018,0.0
215508,2017,1.894736842105263
215508,2018,2.0
215567,2017,1.6666666666666667
215567,2018,1.1666666666666667
215626,2017,1.6666666666666667
215626,2018,1.6666666666666667
215639,2017,0.0
215639,2018,0.75
215651,2017,0.8333333333333334
215651,2018,2.4166666666666665
215719,2017,0.0
215719,2018,0.6666666666666666
215751,2017,0.0
215751,2018,0.0
215840,2017,1.4166666666666667
215840,2018,1.1666666666666667
215869,2017,1.4166666666666667
215869,2018,1.1666666666666667
215952,2017,1.0833333333333333
215952,2018,1.1666666666666667
215955,2017,0.3333333333333333
215955,2018,1.5833333333333333
216040,2017,1.8333333333333333
216040,2018,1.5
216072,2017,0.0
216072,2018,0.75
216095,2018,1.2727272727272727
216109,2017,1.75
216109,2018,1.25
216139,2017,1.9166666666666667
216139,2018,2.0
216269,2017,2.3333333333333335
216269,2018,1.6666666666666667
216359,2017,0.0
216359,2018,0.25
216445,2017,0.0
216445,2018,0.0
216467,2017,1.1666666666666667
216467,2018,1.5
216487,2017,1.3333333333333333
216487,2018,2.4166666666666665
216500,2017,0.0
216500,2018,0.0
216517,2017,2.0
216517,2018,1.6666666666666667
216573,2017,1.5
216573,2018,1.8333333333333333
216596,2018,4.181818181818182
216652,2018,4.636363636363637
216658,2017,2.1666666666666665
216658,2018,1.9166666666666667
216661,2018,3.8181818181818183
216666,2017,0.0
216666,2018,0.0
216683,2017,1.9166666666666667
216683,2018,2.0
216719,2017,0.9166666666666666
216719,2018,2.1666666666666665
216725,2017,1.8333333333333333
216725,2018,1.3333333333333333
216762,2017,1.4166666666666667
216762,2018,1.25
216937,2017,0.0
216937,2018,0.0
216946,2017,1.3333333333333333
216946,2018,2.25
217051,2017,1.5
217051,2018,1.25
217054,2017,1.9166666666666667
217054,2018,1.25
217124,2017,0.8333333333333334
217124,2018,1.5833333333333333
217204,2017,1.5
217204,2018,1.5
217235,2017,0.0
217235,2018,0.0
217284,2017,0.0
217284,2018,0.0
217364,2018,5.7272727272727275
217401,2017,0.6666666666666666
217401,2018,0.08333333333333333
217497,2017,0.0
217497,2018,0.0
217616,2017,0.0
217616,2018,0.6666666666666666
217695,2017,2.0
217695,2018,1.4166666666666667
217754,2017,1.6666666666666667
217754,2018,1.0
217761,2017,1.75
217761,2018,0.0
217772,2017,0.25
217772,2018,1.0833333333333333
217792,2017,1.3333333333333333
217792,2018,1.75
217802,2017,0.16666666666666666
217802,2018,1.4166666666666667
217862,2017,2.3333333333333335
217862,2018,1.3333333333333333
217967,2017,1.0
217967,2018,0.0
218122,2017,2.3333333333333335
218122,2018,1.4166666666666667
218127,2017,0.75
218127,2018,0.3333333333333333
218241,2017,1.8333333333333333
218241,2018,2.25
218277,2017,2.25
218277,2018,2.8333333333333335
218278,2018,7.0
218311,2017,1.0833333333333333
218311,2018,2.25
218362,2017,1.1666666666666667
218362,2018,1.0
218373,2017,0.0
218373,2018,0.0
218383,2017,2.0833333333333335
218383,2018,0.6666666666666666
218425,2017,2.0
218425,2018,2.0
218529,2017,0.25
218529,2018,1.75
218538,2017,0.9166666666666666
218538,2018,0.8333333333333334
218545,2017,1.1666666666666667
218545,2018,1.9166666666666667
218601,2017,1.4166666666666667
218601,2018,1.5833333333333333
218757,2017,0.0
218757,2018,1.4166666666666667
218917,2017,1.4166666666666667
218917,2018,1.0833333333333333
219043,2017,1.1666666666666667
219043,2018,0.75
219139,2017,0.9166666666666666
219139,2018,1.1666666666666667
219160,2017,0.0
219160,2018,0.0
219270,2017,0.3333333333333333
219270,2018,0.6666666666666666
219276,2017,1.9166666666666667
219276,2018,1.5833333333333333
219413,2017,2.25
219413,2018,1.1666666666666667
219431,2018,5.0
219555,2017,1.1666666666666667
219555,2018,1.0
219646,2017,0.0
219646,2018,0.0
219714,2017,1.6666666666666667
219714,2018,1.8333333333333333
219747,2017,1.4166666666666667
219747,2018,1.4166666666666667
219779,2017,0.75
219779,2018,1.8333333333333333
219806,2017,0.0
219806,2018,0.0
219984,2018,2.1818181818181817
220131,2018,7.2727272727272725
220139,2017,0.0
220139,2018,0.0
220244,2017,1.5
220244,2018,1.6666666666666667
220315,2017,0.0
220315,2018,1.4166666666666667
220358,2017,1.0
220358,2018,1.4166666666666667
220538,2017,0.0
220538,2018,1.4166666666666667
220564,2017,1.3333333333333333
220564,2018,2.0
220601,2017,0.0
220601,2018,0.0
220616,2017,2.9166666666666665
220616,2018,1.9166666666666667
220794,2017,1.75
220794,2018,1.5
220802,2017,1.1666666666666667
220802,2018,0.9166666666666666
220806,2017,2.0833333333333335
220806,2018,1.3333333333333333
220808,2018,6.2727272727272725
220822,2017,2.1666666666666665
220822,2018,1.9166666666666667
220892,2017,1.75
220892,2018,0.9166666666666666
221014,2017,0.0
221014,2018,0.25
221075,2017,0.8333333333333334
221075,2018,1.5
221204,2017,1.9166666666666667
221204,2018,1.3333333333333333
221205,2017,1.8333333333333333
221205,2018,1.8333333333333333
221254,2017,2.3333333333333335
221254,2018,0.4166666666666667
221287,2017,1.1666666666666667
221287,2018,1.25
221328,2017,1.4166666666666667
221328,2018,1.25
221345,2017,1.5
221345,2018,1.1666666666666667
221361,2017,0.0
221361,2018,0.0
221388,2017,1.25
221388,2018,1.75
221446,2017,1.3333333333333333
221446,2018,1.75
221469,2017,2.0833333333333335
221469,2018,1.4166666666666667
221595,2017,0.0
221595,2018,0.25
221627,2017,0.0
221627,2018,0.0
221643,2017,2.3333333333333335
221643,2018,1.0833333333333333
221709,2018,0.0
221721,2017,1.25
221721,2018,1.3333333333333333
221775,2017,2.6666666666666665
221775,2018,0.5833333333333334
221813,2018,3.5454545454545454
221862,2017,2.5833333333333335
221862,2018,1.75
221993,2017,0.25
221993,2018,1.5833333333333333
222050,2018,5.090909090909091
222065,2017,1.4166666666666667
222065,2018,2.3333333333333335
222102,2017,2.75
222102,2018,2.1666666666666665
222278,2017,0.4166666666666667
222278,2018,1.4166666666666667
222280,2018,3.3636363636363638
222425,2017,0.0
222425,2018,0.0
222453,2017,1.75
222453,2018,1.6666666666666667
222490,2017,1.1666666666666667
222490,2018,1.25
222644,2018,0.0
222702,2017,0.75
222702,2018,0.0
222743,2017,1.5833333333333333
222743,2018,1.0833333333333333
222748,2017,2.5
222748,2018,1.3333333333333333
222874,2017,1.75
222874,2018,0.9166666666666666
222929,2017,1.3333333333333333
222929,2018,1.8333333333333333
222960,2017,1.5
222960,2018,1.5833333333333333
223018,2017,0.0
223018,2018,0.25
223081,2017,0.0
223081,2018,0.0
223238,2017,0.0
223238,2018,0.0
223313,2017,0.0
223313,2018,1.5
223354,2017,1.3333333333333333
223354,2018,1.8333333333333333
223380,2017,0.0
223380,2018,0.16666666666666666
223534,2017,2.5
223534,2018,1.75
223587,2017,0.8333333333333334
223587,2018,1.5
223632,2017,1.9166666666666667
223632,2018,1.9166666666666667
223638,2017,0.0
223638,2018,0.0
223643,2017,0.0
223643,2018,0.8333333333333334
223684,2017,0.0
223684,2018,0.16666666666666666
223946,2017,1.6666666666666667
223946,2018,1.9166666666666667
223958,2017,1.0833333333333333
223958,2018,1.5
224000,2017,1.9166666666666667
224000,2018,1.1666666666666667
224130,2017,1.75
224130,2018,2.5
224132,2017,0.0
224132,2018,0.0
224178,2017,0.0
224178,2018,0.0
224298,2017,1.3333333333333333
224298,2018,0.8333333333333334
224384,2017,2.0833333333333335
224384,2018,1.5
224402,2017,1.3333333333333333
224402,2018,1.4166666666666667
224530,2017,0.0
224530,2018,0.0
224607,2017,0.0
224607,2018,0.25
224661,2017,2.75
224661,2018,3.0833333333333335
224664,2017,1.9166666666666667
224664,2018,2.0833333333333335
224666,2017,0.25
224666,2018,1.1666666666666667
224676,2017,0.0
224676,2018,0.0
224691,2017,0.8333333333333334
224691,2018,1.6666666666666667
224740,2017,2.8333333333333335
224740,2018,2.3333333333333335
224842,2017,0.0
224842,2018,1.0833333333333333
224854,2017,0.6666666666666666
224854,2018,2.0
224924,2017,2.0
224924,2018,1.1666666666666667
224952,2017,1.8333333333333333
224952,2018,2.1666666666666665
225067,2017,1.1666666666666667
225067,2018,1.5
225077,2017,1.6666666666666667
225077,2018,1.25
225087,2017,1.5833333333333333
225087,2018,2.8333333333333335
225088,2017,1.3333333333333333
225088,2018,1.3333333333333333
225205,2017,0.0
225205,2018,0.8333333333333334
225262,2017,2.0
225262,2018,2.4166666666666665
225279,2018,6.363636363636363
225318,2017,2.3333333333333335
225318,2018,1.0
225327,2017,1.5
225327,2018,1.1666666666666667
225363,2017,1.3333333333333333
225363,2018,1.75
225482,2017,1.5
225482,2018,1.0833333333333333
225486,2017,2.0833333333333335
225486,2018,1.5833333333333333
225529,2017,0.0
225529,2018,0.0
225576,2018,2.727272727272727
225656,2017,0.0
225656,2018,0.25
225743,2017,0.0
225743,2018,0.0
225746,2017,2.3333333333333335
225746,2018,1.4166666666666667
225748,2017,0.0
225748,2018,0.0
225891,2017,2.4166666666666665
225891,2018,1.0
225920,2017,1.5833333333333333
225920,2018,0.75
225930,2018,2.5454545454545454
225972,2017,0.5833333333333334
225972,2018,0.75
226176,2017,0.0
226176,2018,0.0
226191,2017,1.8333333333333333
226191,2018,1.75
226194,2017,1.0833333333333333
226194,2018,2.1666666666666665
226360,2017,1.8333333333333333
226360,2018,1.5833333333333333
226387,2017,0.5833333333333334
226387,2018,0.5833333333333334
226422,2017,2.3333333333333335
226422,2018,2.1666666666666665
226511,2017,1.0833333333333333
226511,2018,1.25
226643,2017,1.0
226643,2018,0.75
226710,2017,1.1666666666666667
226710,2018,1.5833333333333333
226804,2017,0.0
226804,2018,0.08333333333333333
226842,2017,2.75
226842,2018,1.4166666666666667
226847,2017,0.0
226847,2018,0.0
226866,2017,0.5
226866,2018,1.4166666666666667
226924,2018,4.2727272727272725
227008,2017,1.3333333333333333
227008,2018,1.8333333333333333
227015,2017,1.4166666666666667
227015,2018,1.25
227234,2017,0.5
227234,2018,1.0833333333333333
227239,2017,1.6666666666666667
227239,2018,1.0833333333333333
227274,2017,0.0
227274,2018,0.5
227293,2017,1.8333333333333333
227293,2018,1.3333333333333333
227303,2017,0.0
227303,2018,0.9166666666666666
227398,2017,0.0
227398,2018,0.5833333333333334
227429,2017,2.4166666666666665
227429,2018,2.6666666666666665
227433,2017,0.0
227433,2018,0.0
227547,2017,2.1666666666666665
227547,2018,1.9166666666666667
227796,2017,1.6666666666666667
227796,2018,1.9166666666666667
227804,2017,0.5833333333333334
227804,2018,1.3333333333333333
227808,2018,5.363636363636363
227906,2017,0.4166666666666667
227906,2018,1.9166666666666667
228030,2017,0.0
228030,2018,1.0
228151,2017,1.0833333333333333
228151,2018,1.4166666666666667
228273,2017,2.0
228273,2018,2.1666666666666665
228469,2017,0.0
228469,2018,0.0
228557,2017,0.0
228557,2018,1.1666666666666667
228580,2017,1.25
228580,2018,1.5833333333333333
228673,2017,1.4166666666666667
228673,2018,2.0833333333333335
228748,2017,2.0833333333333335
228748,2018,2.0
228772,2017,0.5833333333333334
228772,2018,0.0
228820,2017,0.16666666666666666
228820,2018,1.3333333333333333
228896,2017,1.25
228896,2018,0.75
228984,2017,1.25
228984,2018,1.3333333333333333
228995,2017,1.8333333333333333
228995,2018,1.4166666666666667
229075,2017,0.0
229075,2018,0.0
229094,2017,1.1666666666666667
229094,2018,1.25
229166,2017,1.9166666666666667
229166,2018,2.5833333333333335
229204,2017,0.0
229204,2018,0.6666666666666666
229210,2017,1.5833333333333333
229210,2018,1.5
229265,2017,1.6666666666666667
229265,2018,0.75
229308,2017,0.0
229308,2018,0.0
229391,2017,0.0
229391,2018,0.3333333333333333
229436,2017,1.0833333333333333
229436,2018,1.3333333333333333
229530,2017,1.8333333333333333
229530,2018,2.3333333333333335
229612,2017,1.75
229612,2018,1.5
229621,2017,1.3333333333333333
229621,2018,1.9166666666666667
229636,2017,0.0
229636,2018,0.0
229677,2017,1.6666666666666667
229677,2018,1.9166666666666667
229692,2017,0.0
229692,2018,1.9166666666666667
229842,2017,2.4166666666666665
229842,2018,2.4166666666666665
229861,2017,0.0
229861,2018,0.0
230027,2017,1.8333333333333333
230027,2018,1.9166666666666667
230070,2017,0.16666666666666666
230070,2018,0.25
230101,2017,1.5833333333333333
230101,2018,1.4166666666666667
230124,2017,0.0
230124,2018,0.25
230240,2017,1.6666666666666667
230240,2018,2.3333333333333335
230311,2017,1.75
230311,2018,1.4166666666666667
230337,2017,0.0
230337,2018,1.5833333333333333
230429,2017,1.9166666666666667
230429,2018,2.25
230560,2018,2.1818181818181817
230687,2017,0.4166666666666667
230687,2018,0.6666666666666666
230693,2017,1.3333333333333333
230693,2018,1.75
230763,2017,2.4166666666666665
230763,2018,1.9166666666666667
230840,2017,0.9166666666666666
230840,2018,1.3333333333333333
230908,2017,2.4166666666666665
230908,2018,1.6666666666666667
230942,2017,1.6666666666666667
230942,2018,1.9166666666666667
231013,2017,1.25
231013,2018,2.25
231047,2017,0.4166666666666667
231047,2018,1.5
231080,2017,0.5
231080,2018,0.0
231084,2017,2.0833333333333335
231084,2018,1.1666666666666667
231090,2017,1.5833333333333333
231090,2018,1.4166666666666667
231273,2017,2.0
231273,2018,1.3333333333333333
231319,2017,0.0
231319,2018,0.0
231462,2017,1.0833333333333333
231462,2018,1.5
231508,2017,0.9166666666666666
231508,2018,2.5
231530,2017,1.1666666666666667
231530,2018,1.1666666666666667
231592,2017,1.5833333333333333
231592,2018,1.0833333333333333
231614,2017,1.9166666666666667
231614,2018,1.5
231641,2017,1.3333333333333333
231641,2018,2.5
231755,2017,1.5
231755,2018,1.9166666666666667
231843,2017,1.3333333333333333
231843,2018,1.9166666666666667
231992,2018,4.0
232022,2017,1.1666666666666667
232022,2018,1.3333333333333333
232137,2017,1.3333333333333333
232137,2018,1.8333333333333333
232203,2017,0.5
232203,2018,0.6666666666666666
232290,2017,1.5833333333333333
232290,2018,1.0833333333333333
232317,2017,0.0
232317,2018,0.0
232395,2017,2.6666666666666665
232395,2018,2.0833333333333335
232426,2017,0.0
232426,2018,0.0
232450,2017,1.75
232450,2018,0.6666666666666666
232533,2017,0.0
232533,2018,0.5833333333333334
232555,2017,1.9166666666666667
232555,2018,1.3333333333333333
232579,2017,0.0
232579,2018,1.0833333333333333
232609,2017,1.6666666666666667
232609,2018,0.8333333333333334
232685,2017,1.25
232685,2018,2.0
232703,2017,2.1666666666666665
232703,2018,2.1666666666666665
232755,2018,3.4545454545454546
232871,2017,2.0
232871,2018,2.4166666666666665
232884,2017,0.0
232884,2018,0.4166666666666667
232907,2017,0.4166666666666667
232907,2018,0.0
232924,2017,1.5833333333333333
232924,2018,1.0
233017,2017,0.5833333333333334
233017,2018,1.5
233051,2017,0.0
233051,2018,0.0
233084,2017,2.1666666666666665
233084,2018,2.5833333333333335
233437,2017,0.8333333333333334
233437,2018,0.75
233646,2017,0.8333333333333334
233646,2018,1.3333333333333333
233738,2017,1.5
233738,2018,1.75
233768,2017,1.0
233768,2018,2.0833333333333335
233774,2017,0.0
233774,2018,1.1666666666666667
233819,2017,1.3333333333333333
233819,2018,1.0833333333333333
233831,2017,0.0
233831,2018,0.0
233877,2017,0.0
233877,2018,0.0
233958,2017,1.8333333333333333
233958,2018,1.75
233969,2017,1.8333333333333333
233969,2018,0.5
233991,2017,1.4166666666666667
233991,2018,0.4166666666666667
234047,2017,1.8333333333333333
234047,2018,1.4166666666666667
234256,2017,2.4166666666666665
234256,2018,1.9166666666666667
234435,2017,1.5
234435,2018,1.25
234454,2017,0.0
234454,2018,0.5833333333333334
234515,2017,1.6666666666666667
234515,2018,2.1666666666666665
234562,2017,1.3333333333333333
234562,2018,1.8333333333333333
234588,2017,2.1666666666666665
234588,2018,2.5
234630,2017,2.5
234630,2018,1.4166666666666667
234807,2017,1.3333333333333333
234807,2018,1.4166666666666667
234836,2017,1.1666666666666667
234836,2018,0.0
234866,2017,1.0833333333333333
234866,2018,1.4166666666666667
234878,2017,2.3333333333333335
234878,2018,1.8333333333333333
234895,2017,0.5
234895,2018,1.3333333333333333
234922,2017,0.5
234922,2018,1.4166666666666667
234973,2017,1.6666666666666667
234973,2018,1.75
235030,2017,0.0
235030,2018,0.0
235063,2017,1.25
235063,2018,1.1666666666666667
235092,2017,1.4166666666666667
235092,2018,2.25
235102,2017,1.5833333333333333
235102,2018,2.3333333333333335
235220,2017,0.0
235220,2018,0.0
235229,2018,7.090909090909091
235391,2017,1.5833333333333333
235391,2018,1.5
235398,2017,2.1666666666666665
235398,2018,1.8333333333333333
235428,2017,2.3333333333333335
235428,2018,1.25
235454,2017,1.25
235454,2018,0.08333333333333333
235459,2017,1.0
235459,2018,2.0
235506,2017,0.25
235506,2018,1.5
235585,2017,0.0
235585,2018,0.6666666666666666
235629,2017,0.0
235629,2018,1.1666666666666667
235683,2017,0.3333333333333333
235683,2018,1.6666666666666667
235709,2017,1.0833333333333333
235709,2018,1.3333333333333333
235716,2017,1.0
235716,2018,1.25
235857,2017,1.5833333333333333
235857,2018,0.75
235872,2017,2.1666666666666665
235872,2018,1.5
235882,2017,1.0833333333333333
235882,2018,0.9166666666666666
235885,2017,1.5
235885,2018,1.1666666666666667
235930,2017,1.9166666666666667
235930,2018,1.5
236001,2017,1.25
236001,2018,2.25
236003,2017,1.75
236003,2018,1.5
236026,2017,2.6666666666666665
236026,2018,1.3333333333333333
236037,2017,0.0
236037,2018,0.0
236093,2017,0.6666666666666666
236093,2018,2.5
236129,2017,1.3333333333333333
236129,2018,0.5833333333333334
236165,2017,0.9166666666666666
236165,2018,1.3333333333333333
236300,2017,0.0
236300,2018,0.0
236395,2017,2.75
236395,2018,1.0833333333333333
236593,2017,1.9166666666666667
236593,2018,1.4166666666666667
236701,2018,1.0909090909090908
236710,2017,2.5
236710,2018,1.0
236767,2017,1.25
236767,2018,1.4166666666666667
236794,2017,0.0
236794,2018,0.0
236874,2017,2.0
236874,2018,1.1666666666666667
237018,2017,1.5833333333333333
237018,2018,1.8333333333333333
237094,2017,1.9523809523809523
237094,2018,2.0
237105,2017,0.08333333333333333
237105,2018,2.25
237106,2017,1.3333333333333333
237106,2018,0.3333333333333333
237107,2017,0.0
237107,2018,0.0
237274,2017,1.4166666666666667
237274,2018,1.5
237293,2017,2.0833333333333335
237293,2018,1.25
237303,2017,1.0833333333333333
237303,2018,1.9166666666666667
237312,2018,3.272727272727273
237319,2017,0.0
237319,2018,0.6666666666666666
237402,2017,2.0833333333333335
237402,2018,1.8333333333333333
237434,2017,1.5
237434,2018,1.4166666666666667
237492,2017,0.9166666666666666
237492,2018,1.5833333333333333
237586,2017,2.0
237586,2018,0.0
237651,2017,2.0833333333333335
237651,2018,1.1666666666666667
237729,2017,1.75
237729,2018,1.5833333333333333
237751,2017,0.0
237751,2018,0.4166666666666667
237770,2017,2.1666666666666665
237770,2018,1.9166666666666667
237858,2018,4.363636363636363
237888,2017,0.9166666666666666
237888,2018,1.75
237984,2017,1.5833333333333333
237984,2018,2.0
238063,2017,0.0
238063,2018,0.0
238070,2017,0.0
238070,2018,0.0
238119,2017,2.0833333333333335
238119,2018,2.0833333333333335
238156,2017,1.5
238156,2018,2.0833333333333335
238193,2017,2.0
238193,2018,0.5833333333333334
238233,2017,1.1666666666666667
238233,2018,0.8333333333333334
238342,2018,3.090909090909091
238367,2017,0.08333333333333333
238367,2018,1.25
238434,2017,1.5833333333333333
238434,2018,1.5
238442,2017,1.75
238442,2018,1.5833333333333333
238556,2017,1.5833333333333333
238556,2018,2.1666666666666665
238607,2017,1.9166666666666667
238607,2018,1.1666666666666667
238640,2017,0.5
238640,2018,1.0833333333333333
238647,2017,1.5833333333333333
238647,2018,1.5
238649,2017,1.5
238649,2018,1.25
238752,2017,1.8333333333333333
238752,2018,1.5
238753,2017,2.0
238753,2018,1.75
238796,2017,0.6666666666666666
238796,2018,1.4166666666666667
238814,2017,1.4166666666666667
238814,2018,1.8333333333333333
238939,2017,0.8333333333333334
238939,2018,0.0
239027,2017,1.5
239027,2018,2.0833333333333335
239182,2017,1.0
239182,2018,1.6666666666666667
239184,2017,2.75
239184,2018,2.9166666666666665
239221,2017,0.0
239221,2018,0.0
239276,2017,0.9166666666666666
239276,2018,1.5833333333333333
239457,2018,4.818181818181818
239476,2017,1.6666666666666667
239476,2018,1.4166666666666667
239490,2017,1.5833333333333333
239490,2018,1.3333333333333333
239525,2018,3.6363636363636362
239605,2017,1.5
239605,2018,1.8333333333333333
239606,2017,1.4166666666666667
239606,2018,1.25
239749,2018,4.818181818181818
239892,2017,2.1666666666666665
239892,2018,2.5
239955,2018,7.545454545454546
239956,2017,1.8333333333333333
239956,2018,1.8333333333333333
239970,2017,1.9166666666666667
239970,2018,1.5
240044,2017,2.0833333333333335
240044,2018,2.3333333333333335
240132,2017,2.0
240132,2018,1.1666666666666667
240135,2017,0.0
240135,2018,2.0
240141,2017,0.75
240141,2018,0.16666666666666666
240143,2017,0.0
240143,2018,1.0833333333333333
240209,2017,1.0833333333333333
240209,2018,1.75
240299,2017,0.0
240299,2018,0.0
240330,2017,1.3333333333333333
240330,2018,1.3333333333333333
240362,2017,1.0
240362,2018,1.1666666666666667
240365,2017,0.4166666666666667
240365,2018,0.0
240442,2017,1.0833333333333333
240442,2018,1.4166666666666667
240476,2017,2.5833333333333335
240476,2018,1.5
240500,2017,0.0
240500,2018,0.4166666666666667
240760,2017,2.3333333333333335
240760,2018,0.5833333333333334
240761,2017,1.0833333333333333
240761,2018,1.25
240774,2017,0.0
240774,2018,0.3333333333333333
240829,2017,1.75
240829,2018,1.5
240861,2017,0.0
240861,2018,0.0
240886,2017,1.0833333333333333
240886,2018,1.4166666666666667
240942,2017,1.8333333333333333
240942,2018,1.9166666666666667
240963,2018,3.909090909090909
241038,2017,1.5
241038,2018,2.5
241069,2017,0.0
241069,2018,0.0
241144,2017,2.1666666666666665
241144,2018,1.9166666666666667
241165,2017,0.0
241165,2018,0.0
241167,2017,1.3333333333333333
241167,2018,1.8333333333333333
241374,2017,2.4166666666666665
241374,2018,0.5833333333333334
241391,2017,1.4166666666666667
241391,2018,1.25
241421,2017,1.25
241421,2018,1.0833333333333333
241436,2017,1.25
241436,2018,1.5833333333333333
241455,2017,0.0
241455,2018,0.5833333333333334
241468,2017,0.0
241468,2018,1.0833333333333333
241495,2017,1.25
241495,2018,1.1666666666666667
241600,2017,1.75
241600,2018,2.1666666666666665
241641,2017,1.75
241641,2018,0.25
241675,2017,2.0833333333333335
241675,2018,2.25
241677,2017,1.5
241677,2018,1.8333333333333333
241714,2017,1.5
241714,2018,1.6666666666666667
241849,2017,1.3333333333333333
241849,2018,1.0
241854,2018,0.0
241967,2017,2.25
241967,2018,2.0
241990,2017,0.0
241990,2018,0.0
242028,2017,1.25
242028,2018,2.6666666666666665
242203,2017,0.0
242203,2018,0.0
242288,2017,1.3333333333333333
242288,2018,1.9166666666666667
242304,2017,2.0833333333333335
242304,2018,1.3333333333333333
242348,2017,1.75
242348,2018,0.9166666666666666
242377,2018,0.0
242387,2018,4.363636363636363
242637,2017,0.0
242637,2018,0.0
242719,2017,0.0
242719,2018,0.0
242779,2017,2.5
242779,2018,1.8333333333333333
242789,2017,1.75
242789,2018,2.0
242812,2017,2.5
242812,2018,1.0833333333333333
242839,2017,0.0
242839,2018,0.0
242917,2017,1.5833333333333333
242917,2018,1.75
242980,2017,0.0
242980,2018,0.0
243001,2017,0.0
243001,2018,0.0
243005,2017,2.0833333333333335
243005,2018,0.6666666666666666
243018,2017,2.0
243018,2018,0.9166666666666666
243061,2017,0.9166666666666666
243061,2018,1.5833333333333333
243153,2017,0.0
243153,2018,0.0
243191,2017,2.0833333333333335
243191,2018,0.9166666666666666
243272,2017,0.0
243272,2018,0.0
243273,2017,0.0
243273,2018,0.0
243294,2017,0.0
243294,2018,1.6666666666666667
243444,2017,2.1666666666666665
243444,2018,1.1666666666666667
243455,2017,1.1666666666666667
243455,2018,1.9166666666666667
243557,2017,1.5
243557,2018,1.1666666666666667
243642,2017,1.5
243642,2018,1.5833333333333333
243696,2017,2.5833333333333335
243696,2018,2.0
243713,2018,6.2727272727272725
243726,2017,0.0
243726,2018,0.0
243734,2017,0.3333333333333333
243734,2018,1.25
243741,2017,1.5263157894736843
243741,2018,2.0833333333333335
243751,2017,1.75
243751,2018,0.5833333333333334
243965,2017,0.0
243965,2018,0.75
244032,2017,1.75
244032,2018,1.25
244039,2017,2.0833333333333335
244039,2018,1.9166666666666667
244099,2018,7.2727272727272725
244132,2017,2.1666666666666665
244132,2018,1.4166666666666667
244245,2017,2.1666666666666665
244245,2018,1.4166666666666667
244271,2017,1.6666666666666667
244271,2018,1.5
244296,2017,2.1666666666666665
244296,2018,1.1666666666666667
244308,2017,2.0833333333333335
244308,2018,1.5
244367,2017,2.25
244367,2018,2.1666666666666665
244387,2017,2.5
244387,2018,1.4166666666666667
244398,2017,1.5
244398,2018,1.8333333333333333
244414,2017,1.5833333333333333
244414,2018,1.1666666666666667
244419,2018,6.7272727272727275
244475,2017,2.0833333333333335
244475,2018,1.9166666666666667
244527,2018,0.0
244538,2017,1.5833333333333333
244538,2018,2.0
244595,2017,0.0
244595,2018,0.25
244611,2017,1.4166666666666667
244611,2018,2.1666666666666665
244652,2017,1.5
244652,2018,1.1666666666666667
244676,2017,0.6666666666666666
244676,2018,1.75
244721,2017,0.0
244721,2018,0.8333333333333334
244734,2017,0.0
244734,2018,0.0
244762,2017,0.6666666666666666
244762,2018,1.1666666666666667
244844,2017,0.0
244844,2018,0.5833333333333334
244865,2017,0.4166666666666667
244865,2018,2.1666666666666665
244925,2017,0.4166666666666667
244925,2018,2.1666666666666665
245066,2018,4.909090909090909
245227,2017,0.0
245227,2018,1.3333333333333333
245289,2017,3.3333333333333335
245289,2018,1.3333333333333333
245307,2017,0.0
245307,2018,0.5833333333333334
245356,2017,1.3333333333333333
245356,2018,1.4166666666666667
245419,2017,2.0
245419,2018,2.25
245440,2017,0.25
245440,2018,0.0
245465,2017,1.75
245465,2018,2.0
245575,2017,0.5
245575,2018,0.75
245604,2017,1.75
245604,2018,2.0
245671,2017,0.0
245671,2018,0.0
245800,2017,2.1666666666666665
245800,2018,1.25
245929,2017,1.6666666666666667
245929,2018,0.8333333333333334
246059,2017,1.0
246059,2018,1.4166666666666667
246117,2017,0.0
246117,2018,0.75
246187,2017,1.1666666666666667
246187,2018,1.9166666666666667
246273,2017,1.1666666666666667
246273,2018,2.4166666666666665
246323,2017,1.1666666666666667
246323,2018,1.0
246399,2017,0.0
246399,2018,0.0
246405,2017,2.1666666666666665
246405,2018,1.5
246421,2018,7.909090909090909
246517,2017,0.5
246517,2018,1.5
246571,2017,1.8333333333333333
246571,2018,1.8333333333333333
246581,2017,0.0
246581,2018,0.0
246591,2017,0.6666666666666666
246591,2018,1.5833333333333333
246690,2018,3.727272727272727
246722,2017,0.08333333333333333
246722,2018,1.0
246734,2017,1.5833333333333333
246734,2018,0.8333333333333334
246736,2017,2.25
246736,2018,0.75
246737,2017,1.8333333333333333
246737,2018,1.75
246775,2017,0.16666666666666666
246775,2018,1.5
246800,2017,0.9166666666666666
246800,2018,1.25
246911,2017,0.0
246911,2018,0.4166666666666667
246935,2017,1.6666666666666667
246935,2018,1.8333333333333333
247050,2017,1.5
247050,2018,1.0833333333333333
247103,2017,0.0
247103,2018,0.0
247180,2017,2.25
247180,2018,2.1666666666666665
247220,2017,0.9166666666666666
247220,2018,2.0833333333333335
247247,2017,1.0833333333333333
247247,2018,0.0
247391,2017,0.0
247391,2018,0.5
247433,2017,1.0833333333333333
247433,2018,1.0833333333333333
247471,2017,1.8333333333333333
247471,2018,1.4166666666666667
247514,2017,1.5
247514,2018,1.75
247551,2017,2.5833333333333335
247551,2018,1.8333333333333333
247607,2017,1.5
247607,2018,1.0
247645,2017,1.9166666666666667
247645,2018,1.1666666666666667
247680,2017,1.1666666666666667
247680,2018,0.9166666666666666
247692,2017,0.0
247692,2018,0.16666666666666666
247714,2017,2.3333333333333335
247714,2018,1.0
247721,2017,1.0
247721,2018,2.0
247833,2017,0.0
247833,2018,0.4166666666666667
248011,2017,1.5
248011,2018,1.25
248138,2017,1.1666666666666667
248138,2018,1.75
248196,2017,0.8333333333333334
248196,2018,0.0
248265,2017,1.8333333333333333
248265,2018,1.4166666666666667
248356,2017,2.5833333333333335
248356,2018,1.4166666666666667
248433,2017,2.1666666666666665
248433,2018,1.0833333333333333
248445,2017,0.0
248445,2018,0.5
248461,2017,1.5833333333333333
248461,2018,2.0833333333333335
248487,2017,1.4166666666666667
248487,2018,2.4166666666666665
248497,2017,0.0
248497,2018,0.0
248593,2017,1.6666666666666667
248593,2018,1.9166666666666667
248620,2017,2.0833333333333335
248620,2018,1.0833333333333333
248664,2017,0.0
248664,2018,0.0
248752,2017,0.0
248752,2018,0.5833333333333334
248885,2017,1.5
248885,2018,2.0833333333333335
248886,2017,0.0
248886,2018,0.0
248950,2017,0.0
248950,2018,0.75
248952,2017,0.6666666666666666
248952,2018,1.5
249019,2017,2.5833333333333335
249019,2018,1.5
249224,2017,2.4166666666666665
249224,2018,1.5
249270,2018,5.0
249352,2017,1.5
249352,2018,1.75
249381,2017,2.25
249381,2018,2.0833333333333335
249408,2018,3.090909090909091
249466,2017,1.6666666666666667
249466,2018,1.75
249555,2017,1.6666666666666667
249555,2018,1.75
249559,2017,2.0833333333333335
249559,2018,0.5833333333333334
249639,2017,0.0
249639,2018,0.16666666666666666
249693,2017,1.9166666666666667
249693,2018,2.4166666666666665
249723,2017,1.5
249723,2018,2.1666666666666665
249795,2017,0.0
249795,2018,2.25
249811,2017,0.5
249811,2018,1.0
249813,2017,2.0833333333333335
249813,2018,2.75
249833,2017,0.0
249833,2018,1.0
249841,2017,1.3333333333333333
249841,2018,1.1666666666666667
249982,2017,2.0
249982,2018,2.0
250089,2018,0.0
250194,2017,0.0
250194,2018,0.0
250280,2017,1.6666666666666667
250280,2018,1.0
250311,2017,2.0833333333333335
250311,2018,1.9166666666666667
250315,2017,2.0
250315,2018,2.0833333333333335
250363,2018,4.545454545454546
250380,2017,0.4166666666666667
250380,2018,1.75
250391,2017,0.0
250391,2018,0.9166666666666666
250422,2017,1.25
250422,2018,1.5833333333333333
250540,2017,0.0
250540,2018,0.3333333333333333
250586,2017,1.6666666666666667
250586,2018,1.6666666666666667
250609,2017,0.0
250609,2018,0.5
250619,2017,1.5
250619,2018,1.4166666666666667
250696,2017,1.4166666666666667
250696,2018,1.0
250711,2017,0.8333333333333334
250711,2018,1.0
250854,2017,1.4166666666666667
250854,2018,1.3333333333333333
250921,2017,2.0833333333333335
250921,2018,1.9166666666666667
251012,2017,0.5833333333333334
251012,2018,1.4166666666666667
251020,2017,0.0
251020,2018,0.0
251023,2017,1.25
251023,2018,2.3333333333333335
251081,2017,0.0
251081,2018,0.16666666666666666
251095,2017,2.4166666666666665
251095,2018,1.4166666666666667
251116,2017,0.08333333333333333
251116,2018,0.0
251195,2017,1.4166666666666667
251195,2018,1.3333333333333333
251211,2017,0.0
251211,2018,1.5833333333333333
251223,2017,0.4166666666666667
251223,2018,1.5833333333333333
251324,2017,1.6666666666666667
251324,2018,2.25
251432,2017,1.6666666666666667
251432,2018,1.3333333333333333
251436,2017,2.4166666666666665
251436,2018,1.0833333333333333
251521,2017,0.0
251521,2018,0.6666666666666666
251641,2017,0.6666666666666666
251641,2018,1.9166666666666667
251779,2017,1.3333333333333333
251779,2018,0.8333333333333334
251874,2017,1.25
251874,2018,0.8333333333333334
251950,2017,0.5
251950,2018,2.4166666666666665
252082,2017,1.75
252082,2018,1.5
252110,2017,2.0
252110,2018,0.0
252135,2018,0.0
252136,2017,1.0833333333333333
252136,2018,2.25
252147,2018,4.363636363636363
252165,2017,0.0
252165,2018,0.0
252271,2017,1.9166666666666667
252271,2018,2.0833333333333335
252341,2017,1.4166666666666667
252341,2018,2.0
252419,2017,1.9166666666666667
252419,2018,1.1666666666666667
252450,2018,4.545454545454546
252472,2018,0.0
252476,2017,0.8333333333333334
252476,2018,1.1666666666666667
252531,2017,0.0
252531,2018,0.0
252563,2017,0.75
252563,2018,0.0
252628,2017,0.0
252628,2018,0.0
252679,2017,0.0
252679,2018,1.9166666666666667
252782,2017,1.8333333333333333
252782,2018,2.1666666666666665
252954,2017,1.8333333333333333
252954,2018,1.3333333333333333
253046,2017,1.25
253046,2018,2.0833333333333335
253056,2017,0.0
253056,2018,0.0
253082,2017,0.0
253082,2018,0.0
253098,2017,1.4166666666666667
253098,2018,2.5
253210,2017,0.75
253210,2018,1.0
253282,2017,2.4166666666666665
253282,2018,0.16666666666666666
253283,2017,1.3333333333333333
253283,2018,0.08333333333333333
253412,2017,0.0
253412,2018,0.0
253466,2017,0.0
253466,2018,1.5833333333333333
253528,2017,0.4166666666666667
253528,2018,2.4166666666666665
253601,2017,1.9166666666666667
253601,2018,1.1666666666666667
253609,2018,2.727272727272727
253619,2017,0.6666666666666666
253619,2018,1.25
253635,2017,1.6666666666666667
253635,2018,2.25
253689,2017,1.6666666666666667
253689,2018,1.1666666666666667
253825,2017,1.75
253825,2018,1.5
253852,2017,1.6666666666666667
253852,2018,2.0
254097,2018,3.272727272727273
254161,2017,0.0
254161,2018,0.0
254230,2017,2.0
254230,2018,1.0
254361,2017,1.4166666666666667
254361,2018,2.0833333333333335
254371,2017,1.6666666666666667
254371,2018,1.8333333333333333
254372,2017,1.5
254372,2018,1.75
254428,2017,0.0
254428,2018,1.3333333333333333
254546,2017,0.9166666666666666
254546,2018,1.5
254567,2017,0.0
254567,2018,1.4166666666666667
254575,2017,1.3333333333333333
254575,2018,1.9166666666666667
254579,2017,0.9166666666666666
254579,2018,1.3333333333333333
254667,2017,1.75
254667,2018,1.9166666666666667
254683,2017,2.1666666666666665
254683,2018,1.3333333333333333
254745,2018,2.5454545454545454
254853,2017,0.6666666666666666
254853,2018,1.1666666666666667
254860,2017,0.8333333333333334
254860,2018,1.9166666666666667
254940,2017,2.5
254940,2018,1.6666666666666667
255019,2017,0.0
255019,2018,0.0
255028,2017,0.6666666666666666
255028,2018,0.0
255032,2017,1.0
255032,2018,0.0
255087,2017,0.8333333333333334
255087,2018,3.0
255108,2017,1.0833333333333333
255108,2018,2.25
255183,2017,0.0
255183,2018,0.0
255215,2017,1.3333333333333333
255215,2018,0.4166666666666667
255267,2017,1.75
255267,2018,1.3333333333333333
255320,2017,3.0
255320,2018,1.0
255333,2017,1.9166666666666667
255333,2018,1.25
255425,2017,1.25
255425,2018,2.3333333333333335
255475,2017,1.65
255475,2018,1.9166666666666667
255509,2017,1.8333333333333333
255509,2018,1.4166666666666667
255546,2017,2.5
255546,2018,1.5
255623,2017,0.0
255623,2018,0.0
255653,2017,0.8333333333333334
255653,2018,1.75
255718,2017,2.0
255718,2018,1.0
255740,2017,1.0
255740,2018,1.8333333333333333
255767,2017,0.0
255767,2018,0.08333333333333333
255818,2017,0.8333333333333334
255818,2018,0.0
255836,2017,2.347826086956522
255836,2018,1.9047619047619047
255951,2017,1.4166666666666667
255951,2018,1.75
255994,2018,4.7272727272727275
256003,2017,2.5
256003,2018,1.5
256013,2017,1.1666666666666667
256013,2018,1.5
256135,2017,1.5
256135,2018,1.0833333333333333
256147,2017,2.1666666666666665
256147,2018,1.6666666666666667
256188,2017,0.0
256188,2018,2.25
256189,2017,0.0
256189,2018,0.0
256198,2017,0.0
256198,2018,0.8333333333333334
256323,2017,1.4166666666666667
256323,2018,1.6666666666666667
256360,2017,0.5833333333333334
256360,2018,1.9166666666666667
256434,2017,2.5833333333333335
256434,2018,1.5833333333333333
256467,2017,0.0
256467,2018,0.0
256483,2017,1.5833333333333333
256483,2018,1.6666666666666667
256486,2017,0.6666666666666666
256486,2018,1.25
256502,2017,2.0833333333333335
256502,2018,1.8333333333333333
256544,2017,1.0
256544,2018,1.5
256574,2017,0.9166666666666666
256574,2018,2.25
256627,2017,0.0
256627,2018,0.4166666666666667
256731,2017,1.3333333333333333
256731,2018,1.5833333333333333
256755,2017,0.0
256755,2018,0.5
256821,2017,0.0
256821,2018,0.6666666666666666
256920,2017,0.0
256920,2018,0.25
256945,2017,0.0
256945,2018,0.0
257194,2017,0.0
257194,2018,0.0
257236,2017,1.9166666666666667
257236,2018,2.5
257301,2017,1.3333333333333333
257301,2018,1.5833333333333333
257369,2017,0.9166666666666666
257369,2018,0.0
257391,2017,1.1666666666666667
257391,2018,1.8333333333333333
257393,2017,0.0
257393,2018,0.0
257417,2017,1.75
257417,2018,1.5
257440,2017,0.8333333333333334
257440,2018,0.5833333333333334
257463,2017,0.0
257463,2018,0.6666666666666666
257506,2017,1.25
257506,2018,1.6666666666666667
257509,2017,0.0
257509,2018,0.0
257575,2017,1.1666666666666667
257575,2018,0.8333333333333334
257579,2017,1.0
257579,2018,1.25
257705,2017,2.0
257705,2018,0.9166666666666666
257820,2017,0.0
257820,2018,0.5833333333333334
257862,2017,0.0
257862,2018,2.0
257864,2017,0.0
257864,2018,0.0
257880,2017,0.6666666666666666
257880,2018,1.25
257981,2017,1.9166666666666667
257981,2018,1.5833333333333333
257985,2017,0.5833333333333334
257985,2018,0.75
258067,2017,0.25
258067,2018,1.75
258088,2017,1.5833333333333333
258088,2018,1.9166666666666667
258102,2017,1.75
258102,2018,1.6666666666666667
258123,2017,1.0833333333333333
258123,2018,1.3333333333333333
258141,2017,0.0
258141,2018,0.16666666666666666
258166,2017,1.8333333333333333
258166,2018,1.3333333333333333
258184,2017,1.4166666666666667
258184,2018,2.1666666666666665
258202,2017,1.5
258202,2018,2.0833333333333335
258228,2017,0.08333333333333333
258228,2018,1.0
258238,2017,2.1666666666666665
258238,2018,2.25
258248,2017,2.1666666666666665
258248,2018,1.1666666666666667
258296,2017,1.5833333333333333
258296,2018,0.0
258323,2017,1.5
258323,2018,1.5
258358,2017,0.6666666666666666
258358,2018,0.0
258408,2018,5.636363636363637
258799,2018,6.0
258849,2017,1.1666666666666667
258849,2018,1.25
258860,2017,2.0833333333333335
258860,2018,1.5
258951,2017,1.5
258951,2018,1.1666666666666667
259067,2017,0.08333333333333333
259067,2018,1.9166666666666667
259110,2017,2.4166666666666665
259110,2018,1.25
259170,2017,0.0
259170,2018,0.5
259219,2017,0.25
259219,2018,1.25
259252,2017,1.4166666666666667
259252,2018,0.9166666666666666
259342,2017,0.75
259342,2018,2.4166666666666665
259446,2017,1.0
259446,2018,1.0
259532,2017,1.4166666666666667
259532,2018,1.4166666666666667
259634,2017,1.5833333333333333
259634,2018,0.25
259700,2017,0.0
259700,2018,0.08333333333333333
259734,2017,0.5
259734,2018,0.08333333333333333
259789,2018,6.181818181818182
259878,2017,1.4166666666666667
259878,2018,1.75
260000,2017,1.1666666666666667
260000,2018,2.1666666666666665
260106,2017,0.5
260106,2018,0.0
260112,2017,0.0
260112,2018,0.0
260155,2017,1.9166666666666667
260155,2018,1.75
260245,2017,3.0833333333333335
260245,2018,2.0833333333333335
260285,2017,0.0
260285,2018,0.0
260408,2017,1.5833333333333333
260408,2018,1.5833333333333333
260452,2017,1.5833333333333333
260452,2018,1.5
260464,2017,1.75
260464,2018,1.75
260513,2017,1.5833333333333333
260513,2018,1.4166666666666667
260515,2017,1.75
260515,2018,1.5
260622,2017,0.5
260622,2018,1.75
260685,2017,1.4166666666666667
260685,2018,1.8333333333333333
260712,2017,0.16666666666666666
260712,2018,1.0833333333333333
260714,2017,2.5
260714,2018,1.9166666666666667
260726,2017,1.25
260726,2018,2.0
260838,2017,1.3333333333333333
260838,2018,2.3333333333333335
260855,2017,1.9166666666666667
260855,2018,2.1666666666666665
261044,2017,1.3333333333333333
261044,2018,1.3333333333333333
261077,2017,2.4166666666666665
261077,2018,1.5
261109,2017,2.3333333333333335
261109,2018,1.9166666666666667
261125,2017,1.6666666666666667
261125,2018,1.1666666666666667
261187,2017,0.0
261187,2018,1.25
261229,2017,1.5
261229,2018,0.6666666666666666
261273,2018,2.3636363636363638
261283,2017,1.0
261283,2018,0.5
261331,2017,0.5833333333333334
261331,2018,1.9166666666666667
261423,2017,1.5833333333333333
261423,2018,2.0
261426,2017,0.5
261426,2018,0.16666666666666666
261468,2017,2.1666666666666665
261468,2018,1.8333333333333333
261573,2017,1.75
261573,2018,1.25
261582,2017,3.0833333333333335
261582,2018,1.75
261715,2017,1.1666666666666667
261715,2018,0.9166666666666666
261767,2017,0.0
261767,2018,0.0
261780,2017,2.0833333333333335
261780,2018,1.0833333333333333
261787,2017,1.6666666666666667
261787,2018,2.25
261789,2017,1.1666666666666667
261789,2018,1.0
261832,2017,1.3333333333333333
261832,2018,1.0833333333333333
261957,2017,1.6666666666666667
261957,2018,1.6666666666666667
261964,2017,1.5
261964,2018,1.75
262099,2017,1.5833333333333333
262099,2018,2.75
262176,2017,1.4166666666666667
262176,2018,1.25
262177,2017,2.1666666666666665
262177,2018,1.5
262211,2017,1.1666666666666667
262211,2018,1.3333333333333333
262305,2017,0.4166666666666667
262305,2018,1.1666666666666667
262336,2017,1.1666666666666667
262336,2018,1.25
262351,2017,0.0
262351,2018,1.0
262366,2017,2.5
262366,2018,1.6666666666666667
262369,2017,2.3333333333333335
262369,2018,1.6666666666666667
262374,2017,2.1666666666666665
262374,2018,1.5833333333333333
262422,2017,1.75
262422,2018,1.75
262467,2017,1.5
262467,2018,2.1666666666666665
262508,2017,0.6666666666666666
262508,2018,1.1666666666666667
262526,2017,1.5
262526,2018,0.75
262562,2017,1.8333333333333333
262562,2018,1.5833333333333333
262574,2017,0.0
262574,2018,1.0833333333333333
262586,2017,0.5833333333333334
262586,2018,1.75
262613,2017,1.25
262613,2018,1.5
262683,2017,0.8333333333333334
262683,2018,1.1666666666666667
262717,2017,1.3333333333333333
262717,2018,1.5
262770,2018,3.1818181818181817
262774,2017,1.3333333333333333
262774,2018,0.8333333333333334
262810,2017,2.25
262810,2018,0.8333333333333334
262937,2017,0.0
262937,2018,0.4166666666666667
263055,2017,1.75
263055,2018,1.75
263068,2017,0.0
263068,2018,1.5833333333333333
263069,2017,1.75
263069,2018,1.3333333333333333
263080,2017,1.1666666666666667
263080,2018,1.25
263127,2017,1.5833333333333333
263127,2018,1.4166666666666667
263237,2017,1.5
263237,2018,2.6666666666666665
263246,2017,1.8333333333333333
263246,2018,2.25
263260,2017,1.3333333333333333
263260,2018,1.75
263267,2017,0.0
263267,2018,0.0
263302,2017,0.0
263302,2018,1.5
263339,2017,1.75
263339,2018,1.5833333333333333
263402,2017,0.0
263402,2018,1.0833333333333333
263433,2017,2.0
263433,2018,1.8333333333333333
263569,2017,0.5
263569,2018,1.4166666666666667
263592,2017,1.75
263592,2018,1.4166666666666667
263612,2017,1.6666666666666667
263612,2018,0.0
263707,2017,0.25
263707,2018,1.25
263729,2017,0.0
263729,2018,0.0
263762,2017,1.4166666666666667
263762,2018,1.9166666666666667
263763,2017,1.3333333333333333
263763,2018,0.4166666666666667
263766,2017,1.25
263766,2018,1.9166666666666667
263781,2018,6.090909090909091
263812,2017,1.5833333333333333
263812,2018,2.1666666666666665
263822,2017,0.25
263822,2018,1.4166666666666667
263866,2017,1.9166666666666667
263866,2018,0.75
263921,2017,1.6666666666666667
263921,2018,1.75
264018,2017,1.75
264018,2018,1.5
264034,2018,0.0
264050,2017,0.0
264050,2018,0.0
264053,2017,0.0
264053,2018,0.0
264064,2017,1.0
264064,2018,0.25
264095,2017,0.0
264095,2018,1.4166666666666667
264107,2018,4.090909090909091
264145,2017,1.4166666666666667
264145,2018,0.9166666666666666
264234,2017,1.5
264234,2018,1.5
264236,2017,1.9166666666666667
264236,2018,0.6666666666666666
264308,2017,1.5833333333333333
264308,2018,1.5
264331,2017,1.8333333333333333
264331,2018,1.0
264365,2017,0.0
264365,2018,1.4166666666666667
264409,2018,6.090909090909091
264486,2017,2.9166666666666665
264486,2018,0.9166666666666666
264491,2017,2.4166666666666665
264491,2018,1.5
264632,2017,2.9166666666666665
264632,2018,2.1666666666666665
264690,2017,1.9166666666666667
264690,2018,2.25
264701,2017,0.9166666666666666
264701,2018,0.6666666666666666
264723,2017,1.75
264723,2018,1.4166666666666667
264733,2017,1.5
264733,2018,2.5
264741,2017,1.3333333333333333
264741,2018,1.5833333333333333
264823,2017,2.1666666666666665
264823,2018,1.9166666666666667
264904,2017,0.0
264904,2018,1.0
264936,2017,1.75
264936,2018,1.5833333333333333
265072,2017,1.8333333333333333
265072,2018,1.5
265226,2017,1.6666666666666667
265226,2018,2.5
265284,2017,1.4166666666666667
265284,2018,2.0833333333333335
265297,2017,0.0
265297,2018,0.9166666666666666
265317,2017,1.4166666666666667
265317,2018,2.0
265383,2017,1.5833333333333333
265383,2018,2.3333333333333335
265557,2017,1.5
265557,2018,1.75
265566,2017,1.5833333333333333
265566,2018,1.0
265575,2017,1.75
265575,2018,1.1666666666666667
265612,2017,0.0
265612,2018,0.0
265665,2017,0.0
265665,2018,0.25
265677,2017,1.0833333333333333
265677,2018,1.25
265784,2017,0.0
265784,2018,0.0
265836,2017,1.0833333333333333
265836,2018,1.25
265975,2017,1.5
265975,2018,1.4166666666666667
266148,2017,1.3333333333333333
266148,2018,1.1666666666666667
266234,2017,1.4166666666666667
266234,2018,1.0
266284,2017,0.75
266284,2018,2.0
266298,2017,0.75
266298,2018,0.0
266326,2017,0.0
266326,2018,0.0
266365,2017,1.75
266365,2018,1.1666666666666667
266377,2018,6.0
266429,2017,1.75
266429,2018,0.0
266474,2017,0.9166666666666666
266474,2018,1.0833333333333333
266479,2017,0.0
266479,2018,2.4166666666666665
266516,2017,2.25
266516,2018,1.25
266536,2017,1.0833333333333333
266536,2018,0.75
266541,2017,0.0
266541,2018,0.8333333333333334
266561,2017,0.0
266561,2018,0.75
266604,2017,2.4166666666666665
266604,2018,1.5833333333333333
266640,2017,1.25
266640,2018,1.5833333333333333
266757,2017,1.4166666666666667
266757,2018,1.4166666666666667
266861,2017,1.0
266861,2018,1.0
266884,2017,0.0
266884,2018,0.0
266953,2018,2.0
266968,2017,2.5833333333333335
266968,2018,1.1666666666666667
267020,2017,1.1666666666666667
267020,2018,1.6666666666666667
267245,2017,2.0833333333333335
267245,2018,1.6666666666666667
267291,2017,1.75
267291,2018,1.75
267306,2017,1.6666666666666667
267306,2018,2.1666666666666665
267352,2017,1.5
267352,2018,1.75
267428,2017,1.3333333333333333
267428,2018,1.4166666666666667
267474,2017,1.0
267474,2018,1.3333333333333333
267566,2017,2.3333333333333335
267566,2018,1.6666666666666667
267717,2017,0.0
267717,2018,0.5
267739,2017,1.75
267739,2018,1.6666666666666667
267930,2017,1.4166666666666667
267930,2018,0.0
267944,2017,1.0833333333333333
267944,2018,1.3333333333333333
267951,2017,1.8333333333333333
267951,2018,1.3333333333333333
268076,2017,1.4166666666666667
268076,2018,2.0833333333333335
268094,2017,0.0
268094,2018,1.3333333333333333
268128,2017,1.5833333333333333
268128,2018,2.3333333333333335
268129,2017,1.1666666666666667
268129,2018,1.8333333333333333
268139,2017,0.8333333333333334
268139,2018,2.1666666666666665
268145,2017,1.5833333333333333
268145,2018,1.4166666666666667
268281,2017,1.8333333333333333
268281,2018,0.25
268293,2017,1.25
268293,2018,2.1666666666666665
268307,2017,1.3333333333333333
268307,2018,1.6666666666666667
268414,2017,1.1666666666666667
268414,2018,1.5
268439,2017,1.3333333333333333
268439,2018,2.0
268500,2017,0.5833333333333334
268500,2018,1.25
268630,2017,1.5833333333333333
268630,2018,0.5
268643,2017,0.0
268643,2018,0.5833333333333334
268789,2017,1.9166666666666667
268789,2018,1.0833333333333333
268842,2017,1.9166666666666667
268842,2018,1.8333333333333333
268932,2017,0.5833333333333334
268932,2018,0.5
268958,2017,1.9166666666666667
268958,2018,1.25
269070,2017,2.3333333333333335
269070,2018,1.1666666666666667
269120,2017,1.8333333333333333
269120,2018,1.8333333333333333
269154,2017,1.8333333333333333
269154,2018,1.5833333333333333
269297,2017,1.75
269297,2018,1.0833333333333333
269434,2017,0.0
269434,2018,0.0
269565,2017,0.0
269565,2018,1.8333333333333333
269632,2017,1.25
269632,2018,1.6666666666666667
269694,2017,2.1666666666666665
269694,2018,1.5
269775,2017,0.25
269775,2018,1.4166666666666667
269960,2017,1.6666666666666667
269960,2018,2.5
270011,2017,1.5833333333333333
270011,2018,0.6666666666666666
270022,2017,1.1666666666666667
270022,2018,0.5833333333333334
270160,2017,0.0
270160,2018,2.0833333333333335
270183,2017,1.9166666666666667
270183,2018,0.0
270203,2017,0.0
270203,2018,0.0
270248,2017,1.0
270248,2018,1.0833333333333333
270266,2017,1.0
270266,2018,1.5833333333333333
270304,2017,1.1666666666666667
270304,2018,2.0
270337,2017,2.25
270337,2018,1.75
270389,2017,2.3333333333333335
270389,2018,1.5833333333333333
270499,2017,1.25
270499,2018,1.6666666666666667
270570,2017,1.25
270570,2018,1.5
270575,2017,2.0833333333333335
270575,2018,1.0833333333333333
270723,2017,2.0833333333333335
270723,2018,1.25
270730,2017,2.1666666666666665
270730,2018,1.4166666666666667
270759,2017,0.9166666666666666
270759,2018,1.3333333333333333
270761,2017,2.4166666666666665
270761,2018,1.6666666666666667
270862,2017,1.5
270862,2018,2.75
270901,2017,2.3333333333333335
270901,2018,1.75
270909,2017,0.5
270909,2018,2.0
270935,2017,1.9166666666666667
270935,2018,2.5833333333333335
270969,2017,0.0
270969,2018,1.0833333333333333
271043,2017,2.1666666666666665
271043,2018,1.3333333333333333
271059,2017,0.0
271059,2018,0.0
271148,2017,1.5833333333333333
271148,2018,2.5
271235,2017,0.6666666666666666
271235,2018,1.0
271297,2017,0.0
271297,2018,0.5
271357,2017,0.0
271357,2018,2.3333333333333335
271365,2017,1.9166666666666667
271365,2018,2.3333333333333335
271432,2017,0.16666666666666666
271432,2018,1.5833333333333333
271463,2017,1.0833333333333333
271463,2018,1.5833333333333333
271641,2018,3.909090909090909
271660,2017,0.9166666666666666
271660,2018,1.1666666666666667
271675,2017,0.75
271675,2018,2.3333333333333335
271680,2017,2.1666666666666665
271680,2018,1.5
271911,2017,2.4166666666666665
271911,2018,2.25
271929,2017,0.8333333333333334
271929,2018,1.4166666666666667
271987,2017,0.0
271987,2018,0.0
272001,2017,1.9166666666666667
272001,2018,1.3333333333333333
272097,2017,1.1666666666666667
272097,2018,1.0833333333333333
272114,2017,0.0
272114,2018,0.5
272123,2017,0.0
272123,2018,0.0
272144,2017,1.5
272144,2018,1.25
272148,2017,1.8333333333333333
272148,2018,2.25
272225,2017,0.0
272225,2018,0.25
272250,2018,2.5454545454545454
272289,2017,0.0
272289,2018,0.0
272476,2017,0.8333333333333334
272476,2018,1.0
272551,2017,0.0
272551,2018,1.5833333333333333
272568,2017,1.25
272568,2018,1.9166666666666667
272672,2017,1.25
272672,2018,2.0
272686,2017,0.0
272686,2018,0.0
272787,2017,1.6666666666666667
272787,2018,2.0833333333333335
272812,2017,1.8333333333333333
272812,2018,2.0833333333333335
272839,2017,0.8333333333333334
272839,2018,1.0833333333333333
272848,2017,2.6666666666666665
272848,2018,1.5833333333333333
272893,2017,1.75
272893,2018,1.9166666666666667
272944,2017,1.3333333333333333
272944,2018,1.75
273020,2017,1.5833333333333333
273020,2018,1.1666666666666667
273052,2017,0.6666666666666666
273052,2018,1.5833333333333333
273054,2017,0.0
273054,2018,1.6666666666666667
273070,2017,2.6666666666666665
273070,2018,1.1666666666666667
273144,2017,2.4166666666666665
273144,2018,1.25
273177,2017,1.0
273177,2018,1.1666666666666667
273179,2017,2.0
273179,2018,2.0
273198,2017,1.9166666666666667
273198,2018,1.9166666666666667
273213,2017,1.6666666666666667
273213,2018,1.8333333333333333
273243,2017,0.0
273243,2018,0.9166666666666666
273353,2017,0.0
273353,2018,1.4166666666666667
273357,2017,1.9166666666666667
273357,2018,1.5833333333333333
273391,2017,2.25
273391,2018,1.4166666666666667
273414,2017,1.4166666666666667
273414,2018,1.6666666666666667
273478,2017,1.5
273478,2018,2.0833333333333335
273552,2017,0.5
273552,2018,1.4166666666666667
273984,2017,2.0833333333333335
273984,2018,2.1666666666666665
274083,2017,2.0
274083,2018,0.5833333333333334
274107,2017,0.0
274107,2018,0.0
274117,2017,2.4166666666666665
274117,2018,1.9166666666666667
274141,2017,2.6666666666666665
274141,2018,1.75
274179,2017,0.0
274179,2018,0.75
274204,2017,1.4166666666666667
274204,2018,2.0
274211,2017,1.5
274211,2018,1.0833333333333333
274264,2017,1.5833333333333333
274264,2018,1.25
274354,2017,1.75
274354,2018,1.0
274410,2017,0.6666666666666666
274410,2018,1.0
274428,2017,2.0
274428,2018,1.4166666666666667
274431,2018,3.909090909090909
274473,2017,1.75
274473,2018,2.0
274535,2017,0.0
274535,2018,1.5
274622,2017,0.0
274622,2018,0.16666666666666666
274698,2017,2.0
274698,2018,0.4166666666666667
274765,2017,0.0
274765,2018,1.25
274803,2018,3.6363636363636362
274817,2017,1.4166666666666667
274817,2018,1.5833333333333333
274858,2017,2.3333333333333335
274858,2018,0.08333333333333333
274879,2017,0.4166666666666667
274879,2018,1.5833333333333333
274896,2017,1.25
274896,2018,1.5
275049,2017,1.9166666666666667
275049,2018,2.5833333333333335
275118,2017,1.0833333333333333
275118,2018,2.4166666666666665
275209,2017,1.25
275209,2018,1.3333333333333333
275244,2017,1.8333333333333333
275244,2018,2.4166666666666665
275287,2017,0.6666666666666666
275287,2018,2.0
275298,2017,1.0833333333333333
275298,2018,1.3333333333333333
275306,2017,2.0833333333333335
275306,2018,1.5833333333333333
275358,2017,1.6666666666666667
275358,2018,2.1666666666666665
275386,2017,1.0833333333333333
275386,2018,1.5
275387,2018,3.090909090909091
275413,2018,6.090909090909091
275442,2017,1.5
275442,2018,1.5833333333333333
275446,2017,1.6666666666666667
275446,2018,1.25
275531,2017,0.0
275531,2018,2.4166666666666665
275637,2017,1.5833333333333333
275637,2018,1.8333333333333333
275670,2017,1.0
275670,2018,1.3333333333333333
275694,2018,5.454545454545454
275762,2017,1.8333333333333333
275762,2018,1.5
275807,2017,0.0
275807,2018,0.0
275846,2018,3.4545454545454546
275849,2017,1.0833333333333333
275849,2018,2.0833333333333335
275933,2017,0.16666666666666666
275933,2018,1.25
275949,2018,3.3636363636363638
275954,2017,0.0
275954,2018,0.5833333333333334
276035,2017,0.8333333333333334
276035,2018,2.0
276037,2017,2.8333333333333335
276037,2018,1.75
276100,2017,2.0833333333333335
276100,2018,1.3333333333333333
276152,2017,1.6666666666666667
276152,2018,1.4166666666666667
276204,2017,0.16666666666666666
276204,2018,1.75
276255,2017,1.0
276255,2018,2.1666666666666665
276289,2017,0.0
276289,2018,2.4166666666666665
276484,2017,0.0
276484,2018,0.0
276494,2017,2.0833333333333335
276494,2018,1.1666666666666667
276648,2017,1.25
276648,2018,1.25
276650,2017,2.0833333333333335
276650,2018,1.9166666666666667
276673,2017,1.1666666666666667
276673,2018,1.6666666666666667
276746,2017,2.25
276746,2018,1.0
276806,2018,5.636363636363637
276931,2017,0.0
276931,2018,0.0
276937,2017,1.1666666666666667
276937,2018,1.5
276947,2018,3.8181818181818183
276967,2017,0.6666666666666666
276967,2018,0.0
276990,2017,1.6666666666666667
276990,2018,1.5833333333333333
277025,2017,0.6666666666666666
277025,2018,0.0
277033,2017,1.0
277033,2018,1.1666666666666667
277091,2017,1.4166666666666667
277091,2018,0.6666666666666666
277094,2017,1.3333333333333333
277094,2018,1.5
277139,2017,2.4166666666666665
277139,2018,2.0833333333333335
277145,2017,0.8333333333333334
277145,2018,1.8333333333333333
277188,2017,1.3333333333333333
277188,2018,0.8333333333333334
277281,2017,1.8333333333333333
277281,2018,1.5
277285,2017,1.1666666666666667
277285,2018,1.9166666666666667
277341,2017,0.0
277341,2018,0.75
277356,2017,0.5833333333333334
277356,2018,0.0
277367,2017,1.6666666666666667
277367,2018,1.3333333333333333
277370,2017,0.0
277370,2018,0.0
277375,2017,1.6666666666666667
277375,2018,1.6666666666666667
277430,2017,0.0
277430,2018,0.16666666666666666
277494,2017,2.75
277494,2018,1.4166666666666667
277565,2017,2.9166666666666665
277565,2018,1.75
277587,2017,0.5
277587,2018,2.0
277594,2017,2.4166666666666665
277594,2018,2.25
277607,2017,0.0
277607,2018,0.0
277610,2017,1.1666666666666667
277610,2018,1.0833333333333333
277649,2017,1.75
277649,2018,1.5
277769,2017,0.0
277769,2018,1.25
277783,2017,1.4166666666666667
277783,2018,1.9166666666666667
277788,2017,1.75
277788,2018,1.25
277826,2017,0.0
277826,2018,0.0
277855,2017,2.0833333333333335
277855,2018,1.75
277884,2017,0.0
277884,2018,1.3333333333333333
277910,2017,1.6666666666666667
277910,2018,1.75
278013,2017,1.0
278013,2018,1.1666666666666667
278045,2017,0.0
278045,2018,0.16666666666666666
278054,2017,0.0
278054,2018,0.0
278059,2017,0.0
278059,2018,0.0
278164,2017,2.0
278164,2018,2.5833333333333335
278213,2017,0.5
278213,2018,1.5
278227,2017,0.0
278227,2018,0.0
278307,2017,1.8333333333333333
278307,2018,2.9166666666666665
278345,2017,0.0
278345,2018,1.25
278464,2017,0.0
278464,2018,0.0
278539,2017,1.5
278539,2018,1.0833333333333333
278568,2017,0.0
278568,2018,0.75
278676,2017,1.25
278676,2018,1.9166666666666667
278719,2017,0.0
278719,2018,0.0
278815,2017,1.5
278815,2018,2.5
278822,2017,1.5
278822,2018,1.75
278836,2017,0.0
278836,2018,0.9166666666666666
278854,2017,1.7391304347826086
278854,2018,1.2608695652173914
278865,2017,1.6666666666666667
278865,2018,1.6666666666666667
278898,2017,2.1666666666666665
278898,2018,2.0
278916,2017,1.4166666666666667
278916,2018,1.4166666666666667
278928,2017,0.0
278928,2018,0.9166666666666666
278932,2017,1.25
278932,2018,2.0
278983,2017,2.25
278983,2018,1.5
278987,2017,0.16666666666666666
278987,2018,1.6666666666666667
279221,2017,1.3333333333333333
279221,2018,1.5833333333333333
279231,2017,0.5
279231,2018,1.75
279380,2017,0.08333333333333333
279380,2018,1.9166666666666667
279408,2017,1.1666666666666667
279408,2018,2.3333333333333335
279409,2017,2.0
279409,2018,1.1666666666666667
279419,2017,1.8636363636363635
279419,2018,1.7391304347826086
279430,2017,1.4166666666666667
279430,2018,2.25
279468,2017,3.1666666666666665
279468,2018,1.1666666666666667
279580,2017,2.0833333333333335
279580,2018,1.5
279634,2017,1.3333333333333333
279634,2018,0.25
279654,2017,2.0833333333333335
279654,2018,2.0
279693,2017,1.5833333333333333
279693,2018,0.9166666666666666
279777,2017,1.25
279777,2018,2.0833333333333335
279821,2017,1.0833333333333333
279821,2018,2.0
279883,2017,0.0
279883,2018,0.0
279919,2017,1.6666666666666667
279919,2018,1.9166666666666667
279967,2017,1.6666666666666667
279967,2018,1.1666666666666667
280087,2017,1.25
280087,2018,0.8333333333333334
280216,2017,0.5833333333333334
280216,2018,1.4166666666666667
280292,2017,1.8333333333333333
280292,2018,1.6666666666666667
280545,2017,1.75
280545,2018,1.5
280574,2017,2.1666666666666665
280574,2018,1.3333333333333333
280588,2017,1.4166666666666667
280588,2018,1.25
280602,2017,0.0
280602,2018,0.0
280603,2017,2.0833333333333335
280603,2018,1.75
280641,2017,2.1666666666666665
280641,2018,1.6666666666666667
280659,2017,0.5
280659,2018,1.75
280790,2017,0.0
280790,2018,0.0
280796,2017,2.25
280796,2018,1.5
280822,2017,1.0
280822,2018,1.1666666666666667
280828,2017,1.6666666666666667
280828,2018,1.5833333333333333
280864,2017,2.1666666666666665
280864,2018,2.0833333333333335
280879,2017,0.6666666666666666
280879,2018,0.8333333333333334
280895,2017,1.1666666666666667
280895,2018,1.3333333333333333
281032,2017,0.0
281032,2018,0.0
281064,2017,1.5
281064,2018,1.5833333333333333
281075,2017,1.75
281075,2018,1.8333333333333333
281108,2018,3.0
281118,2017,0.0
281118,2018,1.0
281305,2017,1.1666666666666667
281305,2018,0.9166666666666666
281328,2017,1.9166666666666667
281328,2018,0.5833333333333334
281449,2017,2.3333333333333335
281449,2018,1.3333333333333333
281550,2017,0.5833333333333334
281550,2018,1.9166666666666667
281571,2017,1.9166666666666667
281571,2018,1.25
281585,2017,1.5833333333333333
281585,2018,1.0833333333333333
281608,2017,1.5833333333333333
281608,2018,2.25
281737,2018,2.909090909090909
281777,2018,0.0
281926,2017,1.25
281926,2018,1.9166666666666667
281952,2017,0.0
281952,2018,0.08333333333333333
281979,2017,1.75
281979,2018,1.5833333333333333
282041,2017,1.5833333333333333
282041,2018,1.0833333333333333
282140,2018,4.909090909090909
282181,2017,0.0
282181,2018,0.0
282259,2017,1.5
282259,2018,2.0833333333333335
282472,2017,0.0
282472,2018,0.08333333333333333
282532,2017,0.0
282532,2018,0.6666666666666666
282542,2017,2.3333333333333335
282542,2018,1.3333333333333333
282545,2017,0.0
282545,2018,0.08333333333333333
282678,2017,2.0833333333333335
282678,2018,0.75
282723,2017,1.25
282723,2018,1.4166666666666667
282759,2017,0.0
282759,2018,0.16666666666666666
282854,2017,2.5
282854,2018,1.0833333333333333
282872,2017,1.9166666666666667
282872,2018,2.4166666666666665
282896,2017,2.4166666666666665
282896,2018,1.3333333333333333
282930,2017,0.8333333333333334
282930,2018,0.8333333333333334
283066,2017,1.25
283066,2018,1.5833333333333333
283110,2017,2.1666666666666665
283110,2018,1.5833333333333333
283122,2017,1.3333333333333333
283122,2018,1.75
283133,2017,2.3333333333333335
283133,2018,1.0833333333333333
283290,2017,1.4166666666666667
283290,2018,1.4166666666666667
283314,2017,0.0
283314,2018,0.0
283326,2018,5.909090909090909
283338,2017,0.5833333333333334
283338,2018,1.3333333333333333
283358,2017,1.75
283358,2018,1.3333333333333333
283437,2017,1.25
283437,2018,2.25
283654,2017,1.75
283654,2018,0.5833333333333334
283709,2017,0.6666666666666666
283709,2018,1.25
283747,2017,1.3333333333333333
283747,2018,2.1666666666666665
283770,2017,0.0
283770,2018,1.75
283807,2017,1.3333333333333333
283807,2018,1.4166666666666667
283822,2017,1.6666666666666667
283822,2018,1.5833333333333333
283929,2017,1.9166666666666667
283929,2018,2.1666666666666665
283980,2017,1.0833333333333333
283980,2018,1.3333333333333333
283994,2017,1.5
283994,2018,1.0
284203,2017,1.6666666666666667
284203,2018,2.3333333333333335
284290,2017,1.4166666666666667
284290,2018,2.25
284362,2017,1.3333333333333333
284362,2018,3.1666666666666665
284419,2017,0.0
284419,2018,1.5833333333333333
284442,2017,0.0
284442,2018,2.3333333333333335
284461,2017,1.0833333333333333
284461,2018,1.3333333333333333
284610,2017,1.6666666666666667
284610,2018,0.3333333333333333
284621,2017,1.5
284621,2018,0.9166666666666666
284782,2017,1.0
284782,2018,1.9166666666666667
284866,2017,1.8333333333333333
284866,2018,2.4166666666666665
284889,2017,1.5833333333333333
284889,2018,1.5833333333333333
284892,2018,4.0
285074,2017,0.0
285074,2018,0.0
285122,2017,1.75
285122,2018,1.25
285202,2017,0.0
285202,2018,1.4166666666666667
285220,2017,1.6666666666666667
285220,2018,1.5833333333333333
285335,2017,2.25
285335,2018,2.0833333333333335
285386,2017,0.0
285386,2018,0.0
285411,2017,1.3333333333333333
285411,2018,0.9166666666666666
285484,2017,1.0833333333333333
285484,2018,1.0833333333333333
285485,2017,0.0
285485,2018,1.4166666666666667
285579,2018,4.818181818181818
285631,2017,0.9166666666666666
285631,2018,2.0833333333333335
285636,2017,0.5
285636,2018,1.0
285738,2017,1.1666666666666667
285738,2018,0.0
285767,2017,0.9166666666666666
285767,2018,0.0
285776,2017,1.5
285776,2018,2.0
285909,2018,5.454545454545454
285938,2017,1.8333333333333333
285938,2018,1.5
285942,2017,1.3333333333333333
285942,2018,2.1666666666666665
285982,2017,0.9166666666666666
285982,2018,1.0
286065,2017,0.9166666666666666
286065,2018,1.75
286114,2017,1.1666666666666667
286114,2018,1.0
286182,2017,0.0
286182,2018,0.5833333333333334
286225,2017,1.8333333333333333
286225,2018,1.9166666666666667
286262,2017,1.6666666666666667
286262,2018,0.5833333333333334
286370,2017,1.5
286370,2018,2.8333333333333335
286388,2017,0.0
286388,2018,0.0
286551,2017,1.8333333333333333
286551,2018,1.25
286611,2018,5.454545454545454
286614,2017,0.0
286614,2018,0.0
286636,2017,1.263157894736842
286636,2018,2.1818181818181817
286641,2017,1.3333333333333333
286641,2018,1.25
286718,2017,0.6666666666666666
286718,2018,1.5833333333333333
286883,2017,1.5833333333333333
286883,2018,1.75
286927,2017,1.6666666666666667
286927,2018,1.0
286942,2017,0.25
286942,2018,1.4166666666666667
286954,2017,0.9166666666666666
286954,2018,1.25
286975,2017,2.0833333333333335
286975,2018,2.6666666666666665
286989,2017,1.5833333333333333
286989,2018,1.6666666666666667
287023,2017,0.75
287023,2018,1.3333333333333333
287088,2017,2.25
287088,2018,1.3333333333333333
287097,2017,1.1666666666666667
287097,2018,1.5
287198,2017,1.0
287198,2018,1.75
287211,2017,0.4166666666666667
287211,2018,0.0
287212,2017,0.0
287212,2018,1.5833333333333333
287224,2017,0.0
287224,2018,0.0
287254,2017,0.0
287254,2018,1.8333333333333333
287266,2017,2.1666666666666665
287266,2018,1.1666666666666667
287343,2017,0.0
287343,2018,0.4166666666666667
287385,2017,0.0
287385,2018,0.8333333333333334
287414,2017,1.5833333333333333
287414,2018,1.75
287591,2017,1.5
287591,2018,2.0
287593,2017,1.0
287593,2018,0.5833333333333334
287690,2017,1.5833333333333333
287690,2018,2.25
287750,2017,1.5833333333333333
287750,2018,2.4166666666666665
287799,2017,1.0
287799,2018,1.5833333333333333
287927,2017,1.0
287927,2018,1.5
287942,2017,2.4166666666666665
287942,2018,1.75
287962,2017,0.0
287962,2018,0.0
287979,2017,1.0
287979,2018,1.1666666666666667
288015,2017,0.0
288015,2018,1.25
288112,2017,0.08333333333333333
288112,2018,0.0
288164,2017,0.0
288164,2018,0.0
288369,2017,1.75
288369,2018,1.3333333333333333
288384,2017,1.5833333333333333
288384,2018,2.0
288419,2017,0.9166666666666666
288419,2018,1.6666666666666667
288451,2017,0.25
288451,2018,0.08333333333333333
288491,2017,1.4166666666666667
288491,2018,1.1666666666666667
288500,2017,1.6666666666666667
288500,2018,1.1666666666666667
288530,2017,0.6666666666666666
288530,2018,1.75
288612,2017,0.0
288612,2018,1.0
288636,2017,0.0
288636,2018,1.5833333333333333
288735,2017,0.9166666666666666
288735,2018,1.0
288774,2017,0.0
288774,2018,0.4166666666666667
288776,2017,2.0833333333333335
288776,2018,1.3333333333333333
289116,2018,3.4545454545454546
289133,2017,1.6666666666666667
289133,2018,1.5
289134,2017,0.0
289134,2018,0.0
289139,2017,1.8333333333333333
289139,2018,3.25
289151,2017,1.5
289151,2018,1.25
289177,2017,1.0833333333333333
289177,2018,1.6666666666666667
289294,2017,1.4166666666666667
289294,2018,2.1666666666666665
289354,2017,1.9166666666666667
289354,2018,1.5833333333333333
289472,2017,0.25
289472,2018,1.9166666666666667
289476,2018,5.2727272727272725
289516,2017,1.0833333333333333
289516,2018,1.5
289665,2017,2.8333333333333335
289665,2018,1.6666666666666667
289693,2017,0.16666666666666666
289693,2018,0.0
289732,2017,1.5833333333333333
289732,2018,1.75
289863,2017,1.8333333333333333
289863,2018,1.4166666666666667
289921,2017,2.0833333333333335
289921,2018,1.4166666666666667
289968,2018,3.727272727272727
290024,2017,0.5833333333333334
290024,2018,1.4166666666666667
290091,2017,2.0833333333333335
290091,2018,1.0
290109,2018,0.0
290184,2017,1.0833333333333333
290184,2018,0.0
290200,2017,0.75
290200,2018,1.6666666666666667
290249,2017,2.75
290249,2018,3.3333333333333335
290250,2018,1.6363636363636365
290356,2018,2.5454545454545454
290362,2017,1.6666666666666667
290362,2018,1.25
290395,2017,1.6666666666666667
290395,2018,2.0833333333333335
290445,2017,1.3333333333333333
290445,2018,1.8333333333333333
290465,2017,1.6666666666666667
290465,2018,2.4166666666666665
290507,2017,0.0
290507,2018,0.9166666666666666
290517,2017,0.0
290517,2018,0.0
290554,2017,2.0
290554,2018,1.0
290564,2017,0.16666666666666666
290564,2018,1.1666666666666667
290599,2017,1.1666666666666667
290599,2018,1.6666666666666667
290620,2017,0.0
290620,2018,1.0
290638,2017,0.75
290638,2018,1.25
290756,2017,1.4166666666666667
290756,2018,1.75
290902,2017,2.6666666666666665
290902,2018,1.5833333333333333
290964,2017,0.08333333333333333
290964,2018,1.75
290994,2017,1.0833333333333333
290994,2018,2.0
291148,2017,1.75
291148,2018,2.1666666666666665
291336,2017,1.0
291336,2018,1.3333333333333333
291509,2018,5.090909090909091
291510,2017,1.0833333333333333
291510,2018,1.5
291595,2017,0.5
291595,2018,1.5
291831,2017,0.0
291831,2018,0.0
292021,2017,1.1666666666666667
292021,2018,0.75
292035,2017,0.0
292035,2018,0.0
292049,2017,1.8333333333333333
292049,2018,1.25
292061,2017,1.4166666666666667
292061,2018,1.0
292084,2017,1.9166666666666667
292084,2018,1.25
292096,2017,1.6666666666666667
292096,2018,2.5833333333333335
292164,2017,1.3333333333333333
292164,2018,0.9166666666666666
292384,2017,1.8333333333333333
292384,2018,1.75
292497,2017,1.25
292497,2018,1.0
292516,2017,0.0
292516,2018,0.25
292546,2018,3.6363636363636362
292617,2017,1.6666666666666667
292617,2018,1.8333333333333333
292618,2017,2.0833333333333335
292618,2018,0.75
292843,2017,2.0
292843,2018,1.25
292957,2017,2.0
292957,2018,1.1666666666666667
293100,2017,1.0833333333333333
293100,2018,0.0
293137,2017,0.0
293137,2018,0.5
293212,2017,2.3333333333333335
293212,2018,0.75
293222,2018,2.4545454545454546
293266,2017,1.5
293266,2018,1.4166666666666667
293343,2017,0.0
293343,2018,0.25
293496,2017,1.6666666666666667
293496,2018,1.0
293531,2017,1.0
293531,2018,1.6666666666666667
293663,2017,0.5
293663,2018,0.0
293676,2017,1.0
293676,2018,1.3333333333333333
293685,2017,0.75
293685,2018,0.5833333333333334
293689,2017,0.0
293689,2018,0.6666666666666666
294005,2017,0.75
294005,2018,1.3333333333333333
294016,2017,1.0833333333333333
294016,2018,1.5
294027,2017,1.5
294027,2018,1.9166666666666667
294048,2017,1.5833333333333333
294048,2018,0.9166666666666666
294071,2017,1.0833333333333333
294071,2018,1.4166666666666667
294172,2018,6.818181818181818
294184,2017,0.0
294184,2018,0.0
294273,2018,2.4545454545454546
294278,2017,0.0
294278,2018,0.0
294283,2017,0.9166666666666666
294283,2018,2.4166666666666665
294289,2017,0.0
294289,2018,0.0
294334,2017,1.5
294334,2018,1.5833333333333333
294396,2017,1.25
294396,2018,1.5
294580,2017,2.3333333333333335
294580,2018,1.6666666666666667
294617,2017,1.6666666666666667
294617,2018,1.4166666666666667
294634,2017,1.6666666666666667
294634,2018,1.8333333333333333
294642,2017,1.75
294642,2018,1.9166666666666667
294728,2017,1.8333333333333333
294728,2018,1.4166666666666667
294738,2017,0.9166666666666666
294738,2018,0.6666666666666666
294753,2017,1.25
294753,2018,2.0833333333333335
294849,2017,0.5833333333333334
294849,2018,1.3333333333333333
294865,2017,1.9166666666666667
294865,2018,1.6666666666666667
295064,2017,1.6666666666666667
295064,2018,1.1666666666666667
295078,2017,1.4166666666666667
295078,2018,0.8333333333333334
295138,2017,1.4166666666666667
295138,2018,0.4166666666666667
295147,2017,1.25
295147,2018,1.4166666666666667
295205,2017,1.0833333333333333
295205,2018,1.5
295217,2017,0.8333333333333334
295217,2018,1.5833333333333333
295302,2017,0.0
295302,2018,0.9166666666666666
295327,2017,1.9166666666666667
295327,2018,2.4166666666666665
295355,2017,2.0833333333333335
295355,2018,1.75
295387,2017,1.75
295387,2018,1.75
295412,2017,1.8333333333333333
295412,2018,1.8333333333333333
295423,2017,2.0833333333333335
295423,2018,1.3333333333333333
295510,2017,0.5
295510,2018,2.1666666666666665
295533,2017,1.5
295533,2018,1.4166666666666667
295561,2017,0.5
295561,2018,0.0
295578,2017,1.75
295578,2018,2.5
295795,2017,0.0
295795,2018,0.0
295884,2017,1.75
295884,2018,2.0
295906,2017,1.2380952380952381
295906,2018,1.2608695652173914
295929,2017,1.0833333333333333
295929,2018,1.5
296088,2017,0.0
296088,2018,0.0
296095,2017,0.0
296095,2018,0.0
296097,2017,1.25
296097,2018,0.5
296104,2017,1.1666666666666667
296104,2018,0.0
296141,2017,0.0
296141,2018,0.08333333333333333
296146,2017,1.0
296146,2018,1.9166666666666667
296217,2017,0.9166666666666666
296217,2018,1.6666666666666667
296412,2018,1.0909090909090908
296457,2017,0.0
296457,2018,0.0
296566,2017,0.6666666666666666
296566,2018,0.6666666666666666
296567,2018,3.1818181818181817
296579,2017,0.25
296579,2018,1.25
296626,2017,1.75
296626,2018,1.6666666666666667
296689,2017,0.5833333333333334
296689,2018,1.1666666666666667
296690,2017,1.3333333333333333
296690,2018,1.6666666666666667
296736,2017,1.0833333333333333
296736,2018,1.5
296887,2017,1.4166666666666667
296887,2018,2.0833333333333335
296915,2017,0.8333333333333334
296915,2018,2.0833333333333335
296997,2017,1.0833333333333333
296997,2018,1.6666666666666667
297101,2017,1.5
297101,2018,1.5
297167,2018,2.1818181818181817
297172,2017,0.4166666666666667
297172,2018,2.0
297218,2017,0.0
297218,2018,0.0
297306,2017,1.1666666666666667
297306,2018,1.5833333333333333
297327,2017,1.5833333333333333
297327,2018,1.1666666666666667
297379,2017,1.6666666666666667
297379,2018,0.9166666666666666
297382,2017,1.6666666666666667
297382,2018,1.75
297427,2017,0.0
297427,2018,0.0
297520,2017,1.0833333333333333
297520,2018,1.5
297568,2017,1.6666666666666667
297568,2018,1.8333333333333333
297607,2017,0.9166666666666666
297607,2018,1.1666666666666667
297621,2017,2.1666666666666665
297621,2018,1.0833333333333333
297684,2018,5.545454545454546
297702,2017,1.4166666666666667
297702,2018,1.5
297869,2017,1.4166666666666667
297869,2018,1.25
297954,2017,0.0
297954,2018,0.0
298063,2017,1.6666666666666667
298063,2018,0.75
298098,2017,0.0
298098,2018,0.25
298156,2017,0.0
298156,2018,0.25
298160,2017,0.0
298160,2018,0.5
298181,2017,1.75
298181,2018,1.3333333333333333
298232,2017,0.9166666666666666
298232,2018,2.3333333333333335
298280,2017,1.1666666666666667
298280,2018,2.1666666666666665
298327,2017,2.25
298327,2018,0.5
298343,2017,1.8333333333333333
298343,2018,1.1666666666666667
298344,2017,2.0833333333333335
298344,2018,2.0833333333333335
298506,2017,1.1666666666666667
298506,2018,0.5833333333333334
298535,2017,1.75
298535,2018,1.3333333333333333
298539,2017,0.25
298539,2018,1.9166666666666667
298543,2017,0.0
298543,2018,1.5
298601,2017,2.4166666666666665
298601,2018,1.5
298671,2017,1.75
298671,2018,1.25
298681,2017,1.25
298681,2018,1.6666666666666667
298712,2017,0.4166666666666667
298712,2018,1.3333333333333333
298795,2017,1.4166666666666667
298795,2018,1.75
298813,2017,0.0
298813,2018,1.9166666666666667
298817,2017,1.0833333333333333
298817,2018,1.5833333333333333
298829,2017,2.25
298829,2018,2.25
298853,2017,1.6666666666666667
298853,2018,1.1666666666666667
298865,2017,1.1666666666666667
298865,2018,1.75
298869,2017,1.6666666666666667
298869,2018,0.8333333333333334
298883,2017,0.0
298883,2018,0.3333333333333333
298967,2017,0.0
298967,2018,0.0
298999,2018,5.909090909090909
299034,2017,1.3333333333333333
299034,2018,2.4166666666666665
299107,2017,1.9166666666666667
299107,2018,1.8333333333333333
299113,2017,1.0833333333333333
299113,2018,1.8333333333333333
299165,2017,0.16666666666666666
299165,2018,1.5
299204,2018,4.545454545454546
299210,2017,1.25
299210,2018,1.25
299278,2017,2.0
299278,2018,1.6666666666666667
299359,2017,1.1666666666666667
299359,2018,1.8333333333333333
299366,2017,1.5
299366,2018,0.0
299367,2017,0.0
299367,2018,0.0
299397,2017,0.0
299397,2018,0.9166666666666666
299412,2017,1.0833333333333333
299412,2018,1.5
299419,2017,1.9166666666666667
299419,2018,1.0
299448,2017,0.0
299448,2018,0.0
299454,2017,1.0833333333333333
299454,2018,0.5833333333333334
299464,2017,1.6666666666666667
299464,2018,1.25
299501,2017,1.5
299501,2018,1.0833333333333333
299573,2017,2.5833333333333335
299573,2018,0.08333333333333333
299585,2017,0.9166666666666666
299585,2018,1.5833333333333333
299760,2017,1.5
299760,2018,0.75
299769,2017,0.25
299769,2018,1.75
299830,2017,2.5833333333333335
299830,2018,1.8333333333333333
299919,2018,3.727272727272727
300008,2017,1.0833333333333333
300008,2018,1.4166666666666667
300023,2017,2.1666666666666665
300023,2018,2.0833333333333335
300051,2017,1.25
300051,2018,2.0833333333333335
300106,2017,0.0
300106,2018,0.0
300166,2017,1.25
300166,2018,0.8333333333333334
300371,2017,2.0
300371,2018,1.75
300376,2017,0.0
300376,2018,0.0
300454,2018,0.0
300460,2017,0.0
300460,2018,0.6666666666666666
300465,2017,1.6666666666666667
300465,2018,0.75
300606,2017,1.4166666666666667
300606,2018,1.75
300623,2017,1.0
300623,2018,0.0
300676,2017,1.75
300676,2018,1.8333333333333333
300678,2017,0.0
300678,2018,0.0
300733,2017,1.4166666666666667
300733,2018,1.3333333333333333
300806,2017,2.0
300806,2018,2.0
300818,2017,1.5833333333333333
300818,2018,2.0
300836,2017,1.0833333333333333
300836,2018,1.8333333333333333
300845,2017,1.75
300845,2018,1.5833333333333333
300867,2017,0.0
300867,2018,0.4166666666666667
300870,2017,1.9166666666666667
300870,2018,2.25
300945,2017,1.4166666666666667
300945,2018,1.8333333333333333
300960,2017,2.0833333333333335
300960,2018,1.9166666666666667
300964,2017,1.4166666666666667
300964,2018,1.4166666666666667
301094,2017,1.25
301094,2018,1.25
301112,2017,2.8333333333333335
301112,2018,1.5833333333333333
301152,2017,0.0
301152,2018,1.4166666666666667
301155,2017,1.25
301155,2018,1.8333333333333333
301301,2017,2.0
301301,2018,1.0833333333333333
301323,2018,4.545454545454546
301563,2017,1.75
301563,2018,1.3333333333333333
301603,2017,1.1666666666666667
301603,2018,1.5833333333333333
301744,2017,1.5833333333333333
301744,2018,1.75
301760,2017,2.0833333333333335
301760,2018,1.9166666666666667
301784,2017,2.1666666666666665
301784,2018,1.6666666666666667
301793,2017,2.3333333333333335
301793,2018,0.5
301794,2017,0.6666666666666666
301794,2018,1.5
302056,2017,1.25
302056,2018,2.25
302057,2018,1.8181818181818181
302066,2017,0.0
302066,2018,1.25
302129,2017,2.0
302129,2018,0.8333333333333334
302134,2017,1.1666666666666667
302134,2018,1.75
302158,2017,2.25
302158,2018,1.5833333333333333
302186,2017,2.1666666666666665
302186,2018,0.75
302188,2017,0.0
302188,2018,0.5
302198,2017,1.9166666666666667
302198,2018,1.5833333333333333
302258,2017,2.6666666666666665
302258,2018,1.1666666666666667
302313,2017,1.6666666666666667
302313,2018,0.0
302414,2017,1.3333333333333333
302414,2018,1.4166666666666667
302460,2017,1.3333333333333333
302460,2018,1.8333333333333333
302467,2017,1.3333333333333333
302467,2018,0.9166666666666666
302509,2017,0.9166666666666666
302509,2018,1.3333333333333333
302628,2017,2.25
302628,2018,1.5833333333333333
302657,2017,0.0
302657,2018,0.6666666666666666
302669,2017,0.0
302669,2018,1.3333333333333333
302792,2017,0.0
302792,2018,0.0
302804,2017,1.0833333333333333
302804,2018,1.5833333333333333
302827,2017,0.0
302827,2018,0.0
302839,2017,1.0833333333333333
302839,2018,1.1666666666666667
302874,2017,2.0833333333333335
302874,2018,1.9166666666666667
302908,2017,0.6666666666666666
302908,2018,2.25
302921,2017,1.1666666666666667
302921,2018,2.0
302957,2017,1.8333333333333333
302957,2018,1.6666666666666667
302980,2017,0.0
302980,2018,0.0
303049,2017,0.0
303049,2018,0.0
303207,2017,0.75
303207,2018,1.5
303246,2017,1.5833333333333333
303246,2018,2.4166666666666665
303396,2017,0.0
303396,2018,0.0
303445,2017,0.0
303445,2018,0.4166666666666667
303573,2017,1.9166666666666667
303573,2018,2.0
303621,2017,0.0
303621,2018,0.0
303682,2017,1.5
303682,2018,2.0
303934,2017,1.0833333333333333
303934,2018,1.5833333333333333
304080,2017,0.0
304080,2018,0.4166666666666667
304117,2017,0.9166666666666666
304117,2018,0.8333333333333334
304131,2017,1.5
304131,2018,1.1666666666666667
304445,2017,0.5
304445,2018,1.0833333333333333
304528,2017,0.0
304528,2018,0.0
304600,2017,1.1875
304600,2018,1.5909090909090908
304601,2017,1.75
304601,2018,1.0833333333333333
304620,2017,1.75
304620,2018,0.0
304643,2017,2.4166666666666665
304643,2018,1.5
304726,2017,1.4166666666666667
304726,2018,1.5
304764,2017,0.9166666666666666
304764,2018,0.16666666666666666
304770,2017,2.25
304770,2018,0.9166666666666666
304779,2017,0.9166666666666666
304779,2018,2.0
304824,2017,0.6666666666666666
304824,2018,0.8333333333333334
304870,2017,0.0
304870,2018,0.0
304887,2017,0.0
304887,2018,0.0
304944,2017,2.4166666666666665
304944,2018,1.5833333333333333
305100,2017,1.0
305100,2018,1.1666666666666667
305102,2017,0.6666666666666666
305102,2018,2.1666666666666665
305150,2017,1.25
305150,2018,2.25
305171,2017,1.6666666666666667
305171,2018,1.25
305243,2017,2.1666666666666665
305243,2018,1.8333333333333333
305287,2017,0.25
305287,2018,0.0
305380,2017,2.1666666666666665
305380,2018,0.6666666666666666
305412,2017,1.0
305412,2018,2.1666666666666665
305556,2017,0.0
305556,2018,0.4166666666666667
305572,2017,0.0
305572,2018,0.0
305604,2017,1.0833333333333333
305604,2018,0.0
305618,2017,0.0
305618,2018,0.0
305687,2017,1.75
305687,2018,1.1666666666666667
305807,2017,1.1666666666666667
305807,2018,1.8333333333333333
305843,2017,0.0
305843,2018,0.6666666666666666
305857,2017,0.0
305857,2018,1.6666666666666667
305910,2017,0.08333333333333333
305910,2018,0.9166666666666666
306051,2017,1.25
306051,2018,0.9166666666666666
306068,2017,2.4166666666666665
306068,2018,1.3333333333333333
306110,2017,0.8333333333333334
306110,2018,1.5833333333333333
306112,2017,0.0
306112,2018,0.0
306203,2017,0.0
306203,2018,0.0
306231,2017,1.5833333333333333
306231,2018,1.5
306288,2017,1.9166666666666667
306288,2018,0.08333333333333333
306331,2017,1.75
306331,2018,1.9166666666666667
306400,2017,0.6666666666666666
306400,2018,1.5
306402,2017,1.5833333333333333
306402,2018,1.25
306596,2017,0.0
306596,2018,0.6666666666666666
306667,2017,1.3333333333333333
306667,2018,1.1666666666666667
306676,2017,2.5
306676,2018,1.8333333333333333
306708,2017,1.75
306708,2018,0.75
306869,2017,0.9166666666666666
306869,2018,1.4166666666666667
306872,2017,1.0
306872,2018,1.0
306880,2017,0.8333333333333334
306880,2018,1.3333333333333333
306965,2017,1.3333333333333333
306965,2018,1.4166666666666667
307032,2017,0.5833333333333334
307032,2018,0.0
307033,2017,1.3333333333333333
307033,2018,1.25
307047,2017,2.3333333333333335
307047,2018,0.4166666666666667
307049,2017,2.8333333333333335
307049,2018,1.6666666666666667
307136,2017,1.4166666666666667
307136,2018,1.25
307159,2017,0.0
307159,2018,0.0
307166,2017,2.8333333333333335
307166,2018,1.4166666666666667
307178,2017,0.8333333333333334
307178,2018,1.4166666666666667
307233,2017,2.4166666666666665
307233,2018,1.5833333333333333
307256,2017,1.5
307256,2018,1.75
307296,2017,0.9166666666666666
307296,2018,0.8333333333333334
307321,2017,0.0
307321,2018,0.3333333333333333
307619,2017,0.0
307619,2018,1.0833333333333333
307622,2017,1.5
307622,2018,1.5833333333333333
307623,2017,2.3333333333333335
307623,2018,1.8333333333333333
307631,2017,1.0
307631,2018,0.0
307740,2017,1.5
307740,2018,0.9166666666666666
307785,2017,1.5
307785,2018,1.6666666666666667
307848,2017,1.25
307848,2018,2.0
307859,2017,1.25
307859,2018,2.1666666666666665
308144,2017,0.0
308144,2018,1.5
308171,2017,1.25
308171,2018,1.4166666666666667
308176,2017,1.3333333333333333
308176,2018,1.75
308197,2017,1.4166666666666667
308197,2018,1.5
308202,2017,0.0
308202,2018,0.75
308214,2017,1.5833333333333333
308214,2018,2.0
308255,2017,0.08333333333333333
308255,2018,1.6666666666666667
308362,2017,1.6666666666666667
308362,2018,2.0
308379,2017,2.3333333333333335
308379,2018,1.25
308480,2017,0.0
308480,2018,0.46153846153846156
308591,2017,2.0833333333333335
308591,2018,1.5833333333333333
308629,2017,1.5833333333333333
308629,2018,1.0
308704,2017,1.9166666666666667
308704,2018,1.3333333333333333
308798,2017,1.5
308798,2018,1.0833333333333333
308891,2017,0.0
308891,2018,1.6666666666666667
308991,2017,1.5833333333333333
308991,2018,1.5
309041,2017,1.8333333333333333
309041,2018,1.25
309108,2017,1.25
309108,2018,1.3333333333333333
309110,2017,1.75
309110,2018,0.8333333333333334
309230,2017,1.5909090909090908
309230,2018,1.0952380952380953
309277,2017,1.0833333333333333
309277,2018,1.25
309304,2017,2.3333333333333335
309304,2018,1.0833333333333333
309352,2017,2.4166666666666665
309352,2018,1.4166666666666667
309364,2017,2.0833333333333335
309364,2018,1.6666666666666667
309408,2017,1.6666666666666667
309408,2018,1.6666666666666667
309456,2017,1.4166666666666667
309456,2018,1.9166666666666667
309480,2017,2.25
309480,2018,1.6666666666666667
309584,2017,1.5833333333333333
309584,2018,1.0
309602,2017,2.4166666666666665
309602,2018,2.0833333333333335
309639,2017,0.0
309639,2018,1.3333333333333333
309727,2017,2.25
309727,2018,1.0833333333333333
309861,2017,1.3333333333333333
309861,2018,2.4166666666666665
309921,2017,1.5833333333333333
309921,2018,2.3333333333333335
309933,2017,1.6666666666666667
309933,2018,0.8333333333333334
310236,2017,0.0
310236,2018,0.0
310252,2017,2.25
310252,2018,0.8333333333333334
310396,2017,1.8333333333333333
310396,2018,2.5
310534,2017,2.3333333333333335
310534,2018,1.1666666666666667
310681,2017,0.0
310681,2018,0.5
310700,2017,2.25
310700,2018,2.5
310833,2017,0.0
310833,2018,0.0
310853,2017,1.0
310853,2018,1.9166666666666667
310867,2017,0.0
310867,2018,0.0
310911,2017,0.0
310911,2018,1.5833333333333333
310965,2017,0.6666666666666666
310965,2018,2.4166666666666665
310983,2017,2.3333333333333335
310983,2018,1.6666666666666667
311008,2017,0.0
311008,2018,0.0
311346,2017,1.8333333333333333
311346,2018,2.0833333333333335
311363,2017,1.5833333333333333
311363,2018,1.25
311556,2017,1.6666666666666667
311556,2018,2.0833333333333335
311619,2017,0.4166666666666667
311619,2018,2.1666666666666665
311636,2017,2.4166666666666665
311636,2018,2.0833333333333335
311684,2017,1.5
311684,2018,2.0833333333333335
311692,2018,8.090909090909092
311762,2017,3.0
311762,2018,1.25
311795,2017,1.0
311795,2018,0.3333333333333333
311841,2017,0.0
311841,2018,1.1666666666666667
311857,2017,0.0
311857,2018,0.0
311907,2017,1.4166666666666667
311907,2018,2.4166666666666665
311943,2017,1.0833333333333333
311943,2018,1.25
311946,2017,1.0833333333333333
311946,2018,1.5833333333333333
311952,2017,0.5
311952,2018,0.6666666666666666
312048,2017,1.8333333333333333
312048,2018,1.25
312074,2017,2.1666666666666665
312074,2018,1.5833333333333333
312148,2017,1.0833333333333333
312148,2018,1.0
312180,2017,1.5833333333333333
312180,2018,1.4166666666666667
312226,2017,0.25
312226,2018,1.5
312248,2017,1.6666666666666667
312248,2018,1.3333333333333333
312312,2017,1.5833333333333333
312312,2018,1.0
312455,2017,1.3333333333333333
312455,2018,2.6666666666666665
312474,2017,0.75
312474,2018,1.0
312490,2017,1.75
312490,2018,1.3333333333333333
312530,2017,1.5833333333333333
312530,2018,2.1666666666666665
312545,2017,0.3333333333333333
312545,2018,1.5
312568,2017,2.0
312568,2018,1.0
312607,2017,1.5833333333333333
312607,2018,1.4166666666666667
312630,2017,0.75
312630,2018,1.3333333333333333
312744,2017,0.0
312744,2018,0.5833333333333334
312774,2017,1.8333333333333333
312774,2018,1.0
312863,2017,2.0833333333333335
312863,2018,1.9166666666666667
312867,2017,1.1666666666666667
312867,2018,1.4166666666666667
312933,2017,2.0833333333333335
312933,2018,1.0833333333333333
312979,2017,2.0833333333333335
312979,2018,1.3333333333333333
313185,2017,1.3333333333333333
313185,2018,1.0833333333333333
313254,2017,2.0
313254,2018,1.4166666666666667
313292,2017,0.0
313292,2018,0.8333333333333334
313424,2017,1.5
313424,2018,1.8333333333333333
313437,2017,0.5833333333333334
313437,2018,0.6666666666666666
313461,2017,1.5833333333333333
313461,2018,2.75
313473,2017,2.0
313473,2018,1.6666666666666667
313477,2017,1.4166666666666667
313477,2018,1.8333333333333333
313538,2017,2.1666666666666665
313538,2018,1.3333333333333333
313544,2017,2.0833333333333335
313544,2018,0.16666666666666666
313571,2017,0.0
313571,2018,0.0
313602,2017,2.25
313602,2018,2.0
313673,2017,0.0
313673,2018,0.3333333333333333
313681,2017,2.0833333333333335
313681,2018,1.5
313688,2017,2.3333333333333335
313688,2018,2.25
313708,2017,0.0
313708,2018,1.5
313732,2017,1.3333333333333333
313732,2018,0.6666666666666666
313763,2017,0.5
313763,2018,1.5
313815,2017,1.0833333333333333
313815,2018,0.75
313837,2018,3.4545454545454546
313860,2017,2.0
313860,2018,1.9166666666666667
313982,2017,1.8333333333333333
313982,2018,1.6666666666666667
313996,2017,0.75
313996,2018,0.0
314014,2017,0.9166666666666666
314014,2018,1.4166666666666667
314065,2017,1.6666666666666667
314065,2018,1.5833333333333333
314081,2017,0.3333333333333333
314081,2018,0.5
314108,2017,1.5
314108,2018,0.9166666666666666
314147,2017,1.8333333333333333
314147,2018,2.4166666666666665
314182,2017,0.0
314182,2018,0.0
314189,2017,0.0
314189,2018,0.16666666666666666
314202,2017,1.1666666666666667
314202,2018,1.8333333333333333
314250,2017,1.0
314250,2018,1.9166666666666667
314258,2017,1.75
314258,2018,2.0833333333333335
314317,2017,1.6666666666666667
314317,2018,1.5
314328,2017,1.0
314328,2018,2.4166666666666665
314372,2017,1.5833333333333333
314372,2018,1.1666666666666667
314413,2017,0.0
314413,2018,1.25
314441,2017,0.0
314441,2018,0.0
314558,2017,0.0
314558,2018,0.0
314589,2017,1.5833333333333333
314589,2018,2.1666666666666665
314705,2018,3.272727272727273
314713,2017,0.25
314713,2018,1.0
314718,2017,2.0
314718,2018,1.4166666666666667
314742,2017,1.25
314742,2018,1.25
314842,2017,1.5833333333333333
314842,2018,2.0
314898,2017,2.0
314898,2018,1.4166666666666667
314935,2017,2.1666666666666665
314935,2018,1.4166666666666667
314941,2017,1.3333333333333333
314941,2018,2.3333333333333335
315014,2018,3.5454545454545454
315054,2017,0.5
315054,2018,0.4166666666666667
315113,2017,1.75
315113,2018,1.5
315225,2017,1.1666666666666667
315225,2018,1.1666666666666667
315235,2017,1.9166666666666667
315235,2018,1.6666666666666667
315242,2017,0.0
315242,2018,0.0
315337,2017,0.0
315337,2018,0.16666666666666666
315361,2017,1.8333333333333333
315361,2018,1.4166666666666667
315482,2017,1.25
315482,2018,1.0833333333333333
315527,2018,2.909090909090909
315736,2017,1.3333333333333333
315736,2018,1.3333333333333333
315848,2017,2.4166666666666665
315848,2018,1.25
315851,2017,1.75
315851,2018,1.75
315869,2017,1.5833333333333333
315869,2018,1.9166666666666667
316082,2017,1.1666666666666667
316082,2018,1.25
316290,2017,1.4166666666666667
316290,2018,2.1666666666666665
316307,2017,0.0
316307,2018,1.6666666666666667
316308,2017,1.75
316308,2018,0.5833333333333334
316323,2017,0.5833333333333334
316323,2018,0.5833333333333334
316527,2017,2.4166666666666665
316527,2018,2.0833333333333335
316548,2017,0.0
316548,2018,0.3333333333333333
316633,2017,0.25
316633,2018,1.1666666666666667
316644,2017,1.5833333333333333
316644,2018,1.1666666666666667
316666,2017,0.0
316666,2018,0.6666666666666666
316752,2017,1.5833333333333333
316752,2018,1.0833333333333333
316793,2017,1.1666666666666667
316793,2018,1.0
316933,2017,0.8333333333333334
316933,2018,1.5833333333333333
316970,2017,0.0
316970,2018,0.5
316982,2017,1.5833333333333333
316982,2018,0.8333333333333334
317001,2017,0.0
317001,2018,0.3333333333333333
317060,2017,2.0
317060,2018,1.25
317094,2017,1.9166666666666667
317094,2018,1.5
317100,2017,2.4166666666666665
317100,2018,1.0
317137,2018,7.2727272727272725
317205,2017,2.0833333333333335
317205,2018,1.4166666666666667
317260,2017,0.3333333333333333
317260,2018,2.0833333333333335
317624,2017,1.5
317624,2018,1.9166666666666667
317664,2017,0.8333333333333334
317664,2018,1.4166666666666667
317683,2017,1.3333333333333333
317683,2018,1.9166666666666667
317689,2017,0.0
317689,2018,0.0
317726,2017,0.9166666666666666
317726,2018,2.0
317774,2017,1.0833333333333333
317774,2018,1.5
317776,2017,2.0833333333333335
317776,2018,1.5833333333333333
317827,2017,1.75
317827,2018,1.9166666666666667
317888,2017,1.4166666666666667
317888,2018,1.0833333333333333
317919,2017,1.5
317919,2018,1.9166666666666667
318180,2017,1.6666666666666667
318180,2018,1.6666666666666667
318199,2017,1.0
318199,2018,1.6666666666666667
318264,2017,0.75
318264,2018,1.5
318285,2017,0.0
318285,2018,2.0
318291,2017,0.0
318291,2018,0.0
318537,2017,0.0
318537,2018,0.0
318561,2017,2.0
318561,2018,2.1666666666666665
318564,2017,1.5
318564,2018,1.8333333333333333
318595,2017,0.0
318595,2018,1.3333333333333333
318654,2017,2.3333333333333335
318654,2018,0.75
318751,2017,1.25
318751,2018,1.75
318753,2017,0.08333333333333333
318753,2018,1.25
318755,2017,1.3333333333333333
318755,2018,1.1666666666666667
318786,2017,1.5
318786,2018,1.0
318845,2017,0.0
318845,2018,0.0
318902,2017,2.0
318902,2018,2.25
318945,2017,1.5833333333333333
318945,2018,1.0833333333333333
319012,2017,0.5833333333333334
319012,2018,2.1666666666666665
319052,2017,2.0833333333333335
319052,2018,1.9166666666666667
319059,2017,2.0
319059,2018,1.4166666666666667
319092,2017,0.5833333333333334
319092,2018,0.0
319123,2017,2.0
319123,2018,1.1666666666666667
319193,2017,0.9166666666666666
319193,2018,0.0
319304,2017,0.4166666666666667
319304,2018,2.75
319378,2017,2.1666666666666665
319378,2018,1.75
319387,2017,1.75
319387,2018,1.3333333333333333
319430,2018,3.6363636363636362
319433,2017,1.3333333333333333
319433,2018,1.5833333333333333
319464,2017,0.0
319464,2018,0.0
319469,2017,0.25
319469,2018,1.6666666666666667
319501,2017,1.25
319501,2018,1.3333333333333333
319504,2017,0.6666666666666666
319504,2018,2.0
319658,2017,0.16666666666666666
319658,2018,0.9166666666666666
319664,2017,1.0833333333333333
319664,2018,2.5
319671,2018,3.727272727272727
319742,2017,0.16666666666666666
319742,2018,1.0833333333333333
319766,2017,0.0
319766,2018,0.0
319768,2018,3.8181818181818183
319801,2018,4.2727272727272725
319822,2017,0.5833333333333334
319822,2018,2.1666666666666665
319850,2017,0.8333333333333334
319850,2018,2.0
319868,2017,1.8333333333333333
319868,2018,1.5
319901,2017,0.0
319901,2018,0.25
319947,2017,1.5833333333333333
319947,2018,1.0833333333333333
320004,2017,1.5833333333333333
320004,2018,1.3333333333333333
320031,2017,1.5833333333333333
320031,2018,2.6666666666666665
320042,2017,0.75
320042,2018,1.3333333333333333
320180,2017,2.0
320180,2018,2.4166666666666665
320183,2018,3.090909090909091
320191,2017,1.8333333333333333
320191,2018,1.6666666666666667
320377,2017,0.0
320377,2018,0.0
320414,2017,0.0
320414,2018,1.75
320576,2017,2.0833333333333335
320576,2018,1.6666666666666667
320685,2017,1.5833333333333333
320685,2018,1.1666666666666667
320728,2017,0.0
320728,2018,0.9166666666666666
320772,2017,1.9166666666666667
320772,2018,1.0833333333333333
320784,2017,1.8333333333333333
320784,2018,2.1666666666666665
320980,2017,0.0
320980,2018,0.8333333333333334
320996,2017,0.0
320996,2018,1.5833333333333333
321012,2017,1.8333333333333333
321012,2018,1.1666666666666667
321027,2017,1.5833333333333333
321027,2018,1.5
321074,2017,1.0833333333333333
321074,2018,1.3333333333333333
321213,2018,4.454545454545454
321227,2017,1.75
321227,2018,1.5
321388,2017,0.9166666666666666
321388,2018,1.5833333333333333
321427,2017,0.0
321427,2018,0.5833333333333334
321436,2017,2.1666666666666665
321436,2018,1.8333333333333333
321457,2017,1.25
321457,2018,1.5833333333333333
321557,2017,0.0
321557,2018,0.0
321656,2017,0.0
321656,2018,0.0
321666,2017,1.5833333333333333
321666,2018,2.1666666666666665
321734,2017,0.0
321734,2018,1.5833333333333333
321748,2017,2.5
321748,2018,1.5833333333333333
321762,2017,1.0833333333333333
321762,2018,1.25
321795,2017,1.0833333333333333
321795,2018,0.6666666666666666
321954,2017,1.5833333333333333
321954,2018,1.3333333333333333
322000,2017,2.25
322000,2018,2.3333333333333335
322102,2017,0.0
322102,2018,0.0
322169,2017,1.5263157894736843
322169,2018,1.0454545454545454
322193,2017,1.1666666666666667
322193,2018,2.25
322294,2017,0.0
322294,2018,1.5
322435,2017,0.0
322435,2018,0.0
322451,2017,1.75
322451,2018,1.3333333333333333
322501,2017,1.5
322501,2018,1.75
322606,2017,1.3333333333333333
322606,2018,1.5833333333333333
322733,2017,1.6666666666666667
322733,2018,1.0
322955,2017,0.0
322955,2018,0.5
323043,2017,0.8333333333333334
323043,2018,1.75
323068,2017,2.0
323068,2018,1.0833333333333333
323099,2017,1.6666666666666667
323099,2018,1.0
323154,2017,2.25
323154,2018,2.3333333333333335
323249,2018,2.1818181818181817
323311,2017,1.0833333333333333
323311,2018,1.3333333333333333
323341,2017,0.0
323341,2018,0.0
323345,2017,2.8333333333333335
323345,2018,1.75
323424,2017,1.5
323424,2018,1.0833333333333333
323448,2017,2.5833333333333335
323448,2018,1.5833333333333333
323542,2017,1.75
323542,2018,1.5833333333333333
323593,2017,0.0
323593,2018,0.0
323660,2018,4.818181818181818
323720,2017,1.25
323720,2018,0.8333333333333334
323735,2017,2.4166666666666665
323735,2018,1.8333333333333333
323776,2017,0.0
323776,2018,0.8333333333333334
323792,2017,0.0
323792,2018,0.0
323821,2017,1.4736842105263157
323821,2018,1.75
324013,2017,0.4166666666666667
324013,2018,0.0
324048,2017,1.0833333333333333
324048,2018,2.0
324049,2017,0.0
324049,2018,0.0
324066,2017,0.0
324066,2018,0.75
324125,2017,1.6666666666666667
324125,2018,1.4166666666666667
324139,2017,1.5833333333333333
324139,2018,1.5833333333333333
324143,2017,0.5833333333333334
324143,2018,1.3333333333333333
324242,2017,2.0833333333333335
324242,2018,1.8333333333333333
324248,2017,1.0833333333333333
324248,2018,1.5833333333333333
324295,2017,0.9166666666666666
324295,2018,2.1666666666666665
324364,2017,2.1666666666666665
324364,2018,0.5
324404,2017,0.4166666666666667
324404,2018,1.3333333333333333
324506,2017,1.1666666666666667
324506,2018,1.5
324557,2017,1.3333333333333333
324557,2018,1.5
324662,2017,1.3333333333333333
324662,2018,1.8333333333333333
324707,2017,1.4166666666666667
324707,2018,1.1666666666666667
324713,2017,0.0
324713,2018,0.0
324739,2017,0.6666666666666666
324739,2018,2.3333333333333335
324773,2017,1.6666666666666667
324773,2018,2.3333333333333335
324801,2017,0.6666666666666666
324801,2018,2.0833333333333335
324881,2017,1.4166666666666667
324881,2018,1.8333333333333333
324900,2017,0.0
324900,2018,0.5833333333333334
324997,2017,1.9166666666666667
324997,2018,1.8333333333333333
325082,2017,1.4166666666666667
325082,2018,1.4166666666666667
325134,2017,1.8333333333333333
325134,2018,1.0833333333333333
325190,2017,1.0
325190,2018,2.0833333333333335
325268,2017,1.75
325268,2018,1.3333333333333333
325367,2017,2.1666666666666665
325367,2018,1.0833333333333333
325379,2017,2.0
325379,2018,2.25
325382,2017,1.8333333333333333
325382,2018,2.0833333333333335
325490,2017,1.5
325490,2018,2.1666666666666665
325498,2017,1.5833333333333333
325498,2018,1.5
325593,2018,6.0
325599,2017,1.1666666666666667
325599,2018,1.1666666666666667
325661,2017,1.6666666666666667
325661,2018,1.5833333333333333
325778,2017,1.75
325778,2018,2.1666666666666665
325802,2017,1.6666666666666667
325802,2018,1.25
325830,2018,5.454545454545454
325901,2017,0.0
325901,2018,1.1666666666666667
325935,2017,1.25
325935,2018,2.1666666666666665
326001,2017,1.8333333333333333
326001,2018,1.5
326028,2017,0.0
326028,2018,0.75
326069,2017,1.8333333333333333
326069,2018,1.3333333333333333
326174,2017,0.0
326174,2018,0.3333333333333333
326234,2017,1.8333333333333333
326234,2018,0.9166666666666666
326240,2017,1.0
326240,2018,0.0
326267,2017,1.3333333333333333
326267,2018,1.4166666666666667
326272,2018,5.636363636363637
326280,2017,2.3333333333333335
326280,2018,2.5
326418,2017,0.75
326418,2018,2.1666666666666665
326561,2017,0.9166666666666666
326561,2018,0.0
326564,2017,2.3333333333333335
326564,2018,1.9166666666666667
326603,2017,1.5
326603,2018,1.75
326699,2017,0.9166666666666666
326699,2018,2.25
326703,2017,0.0
326703,2018,0.9166666666666666
326707,2017,1.5
326707,2018,2.0833333333333335
326724,2017,1.4166666666666667
326724,2018,1.75
326803,2017,1.8333333333333333
326803,2018,1.5
326823,2017,2.0
326823,2018,1.0833333333333333
326905,2017,1.5833333333333333
326905,2018,1.25
326961,2017,3.1666666666666665
326961,2018,2.0
326988,2017,0.8333333333333334
326988,2018,2.0833333333333335
327015,2017,2.25
327015,2018,1.3333333333333333
327019,2017,0.0
327019,2018,0.75
327098,2017,2.75
327098,2018,0.75
327163,2017,1.5833333333333333
327163,2018,1.0833333333333333
327203,2017,0.0
327203,2018,1.1666666666666667
327285,2017,1.6666666666666667
327285,2018,1.0833333333333333
327320,2017,1.4166666666666667
327320,2018,1.6666666666666667
327365,2017,0.0
327365,2018,0.4166666666666667
327470,2017,1.8333333333333333
327470,2018,1.8333333333333333
327474,2017,0.5833333333333334
327474,2018,1.0833333333333333
327498,2017,0.0
327498,2018,0.0
327530,2017,1.25
327530,2018,1.0833333333333333
327555,2017,2.0833333333333335
327555,2018,2.3333333333333335
327565,2017,0.0
327565,2018,0.0
327638,2017,0.0
327638,2018,1.3333333333333333
327653,2017,1.25
327653,2018,1.1666666666666667
327688,2017,1.75
327688,2018,1.25
327796,2017,0.5
327796,2018,1.8333333333333333
327866,2017,0.8333333333333334
327866,2018,1.8333333333333333
327903,2017,0.0
327903,2018,0.9166666666666666
327910,2017,1.9166666666666667
327910,2018,1.5833333333333333
327972,2017,0.75
327972,2018,1.8333333333333333
328111,2017,2.0833333333333335
328111,2018,2.25
328116,2017,1.5833333333333333
328116,2018,1.4166666666666667
328173,2017,1.4166666666666667
328173,2018,1.0
328180,2018,4.818181818181818
328181,2017,1.75
328181,2018,1.3333333333333333
328188,2017,1.8333333333333333
328188,2018,1.25
328198,2017,2.4166666666666665
328198,2018,1.4166666666666667
328213,2017,2.0
328213,2018,1.6666666666666667
328303,2017,2.0833333333333335
328303,2018,2.0833333333333335
328323,2017,0.6666666666666666
328323,2018,1.5833333333333333
328349,2017,0.0
328349,2018,0.8333333333333334
328394,2017,0.0
328394,2018,0.0
328446,2017,0.6666666666666666
328446,2018,2.1666666666666665
328543,2017,2.25
328543,2018,0.5
328576,2017,2.75
328576,2018,1.5
328602,2017,0.0
328602,2018,0.0
328623,2017,1.619047619047619
328623,2018,1.7826086956521738
328668,2017,2.0833333333333335
328668,2018,1.6666666666666667
328754,2017,1.9166666666666667
328754,2018,1.5833333333333333
328936,2017,2.25
328936,2018,1.5
329039,2017,1.6666666666666667
329039,2018,1.8333333333333333
329056,2017,0.8333333333333334
329056,2018,1.9166666666666667
329088,2017,2.3333333333333335
329088,2018,0.0
329094,2017,2.25
329094,2018,1.75
329162,2017,1.5
329162,2018,1.0
329214,2017,2.0833333333333335
329214,2018,1.5
329215,2017,1.25
329215,2018,1.0833333333333333
329281,2017,0.0
329281,2018,0.3333333333333333
329300,2017,2.1666666666666665
329300,2018,2.3333333333333335
329302,2017,1.5
329302,2018,2.1666666666666665
329355,2017,1.5
329355,2018,1.5833333333333333
329358,2017,0.0
329358,2018,1.9166666666666667
329364,2017,2.6666666666666665
329364,2018,2.0833333333333335
329382,2017,0.0
329382,2018,0.0
329446,2017,0.0
329446,2018,0.0
329587,2017,1.6666666666666667
329587,2018,1.5
329660,2017,0.5833333333333334
329660,2018,1.1666666666666667
329692,2017,1.0833333333333333
329692,2018,1.75
329720,2017,2.3333333333333335
329720,2018,1.3333333333333333
329730,2017,0.08333333333333333
329730,2018,1.25
329735,2017,1.5833333333333333
329735,2018,1.25
329736,2017,1.6666666666666667
329736,2018,1.6666666666666667
329826,2017,1.6666666666666667
329826,2018,1.9166666666666667
329833,2017,0.0
329833,2018,0.0
329839,2017,2.5
329839,2018,1.5833333333333333
329910,2017,0.0
329910,2018,1.0
330040,2017,1.9166666666666667
330040,2018,1.75
330053,2017,2.4166666666666665
330053,2018,2.0833333333333335
330131,2017,1.5
330131,2018,2.0
330249,2017,1.8333333333333333
330249,2018,1.0833333333333333
330278,2017,1.3333333333333333
330278,2018,1.0
330316,2017,1.5
330316,2018,1.25
330343,2017,2.0
330343,2018,1.5833333333333333
330365,2017,1.5
330365,2018,1.3333333333333333
330433,2017,2.4166666666666665
330433,2018,2.0
330464,2017,1.6666666666666667
330464,2018,1.6666666666666667
330468,2017,1.4166666666666667
330468,2018,1.25
330515,2017,2.1666666666666665
330515,2018,0.4166666666666667
330562,2018,5.363636363636363
330680,2017,1.25
330680,2018,1.3333333333333333
330694,2018,3.4545454545454546
330741,2017,1.5833333333333333
330741,2018,1.6666666666666667
330779,2017,1.6666666666666667
330779,2018,1.1666666666666667
330783,2017,2.0
330783,2018,1.4166666666666667
330858,2017,1.8333333333333333
330858,2018,1.75
330870,2017,0.0
330870,2018,0.8333333333333334
330947,2017,0.0
330947,2018,1.25
330988,2017,1.25
330988,2018,1.0833333333333333
331078,2017,2.4166666666666665
331078,2018,0.6666666666666666
331094,2017,0.0
331094,2018,0.6666666666666666
331184,2017,0.6666666666666666
331184,2018,1.5
331258,2017,1.0
331258,2018,1.4166666666666667
331301,2017,1.4166666666666667
331301,2018,1.8333333333333333
331325,2017,1.6666666666666667
331325,2018,1.5
331353,2017,2.0
331353,2018,2.0833333333333335
331560,2017,1.9166666666666667
331560,2018,2.3333333333333335
331598,2017,0.6666666666666666
331598,2018,1.8333333333333333
331669,2017,0.5
331669,2018,0.0
331697,2017,2.25
331697,2018,1.3333333333333333
331698,2017,1.9166666666666667
331698,2018,1.3333333333333333
331699,2017,1.3333333333333333
331699,2018,1.4166666666666667
331706,2017,2.0833333333333335
331706,2018,1.6666666666666667
331857,2017,0.5833333333333334
331857,2018,1.9166666666666667
331992,2017,0.0
331992,2018,0.0
331995,2017,0.5
331995,2018,0.0
332003,2017,0.0
332003,2018,0.0
332027,2017,1.4166666666666667
332027,2018,1.0833333333333333
332077,2017,0.16666666666666666
332077,2018,2.1666666666666665
332082,2017,1.75
332082,2018,1.5833333333333333
332175,2017,1.8333333333333333
332175,2018,1.3333333333333333
332208,2017,1.8333333333333333
332208,2018,1.8333333333333333
332225,2017,0.8333333333333334
332225,2018,2.4166666666666665
332276,2017,1.0833333333333333
332276,2018,1.5
332289,2017,2.0833333333333335
332289,2018,1.0833333333333333
332387,2017,2.1666666666666665
332387,2018,1.0
332409,2017,1.5
332409,2018,2.5
332430,2017,1.3333333333333333
332430,2018,1.5
332466,2017,1.6666666666666667
332466,2018,1.5833333333333333
332711,2017,2.5
332711,2018,0.9166666666666666
332716,2017,1.3333333333333333
332716,2018,0.9166666666666666
332780,2017,0.9166666666666666
332780,2018,2.0
332823,2018,5.090909090909091
332855,2017,0.0
332855,2018,0.0
332869,2017,1.75
332869,2018,1.5
332962,2017,1.5
332962,2018,1.75
332983,2018,2.4545454545454546
333039,2017,1.6666666666666667
333039,2018,1.75
333051,2018,0.7272727272727273
333064,2017,1.6666666666666667
333064,2018,1.8333333333333333
333207,2017,0.16666666666666666
333207,2018,1.5
333213,2018,3.909090909090909
333295,2017,1.3333333333333333
333295,2018,1.4166666666666667
333451,2017,2.25
333451,2018,1.8333333333333333
333502,2017,1.1666666666666667
333502,2018,2.3333333333333335
333595,2017,1.5833333333333333
333595,2018,1.8333333333333333
333621,2017,1.4166666666666667
333621,2018,1.0833333333333333
333644,2017,0.0
333644,2018,0.08333333333333333
333680,2017,1.8333333333333333
333680,2018,1.3333333333333333
333694,2017,2.5833333333333335
333694,2018,2.0833333333333335
333773,2017,2.0833333333333335
333773,2018,1.5
333799,2017,1.5
333799,2018,1.6666666666666667
333825,2017,2.0
333825,2018,2.0
334003,2017,1.0
334003,2018,1.5
334143,2017,1.3333333333333333
334143,2018,1.4166666666666667
334192,2017,0.0
334192,2018,0.0
334224,2017,2.0
334224,2018,1.3333333333333333
334273,2017,2.0833333333333335
334273,2018,0.75
334324,2017,1.1666666666666667
334324,2018,1.0833333333333333
334329,2017,1.5833333333333333
334329,2018,1.3333333333333333
334437,2017,2.0
334437,2018,2.1666666666666665
334454,2017,1.75
334454,2018,1.75
334574,2017,0.0
334574,2018,0.0
334575,2017,0.9166666666666666
334575,2018,1.3333333333333333
334997,2017,2.0
334997,2018,1.75
335137,2017,1.4166666666666667
335137,2018,1.4166666666666667
335143,2017,1.9166666666666667
335143,2018,2.0
335162,2017,1.3333333333333333
335162,2018,2.5833333333333335
335246,2018,6.2727272727272725
335306,2017,0.0
335306,2018,2.0
335324,2017,1.25
335324,2018,1.75
335365,2017,2.0833333333333335
335365,2018,1.3333333333333333
335371,2017,1.75
335371,2018,1.75
335421,2017,1.25
335421,2018,0.8333333333333334
335545,2017,1.0833333333333333
335545,2018,2.3333333333333335
335554,2017,1.8333333333333333
335554,2018,2.4166666666666665
335671,2017,2.4166666666666665
335671,2018,1.5
335755,2017,1.1666666666666667
335755,2018,0.5833333333333334
335839,2017,2.1666666666666665
335839,2018,1.5
335852,2017,1.4166666666666667
335852,2018,2.3333333333333335
335964,2017,1.5
335964,2018,1.0833333333333333
336025,2017,1.3333333333333333
336025,2018,0.75
336037,2017,1.0
336037,2018,1.1666666666666667
336076,2017,0.0
336076,2018,0.3333333333333333
336127,2017,2.3333333333333335
336127,2018,2.5
336138,2017,1.3333333333333333
336138,2018,1.8333333333333333
336139,2017,2.25
336139,2018,0.75
336141,2017,1.9166666666666667
336141,2018,1.6666666666666667
336143,2017,1.5833333333333333
336143,2018,1.9166666666666667
336238,2017,0.5
336238,2018,0.0
336247,2017,2.1666666666666665
336247,2018,2.25
336271,2017,1.6666666666666667
336271,2018,1.5833333333333333
336281,2017,2.75
336281,2018,1.6666666666666667
336341,2017,1.9166666666666667
336341,2018,1.0
336357,2018,5.090909090909091
336451,2017,0.0
336451,2018,0.25
336469,2017,0.9166666666666666
336469,2018,1.4166666666666667
336484,2018,3.4545454545454546
336539,2017,1.3333333333333333
336539,2018,2.5
336541,2017,0.16666666666666666
336541,2018,1.5833333333333333
336665,2017,0.0
336665,2018,1.0
336722,2017,1.6666666666666667
336722,2018,1.8333333333333333
336724,2017,1.5833333333333333
336724,2018,1.6666666666666667
336770,2017,1.4166666666666667
336770,2018,1.1666666666666667
336809,2017,2.0
336809,2018,0.75
336817,2018,3.8181818181818183
336831,2017,0.0
336831,2018,0.25
336878,2017,0.0
336878,2018,0.08333333333333333
336882,2017,2.9047619047619047
336882,2018,1.9565217391304348
336902,2018,2.6363636363636362
337066,2017,2.0
337066,2018,1.6666666666666667
337148,2017,1.4166666666666667
337148,2018,1.5
337235,2017,2.25
337235,2018,1.1666666666666667
337260,2017,1.75
337260,2018,1.4166666666666667
337341,2017,0.5833333333333334
337341,2018,0.0
337453,2017,2.1666666666666665
337453,2018,1.3333333333333333
337488,2017,1.0
337488,2018,2.0
337812,2017,0.0
337812,2018,0.0
337815,2017,2.9166666666666665
337815,2018,1.4166666666666667
337818,2017,1.75
337818,2018,3.0
337842,2017,1.9166666666666667
337842,2018,1.1666666666666667
337857,2017,1.0
337857,2018,1.6666666666666667
337925,2017,1.1666666666666667
337925,2018,1.8333333333333333
337932,2017,0.9166666666666666
337932,2018,0.5833333333333334
337945,2017,1.75
337945,2018,1.5
337980,2017,2.1666666666666665
337980,2018,1.6666666666666667
337983,2017,1.0
337983,2018,1.3333333333333333
338059,2017,1.9166666666666667
338059,2018,0.4166666666666667
338125,2017,0.0
338125,2018,0.3333333333333333
338212,2017,0.8333333333333334
338212,2018,1.1666666666666667
338285,2017,1.5833333333333333
338285,2018,1.75
338291,2017,0.0
338291,2018,0.4166666666666667
338295,2017,0.0
338295,2018,0.0
338346,2017,1.6666666666666667
338346,2018,1.25
338750,2017,0.0
338750,2018,0.0
338786,2017,1.8333333333333333
338786,2018,1.0833333333333333
338803,2017,0.0
338803,2018,1.25
338808,2017,0.0
338808,2018,0.5
338837,2017,0.0
338837,2018,0.0
338838,2017,1.75
338838,2018,0.9166666666666666
338872,2017,1.9166666666666667
338872,2018,1.0
339005,2017,1.75
339005,2018,1.4166666666666667
339151,2017,1.5833333333333333
339151,2018,1.75
339220,2017,0.5833333333333334
339220,2018,1.5833333333333333
339274,2017,0.0
339274,2018,0.0
339371,2017,0.0
339371,2018,1.75
339573,2017,2.0
339573,2018,1.6666666666666667
339800,2017,0.8333333333333334
339800,2018,0.0
339819,2017,1.3333333333333333
339819,2018,1.25
339845,2017,0.4166666666666667
339845,2018,1.6666666666666667
339880,2017,1.6666666666666667
339880,2018,2.1666666666666665
339927,2017,1.4166666666666667
339927,2018,1.4166666666666667
339941,2017,0.9166666666666666
339941,2018,1.4166666666666667
340156,2017,0.0
340156,2018,0.0
340277,2017,1.75
340277,2018,0.8333333333333334
340307,2017,1.0
340307,2018,0.8333333333333334
340467,2017,1.8333333333333333
340467,2018,1.25
340479,2017,2.0833333333333335
340479,2018,1.1666666666666667
340492,2017,0.0
340492,2018,0.0
340574,2017,0.5833333333333334
340574,2018,2.1666666666666665
340583,2017,2.25
340583,2018,0.75
340604,2017,0.0
340604,2018,0.0
340638,2018,1.1818181818181819
340691,2017,1.5833333333333333
340691,2018,2.5
340723,2017,0.0
340723,2018,0.5833333333333334
340736,2017,0.0
340736,2018,0.0
340782,2017,0.5833333333333334
340782,2018,1.3333333333333333
340802,2017,2.25
340802,2018,1.0
340874,2017,0.0
340874,2018,2.0833333333333335
340881,2017,0.0
340881,2018,0.0
340924,2017,1.5
340924,2018,1.1666666666666667
340925,2017,1.5
340925,2018,2.4166666666666665
340927,2017,1.0
340927,2018,1.0833333333333333
340931,2017,0.6666666666666666
340931,2018,1.25
340934,2017,0.0
340934,2018,0.0
341169,2017,2.75
341169,2018,1.0
341185,2017,1.3333333333333333
341185,2018,1.6666666666666667
341302,2017,0.75
341302,2018,1.5
341549,2017,1.6666666666666667
341549,2018,0.9166666666666666
341594,2017,0.6666666666666666
341594,2018,1.5
341725,2017,1.5
341725,2018,1.5833333333333333
341728,2017,1.9166666666666667
341728,2018,1.5
341867,2017,1.8333333333333333
341867,2018,0.8333333333333334
341897,2017,0.0
341897,2018,0.08333333333333333
341904,2017,0.0
341904,2018,0.08333333333333333
341907,2017,1.1666666666666667
341907,2018,0.25
341942,2017,1.5833333333333333
341942,2018,1.1666666666666667
342007,2018,3.272727272727273
342044,2017,1.3333333333333333
342044,2018,2.5
342156,2017,1.75
342156,2018,2.25
342407,2017,1.5833333333333333
342407,2018,1.4166666666666667
342483,2018,4.636363636363637
342527,2017,2.75
342527,2018,2.1666666666666665
342554,2017,1.9166666666666667
342554,2018,0.9166666666666666
342569,2017,0.0
342569,2018,0.0
342570,2017,1.3333333333333333
342570,2018,2.0
342583,2017,2.5
342583,2018,1.9166666666666667
342679,2017,1.5833333333333333
342679,2018,1.5
342725,2017,1.9166666666666667
342725,2018,2.0
342738,2017,0.0
342738,2018,0.0
342836,2017,0.0
342836,2018,1.5
342929,2017,1.5833333333333333
342929,2018,1.1666666666666667
342945,2017,0.7333333333333333
342945,2018,0.0
342958,2017,0.25
342958,2018,1.5
342980,2018,2.6363636363636362
343001,2017,1.25
343001,2018,1.4166666666666667
343011,2017,1.1666666666666667
343011,2018,1.3333333333333333
343051,2018,6.909090909090909
343103,2017,1.6666666666666667
343103,2018,1.5833333333333333
343139,2017,1.4166666666666667
343139,2018,1.9166666666666667
343218,2017,1.0
343218,2018,1.9166666666666667
343247,2017,0.0
343247,2018,0.9166666666666666
343377,2017,2.0
343377,2018,1.5833333333333333
343383,2017,1.5
343383,2018,1.25
343425,2017,0.75
343425,2018,0.0
343547,2017,1.25
343547,2018,1.8333333333333333
343605,2017,2.1666666666666665
343605,2018,1.25
343706,2017,1.5
343706,2018,1.5833333333333333
343879,2017,0.0
343879,2018,1.1666666666666667
343884,2017,0.0
343884,2018,0.0
343978,2017,1.1666666666666667
343978,2018,0.0
343994,2017,2.8333333333333335
343994,2018,1.9166666666666667
344009,2017,1.1666666666666667
344009,2018,1.1666666666666667
344039,2017,0.0
344039,2018,0.6666666666666666
344052,2017,0.0
344052,2018,1.3333333333333333
344121,2017,1.75
344121,2018,1.75
344180,2017,0.3333333333333333
344180,2018,1.5
344199,2017,1.0833333333333333
344199,2018,1.75
344232,2017,2.3333333333333335
344232,2018,0.5
344260,2017,1.25
344260,2018,1.0
344372,2018,7.363636363636363
344413,2017,1.25
344413,2018,1.5833333333333333
344464,2017,1.6666666666666667
344464,2018,0.75
344483,2017,2.4166666666666665
344483,2018,2.1666666666666665
344527,2017,1.9166666666666667
344527,2018,1.0833333333333333
344570,2017,0.0
344570,2018,1.0
344580,2017,0.0
344580,2018,1.3333333333333333
344627,2017,1.4166666666666667
344627,2018,2.3333333333333335
344669,2017,0.0
344669,2018,0.3333333333333333
344671,2017,0.0
344671,2018,1.4166666666666667
344749,2017,0.0
344749,2018,0.5
344768,2017,0.0
344768,2018,0.0
344797,2017,1.5
344797,2018,1.3333333333333333
344990,2017,1.5833333333333333
344990,2018,2.25
344998,2017,1.0833333333333333
344998,2018,1.4166666666666667
345014,2017,1.5833333333333333
345014,2018,1.75
345090,2017,0.0
345090,2018,0.4166666666666667
345099,2017,1.75
345099,2018,1.3333333333333333
345238,2017,1.5
345238,2018,1.5
345244,2017,0.6666666666666666
345244,2018,1.75
345518,2017,2.0833333333333335
345518,2018,1.0833333333333333
345572,2017,2.0
345572,2018,1.4166666666666667
345597,2017,1.5833333333333333
345597,2018,1.9166666666666667
345608,2017,1.5833333333333333
345608,2018,1.4166666666666667
345615,2017,1.0
345615,2018,2.25
345657,2018,4.909090909090909
345682,2017,1.75
345682,2018,1.8333333333333333
345765,2017,2.3333333333333335
345765,2018,1.9166666666666667
345802,2017,1.25
345802,2018,1.75
345840,2017,0.0
345840,2018,1.1666666666666667
345841,2017,0.9166666666666666
345841,2018,2.1666666666666665
345908,2017,0.5
345908,2018,2.1666666666666665
345931,2017,1.5
345931,2018,1.8333333333333333
345959,2017,0.0
345959,2018,0.16666666666666666
345978,2017,0.0
345978,2018,0.8333333333333334
346090,2017,1.75
346090,2018,2.0
346103,2017,2.6666666666666665
346103,2018,1.75
346163,2017,1.3333333333333333
346163,2018,1.25
346205,2017,1.5833333333333333
346205,2018,1.3333333333333333
346225,2017,1.0
346225,2018,1.3333333333333333
346274,2017,1.75
346274,2018,1.0
346295,2017,0.0
346295,2018,2.1666666666666665
346346,2017,0.0
346346,2018,1.4166666666666667
346384,2017,1.0833333333333333
346384,2018,2.0
346390,2017,0.0
346390,2018,0.75
346456,2017,1.6666666666666667
346456,2018,1.6666666666666667
346499,2017,0.0
346499,2018,1.1666666666666667
346529,2017,1.75
346529,2018,1.75
346532,2017,0.0
346532,2018,0.0
346554,2017,0.0
346554,2018,0.0
346560,2017,1.5833333333333333
346560,2018,0.0
346598,2017,0.0
346598,2018,2.0833333333333335
346633,2017,0.75
346633,2018,2.25
346678,2017,2.0833333333333335
346678,2018,2.75
346704,2017,1.5833333333333333
346704,2018,2.5833333333333335
346766,2017,0.0
346766,2018,0.9166666666666666
346809,2017,1.0
346809,2018,1.75
346828,2017,1.9166666666666667
346828,2018,1.9166666666666667
346925,2017,1.4166666666666667
346925,2018,1.25
347001,2017,1.1666666666666667
347001,2018,1.0833333333333333
347013,2018,7.363636363636363
347142,2017,1.3333333333333333
347142,2018,0.9166666666666666
347212,2017,0.0
347212,2018,0.3333333333333333
347227,2018,7.7272727272727275
347231,2017,1.4166666666666667
347231,2018,1.9166666666666667
347276,2017,0.3333333333333333
347276,2018,0.0
347423,2017,0.25
347423,2018,1.25
347431,2017,2.0
347431,2018,1.5
347466,2017,1.5
347466,2018,1.1666666666666667
347515,2017,0.0
347515,2018,1.4166666666666667
347629,2017,1.0833333333333333
347629,2018,2.1666666666666665
347634,2017,1.0833333333333333
347634,2018,1.5
347733,2017,0.0
347733,2018,0.0
347850,2017,1.75
347850,2018,1.0
347861,2017,2.5833333333333335
347861,2018,1.3333333333333333
347914,2017,0.0
347914,2018,0.9166666666666666
347932,2017,2.1666666666666665
347932,2018,1.25
347955,2017,1.75
347955,2018,1.25
347982,2018,4.454545454545454
347987,2017,0.0
347987,2018,0.9166666666666666
347997,2017,0.0
347997,2018,0.4166666666666667
348047,2017,2.0
348047,2018,1.5833333333333333
348056,2017,0.9166666666666666
348056,2018,1.9166666666666667
348065,2017,1.0
348065,2018,2.25
348085,2017,2.0
348085,2018,1.0833333333333333
348143,2018,5.454545454545454
348173,2017,0.0
348173,2018,0.0
348202,2017,1.4166666666666667
348202,2018,1.75
348215,2017,2.3333333333333335
348215,2018,1.0833333333333333
348238,2017,0.0
348238,2018,0.75
348245,2017,0.0
348245,2018,1.0
348299,2017,0.0
348299,2018,0.0
348350,2017,0.0
348350,2018,0.0
348400,2017,2.25
348400,2018,1.3333333333333333
348448,2017,1.6666666666666667
348448,2018,2.4166666666666665
348463,2017,1.5
348463,2018,1.5833333333333333
348471,2017,1.25
348471,2018,1.9166666666666667
348475,2017,1.8333333333333333
348475,2018,1.6666666666666667
348600,2017,0.0
348600,2018,1.9166666666666667
348672,2017,2.6666666666666665
348672,2018,1.1666666666666667
348681,2017,2.25
348681,2018,1.4166666666666667
348718,2017,0.0
348718,2018,0.0
348723,2017,1.3333333333333333
348723,2018,1.3333333333333333
348732,2017,0.3333333333333333
348732,2018,0.9166666666666666
348740,2017,1.8333333333333333
348740,2018,1.8333333333333333
348751,2017,1.5
348751,2018,1.9166666666666667
348774,2017,1.5
348774,2018,1.9166666666666667
348835,2017,2.1666666666666665
348835,2018,1.5833333333333333
348920,2017,1.1666666666666667
348920,2018,1.4166666666666667
348994,2017,1.75
348994,2018,1.75
349001,2017,2.1666666666666665
349001,2018,2.1666666666666665
349046,2017,1.1666666666666667
349046,2018,1.6666666666666667
349108,2017,1.0833333333333333
349108,2018,0.0
349115,2017,1.5833333333333333
349115,2018,0.5833333333333334
349132,2017,0.75
349132,2018,2.4166666666666665
349153,2017,2.25
349153,2018,1.0
349220,2017,1.3333333333333333
349220,2018,1.8333333333333333
349278,2017,0.16666666666666666
349278,2018,2.4166666666666665
349342,2017,1.6666666666666667
349342,2018,1.6666666666666667
349447,2017,0.0
349447,2018,0.0
349470,2018,4.2727272727272725
349490,2017,1.4166666666666667
349490,2018,1.1666666666666667
349539,2017,1.0
349539,2018,0.8333333333333334
349577,2017,1.5
349577,2018,1.8333333333333333
349638,2017,1.4166666666666667
349638,2018,1.4166666666666667
349670,2017,1.6666666666666667
349670,2018,1.5833333333333333
349695,2017,0.0
349695,2018,0.0
349730,2017,2.25
349730,2018,2.3333333333333335
349767,2017,1.0833333333333333
349767,2018,1.1666666666666667
349838,2017,1.6666666666666667
349838,2018,1.0833333333333333
350001,2017,2.0833333333333335
350001,2018,1.5833333333333333
350059,2017,0.4166666666666667
350059,2018,0.75
350238,2017,1.0
350238,2018,1.9166666666666667
350269,2017,0.0
350269,2018,0.0
350271,2017,0.3333333333333333
350271,2018,1.8333333333333333
350486,2017,0.0
350486,2018,0.0
350587,2017,0.9166666666666666
350587,2018,2.9166666666666665
350631,2017,1.6666666666666667
350631,2018,1.6666666666666667
350675,2017,1.3333333333333333
350675,2018,1.5833333333333333
350692,2017,1.9166666666666667
350692,2018,1.4166666666666667
350863,2017,1.9166666666666667
350863,2018,1.8333333333333333
350901,2017,0.08333333333333333
350901,2018,1.9166666666666667
350910,2018,0.0
350979,2017,1.75
350979,2018,1.5
351029,2017,1.1666666666666667
351029,2018,1.4166666666666667
351138,2017,1.25
351138,2018,1.5
351145,2017,1.0833333333333333
351145,2018,2.25
351238,2017,1.1666666666666667
351238,2018,1.8333333333333333
351292,2017,0.0
351292,2018,0.6666666666666666
351296,2017,1.1666666666666667
351296,2018,2.0
351367,2017,1.5833333333333333
351367,2018,1.4166666666666667
351389,2017,1.3333333333333333
351389,2018,2.0
351461,2018,4.181818181818182
351500,2017,2.25
351500,2018,0.4166666666666667
351513,2017,0.0
351513,2018,0.0
351551,2018,4.545454545454546
351615,2017,1.9523809523809523
351615,2018,1.9130434782608696
351753,2017,0.0
351753,2018,1.25
351889,2017,1.1666666666666667
351889,2018,1.75
351897,2017,1.4166666666666667
351897,2018,1.9166666666666667
351937,2017,0.0
351937,2018,1.4782608695652173
351966,2017,0.0
351966,2018,0.6666666666666666
352005,2017,1.5833333333333333
352005,2018,2.0
352026,2017,1.25
352026,2018,0.0
352034,2017,0.0
352034,2018,0.0
352053,2017,2.25
352053,2018,1.8333333333333333
352068,2017,2.5
352068,2018,1.75
352078,2017,0.9166666666666666
352078,2018,1.9166666666666667
352092,2017,1.4166666666666667
352092,2018,2.0833333333333335
352101,2017,1.75
352101,2018,1.5
352170,2017,0.9166666666666666
352170,2018,2.4166666666666665
352216,2017,0.0
352216,2018,0.25
352242,2017,1.0833333333333333
352242,2018,1.8333333333333333
352280,2017,0.75
352280,2018,1.4166666666666667
352306,2017,0.08333333333333333
352306,2018,2.1666666666666665
352337,2017,1.5
352337,2018,0.9166666666666666
352377,2017,1.25
352377,2018,2.1666666666666665
352424,2017,2.25
352424,2018,2.0833333333333335
352490,2017,2.4166666666666665
352490,2018,2.0833333333333335
352501,2017,2.0833333333333335
352501,2018,2.0
352581,2017,0.9166666666666666
352581,2018,0.0
352582,2018,6.636363636363637
352617,2017,0.4166666666666667
352617,2018,1.75
352653,2017,1.0
352653,2018,2.1666666666666665
352702,2017,2.25
352702,2018,1.5
352734,2017,0.0
352734,2018,0.0
352747,2017,0.0
352747,2018,1.25
352809,2018,1.3636363636363635
352834,2017,0.9166666666666666
352834,2018,1.9166666666666667
352916,2017,1.0
352916,2018,0.75
353032,2017,1.8333333333333333
353032,2018,2.1666666666666665
353076,2017,0.0
353076,2018,1.1666666666666667
353096,2017,1.5833333333333333
353096,2018,1.0833333333333333
353128,2017,2.0833333333333335
353128,2018,1.0833333333333333
353308,2018,0.0
353369,2017,0.0
353369,2018,0.6666666666666666
353396,2017,1.0833333333333333
353396,2018,2.0833333333333335
353455,2017,1.75
353455,2018,1.3333333333333333
353486,2017,1.0833333333333333
353486,2018,2.1666666666666665
353535,2017,0.0
353535,2018,0.0
353614,2017,0.0
353614,2018,0.0
353648,2017,1.25
353648,2018,0.0
353786,2017,0.0
353786,2018,1.6666666666666667
354002,2017,1.3333333333333333
354002,2018,1.5833333333333333
354084,2017,1.4166666666666667
354084,2018,2.0
354150,2017,0.25
354150,2018,1.5833333333333333
354176,2017,0.4166666666666667
354176,2018,0.0
354206,2017,0.0
354206,2018,0.08333333333333333
354295,2017,1.0833333333333333
354295,2018,1.6666666666666667
354438,2017,0.0
354438,2018,0.8
354442,2017,0.8333333333333334
354442,2018,1.5
354461,2017,2.5
354461,2018,1.9166666666666667
354464,2017,1.25
354464,2018,1.5
354477,2017,1.5
354477,2018,2.0833333333333335
354483,2017,1.8333333333333333
354483,2018,1.0
354547,2017,2.0
354547,2018,1.75
354730,2017,1.6666666666666667
354730,2018,0.0
355039,2017,0.25
355039,2018,1.6666666666666667
355099,2017,0.0
355099,2018,0.4166666666666667
355102,2017,0.0
355102,2018,0.8333333333333334
355126,2017,1.75
355126,2018,1.6666666666666667
355184,2017,1.4166666666666667
355184,2018,1.25
355298,2017,2.5
355298,2018,0.9166666666666666
355331,2017,2.5833333333333335
355331,2018,1.6666666666666667
355491,2018,5.818181818181818
355512,2017,0.0
355512,2018,0.5
355515,2017,2.5
355515,2018,1.6666666666666667
355578,2017,0.0
355578,2018,1.5833333333333333
355628,2017,0.0
355628,2018,0.0
355669,2017,1.0
355669,2018,1.3333333333333333
355707,2017,0.0
355707,2018,1.1666666666666667
355724,2017,0.0
355724,2018,0.5
355750,2017,1.25
355750,2018,2.5
355775,2017,1.0833333333333333
355775,2018,1.3333333333333333
355781,2017,0.0
355781,2018,0.0
355795,2017,1.0833333333333333
355795,2018,2.5
355839,2017,0.0
355839,2018,0.08333333333333333
355906,2017,1.25
355906,2018,1.25
355908,2017,1.25
355908,2018,0.6666666666666666
355994,2017,1.4166666666666667
355994,2018,1.6666666666666667
355995,2017,1.0833333333333333
355995,2018,1.4166666666666667
356237,2018,2.8181818181818183
356240,2017,0.0
356240,2018,1.4166666666666667
356460,2018,4.363636363636363
356507,2017,2.1666666666666665
356507,2018,0.9166666666666666
356558,2017,1.3333333333333333
356558,2018,1.3333333333333333
356561,2017,0.9166666666666666
356561,2018,2.1666666666666665
356578,2018,1.6363636363636365
356613,2017,2.25
356613,2018,1.75
356618,2017,2.25
356618,2018,1.4166666666666667
356708,2017,0.25
356708,2018,2.1666666666666665
356712,2017,1.25
356712,2018,1.4166666666666667
356812,2017,2.9166666666666665
356812,2018,2.0833333333333335
356828,2017,1.9166666666666667
356828,2018,2.25
356955,2017,1.1666666666666667
356955,2018,1.75
356980,2017,1.1666666666666667
356980,2018,1.25
357059,2018,7.0
357138,2017,1.9166666666666667
357138,2018,2.75
357149,2017,1.8333333333333333
357149,2018,0.4166666666666667
357161,2017,1.9166666666666667
357161,2018,1.25
357166,2017,0.0
357166,2018,0.0
357173,2017,2.25
357173,2018,1.25
357199,2017,0.5833333333333334
357199,2018,2.0
357298,2017,2.0833333333333335
357298,2018,1.5833333333333333
357375,2017,1.75
357375,2018,1.5833333333333333
357381,2017,1.9166666666666667
357381,2018,1.3333333333333333
357466,2017,1.75
357466,2018,2.1666666666666665
357549,2017,0.0
357549,2018,0.0
357567,2017,1.75
357567,2018,0.6666666666666666
357574,2017,2.0
357574,2018,1.75
357589,2017,1.6666666666666667
357589,2018,1.75
357901,2018,4.588235294117647
357903,2017,0.0
357903,2018,0.4166666666666667
357971,2017,1.1666666666666667
357971,2018,1.5833333333333333
357988,2018,5.545454545454546
358012,2018,4.090909090909091
358020,2017,2.0833333333333335
358020,2018,0.6666666666666666
358039,2017,0.0
358039,2018,1.0
358054,2017,0.75
358054,2018,0.0
358151,2017,0.08333333333333333
358151,2018,1.5
358201,2017,1.4166666666666667
358201,2018,1.75
358255,2017,0.0
358255,2018,0.0
358375,2017,0.0
358375,2018,0.0
358384,2017,2.0833333333333335
358384,2018,1.4166666666666667
358513,2017,2.1666666666666665
358513,2018,1.25
358586,2017,0.0
358586,2018,0.0
358792,2017,2.25
358792,2018,1.6666666666666667
358794,2017,1.75
358794,2018,0.8333333333333334
358900,2017,1.3333333333333333
358900,2018,1.4166666666666667
358948,2017,0.0
358948,2018,0.0
358968,2017,0.25
358968,2018,1.0833333333333333
358979,2017,0.5
358979,2018,1.6666666666666667
358997,2017,0.0
358997,2018,0.5
359011,2017,1.75
359011,2018,1.0833333333333333
359029,2017,0.0
359029,2018,1.25
359091,2017,2.5
359091,2018,1.75
359133,2018,3.8181818181818183
359138,2017,0.0
359138,2018,0.0
359188,2017,0.6666666666666666
359188,2018,0.0
359275,2017,1.9166666666666667
359275,2018,1.5
359360,2017,1.4166666666666667
359360,2018,1.6666666666666667
359446,2017,1.8333333333333333
359446,2018,1.1666666666666667
359466,2017,1.4166666666666667
359466,2018,2.1666666666666665
359575,2017,2.1666666666666665
359575,2018,1.6666666666666667
359693,2017,1.9166666666666667
359693,2018,1.75
359816,2017,1.8333333333333333
359816,2018,1.6666666666666667
360017,2017,1.5833333333333333
360017,2018,2.3333333333333335
360031,2017,0.0
360031,2018,0.3333333333333333
360240,2017,0.0
360240,2018,1.5
360256,2017,0.6666666666666666
360256,2018,2.0833333333333335
360435,2017,1.4166666666666667
360435,2018,0.75
360446,2017,1.1666666666666667
360446,2018,2.25
360472,2017,2.0
360472,2018,2.0
360485,2017,0.0
360485,2018,0.0
360537,2017,1.0833333333333333
360537,2018,1.8333333333333333
360730,2017,1.75
360730,2018,2.1666666666666665
360732,2017,0.0
360732,2018,0.08333333333333333
360744,2017,0.0
360744,2018,0.0
360805,2017,1.75
360805,2018,0.75
360868,2017,0.0
360868,2018,1.4166666666666667
360902,2017,2.3333333333333335
360902,2018,1.9166666666666667
360942,2017,1.8333333333333333
360942,2018,2.1666666666666665
360981,2017,0.0
360981,2018,1.25
361109,2017,1.3333333333333333
361109,2018,2.0
361237,2017,1.2
361237,2018,1.8636363636363635
361266,2017,2.5
361266,2018,1.0
361434,2017,2.25
361434,2018,1.4166666666666667
361439,2017,1.5
361439,2018,1.0833333333333333
361680,2017,0.0
361680,2018,0.0
361707,2017,1.8333333333333333
361707,2018,2.1666666666666665
361710,2017,0.0
361710,2018,0.0
361816,2017,1.3333333333333333
361816,2018,2.5
361827,2017,1.4166666666666667
361827,2018,1.1666666666666667
361892,2017,2.0
361892,2018,2.4166666666666665
361944,2017,1.0833333333333333
361944,2018,0.25
362055,2017,1.6666666666666667
362055,2018,2.6666666666666665
362134,2017,0.0
362134,2018,0.5
362165,2017,1.75
362165,2018,1.3333333333333333
362167,2017,2.25
362167,2018,2.9166666666666665
362201,2017,0.75
362201,2018,1.25
362293,2017,1.8333333333333333
362293,2018,0.8333333333333334
362471,2017,1.9166666666666667
362471,2018,1.3333333333333333
362541,2017,2.1666666666666665
362541,2018,1.75
362586,2017,1.9166666666666667
362586,2018,1.8333333333333333
362642,2017,1.5
362642,2018,0.8333333333333334
362680,2017,2.0833333333333335
362680,2018,1.8333333333333333
362736,2017,2.0
362736,2018,1.3333333333333333
362742,2017,0.16666666666666666
362742,2018,0.6666666666666666
362823,2017,0.0
362823,2018,0.0
362841,2017,2.0833333333333335
362841,2018,0.9166666666666666
362855,2017,2.25
362855,2018,1.0833333333333333
362925,2018,4.2727272727272725
363178,2017,0.6666666666666666
363178,2018,0.0
363199,2017,0.3333333333333333
363199,2018,1.9166666666666667
363314,2017,1.4166666666666667
363314,2018,1.3333333333333333
363483,2017,0.0
363483,2018,0.0
363513,2017,0.0
363513,2018,0.0
363743,2017,1.25
363743,2018,1.5833333333333333
363774,2017,1.8333333333333333
363774,2018,1.6666666666666667
363780,2017,0.0
363780,2018,1.0833333333333333
363864,2017,1.0
363864,2018,1.5833333333333333
363866,2017,0.6666666666666666
363866,2018,0.0
363925,2017,0.08333333333333333
363925,2018,1.9166666666666667
363967,2018,5.545454545454546
363983,2017,0.0
363983,2018,0.16666666666666666
364049,2017,1.75
364049,2018,1.1666666666666667
364067,2017,2.1666666666666665
364067,2018,1.9166666666666667
364137,2017,1.25
364137,2018,2.1666666666666665
364153,2017,1.25
364153,2018,2.1666666666666665
364247,2017,0.0
364247,2018,0.0
364264,2017,1.9166666666666667
364264,2018,1.25
364356,2018,5.0
364372,2017,0.0
364372,2018,0.0
364596,2018,2.4545454545454546
364710,2018,5.909090909090909
364895,2017,2.0
364895,2018,1.8333333333333333
364908,2017,2.1666666666666665
364908,2018,1.75
364931,2017,1.0
364931,2018,0.75
365138,2018,4.545454545454546
365156,2017,0.0
365156,2018,0.4166666666666667
365166,2018,1.6363636363636365
365208,2017,0.0
365208,2018,0.16666666666666666
365346,2017,1.6666666666666667
365346,2018,1.75
365404,2017,1.1666666666666667
365404,2018,1.75
365413,2017,0.6666666666666666
365413,2018,1.3333333333333333
365421,2017,0.5833333333333334
365421,2018,1.0
365451,2017,1.4166666666666667
365451,2018,1.1666666666666667
365468,2017,1.5
365468,2018,2.0
365515,2017,1.9166666666666667
365515,2018,1.5
365557,2017,1.8333333333333333
365557,2018,1.0833333333333333
365596,2018,4.545454545454546
365619,2017,1.6666666666666667
365619,2018,1.1666666666666667
365635,2017,1.9166666666666667
365635,2018,0.9166666666666666
365642,2017,1.1666666666666667
365642,2018,0.8333333333333334
365761,2017,2.0833333333333335
365761,2018,1.5
365816,2017,1.75
365816,2018,1.5833333333333333
365863,2017,1.9166666666666667
365863,2018,2.0833333333333335
365887,2017,0.0
365887,2018,0.75
366049,2018,2.8181818181818183
366116,2017,1.75
366116,2018,1.6666666666666667
366133,2017,1.9166666666666667
366133,2018,1.0833333333333333
366161,2018,8.090909090909092
366250,2017,0.0
366250,2018,1.25
366263,2017,1.5
366263,2018,0.9166666666666666
366467,2017,1.3333333333333333
366467,2018,2.1666666666666665
366487,2017,1.4166666666666667
366487,2018,0.6666666666666666
366500,2017,0.8333333333333334
366500,2018,1.8333333333333333
366537,2017,1.6666666666666667
366537,2018,1.4166666666666667
366540,2018,6.2727272727272725
366576,2017,0.0
366576,2018,0.0
366599,2018,4.363636363636363
366654,2017,2.75
366654,2018,1.9166666666666667
366687,2017,1.25
366687,2018,1.5
366719,2017,0.5
366719,2018,1.3333333333333333
366727,2017,0.6666666666666666
366727,2018,0.0
366744,2017,1.3333333333333333
366744,2018,2.25
366894,2017,1.6666666666666667
366894,2018,1.5833333333333333
366911,2017,2.4166666666666665
366911,2018,2.4166666666666665
366932,2017,0.5833333333333334
366932,2018,0.75
366977,2018,3.8181818181818183
367006,2017,0.0
367006,2018,0.0
367338,2017,1.25
367338,2018,1.9166666666666667
367492,2017,0.5
367492,2018,1.8333333333333333
367511,2017,1.8333333333333333
367511,2018,1.9166666666666667
367547,2017,1.8333333333333333
367547,2018,0.8333333333333334
367562,2017,1.9166666666666667
367562,2018,1.9166666666666667
367617,2017,0.16666666666666666
367617,2018,0.0
367680,2017,1.4166666666666667
367680,2018,1.8333333333333333
367685,2017,0.0
367685,2018,0.8333333333333334
367697,2017,1.5833333333333333
367697,2018,0.9166666666666666
367751,2017,0.6666666666666666
367751,2018,1.25
367774,2017,1.8333333333333333
367774,2018,1.8333333333333333
367782,2018,4.545454545454546
367811,2017,0.0
367811,2018,1.5
367961,2017,1.1666666666666667
367961,2018,2.5
368027,2017,1.3333333333333333
368027,2018,1.0833333333333333
368045,2017,2.0
368045,2018,0.9166666666666666
368062,2017,0.75
368062,2018,0.0
368073,2017,1.5
368073,2018,1.9090909090909092
368118,2017,0.0
368118,2018,1.1666666666666667
368122,2017,1.25
368122,2018,1.0
368292,2017,0.16666666666666666
368292,2018,0.0
368330,2017,2.4166666666666665
368330,2018,2.0
368391,2018,5.636363636363637
368435,2018,2.090909090909091
368523,2017,0.0
368523,2018,3.0
368549,2017,1.75
368549,2018,1.25
368566,2017,2.5833333333333335
368566,2018,2.75
368591,2017,1.6666666666666667
368591,2018,1.0833333333333333
368669,2017,0.0
368669,2018,0.08333333333333333
368675,2017,0.0
368675,2018,0.5833333333333334
368713,2017,0.0
368713,2018,0.0
368772,2018,4.818181818181818
368830,2017,0.0
368830,2018,0.0
368878,2017,0.0
368878,2018,0.0
368981,2017,1.6666666666666667
368981,2018,1.5833333333333333
369000,2017,2.0
369000,2018,2.0833333333333335
369035,2017,2.0
369035,2018,1.6666666666666667
369084,2018,3.4545454545454546
369091,2017,0.8333333333333334
369091,2018,1.6666666666666667
369121,2017,2.6666666666666665
369121,2018,1.25
369141,2017,1.25
369141,2018,2.1666666666666665
369188,2017,0.0
369188,2018,0.0
369229,2017,2.1666666666666665
369229,2018,1.25
369242,2017,1.4166666666666667
369242,2018,1.3333333333333333
369361,2017,1.0
369361,2018,1.6666666666666667
369388,2017,0.0
369388,2018,0.0
369392,2017,1.75
369392,2018,1.0833333333333333
369416,2017,0.0
369416,2018,1.0
369458,2017,1.3333333333333333
369458,2018,1.6666666666666667
369569,2017,3.25
369569,2018,1.8333333333333333
369603,2017,0.6666666666666666
369603,2018,1.5833333333333333
369638,2017,0.0
369638,2018,0.0
369646,2017,0.25
369646,2018,2.4166666666666665
369658,2017,1.6666666666666667
369658,2018,1.9166666666666667
369682,2017,1.75
369682,2018,0.3333333333333333
369715,2017,0.0
369715,2018,1.4166666666666667
369739,2017,1.9166666666666667
369739,2018,2.4166666666666665
369795,2017,0.0
369795,2018,1.75
369841,2017,2.0833333333333335
369841,2018,0.8333333333333334
369853,2017,0.0
369853,2018,2.4166666666666665
369867,2017,0.0
369867,2018,0.4166666666666667
369943,2017,1.3333333333333333
369943,2018,1.6666666666666667
370014,2017,1.1666666666666667
370014,2018,1.6666666666666667
370066,2017,2.0833333333333335
370066,2018,1.3333333333333333
370090,2017,1.3333333333333333
370090,2018,1.9166666666666667
370093,2017,0.5
370093,2018,1.5833333333333333
370300,2017,2.3333333333333335
370300,2018,1.75
370405,2017,0.5
370405,2018,0.0
370443,2017,1.4166666666666667
370443,2018,1.9166666666666667
370450,2017,1.3333333333333333
370450,2018,2.3333333333333335
370486,2017,1.0
370486,2018,1.25
370517,2017,1.8333333333333333
370517,2018,1.5833333333333333
370539,2017,1.25
370539,2018,0.5833333333333334
370660,2018,4.363636363636363
370744,2017,0.75
370744,2018,1.3333333333333333
370842,2017,2.5
370842,2018,1.0833333333333333
370877,2017,2.5833333333333335
370877,2018,1.8333333333333333
370959,2017,0.0
370959,2018,0.3333333333333333
370979,2017,0.0
370979,2018,0.0
370990,2017,2.1666666666666665
370990,2018,1.75
371065,2017,2.3333333333333335
371065,2018,1.1666666666666667
371079,2017,1.6666666666666667
371079,2018,1.9166666666666667
371148,2017,0.0
371148,2018,0.16666666666666666
371152,2017,1.3333333333333333
371152,2018,2.1666666666666665
371159,2017,2.0
371159,2018,1.4166666666666667
371164,2017,1.4166666666666667
371164,2018,1.3333333333333333
371191,2017,1.5
371191,2018,1.8333333333333333
371368,2017,0.08333333333333333
371368,2018,1.0
371402,2018,2.6363636363636362
371422,2017,0.8333333333333334
371422,2018,1.6666666666666667
371511,2018,4.181818181818182
371532,2017,1.0
371532,2018,1.5
371580,2017,1.6666666666666667
371580,2018,2.25
371606,2017,0.75
371606,2018,1.3333333333333333
371672,2017,1.75
371672,2018,1.75
371675,2017,1.25
371675,2018,0.9166666666666666
371737,2018,4.090909090909091
371739,2017,1.9166666666666667
371739,2018,1.25
371875,2017,1.6666666666666667
371875,2018,1.4166666666666667
371969,2017,1.75
371969,2018,1.75
372069,2017,0.3333333333333333
372069,2018,1.0
372111,2017,1.5833333333333333
372111,2018,1.5
372169,2017,0.0
372169,2018,0.0
372175,2017,0.3333333333333333
372175,2018,0.0
372183,2017,1.8333333333333333
372183,2018,0.9166666666666666
372237,2017,2.0833333333333335
372237,2018,2.0
372261,2017,1.3333333333333333
372261,2018,2.25
372290,2017,0.9166666666666666
372290,2018,2.0833333333333335
372353,2017,1.8333333333333333
372353,2018,1.4166666666666667
372522,2017,1.9166666666666667
372522,2018,0.4166666666666667
372622,2017,1.0
372622,2018,1.3333333333333333
372647,2017,1.9166666666666667
372647,2018,2.4166666666666665
372652,2017,0.75
372652,2018,1.5833333333333333
372663,2017,0.0
372663,2018,0.25
372737,2018,0.5454545454545454
372755,2017,1.4166666666666667
372755,2018,1.25
372824,2017,2.0
372824,2018,2.0
372865,2017,1.25
372865,2018,0.0
372961,2017,0.5833333333333334
372961,2018,0.0
373044,2017,0.75
373044,2018,1.8333333333333333
373118,2017,0.0
373118,2018,0.0
373144,2017,1.6666666666666667
373144,2018,1.4166666666666667
373204,2017,0.0
373204,2018,0.4166666666666667
373242,2017,0.08333333333333333
373242,2018,1.6666666666666667
373321,2017,0.0
373321,2018,0.0
373374,2017,1.5833333333333333
373374,2018,0.75
373429,2017,0.0
373429,2018,0.0
373501,2017,0.75
373501,2018,2.0
373554,2017,0.0
373554,2018,0.5833333333333334
373638,2017,0.0
373638,2018,1.1875
373665,2017,0.0
373665,2018,0.0
373737,2017,2.1666666666666665
373737,2018,0.0
373771,2018,3.727272727272727
373886,2017,0.75
373886,2018,1.3333333333333333
373888,2017,0.0
373888,2018,1.1666666666666667
373898,2017,1.8333333333333333
373898,2018,1.0833333333333333
373950,2017,1.75
373950,2018,1.6666666666666667
374107,2017,1.75
374107,2018,1.25
374113,2017,0.0
374113,2018,0.0
374117,2017,2.0
374117,2018,0.75
374266,2017,2.3333333333333335
374266,2018,2.3333333333333335
374275,2017,2.5
374275,2018,3.0833333333333335
374293,2017,0.0
374293,2018,0.3333333333333333
374344,2017,0.4166666666666667
374344,2018,1.4166666666666667
374345,2017,2.3333333333333335
374345,2018,1.9166666666666667
374401,2017,1.4166666666666667
374401,2018,1.1666666666666667
374421,2017,0.0
374421,2018,0.08333333333333333
374440,2017,1.8333333333333333
374440,2018,1.9166666666666667
374585,2017,1.0833333333333333
374585,2018,1.4166666666666667
374639,2017,2.0
374639,2018,2.0833333333333335
374679,2017,1.25
374679,2018,1.25
374721,2017,1.4166666666666667
374721,2018,0.5
374736,2017,2.0
374736,2018,0.8333333333333334
374850,2017,1.5
374850,2018,1.6666666666666667
374881,2017,1.1666666666666667
374881,2018,1.5833333333333333
374931,2017,1.6666666666666667
374931,2018,0.9166666666666666
374941,2017,0.5
374941,2018,1.1666666666666667
374967,2017,2.25
374967,2018,1.5833333333333333
374984,2017,1.3333333333333333
374984,2018,1.6666666666666667
375056,2017,0.0
375056,2018,1.0
375105,2017,1.5
375105,2018,1.4166666666666667
375115,2017,0.0
375115,2018,0.0
375162,2017,0.0
375162,2018,0.0
375203,2017,0.16666666666666666
375203,2018,0.0
375265,2017,1.5833333333333333
375265,2018,1.5833333333333333
375297,2017,0.75
375297,2018,2.5
375371,2017,0.0
375371,2018,0.0
375399,2017,1.5
375399,2018,1.4166666666666667
375430,2017,1.5
375430,2018,1.25
375451,2017,0.0
375451,2018,0.9166666666666666
375467,2017,0.0
375467,2018,0.0
375511,2017,2.1666666666666665
375511,2018,2.0
375540,2017,1.0
375540,2018,1.3333333333333333
375597,2017,1.4166666666666667
375597,2018,1.5833333333333333
375683,2017,1.8333333333333333
375683,2018,1.1666666666666667
375694,2017,1.4166666666666667
375694,2018,2.0
375722,2017,1.1666666666666667
375722,2018,1.8333333333333333
375757,2017,1.9166666666666667
375757,2018,1.75
375768,2017,1.3333333333333333
375768,2018,2.4166666666666665
375792,2017,0.16666666666666666
375792,2018,1.3333333333333333
375814,2017,0.75
375814,2018,1.1666666666666667
375890,2017,2.1666666666666665
375890,2018,1.6666666666666667
375909,2017,2.9166666666666665
375909,2018,1.5833333333333333
375987,2017,1.5833333333333333
375987,2018,3.1666666666666665
376072,2017,2.0833333333333335
376072,2018,2.0
376144,2017,0.4166666666666667
376144,2018,1.0
376299,2017,1.0
376299,2018,2.25
376367,2017,0.0
376367,2018,1.0
376424,2017,0.9166666666666666
376424,2018,1.5833333333333333
376484,2017,0.6666666666666666
376484,2018,2.1666666666666665
376572,2017,1.1666666666666667
376572,2018,1.0833333333333333
376618,2017,0.9166666666666666
376618,2018,2.0833333333333335
376630,2017,1.0
376630,2018,0.0
376725,2017,1.0
376725,2018,1.1666666666666667
376862,2017,1.3333333333333333
376862,2018,1.5
376863,2017,1.5
376863,2018,1.3333333333333333
376929,2018,0.2727272727272727
376969,2017,1.4166666666666667
376969,2018,1.0833333333333333
376983,2017,0.0
376983,2018,0.25
377029,2017,1.0
377029,2018,0.8333333333333334
377050,2017,2.4166666666666665
377050,2018,0.8333333333333334
377114,2017,2.5833333333333335
377114,2018,2.3333333333333335
377173,2017,1.75
377173,2018,1.25
377247,2017,1.0833333333333333
377247,2018,2.0833333333333335
377288,2017,1.75
377288,2018,2.25
377289,2017,2.4166666666666665
377289,2018,1.4166666666666667
377302,2017,1.3333333333333333
377302,2018,0.0
377322,2017,2.25
377322,2018,2.25
377364,2017,0.0
377364,2018,0.0
377375,2017,0.0
377375,2018,1.4166666666666667
377444,2017,1.0
377444,2018,0.0
377464,2017,1.0833333333333333
377464,2018,1.75
377471,2018,5.454545454545454
377489,2017,1.0833333333333333
377489,2018,0.5833333333333334
377642,2017,0.0
377642,2018,0.0
377674,2017,2.25
377674,2018,1.0833333333333333
377724,2017,1.4166666666666667
377724,2018,1.25
377742,2018,3.272727272727273
377796,2017,0.0
377796,2018,0.0
377858,2017,0.0
377858,2018,0.0
377928,2017,0.0
377928,2018,0.5833333333333334
377968,2017,1.25
377968,2018,1.0
378014,2017,1.5833333333333333
378014,2018,1.5833333333333333
378153,2018,2.727272727272727
378181,2017,0.5
378181,2018,2.4166666666666665
378267,2017,1.8333333333333333
378267,2018,1.4166666666666667
378454,2017,2.0
378454,2018,1.9166666666666667
378498,2017,0.0
378498,2018,0.0
378793,2017,1.25
378793,2018,1.5
378827,2017,1.9166666666666667
378827,2018,1.5
378857,2017,2.1666666666666665
378857,2018,1.75
378920,2017,1.9166666666666667
378920,2018,2.3333333333333335
378968,2017,1.4166666666666667
378968,2018,1.75
379038,2017,0.0
379038,2018,0.5
379041,2017,0.0
379041,2018,0.5833333333333334
379110,2017,1.5833333333333333
379110,2018,2.0
379117,2017,1.0833333333333333
379117,2018,0.0
379120,2017,1.5833333333333333
379120,2018,1.4166666666666667
379238,2017,1.5833333333333333
379238,2018,0.8333333333333334
379281,2017,0.16666666666666666
379281,2018,1.1666666666666667
379351,2017,1.3333333333333333
379351,2018,1.5833333333333333
379384,2017,2.0
379384,2018,2.0
379414,2018,4.181818181818182
379446,2017,0.5833333333333334
379446,2018,1.8333333333333333
379506,2017,1.9166666666666667
379506,2018,0.9166666666666666
379562,2017,2.1666666666666665
379562,2018,0.75
379572,2017,2.5
379572,2018,1.9166666666666667
379629,2017,1.3333333333333333
379629,2018,2.0833333333333335
379716,2017,2.5
379716,2018,2.0
379752,2017,1.0833333333333333
379752,2018,1.5833333333333333
379836,2017,1.75
379836,2018,1.4166666666666667
379962,2017,1.5833333333333333
379962,2018,1.25
380001,2017,1.9166666666666667
380001,2018,1.25
380031,2017,2.0
380031,2018,1.6666666666666667
380059,2017,1.25
380059,2018,1.4166666666666667
380099,2017,1.6666666666666667
380099,2018,1.5
380110,2017,1.4166666666666667
380110,2018,1.75
380183,2017,1.3333333333333333
380183,2018,2.0
380247,2017,1.0833333333333333
380247,2018,1.6666666666666667
380255,2017,1.75
380255,2018,1.5833333333333333
380262,2017,1.5
380262,2018,1.6666666666666667
380294,2017,0.75
380294,2018,1.9166666666666667
380526,2017,1.25
380526,2018,2.0
380627,2017,2.0
380627,2018,1.6666666666666667
380709,2017,0.0
380709,2018,1.0833333333333333
380788,2017,1.25
380788,2018,0.0
380795,2017,1.5833333333333333
380795,2018,1.4166666666666667
380843,2017,1.25
380843,2018,1.4166666666666667
380928,2017,2.0833333333333335
380928,2018,1.5833333333333333
380954,2017,0.0
380954,2018,0.8333333333333334
381065,2017,0.08333333333333333
381065,2018,0.0
381176,2017,0.0
381176,2018,0.0
381189,2017,2.0
381189,2018,2.3333333333333335
381234,2017,1.1666666666666667
381234,2018,2.1666666666666665
381284,2017,1.8333333333333333
381284,2018,1.5
381307,2017,1.1666666666666667
381307,2018,0.6666666666666666
381308,2017,0.0
381308,2018,0.4166666666666667
381316,2017,1.3333333333333333
381316,2018,2.1666666666666665
381395,2017,2.75
381395,2018,1.5
381459,2017,1.8333333333333333
381459,2018,2.0
381471,2017,0.0
381471,2018,0.0
381472,2017,1.3333333333333333
381472,2018,1.8333333333333333
381496,2017,2.0833333333333335
381496,2018,1.0833333333333333
381539,2017,0.0
381539,2018,1.8333333333333333
381651,2017,2.0
381651,2018,2.0
381717,2017,0.0
381717,2018,0.8333333333333334
381748,2017,2.0
381748,2018,1.25
381786,2017,0.0
381786,2018,0.5
381901,2017,1.5
381901,2018,1.4166666666666667
382045,2017,0.0
382045,2018,0.0
382149,2017,1.5833333333333333
382149,2018,2.4166666666666665
382197,2017,0.08333333333333333
382197,2018,1.0
382243,2017,1.4166666666666667
382243,2018,1.4166666666666667
382252,2017,2.4166666666666665
382252,2018,1.9166666666666667
382271,2017,1.9166666666666667
382271,2018,1.4166666666666667
382464,2017,1.8333333333333333
382464,2018,1.5
382671,2017,1.0833333333333333
382671,2018,1.5
382678,2017,0.0
382678,2018,0.0
382738,2017,1.6666666666666667
382738,2018,1.9166666666666667
382739,2018,5.0
382748,2017,0.25
382748,2018,3.0
382889,2018,3.909090909090909
382953,2017,1.8333333333333333
382953,2018,1.4166666666666667
382971,2017,0.0
382971,2018,0.0
382980,2017,1.5833333333333333
382980,2018,1.9166666666666667
382983,2017,0.0
382983,2018,0.0
383108,2017,1.25
383108,2018,2.0
383147,2017,2.0833333333333335
383147,2018,1.0
383190,2017,1.1666666666666667
383190,2018,1.6666666666666667
383202,2017,2.0
383202,2018,1.25
383367,2018,4.454545454545454
383391,2017,0.0
383391,2018,0.25
383399,2017,0.5833333333333334
383399,2018,0.8333333333333334
383421,2017,1.6666666666666667
383421,2018,1.5833333333333333
383627,2017,1.4166666666666667
383627,2018,2.0
383656,2017,0.9166666666666666
383656,2018,1.0833333333333333
383701,2017,0.5
383701,2018,1.5
383787,2017,1.8333333333333333
383787,2018,2.4166666666666665
383808,2017,1.3333333333333333
383808,2018,2.0
383826,2017,1.5
383826,2018,0.6666666666666666
383842,2017,0.3333333333333333
383842,2018,1.9166666666666667
383891,2017,1.75
383891,2018,2.1666666666666665
383898,2018,2.1818181818181817
383912,2017,2.1666666666666665
383912,2018,1.25
383954,2017,1.0833333333333333
383954,2018,0.25
383962,2017,0.0
383962,2018,1.1666666666666667
383969,2017,0.5
383969,2018,1.0833333333333333
384010,2018,4.909090909090909
384090,2017,1.5833333333333333
384090,2018,2.5
384146,2018,3.909090909090909
384269,2017,2.4166666666666665
384269,2018,1.5833333333333333
384286,2017,1.5
384286,2018,0.75
384296,2017,0.0
384296,2018,0.0
384328,2017,0.75
384328,2018,1.5833333333333333
384336,2017,0.9166666666666666
384336,2018,1.8333333333333333
384356,2017,0.0
384356,2018,1.25
384409,2017,0.0
384409,2018,1.1666666666666667
384412,2018,5.909090909090909
384543,2017,2.6666666666666665
384543,2018,1.25
384548,2017,0.0
384548,2018,0.5833333333333334
384599,2017,1.3333333333333333
384599,2018,1.1666666666666667
384602,2017,0.9166666666666666
384602,2018,0.0
384686,2017,2.0833333333333335
384686,2018,1.25
384737,2017,0.0
384737,2018,0.0
384744,2017,2.0
384744,2018,2.5
384750,2017,0.9166666666666666
384750,2018,1.5
384818,2018,0.0
384825,2017,2.0
384825,2018,1.4166666666666667
384905,2017,0.0
384905,2018,0.0
384907,2017,0.0
384907,2018,0.0
384920,2017,1.5
384920,2018,1.0
384928,2017,0.9166666666666666
384928,2018,1.25
384986,2017,1.75
384986,2018,1.8333333333333333
385092,2018,9.272727272727273
385131,2017,2.0
385131,2018,1.0833333333333333
385190,2017,2.6666666666666665
385190,2018,0.9166666666666666
385235,2017,1.9166666666666667
385235,2018,2.25
385358,2017,1.1666666666666667
385358,2018,0.9166666666666666
385593,2017,1.8333333333333333
385593,2018,1.0833333333333333
385638,2017,0.3333333333333333
385638,2018,0.0
385718,2017,1.9166666666666667
385718,2018,1.6666666666666667
385747,2017,0.0
385747,2018,0.0
385861,2017,0.0
385861,2018,0.3333333333333333
385864,2017,1.5833333333333333
385864,2018,2.4166666666666665
385912,2017,1.4166666666666667
385912,2018,0.9166666666666666
386037,2017,2.5833333333333335
386037,2018,1.1666666666666667
386082,2018,3.6363636363636362
386298,2017,0.0
386298,2018,1.4166666666666667
386342,2017,2.3333333333333335
386342,2018,1.8333333333333333
386363,2017,1.0833333333333333
386363,2018,2.25
386446,2017,0.0
386446,2018,0.3333333333333333
386607,2017,1.5
386607,2018,1.4166666666666667
386649,2017,1.0833333333333333
386649,2018,1.9166666666666667
386790,2017,1.3333333333333333
386790,2018,1.25
386825,2017,1.75
386825,2018,1.3333333333333333
386926,2017,2.0
386926,2018,1.0833333333333333
386936,2017,0.0
386936,2018,0.5
386979,2017,0.0
386979,2018,1.4166666666666667
386986,2017,1.9166666666666667
386986,2018,2.9166666666666665
387121,2017,1.5
387121,2018,1.9166666666666667
387129,2017,2.9166666666666665
387129,2018,2.1666666666666665
387203,2017,0.0
387203,2018,0.0
387214,2018,6.7272727272727275
387307,2018,5.545454545454546
387455,2017,0.3333333333333333
387455,2018,2.0833333333333335
387506,2017,1.5833333333333333
387506,2018,2.5
387523,2017,1.3333333333333333
387523,2018,1.5
387553,2017,0.0
387553,2018,1.5833333333333333
387568,2017,1.75
387568,2018,1.9166666666666667
387570,2017,1.5
387570,2018,1.9166666666666667
387584,2017,1.75
387584,2018,1.25
387648,2017,1.6666666666666667
387648,2018,1.5833333333333333
387650,2017,2.0
387650,2018,0.6666666666666666
387695,2017,1.25
387695,2018,1.5833333333333333
387705,2017,1.6666666666666667
387705,2018,2.0833333333333335
387721,2017,1.6666666666666667
387721,2018,1.3333333333333333
387834,2017,1.9166666666666667
387834,2018,0.75
387880,2017,1.9166666666666667
387880,2018,1.0
387971,2017,1.5833333333333333
387971,2018,1.1666666666666667
388046,2017,1.5
388046,2018,1.0
388140,2017,2.0
388140,2018,1.3333333333333333
388156,2017,1.8333333333333333
388156,2018,2.3333333333333335
388292,2017,1.0833333333333333
388292,2018,1.9166666666666667
388448,2017,1.75
388448,2018,1.9166666666666667
388478,2017,0.16666666666666666
388478,2018,0.5833333333333334
388624,2017,1.4166666666666667
388624,2018,2.3333333333333335
388639,2017,1.25
388639,2018,0.9166666666666666
388777,2017,1.5833333333333333
388777,2018,1.75
388985,2017,1.8333333333333333
388985,2018,1.9166666666666667
389081,2017,0.0
389081,2018,0.0
389146,2017,1.6666666666666667
389146,2018,1.1666666666666667
389225,2017,2.25
389225,2018,2.0
389387,2017,0.0
389387,2018,1.0833333333333333
389429,2017,1.5833333333333333
389429,2018,1.5
389430,2017,0.0
389430,2018,0.0
389488,2017,1.0
389488,2018,1.5833333333333333
389551,2017,0.9166666666666666
389551,2018,2.0833333333333335
389565,2017,2.3333333333333335
389565,2018,1.9166666666666667
389583,2018,2.8181818181818183
389706,2017,1.9166666666666667
389706,2018,1.5833333333333333
389741,2017,0.4166666666666667
389741,2018,1.0
389804,2017,2.75
389804,2018,2.25
389812,2017,0.0
389812,2018,2.25
389928,2017,2.75
389928,2018,1.0833333333333333
389995,2017,1.75
389995,2018,0.5833333333333334
389996,2017,1.8333333333333333
389996,2018,0.0
390022,2018,3.6363636363636362
390117,2017,1.8333333333333333
390117,2018,1.0
390190,2017,1.9166666666666667
390190,2018,1.0
390203,2017,1.8333333333333333
390203,2018,0.8333333333333334
390209,2017,2.25
390209,2018,1.25
390297,2017,0.0
390297,2018,1.1666666666666667
390343,2017,1.6666666666666667
390343,2018,1.3333333333333333
390350,2017,1.5833333333333333
390350,2018,2.0
390377,2017,0.5
390377,2018,0.0
390434,2017,2.3333333333333335
390434,2018,2.5
390435,2017,0.9166666666666666
390435,2018,1.0833333333333333
390480,2017,0.0
390480,2018,0.6666666666666666
390546,2017,1.6666666666666667
390546,2018,1.5833333333333333
390562,2017,0.0
390562,2018,0.0
390651,2017,0.0
390651,2018,0.0
390719,2017,0.0
390719,2018,0.0
390874,2017,1.1666666666666667
390874,2018,1.9166666666666667
390880,2017,1.3333333333333333
390880,2018,1.5
390911,2017,2.0
390911,2018,1.8333333333333333
390924,2017,0.8333333333333334
390924,2018,0.0
390974,2017,2.0
390974,2018,2.0
390980,2017,2.0
390980,2018,0.4166666666666667
391034,2017,1.5833333333333333
391034,2018,1.75
391091,2017,0.0
391091,2018,0.0
391106,2017,1.0
391106,2018,0.6666666666666666
391313,2017,0.0
391313,2018,1.8333333333333333
391357,2017,1.25
391357,2018,0.25
391397,2017,0.8333333333333334
391397,2018,1.4166666666666667
391402,2017,1.0
391402,2018,2.25
391509,2017,1.0833333333333333
391509,2018,1.4166666666666667
391542,2017,1.5833333333333333
391542,2018,1.9166666666666667
391557,2017,0.0
391557,2018,0.9166666666666666
391564,2017,1.75
391564,2018,1.9166666666666667
391611,2017,1.4166666666666667
391611,2018,2.25
391673,2017,2.6666666666666665
391673,2018,0.5833333333333334
391761,2017,1.6666666666666667
391761,2018,0.75
391861,2017,2.0
391861,2018,0.8333333333333334
391900,2017,0.08333333333333333
391900,2018,2.0
391927,2017,1.8333333333333333
391927,2018,1.9166666666666667
391939,2017,1.75
391939,2018,0.6666666666666666
392098,2017,1.3333333333333333
392098,2018,1.3333333333333333
392206,2017,1.9166666666666667
392206,2018,1.6666666666666667
392235,2017,2.0
392235,2018,1.25
392335,2017,1.4166666666666667
392335,2018,1.8333333333333333
392402,2017,1.0833333333333333
392402,2018,2.25
392430,2017,1.4166666666666667
392430,2018,1.3333333333333333
392558,2017,0.0
392558,2018,0.0
392575,2017,1.1666666666666667
392575,2018,1.0833333333333333
392582,2017,1.8333333333333333
392582,2018,1.9166666666666667
392619,2017,1.25
392619,2018,1.0833333333333333
392682,2017,0.0
392682,2018,1.1666666666666667
392713,2017,0.0
392713,2018,0.25
392774,2017,2.4166666666666665
392774,2018,1.75
392781,2017,0.0
392781,2018,0.0
392785,2017,2.25
392785,2018,1.1666666666666667
392802,2017,1.5833333333333333
392802,2018,2.25
392953,2017,0.25
392953,2018,1.4166666666666667
392989,2017,0.0
392989,2018,0.6666666666666666
393101,2017,0.0
393101,2018,0.4166666666666667
393130,2017,0.0
393130,2018,0.25
393206,2017,1.0833333333333333
393206,2018,0.6666666666666666
393309,2017,1.8333333333333333
393309,2018,1.1666666666666667
393329,2017,0.0
393329,2018,0.4166666666666667
393380,2017,2.0
393380,2018,1.5833333333333333
393403,2017,1.5833333333333333
393403,2018,0.6666666666666666
393565,2017,0.8333333333333334
393565,2018,1.25
393604,2017,0.0
393604,2018,1.5833333333333333
393806,2017,1.6666666666666667
393806,2018,1.25
393853,2017,2.0
393853,2018,2.0833333333333335
393888,2017,0.6666666666666666
393888,2018,1.0
393975,2017,0.0
393975,2018,0.0
394078,2017,0.9166666666666666
394078,2018,0.8333333333333334
394167,2017,1.75
394167,2018,1.25
394195,2017,0.0
394195,2018,0.0
394196,2017,0.0
394196,2018,1.25
394200,2017,0.0
394200,2018,0.0
394213,2017,0.8333333333333334
394213,2018,0.0
394248,2017,1.8333333333333333
394248,2018,1.25
394321,2017,1.0
394321,2018,1.6666666666666667
394363,2017,0.0
394363,2018,0.6666666666666666
394454,2017,1.75
394454,2018,1.6666666666666667
394569,2017,0.25
394569,2018,0.0
394715,2017,1.9166666666666667
394715,2018,2.1666666666666665
394806,2017,1.6666666666666667
394806,2018,2.3333333333333335
394812,2017,2.1666666666666665
394812,2018,0.8333333333333334
394927,2017,0.0
394927,2018,1.75
394941,2017,1.75
394941,2018,1.9166666666666667
394946,2017,0.75
394946,2018,0.0
394979,2017,2.1666666666666665
394979,2018,0.6666666666666666
395026,2017,2.3333333333333335
395026,2018,2.5833333333333335
395121,2017,1.75
395121,2018,0.5833333333333334
395168,2017,0.25
395168,2018,2.25
395189,2017,0.0
395189,2018,0.0
395300,2017,0.0
395300,2018,0.0
395324,2017,2.0
395324,2018,1.25
395384,2017,1.0833333333333333
395384,2018,1.1666666666666667
395446,2017,0.0
395446,2018,0.9166666666666666
395460,2017,2.1666666666666665
395460,2018,1.1666666666666667
395511,2017,0.5
395511,2018,2.4166666666666665
395512,2017,0.0
395512,2018,0.0
395525,2017,1.9166666666666667
395525,2018,1.1666666666666667
395622,2017,2.1666666666666665
395622,2018,1.9166666666666667
395639,2017,1.6666666666666667
395639,2018,2.9166666666666665
395871,2017,0.0
395871,2018,2.8333333333333335
395887,2017,1.75
395887,2018,2.0833333333333335
395912,2017,2.0833333333333335
395912,2018,1.3333333333333333
395962,2017,0.0
395962,2018,0.8333333333333334
396018,2017,1.5
396018,2018,1.4166666666666667
396048,2017,0.0
396048,2018,0.3333333333333333
396155,2017,1.75
396155,2018,1.5
396267,2017,1.9166666666666667
396267,2018,1.9166666666666667
396446,2017,1.1666666666666667
396446,2018,1.4166666666666667
396471,2017,1.8333333333333333
396471,2018,1.5833333333333333
396726,2017,0.9166666666666666
396726,2018,1.1666666666666667
396863,2017,0.6666666666666666
396863,2018,1.0
396867,2017,0.0
396867,2018,0.3333333333333333
396920,2017,1.5
396920,2018,2.0
396984,2017,0.9166666666666666
396984,2018,1.4166666666666667
396996,2017,2.0833333333333335
396996,2018,1.8333333333333333
396997,2017,1.8333333333333333
396997,2018,2.1666666666666665
396998,2017,0.75
396998,2018,1.4166666666666667
397053,2017,1.5833333333333333
397053,2018,1.5833333333333333
397065,2017,0.75
397065,2018,0.9166666666666666
397099,2017,0.0
397099,2018,0.4166666666666667
397104,2017,0.8333333333333334
397104,2018,1.0
397141,2017,1.75
397141,2018,1.4166666666666667
397242,2017,1.5
397242,2018,0.0
397248,2017,1.75
397248,2018,1.5
397272,2017,0.0
397272,2018,0.0
397376,2017,0.0
397376,2018,0.0
397377,2017,1.4166666666666667
397377,2018,0.75
397480,2017,2.5833333333333335
397480,2018,2.0833333333333335
397518,2017,0.0
397518,2018,1.3333333333333333
397533,2017,1.6666666666666667
397533,2018,1.3333333333333333
397706,2017,1.3333333333333333
397706,2018,1.4166666666666667
397787,2017,0.0
397787,2018,1.25
397817,2017,2.0
397817,2018,1.75
397820,2017,2.0
397820,2018,1.4166666666666667
397848,2017,0.0
397848,2018,0.0
397891,2017,0.0
397891,2018,0.0
397934,2017,0.75
397934,2018,0.5
397947,2017,2.5833333333333335
397947,2018,1.25
397962,2017,0.0
397962,2018,0.0
398074,2017,0.0
398074,2018,0.0
398086,2017,2.0
398086,2018,2.0
398305,2018,5.909090909090909
398351,2017,2.9166666666666665
398351,2018,1.8333333333333333
398506,2017,1.5
398506,2018,2.1666666666666665
398535,2018,3.0
398586,2017,1.0833333333333333
398586,2018,1.75
398603,2017,2.0
398603,2018,2.25
398611,2017,2.5833333333333335
398611,2018,1.5
398655,2018,2.3636363636363638
398819,2017,1.3333333333333333
398819,2018,1.8333333333333333
398839,2017,1.9166666666666667
398839,2018,2.0
398846,2017,0.4166666666666667
398846,2018,1.5
398924,2017,1.6666666666666667
398924,2018,2.0
398965,2017,1.5
398965,2018,2.0
399065,2017,1.9166666666666667
399065,2018,1.6666666666666667
399101,2017,1.0833333333333333
399101,2018,0.0
399214,2017,1.75
399214,2018,2.25
399251,2017,2.25
399251,2018,2.1666666666666665
399372,2017,1.4166666666666667
399372,2018,1.25
399379,2017,1.6666666666666667
399379,2018,0.9166666666666666
399397,2017,1.8333333333333333
399397,2018,1.5833333333333333
399417,2017,2.5
399417,2018,1.6666666666666667
399418,2017,1.6666666666666667
399418,2018,1.5833333333333333
399514,2017,1.0833333333333333
399514,2018,0.0
399555,2018,2.5454545454545454
399575,2017,2.0833333333333335
399575,2018,1.8333333333333333
399666,2017,0.3333333333333333
399666,2018,1.5
399670,2017,1.0833333333333333
399670,2018,1.8333333333333333
399678,2017,1.25
399678,2018,1.4166666666666667
399704,2017,1.4166666666666667
399704,2018,1.1666666666666667
399917,2017,0.0
399917,2018,0.0
399943,2017,2.25
399943,2018,1.9166666666666667
399973,2017,1.3333333333333333
399973,2018,1.3333333333333333
399982,2017,1.5833333333333333
399982,2018,1.3333333333333333
400030,2017,1.0
400030,2018,1.25
400079,2017,1.0
400079,2018,1.8333333333333333
400181,2017,1.8333333333333333
400181,2018,1.8333333333333333
400224,2017,1.9166666666666667
400224,2018,1.3333333333333333
400265,2017,1.1666666666666667
400265,2018,1.4166666666666667
400272,2017,0.25
400272,2018,1.9166666666666667
400313,2017,1.75
400313,2018,2.25
400392,2017,1.6666666666666667
400392,2018,1.8333333333333333
400404,2017,2.0833333333333335
400404,2018,0.0
400470,2017,1.9166666666666667
400470,2018,1.5833333333333333
400478,2017,0.75
400478,2018,0.0
400486,2017,2.0833333333333335
400486,2018,1.6666666666666667
400513,2017,0.0
400513,2018,0.0
400600,2018,5.454545454545454
400702,2017,1.9166666666666667
400702,2018,0.8333333333333334
400802,2017,1.4166666666666667
400802,2018,1.8333333333333333
400844,2017,0.0
400844,2018,0.0
400873,2017,0.0
400873,2018,0.0
400958,2017,2.3333333333333335
400958,2018,0.75
400979,2017,1.8333333333333333
400979,2018,1.6666666666666667
400985,2017,1.6666666666666667
400985,2018,1.6666666666666667
401007,2017,1.4166666666666667
401007,2018,1.0833333333333333
401036,2017,1.9166666666666667
401036,2018,1.3333333333333333
401055,2017,0.5833333333333334
401055,2018,1.5
401060,2017,0.75
401060,2018,1.0
401062,2017,0.3333333333333333
401062,2018,0.75
401101,2017,1.6666666666666667
401101,2018,1.5833333333333333
401336,2017,1.5
401336,2018,1.6666666666666667
401350,2017,0.0
401350,2018,0.5
401422,2018,3.6363636363636362
401424,2017,1.5
401424,2018,0.0
401454,2017,2.0833333333333335
401454,2018,2.6666666666666665
401645,2017,2.0
401645,2018,2.0
401710,2017,1.1666666666666667
401710,2018,0.8333333333333334
401722,2017,1.5833333333333333
401722,2018,1.6666666666666667
401760,2017,2.1666666666666665
401760,2018,0.75
401766,2017,2.1666666666666665
401766,2018,1.0
401769,2017,2.25
401769,2018,1.5833333333333333
401824,2017,1.6666666666666667
401824,2018,1.5
401834,2017,2.3333333333333335
401834,2018,0.9166666666666666
401857,2017,2.0833333333333335
401857,2018,1.0833333333333333
401858,2017,0.4166666666666667
401858,2018,0.5833333333333334
401859,2017,1.8333333333333333
401859,2018,1.5
401943,2017,0.0
401943,2018,0.0
401956,2017,1.25
401956,2018,1.1666666666666667
402034,2017,1.0833333333333333
402034,2018,1.75
402052,2017,1.8333333333333333
402052,2018,0.9166666666666666
402082,2017,1.9166666666666667
402082,2018,1.1666666666666667
402136,2017,0.0
402136,2018,0.0
402177,2017,0.0
402177,2018,0.4166666666666667
402251,2017,0.08333333333333333
402251,2018,1.9166666666666667
402332,2017,1.5833333333333333
402332,2018,1.0
402390,2018,0.18181818181818182
402624,2017,0.0
402624,2018,0.0
402638,2017,0.4166666666666667
402638,2018,1.5
402697,2017,0.2857142857142857
402697,2018,1.8181818181818181
402706,2017,1.5833333333333333
402706,2018,1.75
402918,2017,1.25
402918,2018,1.3333333333333333
402964,2017,1.75
402964,2018,1.25
402966,2017,0.25
402966,2018,0.6666666666666666
403052,2017,0.0
403052,2018,1.0833333333333333
403118,2017,0.9166666666666666
403118,2018,1.8333333333333333
403185,2017,0.8333333333333334
403185,2018,2.0833333333333335
403258,2017,0.0
403258,2018,0.0
403282,2017,0.25
403282,2018,2.0833333333333335
403361,2017,0.25
403361,2018,1.3333333333333333
403463,2017,0.0
403463,2018,0.16666666666666666
403473,2017,0.9166666666666666
403473,2018,0.8333333333333334
403500,2017,1.1666666666666667
403500,2018,2.75
403507,2017,1.4166666666666667
403507,2018,2.0
403529,2017,0.0
403529,2018,0.0
403675,2017,1.5833333333333333
403675,2018,0.6666666666666666
403764,2017,0.0
403764,2018,0.5833333333333334
403856,2018,4.454545454545454
403893,2017,1.0833333333333333
403893,2018,1.75
404011,2017,1.3333333333333333
404011,2018,1.0
404012,2017,0.0
404012,2018,0.75
404106,2017,2.6666666666666665
404106,2018,1.1666666666666667
404233,2017,1.6666666666666667
404233,2018,1.25
404314,2017,1.8333333333333333
404314,2018,1.5
404339,2017,0.5833333333333334
404339,2018,1.3333333333333333
404417,2017,1.75
404417,2018,1.3333333333333333
404426,2017,0.8333333333333334
404426,2018,1.25
404431,2017,1.6666666666666667
404431,2018,1.3333333333333333
404434,2017,1.8333333333333333
404434,2018,1.9166666666666667
404475,2017,1.9166666666666667
404475,2018,1.4166666666666667
404720,2017,1.4166666666666667
404720,2018,2.0
404742,2017,1.5833333333333333
404742,2018,2.3333333333333335
404801,2017,0.0
404801,2018,1.0
404805,2017,0.0
404805,2018,1.3333333333333333
404846,2017,1.5833333333333333
404846,2018,0.8333333333333334
404920,2017,0.8333333333333334
404920,2018,0.8333333333333334
405030,2017,0.0
405030,2018,0.0
405201,2017,1.5
405201,2018,1.6666666666666667
405318,2017,2.1666666666666665
405318,2018,0.8333333333333334
405339,2017,1.4166666666666667
405339,2018,1.25
405351,2017,1.25
405351,2018,1.75
405418,2017,1.1666666666666667
405418,2018,1.5
405442,2017,1.4166666666666667
405442,2018,2.1666666666666665
405465,2017,0.0
405465,2018,0.0
405500,2017,2.25
405500,2018,1.75
405597,2017,1.3333333333333333
405597,2018,1.0
405602,2018,3.8181818181818183
405698,2017,0.0
405698,2018,1.5833333333333333
405699,2017,2.0
405699,2018,1.25
405735,2017,1.5833333333333333
405735,2018,1.0
405739,2017,1.9166666666666667
405739,2018,0.0
405740,2017,0.0
405740,2018,0.0
405768,2017,1.6666666666666667
405768,2018,0.0
405804,2017,1.4166666666666667
405804,2018,2.25
405928,2017,1.5
405928,2018,2.0833333333333335
406047,2017,1.25
406047,2018,2.25
406099,2017,0.0
406099,2018,0.6666666666666666
406176,2017,1.1666666666666667
406176,2018,1.3333333333333333
406252,2018,3.8181818181818183
406254,2017,1.0
406254,2018,2.4166666666666665
406287,2017,0.9166666666666666
406287,2018,0.08333333333333333
406294,2017,2.3333333333333335
406294,2018,0.9166666666666666
406367,2017,0.0
406367,2018,0.8333333333333334
406369,2018,2.4545454545454546
406373,2017,1.5833333333333333
406373,2018,2.0833333333333335
406411,2017,2.5833333333333335
406411,2018,1.5833333333333333
406564,2017,1.5833333333333333
406564,2018,1.0
406574,2017,1.8333333333333333
406574,2018,1.8333333333333333
406810,2017,2.1666666666666665
406810,2018,1.75
406988,2017,0.0
406988,2018,0.0
407008,2017,0.0
407008,2018,0.16666666666666666
407032,2017,1.75
407032,2018,1.5
407119,2017,1.6666666666666667
407119,2018,1.4166666666666667
407173,2017,1.0833333333333333
407173,2018,1.6666666666666667
407233,2017,0.0
407233,2018,0.0
407238,2017,1.5833333333333333
407238,2018,1.25
407305,2017,2.1666666666666665
407305,2018,1.75
407340,2017,1.1666666666666667
407340,2018,2.0
407377,2017,2.1666666666666665
407377,2018,1.5833333333333333
407404,2017,0.0
407404,2018,0.0
407411,2017,1.5833333333333333
407411,2018,1.5
407433,2017,2.5
407433,2018,0.9166666666666666
407468,2017,1.5
407468,2018,0.3333333333333333
407478,2017,0.6666666666666666
407478,2018,0.0
407641,2017,0.0
407641,2018,0.0
407648,2017,0.0
407648,2018,0.0
407768,2017,1.4166666666666667
407768,2018,1.0
407798,2017,1.5
407798,2018,1.25
407924,2017,0.0
407924,2018,0.0
407933,2017,2.0833333333333335
407933,2018,0.8333333333333334
407945,2017,2.0
407945,2018,2.0833333333333335
407999,2017,2.0
407999,2018,1.6666666666666667
408047,2017,2.3333333333333335
408047,2018,2.0
408091,2017,1.5
408091,2018,0.0
408134,2017,0.0
408134,2018,1.1666666666666667
408170,2017,0.0
408170,2018,0.0
408259,2017,1.3333333333333333
408259,2018,1.8333333333333333
408309,2017,0.9166666666666666
408309,2018,1.3333333333333333
408347,2017,0.0
408347,2018,1.0833333333333333
408378,2017,0.0
408378,2018,0.6666666666666666
408468,2017,0.0
408468,2018,1.0
408493,2017,0.5
408493,2018,1.3333333333333333
408500,2017,1.1666666666666667
408500,2018,1.5833333333333333
408561,2017,1.8333333333333333
408561,2018,2.1666666666666665
408651,2017,1.8333333333333333
408651,2018,1.6666666666666667
408838,2017,1.25
408838,2018,1.0
408863,2017,1.5
408863,2018,1.5833333333333333
408886,2017,1.6666666666666667
408886,2018,2.0833333333333335
408915,2017,0.0
408915,2018,0.25
408931,2017,1.8333333333333333
408931,2018,2.0833333333333335
408990,2017,1.4166666666666667
408990,2018,2.0833333333333335
409051,2017,1.4166666666666667
409051,2018,1.8333333333333333
409102,2017,1.0833333333333333
409102,2018,1.75
409156,2017,1.0833333333333333
409156,2018,1.9166666666666667
409174,2017,0.0
409174,2018,0.9166666666666666
409454,2017,1.75
409454,2018,1.8333333333333333
409512,2017,1.0833333333333333
409512,2018,1.25
409603,2017,1.25
409603,2018,1.3333333333333333
409684,2017,1.5
409684,2018,1.5
409741,2017,2.0
409741,2018,1.9166666666666667
409768,2017,0.0
409768,2018,0.4166666666666667
409798,2017,2.1666666666666665
409798,2018,0.6666666666666666
409908,2017,1.6666666666666667
409908,2018,2.0
409914,2017,1.6666666666666667
409914,2018,1.1666666666666667
409951,2017,2.25
409951,2018,2.4166666666666665
409984,2018,3.4545454545454546
409989,2017,0.0
409989,2018,0.75
410202,2017,1.5
410202,2018,1.5833333333333333
410209,2017,1.8333333333333333
410209,2018,1.5833333333333333
410218,2017,2.0
410218,2018,1.75
410341,2017,2.5833333333333335
410341,2018,1.5833333333333333
410343,2017,0.9166666666666666
410343,2018,0.25
410347,2017,1.5
410347,2018,2.0833333333333335
410373,2017,0.0
410373,2018,0.0
410384,2017,1.6666666666666667
410384,2018,1.5833333333333333
410460,2017,1.4166666666666667
410460,2018,0.0
410544,2017,1.8333333333333333
410544,2018,1.5
410552,2017,1.3333333333333333
410552,2018,1.3333333333333333
410558,2017,1.5
410558,2018,1.6666666666666667
410702,2017,1.3333333333333333
410702,2018,2.0833333333333335
410790,2017,1.5
410790,2018,2.0
410921,2017,2.3333333333333335
410921,2018,1.1666666666666667
410938,2017,2.0833333333333335
410938,2018,1.5
410958,2017,0.0
410958,2018,0.5833333333333334
410963,2017,1.0
410963,2018,2.1666666666666665
410982,2017,1.9166666666666667
410982,2018,1.5833333333333333
411030,2017,0.0
411030,2018,0.35714285714285715
411094,2017,1.75
411094,2018,1.5
411116,2017,0.8333333333333334
411116,2018,1.4166666666666667
411204,2017,1.4166666666666667
411204,2018,2.5
411242,2017,0.0
411242,2018,0.0
411272,2017,0.0
411272,2018,0.3333333333333333
411296,2018,5.7272727272727275
411298,2017,1.9166666666666667
411298,2018,1.8333333333333333
411365,2017,0.0
411365,2018,0.16666666666666666
411420,2017,2.1666666666666665
411420,2018,1.9166666666666667
411523,2017,1.5714285714285714
411523,2018,2.090909090909091
411533,2017,1.9166666666666667
411533,2018,2.25
411583,2017,1.8333333333333333
411583,2018,1.6666666666666667
411586,2017,1.6666666666666667
411586,2018,2.0833333333333335
411651,2017,0.0
411651,2018,0.0
411686,2017,1.3333333333333333
411686,2018,1.5
411690,2017,2.0
411690,2018,1.4166666666666667
411715,2017,0.0
411715,2018,1.0
411734,2017,1.0
411734,2018,0.0
411744,2017,1.0833333333333333
411744,2018,1.6666666666666667
411876,2017,1.75
411876,2018,2.0833333333333335
411897,2017,1.0
411897,2018,1.5
412024,2017,1.6666666666666667
412024,2018,1.6666666666666667
412133,2017,2.0
412133,2018,1.5
412186,2017,2.5833333333333335
412186,2018,2.3333333333333335
412203,2017,1.6666666666666667
412203,2018,1.25
412284,2017,0.8333333333333334
412284,2018,1.1666666666666667
412362,2017,0.0
412362,2018,0.0
412394,2017,1.8333333333333333
412394,2018,2.5
412402,2017,2.0
412402,2018,1.5
412429,2017,1.1666666666666667
412429,2018,0.6666666666666666
412480,2017,0.0
412480,2018,0.4166666666666667
412487,2017,1.0833333333333333
412487,2018,2.1666666666666665
412743,2017,0.0
412743,2018,0.6666666666666666
412793,2017,1.5
412793,2018,1.3333333333333333
412803,2017,2.0833333333333335
412803,2018,0.75
412817,2017,1.6666666666666667
412817,2018,1.8333333333333333
412854,2017,1.4166666666666667
412854,2018,2.0
412880,2017,1.75
412880,2018,1.25
412902,2017,2.3333333333333335
412902,2018,1.8333333333333333
412944,2017,2.25
412944,2018,1.5833333333333333
412995,2017,0.9166666666666666
412995,2018,1.75
413050,2017,2.0833333333333335
413050,2018,1.8333333333333333
413052,2017,1.0
413052,2018,1.0833333333333333
413088,2017,2.3333333333333335
413088,2018,1.0
413101,2017,1.5
413101,2018,2.25
413115,2017,1.75
413115,2018,2.4166666666666665
413185,2017,1.25
413185,2018,1.8333333333333333
413243,2017,1.75
413243,2018,2.25
413266,2017,2.0
413266,2018,1.25
413282,2017,1.8333333333333333
413282,2018,1.5
413305,2017,0.0
413305,2018,0.0
413330,2017,1.5833333333333333
413330,2018,0.16666666666666666
413345,2017,1.75
413345,2018,1.6666666666666667
413347,2017,1.6666666666666667
413347,2018,0.5833333333333334
413426,2017,2.0
413426,2018,1.9166666666666667
413445,2017,0.5
413445,2018,0.6666666666666666
413459,2017,2.0
413459,2018,1.6666666666666667
413620,2017,1.3333333333333333
413620,2018,1.0
413659,2017,0.0
413659,2018,1.5833333333333333
413741,2017,1.8333333333333333
413741,2018,1.1666666666666667
413798,2017,2.25
413798,2018,2.1666666666666665
413815,2017,1.5833333333333333
413815,2018,2.0833333333333335
413853,2017,0.5
413853,2018,1.25
413994,2017,1.5833333333333333
413994,2018,2.0
414033,2017,0.75
414033,2018,2.9166666666666665
414157,2017,1.25
414157,2018,0.8333333333333334
414164,2017,0.5833333333333334
414164,2018,1.1666666666666667
414207,2017,1.9166666666666667
414207,2018,1.5833333333333333
414211,2017,1.25
414211,2018,2.1666666666666665
414239,2017,0.9166666666666666
414239,2018,1.6666666666666667
414305,2017,2.6666666666666665
414305,2018,1.5833333333333333
414318,2017,1.25
414318,2018,1.9166666666666667
414382,2017,0.0
414382,2018,0.08333333333333333
414433,2017,1.0833333333333333
414433,2018,1.5
414584,2017,1.9166666666666667
414584,2018,2.5833333333333335
414661,2017,0.0
414661,2018,0.0
414727,2017,2.3333333333333335
414727,2018,1.25
414741,2017,2.5
414741,2018,2.4166666666666665
414757,2017,1.25
414757,2018,1.0833333333333333
415067,2017,1.75
415067,2018,1.5
415077,2017,1.0
415077,2018,0.9166666666666666
415088,2017,0.0
415088,2018,1.25
415090,2018,2.727272727272727
415148,2017,1.75
415148,2018,2.0
415201,2017,0.0
415201,2018,0.6666666666666666
415292,2017,0.0
415292,2018,0.0
415327,2017,0.75
415327,2018,2.3333333333333335
415332,2017,1.5833333333333333
415332,2018,1.1666666666666667
415341,2017,1.6666666666666667
415341,2018,1.5833333333333333
415372,2017,1.75
415372,2018,1.0833333333333333
415381,2017,2.25
415381,2018,1.4166666666666667
415402,2017,0.5
415402,2018,1.5
415441,2017,1.25
415441,2018,1.4166666666666667
415446,2017,0.0
415446,2018,0.5
415640,2017,0.0
415640,2018,0.0
415862,2017,1.25
415862,2018,1.4166666666666667
415896,2017,1.5
415896,2018,1.4166666666666667
415915,2018,3.5454545454545454
415916,2017,1.0
415916,2018,2.6666666666666665
416091,2017,0.0
416091,2018,1.3333333333333333
416105,2017,0.0
416105,2018,0.08333333333333333
416124,2017,2.1666666666666665
416124,2018,1.9166666666666667
416127,2017,0.6666666666666666
416127,2018,1.25
416216,2017,1.5
416216,2018,0.9166666666666666
416575,2017,0.8333333333333334
416575,2018,1.8333333333333333
416620,2017,0.0
416620,2018,0.25
416768,2017,1.3333333333333333
416768,2018,2.0
416783,2017,1.5833333333333333
416783,2018,0.75
416940,2017,1.3333333333333333
416940,2018,0.0
416973,2017,2.0833333333333335
416973,2018,1.5
417001,2017,0.0
417001,2018,0.08333333333333333
417082,2017,1.8333333333333333
417082,2018,1.6666666666666667
417118,2017,1.3333333333333333
417118,2018,2.5
417240,2017,1.7
417240,2018,1.7391304347826086
417274,2018,4.090909090909091
417507,2017,1.5833333333333333
417507,2018,1.1666666666666667
417553,2017,0.0
417553,2018,0.0
417564,2017,1.4166666666666667
417564,2018,0.5833333333333334
417584,2017,1.5833333333333333
417584,2018,1.4166666666666667
417721,2017,0.0
417721,2018,0.0
417825,2017,1.0833333333333333
417825,2018,2.3333333333333335
417838,2017,1.4166666666666667
417838,2018,1.5
417841,2017,0.0
417841,2018,0.0
417886,2017,2.3333333333333335
417886,2018,0.8333333333333334
417904,2017,0.9166666666666666
417904,2018,1.3333333333333333
417929,2017,1.75
417929,2018,2.8333333333333335
418090,2017,1.4166666666666667
418090,2018,1.25
418166,2017,1.0
418166,2018,2.5833333333333335
418233,2017,0.0
418233,2018,0.0
418281,2017,2.3333333333333335
418281,2018,1.1666666666666667
418327,2017,1.6666666666666667
418327,2018,1.5833333333333333
418470,2017,0.08333333333333333
418470,2018,1.8333333333333333
418626,2017,0.0
418626,2018,0.0
418636,2017,0.0
418636,2018,0.9166666666666666
418718,2017,0.0
418718,2018,1.5833333333333333
418753,2017,0.5
418753,2018,1.9166666666666667
418779,2017,2.0
418779,2018,1.6666666666666667
418784,2017,0.0
418784,2018,0.16666666666666666
418793,2017,1.3333333333333333
418793,2018,1.5833333333333333
418910,2017,1.4166666666666667
418910,2018,2.0
418930,2017,1.8333333333333333
418930,2018,1.4166666666666667
418938,2017,0.3333333333333333
418938,2018,1.3333333333333333
418958,2017,1.8333333333333333
418958,2018,2.1666666666666665
418990,2017,1.0833333333333333
418990,2018,2.1666666666666665
419182,2017,1.9166666666666667
419182,2018,2.0
419237,2017,1.5833333333333333
419237,2018,0.0
419275,2017,1.3333333333333333
419275,2018,2.0833333333333335
419377,2017,1.25
419377,2018,1.5833333333333333
419491,2017,0.0
419491,2018,0.0
419493,2017,1.5
419493,2018,1.6666666666666667
419522,2017,1.9166666666666667
419522,2018,2.0833333333333335
419540,2017,1.5833333333333333
419540,2018,2.0833333333333335
419570,2017,1.75
419570,2018,1.9166666666666667
419626,2017,0.0
419626,2018,2.0
419648,2017,0.16666666666666666
419648,2018,1.5833333333333333
419661,2017,0.0
419661,2018,0.5833333333333334
419732,2017,0.0
419732,2018,1.1666666666666667
419748,2017,1.3333333333333333
419748,2018,1.9166666666666667
419749,2017,1.8333333333333333
419749,2018,1.75
419758,2017,1.5833333333333333
419758,2018,1.5833333333333333
419776,2017,2.25
419776,2018,1.0
419818,2017,1.8333333333333333
419818,2018,0.75
419893,2017,1.9166666666666667
419893,2018,1.4166666666666667
419953,2017,1.6666666666666667
419953,2018,1.4166666666666667
419973,2017,2.0
419973,2018,1.6666666666666667
420008,2017,1.75
420008,2018,1.8333333333333333
420010,2018,1.7272727272727273
420126,2017,0.0
420126,2018,1.1666666666666667
420148,2017,1.0
420148,2018,2.1666666666666665
420202,2017,0.0
420202,2018,1.0833333333333333
420204,2017,0.16666666666666666
420204,2018,2.1666666666666665
420222,2017,1.5833333333333333
420222,2018,1.8333333333333333
420243,2017,0.0
420243,2018,0.25
420339,2017,2.5
420339,2018,1.0
420394,2017,0.5833333333333334
420394,2018,2.0833333333333335
420434,2017,1.8333333333333333
420434,2018,1.3333333333333333
420439,2017,0.9166666666666666
420439,2018,1.3333333333333333
420457,2017,2.4166666666666665
420457,2018,1.3333333333333333
420464,2017,0.0
420464,2018,0.0
420481,2017,1.75
420481,2018,0.9166666666666666
420488,2017,1.25
420488,2018,1.75
420490,2017,0.75
420490,2018,1.75
420508,2017,1.3333333333333333
420508,2018,1.1666666666666667
420515,2017,1.75
420515,2018,0.8333333333333334
420590,2017,0.16666666666666666
420590,2018,1.25
420627,2017,1.8333333333333333
420627,2018,1.0833333333333333
420738,2017,0.9166666666666666
420738,2018,1.3333333333333333
420786,2017,0.9166666666666666
420786,2018,1.5833333333333333
420856,2017,0.0
420856,2018,0.9166666666666666
420890,2018,3.5454545454545454
421001,2017,1.1666666666666667
421001,2018,1.5833333333333333
421191,2017,2.5833333333333335
421191,2018,1.9166666666666667
421252,2017,0.0
421252,2018,0.25
421310,2017,0.08333333333333333
421310,2018,0.0
421432,2017,0.0
421432,2018,0.0
421458,2017,1.8333333333333333
421458,2018,2.6666666666666665
421497,2017,1.5
421497,2018,1.75
421580,2017,2.0833333333333335
421580,2018,1.0833333333333333
421691,2017,1.5833333333333333
421691,2018,1.9166666666666667
421744,2017,1.5833333333333333
421744,2018,1.3333333333333333
421748,2017,2.8333333333333335
421748,2018,1.4166666666666667
421752,2017,0.0
421752,2018,0.25
421822,2017,0.0
421822,2018,0.25
421855,2017,0.0
421855,2018,0.0
421923,2017,2.0
421923,2018,1.5833333333333333
421930,2018,5.818181818181818
422121,2017,1.8333333333333333
422121,2018,1.6666666666666667
422152,2017,2.5
422152,2018,1.9166666666666667
422164,2017,0.0
422164,2018,0.8333333333333334
422204,2017,1.75
422204,2018,2.25
422245,2017,0.0
422245,2018,0.3333333333333333
422276,2017,1.75
422276,2018,1.8333333333333333
422320,2017,0.6666666666666666
422320,2018,0.8333333333333334
422349,2017,1.4166666666666667
422349,2018,0.8333333333333334
422358,2017,2.0
422358,2018,1.8333333333333333
422398,2017,2.0833333333333335
422398,2018,2.5
422436,2017,0.0
422436,2018,1.0833333333333333
422496,2017,1.5
422496,2018,1.0833333333333333
422750,2017,1.3333333333333333
422750,2018,2.0
422787,2017,1.4166666666666667
422787,2018,1.6666666666666667
422803,2017,2.1666666666666665
422803,2018,1.5833333333333333
422805,2017,1.4166666666666667
422805,2018,1.0
422989,2017,1.0833333333333333
422989,2018,0.0
423035,2017,1.75
423035,2018,1.6666666666666667
423096,2017,1.5
423096,2018,1.5
423119,2017,1.1666666666666667
423119,2018,0.5
423153,2017,0.0
423153,2018,2.0833333333333335
423201,2017,1.0833333333333333
423201,2018,1.1666666666666667
423228,2017,2.0
423228,2018,1.6666666666666667
423254,2017,2.5833333333333335
423254,2018,1.0833333333333333
423272,2017,1.0833333333333333
423272,2018,1.5833333333333333
423313,2017,0.0
423313,2018,0.0
423324,2017,0.0
423324,2018,0.8333333333333334
423336,2017,0.4166666666666667
423336,2018,1.9166666666666667
423409,2018,3.4545454545454546
423432,2017,2.0833333333333335
423432,2018,1.4166666666666667
423473,2018,2.5454545454545454
423598,2017,2.25
423598,2018,1.75
423609,2017,1.0833333333333333
423609,2018,1.4166666666666667
423686,2017,1.75
423686,2018,1.4166666666666667
423711,2017,0.0
423711,2018,0.0
423821,2017,1.25
423821,2018,1.5
423844,2017,0.0
423844,2018,0.0
423941,2017,1.0
423941,2018,1.6666666666666667
423978,2017,1.8333333333333333
423978,2018,1.5833333333333333
424012,2017,0.8333333333333334
424012,2018,1.1666666666666667
424027,2017,0.0
424027,2018,0.0
424098,2017,1.9166666666666667
424098,2018,1.4166666666666667
424100,2017,0.6666666666666666
424100,2018,1.9166666666666667
424126,2017,1.1666666666666667
424126,2018,1.9166666666666667
424139,2017,1.5833333333333333
424139,2018,1.0
424208,2017,1.25
424208,2018,1.8333333333333333
424216,2017,0.8333333333333334
424216,2018,2.1666666666666665
424270,2017,0.0
424270,2018,1.25
424317,2017,0.0
424317,2018,0.0
424337,2017,0.75
424337,2018,2.3333333333333335
424403,2017,1.0833333333333333
424403,2018,1.5833333333333333
424451,2017,0.0
424451,2018,0.25
424526,2017,1.1666666666666667
424526,2018,1.4166666666666667
424540,2017,2.1666666666666665
424540,2018,1.1666666666666667
424585,2017,0.16666666666666666
424585,2018,0.0
424688,2017,0.75
424688,2018,1.4166666666666667
424793,2017,1.0
424793,2018,1.4166666666666667
424812,2017,1.0
424812,2018,1.1666666666666667
424837,2017,2.3333333333333335
424837,2018,1.1666666666666667
424917,2017,2.25
424917,2018,1.0833333333333333
424983,2017,2.5
424983,2018,2.0
425294,2017,2.0
425294,2018,1.6666666666666667
425411,2017,1.5833333333333333
425411,2018,1.0833333333333333
425436,2017,1.9166666666666667
425436,2018,1.9166666666666667
425445,2017,1.4166666666666667
425445,2018,1.3333333333333333
425472,2017,1.6666666666666667
425472,2018,1.5
425477,2017,0.0
425477,2018,0.0
425567,2017,1.4166666666666667
425567,2018,1.0
425620,2017,0.0
425620,2018,0.5
425687,2017,0.08333333333333333
425687,2018,0.8333333333333334
425717,2017,2.1666666666666665
425717,2018,0.8333333333333334
425720,2017,1.1666666666666667
425720,2018,1.0833333333333333
425779,2017,0.9166666666666666
425779,2018,0.0
425826,2017,0.0
425826,2018,0.08333333333333333
425854,2017,1.8333333333333333
425854,2018,1.25
425940,2017,1.25
425940,2018,2.4166666666666665
426022,2017,0.0
426022,2018,0.0
426027,2017,1.0
426027,2018,1.5833333333333333
426124,2017,1.1666666666666667
426124,2018,1.4166666666666667
426141,2017,0.0
426141,2018,0.0
426185,2017,0.8333333333333334
426185,2018,2.5
426223,2017,1.4166666666666667
426223,2018,1.25
426302,2017,0.5
426302,2018,1.3333333333333333
426317,2017,1.5
426317,2018,0.5833333333333334
426351,2017,2.0
426351,2018,0.6666666666666666
426384,2017,2.0833333333333335
426384,2018,1.1666666666666667
426414,2017,1.3333333333333333
426414,2018,1.5
426429,2017,1.75
426429,2018,2.4166666666666665
426439,2017,1.6666666666666667
426439,2018,1.0
426530,2017,1.5833333333333333
426530,2018,1.1666666666666667
426533,2017,1.6666666666666667
426533,2018,1.4166666666666667
426536,2017,1.8333333333333333
426536,2018,1.0833333333333333
426698,2017,1.75
426698,2018,1.25
426720,2017,1.6666666666666667
426720,2018,1.8333333333333333
426791,2017,1.25
426791,2018,1.0833333333333333
426958,2017,1.0833333333333333
426958,2018,2.0
426981,2017,1.3333333333333333
426981,2018,1.5
426990,2017,1.5833333333333333
426990,2018,2.25
426994,2017,2.0
426994,2018,1.5833333333333333
427036,2017,1.3333333333333333
427036,2018,1.8333333333333333
427140,2017,1.1666666666666667
427140,2018,1.25
427163,2017,2.5833333333333335
427163,2018,1.25
427177,2017,1.6666666666666667
427177,2018,1.3333333333333333
427329,2017,1.4166666666666667
427329,2018,1.25
427354,2017,0.0
427354,2018,1.75
427358,2017,1.5833333333333333
427358,2018,1.5833333333333333
427388,2017,1.1666666666666667
427388,2018,0.0
427444,2017,0.0
427444,2018,1.0833333333333333
427733,2017,1.25
427733,2018,1.75
427804,2017,0.0
427804,2018,0.0
427919,2017,1.75
427919,2018,1.3333333333333333
427976,2017,1.75
427976,2018,0.6666666666666666
427980,2017,1.5833333333333333
427980,2018,1.75
428020,2017,1.6666666666666667
428020,2018,1.9166666666666667
428114,2017,1.8333333333333333
428114,2018,2.5833333333333335
428129,2017,2.25
428129,2018,1.3333333333333333
428130,2017,1.25
428130,2018,0.9166666666666666
428152,2017,0.0
428152,2018,1.75
428162,2017,1.0
428162,2018,2.0
428249,2017,1.4166666666666667
428249,2018,1.0833333333333333
428305,2017,1.8333333333333333
428305,2018,1.1666666666666667
428345,2017,0.0
428345,2018,1.9166666666666667
428376,2017,1.3333333333333333
428376,2018,1.4166666666666667
428383,2017,0.16666666666666666
428383,2018,0.0
428402,2017,1.1666666666666667
428402,2018,1.5833333333333333
428452,2017,0.0
428452,2018,0.4166666666666667
428520,2017,0.16666666666666666
428520,2018,1.5833333333333333
428523,2017,1.3333333333333333
428523,2018,1.0
428526,2017,1.25
428526,2018,1.3333333333333333
428536,2017,2.4166666666666665
428536,2018,2.1666666666666665
428565,2017,0.75
428565,2018,1.25
428590,2017,0.0
428590,2018,0.0
428604,2017,0.0
428604,2018,1.75
428649,2017,0.8333333333333334
428649,2018,2.3333333333333335
428710,2017,1.9166666666666667
428710,2018,0.8333333333333334
428757,2017,2.0
428757,2018,1.3333333333333333
428765,2017,0.16666666666666666
428765,2018,1.5833333333333333
428778,2017,0.0
428778,2018,1.1666666666666667
428826,2017,0.0
428826,2018,1.25
428843,2017,1.4166666666666667
428843,2018,1.5
428853,2018,4.7272727272727275
428872,2017,0.0
428872,2018,0.0
428903,2017,1.5
428903,2018,1.6666666666666667
428919,2017,1.3333333333333333
428919,2018,1.5833333333333333
428922,2017,1.3333333333333333
428922,2018,1.6666666666666667
429054,2017,1.5
429054,2018,0.8333333333333334
429238,2017,2.0833333333333335
429238,2018,2.0
429244,2017,1.0833333333333333
429244,2018,2.0
429292,2017,0.8333333333333334
429292,2018,1.0833333333333333
429308,2017,1.8333333333333333
429308,2018,2.0
429354,2017,0.75
429354,2018,2.5833333333333335
429448,2017,0.0
429448,2018,0.0
429460,2017,1.3333333333333333
429460,2018,0.16666666666666666
429471,2017,1.0833333333333333
429471,2018,1.5
429557,2017,1.5
429557,2018,1.0
429689,2017,0.0
429689,2018,0.0
429692,2017,0.8333333333333334
429692,2018,0.16666666666666666
429829,2017,2.25
429829,2018,2.4166666666666665
429849,2017,1.0833333333333333
429849,2018,1.9166666666666667
429894,2017,0.75
429894,2018,1.0
429921,2017,1.5
429921,2018,1.9166666666666667
429933,2017,1.75
429933,2018,2.0833333333333335
430048,2017,2.0833333333333335
430048,2018,1.75
430059,2017,2.1666666666666665
430059,2018,1.0833333333333333
430097,2017,1.5833333333333333
430097,2018,1.6666666666666667
430107,2017,1.5
430107,2018,1.6666666666666667
430197,2017,1.5833333333333333
430197,2018,2.0
430221,2017,0.0
430221,2018,0.16666666666666666
430228,2017,1.5833333333333333
430228,2018,2.4166666666666665
430265,2017,0.4166666666666667
430265,2018,1.0833333333333333
430323,2017,1.9166666666666667
430323,2018,0.3333333333333333
430398,2018,5.090909090909091
430413,2017,2.1666666666666665
430413,2018,0.9166666666666666
430475,2017,1.5
430475,2018,0.9166666666666666
430500,2017,1.75
430500,2018,1.4166666666666667
430503,2017,1.1666666666666667
430503,2018,2.3333333333333335
430519,2017,0.0
430519,2018,0.0
430521,2017,0.0
430521,2018,0.0
430555,2017,1.75
430555,2018,0.5
430559,2017,0.0
430559,2018,0.0
430569,2017,2.0833333333333335
430569,2018,3.5
430618,2017,1.5833333333333333
430618,2018,0.5
430670,2017,0.0
430670,2018,0.0
430712,2017,0.08333333333333333
430712,2018,0.9166666666666666
430813,2017,1.5
430813,2018,2.25
430817,2017,1.0
430817,2018,1.9166666666666667
430880,2018,3.3636363636363638
431020,2017,1.9166666666666667
431020,2018,0.9166666666666666
431021,2017,1.9166666666666667
431021,2018,1.3333333333333333
431034,2017,1.1666666666666667
431034,2018,1.5
431187,2017,0.0
431187,2018,0.25
431201,2017,0.5
431201,2018,0.75
431277,2017,0.8333333333333334
431277,2018,1.5
431286,2017,0.0
431286,2018,0.0
431392,2017,0.0
431392,2018,0.16666666666666666
431514,2017,0.0
431514,2018,0.9166666666666666
431521,2017,1.8333333333333333
431521,2018,1.9166666666666667
431533,2017,2.0
431533,2018,1.0833333333333333
431586,2017,1.0833333333333333
431586,2018,1.75
431640,2017,2.0833333333333335
431640,2018,2.4166666666666665
431829,2017,1.1666666666666667
431829,2018,1.75
431899,2017,1.0833333333333333
431899,2018,2.25
432031,2017,1.9166666666666667
432031,2018,2.0833333333333335
432059,2017,1.5
432059,2018,1.1666666666666667
432145,2017,2.0
432145,2018,0.8333333333333334
432200,2017,2.0
432200,2018,1.0
432215,2017,1.5833333333333333
432215,2018,1.3333333333333333
432255,2017,2.3333333333333335
432255,2018,1.6666666666666667
432298,2017,2.25
432298,2018,2.3333333333333335
432302,2018,4.818181818181818
432366,2017,1.4166666666666667
432366,2018,1.1666666666666667
432370,2017,1.5833333333333333
432370,2018,1.5
432392,2017,1.5
432392,2018,1.8333333333333333
432451,2017,1.75
432451,2018,1.4166666666666667
432493,2017,2.5
432493,2018,2.6666666666666665
432564,2017,0.3333333333333333
432564,2018,0.5833333333333334
432579,2017,0.0
432579,2018,0.5833333333333334
432592,2017,2.1666666666666665
432592,2018,1.3333333333333333
432598,2017,1.6666666666666667
432598,2018,1.5
432655,2018,2.5454545454545454
432716,2017,2.1666666666666665
432716,2018,2.0833333333333335
432718,2017,1.0833333333333333
432718,2018,2.25
432729,2017,0.0
432729,2018,0.0
432843,2017,1.4166666666666667
432843,2018,1.5833333333333333
432920,2017,1.4166666666666667
432920,2018,1.25
432938,2017,2.1666666666666665
432938,2018,1.4166666666666667
432941,2017,0.25
432941,2018,0.0
432961,2017,0.0
432961,2018,1.0833333333333333
433017,2017,0.5833333333333334
433017,2018,1.8333333333333333
433020,2018,2.0
433116,2017,0.0
433116,2018,0.0
433172,2017,2.3333333333333335
433172,2018,1.5833333333333333
433300,2017,0.16666666666666666
433300,2018,0.0
433307,2017,0.0
433307,2018,0.5833333333333334
433353,2017,1.25
433353,2018,1.8333333333333333
433477,2017,0.0
433477,2018,0.25
433496,2017,2.5
433496,2018,1.3333333333333333
433510,2017,2.3333333333333335
433510,2018,2.1666666666666665
433678,2017,1.5833333333333333
433678,2018,1.25
433752,2017,0.0
433752,2018,2.0833333333333335
433812,2017,2.1666666666666665
433812,2018,0.6666666666666666
433815,2017,1.25
433815,2018,1.0833333333333333
433857,2018,6.545454545454546
433881,2017,0.0
433881,2018,0.0
433946,2017,1.5833333333333333
433946,2018,1.8333333333333333
434081,2017,1.1666666666666667
434081,2018,1.3333333333333333
434098,2017,1.75
434098,2018,1.9166666666666667
434113,2017,0.6666666666666666
434113,2018,2.4166666666666665
434136,2017,2.3333333333333335
434136,2018,1.3333333333333333
434215,2017,0.6666666666666666
434215,2018,1.5
434385,2017,1.8333333333333333
434385,2018,2.5
434430,2017,0.0
434430,2018,0.0
434470,2017,1.0
434470,2018,2.1666666666666665
434477,2017,2.0833333333333335
434477,2018,1.6666666666666667
434489,2018,7.363636363636363
434568,2017,1.8333333333333333
434568,2018,0.9166666666666666
434620,2017,0.0
434620,2018,1.4166666666666667
434621,2017,0.3333333333333333
434621,2018,2.6666666666666665
434657,2017,1.5
434657,2018,0.5
434658,2017,1.9166666666666667
434658,2018,1.1666666666666667
434679,2017,2.0833333333333335
434679,2018,2.1666666666666665
434693,2017,0.08333333333333333
434693,2018,1.25
434751,2017,1.5
434751,2018,1.3333333333333333
434760,2017,1.8333333333333333
434760,2018,0.6666666666666666
434802,2017,1.6666666666666667
434802,2018,0.6666666666666666
434807,2017,1.7727272727272727
434807,2018,1.8095238095238095
434888,2017,1.8333333333333333
434888,2018,1.1666666666666667
434922,2017,2.1666666666666665
434922,2018,1.5833333333333333
434965,2017,0.0
434965,2018,0.0
435049,2017,1.3333333333333333
435049,2018,0.9166666666666666
435097,2017,2.0
435097,2018,1.0
435129,2017,1.0833333333333333
435129,2018,1.75
435156,2017,1.5833333333333333
435156,2018,1.5833333333333333
435223,2017,0.9166666666666666
435223,2018,0.75
435249,2017,0.5
435249,2018,2.5833333333333335
435358,2017,0.0
435358,2018,0.3333333333333333
435378,2017,1.0
435378,2018,2.0
435557,2017,1.0833333333333333
435557,2018,1.5
435613,2017,1.75
435613,2018,1.3333333333333333
435657,2017,1.25
435657,2018,0.9166666666666666
435777,2017,0.0
435777,2018,0.0
435789,2017,1.5833333333333333
435789,2018,1.25
435883,2017,0.0
435883,2018,0.0
436010,2017,2.0833333333333335
436010,2018,1.5833333333333333
436041,2017,0.08333333333333333
436041,2018,1.25
436081,2017,1.1666666666666667
436081,2018,1.8333333333333333
436087,2018,6.181818181818182
436226,2017,3.25
436226,2018,1.75
436235,2017,1.1666666666666667
436235,2018,1.0833333333333333
436247,2017,0.25
436247,2018,1.5833333333333333
436266,2017,0.5
436266,2018,0.9166666666666666
436282,2017,0.0
436282,2018,0.0
436318,2017,0.0
436318,2018,0.0
436419,2018,5.7272727272727275
436475,2017,1.75
436475,2018,2.25
436498,2017,0.0
436498,2018,0.0
436569,2017,1.3333333333333333
436569,2018,2.0
436705,2017,1.3333333333333333
436705,2018,0.16666666666666666
436719,2017,1.75
436719,2018,0.6666666666666666
436805,2017,0.3333333333333333
436805,2018,0.6666666666666666
436827,2017,1.75
436827,2018,1.6666666666666667
436874,2017,1.5
436874,2018,1.8333333333333333
436901,2017,1.9166666666666667
436901,2018,0.3333333333333333
436969,2017,1.5
436969,2018,1.0
436971,2017,0.25
436971,2018,1.3333333333333333
436975,2017,1.4166666666666667
436975,2018,0.9166666666666666
436990,2017,1.5
436990,2018,1.4166666666666667
437022,2017,1.8333333333333333
437022,2018,1.3333333333333333
437074,2017,1.1666666666666667
437074,2018,1.4166666666666667
437086,2017,1.6666666666666667
437086,2018,1.9166666666666667
437158,2017,1.1666666666666667
437158,2018,2.4166666666666665
437197,2017,1.3333333333333333
437197,2018,2.0833333333333335
437251,2017,0.6666666666666666
437251,2018,0.0
437262,2017,0.0
437262,2018,0.0
437269,2017,1.1666666666666667
437269,2018,0.25
437288,2017,1.0
437288,2018,1.1666666666666667
437357,2017,1.25
437357,2018,1.5
437403,2017,1.5833333333333333
437403,2018,0.0
437407,2017,1.4166666666666667
437407,2018,1.4166666666666667
437440,2018,5.818181818181818
437545,2017,1.75
437545,2018,2.0
437598,2017,1.3333333333333333
437598,2018,2.0
437737,2017,1.25
437737,2018,2.25
437810,2017,1.4166666666666667
437810,2018,1.0833333333333333
438023,2017,0.9166666666666666
438023,2018,1.25
438120,2017,0.0
438120,2018,1.1666666666666667
438199,2017,1.25
438199,2018,1.1666666666666667
438263,2017,1.5
438263,2018,1.25
438299,2017,0.5833333333333334
438299,2018,1.3333333333333333
438383,2017,0.5833333333333334
438383,2018,1.3333333333333333
438511,2017,0.0
438511,2018,0.0
438525,2017,1.0833333333333333
438525,2018,0.0
438526,2017,1.6666666666666667
438526,2018,0.75
438593,2017,0.0
438593,2018,1.0
438641,2017,1.0
438641,2018,1.8333333333333333
438698,2017,0.0
438698,2018,0.0
438707,2017,3.0833333333333335
438707,2018,0.5833333333333334
438746,2017,2.3333333333333335
438746,2018,1.0
438822,2017,1.75
438822,2018,1.5833333333333333
438869,2017,2.3333333333333335
438869,2018,1.1666666666666667
438875,2017,0.0
438875,2018,0.8333333333333334
438936,2017,2.4166666666666665
438936,2018,1.9166666666666667
439013,2018,6.181818181818182
439068,2017,0.0
439068,2018,0.25
439092,2017,0.0
439092,2018,0.8333333333333334
439251,2017,2.3333333333333335
439251,2018,1.4166666666666667
439252,2017,0.08333333333333333
439252,2018,0.0
439296,2017,1.75
439296,2018,2.0
439350,2017,1.3333333333333333
439350,2018,1.5
439361,2017,1.5833333333333333
439361,2018,2.0
439566,2017,1.5833333333333333
439566,2018,1.3333333333333333
439572,2018,7.090909090909091
439574,2017,2.75
439574,2018,1.6666666666666667
439675,2017,0.6666666666666666
439675,2018,1.0
439696,2017,1.1666666666666667
439696,2018,0.75
439819,2017,2.1666666666666665
439819,2018,1.3333333333333333
439900,2017,1.6666666666666667
439900,2018,2.75
440112,2017,1.5833333333333333
440112,2018,1.1666666666666667
440198,2017,1.9166666666666667
440198,2018,2.1666666666666665
440209,2017,1.25
440209,2018,0.8333333333333334
440213,2017,1.5833333333333333
440213,2018,0.6666666666666666
440320,2017,2.6666666666666665
440320,2018,1.3333333333333333
440511,2017,0.5833333333333334
440511,2018,1.5833333333333333
440595,2017,2.0
440595,2018,2.0833333333333335
440618,2017,2.3333333333333335
440618,2018,2.4166666666666665
440642,2017,1.9166666666666667
440642,2018,1.0833333333333333
440671,2017,0.0
440671,2018,0.0
440699,2017,0.0
440699,2018,0.4166666666666667
440758,2017,0.0
440758,2018,0.0
440785,2017,2.4166666666666665
440785,2018,1.75
440885,2017,1.75
440885,2018,1.0833333333333333
440928,2017,0.8333333333333334
440928,2018,1.9166666666666667
440939,2017,1.3333333333333333
440939,2018,1.3333333333333333
440967,2017,0.5833333333333334
440967,2018,1.5833333333333333
441113,2017,0.5
441113,2018,1.0833333333333333
441128,2017,1.5833333333333333
441128,2018,1.1666666666666667
441135,2017,1.1666666666666667
441135,2018,2.1666666666666665
441155,2017,0.75
441155,2018,1.4166666666666667
441304,2017,1.8333333333333333
441304,2018,1.0833333333333333
441313,2017,1.0
441313,2018,2.0833333333333335
441340,2017,1.6666666666666667
441340,2018,1.5833333333333333
441345,2018,1.9090909090909092
441356,2017,0.3333333333333333
441356,2018,1.8333333333333333
441359,2017,2.0
441359,2018,1.5833333333333333
441389,2017,2.1666666666666665
441389,2018,1.75
441419,2017,0.75
441419,2018,0.0
441423,2017,1.3333333333333333
441423,2018,1.4166666666666667
441439,2017,1.0
441439,2018,1.0
441440,2017,1.3333333333333333
441440,2018,0.9166666666666666
441442,2017,1.75
441442,2018,1.3333333333333333
441509,2017,1.5833333333333333
441509,2018,1.4166666666666667
441623,2017,1.0833333333333333
441623,2018,1.3333333333333333
441631,2018,4.818181818181818
441670,2017,1.4166666666666667
441670,2018,0.0
441719,2017,0.0
441719,2018,0.0
441724,2017,1.3333333333333333
441724,2018,1.5
441741,2017,1.4166666666666667
441741,2018,0.8333333333333334
441782,2017,1.75
441782,2018,1.5833333333333333
441964,2017,0.25
441964,2018,2.3333333333333335
442014,2017,1.5833333333333333
442014,2018,2.25
442018,2017,0.75
442018,2018,1.9166666666666667
442103,2017,2.0
442103,2018,1.4166666666666667
442192,2017,2.25
442192,2018,0.75
442249,2017,0.5
442249,2018,2.5833333333333335
442251,2018,5.545454545454546
442252,2017,2.0
442252,2018,1.4166666666666667
442282,2017,1.5833333333333333
442282,2018,1.3333333333333333
442304,2017,1.5833333333333333
442304,2018,2.1666666666666665
442306,2017,0.75
442306,2018,1.6666666666666667
442418,2017,0.4166666666666667
442418,2018,1.5
442458,2017,1.1666666666666667
442458,2018,1.8333333333333333
442479,2017,2.1666666666666665
442479,2018,1.4166666666666667
442525,2017,1.0
442525,2018,1.25
442609,2017,1.6666666666666667
442609,2018,1.4166666666666667
442695,2017,0.0
442695,2018,0.5
442792,2017,1.8333333333333333
442792,2018,1.0
442831,2017,1.4166666666666667
442831,2018,0.0
442838,2017,1.1666666666666667
442838,2018,2.1666666666666665
442868,2017,1.0833333333333333
442868,2018,2.0833333333333335
442879,2017,2.1666666666666665
442879,2018,1.6666666666666667
442956,2017,2.0
442956,2018,2.0833333333333335
442980,2017,1.1666666666666667
442980,2018,1.75
443130,2017,1.25
443130,2018,2.75
443198,2017,0.08333333333333333
443198,2018,1.4166666666666667
443199,2017,1.75
443199,2018,1.5833333333333333
443231,2017,1.1666666666666667
443231,2018,2.1666666666666665
443232,2017,1.75
443232,2018,1.9166666666666667
443243,2017,1.5833333333333333
443243,2018,1.5
443557,2017,0.0
443557,2018,0.0
443595,2017,1.75
443595,2018,1.9166666666666667
443770,2017,0.0
443770,2018,0.0
443865,2017,1.8333333333333333
443865,2018,1.0833333333333333
443896,2017,1.1666666666666667
443896,2018,2.0833333333333335
443967,2018,5.636363636363637
443970,2017,0.0
443970,2018,0.8333333333333334
443985,2017,1.25
443985,2018,1.5
444022,2017,1.3333333333333333
444022,2018,2.1666666666666665
444050,2017,0.0
444050,2018,0.0
444060,2017,0.4166666666666667
444060,2018,1.8333333333333333
444085,2017,1.8333333333333333
444085,2018,2.25
444092,2017,1.7727272727272727
444092,2018,2.0434782608695654
444154,2017,1.5833333333333333
444154,2018,1.5833333333333333
444202,2017,0.0
444202,2018,0.4166666666666667
444218,2017,0.0
444218,2018,0.0
444237,2017,1.9166666666666667
444237,2018,1.4166666666666667
444259,2017,2.25
444259,2018,1.75
444300,2017,0.5833333333333334
444300,2018,0.8333333333333334
444365,2017,1.0
444365,2018,1.5
444366,2017,1.1666666666666667
444366,2018,1.75
444371,2017,1.0
444371,2018,2.0833333333333335
444524,2017,2.25
444524,2018,1.1666666666666667
444646,2017,1.1666666666666667
444646,2018,1.4166666666666667
444652,2017,0.08333333333333333
444652,2018,2.0
444661,2017,0.6666666666666666
444661,2018,0.0
444684,2017,1.75
444684,2018,1.9166666666666667
444686,2017,2.0
444686,2018,1.25
444748,2017,2.0833333333333335
444748,2018,1.8333333333333333
444778,2017,1.3333333333333333
444778,2018,1.9166666666666667
444786,2017,1.8333333333333333
444786,2018,1.5
444894,2017,1.6666666666666667
444894,2018,1.5833333333333333
444904,2017,0.0
444904,2018,0.0
444931,2017,2.0
444931,2018,2.4166666666666665
444997,2017,1.1666666666666667
444997,2018,2.0833333333333335
445008,2017,0.0
445008,2018,0.0
445024,2018,3.3636363636363638
445073,2017,0.9166666666666666
445073,2018,1.75
445137,2017,1.9166666666666667
445137,2018,1.0833333333333333
445145,2017,0.9166666666666666
445145,2018,0.5833333333333334
445146,2017,0.0
445146,2018,0.75
445169,2017,1.3333333333333333
445169,2018,1.5
445176,2017,2.0833333333333335
445176,2018,1.8333333333333333
445177,2017,0.75
445177,2018,1.1666666666666667
445247,2017,0.0
445247,2018,0.0
445251,2017,1.5833333333333333
445251,2018,1.4166666666666667
445282,2017,0.0
445282,2018,0.0
445338,2017,1.5833333333333333
445338,2018,2.0833333333333335
445370,2017,1.0833333333333333
445370,2018,2.0
445418,2017,0.0
445418,2018,0.0
445427,2017,0.0
445427,2018,0.8333333333333334
445432,2017,1.5833333333333333
445432,2018,1.9166666666666667
445451,2017,1.75
445451,2018,1.3333333333333333
445496,2017,1.3333333333333333
445496,2018,1.4166666666666667
445549,2017,1.25
445549,2018,1.9166666666666667
445599,2017,0.0
445599,2018,0.0
445632,2017,1.4166666666666667
445632,2018,2.0833333333333335
445673,2017,2.75
445673,2018,1.0833333333333333
445675,2017,2.4166666666666665
445675,2018,1.1666666666666667
445679,2017,0.0
445679,2018,0.0
445704,2017,1.3333333333333333
445704,2018,1.75
445746,2017,1.5
445746,2018,1.5
445783,2017,0.0
445783,2018,0.0
445839,2017,1.1666666666666667
445839,2018,1.0
445867,2017,2.0833333333333335
445867,2018,1.0833333333333333
445879,2017,2.0833333333333335
445879,2018,1.5833333333333333
445915,2017,0.0
445915,2018,0.5833333333333334
446096,2017,0.0
446096,2018,0.25
446135,2017,0.0
446135,2018,0.0
446171,2017,1.8333333333333333
446171,2018,1.9166666666666667
446302,2017,1.0833333333333333
446302,2018,1.9166666666666667
446315,2017,1.9166666666666667
446315,2018,0.5
446352,2017,1.6666666666666667
446352,2018,1.1666666666666667
446403,2017,0.75
446403,2018,2.5833333333333335
446662,2017,0.0
446662,2018,0.0
446712,2017,2.0833333333333335
446712,2018,1.5833333333333333
446886,2017,1.5833333333333333
446886,2018,0.3333333333333333
446968,2017,0.0
446968,2018,0.0
446988,2017,1.3333333333333333
446988,2018,1.0
446991,2017,1.0833333333333333
446991,2018,2.25
447092,2017,1.3333333333333333
447092,2018,2.0
447275,2017,2.0833333333333335
447275,2018,2.0
447387,2017,2.4166666666666665
447387,2018,1.9166666666666667
447401,2017,1.3333333333333333
447401,2018,1.1666666666666667
447439,2017,1.8333333333333333
447439,2018,0.08333333333333333
447470,2017,1.25
447470,2018,1.4166666666666667
447544,2017,1.1666666666666667
447544,2018,1.25
447647,2017,1.4166666666666667
447647,2018,1.9166666666666667
447675,2017,2.25
447675,2018,1.4166666666666667
447771,2017,0.16666666666666666
447771,2018,2.6666666666666665
447796,2017,1.3333333333333333
447796,2018,1.1666666666666667
447804,2017,1.9166666666666667
447804,2018,0.3333333333333333
447925,2017,1.1666666666666667
447925,2018,1.4166666666666667
447943,2017,0.5833333333333334
447943,2018,1.6666666666666667
447962,2017,2.0
447962,2018,1.75
448136,2017,2.6666666666666665
448136,2018,1.6666666666666667
448142,2017,0.9166666666666666
448142,2018,0.5
448147,2017,1.5
448147,2018,0.75
448273,2017,1.25
448273,2018,1.25
448354,2017,2.5833333333333335
448354,2018,2.0833333333333335
448483,2017,0.0
448483,2018,0.0
448577,2017,0.6666666666666666
448577,2018,1.3333333333333333
448654,2017,1.3333333333333333
448654,2018,1.5833333333333333
448751,2017,0.0
448751,2018,0.0
448774,2017,1.5833333333333333
448774,2018,1.3333333333333333
448812,2017,1.75
448812,2018,1.4166666666666667
448823,2017,1.1666666666666667
448823,2018,0.0
448896,2017,1.5
448896,2018,1.5833333333333333
448912,2017,1.75
448912,2018,1.75
449046,2017,1.8333333333333333
449046,2018,1.75
449084,2017,1.9166666666666667
449084,2018,2.25
449223,2018,5.090909090909091
449417,2017,1.5833333333333333
449417,2018,1.8333333333333333
449441,2018,7.7272727272727275
449530,2017,0.25
449530,2018,1.5
449555,2017,1.0
449555,2018,1.4166666666666667
449654,2017,1.4166666666666667
449654,2018,2.25
449843,2017,2.0833333333333335
449843,2018,1.9166666666666667
449858,2017,1.75
449858,2018,2.4166666666666665
450125,2017,0.0
450125,2018,0.0
450150,2017,0.4166666666666667
450150,2018,1.0
450205,2017,0.5
450205,2018,1.8333333333333333
450323,2017,1.4166666666666667
450323,2018,1.0
450417,2017,0.0
450417,2018,0.9166666666666666
450621,2017,0.9166666666666666
450621,2018,1.0833333333333333
450665,2017,1.75
450665,2018,1.0
450698,2018,3.8181818181818183
450735,2018,3.3636363636363638
450802,2017,0.0
450802,2018,0.3333333333333333
450865,2017,2.5
450865,2018,1.5
450888,2017,1.3333333333333333
450888,2018,1.1666666666666667
450896,2017,1.5
450896,2018,1.5
450979,2017,1.3333333333333333
450979,2018,1.4166666666666667
450987,2017,0.3333333333333333
450987,2018,0.0
450995,2018,6.181818181818182
451042,2017,0.0
451042,2018,0.0
451080,2017,0.0
451080,2018,0.3333333333333333
451183,2017,0.75
451183,2018,0.0
451226,2017,2.8333333333333335
451226,2018,1.1666666666666667
451240,2017,1.4166666666666667
451240,2018,2.1666666666666665
451391,2017,1.5
451391,2018,1.5
451425,2017,0.8333333333333334
451425,2018,1.5833333333333333
451446,2017,1.6666666666666667
451446,2018,1.75
451448,2017,0.0
451448,2018,0.0
451469,2017,2.1666666666666665
451469,2018,1.4166666666666667
451528,2018,4.636363636363637
451711,2017,0.5
451711,2018,1.4166666666666667
451740,2017,0.0
451740,2018,1.75
451819,2017,1.0833333333333333
451819,2018,1.25
451839,2017,0.0
451839,2018,0.6666666666666666
451886,2017,1.75
451886,2018,1.0
451961,2017,0.0
451961,2018,0.0
452150,2017,0.0
452150,2018,0.0
452208,2017,0.5
452208,2018,2.25
452279,2017,1.25
452279,2018,0.0
452282,2017,1.8333333333333333
452282,2018,1.8333333333333333
452342,2017,1.5
452342,2018,1.5833333333333333
452417,2017,2.4166666666666665
452417,2018,1.5833333333333333
452439,2017,1.8333333333333333
452439,2018,0.75
452459,2017,1.4166666666666667
452459,2018,0.5
452464,2017,1.0833333333333333
452464,2018,1.6666666666666667
452530,2017,1.5833333333333333
452530,2018,2.5
452684,2017,0.5
452684,2018,0.16666666666666666
452725,2017,2.0833333333333335
452725,2018,0.8333333333333334
452873,2017,2.0
452873,2018,0.8333333333333334
452976,2017,2.3333333333333335
452976,2018,0.4166666666666667
452985,2017,0.8333333333333334
452985,2018,0.0
452994,2018,3.5454545454545454
453032,2017,1.9166666666666667
453032,2018,1.75
453034,2017,2.1666666666666665
453034,2018,1.3333333333333333
453133,2017,2.25
453133,2018,1.75
453135,2017,2.0833333333333335
453135,2018,2.0
453136,2017,1.8333333333333333
453136,2018,2.25
453165,2017,0.8333333333333334
453165,2018,0.0
453349,2017,2.0
453349,2018,1.5
453408,2017,2.25
453408,2018,0.8333333333333334
453448,2017,0.25
453448,2018,1.75
453466,2017,0.0
453466,2018,1.5833333333333333
453494,2017,1.0833333333333333
453494,2018,1.0
453578,2017,0.0
453578,2018,0.5
453587,2017,0.4166666666666667
453587,2018,0.0
453654,2017,1.6666666666666667
453654,2018,1.0833333333333333
453719,2017,1.6666666666666667
453719,2018,1.75
453876,2017,0.0
453876,2018,0.5833333333333334
453887,2017,1.5833333333333333
453887,2018,1.25
453971,2017,0.0
453971,2018,1.6666666666666667
453972,2017,2.5833333333333335
453972,2018,1.5
454022,2017,1.6666666666666667
454022,2018,1.0
454041,2017,1.4166666666666667
454041,2018,1.3333333333333333
454073,2017,1.5
454073,2018,1.25
454145,2017,0.0
454145,2018,1.0833333333333333
454223,2017,0.0
454223,2018,0.0
454327,2017,0.9166666666666666
454327,2018,1.3333333333333333
454356,2017,0.0
454356,2018,0.75
454440,2017,1.1666666666666667
454440,2018,1.5833333333333333
454471,2017,1.75
454471,2018,0.9166666666666666
454514,2017,0.5
454514,2018,1.75
454543,2017,1.5833333333333333
454543,2018,0.6666666666666666
454609,2017,0.0
454609,2018,0.5
454628,2017,0.5
454628,2018,1.0
454630,2017,1.5
454630,2018,1.5
454632,2017,1.75
454632,2018,1.75
454663,2017,1.4166666666666667
454663,2018,2.0
454665,2017,0.0
454665,2018,0.0
454668,2017,1.75
454668,2018,0.8333333333333334
454690,2017,1.3333333333333333
454690,2018,1.3333333333333333
454718,2017,1.0
454718,2018,1.5833333333333333
454720,2017,1.3333333333333333
454720,2018,1.4166666666666667
454750,2017,1.0833333333333333
454750,2018,2.1666666666666665
454880,2017,1.4166666666666667
454880,2018,1.5
454985,2017,0.8333333333333334
454985,2018,1.5
455023,2017,1.4166666666666667
455023,2018,1.25
455068,2017,1.5833333333333333
455068,2018,1.0
455234,2017,0.6666666666666666
455234,2018,0.0
455287,2017,0.0
455287,2018,0.3333333333333333
455319,2017,2.25
455319,2018,1.8333333333333333
455474,2017,2.4166666666666665
455474,2018,1.3333333333333333
455594,2017,2.3333333333333335
455594,2018,2.3333333333333335
455606,2017,1.4166666666666667
455606,2018,1.5833333333333333
455651,2017,1.9166666666666667
455651,2018,1.9166666666666667
455758,2017,0.0
455758,2018,0.8823529411764706
455866,2017,1.8333333333333333
455866,2018,1.9166666666666667
455892,2018,3.909090909090909
455896,2017,1.4166666666666667
455896,2018,1.1666666666666667
455937,2017,1.3333333333333333
455937,2018,1.3333333333333333
455941,2017,1.8333333333333333
455941,2018,1.75
455991,2017,1.75
455991,2018,1.1666666666666667
456095,2017,1.9166666666666667
456095,2018,1.0833333333333333
456117,2017,2.4166666666666665
456117,2018,1.1666666666666667
456128,2018,3.5454545454545454
456140,2017,1.5833333333333333
456140,2018,1.3333333333333333
456167,2017,1.0833333333333333
456167,2018,1.25
456177,2018,4.909090909090909
456259,2017,1.8333333333333333
456259,2018,2.3333333333333335
456294,2017,2.5833333333333335
456294,2018,1.8333333333333333
456360,2017,1.75
456360,2018,1.0
456367,2017,1.0
456367,2018,0.8333333333333334
456432,2017,1.75
456432,2018,2.0833333333333335
456433,2017,1.0
456433,2018,1.5833333333333333
456436,2017,1.6666666666666667
456436,2018,1.6666666666666667
456554,2017,0.6666666666666666
456554,2018,2.0833333333333335
456613,2017,0.6666666666666666
456613,2018,1.5833333333333333
456614,2017,0.0
456614,2018,0.9166666666666666
456632,2017,2.3333333333333335
456632,2018,1.5
456716,2017,1.75
456716,2018,2.0
456752,2017,0.0
456752,2018,0.5
456785,2017,1.4166666666666667
456785,2018,1.6666666666666667
456822,2017,1.5
456822,2018,0.8333333333333334
456839,2017,1.1666666666666667
456839,2018,1.25
456887,2017,1.6666666666666667
456887,2018,1.3333333333333333
456958,2017,1.6666666666666667
456958,2018,1.25
457077,2018,3.909090909090909
457127,2018,0.0
457374,2017,0.0
457374,2018,1.1666666666666667
457456,2017,1.1666666666666667
457456,2018,2.9166666666666665
457489,2017,1.0833333333333333
457489,2018,0.8333333333333334
457525,2017,2.5
457525,2018,1.8333333333333333
457535,2017,2.25
457535,2018,1.3333333333333333
457536,2017,1.6666666666666667
457536,2018,2.25
457552,2017,0.0
457552,2018,0.08333333333333333
457605,2017,0.08333333333333333
457605,2018,0.0
457652,2017,0.0
457652,2018,0.0
457695,2017,0.0
457695,2018,0.08333333333333333
457716,2017,2.25
457716,2018,1.0833333333333333
457797,2017,1.25
457797,2018,2.0
457947,2017,0.0
457947,2018,0.8333333333333334
458029,2017,0.0
458029,2018,0.0
458041,2017,1.9166666666666667
458041,2018,2.0833333333333335
458072,2017,0.8333333333333334
458072,2018,2.0833333333333335
458074,2017,1.6666666666666667
458074,2018,2.25
458199,2017,0.08333333333333333
458199,2018,1.8333333333333333
458202,2017,1.5
458202,2018,1.6666666666666667
458320,2017,0.5
458320,2018,0.6666666666666666
458614,2017,0.6666666666666666
458614,2018,1.1666666666666667
458640,2017,0.0
458640,2018,0.0
458697,2017,2.8333333333333335
458697,2018,1.3333333333333333
458745,2018,2.1818181818181817
458773,2017,0.0
458773,2018,0.0
458864,2017,0.0
458864,2018,0.5833333333333334
458939,2017,2.1666666666666665
458939,2018,1.9166666666666667
458963,2017,1.0833333333333333
458963,2018,1.75
458984,2017,1.8333333333333333
458984,2018,2.3333333333333335
459017,2017,2.25
459017,2018,1.1666666666666667
459099,2017,1.5
459099,2018,1.4166666666666667
459128,2017,1.5833333333333333
459128,2018,2.1666666666666665
459163,2017,0.9166666666666666
459163,2018,1.75
459164,2018,7.545454545454546
459223,2017,1.5833333333333333
459223,2018,1.3333333333333333
459345,2017,0.9166666666666666
459345,2018,1.3333333333333333
459404,2017,1.0833333333333333
459404,2018,1.0833333333333333
459517,2017,1.9166666666666667
459517,2018,1.9166666666666667
459563,2017,1.3333333333333333
459563,2018,1.6666666666666667
459636,2017,1.8333333333333333
459636,2018,1.6666666666666667
459683,2017,0.0
459683,2018,2.3333333333333335
459735,2017,1.3333333333333333
459735,2018,1.5833333333333333
459737,2017,1.1666666666666667
459737,2018,1.9166666666666667
459801,2017,2.0
459801,2018,1.9166666666666667
459835,2018,2.1818181818181817
459936,2017,2.0
459936,2018,1.1666666666666667
459948,2017,1.0833333333333333
459948,2018,1.0
459971,2017,1.0833333333333333
459971,2018,2.0833333333333335
459991,2018,4.7272727272727275
459999,2017,0.5
459999,2018,1.5833333333333333
460025,2017,2.4166666666666665
460025,2018,1.0833333333333333
460037,2017,0.0
460037,2018,1.9166666666666667
460043,2017,1.8333333333333333
460043,2018,1.3333333333333333
460058,2017,0.5
460058,2018,1.9166666666666667
460091,2017,0.9166666666666666
460091,2018,1.9166666666666667
460110,2017,1.0833333333333333
460110,2018,1.0
460207,2017,2.25
460207,2018,1.4166666666666667
460272,2017,1.1176470588235294
460272,2018,1.75
460291,2017,1.5
460291,2018,1.9166666666666667
460349,2017,1.75
460349,2018,2.25
460629,2017,2.0833333333333335
460629,2018,1.4166666666666667
460673,2017,0.0
460673,2018,1.1666666666666667
460711,2017,0.0
460711,2018,0.0
460770,2017,0.0
460770,2018,0.75
460894,2017,2.4166666666666665
460894,2018,0.9166666666666666
460929,2017,2.0
460929,2018,2.3333333333333335
460934,2017,1.25
460934,2018,1.9166666666666667
460938,2017,1.6666666666666667
460938,2018,2.9166666666666665
460943,2017,0.75
460943,2018,0.0
461012,2017,1.5
461012,2018,1.3333333333333333
461108,2017,0.0
461108,2018,0.08333333333333333
461199,2017,2.0833333333333335
461199,2018,1.6666666666666667
461325,2017,0.0
461325,2018,0.0
461353,2017,1.9166666666666667
461353,2018,1.6666666666666667
461354,2018,3.4545454545454546
461540,2017,0.0
461540,2018,1.1666666666666667
461559,2017,1.1666666666666667
461559,2018,1.3333333333333333
461859,2017,2.0833333333333335
461859,2018,1.4166666666666667
461937,2017,1.0833333333333333
461937,2018,1.25
461974,2017,0.4166666666666667
461974,2018,1.1666666666666667
462036,2017,0.5833333333333334
462036,2018,1.5
462077,2017,1.4166666666666667
462077,2018,1.0833333333333333
462078,2017,0.0
462078,2018,0.0
462128,2017,0.9166666666666666
462128,2018,1.6666666666666667
462174,2017,3.0
462174,2018,1.6666666666666667
462232,2017,0.0
462232,2018,0.75
462247,2017,0.0
462247,2018,1.3333333333333333
462253,2017,0.3333333333333333
462253,2018,0.0
462279,2018,5.7272727272727275
462337,2017,0.9166666666666666
462337,2018,0.5833333333333334
462355,2017,1.25
462355,2018,1.5833333333333333
462366,2017,1.5833333333333333
462366,2018,0.0
462459,2017,0.4166666666666667
462459,2018,1.0
462495,2017,2.1666666666666665
462495,2018,1.0833333333333333
462497,2017,0.0
462497,2018,0.0
462595,2017,1.75
462595,2018,1.4166666666666667
462616,2017,0.0
462616,2018,1.25
462638,2017,1.0
462638,2018,1.5
462663,2017,2.4166666666666665
462663,2018,1.1666666666666667
462701,2017,1.5833333333333333
462701,2018,1.3333333333333333
462803,2017,1.5833333333333333
462803,2018,1.25
462815,2018,4.2727272727272725
462833,2017,1.4166666666666667
462833,2018,1.75
462974,2017,1.25
462974,2018,0.8333333333333334
462993,2017,1.25
462993,2018,1.5
463070,2017,0.0
463070,2018,0.0
463146,2017,0.6666666666666666
463146,2018,0.3333333333333333
463230,2017,2.3333333333333335
463230,2018,1.5
463263,2017,1.25
463263,2018,2.1666666666666665
463298,2017,0.0
463298,2018,0.75
463361,2017,1.5833333333333333
463361,2018,2.3333333333333335
463490,2017,1.5
463490,2018,1.9166666666666667
463606,2017,1.5833333333333333
463606,2018,1.9166666666666667
463751,2017,2.0
463751,2018,1.9166666666666667
463833,2017,2.3333333333333335
463833,2018,0.0
463854,2017,0.3333333333333333
463854,2018,1.3333333333333333
463882,2017,1.25
463882,2018,1.5
463890,2017,1.25
463890,2018,2.4166666666666665
463926,2017,0.25
463926,2018,1.9166666666666667
463947,2017,0.0
463947,2018,0.0
463971,2017,1.9166666666666667
463971,2018,1.5
464044,2017,1.6666666666666667
464044,2018,2.1666666666666665
464105,2017,1.1666666666666667
464105,2018,2.0833333333333335
464114,2017,0.0
464114,2018,0.5
464117,2017,0.0
464117,2018,0.8333333333333334
464137,2017,1.9166666666666667
464137,2018,1.6666666666666667
464166,2017,1.6666666666666667
464166,2018,1.75
464187,2017,2.4347826086956523
464187,2018,1.7391304347826086
464220,2017,1.5
464220,2018,2.25
464248,2017,1.8333333333333333
464248,2018,1.6666666666666667
464256,2017,0.7058823529411765
464256,2018,1.4166666666666667
464385,2017,0.0
464385,2018,1.4166666666666667
464394,2017,2.25
464394,2018,0.6666666666666666
464447,2017,1.4166666666666667
464447,2018,1.8333333333333333
464471,2017,0.0
464471,2018,0.0
464606,2017,1.9166666666666667
464606,2018,1.5
464639,2017,2.25
464639,2018,0.4166666666666667
464720,2017,1.6666666666666667
464720,2018,1.5
464771,2017,1.5
464771,2018,0.0
464799,2017,0.6666666666666666
464799,2018,1.0
464828,2017,0.0
464828,2018,0.5833333333333334
464959,2017,1.0833333333333333
464959,2018,0.9166666666666666
464962,2017,1.6666666666666667
464962,2018,1.9166666666666667
464970,2017,0.25
464970,2018,0.5
465095,2017,0.08333333333333333
465095,2018,1.5
465170,2017,0.0
465170,2018,2.0
465197,2017,2.1666666666666665
465197,2018,1.0
465241,2017,1.5
465241,2018,2.75
465260,2017,1.8421052631578947
465260,2018,1.6363636363636365
465347,2017,1.5833333333333333
465347,2018,0.75
465412,2017,1.1666666666666667
465412,2018,1.5833333333333333
465421,2017,1.1666666666666667
465421,2018,1.3333333333333333
465424,2018,3.727272727272727
465476,2017,0.0
465476,2018,0.0
465530,2017,0.3333333333333333
465530,2018,2.1666666666666665
465540,2017,2.0833333333333335
465540,2018,1.9166666666666667
465570,2017,1.9166666666666667
465570,2018,1.25
465603,2017,2.1666666666666665
465603,2018,2.3333333333333335
465692,2017,1.3333333333333333
465692,2018,0.9166666666666666
465729,2017,1.5833333333333333
465729,2018,2.4166666666666665
465741,2017,1.8333333333333333
465741,2018,0.5833333333333334
465746,2017,1.3333333333333333
465746,2018,1.0833333333333333
465842,2018,5.2727272727272725
465864,2017,0.0
465864,2018,0.8333333333333334
465891,2017,0.0
465891,2018,1.25
465927,2017,0.0
465927,2018,0.16666666666666666
465931,2017,1.3333333333333333
465931,2018,1.3333333333333333
465950,2017,0.0
465950,2018,0.0
465962,2017,2.5
465962,2018,2.25
465980,2017,0.0
465980,2018,1.3333333333333333
465990,2017,2.5833333333333335
465990,2018,1.8333333333333333
466147,2017,0.0
466147,2018,1.6666666666666667
466384,2017,0.0
466384,2018,0.0
466477,2017,0.6666666666666666
466477,2018,0.0
466645,2018,2.909090909090909
466754,2017,0.0
466754,2018,1.8333333333333333
466781,2018,1.5454545454545454
466795,2017,0.6666666666666666
466795,2018,1.3333333333333333
466813,2017,0.4166666666666667
466813,2018,0.5
466862,2017,1.1666666666666667
466862,2018,1.9166666666666667
466865,2017,1.3333333333333333
466865,2018,1.25
466953,2017,2.25
466953,2018,1.9166666666666667
466998,2017,2.0833333333333335
466998,2018,0.8333333333333334
467013,2017,0.0
467013,2018,0.0
467046,2017,1.4166666666666667
467046,2018,2.0833333333333335
467139,2017,0.0
467139,2018,0.0
467143,2017,1.4166666666666667
467143,2018,1.3333333333333333
467151,2017,2.0833333333333335
467151,2018,1.5833333333333333
467175,2017,2.1666666666666665
467175,2018,1.8333333333333333
467182,2017,1.8333333333333333
467182,2018,2.0
467222,2017,1.5
467222,2018,1.25
467249,2017,0.16666666666666666
467249,2018,0.8333333333333334
467359,2017,0.08333333333333333
467359,2018,2.0
467361,2017,1.0
467361,2018,1.25
467382,2017,1.6666666666666667
467382,2018,0.9166666666666666
467401,2017,0.0
467401,2018,1.8333333333333333
467455,2017,0.8333333333333334
467455,2018,0.0
467510,2017,1.4166666666666667
467510,2018,0.5
467580,2017,0.0
467580,2018,0.4166666666666667
467607,2018,4.454545454545454
467631,2017,3.0833333333333335
467631,2018,1.8333333333333333
467685,2017,0.0
467685,2018,0.3333333333333333
467848,2017,0.8333333333333334
467848,2018,0.5833333333333334
467894,2017,0.0
467894,2018,0.0
467926,2017,1.5833333333333333
467926,2018,1.8333333333333333
467945,2017,1.3333333333333333
467945,2018,1.25
468067,2017,2.0833333333333335
468067,2018,2.25
468138,2017,1.3333333333333333
468138,2018,1.5833333333333333
468192,2017,1.3333333333333333
468192,2018,1.6666666666666667
468220,2017,1.8333333333333333
468220,2018,1.6666666666666667
468310,2017,1.1666666666666667
468310,2018,2.5
468380,2017,0.0
468380,2018,0.0
468516,2017,1.4166666666666667
468516,2018,2.0
468520,2017,0.0
468520,2018,0.5
468522,2017,0.0
468522,2018,0.0
468534,2017,0.0
468534,2018,0.0
468542,2018,1.2727272727272727
468945,2017,1.25
468945,2018,2.5833333333333335
468970,2017,1.5833333333333333
468970,2018,1.3333333333333333
469075,2017,1.5833333333333333
469075,2018,1.6666666666666667
469230,2017,1.1666666666666667
469230,2018,1.6666666666666667
469238,2018,3.0
469404,2017,1.5833333333333333
469404,2018,1.6666666666666667
469532,2017,0.0
469532,2018,0.3333333333333333
469545,2017,0.0
469545,2018,0.0
469616,2017,0.4166666666666667
469616,2018,1.4166666666666667
469660,2017,1.0
469660,2018,1.6666666666666667
469684,2017,1.5
469684,2018,1.3333333333333333
469702,2017,0.0
469702,2018,0.0
469718,2017,1.75
469718,2018,1.25
469767,2017,0.0
469767,2018,0.3333333333333333
469781,2017,1.1666666666666667
469781,2018,1.4166666666666667
469977,2017,1.8333333333333333
469977,2018,1.6666666666666667
470022,2017,1.1666666666666667
470022,2018,1.6666666666666667
470076,2017,1.0
470076,2018,1.5
470123,2017,2.0833333333333335
470123,2018,1.3333333333333333
470245,2017,2.4166666666666665
470245,2018,1.6666666666666667
470272,2017,2.0833333333333335
470272,2018,1.5
470323,2017,1.0
470323,2018,0.9166666666666666
470334,2017,2.0833333333333335
470334,2018,0.6666666666666666
470373,2017,1.0
470373,2018,1.0
470381,2017,2.0
470381,2018,1.6666666666666667
470450,2017,0.0
470450,2018,0.0
470469,2017,1.5833333333333333
470469,2018,1.5
470480,2017,1.5
470480,2018,2.0833333333333335
470591,2017,1.5
470591,2018,1.8333333333333333
470671,2017,1.6666666666666667
470671,2018,0.9166666666666666
470738,2017,2.4166666666666665
470738,2018,1.6666666666666667
470739,2017,0.0
470739,2018,0.0
470802,2017,0.0
470802,2018,1.0833333333333333
470952,2017,0.0
470952,2018,1.4166666666666667
470989,2017,1.5833333333333333
470989,2018,2.3333333333333335
470998,2017,0.0
470998,2018,1.2222222222222223
471000,2017,1.1666666666666667
471000,2018,1.6666666666666667
471015,2018,7.454545454545454
471018,2017,0.0
471018,2018,0.0
471098,2017,1.5
471098,2018,1.25
471170,2017,0.8333333333333334
471170,2018,1.9166666666666667
471188,2017,1.4166666666666667
471188,2018,0.8333333333333334
471204,2017,1.6666666666666667
471204,2018,1.0833333333333333
471440,2017,0.16666666666666666
471440,2018,1.1666666666666667
471460,2018,6.0
471466,2017,0.0
471466,2018,1.0
471523,2017,0.4166666666666667
471523,2018,1.3333333333333333
471583,2017,1.75
471583,2018,1.5
471662,2017,1.0833333333333333
471662,2018,2.0833333333333335
471706,2017,1.3333333333333333
471706,2018,2.0
471858,2017,1.25
471858,2018,1.5833333333333333
471944,2017,0.0
471944,2018,0.0
472009,2017,0.75
472009,2018,1.6666666666666667
472225,2017,2.1666666666666665
472225,2018,1.3333333333333333
472283,2017,0.0
472283,2018,0.0
472314,2017,0.0
472314,2018,0.3333333333333333
472325,2017,2.1666666666666665
472325,2018,1.3333333333333333
472356,2017,1.8333333333333333
472356,2018,1.75
472373,2017,1.3333333333333333
472373,2018,1.4166666666666667
472376,2017,0.0
472376,2018,0.3333333333333333
472405,2017,1.5
472405,2018,1.0
472445,2017,1.0833333333333333
472445,2018,0.0
472488,2017,1.5833333333333333
472488,2018,0.0
472521,2018,4.2727272727272725
472532,2017,1.0833333333333333
472532,2018,3.0833333333333335
472540,2017,1.0
472540,2018,2.5833333333333335
472589,2017,0.75
472589,2018,1.0
472674,2017,2.0
472674,2018,2.0
472692,2017,1.5
472692,2018,1.9166666666666667
472695,2017,0.9166666666666666
472695,2018,1.5833333333333333
472702,2017,0.0
472702,2018,0.9166666666666666
472719,2017,0.5833333333333334
472719,2018,1.1666666666666667
472726,2017,0.0
472726,2018,0.0
472787,2017,2.25
472787,2018,1.25
472807,2017,0.5
472807,2018,0.0
472824,2017,1.8333333333333333
472824,2018,1.6666666666666667
472879,2017,1.9166666666666667
472879,2018,1.9166666666666667
472921,2017,0.0
472921,2018,0.08333333333333333
472933,2017,1.4166666666666667
472933,2018,1.5
472942,2017,2.3333333333333335
472942,2018,1.5833333333333333
472964,2017,1.9166666666666667
472964,2018,1.9166666666666667
473093,2017,2.0833333333333335
473093,2018,1.1666666666666667
473144,2017,1.4166666666666667
473144,2018,1.3333333333333333
473194,2017,0.25
473194,2018,2.4166666666666665
473204,2017,2.1666666666666665
473204,2018,1.25
473259,2017,0.0
473259,2018,1.3333333333333333
473409,2017,1.4166666666666667
473409,2018,2.3333333333333335
473410,2017,1.25
473410,2018,1.0
473548,2017,0.9166666666666666
473548,2018,1.75
473563,2018,1.8181818181818181
473564,2017,0.6666666666666666
473564,2018,0.0
473622,2017,1.75
473622,2018,1.6666666666666667
473636,2017,1.1666666666666667
473636,2018,2.4166666666666665
473648,2017,0.0
473648,2018,0.75
473674,2018,2.4545454545454546
473758,2017,2.0
473758,2018,1.9166666666666667
473772,2017,2.8333333333333335
473772,2018,1.3333333333333333
473775,2017,2.0833333333333335
473775,2018,1.6666666666666667
473786,2017,1.9166666666666667
473786,2018,1.3333333333333333
474027,2017,0.0
474027,2018,0.25
474047,2017,0.0
474047,2018,0.0
474172,2017,0.0
474172,2018,0.0
474174,2017,2.3333333333333335
474174,2018,0.25
474272,2017,0.25
474272,2018,0.0
474305,2017,1.125
474305,2018,2.0
474333,2017,1.1666666666666667
474333,2018,1.8333333333333333
474342,2017,1.5
474342,2018,1.75
474383,2017,0.3333333333333333
474383,2018,0.0
474458,2017,1.6666666666666667
474458,2018,2.1666666666666665
474752,2017,1.4166666666666667
474752,2018,1.6666666666666667
474757,2017,0.0
474757,2018,0.0
474779,2017,0.9166666666666666
474779,2018,0.75
474846,2017,2.1666666666666665
474846,2018,1.5833333333333333
474894,2018,3.3636363636363638
474905,2017,2.0833333333333335
474905,2018,1.0833333333333333
474921,2017,2.0833333333333335
474921,2018,1.4166666666666667
474945,2017,1.0
474945,2018,1.25
475009,2017,0.0
475009,2018,0.0
475034,2018,5.909090909090909
475123,2017,2.0833333333333335
475123,2018,2.5833333333333335
475132,2017,2.25
475132,2018,1.3333333333333333
475172,2017,0.6666666666666666
475172,2018,1.9166666666666667
475175,2017,1.0
475175,2018,1.0
475233,2017,0.6666666666666666
475233,2018,1.9166666666666667
475249,2017,0.0
475249,2018,0.0
475313,2017,0.0
475313,2018,0.0
475395,2017,0.25
475395,2018,0.5
475500,2017,1.25
475500,2018,2.1666666666666665
475532,2017,1.8333333333333333
475532,2018,1.6666666666666667
475535,2018,2.909090909090909
475550,2017,1.25
475550,2018,1.5833333333333333
475634,2017,0.6666666666666666
475634,2018,1.1666666666666667
475690,2017,1.0833333333333333
475690,2018,2.0
475700,2017,2.1666666666666665
475700,2018,1.5833333333333333
475713,2017,1.0833333333333333
475713,2018,0.8333333333333334
475930,2017,1.0833333333333333
475930,2018,0.0
475950,2018,4.363636363636363
475974,2017,1.5
475974,2018,2.0
475991,2017,1.0
475991,2018,1.3333333333333333
476068,2017,2.0833333333333335
476068,2018,2.0833333333333335
476080,2017,0.8333333333333334
476080,2018,0.0
476258,2017,2.25
476258,2018,1.5833333333333333
476273,2017,0.0
476273,2018,0.3333333333333333
476288,2017,2.3333333333333335
476288,2018,2.0
476327,2017,0.3333333333333333
476327,2018,1.8333333333333333
476371,2017,0.0
476371,2018,1.0
476431,2017,1.75
476431,2018,1.9166666666666667
476477,2017,1.5
476477,2018,1.5833333333333333
476497,2017,0.9166666666666666
476497,2018,1.5833333333333333
476539,2017,1.9166666666666667
476539,2018,0.75
476571,2017,1.0
476571,2018,1.1666666666666667
476648,2017,2.9166666666666665
476648,2018,0.6666666666666666
476652,2017,2.25
476652,2018,1.25
476875,2017,1.6666666666666667
476875,2018,0.6666666666666666
477157,2018,7.909090909090909
477219,2017,2.0
477219,2018,1.6666666666666667
477295,2017,1.8333333333333333
477295,2018,1.0833333333333333
477362,2017,1.4166666666666667
477362,2018,1.4166666666666667
477468,2017,1.5833333333333333
477468,2018,1.5
477517,2017,1.5
477517,2018,1.3333333333333333
477598,2017,1.8333333333333333
477598,2018,0.9166666666666666
477599,2017,0.3333333333333333
477599,2018,0.0
477654,2017,1.4166666666666667
477654,2018,1.4166666666666667
477676,2017,2.3333333333333335
477676,2018,1.75
477739,2017,1.8333333333333333
477739,2018,1.6666666666666667
477787,2017,0.0
477787,2018,1.5
477867,2017,0.0
477867,2018,0.0
477869,2017,2.0
477869,2018,2.5
477993,2017,1.1666666666666667
477993,2018,1.1666666666666667
478050,2017,2.1666666666666665
478050,2018,1.6666666666666667
478107,2017,0.08333333333333333
478107,2018,1.9166666666666667
478108,2018,5.363636363636363
478127,2017,1.6666666666666667
478127,2018,1.25
478142,2017,2.6666666666666665
478142,2018,1.3333333333333333
478247,2017,1.6666666666666667
478247,2018,2.5833333333333335
478278,2017,2.0
478278,2018,1.9166666666666667
478284,2017,0.4166666666666667
478284,2018,0.0
478315,2017,1.5
478315,2018,2.4166666666666665
478373,2017,1.0833333333333333
478373,2018,1.25
478431,2017,0.75
478431,2018,1.9166666666666667
478566,2017,0.16666666666666666
478566,2018,0.0
478666,2017,1.9166666666666667
478666,2018,2.3333333333333335
478700,2017,1.5833333333333333
478700,2018,1.9166666666666667
478770,2017,1.0833333333333333
478770,2018,1.25
478785,2017,0.6666666666666666
478785,2018,1.0833333333333333
478792,2017,0.9166666666666666
478792,2018,1.5833333333333333
478890,2017,1.5833333333333333
478890,2018,1.6666666666666667
478912,2017,2.4166666666666665
478912,2018,1.5
478986,2017,1.75
478986,2018,1.0
479015,2017,1.4166666666666667
479015,2018,1.25
479198,2017,1.25
479198,2018,0.5833333333333334
479278,2017,1.4166666666666667
479278,2018,2.0
479359,2017,0.0
479359,2018,0.0
479445,2017,1.5833333333333333
479445,2018,2.3333333333333335
479509,2017,0.5833333333333334
479509,2018,0.6666666666666666
479593,2017,1.8333333333333333
479593,2018,1.8333333333333333
479724,2017,1.0
479724,2018,2.25
479766,2017,1.1666666666666667
479766,2018,1.75
479815,2017,1.3333333333333333
479815,2018,1.6666666666666667
479872,2017,1.9166666666666667
479872,2018,1.1666666666666667
479950,2017,1.5833333333333333
479950,2018,1.3333333333333333
479960,2017,1.0
479960,2018,0.9166666666666666
480021,2017,0.5
480021,2018,0.0
480074,2017,1.75
480074,2018,1.25
480158,2017,1.5833333333333333
480158,2018,1.1666666666666667
480200,2017,1.6666666666666667
480200,2018,2.1666666666666665
480203,2017,1.75
480203,2018,2.1666666666666665
480239,2017,2.4166666666666665
480239,2018,2.5
480259,2017,0.6666666666666666
480259,2018,1.25
480275,2017,1.75
480275,2018,1.25
480389,2018,2.090909090909091
480435,2017,2.0
480435,2018,0.0
480502,2017,0.25
480502,2018,2.1666666666666665
480675,2018,3.4545454545454546
480732,2017,1.4166666666666667
480732,2018,1.5833333333333333
480760,2017,1.8333333333333333
480760,2018,0.9166666666666666
480846,2017,1.0
480846,2018,1.3333333333333333
480858,2017,0.3333333333333333
480858,2018,0.0
480864,2017,2.3333333333333335
480864,2018,1.6666666666666667
480872,2018,4.090909090909091
480909,2017,1.1666666666666667
480909,2018,1.5833333333333333
480934,2017,1.5
480934,2018,1.5833333333333333
480957,2017,1.75
480957,2018,1.0
481018,2017,1.4166666666666667
481018,2018,1.5833333333333333
481028,2017,0.9166666666666666
481028,2018,1.25
481048,2017,2.6666666666666665
481048,2018,1.75
481076,2017,0.16666666666666666
481076,2018,2.8333333333333335
481105,2017,1.6666666666666667
481105,2018,1.3333333333333333
481191,2017,0.4166666666666667
481191,2018,1.1666666666666667
481262,2017,0.0
481262,2018,0.0
481293,2017,1.0833333333333333
481293,2018,2.25
481450,2017,0.0
481450,2018,0.3333333333333333
481457,2018,2.090909090909091
481531,2017,0.0
481531,2018,0.0
481590,2017,0.0
481590,2018,1.25
481660,2018,3.8181818181818183
481699,2017,0.0
481699,2018,0.0
481851,2017,0.0
481851,2018,1.3333333333333333
481857,2017,2.1666666666666665
481857,2018,2.25
481860,2017,0.0
481860,2018,1.25
481893,2017,1.4166666666666667
481893,2018,1.75
481902,2017,1.0833333333333333
481902,2018,0.0
481931,2017,2.5833333333333335
481931,2018,1.6666666666666667
481955,2017,1.25
481955,2018,2.0833333333333335
481987,2017,0.75
481987,2018,0.0
482169,2017,0.9166666666666666
482169,2018,1.5833333333333333
482218,2017,1.4166666666666667
482218,2018,2.5
482256,2017,1.25
482256,2018,2.0
482345,2017,1.75
482345,2018,1.8333333333333333
482351,2018,6.2727272727272725
482370,2017,0.0
482370,2018,0.3333333333333333
482402,2017,1.5833333333333333
482402,2018,1.6666666666666667
482424,2017,0.0
482424,2018,0.0
482525,2017,1.9166666666666667
482525,2018,1.0833333333333333
482528,2017,0.5833333333333334
482528,2018,1.4166666666666667
482551,2017,1.5
482551,2018,1.5833333333333333
482561,2017,1.4166666666666667
482561,2018,1.6666666666666667
482567,2017,0.0
482567,2018,0.25
482673,2017,0.0
482673,2018,0.75
482681,2017,1.75
482681,2018,2.0833333333333335
482711,2017,2.25
482711,2018,2.3333333333333335
482777,2017,0.0
482777,2018,0.3333333333333333
482796,2017,0.0
482796,2018,0.0
482882,2017,0.0
482882,2018,2.1666666666666665
482922,2018,6.181818181818182
482938,2017,0.0
482938,2018,0.3333333333333333
482940,2017,2.3333333333333335
482940,2018,1.4166666666666667
483125,2017,1.0833333333333333
483125,2018,1.5
483154,2017,2.0833333333333335
483154,2018,1.1666666666666667
483198,2017,1.0833333333333333
483198,2018,1.75
483212,2017,0.0
483212,2018,0.0
483274,2017,0.0
483274,2018,0.0
483436,2017,1.8333333333333333
483436,2018,1.25
483623,2017,2.1666666666666665
483623,2018,1.5833333333333333
483627,2017,0.8333333333333334
483627,2018,1.8333333333333333
483631,2017,1.5833333333333333
483631,2018,0.3333333333333333
483747,2017,1.5
483747,2018,0.0
483768,2017,1.25
483768,2018,1.5833333333333333
483802,2017,0.0
483802,2018,0.0
483863,2017,2.8333333333333335
483863,2018,2.6666666666666665
483875,2017,1.25
483875,2018,1.25
483899,2017,0.9166666666666666
483899,2018,1.1666666666666667
483969,2017,0.0
483969,2018,0.0
484194,2017,1.1666666666666667
484194,2018,1.4166666666666667
484225,2017,0.0
484225,2018,0.25
484243,2017,2.0833333333333335
484243,2018,1.8333333333333333
484317,2017,1.6666666666666667
484317,2018,1.5833333333333333
484422,2017,1.1666666666666667
484422,2018,0.5833333333333334
484446,2017,1.75
484446,2018,2.25
484495,2017,1.8333333333333333
484495,2018,2.4166666666666665
484504,2017,1.25
484504,2018,1.8333333333333333
484543,2017,1.0833333333333333
484543,2018,0.0
484592,2017,1.1666666666666667
484592,2018,2.9166666666666665
484625,2017,1.0833333333333333
484625,2018,1.0
484718,2017,1.4166666666666667
484718,2018,1.5833333333333333
484733,2017,0.16666666666666666
484733,2018,1.4166666666666667
484765,2017,0.0
484765,2018,0.4166666666666667
484774,2017,0.08333333333333333
484774,2018,1.3333333333333333
484811,2017,0.9166666666666666
484811,2018,1.8333333333333333
484853,2017,1.25
484853,2018,2.25
484894,2017,1.6666666666666667
484894,2018,1.9166666666666667
484939,2017,0.0
484939,2018,0.0
485040,2017,1.9166666666666667
485040,2018,1.4166666666666667
485062,2017,0.16666666666666666
485062,2018,1.4166666666666667
485189,2017,0.0
485189,2018,0.0
485196,2017,1.0833333333333333
485196,2018,1.6666666666666667
485258,2017,0.5
485258,2018,0.25
485280,2017,0.3333333333333333
485280,2018,1.75
485281,2017,1.8333333333333333
485281,2018,0.25
485282,2017,1.6666666666666667
485282,2018,1.5
485283,2017,0.16666666666666666
485283,2018,1.4166666666666667
485300,2017,0.0
485300,2018,0.6666666666666666
485330,2018,4.2727272727272725
485383,2017,2.0833333333333335
485383,2018,1.4166666666666667
485397,2017,1.9166666666666667
485397,2018,1.5833333333333333
485486,2017,0.0
485486,2018,0.0
485557,2017,1.3333333333333333
485557,2018,1.1666666666666667
485674,2017,1.5
485674,2018,2.5
485705,2017,0.0
485705,2018,0.0
485742,2017,1.4166666666666667
485742,2018,1.5
485745,2017,1.3333333333333333
485745,2018,2.3333333333333335
485787,2017,2.0833333333333335
485787,2018,1.5
485795,2017,2.6666666666666665
485795,2018,1.5
485845,2017,0.5
485845,2018,2.0833333333333335
485933,2017,1.8333333333333333
485933,2018,2.3333333333333335
486048,2017,1.3333333333333333
486048,2018,1.3333333333333333
486075,2017,1.4166666666666667
486075,2018,1.6666666666666667
486112,2017,0.0
486112,2018,2.0833333333333335
486117,2017,1.3333333333333333
486117,2018,1.25
486139,2017,1.0833333333333333
486139,2018,1.5
486143,2017,1.75
486143,2018,2.0833333333333335
486197,2018,4.2727272727272725
486200,2018,5.090909090909091
486226,2017,1.5833333333333333
486226,2018,2.1666666666666665
486359,2017,1.8333333333333333
486359,2018,1.5833333333333333
486422,2017,0.0
486422,2018,0.0
486600,2017,1.5
486600,2018,1.4166666666666667
486708,2017,2.1666666666666665
486708,2018,1.0833333333333333
486776,2017,1.1666666666666667
486776,2018,2.4166666666666665
486812,2017,0.0
486812,2018,0.75
486831,2017,1.6666666666666667
486831,2018,1.1666666666666667
486860,2018,3.235294117647059
486880,2017,0.0
486880,2018,0.0
486890,2017,2.0
486890,2018,1.3333333333333333
486897,2018,3.4545454545454546
486909,2017,1.75
486909,2018,1.0833333333333333
486933,2017,0.25
486933,2018,1.4166666666666667
486955,2017,2.3333333333333335
486955,2018,1.4166666666666667
486956,2017,1.75
486956,2018,1.5
487027,2017,0.0
487027,2018,0.08333333333333333
487070,2017,1.3333333333333333
487070,2018,2.25
487195,2017,1.5
487195,2018,1.5833333333333333
487212,2017,1.8333333333333333
487212,2018,2.1666666666666665
487228,2017,0.0
487228,2018,0.75
487359,2017,0.75
487359,2018,2.25
487486,2017,1.3333333333333333
487486,2018,1.0
487536,2017,0.0
487536,2018,0.0
487605,2017,1.8333333333333333
487605,2018,1.25
487726,2017,1.5
487726,2018,1.8333333333333333
487727,2017,0.8333333333333334
487727,2018,1.4166666666666667
487777,2017,1.6666666666666667
487777,2018,2.0833333333333335
487799,2018,4.636363636363637
487807,2017,1.9166666666666667
487807,2018,1.5
487823,2017,0.4166666666666667
487823,2018,0.0
487901,2017,1.1666666666666667
487901,2018,2.3333333333333335
487930,2017,2.5
487930,2018,1.3333333333333333
488009,2017,0.16666666666666666
488009,2018,1.1666666666666667
488044,2017,2.0833333333333335
488044,2018,1.8333333333333333
488071,2017,1.75
488071,2018,1.6666666666666667
488130,2018,6.909090909090909
488151,2017,0.5
488151,2018,0.0
488188,2017,1.25
488188,2018,1.1666666666666667
488224,2017,0.0
488224,2018,0.0
488268,2017,2.4166666666666665
488268,2018,1.3333333333333333
488303,2017,1.0
488303,2018,1.1666666666666667
488346,2017,0.0
488346,2018,0.0
488535,2017,1.5
488535,2018,1.25
488549,2017,2.5
488549,2018,2.0
488647,2017,0.3333333333333333
488647,2018,1.0833333333333333
488675,2017,2.1666666666666665
488675,2018,0.8333333333333334
488679,2017,1.0833333333333333
488679,2018,0.8333333333333334
488724,2017,0.0
488724,2018,0.0
488799,2017,2.0833333333333335
488799,2018,2.0833333333333335
488811,2018,2.3636363636363638
488853,2017,1.8333333333333333
488853,2018,1.4166666666666667
488872,2017,1.5
488872,2018,2.0833333333333335
488884,2017,0.75
488884,2018,2.25
488891,2017,0.0
488891,2018,0.0
489108,2017,1.0
489108,2018,1.1666666666666667
489115,2017,1.4166666666666667
489115,2018,1.4166666666666667
489221,2017,1.5
489221,2018,1.3333333333333333
489244,2017,2.25
489244,2018,1.75
489279,2017,2.0
489279,2018,0.8333333333333334
489301,2017,1.8333333333333333
489301,2018,1.5833333333333333
489335,2017,1.3333333333333333
489335,2018,1.25
489371,2017,1.75
489371,2018,1.9166666666666667
489391,2018,3.0
489394,2017,0.0
489394,2018,0.5
489443,2017,0.0
489443,2018,0.0
489459,2017,0.0
489459,2018,0.0
489501,2017,0.08333333333333333
489501,2018,0.0
489523,2017,1.0833333333333333
489523,2018,1.5833333333333333
489534,2017,2.0
489534,2018,1.9166666666666667
489549,2017,0.0
489549,2018,0.9166666666666666
489592,2017,0.3333333333333333
489592,2018,0.0
489609,2017,0.5833333333333334
489609,2018,0.4166666666666667
489628,2017,0.5
489628,2018,0.6666666666666666
489781,2017,1.8333333333333333
489781,2018,1.4166666666666667
489842,2017,1.4166666666666667
489842,2018,2.25
489856,2018,4.636363636363637
489956,2017,1.1666666666666667
489956,2018,1.25
489985,2017,0.0
489985,2018,1.8333333333333333
490053,2017,1.1666666666666667
490053,2018,1.8333333333333333
490250,2017,0.8333333333333334
490250,2018,1.6666666666666667
490387,2017,0.0
490387,2018,0.0
490439,2017,1.0
490439,2018,0.38461538461538464
490479,2017,2.4166666666666665
490479,2018,1.75
490487,2017,1.5
490487,2018,1.9166666666666667
490553,2017,2.25
490553,2018,1.75
490562,2017,0.3333333333333333
490562,2018,1.0
490563,2017,0.9166666666666666
490563,2018,1.0833333333333333
490774,2017,1.75
490774,2018,1.5
490806,2017,2.0833333333333335
490806,2018,1.6666666666666667
490824,2017,1.8333333333333333
490824,2018,0.6666666666666666
490840,2017,1.5
490840,2018,1.25
490860,2017,1.0
490860,2018,1.75
490932,2017,2.0
490932,2018,2.0833333333333335
490984,2017,1.5833333333333333
490984,2018,1.5833333333333333
491005,2017,1.0833333333333333
491005,2018,1.25
491122,2017,1.3333333333333333
491122,2018,1.1666666666666667
491242,2018,5.2727272727272725
491244,2018,1.7272727272727273
491253,2017,0.6666666666666666
491253,2018,1.5833333333333333
491310,2017,1.0
491310,2018,1.25
491351,2017,1.5833333333333333
491351,2018,1.9166666666666667
491369,2017,1.9166666666666667
491369,2018,1.75
491391,2017,2.1666666666666665
491391,2018,1.25
491404,2017,0.6666666666666666
491404,2018,2.4166666666666665
491481,2017,1.1666666666666667
491481,2018,2.1666666666666665
491495,2017,0.0
491495,2018,0.0
491513,2017,1.3333333333333333
491513,2018,1.4166666666666667
491643,2017,0.0
491643,2018,0.5833333333333334
491690,2018,6.181818181818182
491704,2017,0.0
491704,2018,0.0
491773,2017,2.25
491773,2018,1.8333333333333333
491907,2017,0.8333333333333334
491907,2018,1.8333333333333333
491948,2017,0.3333333333333333
491948,2018,1.6666666666666667
491986,2017,1.8333333333333333
491986,2018,1.8333333333333333
491987,2017,2.1666666666666665
491987,2018,2.0833333333333335
492011,2017,0.5833333333333334
492011,2018,2.5
492036,2017,0.5
492036,2018,0.16666666666666666
492090,2018,4.454545454545454
492158,2017,1.75
492158,2018,1.75
492159,2017,1.5833333333333333
492159,2018,1.5833333333333333
492165,2017,1.0
492165,2018,1.8333333333333333
492226,2018,4.181818181818182
492265,2017,0.6666666666666666
492265,2018,0.0
492367,2017,0.5833333333333334
492367,2018,1.5
492401,2017,1.6666666666666667
492401,2018,0.9166666666666666
492433,2017,1.6666666666666667
492433,2018,2.1666666666666665
492496,2017,2.0
492496,2018,2.75
492505,2017,1.5
492505,2018,1.0833333333333333
492575,2017,2.0833333333333335
492575,2018,0.0
492695,2018,4.909090909090909
492700,2017,0.4166666666666667
492700,2018,0.0
492757,2017,1.5
492757,2018,2.0833333333333335
492789,2017,1.5833333333333333
492789,2018,1.4166666666666667
492812,2017,1.1666666666666667
492812,2018,1.1666666666666667
492883,2017,1.0
492883,2018,1.5833333333333333
492966,2017,1.6666666666666667
492966,2018,1.75
492973,2018,5.818181818181818
493061,2017,1.4166666666666667
493061,2018,1.4166666666666667
493088,2017,1.5833333333333333
493088,2018,2.3333333333333335
493283,2017,1.3333333333333333
493283,2018,1.4166666666666667
493337,2017,0.0
493337,2018,0.0
493350,2017,1.0833333333333333
493350,2018,2.0
493358,2017,0.0
493358,2018,2.0833333333333335
493369,2018,5.636363636363637
493427,2017,1.9166666666666667
493427,2018,1.75
493598,2017,2.3333333333333335
493598,2018,1.6666666666666667
493606,2017,0.0
493606,2018,0.0
493640,2018,4.0
493677,2017,2.3333333333333335
493677,2018,2.5833333333333335
493775,2017,1.75
493775,2018,2.25
493800,2017,1.4166666666666667
493800,2018,1.3333333333333333
493819,2017,1.5
493819,2018,2.1666666666666665
493827,2017,0.0
493827,2018,0.0
493894,2017,1.4166666666666667
493894,2018,2.0
493925,2017,1.5833333333333333
493925,2018,1.1666666666666667
493972,2017,1.5833333333333333
493972,2018,1.0
494062,2017,1.0
494062,2018,1.75
494179,2017,1.6666666666666667
494179,2018,3.0833333333333335
494206,2017,2.1666666666666665
494206,2018,2.25
494213,2017,1.8333333333333333
494213,2018,1.9166666666666667
494263,2017,1.3333333333333333
494263,2018,1.75
494284,2017,1.4166666666666667
494284,2018,1.1666666666666667
494384,2017,1.9166666666666667
494384,2018,1.5833333333333333
494438,2017,0.4166666666666667
494438,2018,0.0
494498,2017,1.3333333333333333
494498,2018,1.5833333333333333
494515,2017,0.6666666666666666
494515,2018,1.5
494536,2017,0.0
494536,2018,0.0
494552,2017,0.0
494552,2018,0.16666666666666666
494600,2017,1.25
494600,2018,2.1666666666666665
494885,2017,1.75
494885,2018,2.5833333333333335
494887,2017,1.0833333333333333
494887,2018,1.0833333333333333
494899,2017,1.75
494899,2018,2.0
495027,2017,0.9166666666666666
495027,2018,1.3333333333333333
495058,2017,2.0
495058,2018,1.3333333333333333
495148,2017,1.3333333333333333
495148,2018,1.4166666666666667
495168,2017,2.25
495168,2018,1.25
495253,2017,1.6666666666666667
495253,2018,1.1666666666666667
495286,2017,0.8333333333333334
495286,2018,2.0
495369,2017,0.0
495369,2018,1.25
495381,2017,2.1666666666666665
495381,2018,1.1666666666666667
495403,2018,6.181818181818182
495473,2017,1.8333333333333333
495473,2018,1.6666666666666667
495632,2017,0.0
495632,2018,0.3333333333333333
495707,2017,0.5
495707,2018,1.4166666666666667
495773,2017,2.25
495773,2018,1.5
495787,2017,1.0
495787,2018,1.9166666666666667
495912,2017,1.6666666666666667
495912,2018,1.0833333333333333
495926,2017,0.0
495926,2018,0.3333333333333333
495942,2017,1.75
495942,2018,0.9166666666666666
496014,2017,2.3333333333333335
496014,2018,0.9166666666666666
496052,2017,0.0
496052,2018,0.0
496159,2017,1.0833333333333333
496159,2018,1.5
496191,2017,1.8333333333333333
496191,2018,1.5
496233,2017,1.5
496233,2018,1.0833333333333333
496325,2017,2.25
496325,2018,1.75
496329,2017,2.0
496329,2018,1.8333333333333333
496357,2017,1.9166666666666667
496357,2018,1.5833333333333333
496371,2017,1.5
496371,2018,1.75
496387,2017,1.25
496387,2018,0.5833333333333334
496403,2017,2.0833333333333335
496403,2018,0.0
496482,2017,0.0
496482,2018,0.5833333333333334
496668,2017,0.0
496668,2018,0.25
496675,2018,7.181818181818182
496686,2017,1.5833333333333333
496686,2018,0.0
496728,2017,3.0
496728,2018,1.75
496759,2017,1.3333333333333333
496759,2018,1.5833333333333333
496820,2017,1.5833333333333333
496820,2018,1.0833333333333333
496830,2017,0.0
496830,2018,0.0
496831,2018,2.6363636363636362
497030,2017,0.0
497030,2018,0.0
497070,2017,0.0
497070,2018,0.6666666666666666
497106,2017,0.3333333333333333
497106,2018,1.5
497108,2017,1.3333333333333333
497108,2018,1.3333333333333333
497194,2017,1.8333333333333333
497194,2018,1.4166666666666667
497201,2017,2.0
497201,2018,2.0833333333333335
497226,2017,0.6666666666666666
497226,2018,0.0
497281,2018,4.909090909090909
497421,2017,1.75
497421,2018,1.5
497467,2017,2.0833333333333335
497467,2018,1.0833333333333333
497476,2017,0.0
497476,2018,0.0
497494,2017,1.5
497494,2018,0.9166666666666666
497576,2018,5.7272727272727275
497613,2017,1.6666666666666667
497613,2018,1.25
497648,2017,0.0
497648,2018,1.6666666666666667
497756,2017,0.0
497756,2018,0.25
497784,2017,1.6666666666666667
497784,2018,1.6666666666666667
497836,2017,0.9166666666666666
497836,2018,1.5
497854,2017,1.4166666666666667
497854,2018,1.9166666666666667
497861,2017,2.0833333333333335
497861,2018,1.5
497891,2017,1.0
497891,2018,1.6666666666666667
498028,2017,0.8333333333333334
498028,2018,1.4166666666666667
498030,2017,1.4166666666666667
498030,2018,1.1666666666666667
498149,2017,0.0
498149,2018,2.25
498319,2017,0.0
498319,2018,0.75
498514,2018,4.7272727272727275
498573,2017,0.6666666666666666
498573,2018,1.4166666666666667
498587,2017,2.3333333333333335
498587,2018,2.0833333333333335
498610,2017,0.3333333333333333
498610,2018,1.0
498632,2017,2.0833333333333335
498632,2018,1.8333333333333333
498643,2017,2.0
498643,2018,1.1666666666666667
498644,2017,1.5833333333333333
498644,2018,2.0
498694,2017,2.25
498694,2018,1.1666666666666667
498793,2017,1.3333333333333333
498793,2018,2.1666666666666665
498897,2017,0.0
498897,2018,1.8333333333333333
498923,2017,1.5
498923,2018,2.25
498932,2017,1.5
498932,2018,1.8333333333333333
498989,2017,1.4166666666666667
498989,2018,0.8333333333333334
498998,2017,0.0
498998,2018,0.6666666666666666
499027,2017,1.75
499027,2018,1.75
499089,2017,1.5833333333333333
499089,2018,1.6666666666666667
499128,2017,1.4166666666666667
499128,2018,1.5833333333333333
499132,2017,1.0833333333333333
499132,2018,1.75
499346,2017,0.0
499346,2018,0.6666666666666666
499423,2017,0.0
499423,2018,0.5
499482,2018,3.3636363636363638
499518,2017,1.8333333333333333
499518,2018,1.6666666666666667
499563,2018,3.909090909090909
499583,2017,0.0
499583,2018,0.0
499658,2017,1.5
499658,2018,1.25
499874,2017,2.25
499874,2018,0.9565217391304348
499875,2017,2.5
499875,2018,1.5833333333333333
499890,2017,1.4166666666666667
499890,2018,1.4166666666666667
499913,2017,0.0
499913,2018,0.8333333333333334
499932,2017,1.0
499932,2018,1.5
499945,2017,1.3333333333333333
499945,2018,2.0
499963,2017,0.8333333333333334
499963,2018,1.5833333333333333
500022,2017,3.0
500022,2018,1.1666666666666667
500026,2017,0.3333333333333333
500026,2018,1.6666666666666667
500038,2017,1.75
500038,2018,2.0
500058,2017,1.0833333333333333
500058,2018,0.0
500060,2017,2.3333333333333335
500060,2018,1.4166666666666667
500115,2017,0.0
500115,2018,1.0833333333333333
500248,2018,8.272727272727273
500280,2017,1.8333333333333333
500280,2018,1.9166666666666667
500374,2018,5.909090909090909
500437,2017,0.0
500437,2018,0.0
500455,2017,1.5833333333333333
500455,2018,1.25
500759,2017,1.3333333333333333
500759,2018,2.3333333333333335
500767,2017,2.0
500767,2018,1.9166666666666667
500782,2017,1.9166666666666667
500782,2018,1.0833333333333333
500788,2017,2.0
500788,2018,2.25
501030,2017,1.4166666666666667
501030,2018,0.75
501037,2017,0.0
501037,2018,0.0
501109,2017,1.9166666666666667
501109,2018,1.4166666666666667
501131,2017,2.3333333333333335
501131,2018,1.8333333333333333
501165,2017,0.0
501165,2018,0.4166666666666667
501189,2017,0.0
501189,2018,0.0
501209,2017,0.9166666666666666
501209,2018,1.9166666666666667
501217,2017,0.0
501217,2018,0.4166666666666667
501278,2017,1.25
501278,2018,2.0833333333333335
501363,2017,1.1666666666666667
501363,2018,2.25
501490,2017,1.4166666666666667
501490,2018,2.3333333333333335
501551,2018,4.454545454545454
501552,2017,2.5833333333333335
501552,2018,1.25
501569,2017,0.9166666666666666
501569,2018,0.0
501602,2017,1.5
501602,2018,2.0833333333333335
501655,2017,1.6666666666666667
501655,2018,2.0833333333333335
501699,2017,0.5833333333333334
501699,2018,2.4166666666666665
501704,2017,1.5
501704,2018,1.75
501854,2017,1.25
501854,2018,0.75
501856,2017,2.0833333333333335
501856,2018,1.9166666666666667
501875,2017,2.0833333333333335
501875,2018,1.1666666666666667
501877,2018,5.909090909090909
501885,2017,0.0
501885,2018,0.25
501976,2017,1.25
501976,2018,0.9166666666666666
502012,2017,1.6666666666666667
502012,2018,2.1666666666666665
502023,2017,1.5833333333333333
502023,2018,0.4166666666666667
502047,2017,0.0
502047,2018,0.0
502141,2017,0.25
502141,2018,2.4166666666666665
502152,2017,0.0
502152,2018,0.3333333333333333
502163,2017,0.9166666666666666
502163,2018,2.0833333333333335
502212,2017,0.5833333333333334
502212,2018,1.4166666666666667
502353,2017,1.0833333333333333
502353,2018,1.3333333333333333
502376,2017,0.8333333333333334
502376,2018,2.0
502390,2017,2.0833333333333335
502390,2018,2.1666666666666665
502534,2017,1.25
502534,2018,1.5833333333333333
502573,2018,4.363636363636363
502585,2017,1.4166666666666667
502585,2018,1.6666666666666667
502592,2017,1.4166666666666667
502592,2018,1.1666666666666667
502615,2017,2.1666666666666665
502615,2018,1.4166666666666667
502670,2017,2.8333333333333335
502670,2018,1.1666666666666667
502708,2017,1.1666666666666667
502708,2018,1.5833333333333333
502745,2018,4.7272727272727275
502784,2017,0.0
502784,2018,0.4166666666666667
502848,2017,2.0
502848,2018,1.1666666666666667
502943,2017,1.0833333333333333
502943,2018,1.4166666666666667
502946,2017,0.0
502946,2018,1.5
502952,2017,0.0
502952,2018,0.8333333333333334
502977,2017,1.75
502977,2018,1.5
503025,2017,1.3333333333333333
503025,2018,0.6666666666666666
503096,2017,0.0
503096,2018,0.0
503217,2017,2.3333333333333335
503217,2018,1.8333333333333333
503242,2017,0.0
503242,2018,0.5
503257,2017,0.4166666666666667
503257,2018,1.9166666666666667
503305,2017,1.8333333333333333
503305,2018,1.5833333333333333
503357,2017,1.6666666666666667
503357,2018,0.75
503494,2017,0.25
503494,2018,0.9166666666666666
503560,2017,0.9166666666666666
503560,2018,1.6666666666666667
503573,2017,1.3333333333333333
503573,2018,1.4166666666666667
503598,2017,1.5
503598,2018,1.1666666666666667
503615,2017,2.25
503615,2018,1.9166666666666667
503638,2018,4.363636363636363
503673,2017,1.0833333333333333
503673,2018,1.5833333333333333
503832,2018,3.6363636363636362
503938,2017,1.3333333333333333
503938,2018,1.5
503988,2017,0.0
503988,2018,0.3333333333333333
504078,2018,3.5454545454545454
504190,2017,0.0
504190,2018,0.25
504208,2017,1.5833333333333333
504208,2018,1.5
504219,2017,2.1666666666666665
504219,2018,1.9166666666666667
504260,2017,1.75
504260,2018,1.0833333333333333
504311,2017,1.6666666666666667
504311,2018,1.8333333333333333
504319,2017,0.0
504319,2018,0.0
504403,2017,1.25
504403,2018,0.9166666666666666
504455,2017,0.0
504455,2018,0.6666666666666666
504525,2017,2.1666666666666665
504525,2018,1.8333333333333333
504545,2017,0.0
504545,2018,0.9166666666666666
504564,2017,0.0
504564,2018,1.3333333333333333
504589,2017,1.25
504589,2018,2.3333333333333335
504638,2017,1.25
504638,2018,1.25
504663,2017,0.75
504663,2018,0.0
504715,2017,1.25
504715,2018,2.1666666666666665
504802,2017,1.75
504802,2018,1.6666666666666667
504860,2017,2.0
504860,2018,0.9166666666666666
504867,2018,6.818181818181818
504919,2017,1.8333333333333333
504919,2018,2.3333333333333335
505070,2017,0.0
505070,2018,0.4166666666666667
505167,2017,0.0
505167,2018,0.3333333333333333
505179,2017,0.08333333333333333
505179,2018,1.5833333333333333
505204,2017,2.8333333333333335
505204,2018,1.1666666666666667
505390,2017,2.0833333333333335
505390,2018,2.0833333333333335
505522,2017,2.5833333333333335
505522,2018,1.3333333333333333
505680,2017,1.5
505680,2018,1.25
505776,2017,0.0
505776,2018,0.8333333333333334
505779,2017,1.5833333333333333
505779,2018,1.6666666666666667
505790,2017,2.1666666666666665
505790,2018,0.5833333333333334
505798,2017,1.25
505798,2018,2.3333333333333335
505871,2017,0.0
505871,2018,0.0
505962,2017,1.3333333333333333
505962,2018,1.9166666666666667
505988,2017,1.4166666666666667
505988,2018,1.5
506149,2017,0.0
506149,2018,0.0
506170,2017,0.9166666666666666
506170,2018,1.9166666666666667
506190,2017,2.25
506190,2018,1.9166666666666667
506193,2017,0.8333333333333334
506193,2018,0.4166666666666667
506252,2017,0.4166666666666667
506252,2018,1.5
506293,2017,0.8333333333333334
506293,2018,0.0
506372,2017,0.0
506372,2018,1.0833333333333333
506400,2018,5.454545454545454
506418,2018,2.3636363636363638
506572,2017,2.25
506572,2018,1.75
506746,2017,1.5833333333333333
506746,2018,1.3333333333333333
506749,2017,0.0
506749,2018,0.0
506776,2017,0.9166666666666666
506776,2018,2.3333333333333335
506793,2017,0.0
506793,2018,0.0
507005,2017,2.0833333333333335
507005,2018,1.9166666666666667
507008,2018,7.636363636363637
507112,2017,1.0833333333333333
507112,2018,1.3333333333333333
507128,2017,0.4166666666666667
507128,2018,0.4166666666666667
507189,2017,2.1666666666666665
507189,2018,0.6666666666666666
507281,2017,0.8333333333333334
507281,2018,1.6666666666666667
507360,2017,0.0
507360,2018,0.0
507486,2017,1.75
507486,2018,1.25
507503,2017,1.5833333333333333
507503,2018,1.9166666666666667
507514,2017,1.8333333333333333
507514,2018,1.5833333333333333
507555,2017,1.9166666666666667
507555,2018,2.1666666666666665
507567,2017,1.0
507567,2018,1.75
507838,2017,1.5833333333333333
507838,2018,1.4166666666666667
507998,2017,1.5
507998,2018,1.25
508022,2017,1.5
508022,2018,1.0
508080,2017,0.6666666666666666
508080,2018,2.0833333333333335
508115,2017,1.1666666666666667
508115,2018,2.0833333333333335
508126,2017,1.0833333333333333
508126,2018,1.4166666666666667
508215,2017,0.0
508215,2018,0.4166666666666667
508399,2017,2.4166666666666665
508399,2018,2.25
508402,2017,0.6666666666666666
508402,2018,1.3333333333333333
508443,2017,0.0
508443,2018,0.0
508456,2018,3.3636363636363638
508488,2017,2.0833333333333335
508488,2018,1.0
508501,2017,2.4166666666666665
508501,2018,1.25
508728,2017,0.0
508728,2018,0.0
508795,2017,0.0
508795,2018,0.9166666666666666
508821,2017,1.4166666666666667
508821,2018,1.1666666666666667
508824,2017,1.0833333333333333
508824,2018,2.1666666666666665
508854,2017,1.6666666666666667
508854,2018,2.3333333333333335
508923,2017,1.5
508923,2018,0.5
508934,2017,1.25
508934,2018,1.1666666666666667
509044,2017,1.5833333333333333
509044,2018,1.6666666666666667
509060,2017,0.16666666666666666
509060,2018,1.5833333333333333
509108,2018,3.272727272727273
509136,2017,2.0
509136,2018,1.25
509149,2017,1.5833333333333333
509149,2018,0.0
509223,2017,1.25
509223,2018,0.4166666666666667
509345,2017,0.75
509345,2018,1.3333333333333333
509474,2018,5.090909090909091
509513,2017,2.0833333333333335
509513,2018,2.0
509514,2017,2.25
509514,2018,2.0833333333333335
509607,2017,0.25
509607,2018,2.1666666666666665
509614,2017,0.0
509614,2018,0.0
509669,2018,3.090909090909091
509686,2017,1.4166666666666667
509686,2018,1.8333333333333333
509714,2017,1.75
509714,2018,2.5833333333333335
509746,2017,1.0
509746,2018,1.3333333333333333
509809,2017,0.0
509809,2018,1.6666666666666667
509810,2017,1.75
509810,2018,0.9166666666666666
509909,2017,0.8333333333333334
509909,2018,0.08333333333333333
509928,2017,1.5833333333333333
509928,2018,1.75
509962,2017,1.4166666666666667
509962,2018,1.0833333333333333
509965,2017,1.5833333333333333
509965,2018,1.5
510182,2017,1.411764705882353
510182,2018,0.0
510224,2017,1.75
510224,2018,1.3333333333333333
510264,2017,0.0
510264,2018,1.0833333333333333
510329,2017,1.75
510329,2018,1.4166666666666667
510353,2017,0.5833333333333334
510353,2018,0.8333333333333334
510372,2017,0.0
510372,2018,0.08333333333333333
510440,2017,0.8333333333333334
510440,2018,1.0833333333333333
510502,2017,1.1666666666666667
510502,2018,1.75
510505,2017,1.9166666666666667
510505,2018,1.5833333333333333
510513,2017,1.4166666666666667
510513,2018,1.5833333333333333
510537,2017,0.4166666666666667
510537,2018,1.75
510644,2017,0.0
510644,2018,2.0833333333333335
510841,2017,1.0
510841,2018,1.4166666666666667
510865,2017,1.6666666666666667
510865,2018,1.5833333333333333
511053,2017,1.25
511053,2018,0.9166666666666666
511226,2018,4.7272727272727275
511253,2017,1.5
511253,2018,0.4166666666666667
511302,2017,1.5833333333333333
511302,2018,2.25
511342,2017,1.1666666666666667
511342,2018,1.5
511437,2017,0.0
511437,2018,0.9166666666666666
511444,2017,1.5
511444,2018,0.8333333333333334
511472,2017,1.5833333333333333
511472,2018,0.8333333333333334
511483,2017,0.0
511483,2018,0.5833333333333334
511541,2017,0.5833333333333334
511541,2018,1.9166666666666667
511568,2017,1.9166666666666667
511568,2018,1.4166666666666667
511573,2017,1.75
511573,2018,1.1666666666666667
511584,2017,1.8333333333333333
511584,2018,2.1666666666666665
511588,2017,1.6666666666666667
511588,2018,2.0833333333333335
511626,2017,0.0
511626,2018,0.0
511642,2017,2.6666666666666665
511642,2018,2.0833333333333335
511765,2017,1.0
511765,2018,1.25
511835,2017,0.0
511835,2018,0.3333333333333333
511862,2017,1.8571428571428572
511862,2018,1.8181818181818181
511875,2017,1.1666666666666667
511875,2018,1.75
511922,2017,0.4166666666666667
511922,2018,1.6666666666666667
511981,2017,0.5
511981,2018,0.0
512071,2017,2.25
512071,2018,1.9166666666666667
512097,2017,2.0
512097,2018,1.6666666666666667
512169,2017,0.0
512169,2018,0.0
512177,2017,1.1666666666666667
512177,2018,1.3333333333333333
512179,2017,1.5
512179,2018,1.5
512191,2017,1.3333333333333333
512191,2018,1.1666666666666667
512219,2017,1.0
512219,2018,2.4166666666666665
512262,2017,1.25
512262,2018,1.8333333333333333
512284,2017,0.4166666666666667
512284,2018,2.5
512296,2017,2.0
512296,2018,2.238095238095238
512358,2018,5.090909090909091
512426,2017,1.25
512426,2018,1.3333333333333333
512471,2017,1.5
512471,2018,0.6666666666666666
512522,2017,1.5
512522,2018,2.5
512580,2017,1.1666666666666667
512580,2018,0.3333333333333333
512599,2017,0.9166666666666666
512599,2018,1.0833333333333333
512615,2017,3.25
512615,2018,0.8333333333333334
512640,2017,1.5
512640,2018,1.4166666666666667
512869,2017,2.0833333333333335
512869,2018,1.5
512897,2017,1.25
512897,2018,1.5
512906,2017,0.08333333333333333
512906,2018,2.0
513000,2017,0.0
513000,2018,0.5833333333333334
513081,2017,1.0
513081,2018,1.0
513099,2017,0.9166666666666666
513099,2018,1.25
513123,2017,1.3333333333333333
513123,2018,1.4166666666666667
513125,2017,1.5833333333333333
513125,2018,0.8333333333333334
513170,2017,1.75
513170,2018,1.4166666666666667
513229,2017,1.1666666666666667
513229,2018,1.3333333333333333
513246,2017,1.9166666666666667
513246,2018,1.6666666666666667
513446,2017,1.5833333333333333
513446,2018,1.5833333333333333
513480,2017,1.5
513480,2018,1.5833333333333333
513553,2017,1.0
513553,2018,0.8333333333333334
513590,2017,1.5833333333333333
513590,2018,1.0
513661,2017,1.5
513661,2018,1.8333333333333333
513708,2017,1.25
513708,2018,1.25
513778,2017,1.6666666666666667
513778,2018,1.6666666666666667
513820,2017,1.5833333333333333
513820,2018,0.9166666666666666
514042,2017,1.6666666666666667
514042,2018,0.8333333333333334
514145,2017,1.5833333333333333
514145,2018,2.5833333333333335
514235,2017,0.5833333333333334
514235,2018,2.4166666666666665
514272,2017,2.0
514272,2018,1.8333333333333333
514369,2017,0.0
514369,2018,1.25
514395,2017,1.4166666666666667
514395,2018,1.0
514403,2017,1.8333333333333333
514403,2018,1.4166666666666667
514451,2017,1.6666666666666667
514451,2018,1.25
514493,2017,0.0
514493,2018,0.4166666666666667
514523,2017,0.0
514523,2018,0.6666666666666666
514530,2017,1.5833333333333333
514530,2018,1.3333333333333333
514552,2017,1.25
514552,2018,0.9166666666666666
514559,2017,2.0
514559,2018,1.1666666666666667
514616,2017,0.0
514616,2018,1.6666666666666667
514632,2017,0.9166666666666666
514632,2018,2.0
514652,2018,3.5454545454545454
514900,2017,0.0
514900,2018,0.3333333333333333
514917,2017,1.6666666666666667
514917,2018,1.6666666666666667
515023,2017,0.0
515023,2018,0.0
515049,2017,2.0833333333333335
515049,2018,1.6666666666666667
515134,2017,2.25
515134,2018,1.1666666666666667
515142,2017,0.0
515142,2018,0.0
515165,2017,2.25
515165,2018,1.6666666666666667
515185,2017,1.6666666666666667
515185,2018,1.25
515298,2017,0.0
515298,2018,0.0
515315,2017,0.0
515315,2018,0.0
515386,2017,2.1666666666666665
515386,2018,1.0
515444,2017,0.0
515444,2018,0.9166666666666666
515579,2017,0.08333333333333333
515579,2018,0.0
515605,2017,2.25
515605,2018,0.0
515634,2018,5.181818181818182
515639,2017,0.0
515639,2018,0.0
515645,2017,1.6666666666666667
515645,2018,1.3333333333333333
515656,2017,1.6666666666666667
515656,2018,1.9166666666666667
515663,2017,2.1666666666666665
515663,2018,2.25
515667,2017,1.75
515667,2018,2.4166666666666665
515718,2017,0.0
515718,2018,0.4166666666666667
515775,2017,1.75
515775,2018,1.25
515790,2017,0.0
515790,2018,0.0
515805,2017,1.5833333333333333
515805,2018,1.3333333333333333
515822,2017,0.4166666666666667
515822,2018,1.25
515826,2017,1.4166666666666667
515826,2018,1.4166666666666667
515860,2017,1.8333333333333333
515860,2018,1.5833333333333333
515905,2017,2.0
515905,2018,1.1666666666666667
515929,2017,1.75
515929,2018,1.5
515969,2017,1.75
515969,2018,1.5833333333333333
515981,2017,1.25
515981,2018,1.9166666666666667
516133,2017,2.0833333333333335
516133,2018,1.5
516224,2017,2.4166666666666665
516224,2018,1.4166666666666667
516242,2017,1.6666666666666667
516242,2018,1.75
516255,2017,0.6666666666666666
516255,2018,0.5833333333333334
516271,2017,2.5
516271,2018,1.9166666666666667
516276,2017,0.0
516276,2018,1.1666666666666667
516301,2017,1.0
516301,2018,1.5833333333333333
516329,2017,1.5
516329,2018,1.5
516337,2017,1.5833333333333333
516337,2018,1.25
516362,2017,1.0833333333333333
516362,2018,1.8333333333333333
516474,2017,2.25
516474,2018,2.25
516491,2017,1.9166666666666667
516491,2018,1.9166666666666667
516519,2018,5.7272727272727275
516544,2017,1.75
516544,2018,1.4166666666666667
516594,2017,1.5833333333333333
516594,2018,2.0
516674,2017,0.9166666666666666
516674,2018,0.9166666666666666
516791,2017,1.1666666666666667
516791,2018,1.8333333333333333
516984,2017,2.5833333333333335
516984,2018,2.5
516995,2017,2.0833333333333335
516995,2018,1.6666666666666667
517087,2017,1.75
517087,2018,1.5833333333333333
517129,2017,0.0
517129,2018,0.0
517190,2017,1.0
517190,2018,1.0833333333333333
517222,2017,0.4166666666666667
517222,2018,1.6666666666666667
517262,2017,0.0
517262,2018,0.08333333333333333
517267,2017,1.25
517267,2018,0.8333333333333334
517295,2017,1.25
517295,2018,1.4166666666666667
517405,2017,1.9166666666666667
517405,2018,1.5
517472,2018,1.7272727272727273
517533,2017,2.5833333333333335
517533,2018,2.1666666666666665
517538,2017,1.8333333333333333
517538,2018,2.25
517559,2017,1.5
517559,2018,1.0833333333333333
517612,2017,0.0
517612,2018,0.0
517614,2017,0.25
517614,2018,0.5
517702,2017,0.0
517702,2018,1.25
517729,2017,0.75
517729,2018,1.25
517739,2017,1.3333333333333333
517739,2018,1.1666666666666667
517758,2017,1.9166666666666667
517758,2018,1.75
517781,2017,0.5833333333333334
517781,2018,1.75
517797,2017,0.0
517797,2018,2.0833333333333335
517867,2017,1.3333333333333333
517867,2018,1.3333333333333333
517940,2017,0.0
517940,2018,0.6666666666666666
517945,2017,3.0
517945,2018,1.5833333333333333
518061,2017,2.0833333333333335
518061,2018,1.0833333333333333
518064,2017,1.25
518064,2018,0.9166666666666666
518210,2017,0.0
518210,2018,0.0
518236,2017,1.6666666666666667
518236,2018,2.0833333333333335
518249,2017,1.0833333333333333
518249,2018,1.3333333333333333
518305,2017,1.25
518305,2018,2.5
518533,2017,0.0
518533,2018,1.0
518561,2017,0.75
518561,2018,1.0833333333333333
518578,2017,0.6666666666666666
518578,2018,0.0
518582,2017,1.4166666666666667
518582,2018,0.8333333333333334
518622,2017,1.0
518622,2018,1.0
518677,2017,1.8333333333333333
518677,2018,1.5833333333333333
518771,2017,0.9166666666666666
518771,2018,1.9166666666666667
518834,2017,1.4166666666666667
518834,2018,1.5833333333333333
519087,2017,1.3333333333333333
519087,2018,1.0833333333333333
519203,2017,2.3333333333333335
519203,2018,0.8333333333333334
519213,2017,0.0
519213,2018,0.0
519276,2017,1.25
519276,2018,1.5
519300,2017,1.1666666666666667
519300,2018,0.8333333333333334
519419,2017,1.75
519419,2018,1.8333333333333333
519442,2017,1.5
519442,2018,0.75
519677,2017,1.6666666666666667
519677,2018,2.0833333333333335
519726,2017,0.5833333333333334
519726,2018,1.1666666666666667
519742,2017,2.25
519742,2018,1.8333333333333333
519766,2017,1.5
519766,2018,0.25
519796,2017,2.25
519796,2018,0.5833333333333334
519826,2018,5.454545454545454
519873,2018,6.0
519933,2017,1.8333333333333333
519933,2018,1.5833333333333333
519984,2017,2.0833333333333335
519984,2018,1.6666666666666667
520091,2017,0.6666666666666666
520091,2018,1.3333333333333333
520094,2017,1.0
520094,2018,1.4166666666666667
520137,2017,1.5
520137,2018,1.0833333333333333
520163,2017,1.6666666666666667
520163,2018,1.3333333333333333
520202,2017,0.25
520202,2018,1.25
520207,2017,1.5
520207,2018,1.6666666666666667
520321,2017,0.0
520321,2018,0.0
520428,2017,2.0833333333333335
520428,2018,2.5
520660,2017,1.75
520660,2018,1.0
520821,2017,1.6666666666666667
520821,2018,1.8333333333333333
521043,2017,0.0
521043,2018,0.0
521111,2017,1.9166666666666667
521111,2018,1.25
521176,2017,1.5833333333333333
521176,2018,1.4166666666666667
521217,2017,1.1666666666666667
521217,2018,1.8333333333333333
521225,2017,0.75
521225,2018,1.1666666666666667
521252,2017,2.0833333333333335
521252,2018,1.0
521311,2017,0.9166666666666666
521311,2018,2.3333333333333335
521384,2017,1.75
521384,2018,1.5
521431,2017,1.4166666666666667
521431,2018,2.9166666666666665
521486,2017,1.5
521486,2018,2.5833333333333335
521545,2017,1.6666666666666667
521545,2018,1.75
521576,2017,1.4166666666666667
521576,2018,1.25
521653,2017,1.6666666666666667
521653,2018,1.5833333333333333
521684,2017,1.9166666666666667
521684,2018,1.75
521699,2017,1.8333333333333333
521699,2018,0.0
521702,2017,1.4166666666666667
521702,2018,1.75
521875,2017,1.3333333333333333
521875,2018,1.3333333333333333
521949,2017,0.9166666666666666
521949,2018,0.0
522111,2017,1.9166666666666667
522111,2018,1.3333333333333333
522234,2017,1.5
522234,2018,1.0833333333333333
522251,2017,0.9166666666666666
522251,2018,1.9166666666666667
522261,2017,1.5
522261,2018,1.4166666666666667
522285,2018,3.727272727272727
522408,2017,1.75
522408,2018,0.8333333333333334
522493,2017,1.6666666666666667
522493,2018,1.5
522572,2017,1.5
522572,2018,1.0
522618,2017,2.25
522618,2018,2.0833333333333335
522677,2017,1.5
522677,2018,1.5
522758,2017,2.3333333333333335
522758,2018,1.5
522763,2018,2.5454545454545454
522788,2017,0.0
522788,2018,0.3333333333333333
522851,2017,0.0
522851,2018,0.0
522866,2017,1.0
522866,2018,1.6666666666666667
522924,2017,1.5833333333333333
522924,2018,2.1666666666666665
522935,2017,1.3333333333333333
522935,2018,1.1666666666666667
523037,2018,2.090909090909091
523110,2017,1.6666666666666667
523110,2018,2.75
523170,2017,1.3333333333333333
523170,2018,2.1666666666666665
523188,2018,4.2727272727272725
523194,2018,7.818181818181818
523210,2017,1.6666666666666667
523210,2018,2.5
523246,2017,1.3333333333333333
523246,2018,1.8333333333333333
523272,2017,2.25
523272,2018,2.0
523288,2017,1.75
523288,2018,1.5
523296,2017,0.9166666666666666
523296,2018,1.5833333333333333
523394,2017,2.0
523394,2018,1.9166666666666667
523399,2017,0.5
523399,2018,0.5
523642,2017,0.9166666666666666
523642,2018,2.25
523722,2017,0.4166666666666667
523722,2018,1.5833333333333333
523897,2017,1.9166666666666667
523897,2018,2.1666666666666665
523904,2017,2.0833333333333335
523904,2018,1.6666666666666667
523979,2017,0.0
523979,2018,0.75
524055,2017,1.5833333333333333
524055,2018,1.5833333333333333
524234,2017,1.5
524234,2018,2.1666666666666665
524379,2017,1.5
524379,2018,0.5833333333333334
524483,2017,1.9166666666666667
524483,2018,2.0833333333333335
524536,2017,0.0
524536,2018,0.0
524586,2017,0.5833333333333334
524586,2018,0.6666666666666666
524951,2017,0.0
524951,2018,0.0
524968,2018,1.6363636363636365
525129,2017,2.25
525129,2018,2.25
525188,2017,1.6666666666666667
525188,2018,1.0833333333333333
525202,2017,0.0
525202,2018,0.25
525245,2018,1.2727272727272727
525246,2017,1.8333333333333333
525246,2018,1.6666666666666667
525476,2017,0.0
525476,2018,0.0
525508,2018,4.909090909090909
525525,2017,2.5833333333333335
525525,2018,0.3333333333333333
525548,2017,1.0833333333333333
525548,2018,2.3333333333333335
525579,2017,1.5833333333333333
525579,2018,1.4166666666666667
525612,2017,0.9166666666666666
525612,2018,2.0
525740,2017,1.8333333333333333
525740,2018,1.4166666666666667
525765,2017,1.75
525765,2018,2.4166666666666665
525866,2017,0.0
525866,2018,0.0
525918,2017,0.08333333333333333
525918,2018,1.8333333333333333
526020,2018,4.181818181818182
526064,2017,0.0
526064,2018,1.3333333333333333
526094,2017,1.3333333333333333
526094,2018,2.5
526164,2017,1.5833333333333333
526164,2018,1.5
526165,2017,2.1666666666666665
526165,2018,2.0
526222,2017,1.5833333333333333
526222,2018,1.5
526316,2017,1.0
526316,2018,1.4166666666666667
526344,2017,0.0
526344,2018,1.9166666666666667
526349,2017,1.3333333333333333
526349,2018,1.75
526374,2017,1.1666666666666667
526374,2018,2.1666666666666665
526479,2017,0.0
526479,2018,0.16666666666666666
526481,2017,1.5833333333333333
526481,2018,0.4166666666666667
526508,2017,1.1666666666666667
526508,2018,1.9166666666666667
526579,2017,2.3333333333333335
526579,2018,1.4166666666666667
526586,2017,2.9166666666666665
526586,2018,2.4166666666666665
526629,2018,4.0
526644,2017,1.8333333333333333
526644,2018,2.4166666666666665
526663,2017,0.9166666666666666
526663,2018,1.1666666666666667
526736,2017,0.4166666666666667
526736,2018,0.0
526747,2017,0.9166666666666666
526747,2018,2.1666666666666665
526765,2017,1.4166666666666667
526765,2018,2.6666666666666665
526784,2017,2.6666666666666665
526784,2018,2.0833333333333335
526822,2017,2.0833333333333335
526822,2018,1.5833333333333333
526867,2017,0.0
526867,2018,0.5833333333333334
526975,2017,0.0
526975,2018,0.0
527004,2017,1.25
527004,2018,1.0833333333333333
527067,2017,1.75
527067,2018,2.0
527090,2017,0.0
527090,2018,0.5833333333333334
527194,2017,1.8333333333333333
527194,2018,0.75
527235,2017,1.3333333333333333
527235,2018,1.5
527244,2017,0.3333333333333333
527244,2018,1.5
527337,2017,1.6666666666666667
527337,2018,1.8333333333333333
527414,2017,0.0
527414,2018,0.0
527434,2017,0.6666666666666666
527434,2018,0.6666666666666666
527565,2017,2.5
527565,2018,0.8333333333333334
527582,2017,1.6666666666666667
527582,2018,2.0833333333333335
527622,2017,1.4166666666666667
527622,2018,2.0
527640,2017,1.4166666666666667
527640,2018,1.4166666666666667
527656,2017,1.3333333333333333
527656,2018,0.3333333333333333
527712,2017,2.0833333333333335
527712,2018,1.3333333333333333
527773,2017,0.5
527773,2018,1.5
527838,2017,0.6666666666666666
527838,2018,2.1666666666666665
527941,2017,1.5833333333333333
527941,2018,2.0833333333333335
527944,2017,0.0
527944,2018,0.0
528055,2017,2.75
528055,2018,2.1666666666666665
528074,2017,0.0
528074,2018,0.0
528095,2017,0.0
528095,2018,0.0
528122,2017,1.3333333333333333
528122,2018,2.0
528160,2017,1.3333333333333333
528160,2018,1.4166666666666667
528173,2017,1.5
528173,2018,1.9166666666666667
528226,2017,1.9166666666666667
528226,2018,2.0
528229,2017,1.1666666666666667
528229,2018,0.8333333333333334
528260,2017,0.0
528260,2018,1.1666666666666667
528331,2017,1.0
528331,2018,1.5
528332,2017,2.1666666666666665
528332,2018,2.0833333333333335
528363,2017,0.5
528363,2018,1.6666666666666667
528413,2017,1.5833333333333333
528413,2018,0.8333333333333334
528447,2017,1.5909090909090908
528447,2018,1.7083333333333333
528492,2017,1.9166666666666667
528492,2018,1.5
528693,2017,1.1666666666666667
528693,2018,1.25
528697,2017,0.0
528697,2018,0.4166666666666667
528712,2017,0.75
528712,2018,1.3333333333333333
528782,2017,0.0
528782,2018,0.0
528809,2017,1.8333333333333333
528809,2018,1.5
528985,2017,2.75
528985,2018,1.4166666666666667
529085,2017,1.25
529085,2018,2.0
529098,2017,0.4166666666666667
529098,2018,1.5833333333333333
529106,2017,1.4166666666666667
529106,2018,1.6666666666666667
529140,2017,2.1666666666666665
529140,2018,1.4166666666666667
529218,2017,1.9166666666666667
529218,2018,1.25
529331,2017,0.0
529331,2018,0.0
529390,2017,1.0833333333333333
529390,2018,1.25
529415,2017,1.9166666666666667
529415,2018,1.5833333333333333
529458,2017,1.75
529458,2018,2.25
529471,2017,2.1666666666666665
529471,2018,1.4166666666666667
529544,2017,0.0
529544,2018,1.1666666666666667
529579,2017,0.0
529579,2018,0.3333333333333333
529733,2017,0.0
529733,2018,0.5
529746,2017,0.0
529746,2018,1.75
529922,2017,2.1666666666666665
529922,2018,1.75
529988,2017,0.0
529988,2018,0.0
530051,2017,1.75
530051,2018,1.3333333333333333
530098,2017,0.75
530098,2018,1.5
530105,2017,0.08333333333333333
530105,2018,1.1666666666666667
530113,2017,0.0
530113,2018,1.4166666666666667
530119,2017,0.16666666666666666
530119,2018,0.9166666666666666
530206,2017,1.3333333333333333
530206,2018,1.75
530214,2017,0.75
530214,2018,0.0
530235,2017,0.75
530235,2018,2.1666666666666665
530281,2017,1.6666666666666667
530281,2018,1.6666666666666667
530299,2017,1.5
530299,2018,1.5
530425,2017,2.25
530425,2018,1.75
530436,2017,1.0
530436,2018,1.75
530508,2017,0.9166666666666666
530508,2018,2.1666666666666665
530517,2017,1.0833333333333333
530517,2018,1.0
530613,2017,0.6666666666666666
530613,2018,2.0
530621,2017,0.0
530621,2018,1.75
530666,2017,1.1666666666666667
530666,2018,2.0
530712,2017,0.0
530712,2018,0.0
530770,2017,1.5
530770,2018,1.8333333333333333
530833,2017,1.3333333333333333
530833,2018,2.25
530839,2017,1.4166666666666667
530839,2018,1.1666666666666667
530880,2017,2.1666666666666665
530880,2018,1.5
530955,2017,1.0
530955,2018,1.4166666666666667
530978,2017,1.5833333333333333
530978,2018,2.0
531052,2017,1.1666666666666667
531052,2018,1.5833333333333333
531201,2017,0.0
531201,2018,0.0
531286,2017,1.6666666666666667
531286,2018,1.0
531290,2017,0.0
531290,2018,1.75
531293,2017,0.3333333333333333
531293,2018,1.4166666666666667
531398,2017,0.75
531398,2018,1.4166666666666667
531430,2017,1.9166666666666667
531430,2018,2.0833333333333335
531514,2017,1.75
531514,2018,1.9166666666666667
531515,2017,0.5833333333333334
531515,2018,1.9166666666666667
531619,2017,2.0833333333333335
531619,2018,1.6666666666666667
531793,2017,1.5
531793,2018,2.0
531841,2017,1.5833333333333333
531841,2018,1.5
531868,2017,1.25
531868,2018,1.9166666666666667
531976,2017,1.6666666666666667
531976,2018,1.9166666666666667
532203,2017,1.25
532203,2018,2.0833333333333335
532333,2017,2.6666666666666665
532333,2018,0.75
532334,2017,0.0
532334,2018,0.0
532376,2017,0.0
532376,2018,0.08333333333333333
532378,2017,1.6666666666666667
532378,2018,1.8333333333333333
532419,2018,2.6363636363636362
532422,2017,1.6666666666666667
532422,2018,2.0
532464,2017,1.5
532464,2018,1.6666666666666667
532592,2017,1.5833333333333333
532592,2018,2.1666666666666665
532752,2017,0.0
532752,2018,0.0
532759,2017,0.4166666666666667
532759,2018,1.6666666666666667
532813,2017,1.6666666666666667
532813,2018,1.4166666666666667
532832,2017,2.0833333333333335
532832,2018,2.0
532848,2017,0.25
532848,2018,0.0
532925,2017,2.1666666666666665
532925,2018,0.0
532945,2018,4.636363636363637
532978,2017,0.9166666666666666
532978,2018,1.25
532997,2017,1.6666666666666667
532997,2018,1.5833333333333333
533157,2017,1.5833333333333333
533157,2018,1.5833333333333333
533198,2017,1.25
533198,2018,1.9166666666666667
533213,2017,1.4166666666666667
533213,2018,0.0
533302,2017,1.6666666666666667
533302,2018,1.75
533365,2017,0.9166666666666666
533365,2018,1.6666666666666667
533388,2017,0.0
533388,2018,0.0
533391,2017,0.0
533391,2018,1.6666666666666667
533470,2017,1.5833333333333333
533470,2018,1.25
533488,2017,0.0
533488,2018,0.75
533509,2017,2.5
533509,2018,2.5
533539,2017,1.1666666666666667
533539,2018,1.9166666666666667
533638,2017,2.3333333333333335
533638,2018,1.4166666666666667
533666,2017,1.0
533666,2018,1.1666666666666667
533742,2017,1.5
533742,2018,0.9166666666666666
533766,2017,1.0
533766,2018,1.1666666666666667
533950,2017,1.0833333333333333
533950,2018,1.0
534009,2017,1.5833333333333333
534009,2018,1.5
534151,2017,0.6666666666666666
534151,2018,1.9166666666666667
534324,2017,0.0
534324,2018,0.0
534452,2017,1.25
534452,2018,2.1666666666666665
534464,2017,2.1666666666666665
534464,2018,1.0833333333333333
534481,2017,1.3333333333333333
534481,2018,1.0833333333333333
534505,2017,0.0
534505,2018,0.0
534510,2017,1.1666666666666667
534510,2018,0.25
534571,2017,0.0
534571,2018,0.0
534649,2017,1.3333333333333333
534649,2018,0.6666666666666666
534716,2017,1.75
534716,2018,2.25
534734,2017,1.3333333333333333
534734,2018,1.6666666666666667
534764,2017,0.0
534764,2018,0.4166666666666667
534794,2017,0.0
534794,2018,0.0
534805,2017,0.0
534805,2018,0.6666666666666666
534813,2017,1.75
534813,2018,1.5
534904,2017,0.75
534904,2018,1.3333333333333333
534905,2017,1.5
534905,2018,0.8333333333333334
534972,2017,2.25
534972,2018,1.5
535151,2017,1.0833333333333333
535151,2018,1.8333333333333333
535183,2017,1.25
535183,2018,0.0
535233,2017,1.1666666666666667
535233,2018,1.3333333333333333
535251,2017,1.5833333333333333
535251,2018,1.1666666666666667
535320,2017,1.0833333333333333
535320,2018,1.5
535327,2017,0.0
535327,2018,0.16666666666666666
535367,2017,0.9166666666666666
535367,2018,1.5
535413,2017,0.0
535413,2018,1.25
535436,2017,1.0833333333333333
535436,2018,1.75
535482,2017,0.8333333333333334
535482,2018,1.75
535525,2017,1.0833333333333333
535525,2018,0.3333333333333333
535539,2017,1.3333333333333333
535539,2018,2.5
535544,2017,2.3333333333333335
535544,2018,1.5
535587,2017,1.75
535587,2018,1.3333333333333333
535852,2017,1.0833333333333333
535852,2018,1.6666666666666667
535892,2017,1.75
535892,2018,1.8333333333333333
535944,2017,2.1666666666666665
535944,2018,2.3333333333333335
536018,2017,1.1666666666666667
536018,2018,1.3333333333333333
536021,2017,0.0
536021,2018,0.5
536066,2017,2.3333333333333335
536066,2018,1.9166666666666667
536082,2017,1.5
536082,2018,1.3333333333333333
536092,2017,1.5
536092,2018,1.25
536124,2017,0.0
536124,2018,1.8333333333333333
536132,2017,1.0
536132,2018,1.0833333333333333
536186,2017,1.5833333333333333
536186,2018,1.5833333333333333
536371,2017,0.0
536371,2018,0.75
536409,2017,0.75
536409,2018,1.1666666666666667
536485,2017,1.6666666666666667
536485,2018,1.5
536517,2017,1.1666666666666667
536517,2018,1.4166666666666667
536535,2017,2.1666666666666665
536535,2018,1.0833333333333333
536567,2017,1.9166666666666667
536567,2018,2.75
536577,2017,1.0
536577,2018,1.5833333333333333
536603,2017,0.3333333333333333
536603,2018,1.8333333333333333
536671,2017,1.9166666666666667
536671,2018,2.25
536699,2017,0.5833333333333334
536699,2018,0.0
536794,2017,0.6666666666666666
536794,2018,2.25
536823,2017,1.5
536823,2018,1.5833333333333333
536848,2017,1.0833333333333333
536848,2018,0.0
536941,2017,0.0
536941,2018,1.25
536959,2017,0.0
536959,2018,0.0
537013,2017,2.25
537013,2018,1.0
537038,2017,1.3333333333333333
537038,2018,1.5
537124,2017,1.9166666666666667
537124,2018,1.0833333333333333
537132,2017,1.6666666666666667
537132,2018,1.1666666666666667
537387,2017,2.3333333333333335
537387,2018,2.1666666666666665
537397,2017,1.6666666666666667
537397,2018,1.3333333333333333
537405,2018,4.363636363636363
537421,2017,2.0
537421,2018,1.5833333333333333
537613,2017,2.0
537613,2018,1.6666666666666667
537701,2017,1.75
537701,2018,2.25
537711,2017,1.25
537711,2018,1.8333333333333333
537722,2017,1.5
537722,2018,1.5833333333333333
537795,2017,2.5833333333333335
537795,2018,1.75
537829,2017,0.0
537829,2018,0.6666666666666666
537852,2017,1.4166666666666667
537852,2018,2.1666666666666665
537887,2017,0.3333333333333333
537887,2018,1.1666666666666667
537907,2017,1.9166666666666667
537907,2018,1.75
537914,2017,0.3333333333333333
537914,2018,0.6666666666666666
537990,2017,1.1666666666666667
537990,2018,1.75
538042,2017,1.1666666666666667
538042,2018,1.8333333333333333
538308,2017,0.0
538308,2018,0.0
538341,2017,2.0
538341,2018,1.4166666666666667
538507,2017,1.3333333333333333
538507,2018,1.25
538550,2017,1.8333333333333333
538550,2018,1.0
538760,2017,0.0
538760,2018,1.5833333333333333
538770,2017,1.25
538770,2018,1.5833333333333333
538795,2017,0.16666666666666666
538795,2018,1.25
538854,2017,1.9166666666666667
538854,2018,2.1666666666666665
538877,2017,2.3333333333333335
538877,2018,2.4166666666666665
538902,2017,0.0
538902,2018,1.25
538949,2017,0.0
538949,2018,1.6666666666666667
538979,2017,0.75
538979,2018,0.9166666666666666
539106,2017,1.5833333333333333
539106,2018,1.1666666666666667
539125,2017,1.5
539125,2018,1.4166666666666667
539144,2017,1.25
539144,2018,1.5
539322,2017,1.25
539322,2018,1.8333333333333333
539358,2017,1.8333333333333333
539358,2018,1.75
539370,2017,1.1666666666666667
539370,2018,1.0
539436,2017,1.6666666666666667
539436,2018,0.9166666666666666
539505,2017,0.0
539505,2018,0.08333333333333333
539537,2017,1.3333333333333333
539537,2018,2.75
539599,2017,0.0
539599,2018,0.4166666666666667
539673,2017,1.8333333333333333
539673,2018,0.3333333333333333
539674,2017,2.0
539674,2018,1.75
539704,2017,1.75
539704,2018,2.5
539705,2017,0.0
539705,2018,0.0
539739,2018,4.454545454545454
539742,2017,2.25
539742,2018,1.5833333333333333
539746,2017,0.0
539746,2018,1.25
539760,2017,1.9166666666666667
539760,2018,1.4166666666666667
539776,2017,1.0
539776,2018,1.6666666666666667
539854,2017,1.4166666666666667
539854,2018,0.0
539941,2017,0.0
539941,2018,0.0
540011,2017,1.8333333333333333
540011,2018,1.5833333333333333
540109,2017,1.1666666666666667
540109,2018,1.75
540112,2017,2.0
540112,2018,2.0
540142,2017,1.4166666666666667
540142,2018,1.1666666666666667
540268,2017,0.08333333333333333
540268,2018,1.25
540291,2017,0.0
540291,2018,0.0
540316,2017,1.5833333333333333
540316,2018,1.5833333333333333
540380,2017,0.0
540380,2018,0.9166666666666666
540497,2017,0.9166666666666666
540497,2018,1.4166666666666667
540548,2017,1.4166666666666667
540548,2018,1.75
540551,2017,1.5
540551,2018,1.6666666666666667
540628,2017,1.1666666666666667
540628,2018,2.1666666666666665
540715,2018,3.8181818181818183
540751,2017,1.75
540751,2018,1.8333333333333333
540756,2017,0.9166666666666666
540756,2018,1.1666666666666667
540796,2017,0.5833333333333334
540796,2018,0.0
540836,2017,0.0
540836,2018,0.0
540901,2017,0.0
540901,2018,0.0
540905,2017,1.8333333333333333
540905,2018,1.1666666666666667
540918,2017,1.9166666666666667
540918,2018,1.8333333333333333
540966,2017,1.25
540966,2018,0.9166666666666666
541000,2017,1.6666666666666667
541000,2018,1.25
541008,2018,4.636363636363637
541009,2017,2.3333333333333335
541009,2018,2.6666666666666665
541037,2018,5.7272727272727275
541040,2017,0.5833333333333334
541040,2018,0.5
541078,2017,0.6666666666666666
541078,2018,1.5833333333333333
541163,2017,0.8333333333333334
541163,2018,1.8333333333333333
541178,2017,2.0833333333333335
541178,2018,2.4166666666666665
541239,2017,0.5833333333333334
541239,2018,1.1666666666666667
541358,2017,1.0833333333333333
541358,2018,2.0833333333333335
541410,2017,0.0
541410,2018,0.5
541435,2017,2.25
541435,2018,2.25
541557,2017,2.0833333333333335
541557,2018,1.5833333333333333
541564,2017,1.3333333333333333
541564,2018,2.25
541741,2017,1.0
541741,2018,1.5833333333333333
541751,2017,0.4166666666666667
541751,2018,2.0
541898,2017,0.5833333333333334
541898,2018,2.0
541953,2017,2.0
541953,2018,0.5833333333333334
541961,2017,2.25
541961,2018,2.0
542002,2017,1.0
542002,2018,1.6666666666666667
542014,2017,2.1666666666666665
542014,2018,1.6666666666666667
542043,2017,1.25
542043,2018,1.5
542085,2017,0.9166666666666666
542085,2018,1.0833333333333333
542089,2017,0.4166666666666667
542089,2018,0.0
542118,2017,1.1666666666666667
542118,2018,1.5833333333333333
542180,2017,1.25
542180,2018,1.75
542182,2017,1.8333333333333333
542182,2018,1.0
542208,2017,0.0
542208,2018,0.0
542287,2017,1.4166666666666667
542287,2018,1.4166666666666667
542296,2017,2.0833333333333335
542296,2018,1.75
542574,2017,0.0
542574,2018,0.16666666666666666
542636,2017,0.0
542636,2018,0.0
542696,2017,1.8333333333333333
542696,2018,1.4166666666666667
542893,2017,1.3333333333333333
542893,2018,2.0833333333333335
542934,2017,0.0
542934,2018,0.8333333333333334
542976,2018,4.181818181818182
543119,2017,2.0833333333333335
543119,2018,1.1666666666666667
543285,2017,0.5
543285,2018,0.8333333333333334
543326,2017,1.0833333333333333
543326,2018,2.3333333333333335
543422,2017,1.4166666666666667
543422,2018,2.3333333333333335
543449,2017,0.0
543449,2018,0.75
543456,2017,0.08333333333333333
543456,2018,0.0
543460,2017,1.6666666666666667
543460,2018,2.4166666666666665
543478,2017,0.5833333333333334
543478,2018,1.25
543553,2017,0.0
543553,2018,0.16666666666666666
543599,2017,0.0
543599,2018,0.0
543693,2017,1.8333333333333333
543693,2018,1.6666666666666667
543852,2017,1.9166666666666667
543852,2018,1.25
543862,2017,1.75
543862,2018,1.0833333333333333
543881,2017,1.8333333333333333
543881,2018,0.0
543901,2017,2.25
543901,2018,1.3333333333333333
543918,2017,2.5
543918,2018,1.8333333333333333
543956,2018,4.2727272727272725
543978,2017,1.5833333333333333
543978,2018,2.0833333333333335
544167,2017,1.1666666666666667
544167,2018,1.1666666666666667
544182,2017,2.0
544182,2018,1.3333333333333333
544301,2017,0.6666666666666666
544301,2018,2.0
544306,2017,0.4166666666666667
544306,2018,0.08333333333333333
544337,2017,1.5833333333333333
544337,2018,2.0
544421,2017,2.1666666666666665
544421,2018,2.0833333333333335
544493,2017,2.3333333333333335
544493,2018,1.25
544561,2017,0.9166666666666666
544561,2018,1.5
544569,2017,1.25
544569,2018,1.1666666666666667
544619,2017,0.5
544619,2018,0.5
544690,2017,0.6666666666666666
544690,2018,2.1666666666666665
544752,2017,1.4166666666666667
544752,2018,1.25
544837,2017,1.5
544837,2018,2.9166666666666665
544890,2017,1.25
544890,2018,1.4166666666666667
545010,2017,0.0
545010,2018,0.9166666666666666
545087,2017,1.25
545087,2018,1.75
545127,2017,1.1666666666666667
545127,2018,1.5
545144,2017,0.0
545144,2018,2.0
545179,2018,5.363636363636363
545278,2017,1.1666666666666667
545278,2018,1.9166666666666667
545378,2017,1.4166666666666667
545378,2018,1.3333333333333333
545410,2017,2.25
545410,2018,0.25
545421,2017,1.0
545421,2018,1.0
545497,2017,2.0
545497,2018,1.3333333333333333
545514,2017,0.0
545514,2018,0.0
545534,2017,1.1666666666666667
545534,2018,2.1666666666666665
545541,2017,1.1666666666666667
545541,2018,0.8333333333333334
545567,2017,1.5
545567,2018,2.5
545582,2017,2.0
545582,2018,1.6666666666666667
545586,2017,0.4166666666666667
545586,2018,1.75
545638,2017,0.0
545638,2018,0.08333333333333333
545659,2017,0.9166666666666666
545659,2018,1.8333333333333333
545744,2017,0.9166666666666666
545744,2018,1.25
545883,2017,1.0
545883,2018,1.1666666666666667
545889,2017,0.0
545889,2018,0.0
545917,2017,1.4166666666666667
545917,2018,1.5833333333333333
545947,2017,2.1666666666666665
545947,2018,1.75
546025,2017,1.6666666666666667
546025,2018,1.8333333333333333
546037,2017,0.0
546037,2018,0.0
546039,2017,1.5833333333333333
546039,2018,1.0
546163,2018,5.454545454545454
546171,2017,0.0
546171,2018,0.0
546177,2017,1.1666666666666667
546177,2018,1.6666666666666667
546231,2017,1.3333333333333333
546231,2018,1.4166666666666667
546259,2017,0.0
546259,2018,0.0
546456,2017,1.75
546456,2018,0.8333333333333334
546665,2017,1.8333333333333333
546665,2018,1.0833333333333333
546736,2017,0.0
546736,2018,0.5833333333333334
546758,2017,2.5
546758,2018,1.0833333333333333
546773,2017,1.75
546773,2018,1.3333333333333333
546796,2017,1.5833333333333333
546796,2018,2.6666666666666665
546827,2017,1.75
546827,2018,1.0833333333333333
546869,2017,0.8333333333333334
546869,2018,1.9166666666666667
546994,2017,0.5833333333333334
546994,2018,0.0
546997,2017,0.0
546997,2018,1.9166666666666667
547016,2017,1.3333333333333333
547016,2018,1.5
547190,2017,1.9166666666666667
547190,2018,2.0
547213,2017,1.5
547213,2018,1.3333333333333333
547217,2017,0.0
547217,2018,0.0
547342,2018,5.636363636363637
547355,2017,1.0833333333333333
547355,2018,1.1666666666666667
547357,2017,1.9166666666666667
547357,2018,1.6666666666666667
547360,2017,2.0
547360,2018,1.25
547407,2017,1.25
547407,2018,1.5
547442,2018,5.636363636363637
547500,2017,2.75
547500,2018,0.9166666666666666
547522,2017,0.0
547522,2018,1.5454545454545454
547542,2017,1.8333333333333333
547542,2018,1.5833333333333333
547559,2017,1.4166666666666667
547559,2018,1.3333333333333333
547561,2017,1.5
547561,2018,1.5
547575,2017,1.25
547575,2018,2.0
547649,2017,1.0833333333333333
547649,2018,0.9166666666666666
547699,2017,1.6666666666666667
547699,2018,2.0
547764,2017,0.0
547764,2018,0.0
547802,2017,2.1666666666666665
547802,2018,1.0
547994,2017,0.0
547994,2018,0.0
548037,2017,1.5833333333333333
548037,2018,1.4166666666666667
548126,2017,1.6666666666666667
548126,2018,2.5
548202,2017,0.0
548202,2018,0.0
548228,2017,2.75
548228,2018,1.3333333333333333
548238,2017,0.8333333333333334
548238,2018,0.75
548244,2017,2.0833333333333335
548244,2018,0.9166666666666666
548251,2017,0.6666666666666666
548251,2018,0.9166666666666666
548335,2017,1.9166666666666667
548335,2018,2.4166666666666665
548390,2018,3.5454545454545454
548565,2017,0.8333333333333334
548565,2018,1.8333333333333333
548638,2017,0.0
548638,2018,0.16666666666666666
548682,2017,2.75
548682,2018,1.3333333333333333
548722,2017,1.75
548722,2018,1.75
548752,2017,2.0
548752,2018,2.3333333333333335
548883,2017,0.0
548883,2018,0.0
548999,2017,1.5
548999,2018,1.3333333333333333
549034,2017,0.6666666666666666
549034,2018,1.4166666666666667
549064,2017,1.5833333333333333
549064,2018,1.9166666666666667
549080,2017,1.25
549080,2018,1.5
549091,2017,0.25
549091,2018,1.6666666666666667
549132,2017,0.5833333333333334
549132,2018,1.0833333333333333
549200,2017,2.5
549200,2018,0.5833333333333334
549238,2017,1.4166666666666667
549238,2018,3.1666666666666665
549402,2017,1.1666666666666667
549402,2018,1.8333333333333333
549404,2018,5.363636363636363
549415,2017,1.8333333333333333
549415,2018,2.0833333333333335
549444,2017,2.5
549444,2018,0.8333333333333334
549537,2017,1.9166666666666667
549537,2018,0.5
549540,2017,1.0
549540,2018,2.4166666666666665
549541,2017,1.25
549541,2018,1.3333333333333333
549562,2017,0.0
549562,2018,2.0
549598,2017,0.75
549598,2018,0.8333333333333334
549612,2017,2.5833333333333335
549612,2018,2.25
549686,2017,1.3333333333333333
549686,2018,1.5
549715,2017,1.75
549715,2018,1.0833333333333333
549751,2017,2.0
549751,2018,2.0
549757,2017,0.9166666666666666
549757,2018,2.1666666666666665
549858,2017,1.9166666666666667
549858,2018,1.4166666666666667
549862,2017,2.0
549862,2018,1.0833333333333333
549982,2017,1.6666666666666667
549982,2018,2.0833333333333335
550058,2017,1.0
550058,2018,0.9166666666666666
550173,2017,0.9166666666666666
550173,2018,1.5
550213,2017,1.75
550213,2018,1.5
550262,2017,0.0
550262,2018,1.6666666666666667
550303,2017,0.0
550303,2018,0.0
550352,2017,1.0833333333333333
550352,2018,2.0
550434,2017,1.25
550434,2018,2.8333333333333335
550519,2017,1.3333333333333333
550519,2018,1.4166666666666667
550539,2017,0.0
550539,2018,1.5833333333333333
550575,2017,0.0
550575,2018,0.5
550598,2018,3.0
550686,2017,1.0
550686,2018,1.9166666666666667
550769,2017,0.4166666666666667
550769,2018,1.75
550834,2017,0.0
550834,2018,0.0
550839,2017,1.0833333333333333
550839,2018,1.25
550856,2017,2.0
550856,2018,1.8333333333333333
550896,2017,1.75
550896,2018,1.6666666666666667
551055,2017,1.25
551055,2018,2.1666666666666665
551154,2017,1.8333333333333333
551154,2018,1.0833333333333333
551248,2017,1.8333333333333333
551248,2018,0.8333333333333334
551296,2017,1.8333333333333333
551296,2018,1.8333333333333333
551300,2017,2.25
551300,2018,2.75
551313,2017,0.0
551313,2018,0.75
551391,2017,1.75
551391,2018,1.4166666666666667
551429,2017,1.5833333333333333
551429,2018,1.0
551510,2017,1.9166666666666667
551510,2018,2.8333333333333335
551533,2017,0.0
551533,2018,0.0
551652,2017,2.0833333333333335
551652,2018,1.4166666666666667
551710,2017,0.0
551710,2018,1.5833333333333333
551809,2017,2.0
551809,2018,2.3333333333333335
551828,2017,1.9166666666666667
551828,2018,2.25
551833,2017,1.3333333333333333
551833,2018,1.25
551837,2017,1.9166666666666667
551837,2018,1.5
551938,2017,1.5
551938,2018,1.5833333333333333
551946,2017,1.6666666666666667
551946,2018,2.0
551961,2017,0.25
551961,2018,0.0
551975,2017,2.1666666666666665
551975,2018,2.3333333333333335
551981,2017,1.8333333333333333
551981,2018,1.75
552016,2017,1.9166666666666667
552016,2018,1.6666666666666667
552221,2017,0.0
552221,2018,0.0
552235,2017,0.0
552235,2018,0.0
552278,2017,2.1666666666666665
552278,2018,1.4166666666666667
552328,2017,1.9166666666666667
552328,2018,1.0
552364,2017,0.5
552364,2018,1.25
552441,2018,6.181818181818182
552546,2017,0.0
552546,2018,0.0
552568,2017,0.0
552568,2018,0.0
552576,2017,2.4166666666666665
552576,2018,1.9166666666666667
552669,2017,2.1666666666666665
552669,2018,1.8333333333333333
552747,2017,0.6666666666666666
552747,2018,1.9166666666666667
552755,2017,1.5
552755,2018,0.0
552776,2017,0.5
552776,2018,0.0
552818,2017,2.1666666666666665
552818,2018,2.1666666666666665
552823,2017,0.25
552823,2018,1.6666666666666667
552936,2017,0.0
552936,2018,0.75
552945,2017,0.0
552945,2018,0.5
552965,2017,0.0
552965,2018,0.25
552966,2017,2.1666666666666665
552966,2018,1.4166666666666667
553018,2017,0.0
553018,2018,0.0
553061,2017,2.0833333333333335
553061,2018,2.0
553089,2017,1.5833333333333333
553089,2018,3.0833333333333335
553254,2017,1.5
553254,2018,1.1666666666666667
553261,2017,1.9166666666666667
553261,2018,1.1666666666666667
553389,2017,1.4166666666666667
553389,2018,2.0833333333333335
553396,2017,1.5833333333333333
553396,2018,1.75
553412,2017,1.6666666666666667
553412,2018,1.9166666666666667
553453,2017,0.4166666666666667
553453,2018,0.8333333333333334
553530,2017,2.0
553530,2018,2.1666666666666665
553558,2017,1.0833333333333333
553558,2018,1.0833333333333333
553567,2017,1.0
553567,2018,0.0
553879,2017,0.4166666666666667
553879,2018,1.5833333333333333
553936,2017,0.0
553936,2018,0.0
553943,2017,1.75
553943,2018,1.75
553944,2017,0.0
553944,2018,0.0
553954,2017,0.8333333333333334
553954,2018,1.5
553956,2017,1.3333333333333333
553956,2018,2.4166666666666665
553973,2017,2.4166666666666665
553973,2018,2.5833333333333335
554104,2017,0.9166666666666666
554104,2018,1.8333333333333333
554136,2017,1.25
554136,2018,0.5833333333333334
554155,2017,0.8333333333333334
554155,2018,2.0
554255,2017,0.0
554255,2018,0.4166666666666667
554442,2017,2.4166666666666665
554442,2018,1.75
554449,2017,0.5
554449,2018,2.0833333333333335
554453,2017,1.0833333333333333
554453,2018,2.1666666666666665
554487,2017,1.25
554487,2018,1.3333333333333333
554572,2017,0.0
554572,2018,0.0
554636,2017,1.5833333333333333
554636,2018,0.75
554712,2017,0.0
554712,2018,0.8333333333333334
554761,2017,1.1666666666666667
554761,2018,1.0833333333333333
554888,2017,1.1666666666666667
554888,2018,0.0
554983,2017,1.3333333333333333
554983,2018,2.0
555001,2017,2.1666666666666665
555001,2018,1.3333333333333333
555024,2017,0.25
555024,2018,0.0
555050,2017,2.0833333333333335
555050,2018,1.0833333333333333
555081,2017,2.5
555081,2018,1.5833333333333333
555102,2017,1.9166666666666667
555102,2018,2.25
555112,2017,0.6666666666666666
555112,2018,0.0
555118,2017,1.3333333333333333
555118,2018,1.0833333333333333
555205,2017,0.9166666666666666
555205,2018,1.75
555218,2017,0.0
555218,2018,0.5833333333333334
555298,2017,1.8333333333333333
555298,2018,2.0
555301,2017,1.25
555301,2018,1.5
555398,2017,1.6666666666666667
555398,2018,1.1666666666666667
555517,2017,0.0
555517,2018,0.4166666666666667
555541,2017,1.25
555541,2018,1.0
555576,2017,2.0
555576,2018,1.1666666666666667
555745,2017,2.0
555745,2018,2.1666666666666665
555831,2017,0.5833333333333334
555831,2018,0.0
555947,2017,0.0
555947,2018,1.25
556050,2017,1.0833333333333333
556050,2018,1.25
556136,2017,1.5
556136,2018,1.75
556164,2017,0.8333333333333334
556164,2018,1.4166666666666667
556188,2017,1.5
556188,2018,2.1666666666666665
556266,2017,1.5833333333333333
556266,2018,2.0
556313,2017,2.5
556313,2018,1.3333333333333333
556453,2017,1.25
556453,2018,0.75
556492,2018,8.636363636363637
556622,2017,1.6666666666666667
556622,2018,1.5
556626,2017,1.75
556626,2018,2.3333333333333335
556649,2017,1.8333333333333333
556649,2018,1.0833333333333333
556688,2017,1.25
556688,2018,1.8333333333333333
556755,2017,0.0
556755,2018,0.0
556778,2017,1.8333333333333333
556778,2018,2.0833333333333335
556808,2017,1.5
556808,2018,1.0833333333333333
556865,2017,0.25
556865,2018,1.75
556879,2017,0.0
556879,2018,0.8333333333333334
556958,2017,2.3333333333333335
556958,2018,2.3333333333333335
556982,2017,1.0
556982,2018,1.5833333333333333
557138,2018,5.363636363636363
557289,2017,1.25
557289,2018,1.25
557458,2017,1.6666666666666667
557458,2018,2.0
557469,2017,0.0
557469,2018,0.0
557500,2017,1.75
557500,2018,1.8333333333333333
557519,2017,1.8333333333333333
557519,2018,1.8333333333333333
557525,2017,1.25
557525,2018,1.75
557597,2017,0.0
557597,2018,0.5833333333333334
557633,2017,0.6666666666666666
557633,2018,1.9166666666666667
557640,2017,1.5
557640,2018,1.8333333333333333
557723,2017,1.9166666666666667
557723,2018,2.1666666666666665
557739,2017,1.5
557739,2018,2.9166666666666665
557752,2017,0.4166666666666667
557752,2018,1.4166666666666667
557852,2017,0.0
557852,2018,0.0
557867,2017,1.5
557867,2018,1.8333333333333333
557872,2017,1.25
557872,2018,1.0
557880,2017,2.0833333333333335
557880,2018,2.0
557932,2017,1.5
557932,2018,1.4166666666666667
557996,2017,1.4166666666666667
557996,2018,1.3333333333333333
558040,2017,0.75
558040,2018,1.9166666666666667
558097,2017,0.5
558097,2018,1.6666666666666667
558138,2017,0.0
558138,2018,0.25
558248,2017,0.0
558248,2018,0.0
558258,2017,0.0
558258,2018,1.1666666666666667
558288,2017,0.0
558288,2018,0.0
558451,2017,1.3333333333333333
558451,2018,1.0
558469,2017,0.0
558469,2018,0.0
558511,2018,6.090909090909091
558543,2017,0.75
558543,2018,1.6666666666666667
558598,2017,2.4166666666666665
558598,2018,1.4166666666666667
558686,2017,1.6666666666666667
558686,2018,1.9166666666666667
558854,2017,0.6666666666666666
558854,2018,2.5833333333333335
558969,2017,1.6666666666666667
558969,2018,2.5
559005,2018,5.363636363636363
559007,2017,1.9166666666666667
559007,2018,0.9166666666666666
559016,2017,1.75
559016,2018,0.5
559111,2017,0.0
559111,2018,1.4166666666666667
559124,2017,2.0
559124,2018,2.0
559127,2017,0.75
559127,2018,0.0
559233,2017,0.0
559233,2018,0.3333333333333333
559261,2017,0.08333333333333333
559261,2018,0.5
559279,2017,2.25
559279,2018,1.25
559304,2017,1.1666666666666667
559304,2018,1.0
559342,2017,0.4166666666666667
559342,2018,1.5833333333333333
559362,2017,2.0833333333333335
559362,2018,1.9166666666666667
559388,2017,1.8333333333333333
559388,2018,1.8333333333333333
559483,2017,2.1666666666666665
559483,2018,1.4166666666666667
559519,2018,2.727272727272727
559576,2017,1.75
559576,2018,1.9166666666666667
559619,2017,0.16666666666666666
559619,2018,0.0
559622,2017,2.1666666666666665
559622,2018,1.6666666666666667
559657,2017,0.0
559657,2018,0.0
559721,2018,1.9090909090909092
559723,2017,1.4166666666666667
559723,2018,1.9166666666666667
559726,2017,1.0
559726,2018,2.0833333333333335
559879,2017,0.75
559879,2018,1.0833333333333333
560024,2017,1.5833333333333333
560024,2018,2.0833333333333335
560104,2017,1.5833333333333333
560104,2018,1.4166666666666667
560149,2017,2.0
560149,2018,1.25
560283,2017,1.8333333333333333
560283,2018,0.25
560505,2017,0.25
560505,2018,1.9166666666666667
560528,2017,1.9166666666666667
560528,2018,1.8333333333333333
560597,2018,4.545454545454546
560713,2017,1.4166666666666667
560713,2018,2.6666666666666665
560714,2017,0.6666666666666666
560714,2018,1.0833333333333333
560936,2017,1.4166666666666667
560936,2018,1.3333333333333333
560990,2017,0.3333333333333333
560990,2018,1.25
561041,2017,1.6666666666666667
561041,2018,1.0
561053,2017,1.0833333333333333
561053,2018,1.5
561072,2017,2.1666666666666665
561072,2018,1.5
561092,2017,2.0
561092,2018,1.3333333333333333
561107,2017,1.8333333333333333
561107,2018,1.1666666666666667
561219,2017,1.75
561219,2018,1.5833333333333333
561228,2017,1.6666666666666667
561228,2018,1.0
561251,2017,1.6666666666666667
561251,2018,2.0833333333333335
561284,2017,0.6666666666666666
561284,2018,2.3333333333333335
561307,2017,0.0
561307,2018,0.75
561321,2017,2.5833333333333335
561321,2018,1.1666666666666667
561413,2017,1.9166666666666667
561413,2018,2.1666666666666665
561481,2017,2.3333333333333335
561481,2018,1.3333333333333333
561520,2017,1.3333333333333333
561520,2018,2.5833333333333335
561570,2017,1.5
561570,2018,0.6666666666666666
561620,2017,1.0
561620,2018,1.8333333333333333
561621,2017,0.6666666666666666
561621,2018,2.0
561640,2017,1.25
561640,2018,1.6666666666666667
561654,2017,3.0
561654,2018,2.25
561722,2017,0.0
561722,2018,0.0
561801,2018,5.363636363636363
561873,2017,2.1666666666666665
561873,2018,1.1666666666666667
561874,2017,2.0833333333333335
561874,2018,1.25
561917,2017,0.0
561917,2018,0.5
561933,2017,0.0
561933,2018,0.5833333333333334
561961,2017,1.5
561961,2018,2.0833333333333335
561981,2017,1.6666666666666667
561981,2018,0.0
562084,2017,1.6666666666666667
562084,2018,3.0
562093,2017,1.8333333333333333
562093,2018,1.0833333333333333
562234,2017,1.6666666666666667
562234,2018,1.5
562305,2017,1.0833333333333333
562305,2018,1.4166666666666667
562324,2017,0.0
562324,2018,0.0
562358,2017,0.0
562358,2018,0.5
562361,2018,3.727272727272727
562376,2017,2.1666666666666665
562376,2018,1.4166666666666667
562404,2017,1.4166666666666667
562404,2018,1.4166666666666667
562411,2017,0.75
562411,2018,1.25
562501,2017,0.0
562501,2018,0.0
562510,2017,1.0
562510,2018,0.0
562588,2017,0.08333333333333333
562588,2018,0.6666666666666666
562644,2017,1.5833333333333333
562644,2018,1.3333333333333333
562655,2017,0.75
562655,2018,1.0833333333333333
562661,2018,5.818181818181818
562677,2017,1.1666666666666667
562677,2018,1.5833333333333333
562703,2017,0.0
562703,2018,0.0
562734,2017,1.4166666666666667
562734,2018,0.9166666666666666
562737,2017,1.6666666666666667
562737,2018,2.3333333333333335
563076,2017,1.6666666666666667
563076,2018,1.4166666666666667
563086,2017,2.0
563086,2018,1.4166666666666667
563094,2018,4.636363636363637
563142,2017,0.0
563142,2018,0.16666666666666666
563188,2017,1.1666666666666667
563188,2018,1.9166666666666667
563217,2017,1.5
563217,2018,0.8333333333333334
563386,2017,0.08333333333333333
563386,2018,1.6666666666666667
563410,2017,2.8333333333333335
563410,2018,2.1666666666666665
563428,2017,0.0
563428,2018,0.0
563587,2017,2.0
563587,2018,1.9166666666666667
563633,2017,0.9166666666666666
563633,2018,1.1666666666666667
563749,2017,1.25
563749,2018,1.8333333333333333
563774,2017,0.8333333333333334
563774,2018,1.5
563945,2017,2.0833333333333335
563945,2018,1.3333333333333333
563977,2017,0.9166666666666666
563977,2018,1.25
563981,2017,1.3333333333333333
563981,2018,2.1666666666666665
564111,2017,1.4166666666666667
564111,2018,1.3333333333333333
564114,2017,2.0833333333333335
564114,2018,1.5
564138,2017,1.6666666666666667
564138,2018,1.3333333333333333
564141,2017,1.25
564141,2018,1.5833333333333333
564201,2017,1.5
564201,2018,1.5
564305,2018,2.6363636363636362
564449,2017,1.5
564449,2018,1.1666666666666667
564650,2017,1.9166666666666667
564650,2018,1.0
564707,2017,1.4166666666666667
564707,2018,1.0
564813,2017,0.0
564813,2018,0.5
564838,2017,0.0
564838,2018,0.3333333333333333
564841,2017,1.9166666666666667
564841,2018,1.6666666666666667
564882,2017,2.4166666666666665
564882,2018,1.5833333333333333
564909,2017,1.75
564909,2018,1.3333333333333333
564959,2017,1.1666666666666667
564959,2018,1.5833333333333333
564973,2017,1.3333333333333333
564973,2018,1.5
565008,2017,0.0
565008,2018,0.5833333333333334
565040,2017,1.3333333333333333
565040,2018,1.3333333333333333
565041,2017,1.0833333333333333
565041,2018,2.0
565074,2017,0.0
565074,2018,0.0
565133,2017,1.3333333333333333
565133,2018,2.25
565171,2017,1.4166666666666667
565171,2018,2.25
565227,2017,0.0
565227,2018,0.0
565242,2017,0.0
565242,2018,1.25
565351,2017,1.5833333333333333
565351,2018,1.5833333333333333
565452,2017,1.1666666666666667
565452,2018,1.6666666666666667
565533,2017,1.4166666666666667
565533,2018,1.8333333333333333
565602,2017,1.1666666666666667
565602,2018,0.5
565634,2017,0.0
565634,2018,0.0
565690,2017,1.6666666666666667
565690,2018,0.75
565710,2017,1.1666666666666667
565710,2018,2.1666666666666665
565787,2017,0.0
565787,2018,0.0
565805,2017,1.25
565805,2018,2.6666666666666665
565811,2017,1.8333333333333333
565811,2018,2.0833333333333335
565841,2018,2.5454545454545454
565876,2017,1.5833333333333333
565876,2018,1.8333333333333333
565900,2017,1.3333333333333333
565900,2018,2.5
565960,2017,1.5
565960,2018,1.4166666666666667
565991,2017,0.0
565991,2018,1.75
566033,2017,0.0
566033,2018,0.0
566165,2017,1.3333333333333333
566165,2018,1.8333333333333333
566182,2017,0.75
566182,2018,1.3333333333333333
566343,2017,0.0
566343,2018,0.0
566374,2017,1.0
566374,2018,1.0833333333333333
566550,2017,0.0
566550,2018,0.5833333333333334
566630,2017,1.0833333333333333
566630,2018,2.0833333333333335
566640,2017,1.5833333333333333
566640,2018,1.5
566663,2017,0.0
566663,2018,0.0
566696,2017,1.5833333333333333
566696,2018,1.9166666666666667
566714,2017,1.8333333333333333
566714,2018,0.8333333333333334
566737,2017,1.75
566737,2018,1.5833333333333333
566767,2017,1.1666666666666667
566767,2018,1.8333333333333333
566802,2017,0.0
566802,2018,0.0
566808,2017,2.25
566808,2018,1.6666666666666667
566851,2017,1.0833333333333333
566851,2018,2.0
566951,2017,1.3333333333333333
566951,2018,0.5833333333333334
566957,2017,1.0
566957,2018,1.5833333333333333
566961,2017,2.1666666666666665
566961,2018,1.4166666666666667
566991,2017,0.0
566991,2018,0.9166666666666666
567048,2017,1.1666666666666667
567048,2018,1.4166666666666667
567070,2017,1.9166666666666667
567070,2018,2.4166666666666665
567082,2017,0.0
567082,2018,0.0
567151,2017,0.0
567151,2018,1.8333333333333333
567210,2017,0.8333333333333334
567210,2018,1.5833333333333333
567219,2017,0.0
567219,2018,0.5833333333333334
567227,2017,2.1666666666666665
567227,2018,1.3333333333333333
567256,2017,1.25
567256,2018,1.75
567261,2017,1.5
567261,2018,1.1666666666666667
567319,2017,1.1666666666666667
567319,2018,1.9166666666666667
567412,2017,1.0833333333333333
567412,2018,1.3333333333333333
567420,2017,3.4166666666666665
567420,2018,1.4166666666666667
567571,2017,1.8333333333333333
567571,2018,1.0
567670,2018,3.090909090909091
567805,2017,0.0
567805,2018,0.25
567865,2017,0.25
567865,2018,1.1666666666666667
567875,2017,0.3333333333333333
567875,2018,0.9166666666666666
568111,2017,1.9166666666666667
568111,2018,1.0
568171,2017,1.0833333333333333
568171,2018,1.25
568172,2017,2.0
568172,2018,1.5833333333333333
568205,2018,5.454545454545454
568286,2017,1.4166666666666667
568286,2018,1.0
568329,2017,1.5833333333333333
568329,2018,1.6666666666666667
568442,2017,2.0
568442,2018,1.9166666666666667
568484,2017,1.8333333333333333
568484,2018,1.5833333333333333
568525,2017,1.25
568525,2018,1.1666666666666667
568547,2017,1.4166666666666667
568547,2018,1.75
568594,2017,0.6666666666666666
568594,2018,1.0833333333333333
568667,2017,0.0
568667,2018,0.0
568678,2017,1.8333333333333333
568678,2018,1.75
568681,2017,0.0
568681,2018,0.0
568712,2017,1.75
568712,2018,1.6666666666666667
568734,2017,1.1666666666666667
568734,2018,1.75
568769,2017,1.6666666666666667
568769,2018,1.5833333333333333
568786,2017,1.9166666666666667
568786,2018,1.5833333333333333
568798,2017,0.08333333333333333
568798,2018,1.4166666666666667
568814,2017,1.6666666666666667
568814,2018,1.0
568870,2017,1.4166666666666667
568870,2018,2.0
568880,2017,1.5
568880,2018,1.25
568953,2017,0.9166666666666666
568953,2018,1.75
569188,2017,0.6666666666666666
569188,2018,0.0
569236,2017,1.5
569236,2018,1.3333333333333333
569313,2017,1.4166666666666667
569313,2018,2.0
569315,2017,2.5
569315,2018,1.4166666666666667
569319,2017,1.3333333333333333
569319,2018,0.9166666666666666
569347,2017,1.1666666666666667
569347,2018,2.5
569369,2017,1.5833333333333333
569369,2018,2.3333333333333335
569603,2017,1.4166666666666667
569603,2018,2.4166666666666665
569677,2018,0.7272727272727273
569720,2017,0.6666666666666666
569720,2018,1.5
569769,2017,0.0
569769,2018,1.5833333333333333
569846,2017,0.0
569846,2018,1.5
569880,2017,1.8333333333333333
569880,2018,1.9166666666666667
569940,2017,1.9166666666666667
569940,2018,1.4166666666666667
569972,2017,0.0
569972,2018,1.0833333333333333
570116,2017,1.5833333333333333
570116,2018,2.1666666666666665
570299,2017,1.0
570299,2018,2.4166666666666665
570318,2017,1.6666666666666667
570318,2018,2.3333333333333335
570406,2017,2.0833333333333335
570406,2018,1.1666666666666667
570469,2017,1.0
570469,2018,1.6666666666666667
570531,2017,0.0
570531,2018,0.0
570600,2017,1.3333333333333333
570600,2018,1.0
570637,2017,0.9166666666666666
570637,2018,1.0
570668,2017,0.0
570668,2018,0.0
570683,2017,1.9166666666666667
570683,2018,1.75
570784,2017,2.4166666666666665
570784,2018,1.1666666666666667
570796,2017,1.5833333333333333
570796,2018,1.75
570806,2017,2.3333333333333335
570806,2018,1.5833333333333333
570920,2017,2.0
570920,2018,1.8333333333333333
570971,2017,0.0
570971,2018,1.25
571017,2017,2.3333333333333335
571017,2018,2.0
571123,2017,1.25
571123,2018,1.8333333333333333
571163,2017,1.75
571163,2018,1.9166666666666667
571169,2017,0.0
571169,2018,0.9166666666666666
571180,2017,1.25
571180,2018,1.5
571215,2017,1.6666666666666667
571215,2018,0.8333333333333334
571239,2017,1.4166666666666667
571239,2018,1.5833333333333333
571340,2017,0.0
571340,2018,0.8333333333333334
571406,2017,0.0
571406,2018,0.0
571409,2017,0.0
571409,2018,0.4166666666666667
571479,2017,0.0
571479,2018,0.0
571498,2017,1.75
571498,2018,0.8333333333333334
571603,2018,3.1818181818181817
571643,2017,1.5
571643,2018,2.9166666666666665
571670,2017,2.4166666666666665
571670,2018,1.5833333333333333
571760,2017,1.0
571760,2018,2.25
571845,2017,0.0
571845,2018,0.0
571942,2017,1.5833333333333333
571942,2018,1.75
571964,2017,1.6666666666666667
571964,2018,1.6666666666666667
571970,2017,1.1666666666666667
571970,2018,1.0833333333333333
571992,2017,1.6666666666666667
571992,2018,1.3333333333333333
572015,2017,1.3333333333333333
572015,2018,1.8333333333333333
572045,2017,0.0
572045,2018,2.5833333333333335
572062,2017,0.0
572062,2018,0.0
572066,2017,0.0
572066,2018,1.0
572073,2017,1.25
572073,2018,1.6666666666666667
572094,2017,1.4166666666666667
572094,2018,0.25
572263,2017,1.25
572263,2018,2.0833333333333335
572265,2017,2.0833333333333335
572265,2018,1.9166666666666667
572282,2017,1.75
572282,2018,1.6666666666666667
572345,2017,2.3333333333333335
572345,2018,1.5833333333333333
572410,2017,1.0
572410,2018,2.8333333333333335
572448,2017,0.0
572448,2018,0.6666666666666666
572463,2017,0.0
572463,2018,0.0
572505,2017,0.0
572505,2018,1.25
572547,2017,1.0
572547,2018,0.9166666666666666
572647,2017,0.3333333333333333
572647,2018,1.75
572663,2017,1.3333333333333333
572663,2018,1.5833333333333333
572668,2017,1.5
572668,2018,1.0833333333333333
572768,2017,0.0
572768,2018,0.5
572811,2017,2.0833333333333335
572811,2018,1.3333333333333333
572812,2017,0.9166666666666666
572812,2018,0.0
572836,2017,0.6666666666666666
572836,2018,0.0
572890,2017,0.25
572890,2018,0.6666666666666666
572927,2017,0.08333333333333333
572927,2018,1.4166666666666667
573078,2017,0.0
573078,2018,0.9166666666666666
573217,2017,1.5833333333333333
573217,2018,1.5
573290,2018,5.0
573332,2017,1.8333333333333333
573332,2018,1.5833333333333333
573344,2017,1.75
573344,2018,1.5
573347,2017,0.0
573347,2018,0.0
573446,2017,1.3636363636363635
573446,2018,1.7272727272727273
573458,2017,2.0833333333333335
573458,2018,2.1666666666666665
573475,2017,1.8333333333333333
573475,2018,1.9166666666666667
573505,2017,1.5
573505,2018,1.9166666666666667
573649,2017,1.4166666666666667
573649,2018,1.8333333333333333
573661,2017,0.0
573661,2018,0.4166666666666667
573681,2017,1.8333333333333333
573681,2018,1.9166666666666667
573830,2017,0.0
573830,2018,0.9166666666666666
573897,2017,1.75
573897,2018,2.1666666666666665
573954,2017,1.4166666666666667
573954,2018,1.3333333333333333
573964,2017,1.25
573964,2018,1.25
573972,2017,1.1666666666666667
573972,2018,1.25
573986,2017,0.5
573986,2018,0.08333333333333333
573995,2017,0.0
573995,2018,0.5833333333333334
574005,2017,0.0
574005,2018,1.4166666666666667
574081,2017,0.0
574081,2018,2.1666666666666665
574163,2017,1.25
574163,2018,1.9166666666666667
574302,2017,0.5833333333333334
574302,2018,1.1666666666666667
574330,2017,0.5833333333333334
574330,2018,2.4166666666666665
574391,2017,0.25
574391,2018,1.3333333333333333
574492,2017,0.0
574492,2018,0.0
574506,2017,0.0
574506,2018,2.3333333333333335
574542,2017,2.3333333333333335
574542,2018,1.6666666666666667
574560,2017,0.0
574560,2018,0.0
574613,2017,0.0
574613,2018,0.0
574627,2017,0.0
574627,2018,0.0
574640,2017,2.3333333333333335
574640,2018,1.6666666666666667
574674,2017,1.9166666666666667
574674,2018,1.1666666666666667
574688,2017,0.0
574688,2018,0.0
574723,2017,0.25
574723,2018,1.75
574726,2017,2.1666666666666665
574726,2018,1.8333333333333333
574745,2017,0.0
574745,2018,0.0
574771,2017,2.25
574771,2018,1.6666666666666667
574835,2017,1.3333333333333333
574835,2018,1.75
574899,2017,1.3333333333333333
574899,2018,0.75
574930,2017,0.0
574930,2018,0.5833333333333334
575015,2017,0.6666666666666666
575015,2018,0.0
575030,2017,0.3333333333333333
575030,2018,1.1666666666666667
575070,2017,1.4166666666666667
575070,2018,1.5833333333333333
575089,2017,0.0
575089,2018,0.0
575123,2017,1.3333333333333333
575123,2018,1.3333333333333333
575145,2017,0.0
575145,2018,0.0
575147,2017,1.8333333333333333
575147,2018,1.0833333333333333
575342,2017,1.9166666666666667
575342,2018,0.0
575411,2017,0.0
575411,2018,0.0
575434,2017,2.0833333333333335
575434,2018,1.1666666666666667
575487,2018,2.5454545454545454
575571,2017,1.4166666666666667
575571,2018,1.6666666666666667
575573,2017,1.9166666666666667
575573,2018,1.9166666666666667
575574,2017,2.1666666666666665
575574,2018,2.25
575612,2017,1.0833333333333333
575612,2018,1.5
575818,2017,1.4166666666666667
575818,2018,1.25
575821,2017,0.4166666666666667
575821,2018,0.9166666666666666
575833,2017,1.5833333333333333
575833,2018,1.9166666666666667
575844,2017,1.3333333333333333
575844,2018,1.3333333333333333
575849,2017,0.9166666666666666
575849,2018,1.3333333333333333
575948,2017,2.25
575948,2018,1.25
576051,2017,1.5
576051,2018,2.4166666666666665
576057,2017,0.4166666666666667
576057,2018,0.0
576071,2017,1.5833333333333333
576071,2018,1.0833333333333333
576074,2017,1.25
576074,2018,1.6666666666666667
576110,2017,1.75
576110,2018,1.0
576176,2017,0.0
576176,2018,0.16666666666666666
576184,2017,1.25
576184,2018,0.8333333333333334
576217,2017,1.25
576217,2018,1.25
576294,2017,1.1666666666666667
576294,2018,2.0833333333333335
576345,2017,1.5
576345,2018,0.75
576354,2017,1.3333333333333333
576354,2018,2.0
576363,2017,1.75
576363,2018,1.1666666666666667
576498,2017,1.8333333333333333
576498,2018,0.75
576576,2017,2.1666666666666665
576576,2018,1.25
576587,2017,2.0
576587,2018,2.1666666666666665
576654,2017,0.0
576654,2018,0.0
576658,2018,5.2727272727272725
576690,2017,2.3333333333333335
576690,2018,1.5833333333333333
576692,2017,1.0833333333333333
576692,2018,1.9166666666666667
576716,2017,2.0
576716,2018,1.0833333333333333
576736,2018,1.7272727272727273
576871,2017,1.1666666666666667
576871,2018,1.1666666666666667
576878,2017,2.0
576878,2018,1.0833333333333333
576911,2017,2.5833333333333335
576911,2018,1.5833333333333333
576936,2017,1.9166666666666667
576936,2018,1.0833333333333333
576947,2017,1.25
576947,2018,1.3333333333333333
577124,2017,1.0
577124,2018,1.25
577151,2018,5.363636363636363
577156,2017,2.75
577156,2018,1.9166666666666667
577195,2017,0.0
577195,2018,0.25
577232,2017,0.0
577232,2018,0.0
577265,2017,1.3333333333333333
577265,2018,1.5
577278,2017,0.5833333333333334
577278,2018,1.0
577322,2017,1.1666666666666667
577322,2018,1.5833333333333333
577360,2017,2.0833333333333335
577360,2018,1.8333333333333333
577374,2017,2.0
577374,2018,0.3333333333333333
577386,2017,2.0
577386,2018,1.1666666666666667
577398,2017,1.8333333333333333
577398,2018,1.6666666666666667
577405,2017,1.6666666666666667
577405,2018,2.9166666666666665
577467,2017,2.1666666666666665
577467,2018,1.3333333333333333
577501,2017,1.1666666666666667
577501,2018,2.1666666666666665
577535,2017,1.9166666666666667
577535,2018,2.0
577726,2017,1.25
577726,2018,1.3333333333333333
577795,2017,2.75
577795,2018,1.6666666666666667
577844,2017,1.5833333333333333
577844,2018,2.25
577860,2017,1.8333333333333333
577860,2018,0.08333333333333333
577872,2017,1.5
577872,2018,0.25
577901,2017,1.0833333333333333
577901,2018,0.0
577998,2017,0.0
577998,2018,0.0
578013,2017,1.1666666666666667
578013,2018,1.5
578020,2017,0.75
578020,2018,1.3333333333333333
578114,2017,1.8333333333333333
578114,2018,0.75
578167,2017,1.75
578167,2018,1.0
578203,2017,1.3333333333333333
578203,2018,1.6666666666666667
578234,2017,0.9166666666666666
578234,2018,0.0
578688,2017,1.6666666666666667
578688,2018,1.0
578751,2017,0.0
578751,2018,0.0
578788,2017,1.0833333333333333
578788,2018,0.0
578811,2017,1.75
578811,2018,1.5
578837,2017,1.75
578837,2018,0.3333333333333333
578944,2017,2.1666666666666665
578944,2018,2.25
578998,2017,2.1666666666666665
578998,2018,1.5
579005,2017,2.0
579005,2018,2.3333333333333335
579015,2017,0.9166666666666666
579015,2018,1.25
579034,2017,1.5833333333333333
579034,2018,1.75
579093,2017,0.0
579093,2018,0.75
579245,2017,0.0
579245,2018,0.0
579283,2017,0.08333333333333333
579283,2018,1.0833333333333333
579318,2017,1.75
579318,2018,1.1666666666666667
579322,2017,1.3333333333333333
579322,2018,1.0833333333333333
579377,2017,1.8333333333333333
579377,2018,1.8333333333333333
579424,2017,0.25
579424,2018,2.1666666666666665
579438,2017,0.0
579438,2018,1.0
579581,2017,1.3333333333333333
579581,2018,1.1666666666666667
579584,2017,0.0
579584,2018,0.0
579684,2017,2.6666666666666665
579684,2018,0.16666666666666666
579710,2017,0.4166666666666667
579710,2018,2.1666666666666665
579726,2017,1.25
579726,2018,1.4166666666666667
579785,2018,1.6363636363636365
579847,2017,1.9166666666666667
579847,2018,1.0833333333333333
579883,2017,0.0
579883,2018,1.4166666666666667
579890,2017,2.25
579890,2018,1.75
579931,2017,1.4166666666666667
579931,2018,0.9166666666666666
579943,2017,0.8333333333333334
579943,2018,1.4166666666666667
579990,2017,1.8333333333333333
579990,2018,1.25
580068,2017,1.0
580068,2018,0.0
580159,2017,0.75
580159,2018,1.4166666666666667
580169,2017,0.75
580169,2018,1.5
580201,2017,0.5
580201,2018,1.6666666666666667
580212,2017,1.75
580212,2018,0.4166666666666667
580324,2017,0.8333333333333334
580324,2018,1.0
580341,2017,1.5833333333333333
580341,2018,2.3333333333333335
580356,2017,1.9166666666666667
580356,2018,1.0
580472,2017,1.5833333333333333
580472,2018,1.4166666666666667
580493,2017,0.0
580493,2018,1.9166666666666667
580500,2018,4.090909090909091
580508,2017,1.8333333333333333
580508,2018,2.5833333333333335
580554,2017,2.1666666666666665
580554,2018,1.5
580586,2017,1.5
580586,2018,0.8333333333333334
580592,2017,0.0
580592,2018,0.0
580628,2017,0.0
580628,2018,0.0
580834,2017,1.75
580834,2018,1.9166666666666667
580979,2017,0.0
580979,2018,0.6666666666666666
581007,2017,1.75
581007,2018,1.25
581079,2017,1.4166666666666667
581079,2018,1.5833333333333333
581260,2017,2.0
581260,2018,0.6666666666666666
581294,2017,2.25
581294,2018,1.8333333333333333
581380,2017,0.0
581380,2018,0.0
581396,2017,0.9166666666666666
581396,2018,1.0833333333333333
581419,2017,0.0
581419,2018,0.0
581427,2017,1.5
581427,2018,1.0833333333333333
581481,2017,2.0
581481,2018,1.8333333333333333
581513,2017,0.6666666666666666
581513,2018,1.25
581531,2017,1.0833333333333333
581531,2018,1.3333333333333333
581533,2017,1.75
581533,2018,1.25
581596,2017,1.5
581596,2018,2.1666666666666665
581651,2017,0.0
581651,2018,0.4166666666666667
581661,2017,1.9166666666666667
581661,2018,1.75
581668,2017,0.9166666666666666
581668,2018,1.8333333333333333
581682,2017,1.6666666666666667
581682,2018,0.8333333333333334
581712,2017,1.6666666666666667
581712,2018,1.5833333333333333
581913,2017,0.0
581913,2018,1.0
581999,2017,1.1666666666666667
581999,2018,0.9166666666666666
582066,2017,1.4166666666666667
582066,2018,1.5
582067,2017,0.0
582067,2018,0.3333333333333333
582097,2017,0.0
582097,2018,0.0
582166,2017,0.0
582166,2018,0.0
582244,2017,0.0
582244,2018,0.0
582256,2017,0.0
582256,2018,0.0
582257,2017,2.1666666666666665
582257,2018,2.3333333333333335
582364,2017,2.1666666666666665
582364,2018,1.6666666666666667
582427,2017,2.3333333333333335
582427,2018,1.3333333333333333
582429,2017,1.0833333333333333
582429,2018,0.25
582493,2017,1.7826086956521738
582493,2018,1.3636363636363635
582646,2017,0.0
582646,2018,1.6666666666666667
582674,2018,5.363636363636363
582690,2017,2.4166666666666665
582690,2018,1.3333333333333333
582843,2017,0.0
582843,2018,0.25
582861,2017,0.5
582861,2018,1.5833333333333333
582874,2018,4.7272727272727275
582883,2017,1.25
582883,2018,2.0
582929,2017,2.4166666666666665
582929,2018,1.25
582930,2017,1.5833333333333333
582930,2018,1.5
582990,2017,0.16666666666666666
582990,2018,0.0
583003,2017,0.16666666666666666
583003,2018,1.0833333333333333
583005,2017,1.6666666666666667
583005,2018,1.8333333333333333
583165,2017,0.0
583165,2018,0.0
583175,2017,0.6666666666666666
583175,2018,0.0
583223,2017,1.4166666666666667
583223,2018,0.9166666666666666
583227,2017,2.0
583227,2018,1.1666666666666667
583252,2017,1.0833333333333333
583252,2018,1.1666666666666667
583271,2017,0.25
583271,2018,0.0
583272,2017,0.0
583272,2018,1.1666666666666667
583327,2017,1.1666666666666667
583327,2018,2.0
583415,2017,1.5833333333333333
583415,2018,1.8333333333333333
583513,2017,1.9166666666666667
583513,2018,2.25
583539,2017,2.1666666666666665
583539,2018,1.4166666666666667
583565,2017,2.4166666666666665
583565,2018,1.5833333333333333
583601,2017,0.0
583601,2018,0.5
583610,2017,0.9166666666666666
583610,2018,2.0
583648,2017,0.75
583648,2018,1.5833333333333333
583670,2017,1.4166666666666667
583670,2018,1.6666666666666667
583718,2017,0.5833333333333334
583718,2018,1.8333333333333333
583754,2017,0.0
583754,2018,0.6666666666666666
583788,2017,0.0
583788,2018,0.3333333333333333
584017,2017,1.3333333333333333
584017,2018,2.25
584173,2017,2.75
584173,2018,1.25
584285,2017,2.8333333333333335
584285,2018,0.75
584377,2017,1.3333333333333333
584377,2018,1.25
584405,2017,1.5833333333333333
584405,2018,1.3333333333333333
584426,2017,0.0
584426,2018,0.0
584458,2017,2.0
584458,2018,1.5
584463,2017,1.4166666666666667
584463,2018,1.5833333333333333
584536,2017,2.0
584536,2018,1.25
584537,2017,1.6666666666666667
584537,2018,1.25
584564,2017,1.9166666666666667
584564,2018,1.4166666666666667
584727,2017,1.6666666666666667
584727,2018,1.8333333333333333
584737,2017,0.0
584737,2018,0.4166666666666667
584782,2017,0.0
584782,2018,1.2105263157894737
584796,2017,0.0
584796,2018,0.5
584833,2017,0.0
584833,2018,1.9545454545454546
584845,2017,2.3333333333333335
584845,2018,1.6666666666666667
584880,2017,1.0
584880,2018,1.0833333333333333
585039,2017,2.0
585039,2018,1.8333333333333333
585066,2017,0.0
585066,2018,0.0
585082,2017,1.4166666666666667
585082,2018,0.8333333333333334
585162,2017,0.0
585162,2018,0.0
585271,2017,0.08333333333333333
585271,2018,2.1666666666666665
585275,2017,1.0
585275,2018,1.75
585277,2017,1.4166666666666667
585277,2018,1.25
585316,2017,0.8333333333333334
585316,2018,1.25
585357,2017,2.0833333333333335
585357,2018,2.1666666666666665
585377,2017,1.0833333333333333
585377,2018,1.25
585386,2017,1.5
585386,2018,1.8333333333333333
585420,2017,0.5833333333333334
585420,2018,1.3333333333333333
585495,2017,0.0
585495,2018,0.0
585509,2017,0.0
585509,2018,1.6666666666666667
585629,2017,2.25
585629,2018,2.4166666666666665
585642,2017,1.9166666666666667
585642,2018,1.4166666666666667
585756,2017,1.0952380952380953
585756,2018,1.9090909090909092
585780,2017,1.9166666666666667
585780,2018,1.4166666666666667
585793,2017,1.0833333333333333
585793,2018,1.75
585850,2017,1.4166666666666667
585850,2018,2.3333333333333335
585853,2017,2.25
585853,2018,1.6666666666666667
585854,2017,1.6666666666666667
585854,2018,1.6666666666666667
585947,2017,2.3333333333333335
585947,2018,1.6666666666666667
585975,2017,1.0833333333333333
585975,2018,2.0833333333333335
585976,2017,0.0
585976,2018,0.4166666666666667
585978,2017,0.25
585978,2018,1.9166666666666667
586056,2017,1.1666666666666667
586056,2018,1.0833333333333333
586076,2018,2.909090909090909
586100,2017,1.75
586100,2018,1.0833333333333333
586164,2017,2.25
586164,2018,0.9166666666666666
586191,2017,1.25
586191,2018,0.5833333333333334
586199,2018,2.3636363636363638
586365,2017,0.0
586365,2018,1.8333333333333333
586401,2017,0.25
586401,2018,2.0
586446,2017,1.1666666666666667
586446,2018,1.5833333333333333
586542,2017,1.8333333333333333
586542,2018,2.3333333333333335
586686,2017,1.0833333333333333
586686,2018,1.8333333333333333
586711,2017,2.5
586711,2018,1.5833333333333333
586734,2017,1.75
586734,2018,2.5833333333333335
586753,2017,1.6666666666666667
586753,2018,2.8333333333333335
586870,2017,1.1666666666666667
586870,2018,1.6666666666666667
586891,2017,1.4166666666666667
586891,2018,0.9166666666666666
586944,2017,2.0833333333333335
586944,2018,1.1666666666666667
587136,2017,1.5
587136,2018,0.0
587196,2017,1.3333333333333333
587196,2018,0.0
587284,2017,0.0
587284,2018,1.0833333333333333
587378,2017,1.3333333333333333
587378,2018,1.1666666666666667
587420,2017,1.6666666666666667
587420,2018,1.25
587480,2017,2.6666666666666665
587480,2018,1.4166666666666667
587543,2017,0.0
587543,2018,0.5833333333333334
587591,2017,1.9166666666666667
587591,2018,0.5
587619,2017,1.4166666666666667
587619,2018,1.9166666666666667
587623,2017,1.3333333333333333
587623,2018,1.1666666666666667
587633,2017,1.0833333333333333
587633,2018,1.0
587769,2017,0.0
587769,2018,0.0
587800,2017,1.6666666666666667
587800,2018,1.25
587867,2017,2.0833333333333335
587867,2018,0.5
588015,2017,1.3333333333333333
588015,2018,1.25
588095,2017,1.3333333333333333
588095,2018,2.0
588220,2017,2.0
588220,2018,1.3333333333333333
588237,2017,1.9166666666666667
588237,2018,0.8333333333333334
588292,2017,1.3333333333333333
588292,2018,0.0
588445,2017,1.5
588445,2018,2.25
588516,2017,1.6666666666666667
588516,2018,2.3333333333333335
588657,2017,1.3333333333333333
588657,2018,1.75
588789,2017,1.9166666666666667
588789,2018,1.1666666666666667
588864,2017,0.0
588864,2018,0.16666666666666666
588917,2017,1.25
588917,2018,1.6666666666666667
588943,2017,0.0
588943,2018,0.5833333333333334
588980,2017,1.75
588980,2018,1.5833333333333333
588993,2017,0.0
588993,2018,0.4166666666666667
589074,2018,1.4545454545454546
589101,2017,1.0
589101,2018,0.8333333333333334
589394,2017,0.0
589394,2018,0.0
589427,2017,0.0
589427,2018,2.0
589430,2017,1.1666666666666667
589430,2018,0.0
589466,2017,1.0
589466,2018,0.6666666666666666
589580,2017,2.25
589580,2018,2.0833333333333335
589745,2017,1.6666666666666667
589745,2018,1.9166666666666667
589765,2017,2.0
589765,2018,0.6666666666666666
589795,2017,1.25
589795,2018,1.75
589818,2017,0.16666666666666666
589818,2018,0.0
589840,2017,0.9166666666666666
589840,2018,1.25
590012,2017,0.0
590012,2018,0.0
590025,2017,0.0
590025,2018,2.0833333333333335
590098,2017,0.6666666666666666
590098,2018,1.4166666666666667
590246,2017,2.3333333333333335
590246,2018,0.4166666666666667
590280,2017,1.6666666666666667
590280,2018,1.6666666666666667
590301,2017,1.1666666666666667
590301,2018,1.1666666666666667
590393,2017,0.0
590393,2018,0.5833333333333334
590485,2017,2.4166666666666665
590485,2018,1.0
590514,2017,1.25
590514,2018,1.3333333333333333
590621,2017,0.0
590621,2018,0.16666666666666666
590647,2017,1.9166666666666667
590647,2018,1.4166666666666667
590727,2017,1.1666666666666667
590727,2018,0.16666666666666666
590752,2017,2.0
590752,2018,1.6666666666666667
590778,2017,0.5
590778,2018,1.5
590936,2017,0.8333333333333334
590936,2018,1.8333333333333333
590981,2017,0.25
590981,2018,2.25
590989,2017,0.25
590989,2018,1.4166666666666667
591174,2017,0.3333333333333333
591174,2018,2.0833333333333335
591234,2017,0.0
591234,2018,0.5833333333333334
591272,2017,1.4166666666666667
591272,2018,2.0833333333333335
591367,2017,1.6666666666666667
591367,2018,1.6666666666666667
591377,2017,1.4166666666666667
591377,2018,1.25
591414,2018,2.3636363636363638
591476,2017,0.75
591476,2018,0.0
591547,2017,1.25
591547,2018,1.75
591576,2017,0.0
591576,2018,0.0
591579,2017,0.0
591579,2018,0.5
591608,2017,1.3333333333333333
591608,2018,1.5
591641,2017,0.6666666666666666
591641,2018,1.8333333333333333
591731,2017,2.0
591731,2018,1.9166666666666667
591758,2017,1.1666666666666667
591758,2018,1.25
591841,2017,1.75
591841,2018,2.0833333333333335
591854,2017,0.5
591854,2018,1.0833333333333333
592003,2018,3.4545454545454546
592034,2018,3.727272727272727
592064,2017,0.25
592064,2018,1.0
592088,2017,1.9166666666666667
592088,2018,2.3333333333333335
592145,2017,1.0833333333333333
592145,2018,1.5
592213,2017,0.0
592213,2018,0.0
592218,2017,0.25
592218,2018,0.0
592251,2017,1.0
592251,2018,1.8333333333333333
592302,2017,0.16666666666666666
592302,2018,1.4166666666666667
592350,2017,2.1666666666666665
592350,2018,2.0
592431,2017,1.0
592431,2018,1.75
592485,2017,2.5
592485,2018,1.3333333333333333
592515,2017,0.0
592515,2018,0.0
592532,2017,0.0
592532,2018,0.0
592966,2017,1.8333333333333333
592966,2018,1.1666666666666667
592992,2017,0.9166666666666666
592992,2018,0.8333333333333334
593007,2017,1.9166666666666667
593007,2018,0.5833333333333334
593039,2017,0.0
593039,2018,2.25
593116,2017,2.3333333333333335
593116,2018,2.0
593190,2017,2.0833333333333335
593190,2018,1.4166666666666667
593252,2017,0.46153846153846156
593252,2018,1.826086956521739
593277,2017,0.0
593277,2018,2.0
593327,2017,0.8333333333333334
593327,2018,0.16666666666666666
593340,2017,2.0
593340,2018,1.25
593386,2018,3.4545454545454546
593421,2017,1.9166666666666667
593421,2018,2.0833333333333335
593506,2017,1.6666666666666667
593506,2018,1.5833333333333333
593651,2017,0.8333333333333334
593651,2018,1.6666666666666667
593684,2017,1.5
593684,2018,1.75
593710,2017,0.75
593710,2018,1.25
593781,2017,1.3333333333333333
593781,2018,0.6666666666666666
593868,2017,1.8333333333333333
593868,2018,1.5833333333333333
593885,2017,0.0
593885,2018,0.0
594028,2017,2.4166666666666665
594028,2018,0.9166666666666666
594044,2017,0.4166666666666667
594044,2018,0.25
594200,2017,0.0
594200,2018,0.0
594468,2017,0.0
594468,2018,0.0
594598,2018,5.818181818181818
594606,2017,0.16666666666666666
594606,2018,0.0
594626,2017,0.0
594626,2018,0.0
594636,2017,0.0
594636,2018,1.75
594649,2017,1.5
594649,2018,1.75
594672,2017,1.8333333333333333
594672,2018,2.0
594681,2017,0.9166666666666666
594681,2018,0.0
594997,2017,1.0833333333333333
594997,2018,1.5833333333333333
595024,2017,1.3333333333333333
595024,2018,1.9166666666666667
595027,2017,1.0
595027,2018,1.8333333333333333
595028,2017,1.9166666666666667
595028,2018,2.0
595083,2017,2.0
595083,2018,1.4166666666666667
595169,2017,2.0
595169,2018,2.5
595215,2017,1.1666666666666667
595215,2018,1.1666666666666667
595235,2017,1.5
595235,2018,1.8333333333333333
595236,2017,0.0
595236,2018,1.5833333333333333
595320,2017,2.25
595320,2018,2.0833333333333335
595323,2017,1.75
595323,2018,1.3333333333333333
595325,2017,2.5
595325,2018,1.0833333333333333
595334,2017,0.0
595334,2018,0.5
595529,2017,0.0
595529,2018,0.0
595624,2017,0.0
595624,2018,0.4166666666666667
595658,2017,2.3333333333333335
595658,2018,1.0833333333333333
595681,2017,1.4166666666666667
595681,2018,1.0833333333333333
595747,2017,1.4166666666666667
595747,2018,1.3333333333333333
595775,2017,0.0
595775,2018,0.0
595965,2017,2.0833333333333335
595965,2018,2.0
595978,2017,1.0
595978,2018,1.25
595980,2017,1.0
595980,2018,2.1666666666666665
596004,2017,1.25
596004,2018,1.5833333333333333
596033,2017,0.0
596033,2018,0.0
596153,2017,1.1666666666666667
596153,2018,1.0833333333333333
596171,2017,0.0
596171,2018,0.75
596173,2017,0.0
596173,2018,0.0
596179,2017,2.5
596179,2018,1.1666666666666667
596297,2017,0.0
596297,2018,1.9166666666666667
596327,2017,1.5
596327,2018,1.25
596390,2017,0.5833333333333334
596390,2018,1.5833333333333333
596462,2018,6.181818181818182
596544,2018,4.7272727272727275
596586,2017,1.5
596586,2018,1.9166666666666667
596674,2017,2.1666666666666665
596674,2018,1.4166666666666667
596787,2017,2.0833333333333335
596787,2018,1.6666666666666667
596818,2017,0.6666666666666666
596818,2018,0.9166666666666666
596911,2017,1.5
596911,2018,0.8333333333333334
597023,2017,1.9166666666666667
597023,2018,1.25
597124,2017,0.0
597124,2018,0.0
597156,2018,1.8181818181818181
597189,2017,1.4166666666666667
597189,2018,1.1666666666666667
597191,2017,1.3333333333333333
597191,2018,0.75
597197,2017,1.0
597197,2018,1.75
597209,2017,2.1666666666666665
597209,2018,1.5833333333333333
597228,2017,2.0833333333333335
597228,2018,1.1666666666666667
597237,2017,1.1666666666666667
597237,2018,1.4166666666666667
597267,2017,1.4166666666666667
597267,2018,1.6666666666666667
597294,2018,3.727272727272727
597300,2017,1.4166666666666667
597300,2018,1.5833333333333333
597313,2017,1.1666666666666667
597313,2018,1.5833333333333333
597522,2017,0.0
597522,2018,0.0
597532,2017,1.0
597532,2018,1.4166666666666667
597630,2017,0.5833333333333334
597630,2018,0.0
597837,2017,2.1666666666666665
597837,2018,1.5
597897,2017,0.0
597897,2018,0.4166666666666667
597981,2017,1.0833333333333333
597981,2018,1.75
598016,2017,0.75
598016,2018,2.75
598059,2017,1.8333333333333333
598059,2018,0.9166666666666666
598258,2017,0.0
598258,2018,0.0
598360,2017,1.5
598360,2018,1.1666666666666667
598364,2017,0.9166666666666666
598364,2018,2.0
598369,2017,2.3333333333333335
598369,2018,1.1666666666666667
598398,2017,1.0
598398,2018,1.0833333333333333
598705,2017,2.0
598705,2018,1.6666666666666667
598706,2017,1.6666666666666667
598706,2018,0.6666666666666666
598711,2017,0.0
598711,2018,2.1666666666666665
598760,2017,1.75
598760,2018,1.25
598799,2017,1.75
598799,2018,1.75
599078,2017,0.0
599078,2018,1.8333333333333333
599145,2017,1.3333333333333333
599145,2018,1.8333333333333333
599184,2017,1.25
599184,2018,2.25
599341,2017,3.0833333333333335
599341,2018,1.75
599369,2017,0.3333333333333333
599369,2018,1.6666666666666667
599372,2017,0.4166666666666667
599372,2018,1.9166666666666667
599394,2017,0.0
599394,2018,1.0833333333333333
599442,2017,1.3333333333333333
599442,2018,1.25
599483,2017,1.5833333333333333
599483,2018,2.4166666666666665
599491,2017,1.75
599491,2018,2.25
599560,2017,1.6666666666666667
599560,2018,0.0
599746,2017,1.0833333333333333
599746,2018,1.75
599778,2018,4.090909090909091
599873,2017,0.0
599873,2018,0.3333333333333333
599925,2017,0.75
599925,2018,0.75
600013,2017,0.0
600013,2018,1.6666666666666667
600021,2017,0.9166666666666666
600021,2018,0.25
600063,2017,2.5
600063,2018,1.3333333333333333
600220,2017,0.0
600220,2018,0.0
600302,2017,1.0833333333333333
600302,2018,2.0833333333333335
600309,2018,5.181818181818182
600432,2017,1.5833333333333333
600432,2018,1.6666666666666667
600482,2017,1.6666666666666667
600482,2018,0.6666666666666666
600541,2017,0.0
600541,2018,0.3333333333333333
600563,2017,1.6666666666666667
600563,2018,1.6666666666666667
600598,2017,2.0
600598,2018,1.25
600651,2017,2.0
600651,2018,1.75
600664,2017,2.3333333333333335
600664,2018,2.4166666666666665
600712,2017,0.3333333333333333
600712,2018,1.25
600746,2017,1.8333333333333333
600746,2018,1.1666666666666667
600756,2017,1.5
600756,2018,1.75
600785,2017,1.3333333333333333
600785,2018,2.4166666666666665
600792,2017,0.0
600792,2018,0.6666666666666666
600820,2017,0.0
600820,2018,0.0
600884,2017,1.5833333333333333
600884,2018,1.5
600914,2017,1.4166666666666667
600914,2018,1.6666666666666667
600923,2017,0.0
600923,2018,0.0
601027,2017,2.4166666666666665
601027,2018,1.3333333333333333
601068,2017,0.0
601068,2018,0.0
601105,2017,1.6666666666666667
601105,2018,1.5833333333333333
601131,2017,1.0555555555555556
601131,2018,1.434782608695652
601143,2017,0.8333333333333334
601143,2018,0.9166666666666666
601167,2017,1.4166666666666667
601167,2018,1.6666666666666667
601332,2017,1.9166666666666667
601332,2018,2.4166666666666665
601341,2017,1.0833333333333333
601341,2018,1.6666666666666667
601407,2017,0.9166666666666666
601407,2018,2.1666666666666665
601448,2017,1.5
601448,2018,2.3333333333333335
601583,2017,1.75
601583,2018,0.4166666666666667
601586,2017,1.5833333333333333
601586,2018,2.3333333333333335
601597,2017,1.25
601597,2018,0.25
601625,2018,5.7272727272727275
601626,2017,2.0
601626,2018,1.8333333333333333
601681,2017,1.9166666666666667
601681,2018,1.75
601775,2017,2.4166666666666665
601775,2018,1.5833333333333333
601834,2017,1.5
601834,2018,1.75
601940,2017,1.0
601940,2018,1.0833333333333333
601997,2017,0.0
601997,2018,0.0
602014,2017,2.25
602014,2018,1.6666666666666667
602043,2017,0.0
602043,2018,0.0
602068,2017,1.75
602068,2018,0.08333333333333333
602086,2017,1.8333333333333333
602086,2018,0.0
602150,2017,1.6666666666666667
602150,2018,1.5
602176,2017,1.1666666666666667
602176,2018,0.6666666666666666
602213,2017,0.8333333333333334
602213,2018,1.9166666666666667
602222,2017,0.75
602222,2018,1.25
602275,2017,0.9166666666666666
602275,2018,0.0
602346,2017,1.0833333333333333
602346,2018,1.0833333333333333
602361,2017,1.5
602361,2018,1.5
602384,2017,0.4166666666666667
602384,2018,0.25
602574,2017,1.3333333333333333
602574,2018,1.8333333333333333
602585,2017,1.1666666666666667
602585,2018,0.8333333333333334
602587,2017,1.0833333333333333
602587,2018,1.1666666666666667
602649,2017,1.0833333333333333
602649,2018,0.0
602685,2017,2.25
602685,2018,1.3333333333333333
602694,2017,0.0
602694,2018,0.75
602783,2017,1.4166666666666667
602783,2018,1.4166666666666667
602900,2017,1.1666666666666667
602900,2018,1.75
602931,2017,1.1666666666666667
602931,2018,1.25
603005,2018,2.3636363636363638
603009,2018,3.3636363636363638
603050,2017,0.8333333333333334
603050,2018,0.0
603070,2018,5.7272727272727275
603077,2017,1.75
603077,2018,1.0
603079,2017,1.9166666666666667
603079,2018,1.0833333333333333
603082,2017,0.0
603082,2018,1.5
603248,2017,0.0
603248,2018,0.0
603371,2017,0.5833333333333334
603371,2018,1.25
603407,2017,1.75
603407,2018,1.6666666666666667
603433,2017,0.0
603433,2018,0.6666666666666666
603446,2017,1.9166666666666667
603446,2018,1.4166666666666667
603531,2017,2.4166666666666665
603531,2018,1.25
603539,2017,1.9166666666666667
603539,2018,1.25
603545,2017,0.4166666666666667
603545,2018,1.75
603587,2017,0.8333333333333334
603587,2018,1.5
603653,2018,3.1818181818181817
603658,2017,1.6666666666666667
603658,2018,1.6666666666666667
603674,2017,1.0833333333333333
603674,2018,2.0833333333333335
603739,2017,1.75
603739,2018,2.1666666666666665
603744,2017,2.25
603744,2018,0.5
603775,2017,1.9166666666666667
603775,2018,1.6666666666666667
603968,2017,0.6666666666666666
603968,2018,1.8333333333333333
604019,2017,1.6666666666666667
604019,2018,2.0
604039,2017,0.0
604039,2018,0.0
604076,2017,0.0
604076,2018,0.0
604077,2017,0.0
604077,2018,0.16666666666666666
604116,2018,4.181818181818182
604274,2017,1.6
604274,2018,2.1363636363636362
604328,2017,0.0
604328,2018,0.0
604332,2017,1.25
604332,2018,1.5833333333333333
604436,2017,0.0
604436,2018,0.08333333333333333
604461,2017,1.0833333333333333
604461,2018,1.3333333333333333
604470,2017,2.6666666666666665
604470,2018,1.9166666666666667
604471,2017,0.3333333333333333
604471,2018,0.0
604510,2018,6.181818181818182
604526,2017,1.6666666666666667
604526,2018,1.25
604630,2017,0.0
604630,2018,0.0
604645,2017,0.4166666666666667
604645,2018,2.0
604681,2017,1.8333333333333333
604681,2018,0.6666666666666666
604724,2017,1.4166666666666667
604724,2018,2.25
604772,2017,2.3333333333333335
604772,2018,1.5
604783,2017,0.3333333333333333
604783,2018,1.8333333333333333
604792,2017,1.25
604792,2018,1.25
604822,2017,2.0
604822,2018,1.3333333333333333
604825,2017,0.0
604825,2018,0.0
604839,2017,0.0
604839,2018,0.0
604870,2017,2.391304347826087
604870,2018,1.0526315789473684
604943,2017,1.3333333333333333
604943,2018,2.0833333333333335
605127,2017,1.6666666666666667
605127,2018,2.0
605134,2017,1.3333333333333333
605134,2018,1.5833333333333333
605184,2017,1.0
605184,2018,1.5
605269,2017,1.25
605269,2018,0.75
605320,2017,2.75
605320,2018,2.75
605322,2017,1.5
605322,2018,1.25
605341,2017,1.3333333333333333
605341,2018,1.4166666666666667
605343,2017,0.5
605343,2018,1.9166666666666667
605421,2017,1.1666666666666667
605421,2018,2.0
605500,2017,2.0833333333333335
605500,2018,2.5833333333333335
605505,2017,2.25
605505,2018,1.1666666666666667
605723,2017,1.6666666666666667
605723,2018,0.5
605761,2017,0.9166666666666666
605761,2018,0.3333333333333333
605768,2017,0.0
605768,2018,0.0
605787,2017,1.6666666666666667
605787,2018,1.75
605790,2017,1.25
605790,2018,1.3333333333333333
605803,2017,2.3333333333333335
605803,2018,2.3333333333333335
605849,2017,2.0833333333333335
605849,2018,2.25
605874,2017,0.0
605874,2018,1.5833333333333333
605877,2017,1.3333333333333333
605877,2018,2.0833333333333335
605907,2017,1.6666666666666667
605907,2018,1.6666666666666667
605926,2017,1.6666666666666667
605926,2018,1.5
606004,2017,0.0
606004,2018,1.3333333333333333
606026,2017,2.25
606026,2018,1.9166666666666667
606060,2017,0.75
606060,2018,2.0
606074,2017,0.5833333333333334
606074,2018,0.75
606076,2017,0.0
606076,2018,0.0
606117,2017,0.0
606117,2018,0.0
606214,2017,1.6666666666666667
606214,2018,1.1666666666666667
606344,2017,1.75
606344,2018,0.0
606371,2017,0.9166666666666666
606371,2018,1.4166666666666667
606396,2018,2.6363636363636362
606455,2017,1.9166666666666667
606455,2018,1.25
606563,2017,2.0833333333333335
606563,2018,0.5
606600,2017,1.0833333333333333
606600,2018,0.75
606712,2017,1.9166666666666667
606712,2018,0.25
606811,2017,0.0
606811,2018,0.0
606846,2017,1.5833333333333333
606846,2018,2.0833333333333335
606852,2017,1.4166666666666667
606852,2018,1.8333333333333333
606875,2017,1.9166666666666667
606875,2018,2.5833333333333335
606877,2017,1.3333333333333333
606877,2018,0.75
606962,2017,0.16666666666666666
606962,2018,1.0833333333333333
606989,2017,1.5833333333333333
606989,2018,2.0
607115,2017,1.4166666666666667
607115,2018,1.3333333333333333
607117,2017,1.0833333333333333
607117,2018,1.5
607123,2017,1.6666666666666667
607123,2018,1.6666666666666667
607266,2017,0.0
607266,2018,0.0
607275,2017,1.75
607275,2018,1.4166666666666667
607292,2017,1.8333333333333333
607292,2018,1.5833333333333333
607347,2017,1.1666666666666667
607347,2018,1.5833333333333333
607405,2017,1.0833333333333333
607405,2018,1.9166666666666667
607453,2017,1.9166666666666667
607453,2018,1.4166666666666667
607480,2017,1.0
607480,2018,1.25
607489,2017,1.0833333333333333
607489,2018,1.5833333333333333
607538,2017,0.3333333333333333
607538,2018,1.6666666666666667
607548,2017,1.6666666666666667
607548,2018,0.75
607555,2017,2.0833333333333335
607555,2018,0.5833333333333334
607565,2017,2.25
607565,2018,0.5833333333333334
607588,2018,3.4545454545454546
607662,2017,2.3333333333333335
607662,2018,1.1666666666666667
607696,2017,1.5833333333333333
607696,2018,1.4166666666666667
607752,2017,0.0
607752,2018,0.0
607769,2018,6.2727272727272725
607847,2017,0.0
607847,2018,1.0
607856,2017,1.6666666666666667
607856,2018,0.8333333333333334
607885,2017,1.5833333333333333
607885,2018,2.1666666666666665
607993,2017,0.8333333333333334
607993,2018,0.0
607997,2017,1.0833333333333333
607997,2018,1.8333333333333333
608070,2017,2.1666666666666665
608070,2018,2.75
608087,2017,1.0
608087,2018,1.3333333333333333
608116,2017,1.25
608116,2018,1.4166666666666667
608159,2017,1.25
608159,2018,1.0
608241,2017,1.3333333333333333
608241,2018,1.5
608326,2017,0.0
608326,2018,1.3333333333333333
608370,2017,2.0
608370,2018,0.9166666666666666
608384,2017,1.5833333333333333
608384,2018,1.6666666666666667
608419,2017,1.1666666666666667
608419,2018,2.9166666666666665
608493,2017,1.75
608493,2018,1.6666666666666667
608504,2017,0.0
608504,2018,0.0
608508,2017,2.25
608508,2018,1.1666666666666667
608517,2017,1.5833333333333333
608517,2018,2.25
608537,2017,0.0
608537,2018,1.0
608601,2017,1.25
608601,2018,0.6666666666666666
608605,2017,1.6666666666666667
608605,2018,0.9166666666666666
608739,2017,2.4166666666666665
608739,2018,1.5
608758,2017,1.0833333333333333
608758,2018,2.25
608850,2017,1.6666666666666667
608850,2018,2.3333333333333335
608974,2017,1.1666666666666667
608974,2018,1.75
609009,2017,1.4166666666666667
609009,2018,1.6666666666666667
609072,2017,1.0
609072,2018,2.25
609174,2017,1.5
609174,2018,2.1666666666666665
609184,2017,1.0
609184,2018,1.75
609296,2017,1.6666666666666667
609296,2018,1.75
609532,2017,2.1666666666666665
609532,2018,1.3333333333333333
609650,2017,0.0
609650,2018,1.4166666666666667
609664,2017,0.0
609664,2018,0.4166666666666667
609667,2017,0.5
609667,2018,2.1666666666666665
609730,2017,1.6666666666666667
609730,2018,1.4166666666666667
609778,2017,1.0
609778,2018,1.25
609878,2017,0.0
609878,2018,0.0
609971,2017,1.5
609971,2018,2.0833333333333335
610096,2017,1.9166666666666667
610096,2018,1.25
610393,2017,0.8333333333333334
610393,2018,1.5
610432,2017,2.25
610432,2018,2.5833333333333335
610465,2017,0.75
610465,2018,1.4166666666666667
610482,2017,1.6666666666666667
610482,2018,0.16666666666666666
610573,2017,1.5833333333333333
610573,2018,1.5
610585,2017,2.0
610585,2018,1.25
610631,2017,0.0
610631,2018,0.0
610684,2017,1.5
610684,2018,1.75
610860,2017,0.0
610860,2018,0.0
610916,2017,0.0
610916,2018,0.5833333333333334
610946,2017,1.6666666666666667
610946,2018,2.0833333333333335
611029,2017,0.08333333333333333
611029,2018,1.9166666666666667
611046,2017,0.25
611046,2018,0.75
611051,2017,1.25
611051,2018,1.3333333333333333
611084,2017,1.0
611084,2018,1.75
611086,2017,1.6666666666666667
611086,2018,1.75
611247,2017,0.0
611247,2018,0.0
611356,2017,2.0
611356,2018,1.0833333333333333
611366,2017,0.6666666666666666
611366,2018,0.9166666666666666
611415,2017,1.5833333333333333
611415,2018,1.4166666666666667
611436,2017,1.8333333333333333
611436,2018,1.4166666666666667
611464,2017,1.5833333333333333
611464,2018,1.3333333333333333
611481,2017,1.3333333333333333
611481,2018,1.3333333333333333
611538,2017,1.5833333333333333
611538,2018,1.75
611582,2017,1.5
611582,2018,1.0833333333333333
611618,2017,1.25
611618,2018,1.5
611667,2018,6.545454545454546
611673,2017,1.25
611673,2018,2.0
611689,2017,1.6666666666666667
611689,2018,1.5
611765,2017,0.0
611765,2018,2.1666666666666665
611817,2017,1.3333333333333333
611817,2018,2.5
611873,2017,1.5833333333333333
611873,2018,2.25
611990,2017,1.6666666666666667
611990,2018,1.0
612013,2017,0.75
612013,2018,0.25
612019,2017,0.0
612019,2018,1.3333333333333333
612060,2017,1.6666666666666667
612060,2018,1.3333333333333333
612074,2017,0.9166666666666666
612074,2018,1.25
612122,2017,0.8333333333333334
612122,2018,1.25
612140,2017,2.0833333333333335
612140,2018,0.5833333333333334
612144,2017,1.8333333333333333
612144,2018,1.25
612162,2017,0.8333333333333334
612162,2018,1.8333333333333333
612186,2017,1.3333333333333333
612186,2018,1.5833333333333333
612233,2017,1.3333333333333333
612233,2018,0.6666666666666666
612269,2017,2.25
612269,2018,0.5833333333333334
612294,2017,0.6666666666666666
612294,2018,0.9166666666666666
612311,2017,1.25
612311,2018,1.6666666666666667
612339,2017,1.25
612339,2018,1.4166666666666667
612370,2017,0.0
612370,2018,0.0
612488,2017,1.9166666666666667
612488,2018,2.5833333333333335
612510,2017,1.3333333333333333
612510,2018,2.5833333333333335
612555,2017,1.75
612555,2018,1.6666666666666667
612595,2017,0.0
612595,2018,0.0
612650,2017,1.75
612650,2018,0.0
612664,2017,0.8333333333333334
612664,2018,2.0833333333333335
612703,2017,1.8333333333333333
612703,2018,1.75
612719,2017,1.0833333333333333
612719,2018,2.3333333333333335
612742,2017,0.0
612742,2018,0.0
612795,2017,1.4166666666666667
612795,2018,2.5833333333333335
612834,2017,1.8333333333333333
612834,2018,1.4166666666666667
612905,2017,1.4166666666666667
612905,2018,1.5
612955,2017,1.4166666666666667
612955,2018,1.0833333333333333
612963,2017,0.0
612963,2018,0.25
612995,2017,1.3333333333333333
612995,2018,1.0833333333333333
613076,2017,1.5
613076,2018,0.8333333333333334
613185,2017,2.1666666666666665
613185,2018,0.75
613195,2017,1.25
613195,2018,0.9166666666666666
613234,2017,2.1666666666666665
613234,2018,1.3333333333333333
613265,2017,1.75
613265,2018,2.0833333333333335
613303,2017,2.5
613303,2018,1.0833333333333333
613546,2017,1.75
613546,2018,1.25
613709,2017,0.0
613709,2018,0.0
613747,2017,1.9166666666666667
613747,2018,1.8333333333333333
613804,2017,1.9166666666666667
613804,2018,0.9166666666666666
613860,2018,6.0
613908,2017,1.8333333333333333
613908,2018,1.3333333333333333
613925,2017,1.0833333333333333
613925,2018,0.0
614000,2017,2.0
614000,2018,1.1666666666666667
614063,2017,2.0
614063,2018,2.1666666666666665
614100,2017,2.5833333333333335
614100,2018,0.9166666666666666
614106,2017,2.25
614106,2018,1.0
614122,2017,1.3333333333333333
614122,2018,1.0833333333333333
614164,2017,2.0
614164,2018,1.75
614219,2017,2.4166666666666665
614219,2018,1.6666666666666667
614221,2017,0.0
614221,2018,1.4166666666666667
614246,2017,1.5833333333333333
614246,2018,2.3333333333333335
614307,2017,0.6666666666666666
614307,2018,1.5
614350,2017,3.0
614350,2018,1.1666666666666667
614373,2017,1.9166666666666667
614373,2018,1.0
614377,2017,0.0
614377,2018,0.8333333333333334
614379,2017,1.3333333333333333
614379,2018,1.8333333333333333
614428,2017,0.0
614428,2018,0.0
614441,2017,1.6666666666666667
614441,2018,1.25
614574,2017,0.0
614574,2018,1.5833333333333333
614634,2017,1.9166666666666667
614634,2018,1.8333333333333333
614720,2017,0.0
614720,2018,0.0
614721,2018,3.727272727272727
614782,2017,0.16666666666666666
614782,2018,1.5
614787,2017,0.25
614787,2018,0.0
614810,2017,1.75
614810,2018,1.0
614830,2017,2.9166666666666665
614830,2018,2.75
614871,2017,0.0
614871,2018,0.4166666666666667
615022,2017,1.6666666666666667
615022,2018,1.1666666666666667
615054,2017,1.5
615054,2018,0.9166666666666666
615131,2017,1.0833333333333333
615131,2018,1.0833333333333333
615201,2017,1.5833333333333333
615201,2018,1.8333333333333333
615214,2017,2.0
615214,2018,1.75
615244,2017,0.8333333333333334
615244,2018,1.5833333333333333
615251,2017,1.5
615251,2018,1.9166666666666667
615327,2017,0.3333333333333333
615327,2018,2.0833333333333335
615385,2017,1.8333333333333333
615385,2018,0.0
615394,2017,1.3333333333333333
615394,2018,1.9166666666666667
615411,2017,2.75
615411,2018,1.75
615439,2017,1.391304347826087
615439,2018,1.7391304347826086
615459,2018,4.7272727272727275
615528,2017,1.4166666666666667
615528,2018,0.5833333333333334
615529,2017,1.3333333333333333
615529,2018,1.75
615561,2017,2.1363636363636362
615561,2018,1.5
615578,2017,1.5833333333333333
615578,2018,1.9166666666666667
615617,2017,1.4166666666666667
615617,2018,0.75
615662,2017,2.5
615662,2018,1.25
615673,2017,1.1666666666666667
615673,2018,1.8333333333333333
615678,2017,0.08333333333333333
615678,2018,1.5
615826,2017,1.9166666666666667
615826,2018,0.9166666666666666
615854,2017,1.75
615854,2018,2.0833333333333335
615945,2017,0.0
615945,2018,0.5833333333333334
615989,2017,1.5833333333333333
615989,2018,1.9166666666666667
616083,2017,2.0833333333333335
616083,2018,1.6666666666666667
616137,2017,0.25
616137,2018,0.4166666666666667
616162,2017,1.75
616162,2018,1.5833333333333333
616183,2017,0.75
616183,2018,0.0
616207,2017,0.0
616207,2018,0.5
616220,2017,1.0833333333333333
616220,2018,1.4166666666666667
616226,2017,1.5
616226,2018,2.0833333333333335
616342,2017,1.0833333333333333
616342,2018,1.5
616350,2017,0.75
616350,2018,1.4166666666666667
616374,2017,0.8333333333333334
616374,2018,0.0
616416,2017,2.0
616416,2018,0.8333333333333334
616447,2017,0.0
616447,2018,0.6666666666666666
616500,2017,2.0
616500,2018,1.0
616522,2017,0.0
616522,2018,0.0
616611,2017,0.0
616611,2018,0.0
616641,2017,0.0
616641,2018,0.5
616650,2017,1.6666666666666667
616650,2018,1.3333333333333333
616667,2017,0.9166666666666666
616667,2018,1.75
616722,2017,1.25
616722,2018,0.4166666666666667
616739,2017,1.0
616739,2018,0.5833333333333334
616746,2017,0.0
616746,2018,1.6666666666666667
616835,2018,5.636363636363637
616857,2017,1.25
616857,2018,1.0833333333333333
616875,2017,1.4166666666666667
616875,2018,0.9166666666666666
616920,2017,1.6666666666666667
616920,2018,1.8333333333333333
616956,2017,0.0
616956,2018,0.3333333333333333
617008,2017,1.8333333333333333
617008,2018,0.75
617079,2017,1.0833333333333333
617079,2018,1.75
617099,2017,1.5
617099,2018,1.75
617108,2017,1.0
617108,2018,0.0
617171,2017,1.5
617171,2018,2.0833333333333335
617263,2017,1.5
617263,2018,1.9166666666666667
617296,2017,1.0
617296,2018,1.1666666666666667
617326,2017,1.5833333333333333
617326,2018,1.5
617348,2017,2.0833333333333335
617348,2018,1.75
617447,2017,2.0833333333333335
617447,2018,1.4166666666666667
617471,2017,1.6666666666666667
617471,2018,1.0833333333333333
617484,2017,0.9166666666666666
617484,2018,2.25
617489,2017,1.6363636363636365
617489,2018,1.5833333333333333
617516,2017,0.5833333333333334
617516,2018,1.75
617670,2017,2.5
617670,2018,1.25
617916,2017,1.5
617916,2018,1.5833333333333333
617960,2017,1.5
617960,2018,1.5833333333333333
618022,2017,1.1666666666666667
618022,2018,1.5833333333333333
618089,2017,0.0
618089,2018,1.0
618100,2017,0.75
618100,2018,0.5833333333333334
618112,2017,1.5
618112,2018,0.9166666666666666
618124,2017,1.3333333333333333
618124,2018,1.25
618226,2017,0.0
618226,2018,1.0833333333333333
618300,2017,1.0
618300,2018,1.5833333333333333
618302,2017,1.9166666666666667
618302,2018,1.0
618309,2017,1.8333333333333333
618309,2018,0.8333333333333334
618329,2017,1.25
618329,2018,1.6666666666666667
618379,2017,2.3333333333333335
618379,2018,1.8333333333333333
618390,2017,1.25
618390,2018,1.9166666666666667
618409,2017,1.6666666666666667
618409,2018,1.75
618461,2017,2.0
618461,2018,1.25
618494,2017,0.08333333333333333
618494,2018,2.0
618523,2017,2.0833333333333335
618523,2018,0.9166666666666666
618524,2017,1.5
618524,2018,0.8333333333333334
618601,2017,1.1666666666666667
618601,2018,1.1666666666666667
618656,2017,1.0
618656,2018,1.25
618719,2017,1.8333333333333333
618719,2018,2.1666666666666665
618731,2017,1.6666666666666667
618731,2018,1.4166666666666667
618817,2017,2.1666666666666665
618817,2018,1.0
618823,2017,1.6666666666666667
618823,2018,0.8333333333333334
618824,2017,1.75
618824,2018,1.0833333333333333
618830,2017,1.6666666666666667
618830,2018,3.4166666666666665
618871,2017,0.0
618871,2018,1.25
618877,2017,0.0
618877,2018,0.5
618886,2017,1.1666666666666667
618886,2018,2.0
619141,2017,1.6666666666666667
619141,2018,0.0
619268,2017,2.1666666666666665
619268,2018,1.3333333333333333
619337,2017,0.0
619337,2018,1.0
619404,2017,1.5
619404,2018,1.1666666666666667
619483,2017,1.8333333333333333
619483,2018,1.4166666666666667
619537,2017,1.75
619537,2018,1.25
619548,2017,1.25
619548,2018,2.0
619596,2017,0.08333333333333333
619596,2018,0.75
619693,2017,1.8333333333333333
619693,2018,1.25
619826,2017,1.5
619826,2018,1.5
619840,2017,1.6666666666666667
619840,2018,1.5833333333333333
619916,2017,1.3333333333333333
619916,2018,0.9166666666666666
619920,2017,1.9166666666666667
619920,2018,2.9166666666666665
620078,2018,5.818181818181818
620084,2017,0.8333333333333334
620084,2018,0.8333333333333334
620094,2017,1.4166666666666667
620094,2018,2.5833333333333335
620122,2017,1.75
620122,2018,1.6666666666666667
620406,2017,1.3333333333333333
620406,2018,1.25
620446,2017,1.25
620446,2018,1.8333333333333333
620465,2017,2.0833333333333335
620465,2018,1.6666666666666667
620480,2017,1.4166666666666667
620480,2018,1.5
620563,2017,2.1666666666666665
620563,2018,1.0
620584,2017,1.25
620584,2018,1.0833333333333333
620587,2017,0.0
620587,2018,0.0
620674,2017,0.0
620674,2018,0.16666666666666666
620741,2017,0.4166666666666667
620741,2018,1.6666666666666667
620792,2017,0.9166666666666666
620792,2018,0.0
620858,2017,1.4166666666666667
620858,2018,2.1666666666666665
620969,2017,0.0
620969,2018,1.0
620990,2017,0.0
620990,2018,1.8333333333333333
621006,2017,1.6666666666666667
621006,2018,2.25
621072,2018,5.181818181818182
621093,2017,2.0833333333333335
621093,2018,2.0
621180,2017,1.1666666666666667
621180,2018,1.1666666666666667
621190,2017,2.1666666666666665
621190,2018,1.3333333333333333
621218,2017,1.9166666666666667
621218,2018,2.1666666666666665
621279,2017,0.5833333333333334
621279,2018,1.3333333333333333
621583,2017,1.75
621583,2018,1.8333333333333333
621695,2017,2.5833333333333335
621695,2018,1.25
621731,2017,1.5
621731,2018,0.8333333333333334
621750,2017,1.3333333333333333
621750,2018,1.6666666666666667
621814,2017,2.3333333333333335
621814,2018,1.0833333333333333
621823,2017,0.0
621823,2018,1.5833333333333333
621832,2017,1.6666666666666667
621832,2018,1.3333333333333333
621876,2017,2.5833333333333335
621876,2018,0.9166666666666666
621940,2017,0.3333333333333333
621940,2018,0.8333333333333334
621951,2017,1.8333333333333333
621951,2018,1.4166666666666667
622006,2017,1.75
622006,2018,1.8333333333333333
622019,2017,1.8333333333333333
622019,2018,1.4166666666666667
622036,2017,0.0
622036,2018,0.6666666666666666
622171,2017,0.0
622171,2018,0.4166666666666667
622269,2017,0.0
622269,2018,0.0
622302,2017,0.0
622302,2018,0.75
622324,2017,1.5
622324,2018,1.0833333333333333
622334,2017,1.75
622334,2018,1.0
622527,2017,1.6666666666666667
622527,2018,2.25
622610,2017,0.75
622610,2018,1.3333333333333333
622632,2017,0.0
622632,2018,0.0
622697,2017,0.75
622697,2018,1.4166666666666667
622776,2017,0.08333333333333333
622776,2018,1.75
622794,2017,0.0
622794,2018,0.08333333333333333
622801,2017,0.0
622801,2018,0.0
622822,2017,0.4166666666666667
622822,2018,0.5
622883,2017,2.25
622883,2018,1.25
622906,2017,1.75
622906,2018,1.6666666666666667
622953,2017,0.0
622953,2018,0.0
622975,2017,0.0
622975,2018,1.8636363636363635
622992,2017,0.0
622992,2018,0.0
623008,2017,0.0
623008,2018,1.1666666666666667
623071,2017,0.16666666666666666
623071,2018,1.75
623144,2017,1.8333333333333333
623144,2018,1.8333333333333333
623154,2017,0.9166666666666666
623154,2018,0.0
623222,2017,1.5833333333333333
623222,2018,1.1666666666666667
623327,2017,1.25
623327,2018,0.75
623341,2017,0.0
623341,2018,0.0
623478,2017,1.0833333333333333
623478,2018,0.5
623537,2017,2.4166666666666665
623537,2018,0.8333333333333334
623569,2017,1.5833333333333333
623569,2018,1.3333333333333333
623654,2017,0.5833333333333334
623654,2018,0.5833333333333334
623688,2017,2.3333333333333335
623688,2018,2.1666666666666665
623861,2017,0.8333333333333334
623861,2018,1.4166666666666667
623903,2017,1.5833333333333333
623903,2018,1.5833333333333333
623946,2017,0.0
623946,2018,0.3333333333333333
624065,2017,1.0833333333333333
624065,2018,1.1666666666666667
624216,2017,1.5833333333333333
624216,2018,2.1666666666666665
624407,2017,1.5
624407,2018,2.1666666666666665
624463,2017,1.8333333333333333
624463,2018,1.25
624485,2017,0.0
624485,2018,0.0
624487,2017,1.75
624487,2018,1.3333333333333333
624528,2017,0.0
624528,2018,0.0
624569,2018,4.454545454545454
624621,2017,0.9166666666666666
624621,2018,0.16666666666666666
624704,2017,0.0
624704,2018,1.3333333333333333
624881,2017,0.6666666666666666
624881,2018,1.9166666666666667
624929,2017,2.8333333333333335
624929,2018,1.3333333333333333
624935,2017,1.4166666666666667
624935,2018,2.0
624980,2017,1.0833333333333333
624980,2018,2.3333333333333335
625033,2017,1.25
625033,2018,2.0833333333333335
625123,2017,0.9166666666666666
625123,2018,2.0
625183,2017,1.5833333333333333
625183,2018,1.4166666666666667
625318,2017,0.0
625318,2018,0.75
625320,2018,8.727272727272727
625434,2017,1.9166666666666667
625434,2018,1.9166666666666667
625451,2017,1.75
625451,2018,0.9166666666666666
625458,2017,1.5833333333333333
625458,2018,1.0833333333333333
625497,2017,1.5
625497,2018,2.0833333333333335
625524,2017,0.75
625524,2018,1.4166666666666667
625557,2017,2.0
625557,2018,1.3333333333333333
625599,2017,1.4166666666666667
625599,2018,1.9166666666666667
625621,2017,1.5
625621,2018,1.5833333333333333
625784,2017,1.0
625784,2018,1.6666666666666667
625859,2017,1.0833333333333333
625859,2018,1.8333333333333333
625870,2017,1.6666666666666667
625870,2018,2.0833333333333335
625945,2017,1.0833333333333333
625945,2018,2.0
626030,2017,1.8333333333333333
626030,2018,1.0833333333333333
626046,2017,0.0
626046,2018,0.5833333333333334
626068,2017,0.0
626068,2018,0.3333333333333333
626070,2017,0.0
626070,2018,0.0
626149,2017,2.25
626149,2018,2.25
626211,2017,1.1666666666666667
626211,2018,1.4166666666666667
626217,2017,0.0
626217,2018,0.0
626312,2017,0.0
626312,2018,0.0
626326,2017,0.0
626326,2018,0.0
626474,2017,2.3333333333333335
626474,2018,1.5
626510,2017,0.0
626510,2018,0.0
626542,2017,1.8333333333333333
626542,2018,1.0833333333333333
626560,2018,3.0
626664,2017,2.1666666666666665
626664,2018,1.3333333333333333
626746,2017,1.0
626746,2018,1.3333333333333333
626762,2017,0.4166666666666667
626762,2018,2.0
626767,2017,0.0
626767,2018,1.5833333333333333
626973,2017,2.25
626973,2018,0.8333333333333334
627107,2017,0.25
627107,2018,0.0
627191,2017,1.1666666666666667
627191,2018,0.0
627244,2017,0.0
627244,2018,0.0
627354,2017,2.0833333333333335
627354,2018,1.9166666666666667
627373,2017,0.0
627373,2018,0.25
627428,2017,1.9166666666666667
627428,2018,2.0833333333333335
627485,2017,2.25
627485,2018,2.1666666666666665
627489,2017,2.5
627489,2018,1.0
627502,2017,0.0
627502,2018,0.6666666666666666
627568,2017,0.5833333333333334
627568,2018,0.0
627670,2017,1.8333333333333333
627670,2018,1.75
627778,2017,0.5833333333333334
627778,2018,1.0833333333333333
627791,2017,1.1666666666666667
627791,2018,1.4166666666666667
627826,2017,1.0833333333333333
627826,2018,1.25
627869,2017,0.0
627869,2018,0.0
627893,2017,1.0833333333333333
627893,2018,1.9166666666666667
627913,2017,0.0
627913,2018,0.0
627915,2017,1.3333333333333333
627915,2018,1.8333333333333333
627970,2017,1.0833333333333333
627970,2018,1.5833333333333333
628017,2017,1.25
628017,2018,1.75
628081,2017,1.6666666666666667
628081,2018,0.9166666666666666
628096,2017,2.0
628096,2018,2.0833333333333335
628130,2017,1.6666666666666667
628130,2018,1.5833333333333333
628169,2017,2.75
628169,2018,1.75
628180,2017,1.3333333333333333
628180,2018,1.5833333333333333
628211,2017,2.5833333333333335
628211,2018,2.1666666666666665
628258,2017,2.0833333333333335
628258,2018,2.3333333333333335
628320,2017,1.5
628320,2018,1.5833333333333333
628409,2017,1.6666666666666667
628409,2018,1.5833333333333333
628431,2017,1.5
628431,2018,1.4166666666666667
628452,2017,0.0
628452,2018,0.0
628475,2017,2.1666666666666665
628475,2018,1.9166666666666667
628533,2017,1.5833333333333333
628533,2018,1.4166666666666667
628578,2017,2.8333333333333335
628578,2018,1.0833333333333333
628596,2017,1.3333333333333333
628596,2018,1.9166666666666667
628618,2017,2.4166666666666665
628618,2018,1.75
628669,2017,1.3333333333333333
628669,2018,1.3333333333333333
628837,2017,0.0
628837,2018,0.08333333333333333
628840,2017,0.0
628840,2018,1.0
628844,2017,1.75
628844,2018,0.5833333333333334
628860,2017,1.5833333333333333
628860,2018,2.1666666666666665
628917,2017,0.8333333333333334
628917,2018,1.25
628924,2017,2.1666666666666665
628924,2018,1.5833333333333333
628952,2017,1.4166666666666667
628952,2018,1.1666666666666667
629177,2017,2.0
629177,2018,0.6666666666666666
629267,2017,0.0
629267,2018,0.0
629299,2017,1.0
629299,2018,0.9166666666666666
629341,2017,0.0
629341,2018,0.0
629394,2017,0.5833333333333334
629394,2018,1.9166666666666667
629410,2017,0.75
629410,2018,2.1666666666666665
629642,2017,1.25
629642,2018,1.9166666666666667
629706,2017,1.5833333333333333
629706,2018,1.5833333333333333
629753,2017,2.4166666666666665
629753,2018,1.1666666666666667
629966,2017,0.0
629966,2018,0.5833333333333334
629995,2017,0.0
629995,2018,0.4166666666666667
630034,2017,0.3333333333333333
630034,2018,2.0833333333333335
630071,2017,1.3333333333333333
630071,2018,1.8333333333333333
630209,2017,0.4166666666666667
630209,2018,1.1666666666666667
630265,2017,2.4166666666666665
630265,2018,1.0833333333333333
630290,2017,1.0833333333333333
630290,2018,0.0
630320,2017,1.6666666666666667
630320,2018,2.5
630338,2017,1.8333333333333333
630338,2018,1.5
630396,2017,2.1666666666666665
630396,2018,1.9166666666666667
630588,2017,2.5
630588,2018,1.75
630694,2017,0.4166666666666667
630694,2018,0.0
630711,2017,1.5833333333333333
630711,2018,0.9166666666666666
630869,2017,2.0
630869,2018,1.3333333333333333
630880,2017,1.1666666666666667
630880,2018,0.5
630920,2018,4.2727272727272725
631051,2017,0.8333333333333334
631051,2018,2.0
631070,2018,2.727272727272727
631100,2017,0.0
631100,2018,0.3333333333333333
631200,2017,0.75
631200,2018,1.0833333333333333
631232,2017,0.0
631232,2018,0.0
631369,2017,0.0
631369,2018,0.0
631379,2017,1.9166666666666667
631379,2018,2.25
631406,2017,1.0
631406,2018,1.5833333333333333
631442,2017,0.0
631442,2018,0.0
631543,2017,2.5
631543,2018,2.0
631557,2017,1.4166666666666667
631557,2018,1.25
631583,2017,1.75
631583,2018,1.0
631661,2017,1.3333333333333333
631661,2018,1.4166666666666667
631683,2017,1.8333333333333333
631683,2018,1.3333333333333333
631704,2017,2.75
631704,2018,2.4166666666666665
631714,2017,0.0
631714,2018,0.0
631801,2018,4.454545454545454
631821,2017,1.75
631821,2018,0.6666666666666666
631839,2017,1.8333333333333333
631839,2018,1.4166666666666667
631853,2017,3.25
631853,2018,2.0833333333333335
631854,2017,1.8333333333333333
631854,2018,1.3333333333333333
631869,2017,1.25
631869,2018,1.8333333333333333
632097,2017,1.75
632097,2018,1.5
632103,2017,0.9166666666666666
632103,2018,1.5833333333333333
632130,2017,2.1666666666666665
632130,2018,1.9166666666666667
632199,2017,2.25
632199,2018,2.4166666666666665
632352,2017,0.8333333333333334
632352,2018,2.5
632398,2017,1.6666666666666667
632398,2018,1.9166666666666667
632399,2017,1.25
632399,2018,1.6666666666666667
632435,2017,0.5833333333333334
632435,2018,1.9166666666666667
632515,2018,6.818181818181818
632556,2017,1.8333333333333333
632556,2018,1.5833333333333333
632638,2017,2.25
632638,2018,2.0833333333333335
632720,2017,2.6666666666666665
632720,2018,1.75
632793,2017,1.4166666666666667
632793,2018,1.3333333333333333
632816,2017,0.0
632816,2018,0.0
632826,2017,1.5833333333333333
632826,2018,1.9166666666666667
632951,2017,0.0
632951,2018,0.75
632974,2017,0.0
632974,2018,1.0
632981,2017,1.25
632981,2018,1.25
633067,2017,0.0
633067,2018,0.0
633135,2017,1.3333333333333333
633135,2018,1.3333333333333333
633140,2017,2.3333333333333335
633140,2018,2.0
633162,2017,0.0
633162,2018,0.0
633202,2017,2.3333333333333335
633202,2018,1.3333333333333333
633299,2017,0.5833333333333334
633299,2018,2.0833333333333335
633330,2017,1.0
633330,2018,1.4166666666666667
633332,2017,0.0
633332,2018,0.4166666666666667
633339,2017,0.0
633339,2018,0.0
633458,2017,1.25
633458,2018,1.4166666666666667
633490,2017,0.0
633490,2018,0.0
633627,2017,0.5
633627,2018,1.5
633631,2017,1.5833333333333333
633631,2018,1.0
633640,2017,2.5
633640,2018,2.5833333333333335
633734,2017,1.3333333333333333
633734,2018,0.08333333333333333
633749,2017,1.5
633749,2018,1.0833333333333333
633787,2017,1.1666666666666667
633787,2018,1.8333333333333333
633861,2017,1.0833333333333333
633861,2018,2.0
633910,2017,0.0
633910,2018,1.0833333333333333
633938,2017,1.4166666666666667
633938,2018,2.0
633992,2017,0.8333333333333334
633992,2018,1.0833333333333333
633999,2017,0.0
633999,2018,1.8333333333333333
634181,2017,2.0
634181,2018,1.3333333333333333
634185,2017,1.0
634185,2018,1.5833333333333333
634269,2017,1.3333333333333333
634269,2018,0.0
634328,2017,0.0
634328,2018,0.0
634386,2017,1.4166666666666667
634386,2018,2.25
634392,2017,0.8333333333333334
634392,2018,0.8333333333333334
634418,2017,1.3333333333333333
634418,2018,3.0833333333333335
634423,2017,1.5833333333333333
634423,2018,1.9166666666666667
634503,2017,1.6666666666666667
634503,2018,2.25
634615,2018,6.2727272727272725
634727,2017,1.5833333333333333
634727,2018,1.25
634807,2017,1.6666666666666667
634807,2018,1.6666666666666667
634850,2017,1.9166666666666667
634850,2018,1.9166666666666667
634900,2017,2.0833333333333335
634900,2018,2.0833333333333335
634916,2017,1.1666666666666667
634916,2018,1.0833333333333333
635026,2017,0.0
635026,2018,0.0
635084,2017,1.0
635084,2018,2.3333333333333335
635162,2017,1.5
635162,2018,0.25
635225,2017,1.9166666666666667
635225,2018,1.5
635249,2017,1.75
635249,2018,1.0
635302,2018,3.3636363636363638
635334,2017,0.75
635334,2018,1.5
635398,2017,0.0
635398,2018,0.0
635509,2017,0.0
635509,2018,1.75
635517,2017,0.0
635517,2018,0.9166666666666666
635531,2017,1.4166666666666667
635531,2018,1.75
635616,2017,2.0833333333333335
635616,2018,2.0833333333333335
635715,2017,1.1666666666666667
635715,2018,1.75
635719,2017,1.3333333333333333
635719,2018,2.25
635805,2017,1.8333333333333333
635805,2018,0.08333333333333333
635907,2017,0.0
635907,2018,1.25
636000,2017,1.3333333333333333
636000,2018,1.3333333333333333
636012,2017,1.5
636012,2018,1.1666666666666667
636017,2017,0.0
636017,2018,1.6666666666666667
636045,2017,1.0
636045,2018,1.75
636177,2017,0.9166666666666666
636177,2018,1.5
636206,2017,0.0
636206,2018,0.0
636213,2017,1.5833333333333333
636213,2018,0.8333333333333334
636293,2017,1.75
636293,2018,1.5833333333333333
636413,2017,2.0
636413,2018,1.9166666666666667
636505,2017,1.5833333333333333
636505,2018,0.75
636533,2017,0.0
636533,2018,0.25
636673,2017,1.0833333333333333
636673,2018,1.1666666666666667
636745,2017,0.0
636745,2018,0.0
636749,2017,2.0
636749,2018,1.4166666666666667
636753,2017,0.8333333333333334
636753,2018,2.0833333333333335
636813,2017,0.5833333333333334
636813,2018,1.5833333333333333
636965,2017,0.9166666666666666
636965,2018,2.4166666666666665
637100,2017,0.0
637100,2018,0.0
637151,2017,0.9166666666666666
637151,2018,0.9166666666666666
637235,2017,0.0
637235,2018,0.0
637249,2017,1.5833333333333333
637249,2018,1.3333333333333333
637396,2017,2.0
637396,2018,1.0
637453,2017,0.0
637453,2018,0.0
637532,2017,2.1666666666666665
637532,2018,1.75
637580,2017,1.5
637580,2018,2.0
637641,2017,2.5833333333333335
637641,2018,2.5
637655,2017,1.9166666666666667
637655,2018,1.0833333333333333
637687,2017,0.8333333333333334
637687,2018,1.9166666666666667
637721,2017,1.6666666666666667
637721,2018,1.8333333333333333
637760,2017,2.0833333333333335
637760,2018,1.25
637765,2017,0.9166666666666666
637765,2018,1.3333333333333333
637927,2017,0.0
637927,2018,0.5833333333333334
637986,2017,1.75
637986,2018,1.8333333333333333
638004,2017,0.16666666666666666
638004,2018,1.5833333333333333
638085,2017,0.0
638085,2018,0.0
638152,2017,1.5
638152,2018,1.3333333333333333
638162,2017,1.4166666666666667
638162,2018,1.75
638207,2017,1.0833333333333333
638207,2018,1.4166666666666667
638237,2017,0.8333333333333334
638237,2018,1.0
638253,2017,2.3333333333333335
638253,2018,1.75
638264,2017,0.0
638264,2018,0.8333333333333334
638368,2017,1.5
638368,2018,1.5833333333333333
638389,2017,0.75
638389,2018,2.0
638466,2017,0.3333333333333333
638466,2018,0.0
638469,2018,7.0
638495,2017,1.4166666666666667
638495,2018,1.25
638506,2017,2.25
638506,2018,1.75
638528,2017,0.0
638528,2018,0.0
638602,2017,1.5833333333333333
638602,2018,1.6666666666666667
638618,2017,1.3333333333333333
638618,2018,1.5833333333333333
638685,2017,1.75
638685,2018,1.5
638732,2017,2.1666666666666665
638732,2018,1.5
638733,2017,1.5
638733,2018,1.8333333333333333
638740,2017,0.0
638740,2018,0.0
638754,2017,0.08333333333333333
638754,2018,0.0
638804,2017,0.5833333333333334
638804,2018,1.8333333333333333
639116,2017,0.6666666666666666
639116,2018,0.0
639117,2017,1.4166666666666667
639117,2018,1.5
639145,2017,1.0833333333333333
639145,2018,1.8333333333333333
639258,2017,0.75
639258,2018,0.4166666666666667
639346,2017,0.0
639346,2018,0.0
639383,2017,0.0
639383,2018,0.4166666666666667
639419,2017,1.5
639419,2018,0.75
639466,2017,0.0
639466,2018,1.0833333333333333
639510,2017,1.9166666666666667
639510,2018,2.0833333333333335
639584,2017,0.0
639584,2018,0.0
639613,2017,1.75
639613,2018,2.25
639626,2017,0.0
639626,2018,1.0
639701,2017,2.0833333333333335
639701,2018,1.6666666666666667
639705,2017,2.3333333333333335
639705,2018,1.3333333333333333
639807,2017,1.5833333333333333
639807,2018,1.9166666666666667
640009,2017,0.4166666666666667
640009,2018,0.75
640082,2017,1.25
640082,2018,1.5
640110,2017,2.0
640110,2018,1.25
640116,2017,1.0833333333333333
640116,2018,0.9166666666666666
640163,2017,0.0
640163,2018,0.25
640238,2017,1.4166666666666667
640238,2018,1.0
640244,2017,1.6666666666666667
640244,2018,1.1666666666666667
640285,2017,1.3333333333333333
640285,2018,1.1666666666666667
640418,2017,1.75
640418,2018,1.5
640555,2017,1.3333333333333333
640555,2018,1.4166666666666667
640588,2017,0.8333333333333334
640588,2018,1.25
640614,2017,1.4166666666666667
640614,2018,2.5833333333333335
640831,2017,1.5
640831,2018,1.8333333333333333
640833,2017,1.8333333333333333
640833,2018,1.75
640920,2017,0.16666666666666666
640920,2018,0.0
641039,2017,0.5
641039,2018,1.0833333333333333
641050,2017,1.75
641050,2018,1.9166666666666667
641103,2017,1.25
641103,2018,2.1666666666666665
641121,2017,0.0
641121,2018,0.0
641123,2017,2.0
641123,2018,2.4166666666666665
641159,2017,1.75
641159,2018,1.0833333333333333
641160,2017,1.4166666666666667
641160,2018,1.4166666666666667
641162,2017,0.0
641162,2018,0.75
641164,2017,1.0833333333333333
641164,2018,2.0833333333333335
641189,2017,0.8333333333333334
641189,2018,1.75
641327,2017,1.9166666666666667
641327,2018,1.5
641384,2017,0.8333333333333334
641384,2018,0.8333333333333334
641448,2017,2.0
641448,2018,1.25
641586,2017,1.75
641586,2018,1.5
641612,2018,6.181818181818182
641642,2017,0.9166666666666666
641642,2018,0.6666666666666666
641704,2017,0.9166666666666666
641704,2018,1.4166666666666667
641734,2017,2.4166666666666665
641734,2018,2.0
641827,2017,0.0
641827,2018,0.0
641869,2017,2.0833333333333335
641869,2018,1.5
641879,2017,0.4166666666666667
641879,2018,2.1666666666666665
641884,2017,2.0833333333333335
641884,2018,1.4166666666666667
641903,2017,0.0
641903,2018,0.0
641970,2017,1.6666666666666667
641970,2018,1.8333333333333333
641997,2017,1.75
641997,2018,1.9166666666666667
642000,2017,1.8333333333333333
642000,2018,2.1666666666666665
642002,2017,1.0
642002,2018,2.1666666666666665
642020,2017,1.8571428571428572
642020,2018,1.4545454545454546
642031,2017,0.0
642031,2018,0.3333333333333333
642043,2017,1.4166666666666667
642043,2018,1.3333333333333333
642099,2017,2.0833333333333335
642099,2018,1.1666666666666667
642102,2017,2.3333333333333335
642102,2018,2.0
642109,2017,1.8333333333333333
642109,2018,2.0
642247,2017,0.0
642247,2018,0.0
642313,2017,1.5833333333333333
642313,2018,1.1666666666666667
642323,2017,0.0
642323,2018,1.1666666666666667
642401,2017,1.0833333333333333
642401,2018,0.3333333333333333
642409,2017,0.0
642409,2018,0.25
642449,2017,0.75
642449,2018,1.25
642485,2017,0.0
642485,2018,1.5833333333333333
642738,2017,0.0
642738,2018,1.0
642784,2017,0.0
642784,2018,0.0
642808,2017,1.1666666666666667
642808,2018,1.1666666666666667
642901,2017,1.3333333333333333
642901,2018,1.9166666666666667
642976,2018,4.7272727272727275
643026,2017,1.5
643026,2018,1.0833333333333333
643059,2017,2.1666666666666665
643059,2018,2.3333333333333335
643099,2017,0.0
643099,2018,0.3333333333333333
643117,2017,1.0
643117,2018,1.3333333333333333
643225,2017,2.1666666666666665
643225,2018,1.0
643300,2017,0.9166666666666666
643300,2018,2.25
643362,2017,1.5
643362,2018,0.0
643364,2017,0.9166666666666666
643364,2018,1.25
643476,2018,5.363636363636363
643480,2017,1.25
643480,2018,1.0
643507,2017,0.4166666666666667
643507,2018,1.9166666666666667
643605,2017,1.5
643605,2018,1.9166666666666667
643643,2017,0.0
643643,2018,0.3333333333333333
643669,2017,1.3333333333333333
643669,2018,1.6666666666666667
643705,2017,1.25
643705,2018,1.0833333333333333
643854,2017,1.6666666666666667
643854,2018,1.3333333333333333
643912,2017,2.0
643912,2018,1.5833333333333333
644014,2017,1.75
644014,2018,0.9166666666666666
644017,2017,1.3333333333333333
644017,2018,1.4166666666666667
644163,2017,2.0833333333333335
644163,2018,0.8333333333333334
644251,2017,1.5
644251,2018,2.25
644265,2017,1.75
644265,2018,1.75
644374,2017,1.0
644374,2018,1.6666666666666667
644390,2017,2.0
644390,2018,1.8333333333333333
644417,2017,1.8333333333333333
644417,2018,0.0
644434,2017,1.75
644434,2018,1.6666666666666667
644551,2017,2.5
644551,2018,1.75
644630,2017,1.5833333333333333
644630,2018,1.25
644652,2017,2.0833333333333335
644652,2018,2.75
644769,2017,2.0833333333333335
644769,2018,1.9166666666666667
644786,2017,1.25
644786,2018,1.5833333333333333
644865,2017,0.9166666666666666
644865,2018,1.75
644893,2017,1.75
644893,2018,0.08333333333333333
644938,2017,1.5
644938,2018,1.75
644945,2017,1.75
644945,2018,1.6666666666666667
645057,2017,1.5
645057,2018,1.3333333333333333
645072,2017,1.25
645072,2018,1.5833333333333333
645078,2017,0.0
645078,2018,0.25
645081,2017,1.1666666666666667
645081,2018,1.5
645114,2017,0.0
645114,2018,1.0833333333333333
645145,2017,1.5833333333333333
645145,2018,0.9166666666666666
645147,2017,2.25
645147,2018,1.0
645244,2017,1.5
645244,2018,1.5
645265,2017,1.4166666666666667
645265,2018,1.25
645280,2017,2.1666666666666665
645280,2018,1.4166666666666667
645333,2017,0.0
645333,2018,0.0
645450,2017,0.3333333333333333
645450,2018,1.75
645508,2017,2.3333333333333335
645508,2018,1.25
645566,2017,1.3333333333333333
645566,2018,1.0833333333333333
645600,2017,1.5833333333333333
645600,2018,1.3333333333333333
645635,2017,0.0
645635,2018,0.0
645653,2017,2.4166666666666665
645653,2018,2.5833333333333335
645688,2017,1.0833333333333333
645688,2018,0.6666666666666666
645712,2017,2.1666666666666665
645712,2018,1.5833333333333333
645742,2017,0.0
645742,2018,0.0
645895,2017,1.75
645895,2018,1.9166666666666667
645919,2018,3.8181818181818183
645927,2017,0.16666666666666666
645927,2018,1.5833333333333333
645986,2017,2.25
645986,2018,0.9166666666666666
646022,2017,1.75
646022,2018,1.8333333333333333
646023,2017,0.0
646023,2018,0.3333333333333333
646038,2017,1.3333333333333333
646038,2018,1.6666666666666667
646137,2017,1.75
646137,2018,0.5
646168,2017,1.3333333333333333
646168,2018,1.5833333333333333
646178,2017,1.1666666666666667
646178,2018,2.25
646187,2017,0.0
646187,2018,1.75
646189,2017,1.9166666666666667
646189,2018,0.75
646198,2017,0.25
646198,2018,0.75
646225,2017,1.3333333333333333
646225,2018,1.4166666666666667
646262,2017,0.0
646262,2018,0.0
646277,2017,1.5
646277,2018,1.5833333333333333
646289,2017,0.0
646289,2018,0.0
646359,2017,1.5833333333333333
646359,2018,1.9166666666666667
646399,2017,1.5833333333333333
646399,2018,0.8333333333333334
646502,2017,0.9166666666666666
646502,2018,1.0
646519,2017,1.1666666666666667
646519,2018,1.6666666666666667
646756,2017,0.0
646756,2018,0.0
646935,2017,1.75
646935,2018,0.6666666666666666
647005,2017,0.5
647005,2018,0.0
647041,2017,1.9166666666666667
647041,2018,1.8333333333333333
647133,2017,1.0833333333333333
647133,2018,1.0833333333333333
647214,2017,2.0833333333333335
647214,2018,1.5833333333333333
647393,2017,0.0
647393,2018,0.0
647491,2017,2.0
647491,2018,1.8333333333333333
647658,2018,3.6363636363636362
647672,2017,1.3333333333333333
647672,2018,1.25
647684,2017,2.1666666666666665
647684,2018,0.8333333333333334
647726,2017,2.25
647726,2018,1.8333333333333333
647791,2017,0.5833333333333334
647791,2018,1.25
647894,2017,1.3333333333333333
647894,2018,0.9166666666666666
647933,2017,0.0
647933,2018,0.08333333333333333
647956,2017,0.3333333333333333
647956,2018,0.9166666666666666
648043,2017,1.5833333333333333
648043,2018,1.8333333333333333
648077,2017,1.4166666666666667
648077,2018,1.8333333333333333
648231,2017,0.0
648231,2018,0.5833333333333334
648286,2017,0.0
648286,2018,0.0
648365,2017,2.0833333333333335
648365,2018,1.5833333333333333
648380,2017,1.25
648380,2018,1.4166666666666667
648432,2017,0.8333333333333334
648432,2018,1.5
648455,2017,1.6666666666666667
648455,2018,2.1666666666666665
648533,2017,1.6666666666666667
648533,2018,0.9166666666666666
648575,2017,2.0833333333333335
648575,2018,2.0833333333333335
648586,2017,1.5
648586,2018,1.8333333333333333
648596,2017,1.5
648596,2018,0.6666666666666666
648648,2017,1.0833333333333333
648648,2018,1.0833333333333333
648653,2017,1.0
648653,2018,1.5
648924,2017,0.25
648924,2018,1.6666666666666667
649052,2017,1.3333333333333333
649052,2018,1.0833333333333333
649054,2017,1.4166666666666667
649054,2018,1.6666666666666667
649089,2018,6.181818181818182
649104,2017,1.5833333333333333
649104,2018,2.0833333333333335
649194,2017,1.8333333333333333
649194,2018,1.1666666666666667
649321,2017,0.6666666666666666
649321,2018,2.6666666666666665
649404,2017,0.0
649404,2018,0.0
649422,2017,1.0833333333333333
649422,2018,1.75
649442,2017,0.8333333333333334
649442,2018,1.5833333333333333
649487,2017,1.1666666666666667
649487,2018,0.16666666666666666
649656,2017,1.4166666666666667
649656,2018,1.8333333333333333
649680,2017,0.0
649680,2018,1.8333333333333333
649770,2017,0.5833333333333334
649770,2018,1.0
649802,2017,0.6666666666666666
649802,2018,1.5
649855,2017,0.75
649855,2018,2.1666666666666665
649918,2017,0.0
649918,2018,0.4166666666666667
649961,2017,2.0
649961,2018,1.4166666666666667
649972,2017,1.0
649972,2018,0.25
649994,2017,1.9166666666666667
649994,2018,2.5833333333333335
650290,2017,1.3333333333333333
650290,2018,0.0
650358,2017,0.9166666666666666
650358,2018,1.8333333333333333
650366,2017,0.0
650366,2018,0.0
650377,2017,1.75
650377,2018,1.0
650420,2017,1.3333333333333333
650420,2018,2.0833333333333335
650445,2017,3.4166666666666665
650445,2018,2.3333333333333335
650466,2017,2.1739130434782608
650466,2018,1.2173913043478262
650486,2017,1.6666666666666667
650486,2018,1.3333333333333333
650529,2017,2.0
650529,2018,1.1666666666666667
650553,2017,2.0833333333333335
650553,2018,1.4166666666666667
650621,2017,1.5
650621,2018,1.0833333333333333
650657,2017,1.4166666666666667
650657,2018,2.0
650704,2017,1.75
650704,2018,1.1666666666666667
650721,2017,0.16666666666666666
650721,2018,1.5
650801,2017,0.0
650801,2018,0.0
650870,2017,1.5833333333333333
650870,2018,1.8333333333333333
650957,2017,0.0
650957,2018,0.0
651006,2017,1.0
651006,2018,1.3333333333333333
651020,2017,0.6666666666666666
651020,2018,2.5
651054,2017,0.0
651054,2018,0.5833333333333334
651097,2017,1.9166666666666667
651097,2018,1.6666666666666667
651210,2017,0.0
651210,2018,0.0
651250,2017,0.9166666666666666
651250,2018,1.3333333333333333
651277,2017,0.0
651277,2018,0.0
651281,2017,2.0833333333333335
651281,2018,1.0
651377,2017,2.5833333333333335
651377,2018,1.9166666666666667
651469,2017,0.0
651469,2018,0.0
651605,2017,2.0833333333333335
651605,2018,2.5
651622,2017,1.5
651622,2018,1.6666666666666667
651631,2017,1.0
651631,2018,2.0833333333333335
651645,2018,2.727272727272727
651694,2017,2.3333333333333335
651694,2018,2.1666666666666665
651740,2017,1.3333333333333333
651740,2018,2.4166666666666665
651835,2017,1.6666666666666667
651835,2018,1.0
651959,2017,1.6666666666666667
651959,2018,1.0833333333333333
652034,2017,1.5833333333333333
652034,2018,1.5833333333333333
652047,2017,2.3333333333333335
652047,2018,1.0
652194,2017,1.75
652194,2018,1.75
652212,2017,2.0833333333333335
652212,2018,0.8333333333333334
652291,2017,1.9166666666666667
652291,2018,1.25
652300,2017,0.0
652300,2018,0.0
652357,2017,0.0
652357,2018,0.0
652370,2017,0.9166666666666666
652370,2018,2.0833333333333335
652374,2017,0.5833333333333334
652374,2018,1.8333333333333333
652394,2017,2.1666666666666665
652394,2018,1.25
652431,2017,0.0
652431,2018,0.0
652498,2017,1.3333333333333333
652498,2018,1.6666666666666667
652499,2017,0.0
652499,2018,0.75
652501,2017,2.0
652501,2018,2.0
652518,2017,2.3333333333333335
652518,2018,0.9166666666666666
652614,2017,0.6666666666666666
652614,2018,1.5
652627,2017,0.0
652627,2018,0.0
652636,2017,0.0
652636,2018,0.4166666666666667
652642,2017,0.6666666666666666
652642,2018,1.25
652741,2018,3.8181818181818183
652756,2017,0.0
652756,2018,0.8333333333333334
652781,2017,0.0
652781,2018,0.0
652790,2017,1.1666666666666667
652790,2018,0.9166666666666666
652809,2017,0.0
652809,2018,0.0
652816,2017,2.0
652816,2018,1.5833333333333333
652852,2017,0.9166666666666666
652852,2018,1.5
652862,2017,1.9166666666666667
652862,2018,1.5
653015,2017,1.0833333333333333
653015,2018,1.0
653070,2017,2.4166666666666665
653070,2018,1.0833333333333333
653081,2017,1.0
653081,2018,1.7272727272727273
653191,2017,0.5833333333333334
653191,2018,1.75
653259,2017,1.4166666666666667
653259,2018,1.6666666666666667
653304,2018,3.0
653324,2017,0.0
653324,2018,1.0833333333333333
653337,2017,1.5833333333333333
653337,2018,2.4166666666666665
653340,2017,1.8333333333333333
653340,2018,1.1666666666666667
653354,2017,0.3333333333333333
653354,2018,1.4166666666666667
653400,2017,2.1666666666666665
653400,2018,1.0
653441,2017,0.9166666666666666
653441,2018,1.8333333333333333
653539,2017,2.25
653539,2018,0.8333333333333334
653542,2017,1.9166666666666667
653542,2018,1.8333333333333333
653572,2017,1.3333333333333333
653572,2018,1.6666666666666667
653636,2017,1.3333333333333333
653636,2018,1.5833333333333333
653637,2017,1.8333333333333333
653637,2018,1.4166666666666667
653698,2017,2.1666666666666665
653698,2018,2.5
653851,2017,0.16666666666666666
653851,2018,1.4166666666666667
653890,2017,0.0
653890,2018,0.0
653973,2017,0.5
653973,2018,1.6666666666666667
654073,2017,1.0833333333333333
654073,2018,2.3333333333333335
654086,2017,1.6666666666666667
654086,2018,1.8333333333333333
654122,2017,2.8333333333333335
654122,2018,0.5833333333333334
654187,2017,1.25
654187,2018,2.0
654225,2017,0.25
654225,2018,1.25
654249,2017,0.0
654249,2018,0.4166666666666667
654288,2017,1.4166666666666667
654288,2018,1.6666666666666667
654389,2018,5.636363636363637
654433,2017,0.8
654433,2018,0.75
654540,2018,5.636363636363637
654578,2017,1.0833333333333333
654578,2018,2.25
654748,2017,1.0
654748,2018,0.0
654751,2017,1.75
654751,2018,2.0
654817,2017,1.0833333333333333
654817,2018,1.9166666666666667
654890,2017,1.75
654890,2018,1.3333333333333333
654919,2017,0.0
654919,2018,0.0
654941,2017,1.3333333333333333
654941,2018,1.8333333333333333
654983,2017,0.0
654983,2018,0.0
655016,2017,1.0833333333333333
655016,2018,0.0
655039,2017,0.0
655039,2018,0.3333333333333333
655044,2017,0.8333333333333334
655044,2018,1.25
655082,2017,1.5833333333333333
655082,2018,2.1666666666666665
655085,2017,0.0
655085,2018,1.5
655263,2017,0.0
655263,2018,0.0
655325,2017,1.3333333333333333
655325,2018,1.6666666666666667
655453,2017,1.3333333333333333
655453,2018,1.1666666666666667
655473,2017,0.0
655473,2018,0.0
655480,2017,1.25
655480,2018,1.8333333333333333
655614,2017,0.0
655614,2018,0.0
655715,2017,2.0833333333333335
655715,2018,1.9166666666666667
655721,2018,6.545454545454546
655743,2017,2.1666666666666665
655743,2018,1.4166666666666667
655892,2017,0.8333333333333334
655892,2018,2.0
655957,2017,2.0833333333333335
655957,2018,1.4166666666666667
655995,2017,0.0
655995,2018,0.0
656027,2018,4.363636363636363
656036,2017,1.0
656036,2018,0.0
656288,2017,1.9166666666666667
656288,2018,1.5
656360,2017,1.5
656360,2018,2.1666666666666665
656415,2017,1.6666666666666667
656415,2018,2.1666666666666665
656454,2017,0.0
656454,2018,0.16666666666666666
656487,2017,1.3333333333333333
656487,2018,2.5
656572,2017,1.4166666666666667
656572,2018,1.1666666666666667
656639,2017,1.0833333333333333
656639,2018,2.3333333333333335
656650,2017,1.4166666666666667
656650,2018,2.1666666666666665
656858,2017,0.0
656858,2018,0.0
656942,2017,1.5833333333333333
656942,2018,1.25
656958,2017,0.0
656958,2018,0.0
656993,2017,0.0
656993,2018,0.16666666666666666
657116,2017,2.25
657116,2018,1.8333333333333333
657118,2017,2.0
657118,2018,2.3333333333333335
657339,2017,2.0833333333333335
657339,2018,1.5
657492,2017,1.6666666666666667
657492,2018,2.25
657668,2017,0.5833333333333334
657668,2018,2.3333333333333335
657730,2017,1.6666666666666667
657730,2018,0.0
657748,2017,1.5
657748,2018,1.3333333333333333
657777,2017,0.0
657777,2018,0.0
657842,2018,6.909090909090909
657865,2017,1.3333333333333333
657865,2018,1.8333333333333333
657946,2018,2.727272727272727
657980,2017,0.0
657980,2018,0.0
658076,2017,0.0
658076,2018,0.75
658175,2017,0.5
658175,2018,1.9166666666666667
658257,2017,0.0
658257,2018,0.0
658310,2017,0.75
658310,2018,1.25
658330,2017,1.1666666666666667
658330,2018,1.3333333333333333
658407,2017,2.0833333333333335
658407,2018,0.25
658546,2017,1.5
658546,2018,1.0833333333333333
658726,2017,0.6666666666666666
658726,2018,0.0
658861,2017,2.0833333333333335
658861,2018,2.0
658996,2017,0.8333333333333334
658996,2018,1.5833333333333333
659011,2017,1.9166666666666667
659011,2018,1.0
659112,2017,1.3333333333333333
659112,2018,1.5833333333333333
659147,2017,2.5
659147,2018,1.6666666666666667
659205,2017,1.8333333333333333
659205,2018,1.9166666666666667
659251,2017,1.6666666666666667
659251,2018,1.3333333333333333
659400,2017,2.25
659400,2018,1.3333333333333333
659419,2017,1.5
659419,2018,1.4166666666666667
659454,2017,0.0
659454,2018,0.0
659481,2017,0.5833333333333334
659481,2018,1.25
659536,2017,2.9166666666666665
659536,2018,0.9166666666666666
659607,2017,2.0
659607,2018,2.3333333333333335
659637,2017,2.0833333333333335
659637,2018,1.75
659731,2017,0.0
659731,2018,0.0
659767,2017,0.3333333333333333
659767,2018,1.8333333333333333
659781,2017,1.5833333333333333
659781,2018,1.4166666666666667
659792,2017,0.0
659792,2018,0.0
659882,2017,1.5833333333333333
659882,2018,0.5833333333333334
659967,2017,1.4166666666666667
659967,2018,1.8333333333333333
660030,2017,2.5833333333333335
660030,2018,1.8333333333333333
660047,2017,0.9166666666666666
660047,2018,2.0
660098,2017,0.0
660098,2018,0.0
660119,2017,1.75
660119,2018,2.25
660178,2017,1.5833333333333333
660178,2018,2.0833333333333335
660197,2017,1.4166666666666667
660197,2018,1.5833333333333333
660294,2017,1.5
660294,2018,1.4166666666666667
660349,2017,0.0
660349,2018,0.0
660376,2017,1.0833333333333333
660376,2018,1.3333333333333333
660395,2017,1.5833333333333333
660395,2018,2.5
660436,2017,2.0
660436,2018,1.5
660457,2017,1.0833333333333333
660457,2018,0.9166666666666666
660554,2017,0.5
660554,2018,0.9166666666666666
660684,2017,1.75
660684,2018,0.8333333333333334
660768,2017,1.9166666666666667
660768,2018,1.25
660922,2017,1.5
660922,2018,1.75
660958,2017,1.9166666666666667
660958,2018,1.1666666666666667
661035,2017,0.25
661035,2018,1.1666666666666667
661050,2017,2.3333333333333335
661050,2018,1.0
661054,2017,1.5
661054,2018,1.5
661069,2017,1.4166666666666667
661069,2018,0.0
661088,2017,1.0833333333333333
661088,2018,1.8333333333333333
661118,2017,1.25
661118,2018,2.4166666666666665
661150,2017,2.4166666666666665
661150,2018,1.5
661193,2017,1.9166666666666667
661193,2018,1.1666666666666667
661274,2017,1.5833333333333333
661274,2018,1.6666666666666667
661321,2017,1.5833333333333333
661321,2018,1.8333333333333333
661411,2017,1.4166666666666667
661411,2018,1.4166666666666667
661442,2017,0.0
661442,2018,0.0
661451,2017,1.6666666666666667
661451,2018,1.25
661469,2017,1.6666666666666667
661469,2018,1.4166666666666667
661487,2017,1.4166666666666667
661487,2018,1.5
661502,2017,2.0833333333333335
661502,2018,2.4166666666666665
661546,2017,0.0
661546,2018,0.0
661587,2017,0.16666666666666666
661587,2018,1.0833333333333333
661708,2017,0.25
661708,2018,1.6666666666666667
661744,2017,1.6666666666666667
661744,2018,1.4166666666666667
662022,2017,1.6666666666666667
662022,2018,2.4166666666666665
662045,2018,6.818181818181818
662164,2017,1.0833333333333333
662164,2018,0.9166666666666666
662166,2017,1.0833333333333333
662166,2018,1.5
662209,2017,1.5
662209,2018,1.5
662268,2017,1.25
662268,2018,1.75
662272,2017,0.5
662272,2018,1.1666666666666667
662380,2017,1.0833333333333333
662380,2018,2.0
662392,2017,0.16666666666666666
662392,2018,0.0
662406,2017,1.8333333333333333
662406,2018,1.5833333333333333
662489,2017,0.3333333333333333
662489,2018,0.0
662521,2017,2.25
662521,2018,1.1666666666666667
662594,2017,1.3333333333333333
662594,2018,1.1666666666666667
662665,2017,2.0
662665,2018,1.0833333333333333
662723,2017,0.0
662723,2018,0.0
662750,2017,2.5
662750,2018,1.5833333333333333
662848,2017,1.9166666666666667
662848,2018,1.8333333333333333
662880,2017,1.8333333333333333
662880,2018,1.9166666666666667
662934,2018,4.7272727272727275
662936,2017,1.0833333333333333
662936,2018,1.5
662973,2017,1.5
662973,2018,1.1666666666666667
663062,2017,1.25
663062,2018,0.8333333333333334
663067,2017,2.3333333333333335
663067,2018,1.5
663072,2017,0.0
663072,2018,0.0
663098,2017,0.0
663098,2018,0.0
663133,2017,2.0833333333333335
663133,2018,1.4166666666666667
663150,2017,1.9166666666666667
663150,2018,1.6666666666666667
663213,2018,6.909090909090909
663270,2017,1.4166666666666667
663270,2018,1.0833333333333333
663343,2017,1.75
663343,2018,1.3333333333333333
663382,2017,1.0833333333333333
663382,2018,1.3333333333333333
663402,2017,0.3333333333333333
663402,2018,2.5
663416,2017,2.0833333333333335
663416,2018,1.75
663422,2017,1.1666666666666667
663422,2018,1.0833333333333333
663513,2017,2.1666666666666665
663513,2018,1.9166666666666667
663514,2017,2.0
663514,2018,1.9166666666666667
663521,2017,1.8333333333333333
663521,2018,1.8333333333333333
663573,2018,7.545454545454546
663641,2017,0.0
663641,2018,0.0
663659,2018,3.727272727272727
663719,2017,0.9166666666666666
663719,2018,1.9166666666666667
663746,2017,0.0
663746,2018,0.8333333333333334
663757,2017,1.25
663757,2018,0.6666666666666666
663897,2017,0.0
663897,2018,0.25
663918,2017,2.1666666666666665
663918,2018,1.4166666666666667
663975,2017,0.0
663975,2018,0.0
664008,2017,0.08333333333333333
664008,2018,1.5
664034,2017,1.5
664034,2018,0.5833333333333334
664052,2017,2.5
664052,2018,1.8333333333333333
664054,2017,2.1666666666666665
664054,2018,2.25
664062,2017,0.8333333333333334
664062,2018,1.3333333333333333
664084,2017,2.0833333333333335
664084,2018,1.8333333333333333
664112,2017,0.4166666666666667
664112,2018,1.75
664183,2017,0.0
664183,2018,0.08333333333333333
664277,2017,1.0833333333333333
664277,2018,2.1666666666666665
664379,2017,0.75
664379,2018,1.6666666666666667
664493,2017,1.5833333333333333
664493,2018,1.0
664666,2017,1.1666666666666667
664666,2018,1.5833333333333333
664684,2018,5.818181818181818
664705,2017,1.25
664705,2018,2.0833333333333335
664737,2017,2.0
664737,2018,1.3333333333333333
664759,2017,0.08333333333333333
664759,2018,1.1666666666666667
664771,2017,1.6666666666666667
664771,2018,1.0
664799,2017,1.3333333333333333
664799,2018,1.3333333333333333
664856,2017,1.0833333333333333
664856,2018,1.1666666666666667
665024,2017,1.6666666666666667
665024,2018,0.75
665031,2017,0.0
665031,2018,0.0
665100,2017,1.6666666666666667
665100,2018,0.75
665373,2017,0.8333333333333334
665373,2018,0.0
665374,2017,0.0
665374,2018,0.0
665403,2017,1.75
665403,2018,2.75
665454,2017,0.0
665454,2018,0.4166666666666667
665467,2017,1.5
665467,2018,1.4166666666666667
665533,2017,0.0
665533,2018,0.0
665548,2017,2.1666666666666665
665548,2018,1.4166666666666667
665645,2017,0.0
665645,2018,0.25
665646,2017,0.25
665646,2018,1.8333333333333333
665679,2017,0.5
665679,2018,1.5
665701,2017,1.3333333333333333
665701,2018,1.1666666666666667
665763,2017,0.0
665763,2018,0.0
665773,2017,0.0
665773,2018,0.25
665890,2017,1.9166666666666667
665890,2018,2.0833333333333335
666189,2018,4.181818181818182
666222,2017,1.75
666222,2018,2.5
666301,2017,1.5
666301,2018,1.3333333333333333
666337,2017,1.9166666666666667
666337,2018,1.0833333333333333
666381,2017,1.5
666381,2018,1.5833333333333333
666417,2017,1.0
666417,2018,1.1666666666666667
666473,2017,1.5
666473,2018,1.75
666504,2017,2.1666666666666665
666504,2018,1.75
666556,2017,1.9166666666666667
666556,2018,1.5833333333333333
666572,2017,0.16666666666666666
666572,2018,2.0
666597,2017,0.5
666597,2018,1.5833333333333333
666608,2017,1.3333333333333333
666608,2018,1.6666666666666667
666667,2017,1.4166666666666667
666667,2018,0.6666666666666666
666680,2017,1.0833333333333333
666680,2018,1.0
666702,2017,1.0833333333333333
666702,2018,0.0
666761,2017,0.5833333333333334
666761,2018,0.0
666877,2017,1.0
666877,2018,1.75
666878,2017,1.9166666666666667
666878,2018,1.0
666933,2017,2.5
666933,2018,1.9166666666666667
666952,2017,1.4166666666666667
666952,2018,1.0833333333333333
667041,2017,2.1666666666666665
667041,2018,1.8333333333333333
667117,2017,1.5833333333333333
667117,2018,2.0
667157,2017,0.0
667157,2018,0.25
667262,2017,1.8333333333333333
667262,2018,1.0833333333333333
667275,2017,0.0
667275,2018,1.25
667293,2017,0.5833333333333334
667293,2018,1.1666666666666667
667314,2017,1.75
667314,2018,0.16666666666666666
667341,2017,0.8333333333333334
667341,2018,1.75
667356,2017,0.08333333333333333
667356,2018,0.0
667398,2017,1.1666666666666667
667398,2018,0.0
667517,2018,3.090909090909091
667615,2017,0.0
667615,2018,1.9166666666666667
667634,2017,1.9166666666666667
667634,2018,0.8333333333333334
667678,2017,0.0
667678,2018,0.0
667687,2017,0.0
667687,2018,0.16666666666666666
667692,2017,1.25
667692,2018,1.9166666666666667
667718,2017,0.0
667718,2018,0.0
667767,2017,1.75
667767,2018,1.3333333333333333
667781,2017,1.6666666666666667
667781,2018,1.6666666666666667
667798,2017,0.0
667798,2018,0.08333333333333333
667800,2017,0.0
667800,2018,0.0
667860,2017,1.4166666666666667
667860,2018,1.0833333333333333
667901,2017,1.5833333333333333
667901,2018,1.5
667974,2017,2.0
667974,2018,0.8333333333333334
668000,2017,1.9166666666666667
668000,2018,1.4166666666666667
668020,2017,2.0833333333333335
668020,2018,1.0
668136,2017,0.16666666666666666
668136,2018,2.3333333333333335
668213,2017,0.0
668213,2018,2.5
668235,2018,6.545454545454546
668253,2017,1.4166666666666667
668253,2018,1.9166666666666667
668325,2017,1.3333333333333333
668325,2018,1.4166666666666667
668510,2017,1.75
668510,2018,2.1666666666666665
668576,2017,0.08333333333333333
668576,2018,2.5833333333333335
668599,2017,1.3333333333333333
668599,2018,2.4166666666666665
668624,2017,0.9166666666666666
668624,2018,1.5
668692,2017,1.6666666666666667
668692,2018,1.8333333333333333
668843,2017,0.16666666666666666
668843,2018,1.5833333333333333
668865,2017,1.3333333333333333
668865,2018,0.9166666666666666
668959,2017,1.75
668959,2018,1.5833333333333333
668968,2018,5.363636363636363
668970,2018,3.5454545454545454
669028,2017,1.8333333333333333
669028,2018,1.5
669065,2017,2.1666666666666665
669065,2018,1.3333333333333333
669066,2017,1.75
669066,2018,2.4166666666666665
669222,2017,2.0833333333333335
669222,2018,1.0
669368,2017,2.0
669368,2018,1.3333333333333333
669373,2017,2.3333333333333335
669373,2018,1.75
669493,2017,0.0
669493,2018,0.16666666666666666
669501,2017,1.5833333333333333
669501,2018,1.0
669810,2017,2.1666666666666665
669810,2018,2.3333333333333335
669812,2017,1.3333333333333333
669812,2018,1.4166666666666667
669890,2017,1.75
669890,2018,1.5833333333333333
669894,2017,1.6666666666666667
669894,2018,2.3333333333333335
669978,2017,1.5833333333333333
669978,2018,1.9166666666666667
670000,2017,2.25
670000,2018,1.75
670002,2017,1.5
670002,2018,0.3333333333333333
670040,2017,1.0
670040,2018,1.5833333333333333
670131,2017,1.9166666666666667
670131,2018,0.9166666666666666
670210,2017,1.75
670210,2018,0.8333333333333334
670215,2017,2.0
670215,2018,1.8333333333333333
670230,2017,0.0
670230,2018,0.0
670289,2017,0.0
670289,2018,0.8333333333333334
670294,2017,2.0833333333333335
670294,2018,1.0
670371,2017,1.0833333333333333
670371,2018,0.5
670430,2017,0.75
670430,2018,1.9166666666666667
670606,2017,1.5
670606,2018,1.6666666666666667
670666,2017,1.0
670666,2018,1.9166666666666667
670686,2017,1.3333333333333333
670686,2018,0.6666666666666666
670751,2017,2.0
670751,2018,1.9166666666666667
670817,2017,1.75
670817,2018,1.9166666666666667
670836,2017,0.0
670836,2018,0.4166666666666667
670939,2018,3.4545454545454546
670981,2017,0.0
670981,2018,0.0
670985,2017,1.5
670985,2018,1.9166666666666667
671077,2017,0.4166666666666667
671077,2018,1.1666666666666667
671115,2017,2.8333333333333335
671115,2018,1.25
671119,2017,2.0
671119,2018,1.5
671173,2017,0.25
671173,2018,1.25
671309,2017,0.08333333333333333
671309,2018,0.0
671359,2017,0.0
671359,2018,0.8333333333333334
671368,2017,1.8333333333333333
671368,2018,2.5
671383,2017,1.3333333333333333
671383,2018,1.6666666666666667
671528,2017,1.1666666666666667
671528,2018,1.5833333333333333
671534,2017,1.75
671534,2018,0.75
671628,2017,0.3333333333333333
671628,2018,1.5
671639,2017,1.1666666666666667
671639,2018,2.75
671764,2018,5.7272727272727275
671803,2017,1.5833333333333333
671803,2018,2.25
671849,2017,1.25
671849,2018,1.4166666666666667
671906,2017,0.0
671906,2018,0.0
671911,2017,1.0833333333333333
671911,2018,0.75
671928,2017,1.5
671928,2018,1.0
671933,2017,1.5
671933,2018,2.5833333333333335
672039,2017,1.0833333333333333
672039,2018,1.25
672089,2017,1.1666666666666667
672089,2018,1.5833333333333333
672103,2017,1.8333333333333333
672103,2018,1.5
672170,2017,1.4166666666666667
672170,2018,1.5
672236,2017,1.4166666666666667
672236,2018,1.9166666666666667
672255,2017,0.0
672255,2018,0.5
672308,2017,1.0
672308,2018,1.25
672336,2017,1.9166666666666667
672336,2018,1.0
672391,2017,0.0
672391,2018,0.3333333333333333
672395,2017,0.75
672395,2018,1.5
672430,2017,1.1666666666666667
672430,2018,1.8333333333333333
672431,2017,1.4166666666666667
672431,2018,1.75
672570,2017,1.5
672570,2018,2.4166666666666665
672582,2017,0.0
672582,2018,0.0
672600,2017,1.75
672600,2018,1.1666666666666667
672635,2018,3.0
672649,2018,3.090909090909091
672679,2017,0.0
672679,2018,0.75
672781,2017,1.0833333333333333
672781,2018,0.8333333333333334
672819,2017,0.0
672819,2018,0.3333333333333333
672893,2017,1.4166666666666667
672893,2018,0.8333333333333334
672904,2017,2.4166666666666665
672904,2018,2.1666666666666665
672917,2017,0.0
672917,2018,0.0
673054,2017,1.5
673054,2018,1.3333333333333333
673061,2017,0.5833333333333334
673061,2018,0.0
673192,2017,1.4166666666666667
673192,2018,2.5
673301,2017,1.5833333333333333
673301,2018,1.4166666666666667
673399,2017,2.25
673399,2018,1.0833333333333333
673401,2017,1.6666666666666667
673401,2018,0.9166666666666666
673424,2017,2.0833333333333335
673424,2018,1.4166666666666667
673492,2018,5.454545454545454
673872,2017,0.0
673872,2018,0.25
673934,2017,0.6666666666666666
673934,2018,1.3333333333333333
674118,2017,1.75
674118,2018,1.4166666666666667
674281,2017,1.8333333333333333
674281,2018,2.1666666666666665
674327,2017,2.1666666666666665
674327,2018,1.8333333333333333
674372,2017,0.0
674372,2018,0.4166666666666667
674375,2017,0.0
674375,2018,0.5833333333333334
674394,2017,1.5833333333333333
674394,2018,1.6666666666666667
674462,2017,1.9166666666666667
674462,2018,1.4166666666666667
674497,2017,1.3333333333333333
674497,2018,1.6666666666666667
674637,2018,4.090909090909091
674643,2017,0.0
674643,2018,1.6666666666666667
674689,2017,1.1666666666666667
674689,2018,1.25
674738,2017,1.6666666666666667
674738,2018,0.0
674781,2017,0.9166666666666666
674781,2018,1.0
674805,2017,2.1666666666666665
674805,2018,1.3333333333333333
674876,2017,0.0
674876,2018,0.75
674923,2017,1.1666666666666667
674923,2018,1.8333333333333333
674933,2018,6.636363636363637
675057,2017,2.0833333333333335
675057,2018,0.9166666666666666
675104,2017,1.3333333333333333
675104,2018,1.9166666666666667
675106,2017,1.8333333333333333
675106,2018,2.4166666666666665
675204,2017,2.1666666666666665
675204,2018,2.0
675240,2017,0.0
675240,2018,0.0
675243,2017,2.3333333333333335
675243,2018,1.5833333333333333
675385,2017,0.75
675385,2018,1.9166666666666667
675405,2017,2.25
675405,2018,2.3333333333333335
675409,2017,2.0
675409,2018,1.6666666666666667
675419,2017,0.0
675419,2018,0.0
675442,2017,1.6666666666666667
675442,2018,2.1666666666666665
675457,2017,2.1666666666666665
675457,2018,1.5833333333333333
675506,2018,3.6363636363636362
675516,2017,1.5833333333333333
675516,2018,1.0
675535,2017,1.75
675535,2018,1.6666666666666667
675538,2017,1.4166666666666667
675538,2018,1.6666666666666667
675541,2017,1.75
675541,2018,1.3333333333333333
675616,2017,1.5
675616,2018,1.9166666666666667
675651,2017,1.9166666666666667
675651,2018,1.5833333333333333
675710,2017,0.0
675710,2018,0.0
675848,2017,2.0833333333333335
675848,2018,1.3333333333333333
675879,2018,7.363636363636363
675936,2017,1.0833333333333333
675936,2018,2.1666666666666665
675956,2017,2.0833333333333335
675956,2018,1.3333333333333333
676203,2017,0.8333333333333334
676203,2018,2.0833333333333335
676289,2017,1.1666666666666667
676289,2018,2.0
676371,2017,0.0
676371,2018,1.0833333333333333
676376,2017,2.25
676376,2018,1.9166666666666667
676406,2017,1.3333333333333333
676406,2018,1.5833333333333333
676408,2017,0.5833333333333334
676408,2018,0.75
676409,2017,1.6666666666666667
676409,2018,1.3333333333333333
676585,2017,1.25
676585,2018,1.0833333333333333
676622,2017,1.75
676622,2018,1.25
676631,2017,1.6666666666666667
676631,2018,1.0
676639,2017,1.6666666666666667
676639,2018,0.9166666666666666
676669,2017,1.0833333333333333
676669,2018,2.3333333333333335
676676,2017,0.0
676676,2018,0.0
676873,2017,2.1666666666666665
676873,2018,0.6666666666666666
676877,2017,1.75
676877,2018,1.1666666666666667
676941,2017,2.5
676941,2018,1.6666666666666667
677045,2017,1.3333333333333333
677045,2018,1.25
677068,2017,1.1666666666666667
677068,2018,2.0833333333333335
677141,2017,2.9166666666666665
677141,2018,2.8333333333333335
677153,2017,0.0
677153,2018,0.0
677174,2017,1.8333333333333333
677174,2018,0.75
677213,2017,0.6666666666666666
677213,2018,1.8333333333333333
677217,2017,2.0
677217,2018,1.9166666666666667
677218,2017,1.1666666666666667
677218,2018,0.5
677292,2017,0.0
677292,2018,0.0
677322,2017,2.0
677322,2018,0.4166666666666667
677329,2017,0.6666666666666666
677329,2018,1.8333333333333333
677335,2018,5.2727272727272725
677404,2017,1.25
677404,2018,1.25
677435,2017,1.4166666666666667
677435,2018,1.4166666666666667
677513,2017,0.6666666666666666
677513,2018,1.25
677527,2017,1.1666666666666667
677527,2018,1.8333333333333333
677560,2017,1.25
677560,2018,1.0833333333333333
677606,2017,1.9166666666666667
677606,2018,1.8333333333333333
677669,2017,0.0
677669,2018,0.0
677695,2017,1.6666666666666667
677695,2018,1.9166666666666667
677704,2017,1.4166666666666667
677704,2018,0.9166666666666666
677717,2017,0.0
677717,2018,1.1666666666666667
677751,2017,1.8333333333333333
677751,2018,0.9166666666666666
677901,2017,0.0
677901,2018,0.0
677925,2017,0.0
677925,2018,0.0
677963,2017,1.3333333333333333
677963,2018,0.8333333333333334
677976,2017,0.16666666666666666
677976,2018,0.5833333333333334
678205,2017,0.0
678205,2018,1.5384615384615385
678217,2017,0.0
678217,2018,0.9166666666666666
678243,2017,2.0833333333333335
678243,2018,1.4166666666666667
678284,2017,1.0833333333333333
678284,2018,1.5833333333333333
678341,2017,1.25
678341,2018,2.0
678454,2017,2.5833333333333335
678454,2018,1.75
678460,2017,0.9166666666666666
678460,2018,1.75
678493,2017,2.0833333333333335
678493,2018,1.5833333333333333
678514,2017,1.5833333333333333
678514,2018,1.0833333333333333
678544,2017,0.0
678544,2018,0.0
678603,2017,0.16666666666666666
678603,2018,1.25
678616,2017,2.0
678616,2018,1.5
678722,2017,0.6666666666666666
678722,2018,1.3333333333333333
678786,2017,1.0
678786,2018,1.1666666666666667
678837,2017,0.9166666666666666
678837,2018,1.25
678858,2017,0.0
678858,2018,0.0
678925,2017,0.75
678925,2018,1.9166666666666667
678933,2017,0.9166666666666666
678933,2018,1.5
678967,2017,1.25
678967,2018,3.0
678991,2017,0.0
678991,2018,0.0
679075,2017,2.0
679075,2018,1.75
679132,2017,0.0
679132,2018,1.3333333333333333
679155,2017,0.0
679155,2018,0.0
679253,2017,0.0
679253,2018,1.5
679311,2017,0.4166666666666667
679311,2018,2.6666666666666665
679414,2017,0.0
679414,2018,0.75
679437,2017,1.5833333333333333
679437,2018,0.9166666666666666
679485,2017,2.3333333333333335
679485,2018,0.75
679531,2017,0.6666666666666666
679531,2018,0.0
679607,2017,1.4166666666666667
679607,2018,1.3333333333333333
679609,2017,0.3333333333333333
679609,2018,2.3333333333333335
679623,2017,2.8333333333333335
679623,2018,1.4166666666666667
679638,2017,1.9166666666666667
679638,2018,2.0
679859,2017,0.5833333333333334
679859,2018,1.0
679908,2017,2.0
679908,2018,1.0
679994,2017,0.0
679994,2018,0.9166666666666666
680168,2017,0.0
680168,2018,1.25
680181,2017,1.4166666666666667
680181,2018,1.25
680193,2017,0.0
680193,2018,0.0
680304,2017,0.4166666666666667
680304,2018,0.0
680376,2017,0.0
680376,2018,0.6666666666666666
680379,2017,1.5833333333333333
680379,2018,0.8333333333333334
680444,2017,2.3333333333333335
680444,2018,1.5833333333333333
680445,2017,1.9166666666666667
680445,2018,0.8333333333333334
680485,2017,0.0
680485,2018,0.0
680553,2017,0.0
680553,2018,0.0
680565,2017,1.75
680565,2018,1.1666666666666667
680569,2017,2.4166666666666665
680569,2018,1.4166666666666667
680581,2017,1.5
680581,2018,1.75
680738,2017,1.5
680738,2018,1.1666666666666667
680754,2017,0.0
680754,2018,0.25
680839,2017,1.0
680839,2018,1.5833333333333333
680878,2017,0.0
680878,2018,0.75
680886,2017,1.9166666666666667
680886,2018,3.0
680945,2018,3.3636363636363638
681032,2017,1.25
681032,2018,1.9166666666666667
681250,2017,1.0
681250,2018,1.9166666666666667
681270,2017,1.6666666666666667
681270,2018,2.4166666666666665
681309,2017,2.3333333333333335
681309,2018,1.5
681328,2017,0.16666666666666666
681328,2018,0.75
681399,2017,1.4166666666666667
681399,2018,2.5
681593,2017,0.0
681593,2018,1.3333333333333333
681649,2017,2.3333333333333335
681649,2018,2.25
681722,2017,1.6666666666666667
681722,2018,1.6666666666666667
681785,2017,1.5833333333333333
681785,2018,1.75
681822,2017,2.1666666666666665
681822,2018,1.4166666666666667
681887,2017,2.4166666666666665
681887,2018,2.0
681921,2017,0.5833333333333334
681921,2018,1.9166666666666667
681961,2017,0.0
681961,2018,0.0
681984,2017,2.0
681984,2018,2.5833333333333335
682064,2017,0.0
682064,2018,0.0
682103,2017,1.0
682103,2018,1.5833333333333333
682194,2017,1.5833333333333333
682194,2018,1.6666666666666667
682288,2017,1.6666666666666667
682288,2018,0.8333333333333334
682308,2017,1.9166666666666667
682308,2018,1.1666666666666667
682337,2017,0.0
682337,2018,0.0
682356,2017,2.0
682356,2018,1.0
682419,2017,1.0833333333333333
682419,2018,1.9166666666666667
682521,2017,1.75
682521,2018,0.0
682528,2017,2.3333333333333335
682528,2018,2.3333333333333335
682533,2017,0.0
682533,2018,0.0
682571,2017,1.1666666666666667
682571,2018,0.75
682654,2017,1.5
682654,2018,0.0
682707,2017,0.6666666666666666
682707,2018,1.5
682709,2017,1.4166666666666667
682709,2018,1.0
682813,2017,1.0
682813,2018,2.5
682819,2017,1.3333333333333333
682819,2018,2.0
682826,2017,2.1666666666666665
682826,2018,1.5
682840,2017,1.5
682840,2018,1.5833333333333333
682979,2017,1.6956521739130435
682979,2018,1.4285714285714286
682980,2017,1.0
682980,2018,0.0
683126,2017,1.4166666666666667
683126,2018,2.0833333333333335
683239,2017,0.6666666666666666
683239,2018,0.08333333333333333
683250,2017,0.0
683250,2018,0.0
683276,2017,0.0
683276,2018,0.16666666666666666
683288,2017,0.9166666666666666
683288,2018,0.0
683356,2017,1.5
683356,2018,1.9166666666666667
683361,2017,0.0
683361,2018,2.3333333333333335
683458,2018,0.0
683470,2017,2.6666666666666665
683470,2018,1.25
683485,2017,1.6666666666666667
683485,2018,1.5833333333333333
683487,2017,1.4166666666666667
683487,2018,1.25
683503,2017,2.0833333333333335
683503,2018,1.6666666666666667
683550,2017,0.0
683550,2018,0.0
683660,2017,1.6666666666666667
683660,2018,2.3333333333333335
683664,2017,0.0
683664,2018,1.0
683685,2017,0.0
683685,2018,0.0
683699,2017,1.6666666666666667
683699,2018,1.0
683751,2017,1.6666666666666667
683751,2018,2.0833333333333335
683791,2017,1.5
683791,2018,2.0
683838,2017,0.16666666666666666
683838,2018,2.25
683875,2017,0.0
683875,2018,0.25
683901,2017,2.4166666666666665
683901,2018,1.3333333333333333
683909,2018,3.1818181818181817
683910,2017,0.4166666666666667
683910,2018,1.5
683920,2017,1.5
683920,2018,2.25
684022,2017,2.1666666666666665
684022,2018,0.9166666666666666
684081,2017,0.0
684081,2018,0.5
684103,2017,0.25
684103,2018,0.0
684123,2017,1.7
684123,2018,2.2083333333333335
684133,2017,1.8333333333333333
684133,2018,1.0833333333333333
684155,2017,1.9166666666666667
684155,2018,1.1666666666666667
684201,2017,1.5
684201,2018,2.25
684296,2017,0.0
684296,2018,0.0
684305,2017,1.0833333333333333
684305,2018,1.3333333333333333
684371,2017,2.4166666666666665
684371,2018,1.3333333333333333
684386,2017,1.0833333333333333
684386,2018,1.3333333333333333
684491,2017,1.5
684491,2018,1.5833333333333333
684691,2017,2.25
684691,2018,1.5
684699,2017,0.0
684699,2018,0.0
684776,2017,1.5
684776,2018,1.0
684826,2017,1.3333333333333333
684826,2018,1.5833333333333333
684835,2017,0.0
684835,2018,0.75
684881,2017,1.608695652173913
684881,2018,1.5714285714285714
684889,2017,1.375
684889,2018,1.7272727272727273
684934,2017,1.5833333333333333
684934,2018,0.08333333333333333
685171,2017,1.6666666666666667
685171,2018,0.75
685208,2017,1.8333333333333333
685208,2018,1.25
685314,2017,1.0
685314,2018,1.75
685346,2017,1.0
685346,2018,1.8333333333333333
685375,2017,1.3333333333333333
685375,2018,2.1666666666666665
685408,2017,1.1666666666666667
685408,2018,2.3333333333333335
685518,2017,0.75
685518,2018,0.25
685533,2017,1.3333333333333333
685533,2018,1.5
685546,2017,1.4166666666666667
685546,2018,1.5
685608,2017,1.75
685608,2018,1.8333333333333333
685631,2017,0.8333333333333334
685631,2018,0.0
685653,2017,0.0
685653,2018,0.0
685683,2017,0.75
685683,2018,1.8333333333333333
685720,2017,0.6666666666666666
685720,2018,2.0833333333333335
685792,2017,0.75
685792,2018,0.0
685982,2017,1.3333333333333333
685982,2018,1.9166666666666667
686031,2017,1.8333333333333333
686031,2018,1.4166666666666667
686044,2017,2.3333333333333335
686044,2018,0.8333333333333334
686059,2017,1.5833333333333333
686059,2018,1.0
686196,2017,1.1666666666666667
686196,2018,1.75
686220,2017,2.5
686220,2018,1.5
686223,2018,3.272727272727273
686224,2017,1.5833333333333333
686224,2018,2.25
686232,2017,1.1666666666666667
686232,2018,1.3333333333333333
686371,2018,2.727272727272727
686397,2018,7.363636363636363
686432,2017,0.0
686432,2018,0.0
686471,2017,1.3333333333333333
686471,2018,1.25
686474,2017,0.0
686474,2018,0.0
686509,2018,2.909090909090909
686555,2017,1.75
686555,2018,1.6666666666666667
686561,2018,4.181818181818182
686612,2017,0.3333333333333333
686612,2018,0.0
686709,2017,1.5
686709,2018,1.6666666666666667
686728,2018,6.818181818181818
686769,2017,0.8333333333333334
686769,2018,0.8333333333333334
686783,2017,0.9166666666666666
686783,2018,1.75
686838,2017,1.0833333333333333
686838,2018,2.4166666666666665
687108,2017,0.0
687108,2018,0.0
687170,2017,1.25
687170,2018,0.75
687186,2017,1.1666666666666667
687186,2018,2.0833333333333335
687199,2017,2.25
687199,2018,2.5
687262,2017,1.3333333333333333
687262,2018,1.8333333333333333
687401,2017,1.25
687401,2018,2.4166666666666665
687412,2017,1.8333333333333333
687412,2018,1.3333333333333333
687463,2017,1.8333333333333333
687463,2018,1.25
687525,2017,1.1666666666666667
687525,2018,2.0
687533,2017,2.6666666666666665
687533,2018,1.25
687589,2017,1.0
687589,2018,2.3333333333333335
687593,2017,0.0
687593,2018,0.16666666666666666
687639,2017,1.25
687639,2018,1.5833333333333333
687748,2017,0.0
687748,2018,1.0833333333333333
687820,2017,1.0
687820,2018,1.9166666666666667
687895,2017,2.0833333333333335
687895,2018,1.0
687951,2017,0.0
687951,2018,0.7647058823529411
687962,2017,2.25
687962,2018,1.9166666666666667
687984,2017,0.0
687984,2018,0.0
688058,2017,0.6666666666666666
688058,2018,1.8333333333333333
688132,2017,0.0
688132,2018,0.0
688139,2018,2.0
688168,2017,0.9166666666666666
688168,2018,1.8333333333333333
688178,2017,1.5
688178,2018,1.6666666666666667
688319,2017,0.8333333333333334
688319,2018,1.1666666666666667
688410,2017,1.5833333333333333
688410,2018,2.25
688524,2017,0.9166666666666666
688524,2018,1.0833333333333333
688533,2017,1.5833333333333333
688533,2018,1.6666666666666667
688557,2017,1.8333333333333333
688557,2018,0.8333333333333334
688615,2017,0.0
688615,2018,0.08333333333333333
688627,2017,2.5
688627,2018,2.3333333333333335
688691,2017,2.4166666666666665
688691,2018,1.1666666666666667
688731,2017,0.0
688731,2018,0.0
688748,2017,0.3333333333333333
688748,2018,0.16666666666666666
688820,2017,1.25
688820,2018,1.75
688891,2018,7.636363636363637
688902,2017,0.0
688902,2018,0.0
689000,2017,2.1666666666666665
689000,2018,2.5833333333333335
689112,2017,1.75
689112,2018,1.3333333333333333
689275,2017,2.1666666666666665
689275,2018,1.5833333333333333
689353,2017,1.9166666666666667
689353,2018,1.5
689389,2017,1.5833333333333333
689389,2018,1.4166666666666667
689440,2017,0.0
689440,2018,1.75
689459,2017,0.6666666666666666
689459,2018,1.75
689477,2017,1.5833333333333333
689477,2018,1.0833333333333333
689818,2017,1.4166666666666667
689818,2018,0.75
689839,2018,8.181818181818182
689909,2017,1.0833333333333333
689909,2018,1.0833333333333333
689912,2017,1.0833333333333333
689912,2018,2.3333333333333335
689981,2017,2.75
689981,2018,1.4166666666666667
689993,2017,0.0
689993,2018,0.0
690029,2017,1.0833333333333333
690029,2018,1.5
690191,2018,1.6363636363636365
690199,2017,1.0
690199,2018,1.75
690494,2017,0.3333333333333333
690494,2018,1.4166666666666667
690510,2017,0.0
690510,2018,0.4166666666666667
690554,2017,1.25
690554,2018,0.9166666666666666
690563,2017,1.5
690563,2018,1.5
690637,2017,1.0
690637,2018,1.4166666666666667
690641,2017,0.5
690641,2018,1.4166666666666667
690671,2017,1.0833333333333333
690671,2018,1.8333333333333333
690776,2017,1.8333333333333333
690776,2018,1.4166666666666667
690797,2017,1.1666666666666667
690797,2018,0.75
690862,2017,1.75
690862,2018,2.0833333333333335
690866,2017,1.5
690866,2018,2.0
690890,2017,2.1666666666666665
690890,2018,1.8333333333333333
690916,2017,1.8333333333333333
690916,2018,1.5
690969,2017,1.5
690969,2018,0.9166666666666666
690970,2017,1.0
690970,2018,1.1666666666666667
690971,2017,0.5
690971,2018,1.0
690984,2017,0.0
690984,2018,0.5833333333333334
691077,2018,6.545454545454546
691220,2017,1.6666666666666667
691220,2018,1.9166666666666667
691259,2017,2.0
691259,2018,0.8333333333333334
691262,2017,0.8333333333333334
691262,2018,0.75
691332,2018,2.909090909090909
691365,2017,0.0
691365,2018,0.0
691520,2017,2.0
691520,2018,1.25
691542,2017,0.75
691542,2018,2.0833333333333335
691626,2018,5.909090909090909
691645,2018,5.7272727272727275
691700,2017,2.3333333333333335
691700,2018,1.3333333333333333
691761,2017,0.8333333333333334
691761,2018,1.5833333333333333
691855,2017,0.0
691855,2018,0.0
691909,2017,1.6666666666666667
691909,2018,1.4166666666666667
692096,2017,2.5
692096,2018,1.0833333333333333
692097,2017,0.0
692097,2018,0.0
692121,2017,0.0
692121,2018,0.0
692129,2017,0.5
692129,2018,2.1666666666666665
692151,2017,1.25
692151,2018,2.0
692252,2017,1.1666666666666667
692252,2018,2.0833333333333335
692275,2017,0.16666666666666666
692275,2018,1.75
692291,2017,0.0
692291,2018,0.0
692304,2017,2.5833333333333335
692304,2018,1.5833333333333333
692328,2017,1.4166666666666667
692328,2018,1.4166666666666667
692535,2017,1.9166666666666667
692535,2018,1.5833333333333333
692628,2018,3.8181818181818183
692671,2017,1.3333333333333333
692671,2018,1.75
692685,2017,1.25
692685,2018,0.75
692729,2017,1.25
692729,2018,1.75
692741,2017,0.0
692741,2018,0.0
692841,2017,0.0
692841,2018,0.25
692856,2018,2.6363636363636362
692936,2017,0.0
692936,2018,0.3333333333333333
692992,2017,1.3333333333333333
692992,2018,2.4166666666666665
693045,2017,0.0
693045,2018,1.5
693133,2017,2.1666666666666665
693133,2018,1.5833333333333333
693138,2017,1.25
693138,2018,2.0833333333333335
693196,2017,1.75
693196,2018,2.1666666666666665
693212,2017,1.75
693212,2018,0.8333333333333334
693238,2017,1.0833333333333333
693238,2018,1.5
693256,2017,2.0
693256,2018,1.0
693295,2017,1.4166666666666667
693295,2018,1.8333333333333333
693372,2017,1.4166666666666667
693372,2018,1.3333333333333333
693393,2017,0.0
693393,2018,0.0
693494,2017,0.0
693494,2018,0.9166666666666666
693528,2017,0.0
693528,2018,0.4166666666666667
693608,2017,1.1666666666666667
693608,2018,1.8333333333333333
693625,2017,2.5
693625,2018,0.9166666666666666
693659,2017,2.0
693659,2018,1.5833333333333333
693665,2017,1.75
693665,2018,1.4166666666666667
693791,2017,0.8333333333333334
693791,2018,1.25
693852,2017,1.9166666666666667
693852,2018,1.75
693913,2017,1.8333333333333333
693913,2018,1.4166666666666667
693922,2017,1.4166666666666667
693922,2018,1.3333333333333333
693926,2017,0.0
693926,2018,0.0
694021,2018,3.4545454545454546
694158,2017,2.3333333333333335
694158,2018,1.5833333333333333
694168,2017,0.9166666666666666
694168,2018,0.0
694241,2017,1.5
694241,2018,2.0833333333333335
694388,2017,0.9166666666666666
694388,2018,2.0
694472,2017,1.75
694472,2018,1.4166666666666667
694497,2017,1.4166666666666667
694497,2018,1.3333333333333333
694512,2017,1.5
694512,2018,1.4166666666666667
694648,2017,0.0
694648,2018,0.4166666666666667
694723,2017,1.25
694723,2018,1.0833333333333333
694743,2017,0.8333333333333334
694743,2018,1.9166666666666667
694757,2017,0.9166666666666666
694757,2018,2.0
694828,2017,2.25
694828,2018,0.75
694915,2017,0.0
694915,2018,2.0833333333333335
694942,2017,1.75
694942,2018,1.8333333333333333
695069,2017,0.08333333333333333
695069,2018,0.0
695076,2017,1.5
695076,2018,1.25
695107,2017,1.4166666666666667
695107,2018,1.5833333333333333
695162,2017,1.5
695162,2018,0.0
695250,2017,1.1666666666666667
695250,2018,2.0833333333333335
695342,2017,1.0
695342,2018,0.75
695385,2017,0.0
695385,2018,0.0
695428,2017,0.4166666666666667
695428,2018,1.25
695529,2017,1.75
695529,2018,1.6666666666666667
695564,2017,0.0
695564,2018,0.0
695596,2017,0.0
695596,2018,1.1666666666666667
695624,2017,2.25
695624,2018,1.6666666666666667
695686,2017,1.5
695686,2018,1.9166666666666667
695755,2017,0.0
695755,2018,0.0
695855,2017,1.25
695855,2018,1.5833333333333333
695878,2017,2.0833333333333335
695878,2018,1.3333333333333333
695965,2018,5.545454545454546
695978,2017,2.0
695978,2018,1.5833333333333333
695987,2017,0.5833333333333334
695987,2018,1.4166666666666667
696026,2017,0.6666666666666666
696026,2018,0.0
696090,2017,2.3333333333333335
696090,2018,1.25
696096,2017,1.3333333333333333
696096,2018,1.6666666666666667
696128,2017,2.6666666666666665
696128,2018,1.5833333333333333
696199,2017,2.4166666666666665
696199,2018,1.5
696329,2017,2.1666666666666665
696329,2018,2.0
696431,2017,1.6666666666666667
696431,2018,1.8333333333333333
696444,2017,1.25
696444,2018,1.4166666666666667
696486,2017,2.0833333333333335
696486,2018,2.0
696502,2017,1.8333333333333333
696502,2018,1.1666666666666667
696504,2017,0.5
696504,2018,1.4166666666666667
696562,2017,0.0
696562,2018,0.6666666666666666
696577,2018,2.272727272727273
696609,2017,2.0
696609,2018,1.6666666666666667
696732,2017,0.0
696732,2018,0.16666666666666666
696826,2017,1.8333333333333333
696826,2018,0.8333333333333334
696864,2017,1.6666666666666667
696864,2018,0.5
696897,2018,1.2727272727272727
697029,2017,1.5833333333333333
697029,2018,1.5833333333333333
697079,2017,0.0
697079,2018,0.5833333333333334
697091,2017,1.1666666666666667
697091,2018,1.6666666666666667
697162,2018,5.909090909090909
697169,2017,0.9166666666666666
697169,2018,0.9166666666666666
697272,2017,1.6666666666666667
697272,2018,1.3333333333333333
697323,2017,0.0
697323,2018,0.0
697356,2017,0.5
697356,2018,1.25
697393,2017,1.5833333333333333
697393,2018,0.08333333333333333
697477,2017,1.25
697477,2018,1.75
697680,2017,0.0
697680,2018,1.5833333333333333
697766,2017,1.3333333333333333
697766,2018,1.5833333333333333
697824,2017,0.0
697824,2018,0.0
697837,2017,1.75
697837,2018,1.6666666666666667
697840,2017,0.0
697840,2018,0.0
697905,2017,1.9166666666666667
697905,2018,1.4166666666666667
697917,2017,0.0
697917,2018,0.5
697962,2017,0.0
697962,2018,0.0
698072,2017,0.8333333333333334
698072,2018,1.5833333333333333
698122,2017,2.0833333333333335
698122,2018,2.3333333333333335
698159,2017,0.0
698159,2018,0.5833333333333334
698180,2017,0.0
698180,2018,1.0833333333333333
698242,2017,2.5
698242,2018,1.1666666666666667
698390,2017,1.5
698390,2018,1.25
698395,2017,1.0833333333333333
698395,2018,1.5
698443,2017,1.1666666666666667
698443,2018,1.5
698505,2017,0.9166666666666666
698505,2018,2.1666666666666665
698510,2017,0.6666666666666666
698510,2018,2.0
698546,2017,0.3333333333333333
698546,2018,1.4166666666666667
698573,2017,2.0
698573,2018,2.1666666666666665
698627,2017,0.0
698627,2018,0.4166666666666667
698647,2017,1.4166666666666667
698647,2018,0.75
698915,2017,0.0
698915,2018,0.0
698932,2017,0.6666666666666666
698932,2018,0.16666666666666666
698937,2017,2.1666666666666665
698937,2018,1.25
698988,2017,1.8333333333333333
698988,2018,1.0833333333333333
699194,2018,4.818181818181818
699220,2017,0.0
699220,2018,0.0
699243,2017,1.75
699243,2018,1.8333333333333333
699281,2017,1.0
699281,2018,0.0
699343,2017,0.75
699343,2018,2.75
699397,2017,2.1666666666666665
699397,2018,1.6666666666666667
699511,2017,1.6666666666666667
699511,2018,0.6666666666666666
699739,2017,1.5
699739,2018,1.6666666666666667
699750,2017,1.0833333333333333
699750,2018,1.0833333333333333
699751,2017,1.1666666666666667
699751,2018,1.6666666666666667
699875,2017,1.6666666666666667
699875,2018,1.1666666666666667
699962,2017,1.75
699962,2018,1.8333333333333333
700011,2017,0.0
700011,2018,0.0
700096,2017,1.9166666666666667
700096,2018,1.0833333333333333
700145,2017,2.1666666666666665
700145,2018,2.25
700207,2017,1.6666666666666667
700207,2018,1.9166666666666667
700225,2017,1.6666666666666667
700225,2018,1.5833333333333333
700245,2017,3.3333333333333335
700245,2018,2.25
700260,2017,1.0
700260,2018,1.5
700276,2017,1.75
700276,2018,2.25
700286,2017,0.0
700286,2018,1.5
700335,2017,1.75
700335,2018,0.5833333333333334
700343,2017,1.9166666666666667
700343,2018,1.25
700356,2017,0.0
700356,2018,0.8333333333333334
700430,2017,2.4166666666666665
700430,2018,2.4166666666666665
700474,2017,0.0
700474,2018,0.5833333333333334
700497,2017,0.0
700497,2018,0.9166666666666666
700566,2018,6.363636363636363
700650,2017,1.5909090909090908
700650,2018,0.0
700705,2017,2.0
700705,2018,1.1666666666666667
700731,2017,1.5
700731,2018,0.0
700748,2017,2.25
700748,2018,1.0
700770,2017,1.4166666666666667
700770,2018,1.25
700871,2017,2.0
700871,2018,1.25
700918,2017,1.75
700918,2018,2.1666666666666665
700924,2017,0.4166666666666667
700924,2018,1.0
700958,2017,0.0
700958,2018,0.0
701012,2018,5.0
701036,2017,0.4166666666666667
701036,2018,1.5833333333333333
701216,2017,0.16666666666666666
701216,2018,1.6666666666666667
701223,2017,2.0833333333333335
701223,2018,1.3333333333333333
701235,2017,1.1666666666666667
701235,2018,1.0
701308,2017,1.3333333333333333
701308,2018,1.5
701391,2017,1.5
701391,2018,1.4166666666666667
701485,2017,1.6666666666666667
701485,2018,1.8333333333333333
701617,2017,1.6666666666666667
701617,2018,1.6666666666666667
701622,2017,1.5833333333333333
701622,2018,2.5
701645,2018,4.545454545454546
701708,2017,0.0
701708,2018,0.0
701732,2017,0.0
701732,2018,0.25
701792,2017,1.1666666666666667
701792,2018,0.0
701803,2017,1.6666666666666667
701803,2018,2.3333333333333335
701954,2017,0.75
701954,2018,1.0
702005,2018,3.727272727272727
702048,2017,1.25
702048,2018,1.1666666666666667
702147,2017,0.0
702147,2018,1.8333333333333333
702161,2017,0.0
702161,2018,1.0833333333333333
702257,2017,1.6666666666666667
702257,2018,1.5
702269,2017,0.25
702269,2018,1.8333333333333333
702284,2017,1.0833333333333333
702284,2018,1.25
702325,2017,0.0
702325,2018,0.0
702327,2017,1.3333333333333333
702327,2018,1.9166666666666667
702406,2017,1.3333333333333333
702406,2018,1.5833333333333333
702478,2017,1.3333333333333333
702478,2018,2.4166666666666665
702482,2017,0.0
702482,2018,1.2777777777777777
702493,2017,1.4166666666666667
702493,2018,0.0
702522,2017,1.9166666666666667
702522,2018,1.8333333333333333
702528,2017,1.75
702528,2018,1.3333333333333333
702542,2017,1.75
702542,2018,1.4166666666666667
702588,2017,1.1666666666666667
702588,2018,2.1666666666666665
702677,2017,1.75
702677,2018,1.25
702686,2018,7.0
702746,2017,1.4166666666666667
702746,2018,1.4166666666666667
702800,2017,0.75
702800,2018,2.0
702809,2017,0.0
702809,2018,2.25
702863,2017,1.5833333333333333
702863,2018,1.1666666666666667
702868,2017,1.25
702868,2018,1.1666666666666667
702884,2017,1.6666666666666667
702884,2018,1.5
702915,2017,2.0833333333333335
702915,2018,1.5
702938,2017,0.0
702938,2018,0.0
703104,2017,0.6666666666666666
703104,2018,2.0
703109,2017,2.6666666666666665
703109,2018,1.75
703160,2017,0.0
703160,2018,0.0
703249,2017,0.0
703249,2018,1.3333333333333333
703278,2017,0.0
703278,2018,0.0
703338,2017,0.0
703338,2018,0.4166666666666667
703374,2017,0.16666666666666666
703374,2018,1.1666666666666667
703505,2017,2.6666666666666665
703505,2018,1.3333333333333333
703507,2017,2.0
703507,2018,1.4166666666666667
703621,2017,0.9166666666666666
703621,2018,1.5833333333333333
703711,2017,0.0
703711,2018,2.6666666666666665
703804,2017,2.25
703804,2018,1.3333333333333333
703852,2017,1.0833333333333333
703852,2018,0.0
703882,2017,0.0
703882,2018,0.0
703937,2017,2.0833333333333335
703937,2018,2.4166666666666665
703972,2017,0.0
703972,2018,0.0
704074,2017,0.6666666666666666
704074,2018,1.0
704112,2017,1.5
704112,2018,1.5833333333333333
704149,2017,1.6666666666666667
704149,2018,1.25
704150,2017,1.5833333333333333
704150,2018,1.4166666666666667
704267,2017,0.25
704267,2018,1.8333333333333333
704270,2017,1.6666666666666667
704270,2018,1.8333333333333333
704308,2017,0.0
704308,2018,0.0
704423,2017,2.3333333333333335
704423,2018,1.5833333333333333
704559,2017,1.6666666666666667
704559,2018,1.1666666666666667
704600,2017,1.6666666666666667
704600,2018,2.0833333333333335
704603,2017,2.0833333333333335
704603,2018,2.0
704607,2017,0.5
704607,2018,0.08333333333333333
704709,2017,1.0833333333333333
704709,2018,2.6666666666666665
704835,2017,1.5
704835,2018,1.8333333333333333
704967,2017,1.1666666666666667
704967,2018,1.6666666666666667
704968,2017,1.75
704968,2018,2.5
705006,2017,1.4166666666666667
705006,2018,1.8333333333333333
705020,2017,2.25
705020,2018,1.0
705113,2017,1.9166666666666667
705113,2018,1.0
705196,2017,2.3333333333333335
705196,2018,2.4166666666666665
705243,2017,1.3333333333333333
705243,2018,1.3333333333333333
705262,2017,0.16666666666666666
705262,2018,2.75
705353,2017,1.9166666666666667
705353,2018,1.3333333333333333
705453,2017,1.25
705453,2018,0.9166666666666666
705490,2017,0.0
705490,2018,1.0
705496,2017,2.1666666666666665
705496,2018,1.8333333333333333
705589,2017,2.25
705589,2018,1.4166666666666667
705633,2017,0.0
705633,2018,0.5
705641,2017,0.5
705641,2018,2.8333333333333335
705756,2017,0.0
705756,2018,0.0
705806,2018,6.363636363636363
705911,2017,1.5833333333333333
705911,2018,1.9166666666666667
705980,2017,1.6666666666666667
705980,2018,2.0
706007,2017,0.25
706007,2018,1.4166666666666667
706106,2017,1.5833333333333333
706106,2018,1.3333333333333333
706125,2017,1.5
706125,2018,1.5
706185,2017,0.0
706185,2018,0.0
706199,2017,0.0
706199,2018,0.5833333333333334
706425,2017,0.0
706425,2018,0.0
706497,2017,2.0
706497,2018,2.3333333333333335
706510,2017,2.5
706510,2018,2.25
706628,2017,0.0
706628,2018,0.5833333333333334
706747,2017,0.0
706747,2018,0.0
706792,2017,1.5
706792,2018,2.4166666666666665
706820,2017,2.25
706820,2018,1.8333333333333333
706876,2017,0.0
706876,2018,0.0
706884,2017,2.1666666666666665
706884,2018,0.0
706918,2017,1.0833333333333333
706918,2018,2.0833333333333335
706962,2017,1.4166666666666667
706962,2018,1.8333333333333333
706970,2018,0.0
707017,2017,0.16666666666666666
707017,2018,1.3333333333333333
707023,2017,2.0833333333333335
707023,2018,2.0833333333333335
707042,2017,0.8333333333333334
707042,2018,2.25
707114,2017,1.6666666666666667
707114,2018,1.6666666666666667
707146,2017,1.9166666666666667
707146,2018,1.1666666666666667
707152,2017,0.0
707152,2018,0.5833333333333334
707273,2017,1.4166666666666667
707273,2018,0.0
707276,2017,0.5833333333333334
707276,2018,0.75
707424,2017,1.5833333333333333
707424,2018,1.1666666666666667
707470,2017,1.25
707470,2018,1.5
707513,2017,1.6666666666666667
707513,2018,2.0
707557,2017,1.5
707557,2018,2.4166666666666665
707588,2017,1.5833333333333333
707588,2018,1.0833333333333333
707592,2018,4.363636363636363
707698,2017,0.8333333333333334
707698,2018,1.6666666666666667
707699,2017,2.0833333333333335
707699,2018,1.9166666666666667
707710,2018,0.0
707716,2017,1.9166666666666667
707716,2018,1.0833333333333333
707754,2017,3.1666666666666665
707754,2018,1.5
707762,2017,0.0
707762,2018,1.0833333333333333
707860,2017,0.0
707860,2018,0.0
707869,2017,1.4166666666666667
707869,2018,1.25
707967,2017,2.25
707967,2018,1.5833333333333333
707974,2017,0.25
707974,2018,0.75
707999,2017,0.16666666666666666
707999,2018,0.0
708020,2017,1.9166666666666667
708020,2018,2.0833333333333335
708151,2017,0.0
708151,2018,0.0
708160,2017,1.6666666666666667
708160,2018,1.6666666666666667
708210,2017,1.3333333333333333
708210,2018,0.75
708230,2017,1.0
708230,2018,1.6666666666666667
708258,2017,0.9166666666666666
708258,2018,1.25
708271,2017,1.9166666666666667
708271,2018,2.1666666666666665
708337,2017,0.25
708337,2018,1.9166666666666667
708343,2017,1.6666666666666667
708343,2018,1.25
708360,2017,1.75
708360,2018,0.8333333333333334
708373,2017,1.5833333333333333
708373,2018,1.9166666666666667
708458,2018,3.272727272727273
708519,2017,2.0833333333333335
708519,2018,2.1666666666666665
708539,2017,2.0833333333333335
708539,2018,1.0833333333333333
708555,2017,0.0
708555,2018,0.9166666666666666
708566,2017,1.25
708566,2018,2.0
708634,2017,2.0
708634,2018,2.25
708654,2017,1.9166666666666667
708654,2018,1.6666666666666667
708692,2017,1.6666666666666667
708692,2018,2.0
708807,2017,1.8333333333333333
708807,2018,1.1666666666666667
708892,2017,1.3333333333333333
708892,2018,0.8333333333333334
708933,2018,2.3636363636363638
708982,2017,1.4166666666666667
708982,2018,0.5833333333333334
709059,2018,3.272727272727273
709123,2017,1.0833333333333333
709123,2018,0.75
709212,2017,0.0
709212,2018,0.0
709238,2017,1.4166666666666667
709238,2018,1.5
709279,2017,1.5
709279,2018,1.3333333333333333
709385,2017,1.3333333333333333
709385,2018,1.1666666666666667
709415,2017,1.0
709415,2018,2.3333333333333335
709472,2017,1.75
709472,2018,0.9166666666666666
709479,2017,1.75
709479,2018,0.0
709499,2017,1.25
709499,2018,1.4166666666666667
709550,2017,1.5
709550,2018,1.6666666666666667
709566,2017,1.75
709566,2018,1.0833333333333333
709595,2017,2.0833333333333335
709595,2018,1.5833333333333333
709656,2018,3.5454545454545454
709659,2017,1.5
709659,2018,1.0
709724,2017,1.5833333333333333
709724,2018,1.8333333333333333
709726,2017,1.6666666666666667
709726,2018,1.3333333333333333
709747,2017,2.4166666666666665
709747,2018,1.5833333333333333
709844,2017,0.0
709844,2018,0.0
709869,2017,0.0
709869,2018,0.9166666666666666
709920,2017,1.6666666666666667
709920,2018,0.75
709948,2017,2.9166666666666665
709948,2018,1.0
709982,2017,1.5
709982,2018,2.25
710003,2017,0.0
710003,2018,0.0
710005,2017,1.25
710005,2018,0.8333333333333334
710029,2017,1.1666666666666667
710029,2018,0.6666666666666666
710053,2017,1.8333333333333333
710053,2018,1.5833333333333333
710069,2017,1.0833333333333333
710069,2018,2.0
710115,2017,1.5833333333333333
710115,2018,1.5
710145,2017,0.0
710145,2018,0.08333333333333333
710203,2017,0.0
710203,2018,0.0
710255,2017,1.6666666666666667
710255,2018,2.0833333333333335
710364,2017,1.8333333333333333
710364,2018,1.4166666666666667
710473,2017,0.0
710473,2018,0.0
710515,2018,6.636363636363637
710598,2018,4.909090909090909
711129,2017,0.0
711129,2018,0.0
711214,2017,2.0
711214,2018,1.1666666666666667
711248,2017,1.1666666666666667
711248,2018,1.25
711263,2017,0.0
711263,2018,0.5
711285,2017,0.0
711285,2018,0.0
711319,2017,0.16666666666666666
711319,2018,0.0
711363,2018,2.727272727272727
711490,2017,0.5
711490,2018,1.5833333333333333
711500,2018,5.0
711510,2017,2.6666666666666665
711510,2018,2.6666666666666665
711541,2017,1.9166666666666667
711541,2018,1.3333333333333333
711552,2017,1.75
711552,2018,1.0833333333333333
711565,2017,1.0833333333333333
711565,2018,1.0
711567,2017,1.75
711567,2018,1.8333333333333333
711571,2017,1.25
711571,2018,0.0
711577,2017,1.0833333333333333
711577,2018,1.8333333333333333
711605,2017,0.0
711605,2018,0.4166666666666667
711625,2017,2.0
711625,2018,1.4166666666666667
711680,2017,2.0833333333333335
711680,2018,1.0
711775,2017,0.0
711775,2018,0.0
711795,2017,1.75
711795,2018,2.25
711823,2017,0.9166666666666666
711823,2018,1.9166666666666667
711853,2018,4.2727272727272725
711864,2017,1.25
711864,2018,1.8333333333333333
711874,2017,2.0833333333333335
711874,2018,1.5833333333333333
712026,2017,1.8333333333333333
712026,2018,1.5833333333333333
712062,2017,0.9166666666666666
712062,2018,1.3333333333333333
712114,2018,7.545454545454546
712130,2017,1.25
712130,2018,1.8333333333333333
712132,2017,0.0
712132,2018,0.0
712220,2017,0.0
712220,2018,0.4166666666666667
712236,2017,0.3333333333333333
712236,2018,1.75
712248,2017,0.9166666666666666
712248,2018,1.1666666666666667
712362,2017,1.25
712362,2018,1.0
712426,2017,2.4166666666666665
712426,2018,1.4166666666666667
712521,2017,1.75
712521,2018,0.8333333333333334
712584,2018,7.0
712590,2018,3.909090909090909
712605,2017,1.0
712605,2018,1.9166666666666667
712636,2017,0.6666666666666666
712636,2018,0.0
712874,2017,0.0
712874,2018,0.0
713039,2017,0.16666666666666666
713039,2018,1.25
713067,2017,0.08333333333333333
713067,2018,0.0
713085,2017,2.0
713085,2018,1.5833333333333333
713094,2017,2.0833333333333335
713094,2018,2.25
713132,2017,1.5217391304347827
713132,2018,1.4285714285714286
713236,2017,1.25
713236,2018,2.0833333333333335
713257,2017,1.4166666666666667
713257,2018,1.1666666666666667
713299,2018,4.545454545454546
713329,2017,1.9166666666666667
713329,2018,2.0
713406,2018,5.090909090909091
713423,2017,2.4166666666666665
713423,2018,1.8333333333333333
713465,2017,1.6666666666666667
713465,2018,2.3333333333333335
713520,2017,1.4166666666666667
713520,2018,0.0
713580,2017,1.0833333333333333
713580,2018,1.5833333333333333
713636,2017,1.75
713636,2018,0.6666666666666666
713831,2017,2.5
713831,2018,1.5
713853,2017,2.5
713853,2018,1.0833333333333333
713981,2017,1.6666666666666667
713981,2018,0.0
713998,2017,1.75
713998,2018,1.9166666666666667
714121,2017,1.9166666666666667
714121,2018,1.5
714123,2017,1.6666666666666667
714123,2018,1.5833333333333333
714161,2017,0.0
714161,2018,0.0
714163,2018,3.4545454545454546
714206,2017,2.0
714206,2018,1.3333333333333333
714270,2017,2.25
714270,2018,1.9166666666666667
714316,2018,4.909090909090909
714379,2017,0.5
714379,2018,1.75
714536,2017,1.75
714536,2018,2.25
714555,2017,2.1666666666666665
714555,2018,1.5833333333333333
714757,2017,2.0
714757,2018,1.5
714825,2017,1.0833333333333333
714825,2018,1.5833333333333333
714840,2017,0.0
714840,2018,0.3333333333333333
714939,2017,2.6666666666666665
714939,2018,1.4166666666666667
714944,2017,1.0833333333333333
714944,2018,1.3333333333333333
714962,2017,1.5833333333333333
714962,2018,1.5
715015,2017,1.5833333333333333
715015,2018,1.1666666666666667
715184,2017,0.16666666666666666
715184,2018,1.0
715255,2017,0.0
715255,2018,1.25
715271,2017,1.75
715271,2018,1.6666666666666667
715300,2017,1.4166666666666667
715300,2018,1.3333333333333333
715369,2017,1.6666666666666667
715369,2018,1.6666666666666667
715462,2017,1.1666666666666667
715462,2018,1.75
715514,2017,0.0
715514,2018,1.75
715555,2017,0.25
715555,2018,0.16666666666666666
715640,2017,2.0833333333333335
715640,2018,1.3333333333333333
715645,2017,1.4166666666666667
715645,2018,1.0833333333333333
715668,2017,0.16666666666666666
715668,2018,0.0
715678,2017,1.75
715678,2018,1.0
715689,2017,1.25
715689,2018,1.4166666666666667
715764,2017,1.25
715764,2018,0.6666666666666666
715792,2017,2.5
715792,2018,0.75
715797,2017,0.0
715797,2018,0.3333333333333333
715817,2017,2.5
715817,2018,1.0833333333333333
715947,2017,1.9166666666666667
715947,2018,1.0
716019,2017,0.0
716019,2018,0.8333333333333334
716068,2017,2.25
716068,2018,1.1666666666666667
716197,2018,4.090909090909091
716236,2017,1.25
716236,2018,0.0
716294,2017,1.3333333333333333
716294,2018,1.5
716360,2017,1.75
716360,2018,1.3333333333333333
716362,2017,2.25
716362,2018,1.25
716371,2017,0.0
716371,2018,0.0
716393,2017,2.0
716393,2018,1.75
716435,2017,0.0
716435,2018,0.0
716533,2017,1.4166666666666667
716533,2018,2.3333333333333335
716548,2017,1.5833333333333333
716548,2018,2.75
716589,2017,0.0
716589,2018,1.4166666666666667
716690,2017,1.25
716690,2018,2.0
716750,2017,1.25
716750,2018,0.9166666666666666
716785,2017,1.25
716785,2018,1.3333333333333333
716812,2017,2.4166666666666665
716812,2018,1.3333333333333333
716863,2017,1.75
716863,2018,1.0
716932,2017,0.5833333333333334
716932,2018,1.5833333333333333
716948,2017,1.5833333333333333
716948,2018,1.6666666666666667
716961,2017,2.25
716961,2018,1.6666666666666667
717026,2017,1.9166666666666667
717026,2018,2.1666666666666665
717100,2017,2.3333333333333335
717100,2018,1.5833333333333333
717150,2017,2.0
717150,2018,1.4166666666666667
717229,2017,1.4166666666666667
717229,2018,2.0833333333333335
717232,2017,3.5
717232,2018,1.5833333333333333
717250,2017,1.6666666666666667
717250,2018,1.5
717308,2017,2.1666666666666665
717308,2018,1.0833333333333333
717359,2017,0.0
717359,2018,1.0833333333333333
717407,2017,1.75
717407,2018,1.6666666666666667
717459,2017,1.8333333333333333
717459,2018,0.9166666666666666
717521,2017,1.8333333333333333
717521,2018,1.4166666666666667
717565,2017,2.0833333333333335
717565,2018,2.25
717632,2017,1.0833333333333333
717632,2018,2.0
717660,2017,0.75
717660,2018,1.4166666666666667
717700,2017,2.0
717700,2018,2.0833333333333335
717762,2017,0.0
717762,2018,1.75
717772,2017,0.0
717772,2018,0.0
717780,2017,1.6666666666666667
717780,2018,1.1666666666666667
717806,2017,0.9166666666666666
717806,2018,1.5
717891,2017,1.4166666666666667
717891,2018,2.0833333333333335
718029,2017,2.25
718029,2018,1.9166666666666667
718031,2017,1.5
718031,2018,1.5
718199,2017,0.0
718199,2018,0.3333333333333333
718227,2017,0.9166666666666666
718227,2018,0.8333333333333334
718409,2017,1.4166666666666667
718409,2018,1.8333333333333333
718454,2017,0.0
718454,2018,0.16666666666666666
718491,2017,0.0
718491,2018,1.4166666666666667
718516,2017,0.75
718516,2018,1.4166666666666667
718655,2018,3.3636363636363638
718745,2017,0.5
718745,2018,2.5833333333333335
718752,2017,2.0833333333333335
718752,2018,1.4166666666666667
718764,2017,2.0
718764,2018,2.5
718887,2017,1.6666666666666667
718887,2018,1.6666666666666667
718922,2017,2.25
718922,2018,1.25
718962,2017,1.4166666666666667
718962,2018,1.5833333333333333
718972,2017,1.5
718972,2018,1.5833333333333333
719135,2017,1.5
719135,2018,1.75
719162,2017,0.5833333333333334
719162,2018,0.0
719192,2017,1.5833333333333333
719192,2018,1.8333333333333333
719213,2017,1.6666666666666667
719213,2018,1.9166666666666667
719242,2017,1.5
719242,2018,2.0
719300,2017,0.0
719300,2018,0.5833333333333334
719383,2017,1.3333333333333333
719383,2018,2.0
719576,2017,0.0
719576,2018,1.0
719633,2017,0.0
719633,2018,0.0
719673,2017,1.6666666666666667
719673,2018,1.75
719706,2017,1.0833333333333333
719706,2018,0.8333333333333334
719719,2017,0.0
719719,2018,0.75
719736,2017,1.6666666666666667
719736,2018,2.0
719824,2017,1.0
719824,2018,2.0
719850,2017,0.0
719850,2018,0.0
720007,2017,1.5833333333333333
720007,2018,0.9166666666666666
720079,2017,1.25
720079,2018,1.0833333333333333
720131,2017,0.0
720131,2018,0.16666666666666666
720146,2017,1.5833333333333333
720146,2018,1.3333333333333333
720178,2017,0.0
720178,2018,0.0
720197,2017,1.3333333333333333
720197,2018,1.5833333333333333
720300,2017,1.9166666666666667
720300,2018,0.4166666666666667
720465,2017,1.5833333333333333
720465,2018,0.5833333333333334
720514,2017,2.3333333333333335
720514,2018,1.6666666666666667
720536,2017,0.0
720536,2018,0.0
720557,2017,1.6666666666666667
720557,2018,1.3333333333333333
720626,2018,4.818181818181818
720765,2017,1.3333333333333333
720765,2018,1.4166666666666667
720939,2017,2.6666666666666665
720939,2018,1.5833333333333333
721088,2017,1.1666666666666667
721088,2018,1.5
721225,2017,0.9166666666666666
721225,2018,2.0
721300,2017,1.5
721300,2018,1.5833333333333333
721364,2017,0.0
721364,2018,0.0
721366,2018,5.090909090909091
721372,2017,1.5
721372,2018,1.9166666666666667
721377,2017,2.75
721377,2018,1.0
721406,2017,0.5
721406,2018,1.75
721423,2017,1.8333333333333333
721423,2018,1.9166666666666667
721437,2017,0.3333333333333333
721437,2018,1.6666666666666667
721438,2017,2.1666666666666665
721438,2018,1.4166666666666667
721456,2017,0.0
721456,2018,0.9166666666666666
721494,2017,0.25
721494,2018,1.1666666666666667
721639,2017,1.3333333333333333
721639,2018,0.0
721664,2017,1.75
721664,2018,1.9166666666666667
721688,2017,1.6666666666666667
721688,2018,1.4166666666666667
721707,2017,1.8333333333333333
721707,2018,2.25
721713,2017,0.8333333333333334
721713,2018,0.5833333333333334
721786,2017,1.5833333333333333
721786,2018,1.75
721973,2017,1.9166666666666667
721973,2018,1.3333333333333333
721984,2017,1.4166666666666667
721984,2018,1.4166666666666667
722003,2017,1.0833333333333333
722003,2018,1.6666666666666667
722089,2017,1.6666666666666667
722089,2018,0.9166666666666666
722120,2017,1.5833333333333333
722120,2018,1.0
722154,2017,0.0
722154,2018,0.0
722169,2017,1.4166666666666667
722169,2018,2.0
722324,2017,1.5833333333333333
722324,2018,1.6666666666666667
722368,2017,1.9166666666666667
722368,2018,1.75
722399,2017,1.4166666666666667
722399,2018,1.4166666666666667
722518,2017,1.5
722518,2018,1.0
722538,2017,1.5833333333333333
722538,2018,2.0833333333333335
722566,2017,2.0
722566,2018,2.5
722629,2017,1.3333333333333333
722629,2018,2.5
722976,2017,1.1666666666666667
722976,2018,1.1666666666666667
722988,2017,1.5
722988,2018,1.0833333333333333
723015,2017,1.9166666666666667
723015,2018,1.9166666666666667
723055,2017,1.8333333333333333
723055,2018,1.5833333333333333
723061,2017,3.0
723061,2018,2.0833333333333335
723091,2017,0.8333333333333334
723091,2018,1.9166666666666667
723112,2017,2.1666666666666665
723112,2018,1.6666666666666667
723186,2017,1.4166666666666667
723186,2018,1.6666666666666667
723208,2017,0.0
723208,2018,0.75
723262,2017,0.0
723262,2018,0.4166666666666667
723298,2017,1.5
723298,2018,1.25
723347,2017,0.8333333333333334
723347,2018,1.8333333333333333
723390,2017,0.25
723390,2018,0.0
723438,2017,0.0
723438,2018,0.08333333333333333
723457,2018,3.5454545454545454
723476,2017,1.9166666666666667
723476,2018,1.25
723591,2017,1.25
723591,2018,1.9166666666666667
723672,2017,2.1666666666666665
723672,2018,0.9166666666666666
723691,2017,2.4166666666666665
723691,2018,1.4166666666666667
723707,2017,0.0
723707,2018,1.0
723715,2017,0.0
723715,2018,0.5833333333333334
723820,2017,0.5833333333333334
723820,2018,1.75
723912,2018,6.818181818181818
723968,2017,0.8333333333333334
723968,2018,1.0
723969,2017,0.0
723969,2018,0.0
723978,2017,1.4166666666666667
723978,2018,2.75
724028,2017,0.5833333333333334
724028,2018,1.5
724033,2017,1.0
724033,2018,1.4166666666666667
724071,2018,5.909090909090909
724139,2017,1.75
724139,2018,2.25
724168,2017,1.0833333333333333
724168,2018,0.75
724222,2017,1.4166666666666667
724222,2018,1.0833333333333333
724272,2017,1.4166666666666667
724272,2018,1.8333333333333333
724378,2017,1.4166666666666667
724378,2018,1.0833333333333333
724414,2017,1.4166666666666667
724414,2018,1.6666666666666667
724424,2017,1.9166666666666667
724424,2018,1.5833333333333333
724435,2017,1.6666666666666667
724435,2018,0.8333333333333334
724510,2017,0.0
724510,2018,0.25
724513,2017,0.0
724513,2018,0.8333333333333334
724599,2017,0.0
724599,2018,0.0
724626,2017,0.5833333333333334
724626,2018,1.5833333333333333
724660,2017,1.0833333333333333
724660,2018,1.25
724720,2017,1.8333333333333333
724720,2018,1.6666666666666667
724723,2017,0.5
724723,2018,1.1666666666666667
724781,2017,1.25
724781,2018,1.8333333333333333
724818,2017,1.4166666666666667
724818,2018,1.8333333333333333
724979,2017,0.8333333333333334
724979,2018,0.6666666666666666
724987,2017,1.0
724987,2018,2.0833333333333335
724989,2017,1.75
724989,2018,1.8333333333333333
725004,2018,4.181818181818182
725086,2017,1.5
725086,2018,1.1666666666666667
725100,2017,1.5
725100,2018,1.0
725120,2017,1.5
725120,2018,2.3333333333333335
725129,2017,1.3333333333333333
725129,2018,1.5
725182,2017,1.1666666666666667
725182,2018,1.4166666666666667
725294,2017,1.75
725294,2018,1.25
725326,2017,2.0833333333333335
725326,2018,1.8333333333333333
725413,2017,0.3333333333333333
725413,2018,2.1666666666666665
725510,2017,1.0
725510,2018,1.4166666666666667
725575,2017,1.9166666666666667
725575,2018,1.8333333333333333
725580,2017,0.0
725580,2018,0.3333333333333333
725705,2017,1.3333333333333333
725705,2018,1.4166666666666667
725795,2017,1.3333333333333333
725795,2018,0.9166666666666666
725807,2017,1.6666666666666667
725807,2018,2.0833333333333335
725835,2017,2.1666666666666665
725835,2018,1.6666666666666667
725962,2017,0.0
725962,2018,0.8333333333333334
726065,2017,1.8333333333333333
726065,2018,1.9166666666666667
726077,2017,0.0
726077,2018,0.16666666666666666
726139,2017,2.0
726139,2018,1.5
726268,2017,1.0
726268,2018,1.0833333333333333
726309,2017,0.0
726309,2018,0.9166666666666666
726472,2017,0.0
726472,2018,0.0
726499,2017,1.1666666666666667
726499,2018,0.8333333333333334
726544,2017,0.16666666666666666
726544,2018,1.3333333333333333
726684,2017,1.1666666666666667
726684,2018,1.9166666666666667
726688,2017,0.5833333333333334
726688,2018,2.1666666666666665
726701,2017,1.75
726701,2018,1.6666666666666667
726732,2017,1.8333333333333333
726732,2018,0.0
726735,2017,0.75
726735,2018,1.3333333333333333
726848,2017,1.75
726848,2018,0.8333333333333334
726873,2017,2.25
726873,2018,1.3333333333333333
726932,2017,1.25
726932,2018,1.5833333333333333
726940,2017,0.0
726940,2018,0.0
726980,2017,1.8333333333333333
726980,2018,1.8333333333333333
727047,2017,0.0
727047,2018,0.5
727053,2017,0.75
727053,2018,0.16666666666666666
727072,2017,0.0
727072,2018,0.0
727091,2018,4.333333333333333
727095,2017,1.4166666666666667
727095,2018,2.0833333333333335
727175,2017,2.5
727175,2018,0.75
727179,2017,0.0
727179,2018,0.25
727197,2017,0.0
727197,2018,0.0
727348,2017,1.3333333333333333
727348,2018,1.3333333333333333
727363,2017,0.0
727363,2018,0.0
727415,2017,2.0833333333333335
727415,2018,1.75
727428,2017,0.0
727428,2018,1.8333333333333333
727446,2017,0.9166666666666666
727446,2018,1.6666666666666667
727497,2017,0.75
727497,2018,1.0833333333333333
727507,2017,0.0
727507,2018,0.9
727573,2017,1.25
727573,2018,1.4166666666666667
727595,2017,1.4166666666666667
727595,2018,0.8333333333333334
727648,2017,2.0
727648,2018,1.3333333333333333
727686,2017,0.9166666666666666
727686,2018,0.0
727847,2017,1.5
727847,2018,1.75
727873,2017,0.0
727873,2018,1.4166666666666667
727952,2017,0.0
727952,2018,0.9166666666666666
728009,2017,0.0
728009,2018,0.0
728021,2017,2.1666666666666665
728021,2018,0.9166666666666666
728043,2017,0.25
728043,2018,2.1666666666666665
728085,2017,1.8333333333333333
728085,2018,1.3333333333333333
728135,2017,1.0833333333333333
728135,2018,0.0
728228,2017,1.6666666666666667
728228,2018,1.0
728302,2017,2.0
728302,2018,1.4166666666666667
728316,2017,1.5
728316,2018,0.0
728386,2017,0.0
728386,2018,0.25
728486,2017,1.1666666666666667
728486,2018,1.5
728563,2017,0.25
728563,2018,0.9166666666666666
728568,2017,2.1666666666666665
728568,2018,2.0833333333333335
728586,2018,5.818181818181818
728655,2017,2.25
728655,2018,1.5
728679,2017,1.6666666666666667
728679,2018,2.25
728687,2017,0.0
728687,2018,0.0
728748,2017,0.3333333333333333
728748,2018,1.25
728818,2017,2.1666666666666665
728818,2018,0.0
728837,2017,1.5833333333333333
728837,2018,1.5
729084,2017,2.0833333333333335
729084,2018,1.25
729094,2017,2.0
729094,2018,1.4166666666666667
729154,2017,1.1666666666666667
729154,2018,2.0833333333333335
729161,2017,0.5833333333333334
729161,2018,2.0
729173,2017,1.1666666666666667
729173,2018,1.8333333333333333
729205,2017,1.25
729205,2018,1.25
729293,2017,1.3333333333333333
729293,2018,2.1666666666666665
729394,2017,1.0833333333333333
729394,2018,1.6666666666666667
729418,2017,0.0
729418,2018,0.4166666666666667
729444,2017,0.0
729444,2018,1.25
729518,2017,1.25
729518,2018,1.3333333333333333
729537,2017,0.75
729537,2018,1.0833333333333333
729542,2017,0.0
729542,2018,0.0
729561,2018,6.909090909090909
729581,2017,2.25
729581,2018,1.8333333333333333
729677,2017,2.3333333333333335
729677,2018,1.1666666666666667
729752,2017,0.0
729752,2018,0.0
729762,2018,2.909090909090909
729805,2017,1.5
729805,2018,0.16666666666666666
730008,2017,0.0
730008,2018,0.0
730088,2017,1.0
730088,2018,1.6666666666666667
730214,2017,0.9166666666666666
730214,2018,1.6666666666666667
730246,2017,0.0
730246,2018,1.75
730370,2018,6.0
730388,2017,1.9166666666666667
730388,2018,2.1666666666666665
730561,2017,0.0
730561,2018,0.9166666666666666
730641,2017,1.8333333333333333
730641,2018,2.0
730715,2017,2.3333333333333335
730715,2018,2.6666666666666665
730726,2017,1.25
730726,2018,1.5833333333333333
730737,2017,2.3333333333333335
730737,2018,1.75
730742,2017,0.0
730742,2018,2.3333333333333335
730748,2017,0.3333333333333333
730748,2018,0.3333333333333333
730768,2017,0.0
730768,2018,0.0
730771,2017,2.0833333333333335
730771,2018,1.1666666666666667
730795,2017,0.0
730795,2018,0.0
730901,2017,0.0
730901,2018,0.25
731001,2017,0.3333333333333333
731001,2018,0.9166666666666666
731160,2017,1.75
731160,2018,1.0
731238,2017,0.6666666666666666
731238,2018,2.1666666666666665
731254,2017,0.0
731254,2018,0.0
731286,2017,0.0
731286,2018,0.0
731373,2017,0.0
731373,2018,0.0
731494,2017,1.75
731494,2018,1.5
731510,2017,2.1666666666666665
731510,2018,1.4166666666666667
731540,2017,1.1666666666666667
731540,2018,1.5833333333333333
731593,2017,1.5833333333333333
731593,2018,1.75
731696,2017,0.75
731696,2018,1.75
731819,2017,1.9166666666666667
731819,2018,2.1666666666666665
731958,2018,1.8181818181818181
732009,2017,0.75
732009,2018,2.0833333333333335
732013,2017,2.25
732013,2018,1.0833333333333333
732081,2017,1.4166666666666667
732081,2018,1.5833333333333333
732113,2017,0.4166666666666667
732113,2018,1.9166666666666667
732144,2017,1.9166666666666667
732144,2018,0.9166666666666666
732213,2017,1.5833333333333333
732213,2018,1.75
732231,2017,1.1666666666666667
732231,2018,1.5833333333333333
732304,2018,5.157894736842105
732362,2017,2.3333333333333335
732362,2018,1.3333333333333333
732368,2017,1.5833333333333333
732368,2018,2.3333333333333335
732377,2017,0.0
732377,2018,0.3333333333333333
732488,2017,1.9166666666666667
732488,2018,1.9166666666666667
732524,2017,2.25
732524,2018,0.9166666666666666
732602,2017,0.5833333333333334
732602,2018,1.25
732606,2017,1.3333333333333333
732606,2018,0.9166666666666666
732694,2017,0.5833333333333334
732694,2018,1.8333333333333333
732808,2017,2.75
732808,2018,1.75
732813,2017,1.9166666666666667
732813,2018,1.6666666666666667
732862,2017,0.0
732862,2018,0.0
732863,2017,1.0
732863,2018,1.75
732880,2017,0.0
732880,2018,0.0
733046,2017,1.1666666666666667
733046,2018,1.25
733096,2017,0.8333333333333334
733096,2018,1.8333333333333333
733181,2017,1.8333333333333333
733181,2018,1.8333333333333333
733226,2017,1.25
733226,2018,0.0
733324,2017,1.25
733324,2018,1.0833333333333333
733338,2017,0.25
733338,2018,0.0
733350,2017,2.75
733350,2018,1.8333333333333333
733370,2017,2.25
733370,2018,2.0
733434,2017,0.0
733434,2018,0.0
733467,2017,0.0
733467,2018,0.0
733497,2018,4.636363636363637
733515,2017,0.0
733515,2018,0.6666666666666666
733582,2017,1.25
733582,2018,1.4166666666666667
733601,2017,0.0
733601,2018,0.5
733603,2017,1.25
733603,2018,0.9166666666666666
733608,2017,1.6666666666666667
733608,2018,0.9166666666666666
733627,2017,0.75
733627,2018,1.5
733658,2017,2.0
733658,2018,2.1666666666666665
733693,2017,2.5833333333333335
733693,2018,0.8333333333333334
733728,2017,2.0
733728,2018,1.6666666666666667
733746,2017,1.4166666666666667
733746,2018,1.0833333333333333
733889,2017,2.5
733889,2018,1.3333333333333333
733903,2017,1.0
733903,2018,1.3333333333333333
733906,2017,2.1666666666666665
733906,2018,1.6666666666666667
733907,2017,0.0
733907,2018,0.5
734035,2017,1.75
734035,2018,1.4166666666666667
734077,2017,0.8333333333333334
734077,2018,2.0833333333333335
734119,2017,0.0
734119,2018,0.0
734192,2017,1.5833333333333333
734192,2018,1.25
734224,2018,7.2727272727272725
734226,2017,1.6666666666666667
734226,2018,0.0
734307,2017,2.0
734307,2018,2.6666666666666665
734458,2017,0.9166666666666666
734458,2018,0.6666666666666666
734459,2017,1.25
734459,2018,1.75
734490,2017,1.6666666666666667
734490,2018,2.0
734556,2017,0.5
734556,2018,0.0
734647,2018,6.2727272727272725
734727,2017,1.3333333333333333
734727,2018,2.5
734752,2017,0.75
734752,2018,1.3333333333333333
734791,2018,5.636363636363637
734801,2017,2.25
734801,2018,1.3333333333333333
734824,2017,1.8333333333333333
734824,2018,2.0
734838,2017,1.9166666666666667
734838,2018,0.16666666666666666
734880,2017,2.25
734880,2018,1.1666666666666667
734938,2017,1.1666666666666667
734938,2018,0.0
734952,2017,0.16666666666666666
734952,2018,1.5
735000,2018,4.545454545454546
735038,2017,2.25
735038,2018,2.75
735171,2017,0.0
735171,2018,0.0
735263,2017,1.0
735263,2018,2.1666666666666665
735266,2017,1.8333333333333333
735266,2018,2.4166666666666665
735304,2017,0.75
735304,2018,1.6666666666666667
735341,2017,2.0833333333333335
735341,2018,1.0
735515,2017,1.0
735515,2018,1.25
735605,2018,3.6363636363636362
735627,2017,1.6666666666666667
735627,2018,1.0833333333333333
735666,2017,2.1666666666666665
735666,2018,1.5
735676,2017,0.3333333333333333
735676,2018,1.5833333333333333
735770,2017,0.5
735770,2018,2.5833333333333335
735790,2017,2.1666666666666665
735790,2018,1.9166666666666667
735846,2017,0.5
735846,2018,2.8333333333333335
735964,2017,1.5833333333333333
735964,2018,0.9166666666666666
735966,2017,0.25
735966,2018,1.0
736004,2017,0.0
736004,2018,0.8333333333333334
736109,2017,2.3333333333333335
736109,2018,1.5833333333333333
736219,2017,0.0
736219,2018,0.08333333333333333
736220,2017,0.0
736220,2018,0.4166666666666667
736258,2017,0.0
736258,2018,0.25
736389,2017,1.3333333333333333
736389,2018,1.0833333333333333
736414,2017,1.1666666666666667
736414,2018,2.0
736459,2017,0.5833333333333334
736459,2018,1.9166666666666667
736504,2017,1.8333333333333333
736504,2018,1.8333333333333333
736518,2017,2.0833333333333335
736518,2018,1.0833333333333333
736615,2017,0.9166666666666666
736615,2018,0.5
736646,2017,1.8333333333333333
736646,2018,1.0833333333333333
736685,2017,1.8333333333333333
736685,2018,2.0
736813,2017,0.0
736813,2018,0.16666666666666666
736829,2017,1.25
736829,2018,1.1666666666666667
736970,2017,1.0833333333333333
736970,2018,1.3333333333333333
737027,2017,0.0
737027,2018,0.0
737221,2017,1.3333333333333333
737221,2018,0.0
737451,2017,0.0
737451,2018,0.0
737474,2017,1.4166666666666667
737474,2018,2.3333333333333335
737477,2017,1.75
737477,2018,1.5833333333333333
737509,2017,0.3333333333333333
737509,2018,1.3333333333333333
737519,2017,1.9166666666666667
737519,2018,1.6666666666666667
737534,2017,2.25
737534,2018,1.0833333333333333
737542,2017,1.3333333333333333
737542,2018,1.75
737602,2017,0.0
737602,2018,0.75
737604,2017,0.4166666666666667
737604,2018,1.4166666666666667
737676,2017,0.0
737676,2018,0.0
737755,2017,1.4166666666666667
737755,2018,2.0833333333333335
737756,2017,1.9166666666666667
737756,2018,1.75
737764,2017,1.9166666666666667
737764,2018,1.0833333333333333
737791,2017,1.3333333333333333
737791,2018,1.6666666666666667
737842,2017,1.9166666666666667
737842,2018,1.5833333333333333
737906,2017,1.5833333333333333
737906,2018,1.75
737940,2017,2.3333333333333335
737940,2018,1.8333333333333333
737949,2017,0.5833333333333334
737949,2018,1.8333333333333333
738005,2017,2.0833333333333335
738005,2018,2.0833333333333335
738096,2017,1.4166666666666667
738096,2018,1.3333333333333333
738141,2017,0.3333333333333333
738141,2018,2.1666666666666665
738204,2017,2.25
738204,2018,1.1666666666666667
738253,2017,0.0
738253,2018,0.0
738279,2017,1.9166666666666667
738279,2018,1.5833333333333333
738320,2017,1.1666666666666667
738320,2018,1.5
738332,2017,2.4166666666666665
738332,2018,1.75
738427,2017,2.5
738427,2018,1.5833333333333333
738431,2017,1.5
738431,2018,1.5
738432,2017,1.9166666666666667
738432,2018,1.8333333333333333
738435,2017,1.1666666666666667
738435,2018,1.5833333333333333
738459,2017,1.0833333333333333
738459,2018,1.1666666666666667
738467,2017,2.1666666666666665
738467,2018,1.9166666666666667
738473,2017,1.75
738473,2018,0.9166666666666666
738567,2017,1.0454545454545454
738567,2018,2.142857142857143
738597,2017,0.6666666666666666
738597,2018,1.3333333333333333
738651,2017,0.25
738651,2018,1.5
738652,2017,2.3333333333333335
738652,2018,1.25
738732,2017,0.08333333333333333
738732,2018,1.9166666666666667
738874,2017,0.0
738874,2018,1.25
738890,2017,0.16666666666666666
738890,2018,0.0
739005,2017,3.25
739005,2018,0.5833333333333334
739021,2017,0.5833333333333334
739021,2018,0.8333333333333334
739084,2017,1.6666666666666667
739084,2018,1.4166666666666667
739138,2017,2.25
739138,2018,1.75
739227,2017,0.0
739227,2018,0.5833333333333334
739284,2017,1.5833333333333333
739284,2018,2.25
739345,2017,1.25
739345,2018,1.1666666666666667
739352,2017,0.8333333333333334
739352,2018,1.5833333333333333
739513,2018,5.2727272727272725
739617,2017,0.0
739617,2018,2.0
739684,2017,0.0
739684,2018,1.0
739704,2017,1.1666666666666667
739704,2018,0.0
739767,2017,0.0
739767,2018,0.08333333333333333
739781,2017,1.9166666666666667
739781,2018,1.3333333333333333
739808,2017,1.9166666666666667
739808,2018,1.6666666666666667
739820,2017,1.75
739820,2018,1.4166666666666667
739933,2017,1.6666666666666667
739933,2018,1.3333333333333333
740025,2017,2.3333333333333335
740025,2018,1.75
740063,2017,2.25
740063,2018,1.75
740083,2017,0.9166666666666666
740083,2018,1.0833333333333333
740090,2017,1.3333333333333333
740090,2018,1.3333333333333333
740105,2017,1.3333333333333333
740105,2018,1.5
740326,2017,0.0
740326,2018,0.08333333333333333
740349,2017,0.0
740349,2018,0.0
740407,2017,0.0
740407,2018,0.75
740422,2017,1.4166666666666667
740422,2018,1.9166666666666667
740509,2017,0.0
740509,2018,0.0
740577,2017,1.1666666666666667
740577,2018,0.75
740603,2017,0.3333333333333333
740603,2018,1.9166666666666667
740608,2017,1.5833333333333333
740608,2018,1.0833333333333333
740703,2017,1.5833333333333333
740703,2018,1.5
740754,2017,0.5
740754,2018,1.1666666666666667
740762,2017,1.75
740762,2018,3.0
740763,2017,1.4166666666666667
740763,2018,0.75
740814,2017,1.4166666666666667
740814,2018,1.3333333333333333
740918,2017,3.0
740918,2018,0.5833333333333334
740992,2017,2.8333333333333335
740992,2018,1.6666666666666667
741031,2017,1.9166666666666667
741031,2018,2.0833333333333335
741138,2017,0.6666666666666666
741138,2018,1.6666666666666667
741244,2017,0.0
741244,2018,0.9166666666666666
741313,2017,2.0833333333333335
741313,2018,1.5
741384,2017,0.0
741384,2018,0.0
741421,2017,1.8333333333333333
741421,2018,1.0833333333333333
741422,2017,0.8333333333333334
741422,2018,1.75
741428,2017,0.9166666666666666
741428,2018,1.5
741470,2017,0.0
741470,2018,0.0
741483,2017,1.5
741483,2018,1.3333333333333333
741657,2017,0.0
741657,2018,0.0
741677,2017,1.8333333333333333
741677,2018,1.75
741700,2017,1.0
741700,2018,0.6666666666666666
741725,2017,1.5833333333333333
741725,2018,0.0
741801,2017,1.1666666666666667
741801,2018,1.25
741842,2017,0.75
741842,2018,2.0833333333333335
741848,2017,0.0
741848,2018,0.0
741892,2017,0.8333333333333334
741892,2018,2.25
741926,2017,0.0
741926,2018,0.0
742002,2017,1.0833333333333333
742002,2018,1.25
742009,2017,2.4166666666666665
742009,2018,1.9166666666666667
742062,2017,1.8333333333333333
742062,2018,0.8333333333333334
742064,2017,0.0
742064,2018,1.5
742281,2017,1.8333333333333333
742281,2018,1.3333333333333333
742319,2017,1.0833333333333333
742319,2018,1.9166666666666667
742321,2017,0.25
742321,2018,0.0
742356,2017,0.0
742356,2018,0.0
742359,2017,0.0
742359,2018,1.1666666666666667
742493,2017,1.6666666666666667
742493,2018,1.75
742509,2017,1.5
742509,2018,2.25
742612,2017,1.1666666666666667
742612,2018,1.8333333333333333
742666,2017,0.0
742666,2018,0.25
742669,2017,1.25
742669,2018,3.0
742673,2017,0.0
742673,2018,0.0
742732,2017,1.75
742732,2018,1.3333333333333333
742749,2017,1.5
742749,2018,2.25
742822,2017,0.3333333333333333
742822,2018,1.4166666666666667
742854,2017,0.8333333333333334
742854,2018,1.0833333333333333
742886,2017,1.5
742886,2018,1.5
743001,2017,0.6666666666666666
743001,2018,1.75
743018,2017,1.4166666666666667
743018,2018,1.4166666666666667
743108,2017,0.0
743108,2018,0.0
743121,2017,1.5
743121,2018,0.5833333333333334
743241,2017,2.25
743241,2018,1.0833333333333333
743256,2017,1.4166666666666667
743256,2018,1.5833333333333333
743257,2017,0.0
743257,2018,0.0
743263,2017,1.5833333333333333
743263,2018,2.5833333333333335
743320,2017,0.0
743320,2018,0.0
743335,2017,0.0
743335,2018,0.08333333333333333
743481,2017,0.0
743481,2018,0.0
743510,2017,0.6666666666666666
743510,2018,2.0
743610,2017,1.4166666666666667
743610,2018,1.6666666666666667
743734,2017,2.3333333333333335
743734,2018,1.5833333333333333
743766,2018,4.909090909090909
743768,2017,1.1666666666666667
743768,2018,1.8333333333333333
743798,2017,1.5833333333333333
743798,2018,1.5833333333333333
743835,2017,1.6666666666666667
743835,2018,2.4166666666666665
743849,2017,1.0833333333333333
743849,2018,1.75
743879,2017,1.5
743879,2018,2.0
743953,2017,0.0
743953,2018,0.0
744117,2017,0.0
744117,2018,1.8333333333333333
744135,2017,1.4166666666666667
744135,2018,1.0833333333333333
744138,2017,1.5
744138,2018,1.5833333333333333
744181,2017,0.0
744181,2018,1.25
744204,2017,2.0
744204,2018,2.4166666666666665
744228,2017,0.0
744228,2018,0.25
744234,2017,1.0
744234,2018,1.25
744304,2017,0.4166666666666667
744304,2018,0.0
744320,2018,6.818181818181818
744406,2018,5.090909090909091
744441,2017,0.0
744441,2018,0.0
744528,2017,2.0833333333333335
744528,2018,1.3333333333333333
744567,2017,1.8333333333333333
744567,2018,1.0
744608,2017,1.1666666666666667
744608,2018,1.6666666666666667
744612,2017,1.3333333333333333
744612,2018,0.75
744675,2017,2.3333333333333335
744675,2018,0.9166666666666666
744698,2018,3.3636363636363638
744711,2018,5.909090909090909
744731,2017,0.0
744731,2018,0.0
744746,2017,0.0
744746,2018,0.0
744778,2017,0.6666666666666666
744778,2018,1.0833333333333333
744789,2018,7.0
744837,2017,0.0
744837,2018,0.0
744860,2017,1.8333333333333333
744860,2018,0.0
745028,2017,0.0
745028,2018,0.16666666666666666
745080,2017,0.0
745080,2018,0.0
745290,2017,1.5
745290,2018,1.6666666666666667
745336,2017,0.0
745336,2018,0.0
745354,2018,6.454545454545454
745383,2018,3.0
745420,2017,1.8333333333333333
745420,2018,2.4166666666666665
745454,2017,0.0
745454,2018,0.5833333333333334
745565,2017,0.0
745565,2018,0.0
745600,2017,2.0
745600,2018,0.3333333333333333
745636,2017,0.5
745636,2018,0.5833333333333334
745668,2017,1.75
745668,2018,1.0
745729,2017,2.4166666666666665
745729,2018,2.0
745738,2017,1.5833333333333333
745738,2018,2.25
745769,2017,1.3333333333333333
745769,2018,1.0833333333333333
745792,2017,1.3333333333333333
745792,2018,1.75
745811,2017,2.0
745811,2018,1.75
745830,2017,1.3333333333333333
745830,2018,2.0
745870,2017,0.0
745870,2018,0.0
745901,2018,8.0
745908,2017,1.0
745908,2018,1.3333333333333333
745920,2017,1.0
745920,2018,1.8333333333333333
745938,2017,0.0
745938,2018,0.0
746031,2017,1.6666666666666667
746031,2018,2.0833333333333335
746060,2017,2.25
746060,2018,1.4166666666666667
746061,2017,1.9166666666666667
746061,2018,1.6666666666666667
746171,2017,1.0833333333333333
746171,2018,0.3333333333333333
746226,2017,0.0
746226,2018,0.46153846153846156
746235,2017,0.0
746235,2018,0.0
746296,2017,2.0833333333333335
746296,2018,1.6666666666666667
746314,2017,1.25
746314,2018,0.0
746377,2017,0.0
746377,2018,0.0
746385,2017,0.0
746385,2018,0.5
746402,2017,1.5833333333333333
746402,2018,2.1666666666666665
746502,2018,3.727272727272727
746520,2017,1.25
746520,2018,1.5
746536,2017,1.9166666666666667
746536,2018,2.0
746554,2017,2.0
746554,2018,2.4166666666666665
746580,2017,0.4166666666666667
746580,2018,0.0
746677,2017,1.6666666666666667
746677,2018,2.0833333333333335
746772,2017,1.1666666666666667
746772,2018,1.5
746796,2017,0.3333333333333333
746796,2018,0.0
746807,2017,1.25
746807,2018,1.8333333333333333
746837,2017,2.4166666666666665
746837,2018,2.0
746853,2017,0.0
746853,2018,0.25
746863,2017,0.0
746863,2018,0.0
747187,2017,1.4166666666666667
747187,2018,1.1666666666666667
747227,2017,0.0
747227,2018,0.16666666666666666
747304,2017,0.3333333333333333
747304,2018,1.5
747315,2017,2.8333333333333335
747315,2018,0.9166666666666666
747339,2017,1.3333333333333333
747339,2018,2.0833333333333335
747395,2017,2.6666666666666665
747395,2018,0.4166666666666667
747483,2017,0.0
747483,2018,0.5
747509,2017,0.16666666666666666
747509,2018,1.0833333333333333
747571,2017,0.9166666666666666
747571,2018,2.25
747578,2017,1.8333333333333333
747578,2018,1.1666666666666667
747604,2017,0.0
747604,2018,1.0833333333333333
747609,2017,0.4166666666666667
747609,2018,1.0833333333333333
747655,2017,0.0
747655,2018,0.0
747668,2017,1.25
747668,2018,1.5
747681,2017,1.9166666666666667
747681,2018,1.0
747704,2017,1.5
747704,2018,1.6666666666666667
747759,2017,1.25
747759,2018,1.1666666666666667
747816,2017,0.0
747816,2018,0.0
747926,2017,1.8333333333333333
747926,2018,1.75
747939,2017,1.9166666666666667
747939,2018,2.6666666666666665
747993,2017,1.6666666666666667
747993,2018,1.25
748019,2017,2.8333333333333335
748019,2018,2.0
748033,2018,1.5454545454545454
748055,2017,1.25
748055,2018,1.6666666666666667
748105,2017,0.0
748105,2018,0.0
748174,2017,0.0
748174,2018,0.0
748198,2017,1.25
748198,2018,1.5
748286,2017,1.75
748286,2018,0.0
748299,2017,1.1666666666666667
748299,2018,1.5833333333333333
748586,2017,0.0
748586,2018,0.75
748635,2017,1.5833333333333333
748635,2018,2.25
748649,2017,2.25
748649,2018,2.0833333333333335
748682,2017,1.5
748682,2018,1.6666666666666667
748701,2017,1.5
748701,2018,1.3333333333333333
748717,2018,4.363636363636363
748810,2017,0.6666666666666666
748810,2018,1.75
748831,2017,0.8333333333333334
748831,2018,0.0
748890,2017,1.5833333333333333
748890,2018,2.1666666666666665
748914,2017,0.0
748914,2018,0.3333333333333333
749033,2017,1.75
749033,2018,1.4166666666666667
749112,2017,2.0
749112,2018,1.75
749212,2017,1.0833333333333333
749212,2018,1.4166666666666667
749257,2017,0.0
749257,2018,0.3333333333333333
749328,2017,1.8333333333333333
749328,2018,1.5
749362,2017,0.0
749362,2018,0.0
749418,2017,0.0
749418,2018,0.0
749430,2017,1.0
749430,2018,1.5
749441,2017,1.8333333333333333
749441,2018,1.5833333333333333
749459,2017,0.75
749459,2018,1.1666666666666667
749566,2018,3.5454545454545454
749684,2017,1.5
749684,2018,2.0
749705,2017,0.8333333333333334
749705,2018,1.4166666666666667
749801,2017,0.8333333333333334
749801,2018,1.75
749817,2017,1.5
749817,2018,2.5
749827,2017,0.3333333333333333
749827,2018,1.5
749883,2017,2.1666666666666665
749883,2018,2.5833333333333335
749972,2018,5.636363636363637
750130,2017,1.75
750130,2018,2.0833333333333335
750152,2017,1.5
750152,2018,1.6666666666666667
750153,2017,0.0
750153,2018,0.0
750154,2017,0.0
750154,2018,0.0
750162,2017,0.0
750162,2018,1.5
750171,2017,2.25
750171,2018,1.9166666666666667
750199,2017,1.3333333333333333
750199,2018,1.1666666666666667
750247,2017,0.0
750247,2018,0.0
750280,2017,2.6666666666666665
750280,2018,1.3333333333333333
750300,2017,2.4166666666666665
750300,2018,1.8333333333333333
750324,2017,1.9166666666666667
750324,2018,1.0833333333333333
750384,2017,0.8333333333333334
750384,2018,1.5
750454,2017,0.08333333333333333
750454,2018,0.9166666666666666
750457,2017,0.0
750457,2018,1.25
750578,2017,0.0
750578,2018,0.3333333333333333
750649,2017,2.3333333333333335
750649,2018,1.5
750665,2017,2.1818181818181817
750665,2018,1.4285714285714286
750688,2017,1.75
750688,2018,2.25
750710,2017,1.5833333333333333
750710,2018,1.25
750739,2017,0.5
750739,2018,1.6666666666666667
750776,2017,0.75
750776,2018,0.16666666666666666
750862,2017,1.0
750862,2018,1.1666666666666667
750893,2017,0.0
750893,2018,0.0
750922,2017,0.0
750922,2018,0.0
750955,2017,1.5
750955,2018,0.75
750974,2017,1.3333333333333333
750974,2018,0.8333333333333334
751223,2017,0.0
751223,2018,1.9166666666666667
751270,2017,0.16666666666666666
751270,2018,0.0
751351,2017,1.25
751351,2018,1.1666666666666667
751594,2017,1.0
751594,2018,0.4166666666666667
751602,2017,0.8333333333333334
751602,2018,0.8333333333333334
751612,2017,1.0
751612,2018,2.4166666666666665
751616,2018,0.0
751628,2017,1.5833333333333333
751628,2018,1.1666666666666667
751664,2017,1.5833333333333333
751664,2018,1.4166666666666667
751718,2017,1.75
751718,2018,1.3333333333333333
751779,2017,1.1666666666666667
751779,2018,1.75
751820,2017,1.9166666666666667
751820,2018,1.6666666666666667
751823,2017,2.0
751823,2018,1.4166666666666667
751824,2017,1.4166666666666667
751824,2018,2.0
751829,2017,0.9166666666666666
751829,2018,1.75
751990,2017,1.25
751990,2018,1.5
752047,2018,3.6363636363636362
752107,2017,2.25
752107,2018,1.25
752140,2017,1.5
752140,2018,1.0833333333333333
752217,2017,1.0833333333333333
752217,2018,1.5
752259,2017,1.5
752259,2018,1.0833333333333333
752274,2017,2.0
752274,2018,1.0
752331,2017,1.8333333333333333
752331,2018,1.4166666666666667
752462,2017,1.0833333333333333
752462,2018,2.25
752548,2017,1.0833333333333333
752548,2018,0.5833333333333334
752580,2017,0.8333333333333334
752580,2018,1.1666666666666667
752609,2017,2.5
752609,2018,0.25
752663,2017,1.5
752663,2018,0.9166666666666666
752688,2017,1.4166666666666667
752688,2018,1.5
752704,2017,1.6666666666666667
752704,2018,1.6666666666666667
752729,2017,2.1666666666666665
752729,2018,1.5
752826,2017,1.5833333333333333
752826,2018,1.5833333333333333
752874,2017,1.1666666666666667
752874,2018,1.6666666666666667
752885,2017,0.0
752885,2018,0.0
753038,2017,1.5
753038,2018,1.0833333333333333
753089,2017,1.6666666666666667
753089,2018,1.3333333333333333
753130,2017,0.0
753130,2018,0.3333333333333333
753141,2018,6.363636363636363
753149,2017,0.6666666666666666
753149,2018,1.8333333333333333
753219,2017,1.9166666666666667
753219,2018,1.0
753306,2017,0.16666666666666666
753306,2018,0.16666666666666666
753452,2017,1.8333333333333333
753452,2018,1.5833333333333333
753456,2017,0.5
753456,2018,1.25
753473,2017,2.0
753473,2018,2.1666666666666665
753533,2017,2.5
753533,2018,1.6666666666666667
753637,2017,0.5
753637,2018,1.6666666666666667
753814,2017,3.4166666666666665
753814,2018,1.25
753864,2017,0.0
753864,2018,0.25
753887,2017,1.5
753887,2018,1.0833333333333333
753977,2017,1.25
753977,2018,0.0
753987,2017,1.6666666666666667
753987,2018,1.9166666666666667
753994,2017,2.5833333333333335
753994,2018,2.25
754042,2017,1.75
754042,2018,1.0
754163,2018,0.0
754175,2017,0.3333333333333333
754175,2018,1.5
754264,2017,1.3333333333333333
754264,2018,0.75
754292,2017,0.9166666666666666
754292,2018,1.6666666666666667
754338,2017,2.6666666666666665
754338,2018,1.5833333333333333
754416,2017,0.4166666666666667
754416,2018,2.1666666666666665
754436,2017,0.4166666666666667
754436,2018,2.3333333333333335
754517,2017,2.3333333333333335
754517,2018,0.9166666666666666
754539,2017,0.9166666666666666
754539,2018,1.1666666666666667
754599,2017,1.6666666666666667
754599,2018,1.8333333333333333
754774,2017,1.25
754774,2018,1.6666666666666667
754850,2017,0.0
754850,2018,0.0
754936,2017,0.0
754936,2018,0.25
755014,2017,2.3333333333333335
755014,2018,1.6666666666666667
755015,2017,0.0
755015,2018,0.5833333333333334
755070,2017,1.8333333333333333
755070,2018,1.5833333333333333
755073,2017,1.5
755073,2018,1.4166666666666667
755082,2017,1.5833333333333333
755082,2018,1.8333333333333333
755145,2017,0.0
755145,2018,0.3333333333333333
755276,2017,1.0833333333333333
755276,2018,1.3333333333333333
755290,2017,1.4166666666666667
755290,2018,1.6666666666666667
755337,2017,1.25
755337,2018,1.75
755362,2017,0.8333333333333334
755362,2018,1.6666666666666667
755367,2017,1.5833333333333333
755367,2018,1.4166666666666667
755374,2017,1.5833333333333333
755374,2018,1.6666666666666667
755406,2017,1.1666666666666667
755406,2018,1.25
755533,2017,1.5
755533,2018,0.75
755538,2017,1.75
755538,2018,0.9166666666666666
755582,2017,0.0
755582,2018,0.0
755668,2017,1.1666666666666667
755668,2018,1.1666666666666667
755759,2017,0.6666666666666666
755759,2018,1.5833333333333333
755867,2017,1.0833333333333333
755867,2018,1.5
755977,2017,1.0
755977,2018,1.8333333333333333
756043,2017,0.0
756043,2018,0.0
756065,2017,1.75
756065,2018,0.5
756280,2017,0.0
756280,2018,0.0
756317,2017,0.75
756317,2018,1.5833333333333333
756341,2017,1.9166666666666667
756341,2018,1.3333333333333333
756355,2017,1.9166666666666667
756355,2018,2.6666666666666665
756481,2017,1.5
756481,2018,2.3333333333333335
756496,2017,2.0
756496,2018,1.25
756515,2017,2.0
756515,2018,1.75
756526,2017,0.0
756526,2018,0.0
756543,2017,2.3333333333333335
756543,2018,1.3333333333333333
756559,2017,0.0
756559,2018,0.0
756592,2017,0.0
756592,2018,0.0
756636,2017,0.0
756636,2018,0.3333333333333333
756646,2017,1.8333333333333333
756646,2018,1.4166666666666667
756663,2017,0.0
756663,2018,0.0
756668,2017,0.8333333333333334
756668,2018,1.25
756791,2017,1.6666666666666667
756791,2018,1.4166666666666667
756833,2017,2.1666666666666665
756833,2018,1.75
756862,2017,0.5
756862,2018,1.25
756867,2017,1.1666666666666667
756867,2018,1.3333333333333333
756891,2017,1.6666666666666667
756891,2018,2.0
756892,2017,1.8333333333333333
756892,2018,0.9166666666666666
756907,2017,2.1666666666666665
756907,2018,1.4166666666666667
756928,2017,2.0
756928,2018,1.75
756929,2017,2.0
756929,2018,2.25
756967,2017,1.5833333333333333
756967,2018,1.5833333333333333
756973,2017,0.0
756973,2018,0.0
757010,2017,0.9166666666666666
757010,2018,1.5833333333333333
757041,2017,0.9166666666666666
757041,2018,1.0833333333333333
757047,2017,1.5833333333333333
757047,2018,1.5833333333333333
757060,2017,0.0
757060,2018,0.0
757127,2017,0.0
757127,2018,0.0
757270,2017,1.4166666666666667
757270,2018,0.0
757387,2017,0.8333333333333334
757387,2018,1.75
757416,2017,0.0
757416,2018,0.0
757420,2017,1.25
757420,2018,1.9166666666666667
757446,2017,1.3333333333333333
757446,2018,1.5833333333333333
757547,2017,1.5833333333333333
757547,2018,2.3333333333333335
757634,2017,1.5833333333333333
757634,2018,2.1666666666666665
757691,2017,1.5833333333333333
757691,2018,1.4166666666666667
757696,2017,1.1666666666666667
757696,2018,1.0
757704,2017,0.0
757704,2018,0.0
757834,2017,1.6666666666666667
757834,2018,1.5833333333333333
757879,2017,1.8333333333333333
757879,2018,1.5
757885,2017,1.5
757885,2018,0.9166666666666666
757938,2017,1.3333333333333333
757938,2018,1.1666666666666667
758113,2017,1.6666666666666667
758113,2018,2.25
758165,2017,0.6666666666666666
758165,2018,1.5833333333333333
758210,2017,1.0833333333333333
758210,2018,0.8333333333333334
758262,2017,0.6666666666666666
758262,2018,1.3333333333333333
758322,2017,0.0
758322,2018,0.0
758328,2017,1.5
758328,2018,0.0
758372,2017,0.9166666666666666
758372,2018,2.0833333333333335
758389,2017,1.8333333333333333
758389,2018,2.0833333333333335
758432,2017,2.0
758432,2018,1.25
758635,2017,0.0
758635,2018,0.75
758656,2017,0.8333333333333334
758656,2018,0.0
758695,2017,1.1666666666666667
758695,2018,1.1666666666666667
758738,2017,0.75
758738,2018,1.0833333333333333
758789,2017,0.3333333333333333
758789,2018,2.25
758840,2017,1.0833333333333333
758840,2018,1.0
758927,2017,0.16666666666666666
758927,2018,1.25
759017,2017,2.1666666666666665
759017,2018,1.8333333333333333
759093,2017,0.6666666666666666
759093,2018,1.0833333333333333
759132,2017,0.0
759132,2018,0.0
759223,2017,0.25
759223,2018,1.3333333333333333
759310,2017,0.0
759310,2018,0.0
759311,2017,1.6666666666666667
759311,2018,0.8333333333333334
759322,2017,1.25
759322,2018,1.6666666666666667
759370,2017,1.0833333333333333
759370,2018,1.3333333333333333
759417,2017,1.5
759417,2018,0.6666666666666666
759518,2017,0.3333333333333333
759518,2018,0.6666666666666666
759551,2017,1.9166666666666667
759551,2018,2.0833333333333335
759603,2018,2.727272727272727
759785,2017,1.9166666666666667
759785,2018,1.8333333333333333
759847,2017,1.0833333333333333
759847,2018,1.4166666666666667
759899,2017,1.3333333333333333
759899,2018,1.6666666666666667
759983,2017,0.0
759983,2018,0.0
759991,2017,1.9166666666666667
759991,2018,1.0
760061,2017,1.5833333333333333
760061,2018,1.6666666666666667
760077,2017,0.0
760077,2018,0.0
760111,2017,0.08333333333333333
760111,2018,1.5833333333333333
760155,2018,4.2727272727272725
760158,2018,4.636363636363637
760166,2017,0.75
760166,2018,2.6666666666666665
760176,2017,1.3333333333333333
760176,2018,1.3333333333333333
760196,2017,1.75
760196,2018,1.5
760424,2018,4.545454545454546
760508,2017,1.5833333333333333
760508,2018,1.0
760614,2017,0.4166666666666667
760614,2018,1.1666666666666667
760645,2017,1.4166666666666667
760645,2018,1.5833333333333333
760672,2017,1.0
760672,2018,1.8333333333333333
760835,2017,1.5
760835,2018,1.75
760842,2017,1.75
760842,2018,1.8333333333333333
760876,2017,1.3333333333333333
760876,2018,2.0
760975,2017,0.3333333333333333
760975,2018,0.75
761007,2017,0.0
761007,2018,0.0
761015,2017,1.3333333333333333
761015,2018,0.6666666666666666
761114,2017,2.1666666666666665
761114,2018,2.5833333333333335
761150,2017,0.9166666666666666
761150,2018,0.25
761240,2017,2.75
761240,2018,1.5833333333333333
761305,2017,0.0
761305,2018,0.0
761403,2017,1.6666666666666667
761403,2018,1.5
761423,2017,2.3333333333333335
761423,2018,1.0833333333333333
761444,2017,0.0
761444,2018,0.0
761459,2017,2.4166666666666665
761459,2018,1.1666666666666667
761510,2017,1.0
761510,2018,0.75
761600,2017,0.0
761600,2018,0.4166666666666667
761613,2017,2.3333333333333335
761613,2018,2.0833333333333335
761674,2017,2.0833333333333335
761674,2018,1.5
761694,2017,0.6666666666666666
761694,2018,1.0833333333333333
761966,2017,1.0
761966,2018,1.25
762044,2017,1.5833333333333333
762044,2018,1.0
762072,2017,1.0
762072,2018,1.0
762117,2017,1.25
762117,2018,1.5833333333333333
762255,2017,0.0
762255,2018,1.75
762259,2017,1.25
762259,2018,1.4166666666666667
762272,2017,1.1666666666666667
762272,2018,1.0833333333333333
762355,2017,2.3333333333333335
762355,2018,1.8333333333333333
762389,2017,2.6666666666666665
762389,2018,1.25
762446,2017,0.0
762446,2018,0.0
762474,2017,0.0
762474,2018,1.4166666666666667
762485,2017,2.4166666666666665
762485,2018,1.0833333333333333
762562,2017,0.0
762562,2018,0.8333333333333334
762671,2017,0.3333333333333333
762671,2018,2.0
762681,2017,1.9166666666666667
762681,2018,1.6666666666666667
762715,2017,0.25
762715,2018,1.5833333333333333
762951,2017,2.4166666666666665
762951,2018,1.75
762971,2017,0.0
762971,2018,1.0
762990,2017,0.0
762990,2018,0.0
763000,2017,1.25
763000,2018,0.0
763061,2017,0.9166666666666666
763061,2018,0.4166666666666667
763071,2017,2.25
763071,2018,1.25
763084,2017,1.5
763084,2018,1.0833333333333333
763113,2017,1.4166666666666667
763113,2018,2.25
763132,2017,1.5833333333333333
763132,2018,2.0833333333333335
763177,2017,1.8333333333333333
763177,2018,1.3333333333333333
763183,2017,1.5833333333333333
763183,2018,0.5833333333333334
763224,2017,0.0
763224,2018,0.5833333333333334
763241,2017,1.8333333333333333
763241,2018,1.1666666666666667
763248,2018,4.181818181818182
763341,2017,2.5
763341,2018,1.25
763403,2017,1.8333333333333333
763403,2018,1.9166666666666667
763406,2017,2.6666666666666665
763406,2018,2.25
763520,2017,1.3333333333333333
763520,2018,1.1666666666666667
763591,2017,1.5833333333333333
763591,2018,1.75
763615,2017,1.5
763615,2018,1.1666666666666667
763618,2017,0.8333333333333334
763618,2018,0.0
763621,2017,0.75
763621,2018,0.6666666666666666
763702,2017,1.75
763702,2018,1.75
763761,2017,2.5833333333333335
763761,2018,1.6666666666666667
763797,2017,1.75
763797,2018,1.6666666666666667
763806,2017,0.0
763806,2018,0.0
764167,2017,1.0833333333333333
764167,2018,2.8333333333333335
764227,2017,0.0
764227,2018,0.0
764302,2017,0.0
764302,2018,0.25
764305,2017,1.5833333333333333
764305,2018,2.25
764513,2017,2.1666666666666665
764513,2018,1.5833333333333333
764544,2017,1.6666666666666667
764544,2018,0.8333333333333334
764555,2017,2.0833333333333335
764555,2018,1.3333333333333333
764578,2017,1.75
764578,2018,2.1666666666666665
764595,2017,1.5833333333333333
764595,2018,1.75
764634,2017,2.1666666666666665
764634,2018,2.25
764703,2017,0.5
764703,2018,0.5
764844,2017,0.0
764844,2018,0.5
764869,2017,1.9166666666666667
764869,2018,2.0
764889,2017,1.0
764889,2018,1.4166666666666667
764896,2017,1.9166666666666667
764896,2018,1.4166666666666667
764980,2017,1.5
764980,2018,1.0
765079,2017,1.5833333333333333
765079,2018,1.8333333333333333
765127,2017,1.0
765127,2018,0.75
765202,2017,1.1666666666666667
765202,2018,1.75
765223,2017,0.0
765223,2018,0.0
765252,2017,1.0
765252,2018,2.0
765261,2017,0.5
765261,2018,0.75
765293,2017,1.25
765293,2018,1.9166666666666667
765323,2017,1.6666666666666667
765323,2018,2.1666666666666665
765338,2017,0.5
765338,2018,1.0833333333333333
765408,2017,0.0
765408,2018,1.25
765428,2017,2.0833333333333335
765428,2018,1.25
765446,2017,0.0
765446,2018,0.0
765481,2017,1.5
765481,2018,1.5833333333333333
765518,2017,3.0
765518,2018,1.8333333333333333
765542,2017,0.0
765542,2018,0.5833333333333334
765655,2017,0.0
765655,2018,0.6666666666666666
765747,2017,1.1666666666666667
765747,2018,0.9166666666666666
765793,2017,1.3333333333333333
765793,2018,0.6666666666666666
765877,2017,2.3333333333333335
765877,2018,1.75
765924,2017,1.4166666666666667
765924,2018,1.8333333333333333
765955,2017,0.5833333333333334
765955,2018,0.9166666666666666
765973,2017,0.0
765973,2018,0.0
765989,2017,1.4166666666666667
765989,2018,2.25
766012,2017,0.0
766012,2018,0.0
766024,2017,2.1666666666666665
766024,2018,1.9166666666666667
766091,2017,0.0
766091,2018,0.16666666666666666
766262,2017,0.0
766262,2018,0.9166666666666666
766335,2018,2.8181818181818183
766355,2018,2.8181818181818183
766401,2018,0.0
766530,2017,1.6666666666666667
766530,2018,1.8333333333333333
766562,2017,0.08333333333333333
766562,2018,1.0833333333333333
766691,2017,0.3333333333333333
766691,2018,0.0
766733,2017,1.1666666666666667
766733,2018,2.3333333333333335
766766,2017,0.0
766766,2018,0.0
766775,2017,1.1666666666666667
766775,2018,1.4166666666666667
766777,2017,1.0
766777,2018,1.3333333333333333
766861,2018,3.727272727272727
766886,2017,1.5833333333333333
766886,2018,0.9166666666666666
766909,2017,0.0
766909,2018,0.0
766927,2017,2.3333333333333335
766927,2018,2.0833333333333335
766969,2017,2.5
766969,2018,1.9166666666666667
767006,2017,0.6666666666666666
767006,2018,2.1666666666666665
767058,2017,1.0
767058,2018,2.4166666666666665
767089,2017,1.0
767089,2018,2.1666666666666665
767175,2017,0.0
767175,2018,0.25
767331,2017,1.5
767331,2018,1.3333333333333333
767366,2017,0.6666666666666666
767366,2018,0.0
767385,2017,1.8333333333333333
767385,2018,1.4166666666666667
767416,2017,1.6666666666666667
767416,2018,2.5833333333333335
767428,2017,1.4166666666666667
767428,2018,2.25
767456,2017,0.0
767456,2018,0.0
767494,2017,0.0
767494,2018,0.0
767507,2017,1.4166666666666667
767507,2018,1.0
767534,2017,1.5833333333333333
767534,2018,1.5833333333333333
767648,2017,0.75
767648,2018,1.0
767672,2017,1.9166666666666667
767672,2018,1.25
767678,2017,0.0
767678,2018,0.0
767728,2017,0.0
767728,2018,0.75
767752,2017,2.25
767752,2018,1.4166666666666667
767767,2018,2.6363636363636362
767774,2017,0.0
767774,2018,0.0
767857,2017,0.0
767857,2018,1.3333333333333333
767864,2017,0.0
767864,2018,0.6666666666666666
767894,2017,1.0833333333333333
767894,2018,1.75
767907,2017,2.4166666666666665
767907,2018,1.1666666666666667
767908,2017,1.0
767908,2018,1.6666666666666667
767971,2017,0.0
767971,2018,0.0
768010,2017,0.8333333333333334
768010,2018,1.3333333333333333
768012,2017,1.8333333333333333
768012,2018,2.4166666666666665
768030,2017,0.9166666666666666
768030,2018,1.5833333333333333
768072,2017,1.4166666666666667
768072,2018,1.75
768078,2017,1.4166666666666667
768078,2018,1.5
768113,2017,2.1666666666666665
768113,2018,1.6666666666666667
768255,2017,0.25
768255,2018,1.4166666666666667
768313,2017,0.0
768313,2018,0.5
768354,2017,2.0
768354,2018,1.25
768365,2018,3.5454545454545454
768415,2017,1.75
768415,2018,2.0833333333333335
768518,2017,1.3333333333333333
768518,2018,1.75
768748,2017,1.9166666666666667
768748,2018,1.5
768959,2017,0.0
768959,2018,0.5
768996,2017,1.9166666666666667
768996,2018,0.9166666666666666
769023,2017,1.6666666666666667
769023,2018,0.8333333333333334
769030,2017,0.5833333333333334
769030,2018,1.5833333333333333
769166,2017,0.0
769166,2018,0.0
769346,2017,1.3333333333333333
769346,2018,1.0833333333333333
769361,2017,1.8333333333333333
769361,2018,1.0833333333333333
769495,2017,0.0
769495,2018,1.0833333333333333
769521,2017,1.5833333333333333
769521,2018,1.9166666666666667
769560,2017,2.0833333333333335
769560,2018,3.0
769602,2017,0.0
769602,2018,0.0
769623,2017,1.1666666666666667
769623,2018,1.5
769669,2017,0.4166666666666667
769669,2018,1.6666666666666667
769709,2017,1.8333333333333333
769709,2018,1.6666666666666667
769731,2017,1.4166666666666667
769731,2018,0.9166666666666666
769763,2017,0.5
769763,2018,1.4166666666666667
769891,2017,2.75
769891,2018,1.3333333333333333
769976,2017,1.4166666666666667
769976,2018,0.0
770094,2017,2.25
770094,2018,1.3333333333333333
770327,2017,2.6666666666666665
770327,2018,0.75
770362,2017,0.75
770362,2018,0.3333333333333333
770452,2017,0.6666666666666666
770452,2018,1.1666666666666667
770524,2017,0.0
770524,2018,0.16666666666666666
770568,2018,2.272727272727273
770591,2017,2.0
770591,2018,0.4166666666666667
770634,2017,1.3333333333333333
770634,2018,1.25
770651,2017,0.0
770651,2018,0.25
770702,2017,0.0
770702,2018,0.3333333333333333
770727,2017,1.0
770727,2018,1.0
770759,2017,0.8333333333333334
770759,2018,0.0
770968,2017,1.0
770968,2018,1.0
771035,2017,2.25
771035,2018,1.75
771056,2017,1.5
771056,2018,1.8333333333333333
771133,2017,0.0
771133,2018,0.0
771220,2017,0.0
771220,2018,0.0
771259,2017,1.0833333333333333
771259,2018,0.8333333333333334
771285,2017,1.4166666666666667
771285,2018,1.75
771307,2017,1.4166666666666667
771307,2018,2.0833333333333335
771353,2017,2.0
771353,2018,0.0
771667,2017,2.1666666666666665
771667,2018,1.3333333333333333
771713,2017,1.1666666666666667
771713,2018,1.3333333333333333
771753,2017,0.0
771753,2018,0.0
771757,2017,2.75
771757,2018,0.8333333333333334
771872,2018,3.8181818181818183
771880,2017,0.0
771880,2018,0.25
771901,2017,0.8333333333333334
771901,2018,1.5
771932,2017,0.08333333333333333
771932,2018,0.0
771943,2017,1.5833333333333333
771943,2018,2.1666666666666665
771960,2017,2.3333333333333335
771960,2018,1.4166666666666667
771976,2017,0.0
771976,2018,0.3333333333333333
772019,2017,1.0
772019,2018,1.1666666666666667
772025,2018,1.2727272727272727
772081,2017,0.0
772081,2018,0.5
772152,2017,1.0
772152,2018,1.5
772181,2017,1.0
772181,2018,1.3333333333333333
772194,2017,1.3333333333333333
772194,2018,1.5833333333333333
772237,2017,1.6666666666666667
772237,2018,2.5833333333333335
772362,2017,0.16666666666666666
772362,2018,1.8333333333333333
772370,2017,1.6666666666666667
772370,2018,1.75
772381,2017,2.0
772381,2018,1.6666666666666667
772395,2017,0.0
772395,2018,2.0833333333333335
772397,2017,1.8333333333333333
772397,2018,1.4166666666666667
772437,2017,1.5833333333333333
772437,2018,1.5833333333333333
772438,2017,1.9166666666666667
772438,2018,1.8333333333333333
772484,2017,1.3333333333333333
772484,2018,1.6666666666666667
772532,2018,6.090909090909091
772608,2017,0.0
772608,2018,0.4166666666666667
772628,2017,1.8333333333333333
772628,2018,0.4166666666666667
772827,2017,0.16666666666666666
772827,2018,1.3333333333333333
772834,2017,1.5833333333333333
772834,2018,0.8333333333333334
772952,2017,1.0
772952,2018,1.6666666666666667
772960,2017,1.0833333333333333
772960,2018,2.25
773012,2017,2.1666666666666665
773012,2018,3.0
773019,2017,0.0
773019,2018,1.0833333333333333
773086,2017,0.8333333333333334
773086,2018,1.25
773095,2018,2.909090909090909
773112,2017,2.0833333333333335
773112,2018,1.9166666666666667
773219,2017,0.16666666666666666
773219,2018,1.3333333333333333
773261,2017,0.9166666666666666
773261,2018,1.5
773290,2017,1.75
773290,2018,0.75
773293,2017,1.5
773293,2018,1.3333333333333333
773364,2017,2.0
773364,2018,1.0
773390,2017,1.8333333333333333
773390,2018,1.25
773397,2017,1.5
773397,2018,1.75
773418,2017,1.9166666666666667
773418,2018,0.9166666666666666
773546,2017,1.25
773546,2018,1.5833333333333333
773571,2017,0.08333333333333333
773571,2018,0.08333333333333333
773593,2017,0.0
773593,2018,0.0
773598,2017,1.6666666666666667
773598,2018,0.3333333333333333
773648,2017,1.9166666666666667
773648,2018,1.5833333333333333
773676,2017,0.0
773676,2018,0.4166666666666667
773739,2018,4.7272727272727275
773805,2017,1.25
773805,2018,2.0833333333333335
773844,2017,0.0
773844,2018,1.3333333333333333
773857,2017,0.0
773857,2018,0.0
773865,2017,2.5
773865,2018,1.25
773943,2017,1.9166666666666667
773943,2018,2.0
773973,2017,1.1666666666666667
773973,2018,1.3333333333333333
773986,2017,1.6666666666666667
773986,2018,1.25
774103,2017,1.8333333333333333
774103,2018,2.4166666666666665
774168,2017,0.0
774168,2018,1.1764705882352942
774226,2017,1.0833333333333333
774226,2018,1.9166666666666667
774234,2017,2.5
774234,2018,1.25
774249,2017,0.16666666666666666
774249,2018,0.0
774272,2017,1.9166666666666667
774272,2018,1.8333333333333333
774275,2017,1.0
774275,2018,1.3333333333333333
774321,2017,0.4166666666666667
774321,2018,2.1666666666666665
774326,2017,1.5833333333333333
774326,2018,1.8333333333333333
774386,2018,4.7272727272727275
774724,2017,1.25
774724,2018,1.5833333333333333
774931,2017,0.0
774931,2018,0.75
775158,2017,0.0
775158,2018,0.6666666666666666
775160,2017,2.0833333333333335
775160,2018,1.4166666666666667
775170,2017,1.25
775170,2018,1.5
775176,2017,1.1666666666666667
775176,2018,1.5
775185,2017,1.5
775185,2018,2.0833333333333335
775193,2017,1.3333333333333333
775193,2018,2.0
775304,2017,0.0
775304,2018,1.5
775407,2017,0.0
775407,2018,0.5
775440,2017,2.0833333333333335
775440,2018,1.9166666666666667
775520,2017,0.9166666666666666
775520,2018,0.0
775562,2017,0.25
775562,2018,0.0
775573,2017,1.75
775573,2018,1.4166666666666667
775639,2017,2.1666666666666665
775639,2018,1.0
775678,2017,0.0
775678,2018,0.25
775724,2018,4.909090909090909
775768,2017,2.0434782608695654
775768,2018,2.0434782608695654
776139,2017,2.5
776139,2018,1.1666666666666667
776153,2017,0.3333333333333333
776153,2018,0.4166666666666667
776187,2017,2.25
776187,2018,1.9166666666666667
776317,2018,3.3636363636363638
776399,2017,0.0
776399,2018,0.0
776443,2017,1.1666666666666667
776443,2018,1.4166666666666667
776453,2017,1.5833333333333333
776453,2018,0.6666666666666666
776464,2017,1.75
776464,2018,2.25
776466,2017,0.0
776466,2018,0.6875
776547,2017,1.1666666666666667
776547,2018,0.6666666666666666
776613,2017,2.0
776613,2018,2.3333333333333335
776736,2017,1.25
776736,2018,1.75
776782,2017,0.0
776782,2018,1.4166666666666667
776795,2017,1.5
776795,2018,2.1666666666666665
776830,2017,0.0
776830,2018,0.0
776931,2017,0.0
776931,2018,1.5833333333333333
776956,2018,2.272727272727273
777108,2017,1.4166666666666667
777108,2018,1.8333333333333333
777118,2017,2.0
777118,2018,1.75
777171,2017,1.8333333333333333
777171,2018,1.5
777197,2017,1.1666666666666667
777197,2018,1.9166666666666667
777231,2017,2.25
777231,2018,2.4166666666666665
777300,2017,2.25
777300,2018,2.5833333333333335
777351,2017,1.1666666666666667
777351,2018,1.3333333333333333
777418,2017,0.0
777418,2018,1.75
777514,2017,0.4166666666666667
777514,2018,1.6666666666666667
777531,2017,1.75
777531,2018,1.9166666666666667
777540,2017,2.1666666666666665
777540,2018,1.1666666666666667
777544,2017,0.0
777544,2018,1.5833333333333333
777549,2017,2.3333333333333335
777549,2018,1.9166666666666667
777561,2017,1.8333333333333333
777561,2018,2.0
777714,2017,1.9166666666666667
777714,2018,1.1666666666666667
777861,2017,0.0
777861,2018,0.16666666666666666
777871,2017,1.1666666666666667
777871,2018,1.1666666666666667
777875,2017,1.25
777875,2018,1.6666666666666667
777931,2017,2.3333333333333335
777931,2018,2.0833333333333335
777990,2017,0.8333333333333334
777990,2018,1.0
778027,2017,0.0
778027,2018,1.25
778030,2017,1.75
778030,2018,1.4166666666666667
778031,2017,1.5833333333333333
778031,2018,1.0
778066,2017,0.6666666666666666
778066,2018,1.5
778168,2017,2.0
778168,2018,1.3333333333333333
778310,2017,2.1666666666666665
778310,2018,1.5833333333333333
778317,2017,2.25
778317,2018,1.75
778393,2017,1.75
778393,2018,1.25
778426,2017,0.75
778426,2018,1.1666666666666667
778590,2017,0.75
778590,2018,2.0
778865,2017,2.1666666666666665
778865,2018,1.1666666666666667
778920,2017,1.5833333333333333
778920,2018,1.3333333333333333
778952,2017,1.75
778952,2018,1.5833333333333333
779046,2017,1.4166666666666667
779046,2018,2.0
779066,2017,2.5833333333333335
779066,2018,1.9166666666666667
779082,2018,4.818181818181818
779085,2017,2.1666666666666665
779085,2018,2.1666666666666665
779106,2017,1.4166666666666667
779106,2018,1.5833333333333333
779159,2017,0.75
779159,2018,1.25
779171,2017,1.6666666666666667
779171,2018,1.5833333333333333
779184,2017,1.6666666666666667
779184,2018,1.4166666666666667
779211,2017,1.4166666666666667
779211,2018,0.0
779247,2017,2.0833333333333335
779247,2018,2.0833333333333335
779291,2017,2.0833333333333335
779291,2018,1.8333333333333333
779412,2017,0.0
779412,2018,2.5833333333333335
779427,2017,1.75
779427,2018,1.0
779434,2017,1.3333333333333333
779434,2018,1.9166666666666667
779435,2018,2.8181818181818183
779444,2018,0.0
779468,2017,0.0
779468,2018,0.6666666666666666
779573,2017,1.9166666666666667
779573,2018,1.1666666666666667
779679,2017,2.5
779679,2018,1.0833333333333333
779882,2017,2.0
779882,2018,1.0833333333333333
779929,2017,0.08333333333333333
779929,2018,1.5
779977,2017,1.5
779977,2018,0.9166666666666666
780104,2017,0.08333333333333333
780104,2018,0.0
780140,2017,2.0
780140,2018,1.75
780150,2017,1.5
780150,2018,2.3333333333333335
780236,2017,1.5
780236,2018,1.9166666666666667
780266,2017,0.0
780266,2018,1.0
780298,2017,0.9166666666666666
780298,2018,1.5833333333333333
780389,2017,0.0
780389,2018,0.0
780423,2017,1.5833333333333333
780423,2018,2.3333333333333335
780428,2017,1.1666666666666667
780428,2018,2.1666666666666665
780504,2017,1.3333333333333333
780504,2018,1.8333333333333333
780525,2017,0.0
780525,2018,0.0
780529,2017,0.0
780529,2018,0.25
780631,2017,0.0
780631,2018,0.25
780728,2017,1.9166666666666667
780728,2018,1.8333333333333333
780855,2017,0.0
780855,2018,0.0
780944,2017,1.5833333333333333
780944,2018,1.25
780973,2017,2.5
780973,2018,1.75
780991,2017,0.0
780991,2018,0.75
781052,2017,1.9166666666666667
781052,2018,1.5
781062,2017,1.25
781062,2018,1.5
781110,2017,2.0
781110,2018,2.0
781187,2017,2.0
781187,2018,1.75
781219,2017,1.8333333333333333
781219,2018,1.5833333333333333
781227,2017,0.0
781227,2018,0.9166666666666666
781293,2017,0.4166666666666667
781293,2018,0.0
781347,2017,1.75
781347,2018,1.3333333333333333
781354,2017,1.25
781354,2018,1.3333333333333333
781355,2017,2.0
781355,2018,1.5
781463,2017,1.3333333333333333
781463,2018,1.6666666666666667
781480,2017,1.3333333333333333
781480,2018,1.0833333333333333
781495,2017,1.5
781495,2018,2.1666666666666665
781519,2017,1.5833333333333333
781519,2018,1.3333333333333333
781570,2017,1.75
781570,2018,1.1666666666666667
781621,2017,0.8333333333333334
781621,2018,1.5
781647,2017,1.6666666666666667
781647,2018,1.8333333333333333
781777,2017,2.0
781777,2018,1.25
781797,2017,1.4166666666666667
781797,2018,0.0
781924,2017,1.75
781924,2018,1.25
781963,2017,0.0
781963,2018,0.9166666666666666
781970,2017,1.6666666666666667
781970,2018,1.6666666666666667
782078,2017,0.0
782078,2018,1.4166666666666667
782100,2017,1.25
782100,2018,1.5833333333333333
782124,2017,2.0833333333333335
782124,2018,1.9166666666666667
782241,2017,1.1666666666666667
782241,2018,2.5833333333333335
782282,2017,1.1666666666666667
782282,2018,1.8333333333333333
782284,2018,2.1818181818181817
782318,2017,0.0
782318,2018,0.0
782329,2017,2.0833333333333335
782329,2018,1.5833333333333333
782393,2018,3.6363636363636362
782485,2017,1.8333333333333333
782485,2018,1.75
782503,2017,0.0
782503,2018,0.0
782515,2017,0.9166666666666666
782515,2018,1.4166666666666667
782523,2017,0.0
782523,2018,0.3333333333333333
782549,2017,1.6666666666666667
782549,2018,0.6666666666666666
782596,2017,2.25
782596,2018,2.0
782606,2017,0.0
782606,2018,0.0
782654,2017,1.3333333333333333
782654,2018,1.0
782719,2017,1.8333333333333333
782719,2018,1.25
782804,2017,0.0
782804,2018,0.0
782818,2017,1.75
782818,2018,1.9166666666666667
783145,2017,1.25
783145,2018,1.1666666666666667
783165,2017,0.0
783165,2018,0.0
783255,2017,1.3333333333333333
783255,2018,0.5833333333333334
783300,2017,1.75
783300,2018,1.25
783363,2017,0.4166666666666667
783363,2018,0.9166666666666666
783438,2017,0.0
783438,2018,0.08333333333333333
783515,2017,0.9166666666666666
783515,2018,0.0
783604,2017,0.8333333333333334
783604,2018,1.3333333333333333
783610,2017,0.9166666666666666
783610,2018,0.08333333333333333
783789,2017,1.6666666666666667
783789,2018,1.75
783791,2017,0.75
783791,2018,0.8333333333333334
783928,2017,1.4166666666666667
783928,2018,1.0
784113,2017,1.75
784113,2018,1.9166666666666667
784185,2017,2.0833333333333335
784185,2018,1.4166666666666667
784271,2017,0.9166666666666666
784271,2018,1.0
784356,2017,0.0
784356,2018,1.5
784380,2017,0.0
784380,2018,1.5833333333333333
784490,2017,2.4166666666666665
784490,2018,2.1666666666666665
784537,2017,2.0
784537,2018,1.0
784570,2017,1.0
784570,2018,0.8333333333333334
784597,2017,0.0
784597,2018,0.0
784608,2017,2.0833333333333335
784608,2018,1.0833333333333333
784710,2018,4.363636363636363
784782,2017,1.6666666666666667
784782,2018,2.0
784787,2017,0.0
784787,2018,0.0
784804,2017,0.5833333333333334
784804,2018,1.4166666666666667
784838,2017,2.8333333333333335
784838,2018,2.0
784847,2017,1.25
784847,2018,2.0
784945,2017,1.9166666666666667
784945,2018,1.0
784946,2017,1.1666666666666667
784946,2018,2.0
784962,2017,1.4166666666666667
784962,2018,1.3333333333333333
785076,2017,1.75
785076,2018,1.8333333333333333
785114,2018,6.818181818181818
785129,2017,0.0
785129,2018,0.75
785185,2017,0.8333333333333334
785185,2018,0.9166666666666666
785223,2017,1.5833333333333333
785223,2018,1.4166666666666667
785389,2017,0.0
785389,2018,0.0
785398,2017,2.1666666666666665
785398,2018,1.6666666666666667
785738,2017,1.5833333333333333
785738,2018,1.6666666666666667
785826,2017,2.75
785826,2018,1.4166666666666667
785836,2017,2.4166666666666665
785836,2018,1.5
785965,2017,0.0
785965,2018,0.3333333333333333
785992,2017,2.3333333333333335
785992,2018,1.4166666666666667
786230,2017,0.16666666666666666
786230,2018,0.0
786255,2017,1.6666666666666667
786255,2018,1.5
786287,2018,4.818181818181818
786330,2017,0.0
786330,2018,0.0
786391,2017,0.8333333333333334
786391,2018,2.0833333333333335
786442,2017,1.8333333333333333
786442,2018,0.6666666666666666
786525,2017,2.1666666666666665
786525,2018,2.3333333333333335
786613,2017,1.6666666666666667
786613,2018,1.1666666666666667
786624,2017,1.6666666666666667
786624,2018,1.0833333333333333
786703,2017,1.0
786703,2018,2.25
786709,2017,1.5
786709,2018,2.6666666666666665
786710,2017,1.5
786710,2018,2.0833333333333335
786827,2017,0.0
786827,2018,1.5833333333333333
786966,2017,0.8333333333333334
786966,2018,0.0
787001,2017,2.0833333333333335
787001,2018,1.75
787018,2017,0.0
787018,2018,0.0
787086,2017,0.25
787086,2018,1.6666666666666667
787172,2017,0.0
787172,2018,0.0
787249,2017,0.0
787249,2018,0.0
787276,2017,2.1666666666666665
787276,2018,2.0
787277,2017,0.0
787277,2018,0.6666666666666666
787322,2017,0.0
787322,2018,0.0
787416,2017,1.5
787416,2018,1.75
787472,2017,0.25
787472,2018,2.75
787525,2017,2.4166666666666665
787525,2018,1.9166666666666667
787548,2017,1.75
787548,2018,2.3333333333333335
787571,2017,0.6666666666666666
787571,2018,0.0
787606,2017,1.75
787606,2018,2.0
787625,2017,1.8333333333333333
787625,2018,1.4166666666666667
787651,2017,0.0
787651,2018,0.0
787660,2017,2.0
787660,2018,1.8333333333333333
787763,2017,1.5833333333333333
787763,2018,1.75
787833,2017,1.0
787833,2018,1.1666666666666667
787875,2017,2.1666666666666665
787875,2018,1.5833333333333333
787899,2017,0.0
787899,2018,0.0
787911,2017,0.0
787911,2018,0.0
788001,2017,1.5
788001,2018,1.5
788091,2017,1.5833333333333333
788091,2018,1.5
788159,2017,1.5833333333333333
788159,2018,1.5833333333333333
788217,2018,4.454545454545454
788283,2017,0.25
788283,2018,0.0
788292,2017,1.8333333333333333
788292,2018,2.3333333333333335
788325,2017,0.75
788325,2018,0.8333333333333334
788332,2017,1.5
788332,2018,1.0833333333333333
788354,2017,1.5833333333333333
788354,2018,2.25
788407,2017,1.0833333333333333
788407,2018,0.8333333333333334
788460,2017,1.9166666666666667
788460,2018,0.5
788515,2017,1.1666666666666667
788515,2018,1.4166666666666667
788555,2017,0.0
788555,2018,0.0
788759,2017,2.0833333333333335
788759,2018,1.3333333333333333
788870,2017,2.1666666666666665
788870,2018,2.4166666666666665
788947,2017,2.1666666666666665
788947,2018,2.25
788997,2017,1.75
788997,2018,1.0833333333333333
789001,2017,1.75
789001,2018,2.1666666666666665
789004,2017,1.3333333333333333
789004,2018,1.5833333333333333
789052,2017,1.25
789052,2018,1.25
789057,2017,0.0
789057,2018,0.4166666666666667
789120,2017,2.9166666666666665
789120,2018,1.1666666666666667
789148,2017,1.1666666666666667
789148,2018,2.0833333333333335
789149,2017,2.25
789149,2018,1.4166666666666667
789157,2017,0.0
789157,2018,0.25
789190,2017,1.0833333333333333
789190,2018,0.75
789206,2017,1.5833333333333333
789206,2018,0.8333333333333334
789288,2017,0.75
789288,2018,0.0
789303,2017,2.1666666666666665
789303,2018,1.8333333333333333
789421,2017,1.25
789421,2018,1.25
789431,2018,0.0
789444,2017,1.5
789444,2018,1.8333333333333333
789465,2017,0.0
789465,2018,1.6666666666666667
789573,2017,0.75
789573,2018,1.0
789624,2017,1.75
789624,2018,1.1666666666666667
789797,2017,1.25
789797,2018,1.8333333333333333
789826,2017,2.0833333333333335
789826,2018,1.6666666666666667
789859,2017,2.4166666666666665
789859,2018,1.25
789892,2017,1.8333333333333333
789892,2018,1.25
789932,2018,3.1818181818181817
790008,2017,1.1666666666666667
790008,2018,0.75
790089,2017,1.3333333333333333
790089,2018,1.5
790094,2017,1.0833333333333333
790094,2018,0.9166666666666666
790123,2017,2.1666666666666665
790123,2018,1.8333333333333333
790165,2017,2.0833333333333335
790165,2018,1.4166666666666667
790178,2017,1.0833333333333333
790178,2018,2.1666666666666665
790240,2017,1.4166666666666667
790240,2018,1.4166666666666667
790287,2017,0.4166666666666667
790287,2018,0.8333333333333334
790303,2017,1.8333333333333333
790303,2018,1.4166666666666667
790341,2017,2.25
790341,2018,1.5833333333333333
790346,2017,0.0
790346,2018,1.25
790366,2017,0.0
790366,2018,0.0
790450,2017,1.75
790450,2018,1.8333333333333333
790475,2018,4.0
790649,2017,1.6666666666666667
790649,2018,1.5833333333333333
790734,2017,1.3333333333333333
790734,2018,2.1666666666666665
790740,2017,0.0
790740,2018,0.4166666666666667
790813,2017,1.1666666666666667
790813,2018,1.6666666666666667
790940,2017,0.0
790940,2018,0.0
790943,2017,0.0
790943,2018,0.4166666666666667
791132,2017,2.0
791132,2018,1.8333333333333333
791202,2017,1.5
791202,2018,1.75
791280,2017,1.4166666666666667
791280,2018,0.6666666666666666
791282,2018,4.181818181818182
791342,2017,2.0833333333333335
791342,2018,1.1666666666666667
791355,2017,2.25
791355,2018,1.1666666666666667
791466,2017,1.5
791466,2018,0.5
791678,2017,1.0833333333333333
791678,2018,1.6666666666666667
791765,2017,1.4166666666666667
791765,2018,2.0833333333333335
791809,2017,1.9166666666666667
791809,2018,1.9166666666666667
791852,2017,0.6666666666666666
791852,2018,2.4166666666666665
791978,2017,1.5
791978,2018,1.0
792086,2017,1.5833333333333333
792086,2018,1.25
792094,2017,0.0
792094,2018,0.0
792103,2018,5.545454545454546
792229,2018,2.6363636363636362
792277,2017,0.0
792277,2018,0.0
792332,2017,1.8333333333333333
792332,2018,1.75
792361,2017,0.6666666666666666
792361,2018,1.6666666666666667
792383,2017,2.4166666666666665
792383,2018,1.4166666666666667
792412,2017,0.6666666666666666
792412,2018,0.0
792418,2017,1.5833333333333333
792418,2018,1.5833333333333333
792514,2017,1.4166666666666667
792514,2018,2.25
792695,2017,0.75
792695,2018,1.5833333333333333
792698,2017,1.4166666666666667
792698,2018,0.75
792707,2017,1.8333333333333333
792707,2018,1.5
792795,2017,1.5833333333333333
792795,2018,1.4166666666666667
792873,2017,2.4166666666666665
792873,2018,2.1666666666666665
792898,2017,0.6666666666666666
792898,2018,2.1666666666666665
792915,2017,2.25
792915,2018,1.3333333333333333
792932,2017,0.16666666666666666
792932,2018,0.0
793094,2017,1.0
793094,2018,1.8333333333333333
793125,2017,0.25
793125,2018,2.25
793126,2018,5.363636363636363
793134,2017,2.1666666666666665
793134,2018,1.5
793154,2017,2.1666666666666665
793154,2018,2.0
793178,2017,1.5
793178,2018,1.9166666666666667
793180,2017,0.0
793180,2018,0.6666666666666666
793285,2017,1.0833333333333333
793285,2018,0.5
793318,2017,2.25
793318,2018,1.1666666666666667
793328,2017,0.5
793328,2018,1.5
793384,2017,2.1666666666666665
793384,2018,1.75
793423,2017,1.8333333333333333
793423,2018,2.1666666666666665
793473,2017,0.4166666666666667
793473,2018,1.5
793549,2017,1.3333333333333333
793549,2018,2.3333333333333335
793608,2017,0.0
793608,2018,0.8333333333333334
793618,2017,1.6666666666666667
793618,2018,1.3333333333333333
793619,2017,0.75
793619,2018,1.1666666666666667
793645,2017,1.75
793645,2018,0.75
793662,2017,1.5833333333333333
793662,2018,1.0
793742,2017,0.5
793742,2018,0.0
793761,2017,2.0833333333333335
793761,2018,1.75
793801,2017,0.0
793801,2018,0.0
793838,2017,1.9166666666666667
793838,2018,1.0833333333333333
793892,2018,3.8181818181818183
793904,2017,1.6666666666666667
793904,2018,2.0
793980,2017,1.75
793980,2018,0.6666666666666666
793995,2017,1.4166666666666667
793995,2018,2.0833333333333335
794024,2017,2.0833333333333335
794024,2018,2.0833333333333335
794136,2017,2.75
794136,2018,1.5
794202,2017,0.16666666666666666
794202,2018,1.0833333333333333
794248,2018,4.090909090909091
794286,2017,1.5
794286,2018,1.8333333333333333
794323,2017,1.5
794323,2018,2.0
794334,2017,0.0
794334,2018,0.0
794348,2017,1.1666666666666667
794348,2018,0.0
794480,2017,0.16666666666666666
794480,2018,2.1666666666666665
794496,2018,5.7272727272727275
794502,2017,0.8333333333333334
794502,2018,1.4166666666666667
794523,2017,0.8333333333333334
794523,2018,1.75
794552,2017,1.0
794552,2018,1.0
794602,2017,2.5833333333333335
794602,2018,2.0
794620,2017,0.0
794620,2018,0.75
794625,2017,0.0
794625,2018,0.0
794677,2017,1.75
794677,2018,1.9166666666666667
794723,2017,0.9166666666666666
794723,2018,1.5833333333333333
794752,2017,1.4166666666666667
794752,2018,1.75
794784,2017,0.9166666666666666
794784,2018,2.0
794863,2017,1.5
794863,2018,2.25
794951,2018,2.4545454545454546
795084,2017,0.4166666666666667
795084,2018,1.0833333333333333
795129,2017,0.4166666666666667
795129,2018,2.1666666666666665
795155,2017,0.0
795155,2018,0.0
795174,2017,1.25
795174,2018,1.1666666666666667
795230,2017,1.5833333333333333
795230,2018,1.25
795235,2017,0.0
795235,2018,0.08333333333333333
795283,2017,2.0
795283,2018,1.5
795446,2017,2.1666666666666665
795446,2018,0.6666666666666666
795468,2017,2.0
795468,2018,1.8333333333333333
795486,2017,2.0
795486,2018,1.0833333333333333
795492,2017,2.3333333333333335
795492,2018,1.9166666666666667
795512,2017,1.5833333333333333
795512,2018,1.6666666666666667
795554,2017,0.0
795554,2018,0.0
795607,2017,0.0
795607,2018,0.6666666666666666
795714,2017,0.0
795714,2018,0.0
795743,2017,0.0
795743,2018,0.0
795820,2017,1.0
795820,2018,1.4166666666666667
795840,2018,0.18181818181818182
795908,2017,0.0
795908,2018,0.4166666666666667
796099,2017,1.9166666666666667
796099,2018,1.6666666666666667
796104,2017,0.5833333333333334
796104,2018,1.75
796213,2017,0.75
796213,2018,1.75
796281,2017,2.75
796281,2018,1.3333333333333333
796347,2017,1.8333333333333333
796347,2018,1.6666666666666667
796429,2017,0.0
796429,2018,0.0
796484,2017,1.0
796484,2018,1.6666666666666667
796508,2017,1.25
796508,2018,1.0
796541,2017,1.5833333333333333
796541,2018,1.5833333333333333
796544,2017,0.16666666666666666
796544,2018,0.0
796627,2018,2.909090909090909
796670,2017,2.5
796670,2018,1.25
796692,2017,1.4166666666666667
796692,2018,1.6666666666666667
796705,2017,0.0
796705,2018,0.25
796900,2017,0.9166666666666666
796900,2018,1.5833333333333333
796943,2017,0.0
796943,2018,0.0
796990,2017,0.75
796990,2018,1.0833333333333333
797078,2017,1.25
797078,2018,1.6666666666666667
797120,2017,0.0
797120,2018,0.5
797158,2017,1.8333333333333333
797158,2018,1.3333333333333333
797187,2017,0.3333333333333333
797187,2018,0.0
797216,2017,1.5
797216,2018,2.5
797326,2018,3.6363636363636362
797391,2017,0.0
797391,2018,0.0
797398,2017,1.0833333333333333
797398,2018,0.8333333333333334
797432,2018,0.7272727272727273
797675,2017,2.0833333333333335
797675,2018,0.0
797685,2017,0.8333333333333334
797685,2018,1.75
797704,2018,5.818181818181818
797714,2017,2.25
797714,2018,1.5
797845,2017,2.0833333333333335
797845,2018,1.5833333333333333
797854,2017,0.0
797854,2018,0.6666666666666666
797897,2017,1.6666666666666667
797897,2018,1.0833333333333333
797902,2018,5.0
797991,2017,2.1666666666666665
797991,2018,2.0
797992,2017,0.0
797992,2018,1.0
798029,2018,3.6363636363636362
798216,2017,1.5833333333333333
798216,2018,1.3333333333333333
798248,2017,1.9166666666666667
798248,2018,1.8333333333333333
798279,2017,0.6666666666666666
798279,2018,1.4166666666666667
798351,2017,1.5833333333333333
798351,2018,1.3333333333333333
798352,2017,0.0
798352,2018,0.0
798375,2017,1.9166666666666667
798375,2018,2.0
798433,2017,2.4166666666666665
798433,2018,2.25
798525,2017,2.0833333333333335
798525,2018,1.5
798533,2017,2.25
798533,2018,1.75
798662,2017,1.6666666666666667
798662,2018,0.6666666666666666
798672,2017,1.0
798672,2018,1.9166666666666667
798708,2017,0.0
798708,2018,0.9166666666666666
798752,2017,0.0
798752,2018,2.3333333333333335
798814,2017,1.3333333333333333
798814,2018,0.6666666666666666
798817,2017,1.25
798817,2018,1.1666666666666667
798832,2017,1.0
798832,2018,1.5
798854,2017,0.6666666666666666
798854,2018,0.6666666666666666
798869,2017,0.0
798869,2018,0.3333333333333333
798871,2017,1.5
798871,2018,1.8333333333333333
798881,2017,1.25
798881,2018,1.5833333333333333
798954,2017,2.5
798954,2018,1.6666666666666667
799064,2017,0.0
799064,2018,1.0
799148,2017,0.16666666666666666
799148,2018,1.25
799157,2017,0.75
799157,2018,1.0833333333333333
799399,2018,4.818181818181818
799437,2017,2.5
799437,2018,1.25
799510,2017,0.5833333333333334
799510,2018,1.0833333333333333
799622,2017,0.0
799622,2018,0.0
799630,2017,0.75
799630,2018,2.3333333333333335
799655,2017,1.0833333333333333
799655,2018,1.6666666666666667
799657,2017,0.0
799657,2018,0.3333333333333333
799690,2017,1.5833333333333333
799690,2018,1.5
799781,2017,1.5
799781,2018,2.0
799857,2017,1.5833333333333333
799857,2018,1.0833333333333333
799919,2017,1.0
799919,2018,1.1666666666666667
799967,2017,2.3333333333333335
799967,2018,1.4166666666666667
799992,2017,1.8333333333333333
799992,2018,1.4166666666666667
800016,2017,1.6666666666666667
800016,2018,1.0833333333333333
800075,2017,2.1666666666666665
800075,2018,2.0833333333333335
800094,2017,2.1666666666666665
800094,2018,1.4166666666666667
800137,2017,2.5
800137,2018,0.8333333333333334
800196,2017,0.0
800196,2018,0.16666666666666666
800220,2018,5.636363636363637
800268,2017,0.0
800268,2018,1.5
800357,2017,2.4166666666666665
800357,2018,1.5833333333333333
800433,2017,0.75
800433,2018,1.0833333333333333
800450,2017,2.0833333333333335
800450,2018,1.25
800481,2017,1.5
800481,2018,0.75
800499,2018,3.3636363636363638
800571,2017,2.0
800571,2018,1.25
800610,2017,1.0
800610,2018,1.3333333333333333
800726,2017,1.5
800726,2018,1.75
800800,2017,0.75
800800,2018,1.9166666666666667
800831,2017,0.25
800831,2018,2.0833333333333335
800878,2017,2.6666666666666665
800878,2018,1.4166666666666667
800923,2017,0.8333333333333334
800923,2018,1.5833333333333333
800945,2017,0.0
800945,2018,0.0
800998,2017,0.0
800998,2018,0.3333333333333333
801146,2017,1.5
801146,2018,1.9166666666666667
801176,2017,1.5
801176,2018,2.1666666666666665
801227,2017,1.5833333333333333
801227,2018,1.0833333333333333
801241,2017,0.0
801241,2018,0.0
801338,2017,1.9166666666666667
801338,2018,1.5833333333333333
801368,2017,2.0833333333333335
801368,2018,1.9166666666666667
801391,2017,1.5
801391,2018,2.1666666666666665
801483,2017,1.8333333333333333
801483,2018,2.75
801542,2017,0.0
801542,2018,0.0
801607,2017,0.0
801607,2018,0.0
801738,2018,3.727272727272727
801788,2017,1.5
801788,2018,0.8333333333333334
801821,2017,1.0
801821,2018,1.25
801832,2017,0.0
801832,2018,0.0
801882,2017,1.6666666666666667
801882,2018,0.9166666666666666
801948,2017,0.0
801948,2018,0.5833333333333334
801953,2017,1.75
801953,2018,1.6666666666666667
802002,2017,2.0833333333333335
802002,2018,1.1666666666666667
802023,2017,0.0
802023,2018,0.0
802084,2017,0.0
802084,2018,0.75
802196,2017,1.4166666666666667
802196,2018,1.8333333333333333
802200,2017,0.9166666666666666
802200,2018,1.9166666666666667
802206,2017,1.3333333333333333
802206,2018,1.4166666666666667
802305,2017,2.25
802305,2018,1.4166666666666667
802316,2017,1.4166666666666667
802316,2018,1.1666666666666667
802336,2017,0.4166666666666667
802336,2018,1.3333333333333333
802425,2017,1.0833333333333333
802425,2018,1.9166666666666667
802452,2017,1.4166666666666667
802452,2018,1.3333333333333333
802470,2017,1.4166666666666667
802470,2018,1.5
802478,2017,2.0
802478,2018,2.25
802519,2017,0.0
802519,2018,0.0
802535,2018,1.4545454545454546
802556,2017,1.5
802556,2018,1.5833333333333333
802621,2017,1.8333333333333333
802621,2018,1.75
802645,2017,1.1666666666666667
802645,2018,0.9166666666666666
802797,2017,2.25
802797,2018,1.75
802860,2017,2.4166666666666665
802860,2018,1.5
802870,2017,1.5
802870,2018,1.0
802958,2017,0.0
802958,2018,0.0
802974,2018,0.0
803084,2017,0.0
803084,2018,0.5833333333333334
803150,2017,2.1666666666666665
803150,2018,2.0
803177,2017,0.0
803177,2018,0.6666666666666666
803234,2017,1.5833333333333333
803234,2018,1.4166666666666667
803252,2017,0.0
803252,2018,0.0
803357,2017,0.0
803357,2018,0.0
803407,2017,1.9166666666666667
803407,2018,1.5833333333333333
803529,2017,1.5833333333333333
803529,2018,2.0
803586,2017,1.25
803586,2018,0.4166666666666667
803587,2017,0.16666666666666666
803587,2018,1.3333333333333333
803656,2017,0.3333333333333333
803656,2018,1.1666666666666667
803747,2017,0.75
803747,2018,1.8333333333333333
803796,2017,1.8333333333333333
803796,2018,0.4166666666666667
803830,2017,0.75
803830,2018,1.5
803844,2017,1.25
803844,2018,1.25
803956,2017,2.0
803956,2018,1.9166666666666667
803976,2017,1.0
803976,2018,1.0833333333333333
804137,2017,2.0
804137,2018,1.6666666666666667
804239,2017,1.9166666666666667
804239,2018,1.5
804259,2017,2.0
804259,2018,1.0833333333333333
804328,2017,1.25
804328,2018,2.6666666666666665
804368,2017,0.4166666666666667
804368,2018,2.0
804402,2017,1.25
804402,2018,1.4166666666666667
804438,2017,1.0833333333333333
804438,2018,2.5
804510,2017,0.0
804510,2018,0.0
804521,2017,0.8333333333333334
804521,2018,1.5833333333333333
804534,2017,2.5833333333333335
804534,2018,1.4166666666666667
804536,2017,2.4166666666666665
804536,2018,1.5833333333333333
804557,2017,1.0833333333333333
804557,2018,1.6666666666666667
804710,2017,1.5833333333333333
804710,2018,1.8333333333333333
804770,2018,2.0
804784,2017,0.8333333333333334
804784,2018,1.1666666666666667
804816,2017,0.5833333333333334
804816,2018,0.0
804890,2017,0.0
804890,2018,0.25
804911,2017,0.0
804911,2018,0.0
804930,2017,3.0
804930,2018,2.5833333333333335
805008,2017,2.3333333333333335
805008,2018,1.0
805013,2017,0.0
805013,2018,1.75
805110,2018,5.545454545454546
805140,2017,1.0833333333333333
805140,2018,0.9166666666666666
805159,2017,1.1666666666666667
805159,2018,1.4166666666666667
805170,2017,2.0
805170,2018,1.3333333333333333
805226,2017,0.75
805226,2018,1.5833333333333333
805349,2017,1.25
805349,2018,1.4166666666666667
805377,2017,1.1666666666666667
805377,2018,0.9166666666666666
805431,2017,1.6666666666666667
805431,2018,1.6666666666666667
805545,2017,0.8333333333333334
805545,2018,0.3333333333333333
805574,2017,0.9166666666666666
805574,2018,1.0833333333333333
805598,2018,6.363636363636363
805816,2017,1.9166666666666667
805816,2018,1.25
805890,2017,1.1666666666666667
805890,2018,1.75
805902,2017,0.0
805902,2018,0.08333333333333333
805932,2017,2.0833333333333335
805932,2018,1.5
805977,2017,1.8333333333333333
805977,2018,1.6666666666666667
806008,2017,1.0
806008,2018,1.8333333333333333
806030,2017,0.0
806030,2018,1.1666666666666667
806157,2017,0.08333333333333333
806157,2018,0.9166666666666666
806168,2017,0.8333333333333334
806168,2018,1.3333333333333333
806196,2018,5.545454545454546
806283,2017,1.6666666666666667
806283,2018,1.6666666666666667
806348,2017,1.75
806348,2018,0.8333333333333334
806598,2017,2.0
806598,2018,1.6666666666666667
806639,2017,2.1666666666666665
806639,2018,1.5833333333333333
806815,2017,1.8333333333333333
806815,2018,1.6666666666666667
806839,2017,0.5
806839,2018,1.1666666666666667
806850,2018,2.8181818181818183
806859,2017,0.16666666666666666
806859,2018,0.6666666666666666
806995,2017,0.75
806995,2018,1.4166666666666667
807058,2017,0.0
807058,2018,0.25
807074,2017,0.0
807074,2018,0.25
807134,2017,1.1666666666666667
807134,2018,1.5
807152,2017,1.5833333333333333
807152,2018,0.75
807211,2017,0.9166666666666666
807211,2018,0.9166666666666666
807256,2017,2.3333333333333335
807256,2018,1.1666666666666667
807262,2017,0.0
807262,2018,0.0
807289,2017,2.5833333333333335
807289,2018,2.5833333333333335
807297,2017,1.0
807297,2018,1.25
807553,2017,1.5
807553,2018,1.75
807570,2017,2.6666666666666665
807570,2018,2.0833333333333335
807589,2017,2.75
807589,2018,2.0833333333333335
807681,2017,1.9166666666666667
807681,2018,1.4166666666666667
807769,2017,1.25
807769,2018,0.5
807902,2017,2.0
807902,2018,1.0833333333333333
807942,2017,0.0
807942,2018,0.0
807970,2017,0.16666666666666666
807970,2018,0.0
808005,2017,2.1666666666666665
808005,2018,1.75
808096,2017,2.3333333333333335
808096,2018,2.1666666666666665
808206,2017,2.3333333333333335
808206,2018,1.4166666666666667
808341,2017,0.0
808341,2018,0.0
808353,2017,1.4166666666666667
808353,2018,1.0833333333333333
808392,2017,1.9166666666666667
808392,2018,1.3333333333333333
808399,2018,7.2727272727272725
808498,2017,1.5833333333333333
808498,2018,1.8333333333333333
808524,2017,1.6666666666666667
808524,2018,2.25
808721,2017,1.3333333333333333
808721,2018,1.25
808920,2017,0.0
808920,2018,2.1666666666666665
809016,2017,1.5833333333333333
809016,2018,2.1666666666666665
809024,2017,1.5
809024,2018,2.0
809107,2017,0.0
809107,2018,2.5
809207,2017,0.0
809207,2018,2.25
809216,2017,1.0833333333333333
809216,2018,1.4166666666666667
809218,2017,1.75
809218,2018,2.1666666666666665
809299,2017,0.9166666666666666
809299,2018,1.4166666666666667
809301,2017,0.0
809301,2018,0.0
809404,2017,2.5
809404,2018,1.0
809449,2017,1.0833333333333333
809449,2018,2.8333333333333335
809587,2017,1.5
809587,2018,1.8333333333333333
809681,2017,1.75
809681,2018,1.75
809728,2017,0.0
809728,2018,1.0
809733,2017,2.0833333333333335
809733,2018,2.0
810028,2017,1.5833333333333333
810028,2018,0.8333333333333334
810071,2017,2.0
810071,2018,2.0
810100,2017,1.5
810100,2018,2.1666666666666665
810257,2017,2.25
810257,2018,1.25
810338,2017,1.1666666666666667
810338,2018,1.0
810448,2017,1.6666666666666667
810448,2018,2.0833333333333335
810482,2017,2.5
810482,2018,1.5833333333333333
810503,2018,4.545454545454546
810517,2017,0.6666666666666666
810517,2018,0.0
810581,2017,1.3333333333333333
810581,2018,1.5833333333333333
810621,2017,2.1666666666666665
810621,2018,1.3333333333333333
810668,2018,5.181818181818182
810693,2017,0.0
810693,2018,1.25
810755,2017,2.6666666666666665
810755,2018,1.4166666666666667
810833,2017,1.4166666666666667
810833,2018,1.8333333333333333
810899,2017,2.0833333333333335
810899,2018,2.25
810990,2017,1.25
810990,2018,1.25
811022,2017,0.0
811022,2018,1.0
811139,2017,1.8333333333333333
811139,2018,1.0833333333333333
811140,2017,0.0
811140,2018,0.4166666666666667
811162,2017,2.4166666666666665
811162,2018,1.5833333333333333
811289,2017,1.6666666666666667
811289,2018,2.0833333333333335
811333,2017,1.5833333333333333
811333,2018,1.5
811335,2017,0.9166666666666666
811335,2018,1.75
811429,2017,0.0
811429,2018,0.0
811430,2017,0.0
811430,2018,0.16666666666666666
811471,2017,1.0833333333333333
811471,2018,2.1666666666666665
811567,2017,1.8333333333333333
811567,2018,1.3333333333333333
811569,2018,3.909090909090909
811612,2017,0.0
811612,2018,1.0
811619,2017,1.75
811619,2018,1.5
811684,2017,0.25
811684,2018,1.5833333333333333
811746,2017,1.8333333333333333
811746,2018,2.25
811748,2017,0.25
811748,2018,0.0
811802,2017,2.9166666666666665
811802,2018,1.25
811959,2017,0.0
811959,2018,0.6666666666666666
812042,2017,1.25
812042,2018,1.75
812057,2017,3.25
812057,2018,2.0
812149,2017,2.9166666666666665
812149,2018,1.4166666666666667
812152,2017,1.4166666666666667
812152,2018,1.5833333333333333
812248,2017,1.75
812248,2018,1.4166666666666667
812282,2017,1.8333333333333333
812282,2018,2.3333333333333335
812373,2017,1.9166666666666667
812373,2018,2.5833333333333335
812417,2017,1.25
812417,2018,1.4166666666666667
812513,2017,1.4166666666666667
812513,2018,2.5
812599,2017,1.9166666666666667
812599,2018,0.9166666666666666
812617,2017,0.0
812617,2018,0.5833333333333334
812628,2017,0.0
812628,2018,0.16666666666666666
812804,2017,0.0
812804,2018,1.25
812894,2017,1.25
812894,2018,1.25
812899,2017,1.6666666666666667
812899,2018,2.0
813320,2017,2.25
813320,2018,1.4166666666666667
813352,2017,0.0
813352,2018,0.0
813439,2017,2.0833333333333335
813439,2018,2.0833333333333335
813455,2018,9.454545454545455
813520,2017,1.3333333333333333
813520,2018,1.3333333333333333
813567,2017,1.25
813567,2018,2.4166666666666665
813620,2017,1.5
813620,2018,1.5
813652,2017,1.6666666666666667
813652,2018,0.75
813681,2017,1.5833333333333333
813681,2018,1.6666666666666667
813725,2017,1.0833333333333333
813725,2018,1.0
813739,2017,1.0833333333333333
813739,2018,1.5
813868,2017,0.0
813868,2018,1.1666666666666667
813931,2017,1.75
813931,2018,1.3333333333333333
814067,2017,2.0
814067,2018,2.25
814112,2017,0.25
814112,2018,2.5833333333333335
814236,2017,0.6666666666666666
814236,2018,1.3333333333333333
814490,2017,0.25
814490,2018,1.9166666666666667
814653,2017,0.6666666666666666
814653,2018,1.5833333333333333
814698,2017,0.0
814698,2018,1.5
814703,2017,1.3333333333333333
814703,2018,1.6666666666666667
814748,2017,2.0833333333333335
814748,2018,1.9166666666666667
814894,2017,0.0
814894,2018,1.0
815207,2018,5.363636363636363
815248,2017,0.4166666666666667
815248,2018,0.0
815328,2017,0.5833333333333334
815328,2018,0.9166666666666666
815344,2017,0.25
815344,2018,0.5833333333333334
815381,2017,0.0
815381,2018,0.0
815498,2017,2.4166666666666665
815498,2018,1.0833333333333333
815541,2017,1.1666666666666667
815541,2018,2.5
815584,2018,4.2727272727272725
815603,2017,0.0
815603,2018,0.0
815626,2017,1.9166666666666667
815626,2018,1.3333333333333333
815643,2017,2.3333333333333335
815643,2018,1.25
815718,2017,1.4166666666666667
815718,2018,1.0
815789,2017,1.5833333333333333
815789,2018,2.0833333333333335
815796,2017,0.3333333333333333
815796,2018,2.5
815804,2017,2.0833333333333335
815804,2018,0.5833333333333334
815834,2017,2.5833333333333335
815834,2018,1.6666666666666667
815841,2018,4.909090909090909
815850,2017,1.3333333333333333
815850,2018,2.1666666666666665
816110,2017,1.5
816110,2018,2.3333333333333335
816122,2017,0.4166666666666667
816122,2018,1.0
816196,2017,1.1666666666666667
816196,2018,2.6666666666666665
816323,2017,2.8333333333333335
816323,2018,0.9166666666666666
816330,2017,0.0
816330,2018,0.8333333333333334
816406,2017,0.0
816406,2018,0.0
816420,2017,1.1666666666666667
816420,2018,1.3333333333333333
816510,2017,0.0
816510,2018,0.08333333333333333
816593,2017,1.75
816593,2018,1.4166666666666667
816608,2017,2.4166666666666665
816608,2018,0.9166666666666666
816705,2017,2.4166666666666665
816705,2018,1.5
816763,2017,0.9166666666666666
816763,2018,1.25
816881,2017,1.75
816881,2018,2.0833333333333335
816937,2017,0.0
816937,2018,1.75
816983,2017,1.5833333333333333
816983,2018,1.4166666666666667
817041,2018,0.0
817066,2017,1.6666666666666667
817066,2018,1.75
817069,2018,4.090909090909091
817070,2017,1.75
817070,2018,0.9166666666666666
817074,2017,0.0
817074,2018,1.8333333333333333
817102,2017,1.5
817102,2018,1.5833333333333333
817135,2017,0.0
817135,2018,0.5
817136,2017,1.9166666666666667
817136,2018,1.25
817158,2017,1.4166666666666667
817158,2018,1.6666666666666667
817168,2017,3.0
817168,2018,1.5
817191,2017,0.8333333333333334
817191,2018,1.9166666666666667
817245,2017,1.3333333333333333
817245,2018,0.5
817288,2017,0.0
817288,2018,0.9166666666666666
817298,2017,0.0
817298,2018,0.5
817375,2017,1.75
817375,2018,1.4166666666666667
817456,2017,1.4166666666666667
817456,2018,1.8333333333333333
817520,2017,0.4166666666666667
817520,2018,1.8333333333333333
817527,2017,1.5
817527,2018,0.75
817573,2017,2.0833333333333335
817573,2018,1.4166666666666667
817609,2017,0.75
817609,2018,2.0
817613,2017,1.4166666666666667
817613,2018,2.0
817714,2017,1.6666666666666667
817714,2018,1.1666666666666667
817744,2017,1.75
817744,2018,1.75
817822,2017,1.6666666666666667
817822,2018,1.5
817851,2017,1.8333333333333333
817851,2018,1.1666666666666667
817932,2017,0.5
817932,2018,1.25
818040,2017,0.0
818040,2018,0.0
818077,2017,1.0
818077,2018,1.8333333333333333
818114,2017,2.25
818114,2018,1.0
818271,2017,0.0
818271,2018,2.5
818329,2017,0.0
818329,2018,0.75
818391,2017,0.0
818391,2018,0.9166666666666666
818454,2017,0.25
818454,2018,2.3333333333333335
818484,2017,1.0
818484,2018,1.5
818567,2017,2.5
818567,2018,2.25
818597,2017,1.1666666666666667
818597,2018,1.5833333333333333
818616,2017,1.5833333333333333
818616,2018,1.5833333333333333
818864,2017,1.4166666666666667
818864,2018,2.4166666666666665
818870,2017,0.0
818870,2018,2.1666666666666665
818881,2018,6.0
818886,2017,0.0
818886,2018,0.0
818940,2017,0.5833333333333334
818940,2018,2.1666666666666665
818995,2017,2.0833333333333335
818995,2018,1.3333333333333333
819055,2017,1.4166666666666667
819055,2018,2.0
819077,2017,1.1666666666666667
819077,2018,1.4166666666666667
819149,2017,2.3333333333333335
819149,2018,1.6666666666666667
819246,2017,0.0
819246,2018,0.0
819255,2017,0.0
819255,2018,0.8333333333333334
819267,2017,2.0
819267,2018,1.8333333333333333
819315,2017,0.0
819315,2018,1.4166666666666667
819375,2017,2.0833333333333335
819375,2018,1.4166666666666667
819448,2017,0.0
819448,2018,0.4166666666666667
819497,2017,1.0833333333333333
819497,2018,2.5833333333333335
819498,2017,0.0
819498,2018,0.75
819521,2018,6.181818181818182
819569,2017,2.1666666666666665
819569,2018,1.0833333333333333
819592,2017,1.3333333333333333
819592,2018,1.25
819664,2017,1.5833333333333333
819664,2018,1.5833333333333333
819718,2017,1.8333333333333333
819718,2018,1.75
819765,2017,2.5
819765,2018,2.5
819809,2017,1.0
819809,2018,1.5
819842,2017,0.6666666666666666
819842,2018,1.625
819924,2017,1.25
819924,2018,0.8333333333333334
819969,2017,2.4166666666666665
819969,2018,1.5
820164,2017,1.3333333333333333
820164,2018,1.25
820187,2017,0.0
820187,2018,0.0
820204,2017,2.0833333333333335
820204,2018,0.9166666666666666
820223,2017,1.1666666666666667
820223,2018,2.0833333333333335
820265,2017,0.0
820265,2018,0.5
820341,2017,2.0
820341,2018,0.5833333333333334
820344,2017,0.0
820344,2018,0.8333333333333334
820370,2017,0.75
820370,2018,1.0
820406,2017,1.0
820406,2018,1.3333333333333333
820454,2017,1.8333333333333333
820454,2018,0.5833333333333334
820501,2017,1.4166666666666667
820501,2018,1.5833333333333333
820541,2017,2.0
820541,2018,2.0
820542,2017,1.1666666666666667
820542,2018,1.8333333333333333
821010,2017,2.4166666666666665
821010,2018,1.8333333333333333
821043,2017,2.25
821043,2018,1.5833333333333333
821117,2017,2.9166666666666665
821117,2018,2.5
821137,2017,1.6666666666666667
821137,2018,2.3333333333333335
821202,2017,2.0
821202,2018,1.9166666666666667
821216,2017,1.3333333333333333
821216,2018,1.1666666666666667
821296,2017,1.0833333333333333
821296,2018,2.3333333333333335
821314,2017,0.8333333333333334
821314,2018,1.25
821325,2017,0.0
821325,2018,1.8333333333333333
821379,2017,0.5833333333333334
821379,2018,1.0833333333333333
821404,2017,0.8333333333333334
821404,2018,0.9166666666666666
821419,2017,0.0
821419,2018,1.0833333333333333
821462,2017,0.16666666666666666
821462,2018,1.3333333333333333
821515,2018,0.8181818181818182
821705,2017,0.0
821705,2018,0.0
821712,2017,0.0
821712,2018,0.0
821739,2017,1.75
821739,2018,2.3333333333333335
821820,2017,1.25
821820,2018,1.5
821918,2017,1.75
821918,2018,1.75
821944,2017,0.9166666666666666
821944,2018,0.0
822051,2017,2.4166666666666665
822051,2018,0.8333333333333334
822066,2017,0.3333333333333333
822066,2018,2.0
822102,2017,0.16666666666666666
822102,2018,1.6666666666666667
822122,2017,1.5833333333333333
822122,2018,1.25
822205,2017,0.0
822205,2018,1.3333333333333333
822211,2017,1.0833333333333333
822211,2018,1.25
822305,2017,2.1666666666666665
822305,2018,1.25
822507,2017,1.5
822507,2018,1.0
822555,2017,2.5
822555,2018,1.25
822653,2017,0.0
822653,2018,0.0
822665,2017,1.0833333333333333
822665,2018,0.75
822694,2017,1.9166666666666667
822694,2018,2.0
822696,2017,1.25
822696,2018,1.5833333333333333
822723,2017,0.6666666666666666
822723,2018,0.0
822727,2017,1.8333333333333333
822727,2018,1.5
822749,2017,2.0
822749,2018,2.6666666666666665
822765,2017,1.5833333333333333
822765,2018,1.25
822811,2017,1.3333333333333333
822811,2018,0.3333333333333333
822901,2017,0.0
822901,2018,1.0833333333333333
822956,2017,1.0
822956,2018,2.0833333333333335
822995,2017,2.25
822995,2018,1.75
823048,2017,0.0
823048,2018,1.5
823112,2017,2.25
823112,2018,2.1666666666666665
823113,2017,0.9166666666666666
823113,2018,1.5833333333333333
823208,2017,1.4166666666666667
823208,2018,1.25
823212,2017,0.0
823212,2018,0.0
823257,2017,0.6666666666666666
823257,2018,0.16666666666666666
823319,2017,0.5833333333333334
823319,2018,1.0
823436,2017,1.6666666666666667
823436,2018,0.0
823453,2017,0.0
823453,2018,1.5833333333333333
823567,2017,0.25
823567,2018,1.5833333333333333
823590,2017,1.5
823590,2018,1.1666666666666667
823628,2017,0.3333333333333333
823628,2018,1.4166666666666667
823663,2017,0.0
823663,2018,0.0
823665,2017,1.5833333333333333
823665,2018,0.9166666666666666
823740,2017,1.1666666666666667
823740,2018,1.5
823761,2017,2.0
823761,2018,1.5
823768,2017,1.25
823768,2018,1.9166666666666667
823789,2017,1.1666666666666667
823789,2018,1.3333333333333333
823816,2017,1.25
823816,2018,2.0833333333333335
823986,2017,0.25
823986,2018,1.25
823998,2017,1.0833333333333333
823998,2018,1.3333333333333333
824076,2017,0.0
824076,2018,0.0
824133,2017,1.0
824133,2018,1.25
824163,2017,1.5833333333333333
824163,2018,1.6666666666666667
824216,2017,1.8333333333333333
824216,2018,1.75
824259,2017,2.5
824259,2018,1.75
824315,2017,1.3333333333333333
824315,2018,1.4166666666666667
824351,2017,2.0
824351,2018,1.9166666666666667
824360,2017,1.0833333333333333
824360,2018,1.1666666666666667
824414,2017,0.9166666666666666
824414,2018,1.1666666666666667
824462,2017,2.25
824462,2018,0.9166666666666666
824486,2017,0.75
824486,2018,0.75
824610,2017,1.5
824610,2018,1.5
824668,2017,1.0
824668,2018,0.75
824712,2017,2.1666666666666665
824712,2018,1.0833333333333333
824906,2017,1.25
824906,2018,2.5833333333333335
824917,2017,2.0833333333333335
824917,2018,1.9166666666666667
824990,2017,0.6666666666666666
824990,2018,2.0833333333333335
825165,2017,1.3333333333333333
825165,2018,0.6666666666666666
825217,2017,1.0
825217,2018,0.9166666666666666
825239,2017,1.4166666666666667
825239,2018,1.1666666666666667
825254,2017,0.4166666666666667
825254,2018,1.4166666666666667
825315,2017,1.5
825315,2018,1.4166666666666667
825333,2017,0.0
825333,2018,1.5
825336,2017,1.4166666666666667
825336,2018,1.75
825464,2018,3.909090909090909
825465,2017,1.3333333333333333
825465,2018,1.5833333333333333
825484,2017,2.0
825484,2018,1.5
825490,2017,1.3333333333333333
825490,2018,1.25
825517,2017,1.8181818181818181
825517,2018,1.434782608695652
825569,2017,1.3333333333333333
825569,2018,1.3333333333333333
825593,2017,1.6842105263157894
825593,2018,2.1818181818181817
825730,2017,0.0
825730,2018,0.0
825809,2018,1.3636363636363635
825920,2017,0.0
825920,2018,0.0
826113,2018,2.5454545454545454
826136,2017,2.0833333333333335
826136,2018,1.3333333333333333
826149,2017,1.4166666666666667
826149,2018,1.25
826166,2017,0.0
826166,2018,1.4166666666666667
826230,2017,0.0
826230,2018,0.16666666666666666
826271,2017,0.4166666666666667
826271,2018,0.4166666666666667
826304,2017,1.1666666666666667
826304,2018,1.8333333333333333
826312,2017,0.0
826312,2018,0.0
826556,2017,0.0
826556,2018,0.5
826589,2017,1.4166666666666667
826589,2018,0.9166666666666666
826697,2017,0.16666666666666666
826697,2018,0.0
826930,2017,0.0
826930,2018,0.0
826975,2017,0.0
826975,2018,1.0833333333333333
826984,2017,0.0
826984,2018,0.0
827147,2017,1.4166666666666667
827147,2018,1.0
827164,2017,1.4166666666666667
827164,2018,1.4166666666666667
827172,2017,2.0
827172,2018,1.5833333333333333
827190,2017,1.0
827190,2018,1.6666666666666667
827194,2018,4.0
827215,2017,1.5833333333333333
827215,2018,1.5
827275,2017,0.8333333333333334
827275,2018,0.9166666666666666
827288,2018,1.0
827309,2017,1.8333333333333333
827309,2018,0.4166666666666667
827334,2017,0.9166666666666666
827334,2018,2.0833333333333335
827339,2017,1.75
827339,2018,1.6666666666666667
827353,2018,0.0
827546,2017,2.4166666666666665
827546,2018,1.5
827668,2017,1.1666666666666667
827668,2018,0.0
827677,2018,0.0
827731,2017,1.6666666666666667
827731,2018,1.75
827790,2018,1.5454545454545454
827815,2017,0.0
827815,2018,0.0
827819,2017,1.6666666666666667
827819,2018,1.25
828026,2017,1.0
828026,2018,0.0
828040,2017,0.0
828040,2018,0.6666666666666666
828076,2017,2.0
828076,2018,1.5833333333333333
828109,2018,4.0
828136,2017,1.5
828136,2018,2.4166666666666665
828182,2017,2.8333333333333335
828182,2018,0.6666666666666666
828232,2017,1.4166666666666667
828232,2018,1.5
828328,2017,0.0
828328,2018,0.0
828353,2017,2.1666666666666665
828353,2018,1.75
828481,2017,1.5833333333333333
828481,2018,1.4166666666666667
828643,2017,0.9166666666666666
828643,2018,2.0
828731,2017,1.5
828731,2018,1.75
828735,2017,1.8333333333333333
828735,2018,2.4166666666666665
828776,2017,1.0833333333333333
828776,2018,1.5
828816,2017,1.4166666666666667
828816,2018,1.25
828817,2017,2.5833333333333335
828817,2018,1.4166666666666667
828852,2017,1.4166666666666667
828852,2018,1.6666666666666667
828862,2017,0.0
828862,2018,0.5833333333333334
828884,2017,0.0
828884,2018,0.0
828895,2017,2.5833333333333335
828895,2018,2.1666666666666665
828918,2017,1.1666666666666667
828918,2018,0.4166666666666667
828924,2017,0.0
828924,2018,1.3333333333333333
828959,2017,1.1666666666666667
828959,2018,1.4166666666666667
828967,2017,1.6666666666666667
828967,2018,2.0
828988,2017,2.5833333333333335
828988,2018,1.0
829003,2017,2.0833333333333335
829003,2018,1.5833333333333333
829162,2017,1.9166666666666667
829162,2018,1.5833333333333333
829263,2017,1.75
829263,2018,0.9166666666666666
829291,2017,1.9166666666666667
829291,2018,1.25
829316,2017,0.0
829316,2018,0.0
829476,2017,1.4166666666666667
829476,2018,0.5833333333333334
829505,2017,1.0
829505,2018,1.75
829588,2017,1.3333333333333333
829588,2018,1.5833333333333333
829627,2017,1.75
829627,2018,1.0
829663,2017,0.5
829663,2018,2.3333333333333335
829684,2017,1.75
829684,2018,1.4166666666666667
829861,2017,1.5
829861,2018,1.0833333333333333
829863,2017,0.0
829863,2018,0.0
829886,2017,1.0
829886,2018,2.8333333333333335
830024,2017,1.25
830024,2018,1.3333333333333333
830071,2017,0.0
830071,2018,0.6666666666666666
830171,2017,1.6666666666666667
830171,2018,1.9166666666666667
830223,2017,2.25
830223,2018,1.6666666666666667
830225,2017,1.5833333333333333
830225,2018,1.5
830385,2017,1.5833333333333333
830385,2018,1.0
830394,2017,0.0
830394,2018,0.0
830446,2017,0.8333333333333334
830446,2018,1.75
830503,2017,2.0833333333333335
830503,2018,1.5
830547,2017,0.0
830547,2018,0.8333333333333334
830564,2017,1.8333333333333333
830564,2018,1.8333333333333333
830673,2017,1.0
830673,2018,1.0833333333333333
830743,2017,1.5
830743,2018,0.5833333333333334
830777,2017,1.5
830777,2018,1.0833333333333333
830811,2017,1.5833333333333333
830811,2018,1.8333333333333333
830818,2017,0.08333333333333333
830818,2018,2.0833333333333335
830836,2017,0.0
830836,2018,0.0
830903,2017,0.0
830903,2018,0.5
830931,2017,2.25
830931,2018,1.4166666666666667
830975,2017,0.5833333333333334
830975,2018,1.5833333333333333
831035,2017,2.5
831035,2018,1.8333333333333333
831087,2017,1.6666666666666667
831087,2018,1.6666666666666667
831180,2017,2.0
831180,2018,1.75
831253,2017,1.5833333333333333
831253,2018,1.25
831341,2017,0.0
831341,2018,0.23076923076923078
831404,2017,0.9166666666666666
831404,2018,1.0833333333333333
831424,2017,0.5833333333333334
831424,2018,0.8333333333333334
831442,2017,1.25
831442,2018,2.0833333333333335
831545,2018,1.0909090909090908
831644,2017,0.0
831644,2018,0.5833333333333334
831693,2017,0.0
831693,2018,1.5833333333333333
831696,2017,2.1666666666666665
831696,2018,1.5
831780,2017,0.0
831780,2018,0.6666666666666666
831797,2018,5.2727272727272725
831812,2017,1.25
831812,2018,0.0
831829,2017,2.1666666666666665
831829,2018,2.0833333333333335
831854,2018,4.0
831860,2017,1.4166666666666667
831860,2018,1.75
831928,2017,0.3333333333333333
831928,2018,0.5
831948,2017,0.5833333333333334
831948,2018,1.25
831964,2017,2.0
831964,2018,1.3333333333333333
831987,2017,0.0
831987,2018,0.0
832046,2017,0.0
832046,2018,0.8333333333333334
832062,2017,1.25
832062,2018,2.0833333333333335
832155,2017,0.0
832155,2018,0.5833333333333334
832301,2017,1.75
832301,2018,1.1666666666666667
832367,2017,1.0833333333333333
832367,2018,2.0833333333333335
832431,2017,1.4166666666666667
832431,2018,1.75
832566,2017,2.3333333333333335
832566,2018,1.0833333333333333
832597,2017,1.6666666666666667
832597,2018,1.4166666666666667
832625,2017,1.4166666666666667
832625,2018,1.4166666666666667
832663,2017,1.25
832663,2018,0.9166666666666666
832665,2017,0.9166666666666666
832665,2018,1.0
832745,2017,1.5
832745,2018,1.5833333333333333
832810,2017,0.0
832810,2018,0.4166666666666667
832864,2017,1.1666666666666667
832864,2018,1.6666666666666667
832921,2017,2.3333333333333335
832921,2018,1.6666666666666667
832983,2018,4.7272727272727275
833024,2017,1.4166666666666667
833024,2018,1.9166666666666667
833052,2017,1.5833333333333333
833052,2018,1.4166666666666667
833148,2017,1.4166666666666667
833148,2018,0.0
833165,2017,0.0
833165,2018,0.0
833169,2017,0.0
833169,2018,0.0
833197,2017,0.8333333333333334
833197,2018,1.1666666666666667
833221,2017,0.0
833221,2018,1.5833333333333333
833233,2017,2.0833333333333335
833233,2018,2.25
833305,2017,1.3333333333333333
833305,2018,2.4166666666666665
833317,2017,1.75
833317,2018,1.5
833322,2017,1.5
833322,2018,1.5
833397,2017,1.75
833397,2018,2.0
833436,2017,1.4166666666666667
833436,2018,1.25
833547,2017,0.0
833547,2018,0.16666666666666666
833569,2017,0.4166666666666667
833569,2018,1.4166666666666667
833576,2017,1.5
833576,2018,1.75
833627,2017,0.25
833627,2018,0.9166666666666666
833679,2017,1.4166666666666667
833679,2018,0.9166666666666666
833683,2017,0.9166666666666666
833683,2018,1.8333333333333333
833701,2017,2.3333333333333335
833701,2018,0.5
833704,2017,0.8333333333333334
833704,2018,1.5
833728,2017,1.25
833728,2018,1.5833333333333333
833754,2017,0.0
833754,2018,0.25
833765,2017,1.5
833765,2018,1.1666666666666667
833783,2017,1.8333333333333333
833783,2018,2.0
833793,2017,0.3076923076923077
833793,2018,0.9411764705882353
833801,2017,1.25
833801,2018,1.9166666666666667
833844,2017,0.75
833844,2018,1.0833333333333333
833891,2017,1.75
833891,2018,2.0
833998,2017,1.5833333333333333
833998,2018,1.5
834012,2017,0.0
834012,2018,0.3333333333333333
834063,2017,0.4166666666666667
834063,2018,0.0
834066,2017,1.3333333333333333
834066,2018,0.5833333333333334
834081,2017,1.9166666666666667
834081,2018,1.5
834120,2017,2.1666666666666665
834120,2018,1.8333333333333333
834270,2017,1.4166666666666667
834270,2018,1.6666666666666667
834286,2017,2.4166666666666665
834286,2018,1.4166666666666667
834304,2017,2.25
834304,2018,1.4166666666666667
834306,2017,2.0833333333333335
834306,2018,1.75
834453,2017,1.5
834453,2018,1.0
834522,2017,0.0
834522,2018,0.0
834523,2017,1.5833333333333333
834523,2018,1.5833333333333333
834537,2017,0.0
834537,2018,0.08333333333333333
834544,2017,2.0
834544,2018,1.0
834550,2017,1.1666666666666667
834550,2018,1.25
834571,2017,2.25
834571,2018,0.5
834576,2017,2.0833333333333335
834576,2018,1.0833333333333333
834615,2017,1.9166666666666667
834615,2018,2.5
834726,2018,6.636363636363637
834733,2017,1.4166666666666667
834733,2018,1.9166666666666667
834760,2017,2.1666666666666665
834760,2018,2.1666666666666665
834790,2017,0.0
834790,2018,0.5833333333333334
834799,2017,1.3333333333333333
834799,2018,1.1666666666666667
834891,2017,0.0
834891,2018,0.0
834943,2017,1.25
834943,2018,1.3333333333333333
835009,2017,1.6666666666666667
835009,2018,1.5833333333333333
835062,2017,2.25
835062,2018,1.25
835133,2017,0.0
835133,2018,0.8333333333333334
835149,2017,0.6666666666666666
835149,2018,1.8333333333333333
835240,2017,1.0
835240,2018,1.0833333333333333
835295,2017,0.5833333333333334
835295,2018,0.0
835377,2017,0.5833333333333334
835377,2018,1.4166666666666667
835440,2017,1.5
835440,2018,0.25
835484,2017,0.9166666666666666
835484,2018,1.1666666666666667
835491,2017,1.3333333333333333
835491,2018,1.3333333333333333
835508,2017,1.1666666666666667
835508,2018,0.9166666666666666
835566,2017,1.0
835566,2018,0.0
835683,2017,1.5
835683,2018,2.25
835693,2017,1.0833333333333333
835693,2018,2.0
835760,2017,1.6666666666666667
835760,2018,1.25
835764,2017,1.4166666666666667
835764,2018,1.4166666666666667
835779,2017,1.4166666666666667
835779,2018,1.25
835785,2017,2.25
835785,2018,1.0
835796,2017,2.1666666666666665
835796,2018,1.8333333333333333
835920,2018,2.8181818181818183
835973,2017,2.1666666666666665
835973,2018,0.9166666666666666
835975,2017,0.0
835975,2018,0.0
836112,2017,1.25
836112,2018,2.25
836226,2018,5.2727272727272725
836295,2017,0.4166666666666667
836295,2018,0.0
836343,2017,1.8333333333333333
836343,2018,0.9166666666666666
836374,2017,1.1666666666666667
836374,2018,1.6666666666666667
836405,2017,1.4166666666666667
836405,2018,1.1666666666666667
836443,2017,1.8333333333333333
836443,2018,1.75
836475,2017,2.0
836475,2018,1.5
836486,2017,1.9166666666666667
836486,2018,1.1666666666666667
836523,2017,1.5
836523,2018,1.9166666666666667
836550,2017,0.8333333333333334
836550,2018,2.0833333333333335
836603,2017,0.0
836603,2018,0.5
836622,2017,0.75
836622,2018,0.6666666666666666
836665,2017,1.5833333333333333
836665,2018,2.1666666666666665
836706,2017,1.8333333333333333
836706,2018,1.6666666666666667
836713,2017,1.1666666666666667
836713,2018,0.8333333333333334
836720,2018,6.090909090909091
836964,2017,1.8333333333333333
836964,2018,1.5833333333333333
836984,2017,0.0
836984,2018,0.3333333333333333
837012,2017,1.6666666666666667
837012,2018,2.0
837031,2017,1.9166666666666667
837031,2018,1.4166666666666667
837175,2017,2.0833333333333335
837175,2018,1.6666666666666667
837215,2017,1.5
837215,2018,1.3333333333333333
837237,2017,1.0833333333333333
837237,2018,1.5
837269,2017,0.5833333333333334
837269,2018,1.8333333333333333
837273,2017,0.0
837273,2018,0.25
837327,2017,0.0
837327,2018,0.0
837360,2017,1.5833333333333333
837360,2018,1.1666666666666667
837408,2017,0.0
837408,2018,0.0
837517,2017,0.6666666666666666
837517,2018,0.8333333333333334
837526,2017,0.0
837526,2018,1.0833333333333333
837580,2017,0.9166666666666666
837580,2018,1.5
837615,2017,0.0
837615,2018,0.0
837628,2017,1.25
837628,2018,1.5
837641,2017,1.6666666666666667
837641,2018,1.0
837646,2017,0.8333333333333334
837646,2018,0.5
837704,2017,0.0
837704,2018,0.4166666666666667
837705,2017,1.3333333333333333
837705,2018,1.6666666666666667
837733,2017,1.4166666666666667
837733,2018,1.8333333333333333
837810,2017,0.75
837810,2018,2.0
837833,2017,1.75
837833,2018,2.1666666666666665
837932,2017,2.0
837932,2018,1.75
838008,2017,0.25
838008,2018,2.0
838032,2017,1.0833333333333333
838032,2018,0.9166666666666666
838160,2017,2.0833333333333335
838160,2018,1.75
838232,2017,2.1666666666666665
838232,2018,1.8333333333333333
838263,2017,0.0
838263,2018,0.0
838270,2017,2.3333333333333335
838270,2018,1.75
838283,2017,2.5833333333333335
838283,2018,1.6666666666666667
838482,2017,1.6666666666666667
838482,2018,1.75
838553,2017,0.25
838553,2018,0.3333333333333333
838584,2017,1.4166666666666667
838584,2018,1.6666666666666667
838589,2017,0.75
838589,2018,0.0
838634,2017,2.0
838634,2018,1.6666666666666667
838650,2017,1.4166666666666667
838650,2018,1.25
838657,2017,1.0
838657,2018,2.0
838771,2017,0.8333333333333334
838771,2018,1.75
838784,2017,1.1666666666666667
838784,2018,0.0
838845,2017,0.3333333333333333
838845,2018,0.5833333333333334
838881,2017,1.5
838881,2018,1.5
838885,2017,2.5833333333333335
838885,2018,2.0
838938,2017,1.25
838938,2018,1.1666666666666667
838993,2017,0.4166666666666667
838993,2018,0.9166666666666666
839115,2017,1.0
839115,2018,1.6666666666666667
839132,2018,7.090909090909091
839263,2017,2.5
839263,2018,2.25
839295,2017,1.0833333333333333
839295,2018,0.8333333333333334
839328,2017,1.25
839328,2018,1.5
839356,2017,1.6666666666666667
839356,2018,2.5
839362,2017,1.6666666666666667
839362,2018,1.9166666666666667
839412,2017,0.75
839412,2018,1.1666666666666667
839422,2017,1.25
839422,2018,1.6666666666666667
839461,2017,0.0
839461,2018,0.9166666666666666
839494,2018,2.3636363636363638
839527,2017,1.5833333333333333
839527,2018,0.9166666666666666
839579,2017,0.16666666666666666
839579,2018,1.0833333333333333
839659,2017,1.1666666666666667
839659,2018,1.5833333333333333
839694,2017,0.75
839694,2018,1.8333333333333333
839748,2017,2.5833333333333335
839748,2018,1.9166666666666667
839967,2017,1.25
839967,2018,1.5833333333333333
840008,2018,5.090909090909091
840021,2017,1.6666666666666667
840021,2018,1.3333333333333333
840038,2017,0.9166666666666666
840038,2018,1.5
840059,2017,2.0
840059,2018,0.9166666666666666
840071,2017,1.4166666666666667
840071,2018,1.6666666666666667
840088,2017,2.6666666666666665
840088,2018,1.25
840120,2017,1.25
840120,2018,1.75
840135,2017,0.0
840135,2018,1.5
840184,2018,6.363636363636363
840262,2017,1.0833333333333333
840262,2018,1.3333333333333333
840267,2017,1.0
840267,2018,1.0
840326,2017,1.25
840326,2018,1.8333333333333333
840376,2017,2.0
840376,2018,1.0833333333333333
840481,2017,2.0833333333333335
840481,2018,1.8333333333333333
840515,2017,1.5
840515,2018,1.0
840659,2017,0.0
840659,2018,0.0
840667,2017,1.25
840667,2018,2.0833333333333335
840741,2017,1.75
840741,2018,0.3333333333333333
840866,2017,1.5833333333333333
840866,2018,2.0
840882,2017,1.1666666666666667
840882,2018,1.6666666666666667
840984,2017,2.0
840984,2018,2.6666666666666665
841204,2017,1.25
841204,2018,1.25
841219,2017,1.9166666666666667
841219,2018,0.75
841249,2017,1.5833333333333333
841249,2018,2.75
841296,2017,0.15384615384615385
841296,2018,0.0
841324,2017,0.0
841324,2018,0.0
841369,2017,1.6666666666666667
841369,2018,1.4166666666666667
841373,2017,1.25
841373,2018,1.8333333333333333
841437,2017,2.0
841437,2018,2.0833333333333335
841456,2017,1.3333333333333333
841456,2018,1.75
841631,2017,0.6666666666666666
841631,2018,1.8333333333333333
841636,2017,2.0
841636,2018,1.3333333333333333
841674,2018,3.8181818181818183
841677,2017,0.25
841677,2018,2.0
841770,2017,0.0
841770,2018,0.4166666666666667
841916,2017,1.1666666666666667
841916,2018,2.0
841948,2017,0.75
841948,2018,1.25
841957,2017,0.0
841957,2018,0.0
842047,2017,0.0
842047,2018,0.0
842049,2017,1.5833333333333333
842049,2018,1.4166666666666667
842054,2017,1.5
842054,2018,1.75
842064,2017,0.0
842064,2018,0.0
842066,2017,1.8333333333333333
842066,2018,1.6666666666666667
842190,2017,0.0
842190,2018,0.0
842210,2017,0.3333333333333333
842210,2018,1.25
842236,2017,1.75
842236,2018,1.5
842279,2017,0.0
842279,2018,2.8333333333333335
842379,2017,1.3333333333333333
842379,2018,1.5833333333333333
842390,2017,0.8333333333333334
842390,2018,1.5
842405,2017,0.6666666666666666
842405,2018,1.75
842523,2017,0.0
842523,2018,0.0
842527,2017,1.9166666666666667
842527,2018,1.0833333333333333
842582,2017,1.0833333333333333
842582,2018,1.1666666666666667
842641,2017,1.5833333333333333
842641,2018,1.4166666666666667
842770,2017,0.8333333333333334
842770,2018,2.0833333333333335
842793,2017,1.0833333333333333
842793,2018,1.4166666666666667
842835,2017,0.0
842835,2018,0.0
842848,2017,0.0
842848,2018,0.08333333333333333
842855,2017,2.1666666666666665
842855,2018,1.1666666666666667
842959,2017,2.0833333333333335
842959,2018,1.5833333333333333
842980,2017,0.0
842980,2018,1.25
842982,2017,1.25
842982,2018,2.25
843037,2017,1.0833333333333333
843037,2018,2.6666666666666665
843101,2017,1.5833333333333333
843101,2018,1.0
843158,2018,6.636363636363637
843212,2017,2.0
843212,2018,1.25
843233,2017,2.9166666666666665
843233,2018,2.0
843378,2017,1.1666666666666667
843378,2018,2.1666666666666665
843642,2017,1.75
843642,2018,1.1666666666666667
843665,2017,1.1666666666666667
843665,2018,1.9166666666666667
843672,2017,0.0
843672,2018,0.6666666666666666
843737,2017,0.0
843737,2018,1.1666666666666667
843816,2017,0.0
843816,2018,0.0
843836,2017,0.75
843836,2018,1.6666666666666667
843919,2017,0.25
843919,2018,0.8333333333333334
843972,2017,2.3333333333333335
843972,2018,1.25
844046,2017,0.0
844046,2018,0.0
844125,2017,0.5833333333333334
844125,2018,3.0
844145,2017,0.0
844145,2018,0.0
844152,2017,1.3333333333333333
844152,2018,1.6666666666666667
844193,2017,2.3333333333333335
844193,2018,1.9166666666666667
844222,2017,0.75
844222,2018,0.0
844348,2017,1.5833333333333333
844348,2018,1.5
844477,2017,0.0
844477,2018,0.0
844479,2017,1.3333333333333333
844479,2018,1.4166666666666667
844540,2017,2.0833333333333335
844540,2018,1.5833333333333333
844556,2017,0.8333333333333334
844556,2018,0.9166666666666666
844582,2017,1.8333333333333333
844582,2018,1.4166666666666667
844641,2017,2.1666666666666665
844641,2018,1.9166666666666667
844677,2017,1.25
844677,2018,1.0833333333333333
844749,2017,1.5
844749,2018,2.1666666666666665
844834,2018,3.6363636363636362
844949,2017,0.0
844949,2018,0.0
844959,2017,1.5833333333333333
844959,2018,0.9166666666666666
845041,2017,1.1666666666666667
845041,2018,2.0
845061,2017,2.1666666666666665
845061,2018,1.8333333333333333
845176,2017,2.0833333333333335
845176,2018,2.0
845180,2017,0.0
845180,2018,1.6666666666666667
845227,2017,2.1666666666666665
845227,2018,1.25
845273,2017,1.8333333333333333
845273,2018,1.5
845275,2017,1.75
845275,2018,2.3333333333333335
845319,2017,1.3333333333333333
845319,2018,1.5833333333333333
845435,2017,1.5
845435,2018,1.25
845488,2017,0.6666666666666666
845488,2018,0.9166666666666666
845580,2017,2.1666666666666665
845580,2018,1.75
845613,2017,0.0
845613,2018,0.25
845684,2017,1.25
845684,2018,1.5833333333333333
845699,2017,2.0
845699,2018,1.6666666666666667
845782,2017,1.5
845782,2018,0.6666666666666666
845807,2017,1.5
845807,2018,1.0
845819,2017,1.5833333333333333
845819,2018,1.8333333333333333
845820,2017,0.6666666666666666
845820,2018,0.0
845864,2017,2.1666666666666665
845864,2018,1.25
845945,2017,2.3333333333333335
845945,2018,2.5
845947,2017,0.0
845947,2018,1.6666666666666667
845994,2017,0.6666666666666666
845994,2018,1.25
846033,2017,0.0
846033,2018,0.25
846046,2017,0.75
846046,2018,2.0833333333333335
846055,2017,2.1666666666666665
846055,2018,2.75
846119,2017,0.9166666666666666
846119,2018,1.1666666666666667
846125,2017,2.0
846125,2018,2.1666666666666665
846194,2017,2.1666666666666665
846194,2018,1.9166666666666667
846215,2017,0.0
846215,2018,0.0
846243,2017,2.4166666666666665
846243,2018,2.0
846277,2017,1.0833333333333333
846277,2018,1.25
846291,2017,2.1666666666666665
846291,2018,1.5
846313,2017,1.5833333333333333
846313,2018,1.5
846374,2017,1.5833333333333333
846374,2018,2.0833333333333335
846458,2017,0.75
846458,2018,1.75
846515,2017,0.5833333333333334
846515,2018,0.8333333333333334
846717,2017,0.0
846717,2018,0.0
846718,2017,0.0
846718,2018,0.0
846732,2017,2.0
846732,2018,2.3333333333333335
846796,2017,1.8333333333333333
846796,2018,1.8333333333333333
846864,2017,2.1666666666666665
846864,2018,0.75
846950,2017,1.0
846950,2018,0.75
846953,2017,1.1666666666666667
846953,2018,2.5833333333333335
847136,2017,2.1666666666666665
847136,2018,1.8333333333333333
847183,2017,1.75
847183,2018,0.9166666666666666
847283,2017,0.0
847283,2018,0.0
847312,2018,0.8181818181818182
847357,2017,2.1666666666666665
847357,2018,1.3333333333333333
847359,2017,2.25
847359,2018,1.4166666666666667
847502,2017,1.0833333333333333
847502,2018,0.08333333333333333
847559,2017,2.3333333333333335
847559,2018,2.3333333333333335
847579,2017,2.25
847579,2018,1.3333333333333333
847601,2018,5.2727272727272725
847609,2017,2.1666666666666665
847609,2018,1.25
847704,2017,1.75
847704,2018,1.5
847724,2017,1.75
847724,2018,1.25
847771,2017,1.0833333333333333
847771,2018,1.1666666666666667
847772,2017,1.5
847772,2018,1.4166666666666667
847938,2017,0.0
847938,2018,0.0
848003,2017,2.4166666666666665
848003,2018,1.6666666666666667
848159,2017,3.0833333333333335
848159,2018,1.6666666666666667
848185,2017,1.4166666666666667
848185,2018,1.4166666666666667
848248,2017,2.0
848248,2018,2.0
848250,2017,1.0
848250,2018,2.5
848498,2017,0.0
848498,2018,0.0
848562,2017,2.1666666666666665
848562,2018,2.4166666666666665
848574,2017,0.5
848574,2018,0.0
848615,2017,0.5833333333333334
848615,2018,1.0
848632,2017,2.3333333333333335
848632,2018,1.9166666666666667
848694,2017,1.3333333333333333
848694,2018,0.25
848736,2017,0.75
848736,2018,1.5
848804,2017,1.6666666666666667
848804,2018,1.25
848973,2017,0.75
848973,2018,2.0833333333333335
848998,2017,1.6666666666666667
848998,2018,1.3333333333333333
849105,2018,3.4545454545454546
849178,2017,1.75
849178,2018,1.75
849298,2017,1.8333333333333333
849298,2018,2.0
849330,2017,2.0
849330,2018,1.4166666666666667
849415,2017,1.9166666666666667
849415,2018,1.4166666666666667
849425,2017,1.5
849425,2018,1.9166666666666667
849510,2017,1.6666666666666667
849510,2018,0.6666666666666666
849549,2017,1.25
849549,2018,1.9166666666666667
849569,2017,0.0
849569,2018,0.5
849587,2017,1.6666666666666667
849587,2018,1.4166666666666667
849589,2017,1.5833333333333333
849589,2018,1.75
849616,2017,0.0
849616,2018,1.1666666666666667
849673,2017,1.3333333333333333
849673,2018,1.0833333333333333
849705,2017,2.0833333333333335
849705,2018,1.5
849813,2017,0.0
849813,2018,0.0
849884,2017,1.4166666666666667
849884,2018,1.0833333333333333
850034,2017,2.5
850034,2018,1.0833333333333333
850092,2017,1.0833333333333333
850092,2018,1.25
850123,2017,0.0
850123,2018,1.25
850170,2017,2.5
850170,2018,0.8333333333333334
850245,2017,1.0
850245,2018,1.25
850359,2017,1.8333333333333333
850359,2018,1.3333333333333333
850414,2017,0.8333333333333334
850414,2018,1.9166666666666667
850418,2017,1.6666666666666667
850418,2018,2.0
850694,2017,1.0833333333333333
850694,2018,2.3333333333333335
850721,2017,0.6666666666666666
850721,2018,2.0
850821,2017,0.3333333333333333
850821,2018,1.25
850828,2017,1.25
850828,2018,1.8333333333333333
850953,2017,1.6666666666666667
850953,2018,1.0
851021,2017,1.25
851021,2018,0.0
851130,2017,1.5
851130,2018,2.1666666666666665
851231,2017,2.3333333333333335
851231,2018,1.3333333333333333
851255,2017,2.25
851255,2018,2.1666666666666665
851370,2017,0.0
851370,2018,0.0
851390,2018,7.181818181818182
851421,2017,1.5
851421,2018,1.5833333333333333
851499,2018,5.636363636363637
851549,2017,1.5833333333333333
851549,2018,0.75
851562,2017,1.4166666666666667
851562,2018,2.0
851563,2017,0.8333333333333334
851563,2018,1.75
851830,2017,1.1666666666666667
851830,2018,1.5
851836,2017,1.75
851836,2018,1.6666666666666667
851845,2017,0.0
851845,2018,0.0
851871,2017,1.5
851871,2018,1.25
851901,2017,2.75
851901,2018,1.75
851931,2017,2.0
851931,2018,1.3333333333333333
851979,2017,0.0
851979,2018,0.0
851981,2017,1.25
851981,2018,1.6666666666666667
851982,2017,1.25
851982,2018,1.5
851986,2017,1.3333333333333333
851986,2018,1.4166666666666667
852006,2017,2.3333333333333335
852006,2018,2.0
852012,2017,0.0
852012,2018,0.0
852094,2017,2.1666666666666665
852094,2018,1.8333333333333333
852253,2017,0.4166666666666667
852253,2018,1.5833333333333333
852310,2017,2.25
852310,2018,1.75
852323,2017,0.8333333333333334
852323,2018,2.0
852392,2017,1.6666666666666667
852392,2018,0.5833333333333334
852394,2017,3.0
852394,2018,2.3333333333333335
852520,2017,2.1666666666666665
852520,2018,1.0
852571,2017,1.75
852571,2018,1.5833333333333333
852572,2017,0.0
852572,2018,0.25
852573,2017,1.1666666666666667
852573,2018,1.25
852597,2017,1.4166666666666667
852597,2018,1.8333333333333333
852629,2017,0.0
852629,2018,0.0
852786,2017,0.0
852786,2018,0.5
852855,2017,1.5
852855,2018,1.3333333333333333
852863,2017,1.1666666666666667
852863,2018,2.3333333333333335
852995,2017,0.5833333333333334
852995,2018,2.25
853003,2017,0.0
853003,2018,0.3333333333333333
853037,2017,0.0
853037,2018,0.0
853039,2017,0.9166666666666666
853039,2018,2.0
853232,2017,0.8333333333333334
853232,2018,0.0
853266,2017,1.1666666666666667
853266,2018,0.0
853272,2017,1.9166666666666667
853272,2018,2.0833333333333335
853417,2017,2.0833333333333335
853417,2018,1.4166666666666667
853421,2017,1.0833333333333333
853421,2018,1.25
853438,2017,1.0833333333333333
853438,2018,1.1666666666666667
853540,2017,0.3333333333333333
853540,2018,2.1666666666666665
853565,2017,1.75
853565,2018,0.0
853603,2017,1.9166666666666667
853603,2018,1.3333333333333333
853608,2017,2.0
853608,2018,1.8333333333333333
853621,2017,0.0
853621,2018,0.8333333333333334
853641,2017,1.75
853641,2018,1.8333333333333333
853704,2017,1.25
853704,2018,1.8333333333333333
853826,2017,1.75
853826,2018,1.6666666666666667
853871,2017,1.6666666666666667
853871,2018,1.0833333333333333
853894,2017,1.5
853894,2018,1.5833333333333333
853957,2017,1.5
853957,2018,1.5
854077,2017,0.9166666666666666
854077,2018,1.5833333333333333
854243,2017,2.25
854243,2018,1.25
854249,2017,2.25
854249,2018,1.25
854610,2017,2.4166666666666665
854610,2018,1.3333333333333333
854704,2017,1.1666666666666667
854704,2018,1.0833333333333333
854709,2017,2.6666666666666665
854709,2018,1.5
854742,2017,0.0
854742,2018,0.0
854812,2017,2.75
854812,2018,1.9166666666666667
854831,2017,0.08333333333333333
854831,2018,1.75
854835,2017,0.08333333333333333
854835,2018,0.0
854855,2018,0.0
854884,2018,2.090909090909091
854902,2017,2.4166666666666665
854902,2018,1.25
854969,2018,3.1818181818181817
854998,2017,1.6666666666666667
854998,2018,1.75
855007,2017,1.0
855007,2018,0.75
855026,2017,1.5
855026,2018,2.5
855050,2017,0.25
855050,2018,0.75
855153,2017,0.25
855153,2018,0.0
855190,2018,3.8181818181818183
855198,2017,2.1666666666666665
855198,2018,2.25
855261,2017,1.75
855261,2018,1.9166666666666667
855351,2017,0.0
855351,2018,0.0
855372,2017,1.4166666666666667
855372,2018,1.75
855381,2017,1.5833333333333333
855381,2018,0.0
855383,2017,0.75
855383,2018,2.25
855384,2017,1.5
855384,2018,1.5
855394,2017,0.0
855394,2018,1.8333333333333333
855400,2017,1.6666666666666667
855400,2018,1.6666666666666667
855451,2017,0.75
855451,2018,0.5833333333333334
855506,2017,1.8333333333333333
855506,2018,1.5
855510,2017,0.0
855510,2018,0.0
855530,2017,1.0833333333333333
855530,2018,1.5
855559,2017,2.0
855559,2018,1.25
855602,2018,2.3636363636363638
855635,2017,2.0
855635,2018,2.25
855721,2017,1.25
855721,2018,1.3333333333333333
855883,2017,1.5833333333333333
855883,2018,1.1666666666666667
855922,2017,2.3333333333333335
855922,2018,1.6666666666666667
855981,2017,0.0
855981,2018,0.3333333333333333
855998,2017,0.0
855998,2018,1.25
856074,2017,2.0833333333333335
856074,2018,2.4166666666666665
856229,2018,4.636363636363637
856348,2017,1.9166666666666667
856348,2018,3.5
856364,2017,2.25
856364,2018,0.6666666666666666
856406,2017,0.0
856406,2018,1.9166666666666667
856483,2017,0.0
856483,2018,1.6666666666666667
856496,2017,0.0
856496,2018,1.25
856502,2017,1.5
856502,2018,1.5
856609,2018,4.454545454545454
856654,2017,2.0833333333333335
856654,2018,1.3333333333333333
856667,2017,1.0833333333333333
856667,2018,1.75
856705,2017,1.4166666666666667
856705,2018,0.8333333333333334
856782,2017,1.4166666666666667
856782,2018,1.1666666666666667
856818,2017,0.0
856818,2018,1.4166666666666667
856830,2017,2.1666666666666665
856830,2018,2.0833333333333335
856942,2017,1.9166666666666667
856942,2018,1.0
857159,2017,1.4166666666666667
857159,2018,1.3333333333333333
857161,2017,1.8333333333333333
857161,2018,1.25
857219,2017,0.5
857219,2018,0.0
857235,2017,0.0
857235,2018,0.0
857247,2017,1.75
857247,2018,1.0
857292,2017,1.5
857292,2018,1.3333333333333333
857353,2017,0.8333333333333334
857353,2018,2.1666666666666665
857481,2017,1.5
857481,2018,1.8333333333333333
857497,2017,2.0833333333333335
857497,2018,1.5
857516,2017,1.5
857516,2018,1.3333333333333333
857538,2017,1.3333333333333333
857538,2018,1.75
857619,2017,1.5
857619,2018,1.3333333333333333
857629,2017,2.0833333333333335
857629,2018,1.9166666666666667
857682,2017,1.5833333333333333
857682,2018,1.5
857708,2017,1.8333333333333333
857708,2018,1.9166666666666667
857771,2017,0.3333333333333333
857771,2018,0.0
857814,2017,1.5
857814,2018,0.75
857845,2017,1.3333333333333333
857845,2018,2.25
857878,2018,3.727272727272727
857912,2018,3.727272727272727
857914,2017,2.3333333333333335
857914,2018,1.0833333333333333
857942,2017,1.1666666666666667
857942,2018,1.8333333333333333
857946,2017,1.5
857946,2018,1.3333333333333333
857949,2017,0.0
857949,2018,0.0
857971,2017,1.5833333333333333
857971,2018,1.3333333333333333
858013,2017,0.5
858013,2018,1.25
858106,2017,1.6666666666666667
858106,2018,1.75
858125,2018,0.0
858196,2017,2.0833333333333335
858196,2018,1.1666666666666667
858222,2017,0.0
858222,2018,0.16666666666666666
858228,2017,0.0
858228,2018,0.75
858266,2017,1.5833333333333333
858266,2018,1.75
858294,2017,1.25
858294,2018,1.6666666666666667
858341,2017,1.75
858341,2018,1.0
858352,2017,1.6666666666666667
858352,2018,1.25
858417,2017,2.4166666666666665
858417,2018,1.5
858427,2017,0.0
858427,2018,0.0
858445,2017,1.9166666666666667
858445,2018,1.5833333333333333
858453,2017,0.8333333333333334
858453,2018,2.5
858557,2017,1.6666666666666667
858557,2018,2.5833333333333335
858563,2017,1.5833333333333333
858563,2018,1.1666666666666667
858626,2017,1.6666666666666667
858626,2018,2.0833333333333335
858667,2017,1.5833333333333333
858667,2018,1.0
858669,2017,1.5833333333333333
858669,2018,1.9166666666666667
858674,2017,1.9166666666666667
858674,2018,2.1666666666666665
858802,2017,1.5
858802,2018,1.9166666666666667
858814,2017,0.0
858814,2018,0.0
858817,2017,0.25
858817,2018,1.5833333333333333
858957,2017,1.75
858957,2018,0.5833333333333334
858961,2017,1.1666666666666667
858961,2018,1.5
859144,2017,0.8333333333333334
859144,2018,0.0
859176,2017,0.5833333333333334
859176,2018,1.75
859196,2017,0.0
859196,2018,0.0
859218,2017,0.0
859218,2018,1.8333333333333333
859258,2017,0.0
859258,2018,1.5
859343,2017,1.4166666666666667
859343,2018,0.0
859508,2017,0.0
859508,2018,1.0833333333333333
859516,2017,1.6666666666666667
859516,2018,1.25
859549,2017,1.25
859549,2018,1.5
859553,2017,0.08333333333333333
859553,2018,1.9166666666666667
859730,2017,1.75
859730,2018,2.1666666666666665
859821,2017,1.75
859821,2018,1.5833333333333333
859871,2017,0.0
859871,2018,1.0
859957,2017,2.25
859957,2018,1.1666666666666667
859972,2017,1.9166666666666667
859972,2018,1.0833333333333333
860017,2017,2.3333333333333335
860017,2018,1.3333333333333333
860032,2017,0.0
860032,2018,1.3333333333333333
860099,2017,0.4166666666666667
860099,2018,1.25
860172,2017,1.5833333333333333
860172,2018,1.3333333333333333
860206,2017,0.16666666666666666
860206,2018,1.5
860528,2017,0.0
860528,2018,0.16666666666666666
860553,2017,0.0
860553,2018,0.0
860602,2017,2.6666666666666665
860602,2018,2.0833333333333335
860657,2017,1.0
860657,2018,1.3333333333333333
860684,2017,2.5833333333333335
860684,2018,1.5833333333333333
860724,2017,1.9166666666666667
860724,2018,1.4166666666666667
860809,2017,2.0
860809,2018,2.0833333333333335
860848,2017,1.0833333333333333
860848,2018,1.5833333333333333
860980,2017,0.5
860980,2018,2.1666666666666665
861058,2017,1.1666666666666667
861058,2018,1.75
861079,2017,0.4166666666666667
861079,2018,1.0833333333333333
861095,2017,2.0
861095,2018,1.25
861104,2017,1.9166666666666667
861104,2018,1.3333333333333333
861156,2017,1.3333333333333333
861156,2018,2.0
861162,2017,1.5833333333333333
861162,2018,2.0833333333333335
861191,2017,1.0
861191,2018,2.0
861330,2017,0.0
861330,2018,2.0
861336,2017,2.0
861336,2018,1.4166666666666667
861415,2017,2.0
861415,2018,1.8333333333333333
861470,2017,1.25
861470,2018,0.75
861480,2017,0.0
861480,2018,0.5
861558,2017,0.8333333333333334
861558,2018,2.1666666666666665
861629,2017,0.0
861629,2018,0.5833333333333334
861669,2017,1.0
861669,2018,1.5
861675,2017,0.8333333333333334
861675,2018,1.1666666666666667
861696,2017,1.0
861696,2018,1.4166666666666667
861700,2017,0.5833333333333334
861700,2018,1.6666666666666667
861867,2017,0.0
861867,2018,0.8333333333333334
861877,2017,1.3333333333333333
861877,2018,1.5833333333333333
861879,2017,2.25
861879,2018,0.0
861917,2017,0.0
861917,2018,0.0
861924,2017,1.8333333333333333
861924,2018,0.6666666666666666
862096,2017,1.1666666666666667
862096,2018,1.8333333333333333
862097,2017,1.5
862097,2018,1.8333333333333333
862100,2017,2.0
862100,2018,1.75
862159,2017,1.75
862159,2018,2.0833333333333335
862212,2017,0.0
862212,2018,2.5833333333333335
862258,2017,1.8333333333333333
862258,2018,1.25
862543,2017,0.0
862543,2018,0.0
862576,2017,0.8333333333333334
862576,2018,1.3333333333333333
862659,2017,2.0
862659,2018,0.5
862932,2017,0.5
862932,2018,1.5
862979,2018,2.5454545454545454
863019,2017,1.5
863019,2018,2.1666666666666665
863035,2017,0.5
863035,2018,1.3333333333333333
863070,2017,2.75
863070,2018,1.3333333333333333
863093,2017,0.0
863093,2018,0.9166666666666666
863108,2017,1.75
863108,2018,1.3333333333333333
863122,2017,0.0
863122,2018,1.8333333333333333
863219,2017,2.0
863219,2018,1.5833333333333333
863223,2017,1.6666666666666667
863223,2018,2.0
863259,2017,2.5
863259,2018,2.5833333333333335
863262,2017,1.75
863262,2018,1.6666666666666667
863280,2017,1.5833333333333333
863280,2018,0.5
863349,2017,1.8333333333333333
863349,2018,1.75
863374,2017,0.0
863374,2018,0.0
863384,2017,2.0
863384,2018,2.0
863392,2017,0.0
863392,2018,0.9166666666666666
863432,2017,1.1666666666666667
863432,2018,2.0833333333333335
863459,2017,1.5
863459,2018,1.25
863490,2017,0.0
863490,2018,0.0
863516,2017,2.0833333333333335
863516,2018,2.5
863599,2017,1.6666666666666667
863599,2018,1.4166666666666667
863626,2017,0.75
863626,2018,1.1666666666666667
863744,2017,1.4166666666666667
863744,2018,1.8333333333333333
863751,2017,0.8333333333333334
863751,2018,1.4166666666666667
863809,2017,0.0
863809,2018,1.0833333333333333
863884,2017,1.8333333333333333
863884,2018,0.6666666666666666
863942,2017,0.0
863942,2018,0.0
864084,2017,1.4166666666666667
864084,2018,2.25
864128,2017,1.5833333333333333
864128,2018,2.0
864161,2017,1.25
864161,2018,1.5833333333333333
864288,2017,0.8333333333333334
864288,2018,2.3333333333333335
864318,2017,1.5833333333333333
864318,2018,1.9166666666666667
864324,2017,1.5
864324,2018,2.0833333333333335
864327,2017,1.6666666666666667
864327,2018,0.9166666666666666
864456,2017,0.6666666666666666
864456,2018,2.25
864485,2017,2.0833333333333335
864485,2018,1.3333333333333333
864806,2017,1.0
864806,2018,1.25
864845,2017,1.75
864845,2018,2.1666666666666665
864967,2017,0.75
864967,2018,1.3333333333333333
865066,2017,0.0
865066,2018,1.5
865198,2017,1.6666666666666667
865198,2018,1.4166666666666667
865213,2017,0.0
865213,2018,0.0
865352,2017,0.0
865352,2018,0.16666666666666666
865401,2017,1.75
865401,2018,2.25
865406,2017,1.0833333333333333
865406,2018,1.9166666666666667
865411,2017,0.0
865411,2018,0.9166666666666666
865429,2017,1.5
865429,2018,1.6666666666666667
865494,2017,0.0
865494,2018,0.8333333333333334
865654,2017,1.6666666666666667
865654,2018,0.0
865727,2018,2.272727272727273
865737,2017,0.9166666666666666
865737,2018,1.25
865759,2017,0.0
865759,2018,1.9166666666666667
865798,2017,0.0
865798,2018,0.0
865803,2017,0.4166666666666667
865803,2018,0.8333333333333334
865855,2017,1.5833333333333333
865855,2018,1.5
865977,2017,1.5
865977,2018,1.9166666666666667
866073,2017,2.0833333333333335
866073,2018,1.0833333333333333
866168,2017,1.5
866168,2018,1.8333333333333333
866242,2017,1.5833333333333333
866242,2018,0.6666666666666666
866295,2017,1.5
866295,2018,0.08333333333333333
866302,2017,1.3333333333333333
866302,2018,1.5
866307,2017,1.9166666666666667
866307,2018,1.75
866362,2017,2.0833333333333335
866362,2018,0.8333333333333334
866403,2017,1.8333333333333333
866403,2018,0.75
866417,2017,0.0
866417,2018,0.3333333333333333
866455,2017,1.0833333333333333
866455,2018,1.6666666666666667
866501,2017,0.0
866501,2018,1.25
866604,2017,1.25
866604,2018,1.0833333333333333
866606,2017,1.5
866606,2018,2.0833333333333335
866701,2017,1.9166666666666667
866701,2018,0.8333333333333334
866815,2017,0.0
866815,2018,0.16666666666666666
866983,2017,1.4166666666666667
866983,2018,2.25
866995,2017,0.0
866995,2018,0.75
867046,2017,0.0
867046,2018,0.25
867056,2017,1.9166666666666667
867056,2018,2.25
867070,2017,0.4166666666666667
867070,2018,1.1666666666666667
867112,2017,2.1666666666666665
867112,2018,2.4166666666666665
867284,2017,0.0
867284,2018,0.16666666666666666
867289,2017,2.6666666666666665
867289,2018,0.8333333333333334
867301,2017,1.5833333333333333
867301,2018,0.75
867327,2017,1.8333333333333333
867327,2018,1.8333333333333333
867446,2017,1.75
867446,2018,0.75
867472,2017,1.1666666666666667
867472,2018,1.25
867532,2017,0.08333333333333333
867532,2018,1.3333333333333333
867561,2017,0.0
867561,2018,0.4166666666666667
867624,2017,2.0
867624,2018,1.3333333333333333
867757,2017,1.6666666666666667
867757,2018,1.8333333333333333
867780,2017,2.3333333333333335
867780,2018,1.25
867801,2017,1.4166666666666667
867801,2018,1.3333333333333333
867833,2017,2.0833333333333335
867833,2018,2.0
867840,2017,0.0
867840,2018,1.6666666666666667
868025,2017,2.0
868025,2018,1.3333333333333333
868037,2017,2.4166666666666665
868037,2018,1.5833333333333333
868152,2017,1.25
868152,2018,1.6666666666666667
868154,2017,1.6666666666666667
868154,2018,1.75
868161,2017,1.9166666666666667
868161,2018,2.8333333333333335
868230,2017,1.5833333333333333
868230,2018,2.1666666666666665
868250,2017,1.5833333333333333
868250,2018,1.0833333333333333
868327,2017,0.0
868327,2018,0.0
868552,2017,0.0
868552,2018,0.5833333333333334
868568,2017,1.9166666666666667
868568,2018,1.1666666666666667
868659,2017,0.0
868659,2018,1.3333333333333333
868719,2017,2.1666666666666665
868719,2018,0.9166666666666666
868744,2017,1.8333333333333333
868744,2018,1.3333333333333333
868767,2017,1.5
868767,2018,1.8333333333333333
868830,2017,1.4166666666666667
868830,2018,0.0
868912,2017,1.25
868912,2018,1.5833333333333333
868926,2017,0.0
868926,2018,2.5
869116,2017,1.4166666666666667
869116,2018,1.6666666666666667
869133,2017,1.9166666666666667
869133,2018,1.3333333333333333
869164,2017,1.25
869164,2018,1.8333333333333333
869190,2017,1.8333333333333333
869190,2018,1.3333333333333333
869226,2017,1.75
869226,2018,1.75
869265,2017,1.35
869265,2018,1.0
869276,2017,1.8095238095238095
869276,2018,1.5833333333333333
869283,2017,0.16666666666666666
869283,2018,1.3333333333333333
869284,2017,2.5833333333333335
869284,2018,2.3333333333333335
869471,2017,2.1666666666666665
869471,2018,1.9166666666666667
869504,2017,1.25
869504,2018,1.25
869672,2018,5.545454545454546
869712,2017,0.0
869712,2018,0.0
869743,2017,1.25
869743,2018,0.0
869799,2017,0.5833333333333334
869799,2018,1.8333333333333333
869804,2017,1.9166666666666667
869804,2018,1.0833333333333333
869971,2017,2.0833333333333335
869971,2018,1.0833333333333333
870022,2017,1.4166666666666667
870022,2018,1.5833333333333333
870039,2017,1.9166666666666667
870039,2018,1.75
870045,2017,1.3333333333333333
870045,2018,1.1666666666666667
870120,2017,1.1666666666666667
870120,2018,1.3333333333333333
870169,2018,5.818181818181818
870203,2017,2.0
870203,2018,0.8333333333333334
870223,2017,0.0
870223,2018,0.5833333333333334
870281,2017,1.8333333333333333
870281,2018,1.1666666666666667
870522,2017,1.3333333333333333
870522,2018,2.5
870574,2017,0.5833333333333334
870574,2018,1.8333333333333333
870687,2017,1.5
870687,2018,1.6666666666666667
870764,2017,1.6666666666666667
870764,2018,1.25
870857,2017,2.6666666666666665
870857,2018,1.9166666666666667
870960,2017,0.0
870960,2018,0.0
870998,2017,2.0
870998,2018,1.9166666666666667
871022,2018,5.636363636363637
871045,2017,1.1666666666666667
871045,2018,0.75
871074,2017,1.25
871074,2018,2.0
871094,2017,0.9166666666666666
871094,2018,1.75
871124,2017,1.0833333333333333
871124,2018,1.1666666666666667
871145,2017,2.1666666666666665
871145,2018,1.3333333333333333
871188,2017,0.0
871188,2018,0.8333333333333334
871203,2017,0.0
871203,2018,2.0
871206,2017,1.1666666666666667
871206,2018,1.5
871219,2017,1.3333333333333333
871219,2018,1.8333333333333333
871287,2017,1.5833333333333333
871287,2018,1.0
871329,2017,0.0
871329,2018,0.0
871380,2018,4.636363636363637
871445,2017,1.25
871445,2018,2.1666666666666665
871455,2017,0.0
871455,2018,0.0
871606,2017,2.1666666666666665
871606,2018,0.4166666666666667
871627,2017,0.4166666666666667
871627,2018,0.9166666666666666
871739,2017,0.5833333333333334
871739,2018,0.0
871740,2017,0.0
871740,2018,1.0
871972,2017,1.9166666666666667
871972,2018,2.4166666666666665
871980,2017,1.5833333333333333
871980,2018,2.25
872069,2017,0.3333333333333333
872069,2018,0.16666666666666666
872079,2017,0.3333333333333333
872079,2018,1.1666666666666667
872158,2017,0.0
872158,2018,0.0
872234,2017,2.5
872234,2018,2.5833333333333335
872297,2017,0.0
872297,2018,0.08333333333333333
872315,2017,0.0
872315,2018,0.08333333333333333
872335,2017,1.5
872335,2018,1.0833333333333333
872340,2017,0.0
872340,2018,0.0
872341,2017,0.0
872341,2018,0.0
872408,2017,0.0
872408,2018,0.0
872619,2017,1.0
872619,2018,1.8333333333333333
872669,2017,0.0
872669,2018,0.0
872676,2017,1.9166666666666667
872676,2018,2.0
872706,2017,0.0
872706,2018,0.0
872752,2017,0.0
872752,2018,1.1666666666666667
872774,2017,2.5833333333333335
872774,2018,1.1666666666666667
872814,2017,1.5833333333333333
872814,2018,1.3333333333333333
872932,2017,1.3333333333333333
872932,2018,2.1666666666666665
872946,2017,0.8333333333333334
872946,2018,1.6666666666666667
873022,2017,1.5833333333333333
873022,2018,0.0
873045,2017,1.4166666666666667
873045,2018,3.0
873116,2017,1.5
873116,2018,1.4166666666666667
873169,2017,2.25
873169,2018,1.4166666666666667
873177,2017,2.3333333333333335
873177,2018,1.25
873180,2017,0.0
873180,2018,1.0
873297,2017,0.75
873297,2018,0.3333333333333333
873415,2017,1.75
873415,2018,2.5833333333333335
873426,2017,0.0
873426,2018,0.0
873436,2017,2.25
873436,2018,2.25
873458,2017,1.8333333333333333
873458,2018,1.3333333333333333
873468,2017,1.25
873468,2018,1.8333333333333333
873488,2017,1.0
873488,2018,2.0833333333333335
873498,2017,0.8333333333333334
873498,2018,1.5
873551,2018,1.5454545454545454
873554,2017,2.6666666666666665
873554,2018,1.0
873578,2017,0.0
873578,2018,0.0
873579,2017,1.5833333333333333
873579,2018,1.6666666666666667
873761,2017,1.5
873761,2018,1.0833333333333333
873886,2017,1.8333333333333333
873886,2018,0.9166666666666666
873945,2017,1.75
873945,2018,1.5833333333333333
873965,2017,1.0
873965,2018,0.0
873977,2017,0.6666666666666666
873977,2018,2.5
874035,2017,0.0
874035,2018,1.4166666666666667
874044,2017,2.0833333333333335
874044,2018,1.75
874104,2017,2.0
874104,2018,1.75
874158,2017,0.0
874158,2018,1.25
874161,2018,6.545454545454546
874184,2017,2.5833333333333335
874184,2018,1.5
874267,2017,1.25
874267,2018,2.0
874336,2017,1.9166666666666667
874336,2018,1.1666666666666667
874363,2017,0.0
874363,2018,0.0
874374,2017,3.0
874374,2018,0.75
874415,2017,0.0
874415,2018,1.25
874589,2017,1.25
874589,2018,0.0
874601,2017,0.0
874601,2018,1.25
874612,2017,0.5
874612,2018,0.0
874614,2017,1.75
874614,2018,1.4166666666666667
874780,2017,0.0
874780,2018,1.5909090909090908
874842,2017,0.25
874842,2018,2.1666666666666665
874876,2018,5.181818181818182
874937,2017,0.0
874937,2018,0.0
874938,2017,0.0
874938,2018,0.0
874939,2017,2.5833333333333335
874939,2018,1.8333333333333333
874984,2017,1.0
874984,2018,1.5833333333333333
875086,2017,0.25
875086,2018,1.25
875212,2017,1.8333333333333333
875212,2018,1.0833333333333333
875232,2017,1.6666666666666667
875232,2018,0.5
875473,2017,0.0
875473,2018,2.0
875483,2017,1.75
875483,2018,1.6666666666666667
875485,2017,1.25
875485,2018,0.08333333333333333
875560,2018,5.7272727272727275
875657,2017,1.3333333333333333
875657,2018,1.5
875707,2017,0.3333333333333333
875707,2018,2.0833333333333335
875789,2017,0.0
875789,2018,0.0
875796,2017,0.25
875796,2018,0.5833333333333334
875819,2018,6.818181818181818
876006,2017,2.1666666666666665
876006,2018,2.5
876057,2017,0.8333333333333334
876057,2018,1.4166666666666667
876062,2017,2.090909090909091
876062,2018,1.9130434782608696
876083,2017,1.5833333333333333
876083,2018,1.5833333333333333
876207,2017,2.3333333333333335
876207,2018,1.0
876232,2017,1.75
876232,2018,0.6666666666666666
876243,2017,0.0
876243,2018,0.0
876254,2017,1.6666666666666667
876254,2018,1.4166666666666667
876269,2017,1.3333333333333333
876269,2018,0.8333333333333334
876319,2017,1.9166666666666667
876319,2018,1.5
876326,2017,1.25
876326,2018,2.4166666666666665
876409,2017,2.25
876409,2018,2.0833333333333335
876426,2017,1.8333333333333333
876426,2018,2.3333333333333335
876538,2017,1.5
876538,2018,0.8333333333333334
876569,2017,1.6666666666666667
876569,2018,1.4166666666666667
876755,2017,1.0
876755,2018,1.25
876757,2017,0.16666666666666666
876757,2018,1.5
876765,2017,0.0
876765,2018,0.08333333333333333
876850,2017,1.5
876850,2018,1.3333333333333333
877008,2018,3.1818181818181817
877034,2017,0.0
877034,2018,0.08333333333333333
877101,2017,1.25
877101,2018,1.5
877124,2017,0.9166666666666666
877124,2018,1.8333333333333333
877152,2017,0.0
877152,2018,0.3333333333333333
877242,2017,1.8333333333333333
877242,2018,1.6666666666666667
877251,2017,2.5
877251,2018,2.5
877346,2017,0.0
877346,2018,0.25
877352,2017,1.0
877352,2018,0.0
877384,2017,2.25
877384,2018,1.4166666666666667
877419,2017,2.1666666666666665
877419,2018,0.16666666666666666
877488,2017,1.4166666666666667
877488,2018,2.1666666666666665
877595,2017,1.1666666666666667
877595,2018,1.5833333333333333
877603,2017,0.75
877603,2018,1.4166666666666667
877609,2017,1.0833333333333333
877609,2018,1.3333333333333333
877630,2017,0.6666666666666666
877630,2018,1.8333333333333333
877654,2017,1.5833333333333333
877654,2018,1.8333333333333333
877730,2017,2.0
877730,2018,0.9166666666666666
877945,2017,1.5833333333333333
877945,2018,1.75
878240,2017,1.6666666666666667
878240,2018,1.4166666666666667
878281,2017,1.9166666666666667
878281,2018,2.25
878284,2017,0.0
878284,2018,1.1666666666666667
878327,2017,0.0
878327,2018,0.0
878388,2017,1.8333333333333333
878388,2018,1.5833333333333333
878510,2017,0.6666666666666666
878510,2018,0.0
878518,2017,0.0
878518,2018,0.16666666666666666
878568,2017,1.0833333333333333
878568,2018,1.6666666666666667
878575,2017,2.1666666666666665
878575,2018,1.6666666666666667
878582,2017,1.6666666666666667
878582,2018,1.75
878633,2017,2.25
878633,2018,1.4166666666666667
878653,2017,0.9166666666666666
878653,2018,1.8333333333333333
878816,2017,0.0
878816,2018,0.25
878909,2017,2.1666666666666665
878909,2018,1.5833333333333333
878929,2017,1.75
878929,2018,1.0833333333333333
879036,2017,2.3333333333333335
879036,2018,1.1666666666666667
879177,2017,1.5
879177,2018,1.75
879185,2017,2.5833333333333335
879185,2018,1.5833333333333333
879260,2017,0.0
879260,2018,0.08333333333333333
879265,2017,1.9166666666666667
879265,2018,0.9166666666666666
879416,2017,0.0
879416,2018,0.08333333333333333
879462,2017,1.9166666666666667
879462,2018,2.1666666666666665
879506,2017,1.0
879506,2018,1.25
879542,2017,2.3333333333333335
879542,2018,1.8333333333333333
879600,2017,0.0
879600,2018,0.0
879601,2017,1.25
879601,2018,1.0833333333333333
879638,2017,0.0
879638,2018,0.0
879787,2017,1.8333333333333333
879787,2018,2.4166666666666665
879812,2017,0.0
879812,2018,0.0
879844,2017,1.8333333333333333
879844,2018,0.5
879892,2017,0.0
879892,2018,1.5
879904,2017,1.4166666666666667
879904,2018,2.4166666666666665
879964,2018,4.363636363636363
880033,2017,1.3333333333333333
880033,2018,1.8333333333333333
880065,2017,1.5
880065,2018,1.4166666666666667
880099,2017,0.0
880099,2018,0.0
880205,2017,1.0833333333333333
880205,2018,1.75
880402,2017,1.0833333333333333
880402,2018,1.6666666666666667
880406,2017,1.8333333333333333
880406,2018,2.0833333333333335
880436,2017,2.9166666666666665
880436,2018,1.0833333333333333
880505,2017,1.4166666666666667
880505,2018,1.6666666666666667
880580,2017,0.0
880580,2018,0.16666666666666666
880619,2017,0.0
880619,2018,1.0833333333333333
880681,2018,4.363636363636363
880709,2017,0.0
880709,2018,0.5
880740,2017,0.6666666666666666
880740,2018,1.8333333333333333
880805,2018,5.636363636363637
880849,2017,1.5833333333333333
880849,2018,2.1666666666666665
880897,2017,0.0
880897,2018,0.0
880948,2017,1.0833333333333333
880948,2018,1.4166666666666667
881000,2017,0.9166666666666666
881000,2018,1.25
881001,2017,0.5
881001,2018,1.5833333333333333
881106,2017,0.0
881106,2018,0.3333333333333333
881142,2017,0.75
881142,2018,0.0
881156,2017,0.0
881156,2018,0.5833333333333334
881157,2017,1.25
881157,2018,2.5
881198,2017,1.75
881198,2018,1.5833333333333333
881304,2017,1.25
881304,2018,1.75
881362,2017,0.8333333333333334
881362,2018,1.75
881399,2017,0.0
881399,2018,0.0
881413,2017,1.6666666666666667
881413,2018,1.8333333333333333
881428,2017,0.0
881428,2018,0.0
881584,2018,4.454545454545454
881628,2017,0.3333333333333333
881628,2018,0.6666666666666666
881741,2017,0.0
881741,2018,1.25
881749,2017,2.3333333333333335
881749,2018,1.5
881818,2017,1.0
881818,2018,1.6666666666666667
881828,2017,1.8333333333333333
881828,2018,1.75
881846,2017,1.6666666666666667
881846,2018,0.9166666666666666
881871,2017,1.0
881871,2018,1.3333333333333333
881943,2017,0.4166666666666667
881943,2018,3.0
881983,2017,1.3333333333333333
881983,2018,1.9166666666666667
882024,2017,0.0
882024,2018,0.5833333333333334
882025,2017,1.75
882025,2018,1.6666666666666667
882044,2017,1.5833333333333333
882044,2018,2.0
882084,2017,0.0
882084,2018,0.75
882263,2017,2.4166666666666665
882263,2018,1.5
882353,2017,1.3333333333333333
882353,2018,1.4166666666666667
882409,2017,0.3333333333333333
882409,2018,1.1666666666666667
882443,2017,0.0
882443,2018,0.0
882466,2017,1.9166666666666667
882466,2018,1.0
882544,2017,1.25
882544,2018,1.25
882590,2017,1.6666666666666667
882590,2018,2.0833333333333335
882718,2017,2.0
882718,2018,1.6666666666666667
882725,2017,2.25
882725,2018,1.6666666666666667
882874,2017,0.0
882874,2018,0.0
882911,2017,0.9166666666666666
882911,2018,1.4166666666666667
883002,2017,2.4166666666666665
883002,2018,1.9166666666666667
883025,2017,0.0
883025,2018,0.5833333333333334
883055,2017,1.0
883055,2018,1.3333333333333333
883056,2017,0.0
883056,2018,0.4166666666666667
883065,2017,1.0833333333333333
883065,2018,1.3333333333333333
883155,2017,1.3333333333333333
883155,2018,2.25
883174,2017,1.75
883174,2018,2.1666666666666665
883212,2017,1.6666666666666667
883212,2018,1.5833333333333333
883230,2017,1.5833333333333333
883230,2018,1.4166666666666667
883242,2017,0.0
883242,2018,0.25
883255,2017,2.5833333333333335
883255,2018,1.5
883349,2017,0.0
883349,2018,0.0
883376,2018,7.909090909090909
883468,2017,1.6666666666666667
883468,2018,0.0
883489,2017,1.75
883489,2018,1.0833333333333333
883505,2017,1.0833333333333333
883505,2018,1.5833333333333333
883574,2017,1.4166666666666667
883574,2018,1.3333333333333333
883606,2017,0.0
883606,2018,0.0
883660,2017,2.5833333333333335
883660,2018,1.3333333333333333
883693,2017,0.0
883693,2018,0.0
883702,2017,1.4166666666666667
883702,2018,1.3333333333333333
883755,2017,1.6666666666666667
883755,2018,0.6666666666666666
883773,2017,0.75
883773,2018,1.1666666666666667
883816,2017,1.75
883816,2018,1.5
883841,2017,1.9166666666666667
883841,2018,1.1666666666666667
883852,2017,1.1666666666666667
883852,2018,1.25
883916,2017,0.0
883916,2018,0.0
883963,2017,1.6666666666666667
883963,2018,2.3333333333333335
883968,2017,1.0
883968,2018,1.6666666666666667
884040,2017,1.8333333333333333
884040,2018,3.0
884062,2017,2.4166666666666665
884062,2018,2.0833333333333335
884088,2017,1.25
884088,2018,1.8333333333333333
884089,2017,1.9166666666666667
884089,2018,1.5833333333333333
884433,2017,1.5833333333333333
884433,2018,1.5
884505,2017,1.8333333333333333
884505,2018,1.5833333333333333
884522,2017,1.5
884522,2018,0.8333333333333334
884530,2017,0.0
884530,2018,1.0
884570,2017,0.0
884570,2018,0.0
884611,2017,0.0
884611,2018,0.25
884654,2017,0.0
884654,2018,0.0
884691,2017,1.1666666666666667
884691,2018,1.5833333333333333
884708,2017,1.4166666666666667
884708,2018,1.1666666666666667
884844,2017,1.5833333333333333
884844,2018,2.0
884875,2017,1.5
884875,2018,1.25
884909,2017,2.3333333333333335
884909,2018,2.5833333333333335
884992,2017,0.0
884992,2018,0.0
885007,2017,2.1666666666666665
885007,2018,1.3333333333333333
885176,2017,0.08333333333333333
885176,2018,1.0
885210,2017,0.0
885210,2018,0.0
885274,2017,2.3333333333333335
885274,2018,2.4166666666666665
885357,2017,2.3333333333333335
885357,2018,0.6666666666666666
885386,2017,0.0
885386,2018,0.4166666666666667
885474,2017,1.6666666666666667
885474,2018,1.4166666666666667
885480,2017,1.3333333333333333
885480,2018,1.5833333333333333
885497,2018,4.0
885682,2017,1.5
885682,2018,1.0833333333333333
885723,2017,2.0
885723,2018,1.4166666666666667
885739,2017,1.1666666666666667
885739,2018,1.4166666666666667
885763,2017,1.5833333333333333
885763,2018,1.25
885848,2017,0.75
885848,2018,1.1666666666666667
885871,2017,1.0833333333333333
885871,2018,1.3333333333333333
885888,2017,2.1666666666666665
885888,2018,1.5
885933,2017,1.25
885933,2018,1.4166666666666667
886086,2017,1.9166666666666667
886086,2018,1.3333333333333333
886127,2017,1.5
886127,2018,1.3333333333333333
886227,2017,0.0
886227,2018,0.08333333333333333
886299,2017,0.0
886299,2018,1.3333333333333333
886361,2017,0.0
886361,2018,0.16666666666666666
886439,2017,2.0833333333333335
886439,2018,2.1666666666666665
886677,2017,2.1666666666666665
886677,2018,1.9166666666666667
886764,2017,0.3333333333333333
886764,2018,1.6666666666666667
886803,2017,0.0
886803,2018,0.3333333333333333
886876,2017,0.9166666666666666
886876,2018,1.0833333333333333
887026,2017,0.0
887026,2018,0.0
887069,2017,0.0
887069,2018,0.0
887117,2017,0.0
887117,2018,1.5
887192,2017,0.0
887192,2018,0.9166666666666666
887209,2017,1.75
887209,2018,1.5
887228,2017,2.5833333333333335
887228,2018,1.5
887266,2017,2.0
887266,2018,1.25
887328,2017,1.1666666666666667
887328,2018,2.3333333333333335
887464,2017,0.6666666666666666
887464,2018,1.0
887511,2017,1.4166666666666667
887511,2018,0.9166666666666666
887605,2017,0.0
887605,2018,0.25
887609,2018,4.7272727272727275
887705,2017,0.0
887705,2018,0.0
887730,2017,2.0833333333333335
887730,2018,0.8333333333333334
887748,2017,1.75
887748,2018,2.9166666666666665
887892,2017,1.6666666666666667
887892,2018,1.4166666666666667
887995,2017,2.0
887995,2018,1.4166666666666667
888049,2017,1.3333333333333333
888049,2018,1.6666666666666667
888115,2017,1.75
888115,2018,1.1666666666666667
888131,2017,0.5
888131,2018,0.9166666666666666
888291,2017,1.25
888291,2018,1.75
888297,2017,1.25
888297,2018,0.8333333333333334
888316,2017,0.16666666666666666
888316,2018,0.0
888357,2017,1.9166666666666667
888357,2018,1.75
888404,2017,0.0
888404,2018,0.5
888417,2017,1.0
888417,2018,1.5
888430,2017,0.0
888430,2018,1.0833333333333333
888506,2017,1.5833333333333333
888506,2018,1.5
888649,2017,2.0
888649,2018,1.25
888901,2017,0.25
888901,2018,0.0
889023,2017,0.0
889023,2018,0.75
889061,2017,1.8333333333333333
889061,2018,1.5
889501,2017,0.4166666666666667
889501,2018,0.25
889525,2017,0.0
889525,2018,0.08333333333333333
889569,2017,2.5
889569,2018,1.3333333333333333
889671,2017,1.5
889671,2018,1.4166666666666667
889687,2017,1.5
889687,2018,1.8333333333333333
889697,2017,2.0
889697,2018,1.5
889786,2017,0.75
889786,2018,1.9166666666666667
889796,2017,2.4166666666666665
889796,2018,1.5833333333333333
889964,2017,0.0
889964,2018,0.0
890051,2017,1.1666666666666667
890051,2018,2.25
890232,2017,0.5
890232,2018,0.0
890361,2017,0.0
890361,2018,1.0
890395,2017,2.3333333333333335
890395,2018,1.9166666666666667
890404,2017,0.0
890404,2018,1.0
890437,2017,1.6666666666666667
890437,2018,2.5833333333333335
890447,2017,1.3333333333333333
890447,2018,2.1666666666666665
890543,2017,1.75
890543,2018,1.4166666666666667
890595,2017,1.8333333333333333
890595,2018,1.6666666666666667
890617,2017,1.75
890617,2018,2.0
890646,2017,0.4166666666666667
890646,2018,1.25
890650,2017,0.0
890650,2018,0.5
890673,2017,0.3333333333333333
890673,2018,1.4166666666666667
890702,2017,0.9545454545454546
890702,2018,1.7083333333333333
890753,2017,0.4166666666666667
890753,2018,1.5
890839,2017,0.0
890839,2018,0.0
890882,2017,0.0
890882,2018,0.9166666666666666
890936,2017,1.6666666666666667
890936,2018,2.4166666666666665
891012,2017,1.5
891012,2018,1.5833333333333333
891046,2018,2.909090909090909
891097,2017,1.5
891097,2018,2.0
891105,2017,0.0
891105,2018,0.0
891128,2017,1.25
891128,2018,1.75
891179,2017,2.25
891179,2018,0.9166666666666666
891218,2017,0.0
891218,2018,0.0
891233,2017,0.0
891233,2018,0.0
891237,2017,1.5
891237,2018,1.1666666666666667
891335,2017,1.4166666666666667
891335,2018,1.5833333333333333
891413,2017,2.3333333333333335
891413,2018,1.5
891516,2017,0.0
891516,2018,1.0
891604,2017,1.6666666666666667
891604,2018,1.5
891647,2017,2.0833333333333335
891647,2018,0.5833333333333334
891696,2017,1.8333333333333333
891696,2018,2.4166666666666665
891727,2017,2.25
891727,2018,1.3333333333333333
891790,2017,1.25
891790,2018,2.0
891810,2017,1.6666666666666667
891810,2018,0.9166666666666666
891903,2017,0.5833333333333334
891903,2018,1.1666666666666667
891927,2017,0.0
891927,2018,0.0
891931,2018,2.090909090909091
892000,2017,0.0
892000,2018,0.0
892022,2017,1.9166666666666667
892022,2018,1.9166666666666667
892066,2017,0.0
892066,2018,0.5
892068,2017,1.4166666666666667
892068,2018,1.4166666666666667
892079,2017,1.4166666666666667
892079,2018,2.1666666666666665
892199,2017,0.4166666666666667
892199,2018,3.0833333333333335
892219,2017,1.5
892219,2018,1.5833333333333333
892227,2017,2.5833333333333335
892227,2018,1.4166666666666667
892258,2017,1.6666666666666667
892258,2018,1.9166666666666667
892273,2017,0.0
892273,2018,0.0
892502,2017,2.1666666666666665
892502,2018,1.1666666666666667
892517,2017,0.0
892517,2018,0.0
892556,2017,0.0
892556,2018,0.0
892616,2017,1.4166666666666667
892616,2018,1.8333333333333333
892630,2017,0.0
892630,2018,0.3333333333333333
892632,2017,2.0
892632,2018,2.0833333333333335
892639,2017,0.0
892639,2018,0.0
892701,2017,1.3333333333333333
892701,2018,1.3333333333333333
892723,2017,1.5
892723,2018,1.4166666666666667
892797,2017,2.5833333333333335
892797,2018,1.5833333333333333
892967,2017,0.5833333333333334
892967,2018,1.5
892994,2017,1.9166666666666667
892994,2018,2.0833333333333335
893040,2017,1.4166666666666667
893040,2018,1.0833333333333333
893057,2017,1.0833333333333333
893057,2018,1.5
893120,2017,0.0
893120,2018,1.0833333333333333
893127,2017,0.0
893127,2018,0.5
893266,2017,1.25
893266,2018,2.0
893294,2017,1.6666666666666667
893294,2018,2.5
893375,2017,2.3333333333333335
893375,2018,2.1666666666666665
893376,2017,0.0
893376,2018,0.0
893427,2017,0.4166666666666667
893427,2018,1.3333333333333333
893549,2017,2.3333333333333335
893549,2018,1.5833333333333333
893555,2017,0.08333333333333333
893555,2018,0.0
893574,2017,0.3333333333333333
893574,2018,1.25
893632,2017,0.3333333333333333
893632,2018,2.1666666666666665
893661,2017,1.0833333333333333
893661,2018,1.25
893725,2017,1.25
893725,2018,0.5833333333333334
893771,2017,1.25
893771,2018,2.25
893789,2017,1.4166666666666667
893789,2018,1.8333333333333333
893863,2017,1.5
893863,2018,1.9166666666666667
893866,2018,8.090909090909092
893909,2017,0.9166666666666666
893909,2018,1.6666666666666667
894041,2017,1.25
894041,2018,2.25
894048,2017,1.6666666666666667
894048,2018,1.4166666666666667
894099,2017,0.25
894099,2018,1.5
894111,2017,2.1666666666666665
894111,2018,1.5833333333333333
894175,2017,0.9166666666666666
894175,2018,1.25
894322,2017,0.5
894322,2018,1.0
894340,2017,1.9166666666666667
894340,2018,1.75
894436,2017,1.4166666666666667
894436,2018,1.5833333333333333
894448,2017,2.1666666666666665
894448,2018,1.25
894466,2017,1.6666666666666667
894466,2018,1.3333333333333333
894478,2017,2.0833333333333335
894478,2018,1.3333333333333333
894532,2018,5.909090909090909
894608,2017,2.75
894608,2018,1.75
894620,2017,1.9166666666666667
894620,2018,0.8333333333333334
894691,2017,0.0
894691,2018,1.6666666666666667
894724,2017,0.0
894724,2018,0.75
894788,2017,2.1666666666666665
894788,2018,1.6666666666666667
894799,2017,1.5833333333333333
894799,2018,1.5833333333333333
894919,2017,1.5
894919,2018,1.8333333333333333
895080,2017,0.0
895080,2018,0.4166666666666667
895085,2017,2.3333333333333335
895085,2018,0.5
895180,2017,0.0
895180,2018,0.0
895185,2017,1.9166666666666667
895185,2018,1.8333333333333333
895267,2017,2.1666666666666665
895267,2018,1.5
895346,2017,2.25
895346,2018,2.25
895433,2017,2.0833333333333335
895433,2018,1.5
895451,2017,2.3333333333333335
895451,2018,1.9166666666666667
895537,2017,1.4166666666666667
895537,2018,0.8333333333333334
895544,2017,1.0833333333333333
895544,2018,2.0833333333333335
895560,2017,1.6666666666666667
895560,2018,1.0833333333333333
895601,2017,1.5833333333333333
895601,2018,1.0833333333333333
895651,2017,1.5833333333333333
895651,2018,1.6666666666666667
895684,2017,2.4166666666666665
895684,2018,1.5833333333333333
895725,2017,1.9166666666666667
895725,2018,2.0833333333333335
895778,2017,0.0
895778,2018,0.5833333333333334
895821,2017,0.0
895821,2018,0.0
895878,2017,2.25
895878,2018,1.0
895921,2017,1.8333333333333333
895921,2018,2.4166666666666665
895972,2017,1.6666666666666667
895972,2018,1.9166666666666667
895994,2017,0.0
895994,2018,0.16666666666666666
896075,2017,1.5833333333333333
896075,2018,1.8333333333333333
896095,2017,1.25
896095,2018,1.0
896283,2018,5.363636363636363
896331,2017,2.25
896331,2018,1.1666666666666667
896372,2017,0.5833333333333334
896372,2018,1.0833333333333333
896592,2017,1.75
896592,2018,2.1666666666666665
896651,2017,0.0
896651,2018,0.9166666666666666
896685,2017,0.0
896685,2018,0.0
896790,2017,1.8333333333333333
896790,2018,1.8333333333333333
896792,2017,1.9166666666666667
896792,2018,1.9166666666666667
896853,2017,0.0
896853,2018,1.5
896861,2017,2.0476190476190474
896861,2018,1.6521739130434783
896947,2017,2.3333333333333335
896947,2018,2.0833333333333335
896951,2017,0.5
896951,2018,1.6666666666666667
897229,2017,1.5
897229,2018,1.3333333333333333
897293,2017,2.25
897293,2018,1.1666666666666667
897387,2017,2.25
897387,2018,1.3333333333333333
897545,2017,0.0
897545,2018,1.25
897673,2017,0.5
897673,2018,0.8333333333333334
897716,2017,1.75
897716,2018,0.8333333333333334
897728,2017,0.0
897728,2018,0.4166666666666667
897734,2017,0.0
897734,2018,0.0
897772,2017,1.5714285714285714
897772,2018,1.5416666666666667
897835,2017,1.8333333333333333
897835,2018,1.4166666666666667
897904,2017,1.5
897904,2018,1.0
898000,2017,3.1666666666666665
898000,2018,1.6666666666666667
898119,2017,0.0
898119,2018,0.0
898122,2018,3.0
898149,2017,0.5833333333333334
898149,2018,1.3333333333333333
898162,2017,2.25
898162,2018,1.0
898229,2017,1.6666666666666667
898229,2018,1.25
898417,2017,2.0833333333333335
898417,2018,1.1666666666666667
898423,2017,1.5
898423,2018,1.8333333333333333
898427,2018,5.818181818181818
898437,2017,1.3333333333333333
898437,2018,2.0833333333333335
898438,2017,1.0833333333333333
898438,2018,2.1666666666666665
898495,2017,1.4166666666666667
898495,2018,1.5
898514,2017,0.0
898514,2018,1.1666666666666667
898552,2017,0.75
898552,2018,2.1666666666666665
898587,2017,0.16666666666666666
898587,2018,0.0
898630,2017,2.25
898630,2018,1.8333333333333333
898698,2017,2.0
898698,2018,1.4166666666666667
898787,2017,1.5
898787,2018,1.75
898788,2017,1.6666666666666667
898788,2018,1.25
898887,2017,0.0
898887,2018,0.0
899009,2017,1.8333333333333333
899009,2018,1.8333333333333333
899271,2017,0.0
899271,2018,0.0
899287,2017,0.6666666666666666
899287,2018,2.0833333333333335
899509,2017,1.8333333333333333
899509,2018,1.1666666666666667
899543,2017,0.0
899543,2018,0.0
899592,2017,1.0833333333333333
899592,2018,1.5833333333333333
899734,2017,0.0
899734,2018,0.0
899760,2017,1.6956521739130435
899760,2018,1.1363636363636365
899825,2017,1.6666666666666667
899825,2018,1.5833333333333333
899871,2017,1.8333333333333333
899871,2018,1.5
899883,2017,0.0
899883,2018,1.0833333333333333
899958,2017,2.25
899958,2018,1.75
900083,2017,1.0833333333333333
900083,2018,0.9166666666666666
900133,2017,1.0833333333333333
900133,2018,1.6666666666666667
900151,2017,1.5833333333333333
900151,2018,1.6666666666666667
900325,2017,0.16666666666666666
900325,2018,0.0
900331,2017,0.0
900331,2018,0.0
900359,2017,0.0
900359,2018,1.5833333333333333
900460,2017,1.5
900460,2018,1.5833333333333333
900501,2017,1.5
900501,2018,0.9166666666666666
900505,2017,0.9166666666666666
900505,2018,0.9166666666666666
900726,2017,1.5833333333333333
900726,2018,1.0833333333333333
900753,2017,1.4166666666666667
900753,2018,0.0
900795,2017,0.9166666666666666
900795,2018,1.6666666666666667
900801,2017,0.0
900801,2018,0.4166666666666667
900853,2017,2.25
900853,2018,1.75
900894,2017,2.0
900894,2018,1.1666666666666667
900977,2017,0.0
900977,2018,0.0
901002,2018,2.8181818181818183
901049,2017,1.0833333333333333
901049,2018,0.16666666666666666
901231,2017,1.6666666666666667
901231,2018,0.5833333333333334
901442,2017,1.25
901442,2018,0.9166666666666666
901461,2017,0.0
901461,2018,0.5
901478,2017,0.0
901478,2018,0.0
901520,2017,1.0833333333333333
901520,2018,1.5833333333333333
901550,2017,0.5
901550,2018,2.0833333333333335
901578,2017,0.5
901578,2018,1.3333333333333333
901582,2017,0.0
901582,2018,0.0
901690,2017,1.1666666666666667
901690,2018,2.4166666666666665
901747,2017,0.25
901747,2018,1.9166666666666667
901758,2017,1.75
901758,2018,1.75
901775,2017,2.3333333333333335
901775,2018,1.4166666666666667
901780,2017,3.0
901780,2018,1.4166666666666667
901819,2017,2.3333333333333335
901819,2018,1.4166666666666667
901857,2017,0.5833333333333334
901857,2018,1.75
901887,2017,0.0
901887,2018,1.5
901954,2017,2.5833333333333335
901954,2018,1.0833333333333333
901978,2017,0.0
901978,2018,1.9166666666666667
901987,2017,2.0
901987,2018,1.3333333333333333
902015,2017,1.5833333333333333
902015,2018,1.6666666666666667
902040,2017,2.0833333333333335
902040,2018,1.5833333333333333
902083,2017,2.1666666666666665
902083,2018,1.0
902148,2017,2.0
902148,2018,2.0
902192,2017,0.9166666666666666
902192,2018,1.0833333333333333
902200,2017,0.0
902200,2018,0.0
902241,2017,1.9166666666666667
902241,2018,1.4166666666666667
902277,2018,1.9090909090909092
902298,2017,1.8333333333333333
902298,2018,1.75
902421,2017,1.3333333333333333
902421,2018,0.0
902515,2017,2.4166666666666665
902515,2018,2.3333333333333335
902555,2017,0.0
902555,2018,1.8333333333333333
902562,2017,1.5833333333333333
902562,2018,1.75
902608,2017,1.8571428571428572
902608,2018,1.6666666666666667
902634,2017,0.0
902634,2018,0.3333333333333333
902679,2017,1.25
902679,2018,2.1666666666666665
902690,2017,1.0
902690,2018,1.5833333333333333
902693,2017,1.75
902693,2018,1.1666666666666667
902742,2017,0.0
902742,2018,0.4166666666666667
902833,2017,0.0
902833,2018,0.0
902852,2017,0.0
902852,2018,2.4166666666666665
902966,2017,1.8333333333333333
902966,2018,1.5
902993,2017,0.0
902993,2018,0.0
903006,2017,0.9166666666666666
903006,2018,1.4166666666666667
903146,2017,1.5833333333333333
903146,2018,1.25
903209,2017,1.0
903209,2018,1.9166666666666667
903290,2017,1.8333333333333333
903290,2018,0.9166666666666666
903327,2017,2.1666666666666665
903327,2018,0.75
903359,2017,1.619047619047619
903359,2018,2.217391304347826
903379,2017,1.9166666666666667
903379,2018,2.0833333333333335
903496,2017,0.9166666666666666
903496,2018,1.4166666666666667
903534,2017,0.9166666666666666
903534,2018,1.5
903641,2018,7.909090909090909
903648,2017,1.5833333333333333
903648,2018,1.75
903679,2017,0.0
903679,2018,0.0
903797,2017,0.6666666666666666
903797,2018,1.75
904114,2017,1.3333333333333333
904114,2018,1.5833333333333333
904283,2017,1.9166666666666667
904283,2018,1.25
904300,2017,1.5
904300,2018,1.3333333333333333
904304,2017,2.25
904304,2018,1.0833333333333333
904317,2017,0.0
904317,2018,0.0
904367,2017,1.0833333333333333
904367,2018,1.25
904370,2017,0.0
904370,2018,0.4166666666666667
904378,2017,1.1666666666666667
904378,2018,2.3333333333333335
904397,2017,1.5833333333333333
904397,2018,0.25
904410,2017,0.0
904410,2018,0.0
904501,2017,1.75
904501,2018,1.4166666666666667
904512,2017,0.0
904512,2018,0.16666666666666666
904602,2017,1.1666666666666667
904602,2018,0.9166666666666666
904669,2017,1.75
904669,2018,1.4166666666666667
904693,2017,0.25
904693,2018,1.8333333333333333
904704,2017,1.4166666666666667
904704,2018,1.5833333333333333
904736,2017,0.4166666666666667
904736,2018,1.3333333333333333
904741,2017,1.3333333333333333
904741,2018,1.5833333333333333
904802,2017,0.4166666666666667
904802,2018,0.0
904805,2017,1.6666666666666667
904805,2018,1.0833333333333333
904920,2017,2.0833333333333335
904920,2018,1.0833333333333333
904974,2017,0.0
904974,2018,0.25
904992,2018,4.818181818181818
905161,2017,0.0
905161,2018,0.0
905180,2017,1.6666666666666667
905180,2018,0.8333333333333334
905213,2017,1.25
905213,2018,1.4166666666666667
905288,2017,0.0
905288,2018,0.0
905320,2017,1.75
905320,2018,1.0833333333333333
905360,2018,3.727272727272727
905469,2017,0.0
905469,2018,0.25
905478,2017,1.3333333333333333
905478,2018,1.75
905497,2017,0.0
905497,2018,0.0
905569,2017,1.0833333333333333
905569,2018,0.75
905634,2017,1.3333333333333333
905634,2018,1.4166666666666667
905787,2017,0.8333333333333334
905787,2018,2.25
905806,2017,1.5
905806,2018,1.5
905854,2017,1.75
905854,2018,1.5833333333333333
905907,2017,1.9166666666666667
905907,2018,2.3333333333333335
905909,2017,1.25
905909,2018,1.5
906158,2017,2.0833333333333335
906158,2018,1.75
906178,2017,0.16666666666666666
906178,2018,1.5833333333333333
906217,2017,0.0
906217,2018,0.08333333333333333
906262,2017,1.3333333333333333
906262,2018,1.5
906267,2017,1.9166666666666667
906267,2018,2.9166666666666665
906274,2017,0.5
906274,2018,0.16666666666666666
906316,2017,1.6666666666666667
906316,2018,2.0833333333333335
906346,2017,1.5833333333333333
906346,2018,2.25
906396,2017,1.1666666666666667
906396,2018,1.5833333333333333
906428,2018,4.636363636363637
906468,2017,1.4166666666666667
906468,2018,1.1666666666666667
906564,2017,0.5
906564,2018,0.0
906615,2017,1.5833333333333333
906615,2018,1.3333333333333333
906623,2017,0.9166666666666666
906623,2018,1.8333333333333333
906715,2018,2.272727272727273
906780,2017,1.0833333333333333
906780,2018,1.3333333333333333
906826,2017,2.1666666666666665
906826,2018,1.1666666666666667
906836,2017,1.3333333333333333
906836,2018,1.4166666666666667
906848,2017,2.0
906848,2018,2.0833333333333335
906852,2017,2.0833333333333335
906852,2018,1.9166666666666667
906884,2017,0.0
906884,2018,0.0
906946,2017,1.1666666666666667
906946,2018,1.0833333333333333
907015,2017,0.0
907015,2018,0.9166666666666666
907025,2017,1.6666666666666667
907025,2018,1.3333333333333333
907038,2017,0.0
907038,2018,1.9166666666666667
907077,2017,1.75
907077,2018,1.25
907157,2017,0.75
907157,2018,1.5
907209,2017,1.25
907209,2018,1.4166666666666667
907252,2017,1.25
907252,2018,1.25
907324,2017,0.3333333333333333
907324,2018,0.6666666666666666
907544,2017,1.0
907544,2018,1.5833333333333333
907595,2017,0.0
907595,2018,0.3333333333333333
907636,2017,1.3333333333333333
907636,2018,2.0
907743,2017,0.0
907743,2018,0.4166666666666667
907858,2017,1.25
907858,2018,1.3333333333333333
907934,2017,1.4166666666666667
907934,2018,1.1666666666666667
907945,2017,0.0
907945,2018,0.0
907950,2017,1.0
907950,2018,1.4166666666666667
908006,2018,3.8181818181818183
908120,2017,1.4166666666666667
908120,2018,2.0
908123,2017,2.0
908123,2018,2.0833333333333335
908201,2017,0.0
908201,2018,0.0
908246,2017,1.5
908246,2018,1.3333333333333333
908248,2017,0.0
908248,2018,0.0
908301,2017,0.0
908301,2018,1.4166666666666667
908374,2017,2.3333333333333335
908374,2018,2.3333333333333335
908404,2017,1.9166666666666667
908404,2018,0.8333333333333334
908519,2017,1.6666666666666667
908519,2018,1.75
908580,2017,1.6666666666666667
908580,2018,1.25
908643,2017,0.25
908643,2018,1.75
908728,2017,1.3333333333333333
908728,2018,2.25
908729,2017,1.4166666666666667
908729,2018,0.8333333333333334
908759,2017,2.1666666666666665
908759,2018,1.9166666666666667
908801,2017,0.0
908801,2018,0.3333333333333333
908844,2017,1.5833333333333333
908844,2018,2.4166666666666665
908882,2017,0.0
908882,2018,1.0833333333333333
908994,2017,0.0
908994,2018,0.0
909020,2017,0.4166666666666667
909020,2018,2.25
909066,2017,0.5
909066,2018,0.0
909068,2018,4.0
909075,2018,5.0
909106,2017,0.0
909106,2018,0.6666666666666666
909134,2017,1.9166666666666667
909134,2018,1.0833333333333333
909238,2018,4.636363636363637
909242,2017,1.5833333333333333
909242,2018,1.3333333333333333
909260,2017,2.5833333333333335
909260,2018,1.6666666666666667
909262,2017,2.25
909262,2018,0.8333333333333334
909328,2017,0.9166666666666666
909328,2018,1.6666666666666667
909385,2017,1.1666666666666667
909385,2018,1.4166666666666667
909476,2017,1.5833333333333333
909476,2018,1.3333333333333333
909483,2017,1.6666666666666667
909483,2018,1.0
909503,2017,1.3333333333333333
909503,2018,1.5833333333333333
909543,2017,1.5833333333333333
909543,2018,1.6666666666666667
909547,2018,2.8181818181818183
909677,2017,1.1666666666666667
909677,2018,1.5833333333333333
909727,2018,4.636363636363637
909800,2017,0.5
909800,2018,1.5
909845,2017,0.75
909845,2018,1.4166666666666667
909854,2017,0.0
909854,2018,0.0
909880,2017,0.5833333333333334
909880,2018,0.0
910028,2017,0.0
910028,2018,0.0
910056,2017,1.1666666666666667
910056,2018,1.9166666666666667
910092,2017,0.0
910092,2018,0.0
910093,2017,0.0
910093,2018,0.16666666666666666
910142,2017,1.1666666666666667
910142,2018,2.1666666666666665
910157,2017,0.0
910157,2018,1.3333333333333333
910336,2017,0.0
910336,2018,0.16666666666666666
910373,2017,0.0
910373,2018,0.0
910391,2017,1.5833333333333333
910391,2018,2.0
910416,2017,0.0
910416,2018,0.5833333333333334
910492,2017,0.25
910492,2018,0.25
910576,2017,1.3333333333333333
910576,2018,2.25
910645,2017,0.0
910645,2018,0.6666666666666666
910716,2017,1.5833333333333333
910716,2018,0.75
910809,2017,0.0
910809,2018,0.9166666666666666
910875,2017,0.6666666666666666
910875,2018,2.0
910969,2017,2.0833333333333335
910969,2018,1.8333333333333333
911003,2017,0.25
911003,2018,2.9166666666666665
911089,2017,1.6666666666666667
911089,2018,1.0833333333333333
911372,2017,1.5
911372,2018,2.0833333333333335
911503,2017,2.5833333333333335
911503,2018,0.5
911525,2017,1.4166666666666667
911525,2018,1.75
911585,2017,2.0833333333333335
911585,2018,1.4166666666666667
911655,2017,1.5833333333333333
911655,2018,1.5833333333333333
911663,2017,1.3333333333333333
911663,2018,1.4166666666666667
911668,2017,1.3333333333333333
911668,2018,1.5833333333333333
911723,2017,0.0
911723,2018,0.5833333333333334
911744,2018,2.6363636363636362
911812,2017,2.0
911812,2018,0.8333333333333334
911852,2017,1.0
911852,2018,0.25
911906,2017,2.0
911906,2018,1.25
911920,2017,2.1666666666666665
911920,2018,1.5833333333333333
911971,2017,1.1666666666666667
911971,2018,1.3333333333333333
912064,2017,2.0
912064,2018,1.25
912128,2017,0.5833333333333334
912128,2018,2.5833333333333335
912220,2017,0.0
912220,2018,0.0
912252,2017,1.5833333333333333
912252,2018,1.3333333333333333
912293,2017,2.0833333333333335
912293,2018,1.5
912352,2017,0.0
912352,2018,0.5833333333333334
912396,2017,1.4166666666666667
912396,2018,1.75
912420,2017,1.5
912420,2018,1.6666666666666667
912539,2017,0.4166666666666667
912539,2018,1.75
912588,2017,2.0
912588,2018,1.25
912633,2018,3.8181818181818183
912712,2017,1.25
912712,2018,1.1666666666666667
912757,2017,1.5833333333333333
912757,2018,2.1666666666666665
912797,2017,0.9166666666666666
912797,2018,1.9166666666666667
912864,2017,2.1666666666666665
912864,2018,1.1666666666666667
912939,2017,0.4166666666666667
912939,2018,1.1666666666666667
912940,2017,0.0
912940,2018,0.6666666666666666
912957,2017,1.4166666666666667
912957,2018,0.6666666666666666
912984,2017,0.0
912984,2018,0.0
913060,2017,1.75
913060,2018,1.1666666666666667
913153,2017,0.0
913153,2018,0.08333333333333333
913156,2017,1.6666666666666667
913156,2018,1.3333333333333333
913233,2017,0.5
913233,2018,2.4166666666666665
913340,2017,1.6666666666666667
913340,2018,1.9166666666666667
913449,2017,0.5
913449,2018,2.3333333333333335
913522,2017,1.75
913522,2018,0.8333333333333334
913571,2017,2.4166666666666665
913571,2018,1.3333333333333333
913721,2017,1.4166666666666667
913721,2018,1.4166666666666667
913809,2017,0.0
913809,2018,0.0
913866,2017,1.75
913866,2018,1.3333333333333333
913895,2017,1.25
913895,2018,2.5
913949,2017,1.9166666666666667
913949,2018,1.9166666666666667
913981,2017,2.6666666666666665
913981,2018,1.75
914044,2017,1.4166666666666667
914044,2018,1.75
914074,2017,0.0
914074,2018,0.5
914088,2017,1.75
914088,2018,1.5
914152,2017,1.75
914152,2018,2.0
914255,2017,0.0
914255,2018,0.0
914316,2017,2.0
914316,2018,2.3333333333333335
914352,2017,0.0
914352,2018,0.08333333333333333
914368,2017,1.5833333333333333
914368,2018,2.3333333333333335
914514,2017,0.0
914514,2018,0.0
914609,2017,1.9166666666666667
914609,2018,1.6666666666666667
914799,2018,7.0
914920,2017,0.0
914920,2018,0.0
914937,2017,1.5
914937,2018,1.6666666666666667
914959,2017,0.0
914959,2018,0.0
915009,2017,0.0
915009,2018,0.0
915147,2017,1.75
915147,2018,1.25
915156,2017,2.0
915156,2018,1.25
915164,2017,0.0
915164,2018,0.0
915194,2017,1.5833333333333333
915194,2018,1.0833333333333333
915198,2017,1.9166666666666667
915198,2018,0.8333333333333334
915243,2017,1.1666666666666667
915243,2018,0.3333333333333333
915286,2017,2.0
915286,2018,1.5
915287,2017,0.0
915287,2018,0.25
915439,2017,1.9166666666666667
915439,2018,0.75
915571,2017,0.25
915571,2018,1.5
915638,2017,1.1666666666666667
915638,2018,1.25
915846,2017,1.3333333333333333
915846,2018,1.8333333333333333
915902,2017,0.75
915902,2018,1.1666666666666667
915927,2017,0.0
915927,2018,0.0
915933,2017,0.6666666666666666
915933,2018,2.0
915948,2017,1.5
915948,2018,0.8333333333333334
916000,2017,2.1666666666666665
916000,2018,1.0833333333333333
916003,2017,0.0
916003,2018,0.0
916020,2017,1.8333333333333333
916020,2018,0.6666666666666666
916131,2017,1.75
916131,2018,0.8333333333333334
916269,2017,1.6666666666666667
916269,2018,0.5833333333333334
916300,2017,1.4166666666666667
916300,2018,1.0833333333333333
916317,2017,0.0
916317,2018,0.08333333333333333
916358,2017,0.75
916358,2018,1.8333333333333333
916478,2018,4.818181818181818
916594,2017,1.3333333333333333
916594,2018,1.25
916634,2017,0.0
916634,2018,0.3333333333333333
916713,2017,2.5
916713,2018,1.3333333333333333
916843,2017,1.3333333333333333
916843,2018,1.4166666666666667
916851,2017,2.0833333333333335
916851,2018,1.4166666666666667
916880,2017,1.4166666666666667
916880,2018,1.75
917191,2017,1.5
917191,2018,2.0833333333333335
917192,2017,2.6666666666666665
917192,2018,1.75
917346,2017,2.3333333333333335
917346,2018,1.1666666666666667
917352,2017,0.25
917352,2018,1.3333333333333333
917423,2017,1.8333333333333333
917423,2018,1.5
917585,2017,2.0
917585,2018,1.8333333333333333
917610,2017,1.0833333333333333
917610,2018,2.25
917630,2017,1.4166666666666667
917630,2018,0.9166666666666666
917685,2017,0.8333333333333334
917685,2018,1.6666666666666667
917725,2017,2.0833333333333335
917725,2018,1.8333333333333333
917779,2017,1.4166666666666667
917779,2018,2.1666666666666665
917798,2017,1.25
917798,2018,2.0833333333333335
917870,2017,1.6666666666666667
917870,2018,0.5
917972,2017,0.8333333333333334
917972,2018,1.9166666666666667
917983,2017,2.5
917983,2018,1.0833333333333333
917998,2017,1.5833333333333333
917998,2018,1.3333333333333333
918017,2017,0.0
918017,2018,1.0
918021,2017,2.1666666666666665
918021,2018,1.4166666666666667
918042,2017,2.75
918042,2018,1.6666666666666667
918048,2017,1.3333333333333333
918048,2018,1.0833333333333333
918053,2017,1.75
918053,2018,2.1666666666666665
918112,2017,2.0833333333333335
918112,2018,2.0
918163,2017,2.5833333333333335
918163,2018,1.25
918272,2017,1.9166666666666667
918272,2018,1.4166666666666667
918276,2017,1.6666666666666667
918276,2018,2.5
918326,2017,1.75
918326,2018,1.3333333333333333
918341,2017,1.5833333333333333
918341,2018,0.75
918350,2017,0.0
918350,2018,0.0
918397,2017,0.0
918397,2018,0.5833333333333334
918404,2017,0.0
918404,2018,0.0
918478,2017,2.0
918478,2018,1.5
918479,2017,1.75
918479,2018,1.25
918564,2017,1.5
918564,2018,1.0
918631,2017,2.8333333333333335
918631,2018,1.5833333333333333
918756,2017,1.5833333333333333
918756,2018,2.6666666666666665
918807,2017,1.9166666666666667
918807,2018,1.5833333333333333
918964,2017,0.0
918964,2018,0.25
918984,2017,1.0833333333333333
918984,2018,2.1666666666666665
919055,2017,0.0
919055,2018,0.3333333333333333
919117,2017,1.8333333333333333
919117,2018,1.3333333333333333
919285,2017,1.4166666666666667
919285,2018,2.0
919329,2017,1.8333333333333333
919329,2018,1.3333333333333333
919338,2017,0.6666666666666666
919338,2018,1.5833333333333333
919340,2017,0.8333333333333334
919340,2018,2.0833333333333335
919437,2017,2.1666666666666665
919437,2018,1.75
919463,2018,0.0
919506,2017,0.0
919506,2018,0.4166666666666667
919557,2017,2.4166666666666665
919557,2018,0.8333333333333334
919668,2017,0.5
919668,2018,2.0
919748,2017,1.5
919748,2018,1.5833333333333333
919818,2017,2.6666666666666665
919818,2018,1.5
919823,2017,1.5
919823,2018,1.6666666666666667
919832,2018,3.3636363636363638
919888,2018,4.2727272727272725
919889,2017,1.6666666666666667
919889,2018,1.9166666666666667
919894,2017,1.9166666666666667
919894,2018,2.0833333333333335
919922,2017,0.5833333333333334
919922,2018,0.8333333333333334
919951,2017,2.0
919951,2018,1.9166666666666667
920068,2017,0.0
920068,2018,0.0
920100,2017,1.25
920100,2018,1.25
920102,2017,0.0
920102,2018,0.0
920118,2017,1.0833333333333333
920118,2018,1.4166666666666667
920145,2017,0.8333333333333334
920145,2018,1.0833333333333333
920162,2017,2.4166666666666665
920162,2018,1.8333333333333333
920171,2017,0.0
920171,2018,0.5
920175,2017,1.6
920175,2018,1.6666666666666667
920197,2017,0.0
920197,2018,0.3333333333333333
920211,2018,5.454545454545454
920321,2017,1.4166666666666667
920321,2018,1.6666666666666667
920326,2018,5.909090909090909
920545,2017,2.0833333333333335
920545,2018,1.9166666666666667
920637,2017,0.5
920637,2018,2.0
920657,2017,0.4166666666666667
920657,2018,1.25
920716,2018,3.909090909090909
920792,2017,1.5833333333333333
920792,2018,1.75
920840,2017,1.8333333333333333
920840,2018,1.0833333333333333
920954,2018,4.454545454545454
920966,2017,1.3333333333333333
920966,2018,2.25
921059,2017,0.16666666666666666
921059,2018,1.4166666666666667
921102,2017,0.9166666666666666
921102,2018,1.1666666666666667
921130,2017,2.1666666666666665
921130,2018,1.5833333333333333
921191,2017,0.0
921191,2018,0.3333333333333333
921278,2017,2.4166666666666665
921278,2018,0.9166666666666666
921298,2017,1.25
921298,2018,1.5833333333333333
921357,2017,1.8333333333333333
921357,2018,2.0833333333333335
921375,2017,2.0833333333333335
921375,2018,1.0
921392,2017,0.0
921392,2018,0.4166666666666667
921403,2017,0.9166666666666666
921403,2018,0.0
921410,2017,0.0
921410,2018,0.0
921489,2017,2.3333333333333335
921489,2018,0.5833333333333334
921530,2017,1.5
921530,2018,0.0
921563,2017,1.4166666666666667
921563,2018,2.0
921624,2017,0.0
921624,2018,0.5833333333333334
921705,2017,1.75
921705,2018,2.25
921746,2018,0.0
921776,2018,5.454545454545454
921777,2017,1.1666666666666667
921777,2018,1.0
921886,2017,1.5833333333333333
921886,2018,2.0
921899,2017,1.6666666666666667
921899,2018,2.5
921903,2017,0.0
921903,2018,0.0
922000,2017,2.0833333333333335
922000,2018,1.4166666666666667
922047,2017,0.8333333333333334
922047,2018,1.5
922161,2017,2.0833333333333335
922161,2018,1.75
922188,2017,1.25
922188,2018,1.3333333333333333
922206,2017,0.5833333333333334
922206,2018,1.75
922210,2017,1.5
922210,2018,1.9166666666666667
922347,2017,0.0
922347,2018,1.5
922351,2017,1.8333333333333333
922351,2018,2.0
922388,2017,1.25
922388,2018,2.0833333333333335
922484,2017,2.0833333333333335
922484,2018,2.0833333333333335
922614,2018,2.8181818181818183
922634,2017,1.3333333333333333
922634,2018,1.3333333333333333
922665,2017,0.0
922665,2018,0.0
922703,2017,0.0
922703,2018,0.16666666666666666
922741,2017,0.0
922741,2018,0.08333333333333333
922786,2017,1.4166666666666667
922786,2018,2.0833333333333335
922815,2017,2.6666666666666665
922815,2018,1.6666666666666667
922926,2017,1.0833333333333333
922926,2018,1.5833333333333333
923041,2017,0.8333333333333334
923041,2018,1.25
923062,2017,1.9166666666666667
923062,2018,2.1666666666666665
923108,2017,0.3333333333333333
923108,2018,2.0
923164,2017,1.0833333333333333
923164,2018,1.6666666666666667
923201,2017,1.0833333333333333
923201,2018,1.75
923234,2017,1.4166666666666667
923234,2018,2.0
923268,2018,1.2727272727272727
923293,2017,2.6666666666666665
923293,2018,0.75
923333,2017,1.25
923333,2018,2.0833333333333335
923336,2017,1.25
923336,2018,1.4166666666666667
923406,2017,0.08333333333333333
923406,2018,2.0833333333333335
923527,2017,1.9166666666666667
923527,2018,1.3333333333333333
923560,2017,0.9166666666666666
923560,2018,1.9166666666666667
923680,2017,1.5833333333333333
923680,2018,2.25
923761,2017,2.0
923761,2018,1.5833333333333333
923766,2017,0.0
923766,2018,0.0
923799,2017,1.3333333333333333
923799,2018,1.0833333333333333
923959,2017,1.5833333333333333
923959,2018,1.9166666666666667
924031,2017,0.0
924031,2018,0.5
924037,2017,1.0833333333333333
924037,2018,1.3333333333333333
924056,2017,3.0
924056,2018,1.0833333333333333
924089,2017,1.25
924089,2018,1.6666666666666667
924132,2017,1.8333333333333333
924132,2018,1.75
924153,2017,1.0833333333333333
924153,2018,1.25
924173,2017,0.75
924173,2018,1.0833333333333333
924217,2017,0.0
924217,2018,0.16666666666666666
924268,2018,6.909090909090909
924405,2017,0.0
924405,2018,0.75
924469,2017,2.0
924469,2018,1.75
924489,2017,1.4166666666666667
924489,2018,2.1666666666666665
924493,2017,1.25
924493,2018,1.8333333333333333
924630,2017,0.8333333333333334
924630,2018,1.9166666666666667
924634,2017,1.9166666666666667
924634,2018,1.1666666666666667
924643,2017,1.75
924643,2018,0.9166666666666666
924719,2017,1.8333333333333333
924719,2018,1.0833333333333333
924724,2018,4.909090909090909
924736,2017,0.0
924736,2018,0.0
924787,2017,2.0
924787,2018,1.75
924793,2017,2.0
924793,2018,2.1666666666666665
924794,2017,2.1666666666666665
924794,2018,2.25
924796,2017,0.0
924796,2018,0.0
924878,2018,3.1818181818181817
924936,2017,1.5833333333333333
924936,2018,1.4166666666666667
925164,2017,0.0
925164,2018,1.0
925198,2017,0.0
925198,2018,0.5
925254,2017,1.4166666666666667
925254,2018,1.6666666666666667
925340,2017,1.5833333333333333
925340,2018,1.75
925353,2017,2.3333333333333335
925353,2018,1.6666666666666667
925385,2017,1.5833333333333333
925385,2018,1.75
925413,2017,1.1666666666666667
925413,2018,2.3333333333333335
925433,2017,2.0
925433,2018,1.0833333333333333
925504,2017,1.6666666666666667
925504,2018,1.0
925573,2017,1.1666666666666667
925573,2018,2.25
925609,2017,1.0
925609,2018,1.3333333333333333
925767,2018,5.363636363636363
925819,2017,2.3333333333333335
925819,2018,1.5
925850,2018,2.090909090909091
925918,2017,0.0
925918,2018,0.0
925978,2017,1.3333333333333333
925978,2018,1.4166666666666667
925979,2017,0.0
925979,2018,0.25
926058,2017,0.0
926058,2018,0.4166666666666667
926083,2017,1.0833333333333333
926083,2018,1.1666666666666667
926106,2017,1.5833333333333333
926106,2018,2.1666666666666665
926129,2017,0.5
926129,2018,1.0833333333333333
926175,2017,2.0
926175,2018,1.1666666666666667
926250,2017,1.25
926250,2018,1.9166666666666667
926277,2017,2.25
926277,2018,1.6666666666666667
926300,2017,1.0833333333333333
926300,2018,1.1666666666666667
926315,2017,0.0
926315,2018,0.5833333333333334
926451,2017,1.5833333333333333
926451,2018,1.9166666666666667
926494,2017,1.0833333333333333
926494,2018,2.0
926531,2017,0.0
926531,2018,0.0
926609,2017,1.9166666666666667
926609,2018,0.8333333333333334
926611,2017,2.75
926611,2018,1.25
926867,2017,0.0
926867,2018,1.0
926874,2017,0.0
926874,2018,0.8333333333333334
926961,2017,1.8333333333333333
926961,2018,1.8333333333333333
926967,2017,0.0
926967,2018,0.08333333333333333
927026,2017,1.4090909090909092
927026,2018,1.4782608695652173
927165,2017,0.0
927165,2018,0.0
927202,2017,2.0
927202,2018,2.3333333333333335
927305,2017,1.5833333333333333
927305,2018,1.1666666666666667
927339,2017,1.5
927339,2018,1.3333333333333333
927401,2017,0.8333333333333334
927401,2018,1.9166666666666667
927446,2017,0.6666666666666666
927446,2018,0.9166666666666666
927559,2017,0.0
927559,2018,0.0
927676,2017,1.75
927676,2018,1.4166666666666667
927703,2017,1.5833333333333333
927703,2018,1.75
927721,2017,0.0
927721,2018,1.6666666666666667
927848,2017,1.25
927848,2018,1.75
927887,2017,0.8333333333333334
927887,2018,2.1666666666666665
927937,2018,3.8181818181818183
927943,2017,1.3333333333333333
927943,2018,2.0
927975,2017,2.0
927975,2018,1.1666666666666667
928082,2017,1.25
928082,2018,1.25
928116,2017,1.6666666666666667
928116,2018,1.0
928153,2017,2.0
928153,2018,0.9166666666666666
928188,2017,0.0
928188,2018,0.0
928238,2017,1.8333333333333333
928238,2018,1.5833333333333333
928291,2017,1.8333333333333333
928291,2018,2.25
928292,2017,1.0833333333333333
928292,2018,1.6666666666666667
928294,2017,1.0
928294,2018,2.3333333333333335
928354,2017,1.4166666666666667
928354,2018,1.25
928438,2018,7.0
928644,2017,0.8333333333333334
928644,2018,2.6666666666666665
928734,2018,3.8181818181818183
928804,2017,1.3333333333333333
928804,2018,1.3333333333333333
928868,2017,1.8333333333333333
928868,2018,0.9166666666666666
928916,2017,1.75
928916,2018,1.3333333333333333
928922,2017,2.25
928922,2018,1.3333333333333333
928942,2018,1.0
928957,2017,1.0833333333333333
928957,2018,1.4166666666666667
928964,2017,1.75
928964,2018,1.4166666666666667
929009,2017,0.75
929009,2018,1.6666666666666667
929097,2017,1.8333333333333333
929097,2018,0.75
929231,2017,0.0
929231,2018,0.0
929282,2017,1.0833333333333333
929282,2018,1.5
929302,2017,1.4166666666666667
929302,2018,1.5833333333333333
929410,2017,1.9166666666666667
929410,2018,2.0833333333333335
929451,2017,2.1666666666666665
929451,2018,1.1666666666666667
929455,2017,0.0
929455,2018,0.4166666666666667
929701,2017,2.9166666666666665
929701,2018,1.3333333333333333
929707,2017,0.0
929707,2018,0.08333333333333333
929712,2017,0.5833333333333334
929712,2018,0.0
929728,2017,1.75
929728,2018,1.75
929871,2017,1.25
929871,2018,2.3333333333333335
929880,2017,1.4166666666666667
929880,2018,2.0
929885,2017,0.75
929885,2018,2.0
929913,2017,1.6666666666666667
929913,2018,1.3333333333333333
929980,2017,1.8333333333333333
929980,2018,1.6666666666666667
930041,2017,0.0
930041,2018,0.0
930089,2018,5.454545454545454
930209,2017,1.4166666666666667
930209,2018,1.3333333333333333
930325,2017,1.6666666666666667
930325,2018,1.8333333333333333
930337,2017,0.0
930337,2018,0.0
930489,2017,1.5833333333333333
930489,2018,0.75
930502,2017,1.5
930502,2018,1.5833333333333333
930562,2017,2.0
930562,2018,1.1666666666666667
930584,2017,1.4166666666666667
930584,2018,2.1666666666666665
930620,2017,0.0
930620,2018,0.3333333333333333
930718,2017,2.1666666666666665
930718,2018,2.25
930774,2017,0.0
930774,2018,1.75
930848,2017,2.5
930848,2018,2.0833333333333335
930887,2017,0.0
930887,2018,0.0
930893,2017,1.1666666666666667
930893,2018,1.0833333333333333
930900,2017,1.3333333333333333
930900,2018,0.8333333333333334
930921,2017,1.4166666666666667
930921,2018,1.3333333333333333
931054,2017,0.0
931054,2018,0.9166666666666666
931097,2017,1.75
931097,2018,1.3333333333333333
931135,2017,1.0
931135,2018,2.3333333333333335
931170,2017,0.0
931170,2018,0.0
931183,2017,2.5833333333333335
931183,2018,0.8333333333333334
931238,2017,0.0
931238,2018,0.0
931244,2017,1.3333333333333333
931244,2018,2.0833333333333335
931247,2017,2.25
931247,2018,0.0
931537,2017,0.75
931537,2018,1.6666666666666667
931622,2017,0.08333333333333333
931622,2018,1.6666666666666667
931657,2017,2.0
931657,2018,1.0833333333333333
931701,2017,0.0
931701,2018,0.0
931828,2017,0.0
931828,2018,0.0
931834,2017,0.0
931834,2018,0.0
931914,2017,1.9166666666666667
931914,2018,2.25
932100,2017,0.0
932100,2018,0.0
932233,2018,4.636363636363637
932244,2017,0.0
932244,2018,0.5
932249,2017,1.8333333333333333
932249,2018,1.5833333333333333
932261,2017,0.0
932261,2018,0.0
932270,2017,2.4166666666666665
932270,2018,1.6666666666666667
932323,2017,0.0
932323,2018,0.0
932363,2017,0.0
932363,2018,1.4166666666666667
932405,2017,1.75
932405,2018,2.3333333333333335
932453,2017,1.4166666666666667
932453,2018,1.25
932513,2017,1.0833333333333333
932513,2018,1.5
932526,2017,0.16666666666666666
932526,2018,1.5833333333333333
932572,2017,1.3333333333333333
932572,2018,2.5
932599,2017,0.0
932599,2018,0.4166666666666667
932623,2017,2.5833333333333335
932623,2018,2.25
932745,2017,0.4166666666666667
932745,2018,1.1666666666666667
932748,2017,0.3333333333333333
932748,2018,1.1666666666666667
932823,2017,2.0833333333333335
932823,2018,2.1666666666666665
932973,2017,2.1666666666666665
932973,2018,1.8333333333333333
933053,2018,3.8181818181818183
933187,2017,1.9166666666666667
933187,2018,1.0833333333333333
933208,2017,1.4166666666666667
933208,2018,1.6666666666666667
933233,2017,2.5833333333333335
933233,2018,1.4166666666666667
933251,2017,0.0
933251,2018,1.1666666666666667
933259,2017,0.8333333333333334
933259,2018,1.3333333333333333
933552,2017,0.0
933552,2018,1.6666666666666667
933642,2017,1.0
933642,2018,1.3333333333333333
933656,2017,1.75
933656,2018,1.1666666666666667
933682,2017,0.0
933682,2018,0.9166666666666666
933707,2017,1.4166666666666667
933707,2018,1.5
933779,2017,0.6666666666666666
933779,2018,0.0
933807,2017,0.3333333333333333
933807,2018,2.25
933848,2017,1.0833333333333333
933848,2018,2.3333333333333335
933865,2018,0.0
933968,2017,1.6666666666666667
933968,2018,1.6666666666666667
934134,2017,2.0
934134,2018,1.0833333333333333
934150,2017,0.0
934150,2018,0.0
934212,2017,0.8333333333333334
934212,2018,1.6666666666666667
934235,2017,3.0
934235,2018,1.25
934267,2017,1.0833333333333333
934267,2018,2.6666666666666665
934271,2017,0.0
934271,2018,0.4166666666666667
934280,2017,0.9166666666666666
934280,2018,1.25
934529,2017,1.0
934529,2018,0.0
934577,2017,0.0
934577,2018,0.0
934604,2017,2.25
934604,2018,1.1666666666666667
934893,2017,2.3333333333333335
934893,2018,1.5
934912,2017,0.25
934912,2018,1.0833333333333333
935068,2017,2.1666666666666665
935068,2018,1.9166666666666667
935110,2017,0.0
935110,2018,1.0
935161,2017,2.1666666666666665
935161,2018,1.9166666666666667
935235,2017,1.5833333333333333
935235,2018,1.9166666666666667
935253,2017,0.75
935253,2018,1.1666666666666667
935274,2017,1.9166666666666667
935274,2018,1.5
935313,2017,0.0
935313,2018,0.4166666666666667
935328,2017,2.3333333333333335
935328,2018,1.3333333333333333
935420,2017,1.5
935420,2018,1.75
935504,2017,1.5833333333333333
935504,2018,0.8333333333333334
935570,2017,0.8333333333333334
935570,2018,1.3333333333333333
935665,2017,0.0
935665,2018,0.0
935738,2017,2.75
935738,2018,2.0
935836,2017,0.0
935836,2018,0.0
935862,2017,0.0
935862,2018,1.1666666666666667
935876,2017,2.6666666666666665
935876,2018,2.0833333333333335
936010,2017,0.0
936010,2018,0.08333333333333333
936044,2017,0.0
936044,2018,0.0
936088,2018,5.636363636363637
936211,2017,1.8333333333333333
936211,2018,1.8333333333333333
936214,2017,1.4166666666666667
936214,2018,1.75
936232,2017,0.0
936232,2018,0.0
936273,2017,2.4166666666666665
936273,2018,1.8333333333333333
936305,2017,1.75
936305,2018,1.25
936319,2017,1.75
936319,2018,1.5833333333333333
936440,2017,0.5
936440,2018,1.0833333333333333
936547,2017,2.25
936547,2018,0.75
936570,2017,2.5
936570,2018,2.0
936603,2017,0.0
936603,2018,0.3333333333333333
936612,2017,1.5833333333333333
936612,2018,0.0
936723,2017,1.8333333333333333
936723,2018,0.0
936761,2018,4.818181818181818
936860,2017,0.0
936860,2018,0.0
937030,2017,1.9166666666666667
937030,2018,1.75
937065,2017,1.9166666666666667
937065,2018,0.6666666666666666
937071,2018,6.363636363636363
937127,2017,1.6666666666666667
937127,2018,0.8333333333333334
937163,2017,2.0833333333333335
937163,2018,2.0
937228,2017,2.0833333333333335
937228,2018,1.5
937250,2017,1.75
937250,2018,1.1666666666666667
937254,2017,0.0
937254,2018,0.0
937312,2017,1.4166666666666667
937312,2018,1.1666666666666667
937385,2017,1.0
937385,2018,2.1666666666666665
937418,2017,1.4166666666666667
937418,2018,2.1666666666666665
937430,2017,0.75
937430,2018,1.6666666666666667
937476,2017,1.5833333333333333
937476,2018,1.5
937484,2017,0.0
937484,2018,0.8333333333333334
937512,2017,1.0833333333333333
937512,2018,1.75
937638,2017,1.6666666666666667
937638,2018,1.0833333333333333
937645,2017,1.3333333333333333
937645,2018,2.3333333333333335
937662,2017,2.3333333333333335
937662,2018,1.4166666666666667
937742,2017,1.1666666666666667
937742,2018,1.25
937788,2017,1.5
937788,2018,1.9166666666666667
937849,2017,0.16666666666666666
937849,2018,0.0
937862,2017,1.5833333333333333
937862,2018,1.1666666666666667
937911,2017,1.1666666666666667
937911,2018,2.6666666666666665
937922,2017,1.8333333333333333
937922,2018,1.0
937946,2017,1.3333333333333333
937946,2018,0.3333333333333333
937956,2017,1.3333333333333333
937956,2018,2.3333333333333335
937976,2017,0.0
937976,2018,0.25
938031,2017,1.5
938031,2018,1.25
938093,2018,5.454545454545454
938126,2017,0.0
938126,2018,0.0
938323,2017,1.9166666666666667
938323,2018,1.6666666666666667
938324,2017,1.0833333333333333
938324,2018,1.9166666666666667
938482,2017,1.25
938482,2018,0.0
938516,2017,1.5
938516,2018,2.0
938603,2017,2.0
938603,2018,1.8333333333333333
938628,2017,1.6666666666666667
938628,2018,2.0
938636,2017,1.5
938636,2018,1.1666666666666667
938719,2017,0.0
938719,2018,0.08333333333333333
938822,2017,1.0833333333333333
938822,2018,1.4166666666666667
938830,2017,0.0
938830,2018,0.0
938873,2017,1.0
938873,2018,1.8333333333333333
938914,2017,1.1666666666666667
938914,2018,1.75
938981,2018,3.4545454545454546
939074,2017,0.0
939074,2018,0.0
939094,2017,2.0833333333333335
939094,2018,2.0833333333333335
939098,2017,1.3333333333333333
939098,2018,1.25
939103,2017,1.9166666666666667
939103,2018,1.8333333333333333
939204,2017,0.0
939204,2018,0.0
939238,2017,0.0
939238,2018,1.6666666666666667
939289,2017,0.25
939289,2018,0.0
939319,2017,1.9166666666666667
939319,2018,2.1666666666666665
939320,2018,3.090909090909091
939333,2017,0.0
939333,2018,0.0
939399,2017,1.1666666666666667
939399,2018,0.8333333333333334
939428,2017,1.5833333333333333
939428,2018,1.9166666666666667
939431,2018,4.2727272727272725
939466,2017,1.25
939466,2018,1.5
939474,2018,0.0
939485,2017,1.8333333333333333
939485,2018,1.75
939521,2017,0.0
939521,2018,0.75
939562,2017,2.1666666666666665
939562,2018,2.9166666666666665
939571,2017,0.6666666666666666
939571,2018,2.25
939593,2017,0.0
939593,2018,0.0
939683,2017,1.5833333333333333
939683,2018,2.3333333333333335
939741,2017,0.6666666666666666
939741,2018,1.4166666666666667
939752,2017,2.25
939752,2018,1.8333333333333333
939760,2017,0.0
939760,2018,0.0
939766,2017,1.25
939766,2018,1.0833333333333333
939856,2017,0.3333333333333333
939856,2018,1.0833333333333333
939932,2017,2.5
939932,2018,2.4166666666666665
939961,2017,2.25
939961,2018,1.4166666666666667
939992,2017,0.25
939992,2018,1.4166666666666667
940156,2017,1.8333333333333333
940156,2018,1.75
940187,2018,5.7272727272727275
940200,2018,4.0
940213,2017,2.8333333333333335
940213,2018,1.6666666666666667
940249,2017,0.8333333333333334
940249,2018,1.4166666666666667
940256,2017,2.1666666666666665
940256,2018,1.25
940523,2017,0.0
940523,2018,0.0
940711,2017,2.25
940711,2018,1.3333333333333333
940760,2017,1.9166666666666667
940760,2018,0.75
940796,2017,1.4166666666666667
940796,2018,1.5
940822,2017,1.25
940822,2018,2.25
940874,2017,0.0
940874,2018,0.0
940901,2017,0.0
940901,2018,0.0
940904,2017,0.0
940904,2018,0.0
941064,2017,0.75
941064,2018,1.8333333333333333
941092,2017,0.0
941092,2018,1.25
941109,2017,1.25
941109,2018,1.4166666666666667
941122,2017,2.8333333333333335
941122,2018,0.0
941127,2017,0.75
941127,2018,1.75
941170,2017,2.1666666666666665
941170,2018,2.1666666666666665
941194,2017,0.0
941194,2018,0.5
941324,2017,0.0
941324,2018,0.75
941361,2017,1.6666666666666667
941361,2018,1.1666666666666667
941380,2017,1.8333333333333333
941380,2018,1.25
941545,2018,2.4545454545454546
941621,2017,0.4166666666666667
941621,2018,0.25
941679,2017,1.25
941679,2018,1.9166666666666667
941683,2017,1.75
941683,2018,1.5
941719,2017,1.0833333333333333
941719,2018,0.08333333333333333
941852,2017,1.8333333333333333
941852,2018,1.25
941865,2017,1.0833333333333333
941865,2018,2.0
941882,2017,1.5
941882,2018,1.5833333333333333
941984,2017,0.5833333333333334
941984,2018,2.25
942017,2017,0.75
942017,2018,0.0
942083,2017,2.4166666666666665
942083,2018,1.25
942102,2017,2.25
942102,2018,0.9166666666666666
942189,2017,0.0
942189,2018,0.5833333333333334
942191,2018,4.636363636363637
942194,2017,0.0
942194,2018,0.25
942287,2017,0.0
942287,2018,0.0
942355,2017,1.5
942355,2018,1.4166666666666667
942403,2017,1.4166666666666667
942403,2018,1.3333333333333333
942413,2017,1.75
942413,2018,1.0
942535,2017,1.5
942535,2018,1.1666666666666667
942601,2017,1.6666666666666667
942601,2018,1.5
942681,2017,1.1666666666666667
942681,2018,1.8333333333333333
942685,2017,0.5
942685,2018,0.0
942703,2017,1.1666666666666667
942703,2018,1.75
942779,2017,1.25
942779,2018,1.4166666666666667
942819,2017,1.5833333333333333
942819,2018,1.75
942926,2017,0.75
942926,2018,1.3333333333333333
942952,2017,0.0
942952,2018,0.0
942984,2017,0.16666666666666666
942984,2018,1.1666666666666667
943048,2017,1.25
943048,2018,1.8333333333333333
943056,2017,0.0
943056,2018,0.0
943068,2017,1.25
943068,2018,1.0833333333333333
943195,2017,1.6666666666666667
943195,2018,0.0
943211,2017,1.4166666666666667
943211,2018,1.0833333333333333
943236,2017,0.0
943236,2018,1.0
943380,2018,8.090909090909092
943393,2017,0.0
943393,2018,0.0
943425,2017,0.0
943425,2018,0.5833333333333334
943460,2017,1.5833333333333333
943460,2018,2.5833333333333335
943553,2017,2.25
943553,2018,1.4166666666666667
943602,2018,3.090909090909091
943647,2018,5.181818181818182
943668,2018,3.6363636363636362
943756,2017,2.6666666666666665
943756,2018,0.3333333333333333
943775,2017,1.9166666666666667
943775,2018,0.9166666666666666
943804,2018,4.909090909090909
943997,2017,0.0
943997,2018,1.1666666666666667
944035,2017,1.5
944035,2018,1.5833333333333333
944093,2017,1.9166666666666667
944093,2018,2.0833333333333335
944124,2017,1.6666666666666667
944124,2018,2.3333333333333335
944243,2018,3.4545454545454546
944261,2017,2.0833333333333335
944261,2018,1.0
944355,2017,1.3333333333333333
944355,2018,2.25
944454,2017,0.0
944454,2018,1.1666666666666667
944491,2017,0.75
944491,2018,0.0
944506,2017,1.3333333333333333
944506,2018,1.1666666666666667
944541,2017,2.0833333333333335
944541,2018,2.0833333333333335
944636,2017,2.0833333333333335
944636,2018,1.5833333333333333
944702,2017,0.4166666666666667
944702,2018,0.9166666666666666
944750,2017,1.5833333333333333
944750,2018,1.8333333333333333
944810,2017,1.5833333333333333
944810,2018,1.5833333333333333
944821,2017,1.1666666666666667
944821,2018,1.25
944855,2017,1.75
944855,2018,1.5
944980,2017,1.4166666666666667
944980,2018,1.75
945014,2017,0.5833333333333334
945014,2018,1.75
945015,2017,1.4166666666666667
945015,2018,2.25
945037,2017,1.0
945037,2018,1.5833333333333333
945050,2017,0.0
945050,2018,0.0
945064,2017,2.0
945064,2018,1.5833333333333333
945091,2017,1.8333333333333333
945091,2018,2.25
945133,2017,1.1666666666666667
945133,2018,1.9166666666666667
945166,2017,2.0833333333333335
945166,2018,2.3333333333333335
945199,2017,0.0
945199,2018,1.75
945379,2017,0.0
945379,2018,1.0833333333333333
945430,2017,1.8333333333333333
945430,2018,1.5
945455,2017,1.1666666666666667
945455,2018,0.0
945479,2017,1.8333333333333333
945479,2018,1.4166666666666667
945485,2017,1.6666666666666667
945485,2018,1.9166666666666667
945703,2018,4.7272727272727275
945761,2017,0.0
945761,2018,0.5833333333333334
945765,2017,1.1666666666666667
945765,2018,1.6666666666666667
945780,2017,1.0833333333333333
945780,2018,2.8333333333333335
945834,2018,3.090909090909091
945974,2017,2.0833333333333335
945974,2018,2.25
945996,2017,2.5
945996,2018,1.4166666666666667
946001,2017,0.75
946001,2018,1.8333333333333333
946061,2017,1.0
946061,2018,1.25
946070,2017,2.0833333333333335
946070,2018,2.0833333333333335
946172,2017,1.5833333333333333
946172,2018,0.4166666666666667
946258,2017,1.3333333333333333
946258,2018,1.3333333333333333
946439,2017,0.0
946439,2018,0.0
946525,2017,2.0833333333333335
946525,2018,1.0
946645,2017,0.16666666666666666
946645,2018,0.0
946771,2017,2.4166666666666665
946771,2018,1.25
946816,2017,2.25
946816,2018,2.3333333333333335
946932,2017,0.0
946932,2018,1.3333333333333333
946956,2017,0.0
946956,2018,0.0
946963,2017,0.5833333333333334
946963,2018,0.0
946998,2017,0.9166666666666666
946998,2018,1.75
947001,2017,2.3333333333333335
947001,2018,1.75
947026,2017,1.75
947026,2018,1.75
947099,2017,0.75
947099,2018,1.3333333333333333
947123,2017,0.0
947123,2018,0.6666666666666666
947158,2017,0.8333333333333334
947158,2018,0.8333333333333334
947234,2017,0.0
947234,2018,2.25
947367,2017,1.5833333333333333
947367,2018,2.5833333333333335
947408,2017,2.0833333333333335
947408,2018,1.5833333333333333
947467,2017,1.4166666666666667
947467,2018,1.8333333333333333
947497,2017,1.0
947497,2018,2.75
947620,2017,1.6666666666666667
947620,2018,0.25
947635,2017,1.0
947635,2018,1.5833333333333333
947641,2017,0.0
947641,2018,2.0
947679,2018,5.090909090909091
947711,2017,1.5
947711,2018,2.25
947750,2018,5.090909090909091
947763,2017,0.0
947763,2018,1.1666666666666667
947778,2017,0.0
947778,2018,0.0
947863,2017,1.9166666666666667
947863,2018,0.9166666666666666
947868,2017,2.0
947868,2018,0.9166666666666666
947876,2017,2.5833333333333335
947876,2018,1.25
947906,2017,2.25
947906,2018,2.4166666666666665
948051,2017,2.0
948051,2018,1.5833333333333333
948053,2017,1.25
948053,2018,2.75
948117,2017,1.6666666666666667
948117,2018,2.0833333333333335
948145,2017,1.5833333333333333
948145,2018,1.25
948325,2017,1.0
948325,2018,0.9166666666666666
948327,2017,0.0
948327,2018,0.5833333333333334
948404,2017,1.3333333333333333
948404,2018,0.4166666666666667
948489,2017,1.8333333333333333
948489,2018,2.0
948576,2017,1.6666666666666667
948576,2018,0.6666666666666666
948591,2017,0.25
948591,2018,1.8333333333333333
948616,2017,1.75
948616,2018,0.9166666666666666
948658,2017,0.0
948658,2018,1.25
948662,2017,1.75
948662,2018,1.5
948693,2017,2.25
948693,2018,0.8333333333333334
948714,2017,2.5
948714,2018,1.3333333333333333
948747,2017,1.5
948747,2018,2.1666666666666665
948783,2017,1.5
948783,2018,1.4166666666666667
948785,2017,1.5833333333333333
948785,2018,1.3333333333333333
948815,2017,1.8333333333333333
948815,2018,1.5833333333333333
948825,2017,2.1666666666666665
948825,2018,1.0
948831,2017,2.0
948831,2018,1.25
948950,2017,1.25
948950,2018,2.0833333333333335
948961,2017,0.0
948961,2018,0.0
949134,2017,2.5
949134,2018,2.1666666666666665
949175,2017,1.0833333333333333
949175,2018,1.9166666666666667
949290,2017,1.5833333333333333
949290,2018,1.6666666666666667
949406,2017,1.0833333333333333
949406,2018,2.1666666666666665
949612,2017,0.0
949612,2018,0.08333333333333333
949628,2017,0.0
949628,2018,0.0
949821,2017,0.0
949821,2018,1.8333333333333333
949829,2017,2.5833333333333335
949829,2018,1.0
949890,2017,1.5833333333333333
949890,2018,1.9166666666666667
949952,2017,2.25
949952,2018,0.5833333333333334
949974,2017,0.0
949974,2018,1.5833333333333333
950029,2017,1.8333333333333333
950029,2018,1.5
950107,2018,2.909090909090909
950193,2017,1.1666666666666667
950193,2018,2.1666666666666665
950213,2017,1.4166666666666667
950213,2018,1.0
950216,2018,3.6363636363636362
950252,2017,0.0
950252,2018,0.3333333333333333
950304,2017,0.0
950304,2018,1.0
950336,2017,1.0
950336,2018,1.75
950356,2017,2.25
950356,2018,1.4166666666666667
950390,2017,0.75
950390,2018,0.0
950391,2017,1.6666666666666667
950391,2018,1.3333333333333333
950393,2017,0.6666666666666666
950393,2018,2.0833333333333335
950403,2017,1.5833333333333333
950403,2018,2.1666666666666665
950437,2017,1.8333333333333333
950437,2018,2.1666666666666665
950445,2017,2.0833333333333335
950445,2018,1.8333333333333333
950446,2017,2.25
950446,2018,1.8333333333333333
950467,2018,6.2727272727272725
950593,2017,1.5
950593,2018,1.4166666666666667
950660,2017,1.1666666666666667
950660,2018,2.0833333333333335
950707,2017,1.3333333333333333
950707,2018,1.6666666666666667
950832,2017,1.9166666666666667
950832,2018,1.25
950896,2017,0.0
950896,2018,0.5833333333333334
950914,2017,0.5
950914,2018,2.6666666666666665
950915,2017,1.5833333333333333
950915,2018,1.6666666666666667
950933,2017,1.75
950933,2018,1.9166666666666667
950947,2017,0.0
950947,2018,0.0
950961,2017,0.0
950961,2018,0.0
950980,2017,0.0
950980,2018,1.380952380952381
951116,2017,0.0
951116,2018,1.25
951226,2017,1.9166666666666667
951226,2018,1.5
951353,2018,2.6315789473684212
951389,2017,1.25
951389,2018,1.0833333333333333
951458,2017,1.75
951458,2018,1.0
951546,2017,0.5
951546,2018,0.9166666666666666
951616,2017,1.1666666666666667
951616,2018,1.3333333333333333
951624,2017,2.1666666666666665
951624,2018,1.8333333333333333
951712,2017,2.4166666666666665
951712,2018,1.6666666666666667
951719,2017,1.1666666666666667
951719,2018,2.4166666666666665
951746,2017,0.0
951746,2018,0.9166666666666666
951781,2017,1.5
951781,2018,1.5
951879,2018,4.363636363636363
951941,2017,1.75
951941,2018,1.5833333333333333
951954,2017,1.1666666666666667
951954,2018,1.5833333333333333
952003,2017,2.0833333333333335
952003,2018,0.25
952026,2017,2.1666666666666665
952026,2018,1.25
952077,2017,1.8333333333333333
952077,2018,1.1666666666666667
952093,2017,1.6666666666666667
952093,2018,1.4166666666666667
952163,2017,0.0
952163,2018,0.0
952222,2017,1.3333333333333333
952222,2018,0.9166666666666666
952244,2017,0.0
952244,2018,0.0
952322,2017,2.4166666666666665
952322,2018,1.1666666666666667
952326,2017,1.75
952326,2018,1.9166666666666667
952393,2017,0.0
952393,2018,1.25
952434,2017,0.0
952434,2018,0.0
952493,2017,2.0833333333333335
952493,2018,1.5833333333333333
952532,2017,0.0
952532,2018,1.0833333333333333
952545,2017,1.0833333333333333
952545,2018,1.3333333333333333
952573,2017,0.16666666666666666
952573,2018,0.16666666666666666
952582,2018,4.090909090909091
952602,2017,0.0
952602,2018,1.5833333333333333
952629,2017,1.5833333333333333
952629,2018,1.6666666666666667
952641,2017,1.25
952641,2018,2.0
952672,2018,5.363636363636363
952696,2017,0.0
952696,2018,1.0833333333333333
952717,2017,2.5833333333333335
952717,2018,1.0833333333333333
952730,2017,2.25
952730,2018,1.5
952859,2017,0.0
952859,2018,0.0
952911,2017,0.0
952911,2018,1.5
952938,2017,1.75
952938,2018,1.5833333333333333
952955,2017,1.8333333333333333
952955,2018,2.3333333333333335
952959,2017,1.9166666666666667
952959,2018,2.1666666666666665
953097,2017,1.5833333333333333
953097,2018,1.3333333333333333
953198,2017,1.75
953198,2018,1.0833333333333333
953210,2017,0.0
953210,2018,1.0833333333333333
953281,2017,0.9166666666666666
953281,2018,1.6666666666666667
953307,2017,0.0
953307,2018,0.5833333333333334
953341,2017,1.6666666666666667
953341,2018,1.9166666666666667
953420,2017,0.0
953420,2018,0.3333333333333333
953431,2017,1.75
953431,2018,1.6666666666666667
953448,2018,4.181818181818182
953612,2017,0.0
953612,2018,1.1666666666666667
953614,2017,1.0
953614,2018,1.75
953673,2017,1.5
953673,2018,1.5833333333333333
953693,2017,1.25
953693,2018,2.5
953757,2017,0.0
953757,2018,0.6666666666666666
953784,2018,4.2727272727272725
953795,2017,1.8333333333333333
953795,2018,1.3333333333333333
953892,2017,0.0
953892,2018,1.6666666666666667
953927,2017,0.0
953927,2018,0.6666666666666666
954174,2017,1.3333333333333333
954174,2018,1.75
954231,2017,1.5833333333333333
954231,2018,1.25
954293,2017,0.0
954293,2018,0.3333333333333333
954329,2017,0.0
954329,2018,1.0833333333333333
954424,2017,1.5
954424,2018,0.8333333333333334
954453,2017,0.9166666666666666
954453,2018,2.0
954454,2017,0.0
954454,2018,0.0
954558,2017,0.9166666666666666
954558,2018,1.1666666666666667
954570,2017,0.5833333333333334
954570,2018,2.0
954587,2017,0.0
954587,2018,0.5833333333333334
954599,2017,0.0
954599,2018,0.0
954718,2017,1.5
954718,2018,0.75
954750,2017,1.75
954750,2018,1.75
954773,2017,0.0
954773,2018,0.0
954836,2017,2.5
954836,2018,1.3333333333333333
954952,2017,2.0833333333333335
954952,2018,1.1666666666666667
954973,2017,2.0833333333333335
954973,2018,1.5833333333333333
955087,2017,0.75
955087,2018,1.5833333333333333
955130,2017,0.0
955130,2018,0.6666666666666666
955138,2017,0.0
955138,2018,0.0
955178,2017,1.25
955178,2018,1.25
955292,2017,0.3333333333333333
955292,2018,1.5833333333333333
955424,2017,1.0
955424,2018,1.8333333333333333
955448,2017,0.0
955448,2018,1.25
955463,2017,1.25
955463,2018,1.8333333333333333
955479,2017,2.25
955479,2018,1.1666666666666667
955533,2017,0.0
955533,2018,0.4166666666666667
955567,2017,0.0
955567,2018,0.5
955633,2017,1.6666666666666667
955633,2018,1.0
955649,2017,1.75
955649,2018,1.0
955652,2017,2.3333333333333335
955652,2018,1.8333333333333333
955666,2017,2.6666666666666665
955666,2018,1.0833333333333333
955716,2017,1.4166666666666667
955716,2018,1.5
955720,2017,2.0833333333333335
955720,2018,2.3333333333333335
955750,2017,1.1666666666666667
955750,2018,1.3333333333333333
955773,2018,3.3636363636363638
955991,2017,1.1666666666666667
955991,2018,1.0
956005,2017,2.8333333333333335
956005,2018,1.6666666666666667
956071,2017,1.5833333333333333
956071,2018,1.6666666666666667
956081,2017,1.0
956081,2018,0.0
956144,2017,2.1666666666666665
956144,2018,1.75
956191,2017,0.4166666666666667
956191,2018,2.5833333333333335
956233,2017,0.0
956233,2018,0.0
956402,2017,1.5833333333333333
956402,2018,1.3333333333333333
956438,2017,2.5
956438,2018,1.5833333333333333
956477,2017,0.9166666666666666
956477,2018,1.75
956558,2017,0.0
956558,2018,2.3333333333333335
956619,2017,0.16666666666666666
956619,2018,2.0
956630,2017,0.0
956630,2018,0.5
956843,2017,1.8333333333333333
956843,2018,0.9166666666666666
956861,2017,2.4166666666666665
956861,2018,1.0833333333333333
956908,2017,1.1666666666666667
956908,2018,1.4166666666666667
956946,2017,1.8333333333333333
956946,2018,2.4166666666666665
957008,2017,0.5
957008,2018,1.8333333333333333
957061,2017,2.5833333333333335
957061,2018,1.75
957127,2017,0.9166666666666666
957127,2018,1.3333333333333333
957214,2017,1.4166666666666667
957214,2018,1.5833333333333333
957276,2017,2.4166666666666665
957276,2018,0.0
957325,2017,0.0
957325,2018,0.25
957377,2017,0.0
957377,2018,0.0
957413,2017,2.25
957413,2018,2.0
957419,2017,0.6666666666666666
957419,2018,1.5
957452,2017,0.9166666666666666
957452,2018,1.75
957557,2017,1.25
957557,2018,1.3333333333333333
957571,2017,1.8333333333333333
957571,2018,1.8333333333333333
957572,2017,1.9166666666666667
957572,2018,1.5
957628,2017,1.6666666666666667
957628,2018,1.9166666666666667
957686,2017,1.4166666666666667
957686,2018,2.0833333333333335
957764,2017,1.25
957764,2018,1.3333333333333333
957881,2017,2.0
957881,2018,1.75
957901,2017,0.0
957901,2018,0.75
957912,2018,7.545454545454546
958005,2017,1.8333333333333333
958005,2018,1.6666666666666667
958026,2017,0.5
958026,2018,1.1666666666666667
958059,2017,2.0
958059,2018,1.9166666666666667
958143,2017,1.4166666666666667
958143,2018,1.75
958224,2017,2.0833333333333335
958224,2018,1.25
958243,2017,2.25
958243,2018,1.75
958274,2017,2.4166666666666665
958274,2018,1.25
958283,2017,0.0
958283,2018,0.4166666666666667
958299,2017,0.3333333333333333
958299,2018,1.6666666666666667
958472,2017,0.5833333333333334
958472,2018,1.75
958491,2017,0.5714285714285714
958491,2018,1.7083333333333333
958518,2017,0.0
958518,2018,0.5833333333333334
958544,2017,1.0
958544,2018,1.5833333333333333
958687,2017,1.25
958687,2018,1.5
958709,2017,1.75
958709,2018,1.6666666666666667
958743,2017,0.0
958743,2018,0.08333333333333333
958767,2017,1.0833333333333333
958767,2018,1.5833333333333333
958791,2017,2.5
958791,2018,1.1666666666666667
958800,2017,1.1666666666666667
958800,2018,0.6666666666666666
958839,2017,0.0
958839,2018,0.75
958869,2017,0.0
958869,2018,0.0
958915,2018,3.8181818181818183
958923,2017,2.25
958923,2018,1.8333333333333333
958931,2017,1.9166666666666667
958931,2018,0.8333333333333334
958941,2018,2.090909090909091
959027,2017,0.0
959027,2018,0.0
959044,2017,1.8333333333333333
959044,2018,0.8333333333333334
959059,2017,0.8333333333333334
959059,2018,1.75
959137,2017,1.5833333333333333
959137,2018,1.6666666666666667
959179,2017,0.0
959179,2018,0.0
959192,2017,1.8333333333333333
959192,2018,1.9166666666666667
959280,2017,1.75
959280,2018,1.5
959364,2017,0.16666666666666666
959364,2018,1.0
959402,2017,1.6666666666666667
959402,2018,2.0
959453,2017,0.0
959453,2018,0.75
959478,2017,0.8333333333333334
959478,2018,1.5
959514,2018,3.1818181818181817
959673,2017,1.25
959673,2018,1.5
959728,2017,0.25
959728,2018,1.5
959778,2017,0.0
959778,2018,0.16666666666666666
959793,2017,1.5833333333333333
959793,2018,2.4166666666666665
959821,2017,2.0833333333333335
959821,2018,1.25
959977,2018,6.090909090909091
960005,2017,1.5
960005,2018,1.25
960050,2017,0.0
960050,2018,0.0
960082,2017,1.6666666666666667
960082,2018,2.4166666666666665
960195,2017,1.8333333333333333
960195,2018,0.4166666666666667
960253,2017,0.0
960253,2018,0.25
960309,2017,0.4166666666666667
960309,2018,0.9166666666666666
960417,2018,5.818181818181818
960441,2017,1.25
960441,2018,2.0833333333333335
960555,2017,0.0
960555,2018,0.0
960629,2017,1.4166666666666667
960629,2018,1.1666666666666667
960678,2017,0.0
960678,2018,0.0
960708,2017,1.5833333333333333
960708,2018,1.5833333333333333
960761,2017,0.0
960761,2018,0.0
960913,2017,2.3333333333333335
960913,2018,1.25
960934,2017,1.0833333333333333
960934,2018,1.75
960959,2017,0.0
960959,2018,0.0
961177,2017,0.25
961177,2018,1.4166666666666667
961213,2017,0.0
961213,2018,0.9166666666666666
961218,2017,1.0833333333333333
961218,2018,1.5
961264,2018,0.0
961331,2017,1.4166666666666667
961331,2018,1.4166666666666667
961427,2017,1.25
961427,2018,1.5
961440,2017,0.0
961440,2018,0.0
961455,2017,0.0
961455,2018,0.0
961463,2018,3.3636363636363638
961512,2017,0.0
961512,2018,0.0
961533,2017,0.6666666666666666
961533,2018,1.5
961595,2017,1.5833333333333333
961595,2018,0.8333333333333334
961639,2017,2.3333333333333335
961639,2018,0.4166666666666667
961650,2017,0.5833333333333334
961650,2018,0.0
961682,2017,1.0
961682,2018,1.25
961837,2017,1.5
961837,2018,1.75
961961,2017,1.4166666666666667
961961,2018,0.6666666666666666
961965,2017,1.1666666666666667
961965,2018,1.75
961978,2017,2.0
961978,2018,1.75
962011,2017,1.75
962011,2018,1.5
962055,2017,0.0
962055,2018,0.0
962267,2017,0.3333333333333333
962267,2018,1.1666666666666667
962278,2018,4.545454545454546
962455,2017,2.4166666666666665
962455,2018,1.75
962472,2017,0.0
962472,2018,0.3333333333333333
962480,2018,0.0
962566,2017,0.0
962566,2018,2.0
962600,2017,0.0
962600,2018,0.0
962637,2017,0.9166666666666666
962637,2018,1.4166666666666667
962657,2017,1.9166666666666667
962657,2018,1.25
962661,2017,1.5
962661,2018,1.8333333333333333
962730,2017,0.6666666666666666
962730,2018,1.75
962801,2017,1.1666666666666667
962801,2018,1.3333333333333333
962989,2017,1.1666666666666667
962989,2018,2.3333333333333335
963016,2017,1.8333333333333333
963016,2018,1.9166666666666667
963036,2017,0.5833333333333334
963036,2018,2.8333333333333335
963067,2017,1.1666666666666667
963067,2018,2.75
963100,2017,1.6666666666666667
963100,2018,1.0833333333333333
963170,2017,0.0
963170,2018,0.5833333333333334
963410,2017,1.6666666666666667
963410,2018,1.0833333333333333
963464,2017,1.25
963464,2018,1.6666666666666667
963473,2017,2.0
963473,2018,1.1666666666666667
963487,2017,2.0833333333333335
963487,2018,1.5833333333333333
963502,2017,1.75
963502,2018,1.3333333333333333
963523,2017,1.1666666666666667
963523,2018,1.5
963541,2017,0.0
963541,2018,1.9166666666666667
963595,2017,0.9166666666666666
963595,2018,1.3333333333333333
963619,2018,5.909090909090909
963642,2017,0.75
963642,2018,1.75
963644,2017,0.0
963644,2018,2.25
963690,2017,0.0
963690,2018,1.8333333333333333
963757,2017,1.8333333333333333
963757,2018,0.75
963814,2017,1.9166666666666667
963814,2018,2.1666666666666665
963921,2017,0.0
963921,2018,0.0
963985,2017,1.5
963985,2018,1.25
964047,2017,1.25
964047,2018,0.5
964151,2017,1.0
964151,2018,1.3333333333333333
964159,2017,1.5
964159,2018,2.1666666666666665
964206,2017,0.0
964206,2018,0.5
964744,2017,0.25
964744,2018,1.1666666666666667
964789,2017,1.9166666666666667
964789,2018,1.75
964791,2017,0.0
964791,2018,1.3333333333333333
965012,2017,2.6666666666666665
965012,2018,1.6666666666666667
965066,2017,0.0
965066,2018,1.5
965079,2017,1.4166666666666667
965079,2018,1.5833333333333333
965116,2017,0.25
965116,2018,1.9166666666666667
965154,2017,0.0
965154,2018,0.8333333333333334
965254,2018,4.818181818181818
965482,2017,1.0
965482,2018,1.75
965590,2017,1.3333333333333333
965590,2018,1.8333333333333333
965605,2017,1.5909090909090908
965605,2018,1.6666666666666667
965674,2017,1.5
965674,2018,1.9166666666666667
965688,2017,1.5
965688,2018,1.1666666666666667
965691,2017,0.0
965691,2018,0.0
965698,2017,0.8333333333333334
965698,2018,2.25
965713,2017,1.5
965713,2018,1.6666666666666667
965751,2017,0.0
965751,2018,1.0833333333333333
965758,2017,0.5
965758,2018,1.75
965948,2017,2.25
965948,2018,1.75
966059,2017,2.4166666666666665
966059,2018,1.8333333333333333
966089,2017,0.0
966089,2018,0.4166666666666667
966117,2017,0.6666666666666666
966117,2018,2.25
966142,2017,0.0
966142,2018,1.5
966204,2017,0.4166666666666667
966204,2018,1.3333333333333333
966210,2018,6.090909090909091
966227,2017,0.0
966227,2018,1.4166666666666667
966285,2017,0.8333333333333334
966285,2018,1.4166666666666667
966350,2017,0.4166666666666667
966350,2018,0.0
966372,2017,1.75
966372,2018,2.3333333333333335
966389,2017,1.3333333333333333
966389,2018,1.8333333333333333
966391,2017,0.4166666666666667
966391,2018,1.8333333333333333
966512,2017,0.4166666666666667
966512,2018,1.0
966580,2017,1.0
966580,2018,1.6666666666666667
966688,2017,0.0
966688,2018,0.0
966698,2017,0.16666666666666666
966698,2018,0.8333333333333334
966729,2017,1.0833333333333333
966729,2018,2.25
966797,2017,1.5833333333333333
966797,2018,1.75
966891,2017,1.25
966891,2018,1.4166666666666667
966920,2017,0.3333333333333333
966920,2018,1.25
966949,2017,0.0
966949,2018,0.0
966953,2017,1.0833333333333333
966953,2018,1.5833333333333333
967017,2017,2.3333333333333335
967017,2018,3.0833333333333335
967032,2017,0.16666666666666666
967032,2018,1.25
967035,2017,1.9166666666666667
967035,2018,2.5
967093,2017,1.3333333333333333
967093,2018,1.1666666666666667
967150,2017,1.75
967150,2018,1.1666666666666667
967233,2017,0.0
967233,2018,0.0
967241,2017,1.9166666666666667
967241,2018,2.0833333333333335
967253,2017,1.5833333333333333
967253,2018,0.0
967274,2017,0.0
967274,2018,1.25
967298,2017,1.5
967298,2018,2.4166666666666665
967300,2018,3.272727272727273
967347,2017,0.0
967347,2018,2.0833333333333335
967443,2017,1.1666666666666667
967443,2018,1.25
967462,2017,1.25
967462,2018,1.6666666666666667
967490,2017,1.25
967490,2018,0.75
967500,2018,2.5454545454545454
967502,2017,0.0
967502,2018,1.1666666666666667
967628,2017,0.9166666666666666
967628,2018,2.1666666666666665
967634,2017,0.0
967634,2018,0.08333333333333333
967637,2017,1.25
967637,2018,1.9166666666666667
967693,2017,1.1666666666666667
967693,2018,0.0
967727,2017,0.0
967727,2018,0.6666666666666666
967738,2017,0.0
967738,2018,0.0
967772,2017,1.5
967772,2018,2.1666666666666665
967819,2017,0.0
967819,2018,0.0
967838,2017,1.25
967838,2018,1.9166666666666667
967883,2017,1.9166666666666667
967883,2018,1.75
967904,2017,1.6666666666666667
967904,2018,1.5833333333333333
967966,2017,1.5833333333333333
967966,2018,1.5833333333333333
968034,2017,1.8181818181818181
968034,2018,1.9047619047619047
968064,2017,0.0
968064,2018,2.1666666666666665
968090,2017,1.5833333333333333
968090,2018,1.4166666666666667
968225,2017,1.9166666666666667
968225,2018,1.1666666666666667
968253,2017,1.0
968253,2018,1.6666666666666667
968312,2017,0.75
968312,2018,2.5
968325,2017,1.0833333333333333
968325,2018,2.25
968370,2017,2.6666666666666665
968370,2018,2.0833333333333335
968447,2017,1.9166666666666667
968447,2018,1.5833333333333333
968450,2017,1.25
968450,2018,1.4166666666666667
968484,2017,0.5833333333333334
968484,2018,2.0833333333333335
968497,2017,1.25
968497,2018,1.1666666666666667
968608,2017,2.5
968608,2018,2.3333333333333335
968632,2017,2.0
968632,2018,1.5
968638,2017,0.3333333333333333
968638,2018,1.8333333333333333
968666,2017,0.3333333333333333
968666,2018,2.1666666666666665
968671,2017,1.75
968671,2018,1.4166666666666667
968764,2018,3.090909090909091
968807,2017,1.0833333333333333
968807,2018,2.3333333333333335
968828,2017,0.0
968828,2018,1.0
968842,2017,0.3333333333333333
968842,2018,0.0
968867,2017,0.0
968867,2018,0.0
968943,2017,0.8333333333333334
968943,2018,1.4166666666666667
969053,2017,1.3333333333333333
969053,2018,1.1666666666666667
969092,2017,2.1666666666666665
969092,2018,2.4166666666666665
969165,2018,3.4545454545454546
969219,2017,0.0
969219,2018,0.25
969277,2017,1.3333333333333333
969277,2018,0.5
969313,2017,3.1666666666666665
969313,2018,1.3333333333333333
969318,2017,1.5
969318,2018,1.9047619047619047
969342,2017,1.1666666666666667
969342,2018,1.5
969350,2017,1.1666666666666667
969350,2018,1.5833333333333333
969360,2017,1.3333333333333333
969360,2018,1.9166666666666667
969378,2017,1.5833333333333333
969378,2018,0.75
969483,2017,0.75
969483,2018,2.0
969485,2017,0.9166666666666666
969485,2018,0.9166666666666666
969500,2017,1.75
969500,2018,1.0
969586,2017,2.5
969586,2018,1.75
969616,2017,1.25
969616,2018,1.25
969617,2018,4.545454545454546
969626,2017,0.9166666666666666
969626,2018,1.8333333333333333
969632,2017,1.1666666666666667
969632,2018,1.6666666666666667
969653,2017,1.5833333333333333
969653,2018,0.16666666666666666
969687,2017,1.4166666666666667
969687,2018,1.4166666666666667
969689,2017,2.4166666666666665
969689,2018,1.25
969719,2017,0.08333333333333333
969719,2018,0.0
969732,2017,1.75
969732,2018,1.8333333333333333
969764,2017,1.9166666666666667
969764,2018,1.5
969800,2017,0.0
969800,2018,0.0
969810,2017,1.5833333333333333
969810,2018,1.25
969860,2017,0.0
969860,2018,0.0
969913,2017,1.9166666666666667
969913,2018,1.9166666666666667
969924,2017,2.6666666666666665
969924,2018,1.1666666666666667
969933,2017,1.5833333333333333
969933,2018,1.9166666666666667
969938,2017,0.9166666666666666
969938,2018,1.3333333333333333
970014,2017,0.0
970014,2018,0.9166666666666666
970092,2017,1.5833333333333333
970092,2018,1.4166666666666667
970102,2017,1.75
970102,2018,2.0
970152,2017,0.0
970152,2018,0.5
970154,2017,2.1666666666666665
970154,2018,1.9166666666666667
970195,2017,1.1666666666666667
970195,2018,1.75
970351,2018,5.363636363636363
970401,2017,0.0
970401,2018,0.0
970576,2017,0.25
970576,2018,1.1666666666666667
970637,2017,1.25
970637,2018,1.25
970639,2017,1.25
970639,2018,2.25
970706,2017,1.3333333333333333
970706,2018,2.5
970746,2017,3.3333333333333335
970746,2018,1.5
970783,2017,0.25
970783,2018,1.5
970964,2017,2.0
970964,2018,0.8333333333333334
970976,2017,0.8333333333333334
970976,2018,2.6666666666666665
971030,2017,0.0
971030,2018,0.0
971097,2017,1.25
971097,2018,1.75
971107,2017,1.75
971107,2018,1.9166666666666667
971142,2017,2.1666666666666665
971142,2018,2.0
971157,2017,1.5
971157,2018,0.9166666666666666
971164,2017,1.6666666666666667
971164,2018,2.3333333333333335
971318,2017,2.1666666666666665
971318,2018,1.5
971370,2017,1.6666666666666667
971370,2018,1.4090909090909092
971488,2017,1.75
971488,2018,2.0833333333333335
971528,2017,1.75
971528,2018,1.6666666666666667
971581,2017,2.0
971581,2018,1.5833333333333333
971582,2017,1.1666666666666667
971582,2018,1.6666666666666667
971599,2017,1.0833333333333333
971599,2018,1.0
971608,2017,0.08333333333333333
971608,2018,0.0
971609,2017,0.0
971609,2018,1.5833333333333333
971627,2017,1.5
971627,2018,1.3333333333333333
971637,2017,1.0833333333333333
971637,2018,2.1666666666666665
971670,2018,3.272727272727273
971902,2017,0.0
971902,2018,0.0
971987,2017,1.4166666666666667
971987,2018,2.3333333333333335
972121,2017,2.3333333333333335
972121,2018,1.5833333333333333
972129,2017,1.6666666666666667
972129,2018,1.75
972157,2017,1.75
972157,2018,2.1666666666666665
972222,2017,0.75
972222,2018,2.0
972298,2017,1.4166666666666667
972298,2018,1.8333333333333333
972462,2018,0.0
972581,2017,1.3333333333333333
972581,2018,1.0
972636,2017,1.25
972636,2018,1.1666666666666667
972648,2018,6.454545454545454
972671,2017,0.5
972671,2018,0.0
972673,2017,1.0
972673,2018,2.4166666666666665
972686,2017,1.3636363636363635
972686,2018,1.95
972732,2017,2.75
972732,2018,2.1666666666666665
972787,2017,0.0
972787,2018,1.5
972791,2017,0.0
972791,2018,1.0833333333333333
972795,2017,1.0833333333333333
972795,2018,1.3333333333333333
972954,2017,0.0
972954,2018,1.3333333333333333
972964,2017,0.0
972964,2018,1.6666666666666667
972994,2017,2.0833333333333335
972994,2018,1.9166666666666667
973059,2017,0.0
973059,2018,0.3333333333333333
973060,2017,2.3333333333333335
973060,2018,0.08333333333333333
973070,2017,0.0
973070,2018,0.0
973104,2017,0.0
973104,2018,0.5833333333333334
973111,2017,2.0
973111,2018,1.3333333333333333
973112,2017,1.5833333333333333
973112,2018,1.5
973168,2017,1.6666666666666667
973168,2018,1.75
973357,2017,2.0
973357,2018,1.75
973407,2017,0.0
973407,2018,0.5833333333333334
973485,2017,1.75
973485,2018,1.8333333333333333
973524,2017,2.1666666666666665
973524,2018,1.1666666666666667
973609,2017,0.0
973609,2018,0.08333333333333333
973728,2017,1.5
973728,2018,1.6666666666666667
973846,2018,5.0
973860,2017,1.75
973860,2018,1.6666666666666667
973897,2017,1.0
973897,2018,1.5833333333333333
973921,2017,0.6666666666666666
973921,2018,1.8333333333333333
973951,2017,1.75
973951,2018,1.25
974041,2017,2.5833333333333335
974041,2018,0.9166666666666666
974114,2017,1.8333333333333333
974114,2018,2.0833333333333335
974189,2017,0.0
974189,2018,0.0
974209,2017,1.8333333333333333
974209,2018,0.6666666666666666
974265,2018,2.0
974330,2017,1.3333333333333333
974330,2018,2.0833333333333335
974441,2017,1.1666666666666667
974441,2018,0.16666666666666666
974500,2017,2.25
974500,2018,1.25
974606,2017,1.1666666666666667
974606,2018,1.8333333333333333
974617,2017,1.5
974617,2018,2.25
974630,2017,1.6666666666666667
974630,2018,1.5833333333333333
974715,2017,0.0
974715,2018,0.5
974738,2017,0.0
974738,2018,0.0
974758,2018,4.363636363636363
974777,2017,2.4166666666666665
974777,2018,1.75
974829,2017,0.16666666666666666
974829,2018,2.0833333333333335
974848,2017,0.0
974848,2018,1.0
974875,2017,1.2608695652173914
974875,2018,2.0
975181,2017,0.3333333333333333
975181,2018,1.0
975199,2017,1.75
975199,2018,1.6666666666666667
975212,2017,0.0
975212,2018,0.0
975218,2017,0.0
975218,2018,0.75
975298,2017,1.75
975298,2018,1.9166666666666667
975309,2017,1.75
975309,2018,1.5833333333333333
975387,2017,2.0
975387,2018,1.75
975407,2017,0.9166666666666666
975407,2018,1.6666666666666667
975412,2017,1.6666666666666667
975412,2018,1.5833333333333333
975466,2017,0.0
975466,2018,0.3333333333333333
975477,2017,1.5833333333333333
975477,2018,1.75
975497,2017,1.9166666666666667
975497,2018,0.75
975531,2017,0.0
975531,2018,0.16666666666666666
975613,2017,1.0
975613,2018,0.0
975614,2017,1.5833333333333333
975614,2018,2.1666666666666665
975692,2017,0.0
975692,2018,0.0
975749,2017,2.25
975749,2018,2.4166666666666665
975767,2017,1.8333333333333333
975767,2018,1.5833333333333333
975846,2017,2.0833333333333335
975846,2018,1.3333333333333333
975918,2017,1.9166666666666667
975918,2018,3.0
975944,2017,1.25
975944,2018,1.4166666666666667
975949,2017,1.5
975949,2018,2.0833333333333335
976004,2017,0.0
976004,2018,0.75
976007,2017,1.75
976007,2018,1.25
976153,2017,2.0
976153,2018,1.75
976307,2017,1.3333333333333333
976307,2018,2.0833333333333335
976330,2017,0.0
976330,2018,0.0
976413,2017,2.5
976413,2018,1.3333333333333333
976423,2017,3.25
976423,2018,1.8333333333333333
976489,2017,0.3333333333333333
976489,2018,1.5833333333333333
976513,2017,1.8333333333333333
976513,2018,1.8333333333333333
976529,2017,1.5
976529,2018,1.0
976596,2017,1.25
976596,2018,2.5833333333333335
976605,2017,1.75
976605,2018,1.25
976623,2017,2.0833333333333335
976623,2018,1.5
976636,2017,1.25
976636,2018,1.3333333333333333
976695,2017,2.3333333333333335
976695,2018,0.9166666666666666
976700,2017,1.0833333333333333
976700,2018,1.25
976831,2017,0.0
976831,2018,0.0
976834,2017,0.0
976834,2018,0.25
977037,2017,0.0
977037,2018,0.5
977080,2017,1.6666666666666667
977080,2018,1.6666666666666667
977178,2017,1.6666666666666667
977178,2018,0.8333333333333334
977236,2017,0.0
977236,2018,0.4166666666666667
977244,2017,1.4166666666666667
977244,2018,2.5
977274,2017,1.3333333333333333
977274,2018,2.1666666666666665
977303,2017,1.1666666666666667
977303,2018,1.9166666666666667
977305,2017,1.1666666666666667
977305,2018,1.75
977363,2017,0.25
977363,2018,1.0
977377,2017,1.8333333333333333
977377,2018,0.0
977523,2017,2.1666666666666665
977523,2018,1.5
977550,2017,1.4166666666666667
977550,2018,1.1666666666666667
977676,2017,0.0
977676,2018,0.4166666666666667
977693,2018,3.090909090909091
977916,2017,1.9166666666666667
977916,2018,1.75
978040,2017,0.0
978040,2018,0.8333333333333334
978048,2017,0.4166666666666667
978048,2018,1.0833333333333333
978130,2017,1.4166666666666667
978130,2018,1.6666666666666667
978349,2017,1.8333333333333333
978349,2018,1.0833333333333333
978484,2017,1.8333333333333333
978484,2018,1.5833333333333333
978654,2017,1.3333333333333333
978654,2018,1.5833333333333333
978676,2017,1.75
978676,2018,2.1666666666666665
978712,2017,0.0
978712,2018,0.08333333333333333
978907,2017,0.0
978907,2018,0.0
978934,2017,0.0
978934,2018,0.0
979010,2017,1.5833333333333333
979010,2018,1.4166666666666667
979053,2017,1.3333333333333333
979053,2018,1.5833333333333333
979075,2018,4.909090909090909
979115,2017,0.14285714285714285
979115,2018,1.3636363636363635
979135,2018,3.6363636363636362
979168,2017,0.0
979168,2018,0.0
979262,2017,2.0
979262,2018,0.8333333333333334
979309,2017,2.0833333333333335
979309,2018,0.5833333333333334
979330,2017,0.9166666666666666
979330,2018,0.0
979355,2017,2.0
979355,2018,1.5
979389,2017,2.5833333333333335
979389,2018,1.0833333333333333
979449,2017,2.0
979449,2018,0.0
979467,2017,0.9166666666666666
979467,2018,2.0833333333333335
979548,2017,2.1666666666666665
979548,2018,1.6666666666666667
979575,2017,2.0
979575,2018,1.75
979598,2017,2.0833333333333335
979598,2018,1.1666666666666667
979634,2017,2.4166666666666665
979634,2018,1.0
979639,2017,2.4166666666666665
979639,2018,1.8333333333333333
979644,2017,1.9166666666666667
979644,2018,1.6666666666666667
979703,2017,1.6666666666666667
979703,2018,1.75
979776,2017,2.6666666666666665
979776,2018,1.5833333333333333
979901,2017,0.9166666666666666
979901,2018,1.1666666666666667
979983,2017,0.16666666666666666
979983,2018,2.1666666666666665
980145,2017,0.0
980145,2018,0.0
980198,2017,1.0833333333333333
980198,2018,0.8333333333333334
980338,2017,1.0833333333333333
980338,2018,2.4166666666666665
980414,2017,1.1666666666666667
980414,2018,1.5833333333333333
980478,2017,0.75
980478,2018,2.1666666666666665
980494,2017,0.0
980494,2018,0.9166666666666666
980575,2017,1.5
980575,2018,1.3333333333333333
980651,2017,1.25
980651,2018,2.0
980761,2017,1.9166666666666667
980761,2018,1.4166666666666667
980788,2018,7.7272727272727275
980837,2017,0.3333333333333333
980837,2018,1.3333333333333333
980856,2017,2.0
980856,2018,1.25
980915,2017,1.0
980915,2018,1.4166666666666667
980935,2017,1.1666666666666667
980935,2018,1.25
980952,2017,1.5833333333333333
980952,2018,1.0
981091,2017,1.5833333333333333
981091,2018,2.8333333333333335
981117,2017,0.5833333333333334
981117,2018,1.3333333333333333
981150,2017,2.0833333333333335
981150,2018,1.9166666666666667
981160,2017,2.4166666666666665
981160,2018,1.8333333333333333
981195,2017,1.5833333333333333
981195,2018,1.0833333333333333
981198,2017,0.0
981198,2018,0.75
981201,2017,1.6666666666666667
981201,2018,1.5
981220,2017,0.75
981220,2018,0.0
981304,2017,2.1666666666666665
981304,2018,0.9166666666666666
981343,2017,1.9166666666666667
981343,2018,1.4166666666666667
981395,2017,1.8333333333333333
981395,2018,2.25
981427,2017,2.5
981427,2018,1.0833333333333333
981434,2017,1.0833333333333333
981434,2018,2.0833333333333335
981508,2017,0.0
981508,2018,1.6842105263157894
981536,2017,1.8333333333333333
981536,2018,2.75
981581,2017,1.6666666666666667
981581,2018,2.0
981664,2017,2.4166666666666665
981664,2018,1.9166666666666667
981674,2017,1.5
981674,2018,1.9166666666666667
981691,2017,1.25
981691,2018,1.0
981737,2017,1.0833333333333333
981737,2018,1.5
981848,2017,1.4166666666666667
981848,2018,2.0833333333333335
981851,2017,1.25
981851,2018,1.8333333333333333
981920,2017,1.5
981920,2018,1.9166666666666667
982017,2017,2.5
982017,2018,0.6666666666666666
982059,2017,1.5833333333333333
982059,2018,1.1666666666666667
982096,2017,1.25
982096,2018,1.5833333333333333
982202,2017,0.0
982202,2018,1.5833333333333333
982296,2017,1.0833333333333333
982296,2018,1.5833333333333333
982416,2017,1.5
982416,2018,1.8333333333333333
982433,2018,4.2727272727272725
982446,2017,1.0833333333333333
982446,2018,1.25
982501,2017,0.0
982501,2018,1.75
982508,2017,1.25
982508,2018,1.4166666666666667
982528,2017,0.25
982528,2018,0.3333333333333333
982535,2017,1.4166666666666667
982535,2018,1.25
982542,2017,1.0833333333333333
982542,2018,0.0
982543,2017,0.0
982543,2018,0.25
982578,2017,1.9166666666666667
982578,2018,2.1666666666666665
982608,2017,0.75
982608,2018,0.0
982715,2017,1.6666666666666667
982715,2018,1.0833333333333333
982895,2017,0.0
982895,2018,0.0
982969,2017,1.6666666666666667
982969,2018,1.75
983130,2018,7.2727272727272725
983199,2017,0.0
983199,2018,0.4166666666666667
983242,2017,2.5
983242,2018,1.6666666666666667
983353,2017,0.0
983353,2018,0.0
983393,2017,1.0
983393,2018,0.75
983416,2018,9.090909090909092
983440,2017,0.0
983440,2018,0.0
983450,2017,0.0
983450,2018,0.0
983524,2018,6.454545454545454
983551,2017,1.8333333333333333
983551,2018,0.75
983713,2017,1.1666666666666667
983713,2018,1.5
983809,2018,6.181818181818182
983810,2017,0.0
983810,2018,0.0
983822,2017,1.25
983822,2018,2.4166666666666665
983855,2017,0.0
983855,2018,1.25
983872,2017,0.0
983872,2018,0.6666666666666666
983900,2017,1.3333333333333333
983900,2018,2.4166666666666665
983968,2017,1.9166666666666667
983968,2018,2.0833333333333335
984055,2018,2.0
984086,2017,1.6666666666666667
984086,2018,1.5833333333333333
984115,2017,1.6666666666666667
984115,2018,0.6666666666666666
984180,2017,0.0
984180,2018,0.0
984290,2017,0.3333333333333333
984290,2018,1.4166666666666667
984409,2017,1.5
984409,2018,1.5833333333333333
984429,2017,1.75
984429,2018,1.4166666666666667
984545,2017,2.1666666666666665
984545,2018,1.3333333333333333
984636,2017,1.3333333333333333
984636,2018,1.5833333333333333
984713,2017,0.0
984713,2018,0.4166666666666667
984798,2017,2.0833333333333335
984798,2018,1.4166666666666667
984824,2018,4.0
984878,2017,0.8333333333333334
984878,2018,1.5833333333333333
984968,2017,0.0
984968,2018,0.0
985115,2017,0.0
985115,2018,1.1666666666666667
985183,2017,1.8333333333333333
985183,2018,1.8333333333333333
985211,2017,0.9166666666666666
985211,2018,1.3333333333333333
985266,2017,2.0
985266,2018,1.8333333333333333
985320,2017,0.4166666666666667
985320,2018,0.0
985341,2017,1.6666666666666667
985341,2018,1.6666666666666667
985374,2017,1.75
985374,2018,1.5
985427,2017,0.16666666666666666
985427,2018,0.0
985516,2017,1.4166666666666667
985516,2018,1.4166666666666667
985622,2017,0.0
985622,2018,0.0
985707,2017,0.0
985707,2018,1.4166666666666667
985757,2017,1.4166666666666667
985757,2018,2.0
985765,2017,2.5
985765,2018,1.0833333333333333
985839,2017,0.6666666666666666
985839,2018,2.0
986018,2017,1.6666666666666667
986018,2018,1.0
986055,2017,1.8333333333333333
986055,2018,1.5
986086,2017,1.9166666666666667
986086,2018,1.5833333333333333
986126,2017,0.0
986126,2018,0.0
986143,2017,1.3333333333333333
986143,2018,1.75
986208,2017,0.75
986208,2018,1.5833333333333333
986217,2017,2.1666666666666665
986217,2018,1.4166666666666667
986288,2017,2.25
986288,2018,2.0
986421,2017,0.5833333333333334
986421,2018,1.4166666666666667
986461,2017,0.3333333333333333
986461,2018,1.75
986507,2017,0.6666666666666666
986507,2018,1.9166666666666667
986551,2017,1.75
986551,2018,2.0833333333333335
986623,2017,0.4166666666666667
986623,2018,1.1666666666666667
986792,2018,3.0
986825,2017,1.1666666666666667
986825,2018,0.9166666666666666
987122,2017,1.3333333333333333
987122,2018,1.9166666666666667
987153,2017,1.5
987153,2018,1.3333333333333333
987171,2017,1.8333333333333333
987171,2018,1.4166666666666667
987205,2017,1.3333333333333333
987205,2018,1.1666666666666667
987221,2017,1.5
987221,2018,1.6666666666666667
987347,2017,1.5833333333333333
987347,2018,1.1666666666666667
987425,2017,2.1666666666666665
987425,2018,1.1666666666666667
987482,2017,1.0833333333333333
987482,2018,1.25
987530,2017,1.0
987530,2018,1.75
987612,2017,1.8333333333333333
987612,2018,1.8333333333333333
987921,2017,1.75
987921,2018,2.25
987978,2017,0.0
987978,2018,1.9166666666666667
988043,2017,1.1666666666666667
988043,2018,1.75
988149,2017,0.25
988149,2018,1.4166666666666667
988178,2017,3.1666666666666665
988178,2018,2.0833333333333335
988223,2017,0.0
988223,2018,0.25
988234,2017,0.0
988234,2018,0.0
988249,2017,1.8333333333333333
988249,2018,1.0833333333333333
988307,2017,1.5833333333333333
988307,2018,3.0833333333333335
988345,2017,1.3333333333333333
988345,2018,2.5833333333333335
988392,2017,2.0
988392,2018,1.8095238095238095
988419,2018,3.272727272727273
988510,2017,1.5
988510,2018,1.4166666666666667
988552,2017,0.0
988552,2018,0.0
988594,2017,0.0
988594,2018,1.3333333333333333
988638,2017,1.4166666666666667
988638,2018,1.5833333333333333
988691,2017,0.8333333333333334
988691,2018,1.5833333333333333
988728,2018,3.4545454545454546
988839,2017,0.0
988839,2018,0.0
988921,2017,1.9166666666666667
988921,2018,1.5
988927,2017,0.0
988927,2018,0.0
989040,2017,0.0
989040,2018,0.0
989048,2017,2.5833333333333335
989048,2018,1.1666666666666667
989067,2017,0.0
989067,2018,0.5833333333333334
989081,2017,0.0
989081,2018,0.0
989134,2017,2.25
989134,2018,1.3333333333333333
989148,2017,0.6666666666666666
989148,2018,1.5833333333333333
989154,2017,1.9166666666666667
989154,2018,0.8333333333333334
989220,2017,0.0
989220,2018,0.0
989256,2017,1.3333333333333333
989256,2018,1.5833333333333333
989262,2017,0.3333333333333333
989262,2018,1.5833333333333333
989406,2018,2.6363636363636362
989429,2017,0.0
989429,2018,0.0
989473,2017,1.4166666666666667
989473,2018,0.16666666666666666
989478,2017,1.9166666666666667
989478,2018,1.5
989527,2018,3.090909090909091
989528,2017,0.3076923076923077
989528,2018,1.7826086956521738
989568,2017,0.6666666666666666
989568,2018,0.9166666666666666
989658,2017,0.0
989658,2018,0.0
989666,2017,1.8333333333333333
989666,2018,1.5
989746,2017,1.4166666666666667
989746,2018,1.25
989802,2017,2.1666666666666665
989802,2018,2.4166666666666665
989816,2017,2.0
989816,2018,1.6666666666666667
989837,2017,0.0
989837,2018,0.4166666666666667
989986,2017,1.25
989986,2018,1.8333333333333333
990077,2017,2.0
990077,2018,1.3333333333333333
990122,2017,0.0
990122,2018,0.0
990204,2017,1.6666666666666667
990204,2018,1.5
990218,2017,0.8333333333333334
990218,2018,1.6666666666666667
990268,2017,1.8333333333333333
990268,2018,1.9166666666666667
990512,2017,0.0
990512,2018,0.7333333333333333
990595,2017,1.3333333333333333
990595,2018,1.25
990598,2017,1.3333333333333333
990598,2018,1.4166666666666667
990728,2017,0.0
990728,2018,0.3333333333333333
990905,2017,2.0833333333333335
990905,2018,1.6666666666666667
990918,2017,1.0833333333333333
990918,2018,1.9166666666666667
990933,2017,0.8333333333333334
990933,2018,2.5833333333333335
990947,2017,0.0
990947,2018,0.0
990955,2017,1.9166666666666667
990955,2018,1.75
991050,2017,1.0833333333333333
991050,2018,1.4166666666666667
991056,2017,0.75
991056,2018,0.9166666666666666
991084,2017,1.0
991084,2018,1.3333333333333333
991090,2017,1.0833333333333333
991090,2018,1.0
991189,2017,0.0
991189,2018,0.3333333333333333
991210,2017,0.8333333333333334
991210,2018,0.0
991213,2017,0.0
991213,2018,1.25
991230,2017,1.6666666666666667
991230,2018,2.5
991275,2017,0.0
991275,2018,0.0
991356,2017,1.9166666666666667
991356,2018,1.4166666666666667
991371,2017,0.0
991371,2018,0.0
991419,2017,0.16666666666666666
991419,2018,1.0833333333333333
991442,2017,1.4166666666666667
991442,2018,0.6666666666666666
991529,2017,2.0833333333333335
991529,2018,2.1666666666666665
991568,2017,2.6666666666666665
991568,2018,1.3333333333333333
991627,2017,0.0
991627,2018,0.4166666666666667
991638,2017,0.75
991638,2018,1.5
991672,2017,1.0833333333333333
991672,2018,1.6666666666666667
991893,2017,2.6666666666666665
991893,2018,2.0
991924,2017,2.0833333333333335
991924,2018,2.0
991983,2017,0.25
991983,2018,0.0
992002,2017,1.0833333333333333
992002,2018,1.75
992028,2017,2.0833333333333335
992028,2018,2.0833333333333335
992065,2017,0.25
992065,2018,0.5833333333333334
992072,2017,1.75
992072,2018,2.5
992168,2017,1.7619047619047619
992168,2018,1.7619047619047619
992194,2017,1.25
992194,2018,1.5833333333333333
992268,2017,1.6666666666666667
992268,2018,0.8333333333333334
992476,2017,1.3333333333333333
992476,2018,1.3333333333333333
992488,2017,0.9166666666666666
992488,2018,1.0
992499,2017,0.0
992499,2018,0.25
992524,2017,1.5
992524,2018,0.4166666666666667
992538,2017,1.4166666666666667
992538,2018,0.5833333333333334
992542,2017,0.0
992542,2018,0.0
992631,2017,0.0
992631,2018,0.0
992769,2017,0.0
992769,2018,1.3333333333333333
992854,2017,1.3333333333333333
992854,2018,1.1666666666666667
992886,2017,0.8333333333333334
992886,2018,0.6666666666666666
992930,2017,1.75
992930,2018,1.0833333333333333
992985,2017,0.9166666666666666
992985,2018,2.0833333333333335
992986,2017,1.0833333333333333
992986,2018,2.4166666666666665
993054,2017,2.3333333333333335
993054,2018,2.0833333333333335
993058,2017,1.0833333333333333
993058,2018,1.3333333333333333
993170,2018,7.2727272727272725
993241,2018,5.909090909090909
993266,2017,2.0
993266,2018,2.25
993271,2017,2.0
993271,2018,2.0833333333333335
993328,2017,1.75
993328,2018,2.4166666666666665
993350,2018,0.0
993650,2017,1.75
993650,2018,0.9166666666666666
993986,2017,1.3333333333333333
993986,2018,0.9166666666666666
994044,2017,1.0
994044,2018,0.3333333333333333
994219,2017,0.0
994219,2018,0.16666666666666666
994225,2017,2.0
994225,2018,2.0
994285,2017,1.3333333333333333
994285,2018,0.5
994308,2017,0.0
994308,2018,1.4166666666666667
994374,2017,2.4166666666666665
994374,2018,1.6666666666666667
994377,2017,1.4166666666666667
994377,2018,2.5
994443,2017,1.25
994443,2018,1.9166666666666667
994541,2017,1.8333333333333333
994541,2018,1.25
994571,2017,1.8333333333333333
994571,2018,1.0
994609,2017,1.5
994609,2018,2.3333333333333335
994676,2017,2.3333333333333335
994676,2018,1.9166666666666667
994679,2017,0.0
994679,2018,0.75
994707,2017,0.8333333333333334
994707,2018,1.5833333333333333
994763,2017,0.75
994763,2018,0.9166666666666666
994803,2017,0.0
994803,2018,0.0
994877,2017,0.6666666666666666
994877,2018,1.6666666666666667
994940,2017,1.9166666666666667
994940,2018,2.3333333333333335
994993,2017,1.75
994993,2018,1.5
995079,2017,0.0
995079,2018,0.0
995091,2017,0.0
995091,2018,1.3333333333333333
995128,2017,1.75
995128,2018,2.0
995142,2017,1.6666666666666667
995142,2018,1.1666666666666667
995333,2017,1.3333333333333333
995333,2018,1.8333333333333333
995404,2017,0.0
995404,2018,0.0
995527,2017,1.75
995527,2018,1.5833333333333333
995662,2017,1.25
995662,2018,2.0833333333333335
995693,2017,0.0
995693,2018,0.75
995695,2017,1.3333333333333333
995695,2018,1.4166666666666667
995734,2017,1.25
995734,2018,1.5
995777,2017,2.5833333333333335
995777,2018,1.25
995812,2017,0.0
995812,2018,0.8333333333333334
995868,2017,0.0
995868,2018,0.5
995877,2017,0.0
995877,2018,1.6666666666666667
995943,2017,0.0
995943,2018,0.0
996086,2017,1.75
996086,2018,0.5833333333333334
996152,2017,0.0
996152,2018,2.0
996159,2017,0.0
996159,2018,0.0
996231,2018,0.0
996238,2017,2.3333333333333335
996238,2018,2.25
996254,2017,1.5
996254,2018,1.3333333333333333
996301,2017,0.25
996301,2018,0.0
996333,2017,2.0833333333333335
996333,2018,1.8333333333333333
996349,2017,1.5833333333333333
996349,2018,1.0833333333333333
996488,2017,1.8333333333333333
996488,2018,1.8333333333333333
996539,2017,0.9166666666666666
996539,2018,2.25
996616,2017,1.6666666666666667
996616,2018,3.0
996639,2017,1.9166666666666667
996639,2018,2.5833333333333335
996686,2017,0.9166666666666666
996686,2018,1.9166666666666667
996745,2017,2.3333333333333335
996745,2018,1.4166666666666667
996794,2017,1.0833333333333333
996794,2018,1.5833333333333333
996796,2017,2.25
996796,2018,1.4166666666666667
996896,2017,1.9166666666666667
996896,2018,1.25
996900,2017,2.0833333333333335
996900,2018,1.75
996984,2017,0.0
996984,2018,1.0
996989,2017,1.0
996989,2018,1.9166666666666667
996997,2017,2.0
996997,2018,1.75
997008,2017,0.0
997008,2018,0.0
997121,2017,0.0
997121,2018,0.9166666666666666
997189,2017,1.6666666666666667
997189,2018,1.5
997322,2017,0.0
997322,2018,0.16666666666666666
997359,2017,1.6666666666666667
997359,2018,0.5
997370,2017,1.5833333333333333
997370,2018,0.0
997395,2017,2.0
997395,2018,0.5833333333333334
997434,2017,1.75
997434,2018,2.0
997439,2017,1.25
997439,2018,2.1666666666666665
997478,2017,1.8333333333333333
997478,2018,1.3333333333333333
997539,2017,1.3333333333333333
997539,2018,1.25
997599,2017,1.0833333333333333
997599,2018,1.8333333333333333
997653,2017,0.6666666666666666
997653,2018,0.0
997654,2017,1.4166666666666667
997654,2018,1.0833333333333333
997710,2017,1.3333333333333333
997710,2018,0.0
997741,2017,0.25
997741,2018,1.1666666666666667
997857,2017,0.0
997857,2018,0.0
997912,2017,0.0
997912,2018,0.0
997945,2017,1.0833333333333333
997945,2018,2.4166666666666665
997964,2017,1.3333333333333333
997964,2018,1.5833333333333333
998061,2017,0.0
998061,2018,0.3333333333333333
998072,2017,1.9166666666666667
998072,2018,0.08333333333333333
998078,2017,1.6666666666666667
998078,2018,1.0
998085,2017,1.5
998085,2018,1.6666666666666667
998090,2017,1.25
998090,2018,1.5833333333333333
998112,2017,1.25
998112,2018,1.6666666666666667
998192,2018,4.363636363636363
998465,2017,0.8333333333333334
998465,2018,1.6666666666666667
998507,2017,0.8333333333333334
998507,2018,2.0
998580,2017,2.75
998580,2018,1.4166666666666667
998776,2017,0.0
998776,2018,1.5
998820,2017,2.0833333333333335
998820,2018,1.6666666666666667
998934,2017,1.1666666666666667
998934,2018,1.9166666666666667
998972,2017,1.9166666666666667
998972,2018,0.0
999120,2017,1.8333333333333333
999120,2018,1.4166666666666667
999143,2017,0.0
999143,2018,0.0
999272,2017,1.6666666666666667
999272,2018,2.0833333333333335
999304,2017,1.25
999304,2018,0.0
999460,2017,0.0
999460,2018,0.0
999498,2017,1.0833333333333333
999498,2018,2.25
999513,2017,1.6666666666666667
999513,2018,0.5833333333333334
999524,2017,1.9166666666666667
999524,2018,1.5
999550,2017,1.9166666666666667
999550,2018,1.3333333333333333
999589,2017,0.0
999589,2018,1.9166666666666667
999631,2017,2.5833333333333335
999631,2018,1.1666666666666667
999731,2017,1.25
999731,2018,0.0
999758,2017,0.0
999758,2018,0.3333333333333333
999788,2017,1.0
999788,2018,0.0
999891,2017,0.0
999891,2018,0.0
999902,2017,2.25
999902,2018,1.9166666666666667
999911,2017,0.0
999911,2018,0.0
999940,2017,0.5833333333333334
999940,2018,0.9166666666666666
999982,2017,0.0
999982,2018,0.5
999986,2018,3.6363636363636362
